2026/10/08 04:08:42.831, 210 MHz, 1593 MHz, 61.35 W, 400.00 W, 30, 0 %, 0x0000000000000001, 0 MiB
2026/10/08 04:08:43.840, 210 MHz, 1593 MHz, 61.03 W, 400.00 W, 30, 0 %, 0x0000000000000001, 0 MiB
2026/10/08 04:08:44.841, 210 MHz, 1593 MHz, 61.95 W, 400.00 W, 30, 0 %, 0x0000000000000001, 4 MiB
2026/10/08 04:08:45.844, 1350 MHz, 1593 MHz, 402.30 W, 400.00 W, 46, 100 %, 0x0000000000000004, 919 MiB
2026/10/08 04:08:46.845, 1335 MHz, 1593 MHz, 398.08 W, 400.00 W, 49, 100 %, 0x0000000000000004, 919 MiB
2026/10/08 04:08:47.847, 1335 MHz, 1593 MHz, 401.38 W, 400.00 W, 51, 100 %, 0x0000000000000004, 919 MiB
2026/10/08 04:08:48.849, 1335 MHz, 1593 MHz, 403.82 W, 400.00 W, 52, 100 %, 0x0000000000000004, 919 MiB
2026/10/08 04:08:49.850, 1335 MHz, 1593 MHz, 399.92 W, 400.00 W, 53, 100 %, 0x0000000000000004, 919 MiB
2026/10/08 04:08:50.851, 1335 MHz, 1593 MHz, 403.22 W, 400.00 W, 54, 100 %, 0x0000000000000004, 919 MiB
2026/10/08 04:08:51.853, 1335 MHz, 1593 MHz, 404.73 W, 400.00 W, 55, 100 %, 0x0000000000000004, 919 MiB
2026/10/08 04:08:52.854, 1335 MHz, 1593 MHz, 392.94 W, 400.00 W, 55, 100 %, 0x0000000000000004, 919 MiB
2026/10/08 04:08:53.856, 1335 MHz, 1593 MHz, 406.20 W, 400.00 W, 56, 100 %, 0x0000000000000004, 919 MiB
2026/10/08 04:08:54.857, 1320 MHz, 1593 MHz, 408.04 W, 400.00 W, 56, 100 %, 0x0000000000000004, 919 MiB
2026/10/08 04:08:55.859, 1320 MHz, 1593 MHz, 408.96 W, 400.00 W, 56, 100 %, 0x0000000000000004, 919 MiB
2026/10/08 04:08:56.860, 1320 MHz, 1593 MHz, 394.46 W, 400.00 W, 57, 100 %, 0x0000000000000004, 919 MiB
2026/10/08 04:08:57.861, 1320 MHz, 1593 MHz, 393.67 W, 400.00 W, 57, 100 %, 0x0000000000000004, 919 MiB
2026/10/08 04:08:58.863, 1320 MHz, 1593 MHz, 392.34 W, 400.00 W, 57, 100 %, 0x0000000000000004, 919 MiB
2026/10/08 04:08:59.864, 1320 MHz, 1593 MHz, 395.19 W, 400.00 W, 58, 100 %, 0x0000000000000004, 919 MiB
2026/10/08 04:09:00.865, 1320 MHz, 1593 MHz, 395.19 W, 400.00 W, 58, 100 %, 0x0000000000000004, 919 MiB
2026/10/08 04:09:01.866, 1320 MHz, 1593 MHz, 395.46 W, 400.00 W, 59, 100 %, 0x0000000000000004, 919 MiB
2026/10/08 04:09:02.868, 1320 MHz, 1593 MHz, 396.38 W, 400.00 W, 59, 100 %, 0x0000000000000004, 919 MiB
2026/10/08 04:09:03.871, 1320 MHz, 1593 MHz, 394.87 W, 400.00 W, 59, 100 %, 0x0000000000000004, 919 MiB
2026/10/08 04:09:04.873, 1320 MHz, 1593 MHz, 397.58 W, 400.00 W, 60, 100 %, 0x0000000000000004, 919 MiB
2026/10/08 04:09:05.875, 1320 MHz, 1593 MHz, 397.81 W, 400.00 W, 60, 100 %, 0x0000000000000004, 919 MiB
2026/10/08 04:09:06.876, 1320 MHz, 1593 MHz, 388.26 W, 400.00 W, 60, 100 %, 0x0000000000000004, 919 MiB
2026/10/08 04:09:07.878, 1320 MHz, 1593 MHz, 403.64 W, 400.00 W, 60, 100 %, 0x0000000000000004, 919 MiB
2026/10/08 04:09:08.879, 1320 MHz, 1593 MHz, 401.80 W, 400.00 W, 61, 100 %, 0x0000000000000004, 919 MiB
2026/10/08 04:09:09.881, 1320 MHz, 1593 MHz, 402.12 W, 400.00 W, 61, 100 %, 0x0000000000000004, 919 MiB
2026/10/08 04:09:10.883, 1305 MHz, 1593 MHz, 405.16 W, 400.00 W, 61, 100 %, 0x0000000000000004, 919 MiB
2026/10/08 04:09:11.884, 1305 MHz, 1593 MHz, 399.27 W, 400.00 W, 61, 100 %, 0x0000000000000004, 919 MiB
2026/10/08 04:09:12.886, 1305 MHz, 1593 MHz, 398.22 W, 400.00 W, 62, 100 %, 0x0000000000000004, 919 MiB
2026/10/08 04:09:13.888, 1305 MHz, 1593 MHz, 391.15 W, 400.00 W, 62, 100 %, 0x0000000000000004, 919 MiB
2026/10/08 04:09:14.889, 1305 MHz, 1593 MHz, 403.22 W, 400.00 W, 62, 100 %, 0x0000000000000004, 919 MiB
2026/10/08 04:09:15.891, 1305 MHz, 1593 MHz, 391.89 W, 400.00 W, 62, 100 %, 0x0000000000000004, 919 MiB
2026/10/08 04:09:16.893, 1320 MHz, 1593 MHz, 391.29 W, 400.00 W, 62, 100 %, 0x0000000000000004, 919 MiB
2026/10/08 04:09:17.894, 1320 MHz, 1593 MHz, 392.16 W, 400.00 W, 62, 100 %, 0x0000000000000004, 919 MiB
2026/10/08 04:09:18.896, 1305 MHz, 1593 MHz, 403.91 W, 400.00 W, 63, 100 %, 0x0000000000000004, 919 MiB
2026/10/08 04:09:19.896, 1305 MHz, 1593 MHz, 393.35 W, 400.00 W, 63, 100 %, 0x0000000000000004, 919 MiB
2026/10/08 04:09:20.898, 1305 MHz, 1593 MHz, 391.29 W, 400.00 W, 63, 100 %, 0x0000000000000004, 919 MiB
2026/10/08 04:09:21.900, 1305 MHz, 1593 MHz, 392.75 W, 400.00 W, 63, 100 %, 0x0000000000000004, 919 MiB
2026/10/08 04:09:22.902, 1305 MHz, 1593 MHz, 391.89 W, 400.00 W, 63, 100 %, 0x0000000000000004, 919 MiB
2026/10/08 04:09:23.903, 1305 MHz, 1593 MHz, 391.56 W, 400.00 W, 63, 100 %, 0x0000000000000004, 919 MiB
2026/10/08 04:09:24.905, 1305 MHz, 1593 MHz, 393.07 W, 400.00 W, 63, 100 %, 0x0000000000000004, 919 MiB
2026/10/08 04:09:25.907, 1305 MHz, 1593 MHz, 383.43 W, 400.00 W, 64, 100 %, 0x0000000000000004, 919 MiB
2026/10/08 04:09:26.908, 1305 MHz, 1593 MHz, 391.56 W, 400.00 W, 64, 100 %, 0x0000000000000004, 919 MiB
2026/10/08 04:09:27.910, 1305 MHz, 1593 MHz, 392.16 W, 400.00 W, 64, 100 %, 0x0000000000000004, 919 MiB
2026/10/08 04:09:28.912, 1305 MHz, 1593 MHz, 397.58 W, 400.00 W, 64, 100 %, 0x0000000000000004, 919 MiB
2026/10/08 04:09:29.913, 1305 MHz, 1593 MHz, 393.67 W, 400.00 W, 64, 100 %, 0x0000000000000004, 919 MiB
2026/10/08 04:09:30.915, 1305 MHz, 1593 MHz, 394.27 W, 400.00 W, 64, 100 %, 0x0000000000000004, 919 MiB
2026/10/08 04:09:31.916, 1305 MHz, 1593 MHz, 392.16 W, 400.00 W, 64, 100 %, 0x0000000000000004, 919 MiB
2026/10/08 04:09:32.918, 1320 MHz, 1593 MHz, 396.71 W, 400.00 W, 65, 100 %, 0x0000000000000004, 919 MiB
2026/10/08 04:09:33.920, 1305 MHz, 1593 MHz, 393.67 W, 400.00 W, 64, 100 %, 0x0000000000000004, 919 MiB
2026/10/08 04:09:34.921, 1305 MHz, 1593 MHz, 393.35 W, 400.00 W, 65, 100 %, 0x0000000000000004, 919 MiB
2026/10/08 04:09:35.923, 1305 MHz, 1593 MHz, 395.46 W, 400.00 W, 65, 100 %, 0x0000000000000004, 919 MiB
2026/10/08 04:09:36.925, 1320 MHz, 1593 MHz, 395.19 W, 400.00 W, 65, 100 %, 0x0000000000000004, 919 MiB
2026/10/08 04:09:37.926, 1305 MHz, 1593 MHz, 395.19 W, 400.00 W, 65, 100 %, 0x0000000000000004, 919 MiB
2026/10/08 04:09:38.928, 1305 MHz, 1593 MHz, 395.19 W, 400.00 W, 65, 100 %, 0x0000000000000004, 919 MiB
2026/10/08 04:09:39.931, 1305 MHz, 1593 MHz, 394.87 W, 400.00 W, 65, 100 %, 0x0000000000000004, 919 MiB
2026/10/08 04:09:40.933, 1305 MHz, 1593 MHz, 393.67 W, 400.00 W, 65, 100 %, 0x0000000000000004, 919 MiB
2026/10/08 04:09:41.934, 1305 MHz, 1593 MHz, 394.60 W, 400.00 W, 65, 100 %, 0x0000000000000004, 919 MiB
2026/10/08 04:09:42.936, 1305 MHz, 1593 MHz, 393.07 W, 400.00 W, 65, 100 %, 0x0000000000000004, 919 MiB
2026/10/08 04:09:43.938, 1305 MHz, 1593 MHz, 395.19 W, 400.00 W, 65, 100 %, 0x0000000000000004, 919 MiB
2026/10/08 04:09:44.938, 1305 MHz, 1593 MHz, 394.87 W, 400.00 W, 65, 100 %, 0x0000000000000004, 919 MiB
2026/10/08 04:09:45.940, 1305 MHz, 1593 MHz, 397.58 W, 400.00 W, 65, 100 %, 0x0000000000000004, 919 MiB
2026/10/08 04:09:46.941, 1305 MHz, 1593 MHz, 396.11 W, 400.00 W, 65, 100 %, 0x0000000000000004, 919 MiB
2026/10/08 04:09:47.943, 1305 MHz, 1593 MHz, 396.38 W, 400.00 W, 66, 100 %, 0x0000000000000004, 919 MiB
2026/10/08 04:09:48.945, 1305 MHz, 1593 MHz, 398.22 W, 400.00 W, 66, 100 %, 0x0000000000000004, 919 MiB
2026/10/08 04:09:49.946, 1305 MHz, 1593 MHz, 394.00 W, 400.00 W, 66, 100 %, 0x0000000000000004, 919 MiB
2026/10/08 04:09:50.948, 1305 MHz, 1593 MHz, 397.90 W, 400.00 W, 66, 100 %, 0x0000000000000004, 919 MiB
2026/10/08 04:09:51.949, 1305 MHz, 1593 MHz, 396.71 W, 400.00 W, 66, 100 %, 0x0000000000000004, 919 MiB
2026/10/08 04:09:52.951, 1305 MHz, 1593 MHz, 396.98 W, 400.00 W, 65, 100 %, 0x0000000000000004, 919 MiB
2026/10/08 04:09:53.953, 1305 MHz, 1593 MHz, 396.38 W, 400.00 W, 65, 100 %, 0x0000000000000004, 919 MiB
2026/10/08 04:09:54.954, 1305 MHz, 1593 MHz, 394.19 W, 400.00 W, 65, 100 %, 0x0000000000000004, 919 MiB
2026/10/08 04:09:55.956, 1305 MHz, 1593 MHz, 394.19 W, 400.00 W, 64, 100 %, 0x0000000000000004, 919 MiB
2026/10/08 04:09:56.958, 1320 MHz, 1593 MHz, 396.29 W, 400.00 W, 64, 100 %, 0x0000000000000004, 919 MiB
2026/10/08 04:09:57.959, 1305 MHz, 1593 MHz, 402.03 W, 400.00 W, 64, 100 %, 0x0000000000000004, 919 MiB
2026/10/08 04:09:58.961, 1320 MHz, 1593 MHz, 405.60 W, 400.00 W, 63, 100 %, 0x0000000000000004, 919 MiB
2026/10/08 04:09:59.963, 1305 MHz, 1593 MHz, 399.00 W, 400.00 W, 63, 100 %, 0x0000000000000004, 919 MiB
2026/10/08 04:10:00.964, 1320 MHz, 1593 MHz, 393.07 W, 400.00 W, 62, 100 %, 0x0000000000000004, 919 MiB
2026/10/08 04:10:01.966, 1320 MHz, 1593 MHz, 392.75 W, 400.00 W, 62, 100 %, 0x0000000000000004, 919 MiB
2026/10/08 04:10:02.968, 1305 MHz, 1593 MHz, 406.95 W, 400.00 W, 62, 100 %, 0x0000000000000004, 919 MiB
2026/10/08 04:10:04.211, 1320 MHz, 1593 MHz, 409.66 W, 400.00 W, 62, 100 %, 0x0000000000000004, 919 MiB
2026/10/08 04:10:05.213, 1305 MHz, 1593 MHz, 409.39 W, 400.00 W, 62, 100 %, 0x0000000000000004, 919 MiB
2026/10/08 04:10:06.214, 1305 MHz, 1593 MHz, 406.62 W, 400.00 W, 62, 100 %, 0x0000000000000004, 919 MiB
2026/10/08 04:10:07.216, 1305 MHz, 1593 MHz, 409.39 W, 400.00 W, 62, 100 %, 0x0000000000000004, 919 MiB
2026/10/08 04:10:08.218, 1305 MHz, 1593 MHz, 404.14 W, 400.00 W, 61, 100 %, 0x0000000000000004, 919 MiB
2026/10/08 04:10:09.218, 1305 MHz, 1593 MHz, 400.61 W, 400.00 W, 61, 100 %, 0x0000000000000004, 919 MiB
2026/10/08 04:10:10.220, 1305 MHz, 1593 MHz, 392.75 W, 400.00 W, 61, 100 %, 0x0000000000000004, 919 MiB
2026/10/08 04:10:11.222, 1305 MHz, 1593 MHz, 384.03 W, 400.00 W, 61, 100 %, 0x0000000000000004, 919 MiB
2026/10/08 04:10:12.223, 1305 MHz, 1593 MHz, 390.36 W, 400.00 W, 61, 100 %, 0x0000000000000004, 919 MiB
2026/10/08 04:10:13.225, 1305 MHz, 1593 MHz, 390.04 W, 400.00 W, 61, 100 %, 0x0000000000000004, 919 MiB
2026/10/08 04:10:14.226, 1305 MHz, 1593 MHz, 399.68 W, 400.00 W, 61, 100 %, 0x0000000000000004, 919 MiB
2026/10/08 04:10:15.228, 1305 MHz, 1593 MHz, 389.45 W, 400.00 W, 61, 100 %, 0x0000000000000004, 919 MiB
2026/10/08 04:10:16.230, 1305 MHz, 1593 MHz, 390.96 W, 400.00 W, 61, 100 %, 0x0000000000000004, 919 MiB
2026/10/08 04:10:17.233, 1305 MHz, 1593 MHz, 399.68 W, 400.00 W, 61, 100 %, 0x0000000000000004, 919 MiB
2026/10/08 04:10:18.236, 1320 MHz, 1593 MHz, 401.80 W, 400.00 W, 61, 100 %, 0x0000000000000004, 919 MiB
2026/10/08 04:10:19.238, 1305 MHz, 1593 MHz, 406.95 W, 400.00 W, 61, 100 %, 0x0000000000000004, 919 MiB
2026/10/08 04:10:20.240, 1305 MHz, 1593 MHz, 383.11 W, 400.00 W, 61, 100 %, 0x0000000000000004, 919 MiB
2026/10/08 04:10:21.241, 1305 MHz, 1593 MHz, 389.18 W, 400.00 W, 61, 100 %, 0x0000000000000004, 919 MiB
2026/10/08 04:10:22.243, 1305 MHz, 1593 MHz, 392.75 W, 400.00 W, 61, 100 %, 0x0000000000000004, 919 MiB
2026/10/08 04:10:23.245, 1320 MHz, 1593 MHz, 402.12 W, 400.00 W, 61, 100 %, 0x0000000000000004, 919 MiB
2026/10/08 04:10:24.246, 1320 MHz, 1593 MHz, 398.22 W, 400.00 W, 61, 100 %, 0x0000000000000004, 919 MiB
2026/10/08 04:10:25.248, 1320 MHz, 1593 MHz, 406.62 W, 400.00 W, 61, 100 %, 0x0000000000000004, 919 MiB
2026/10/08 04:10:26.250, 1305 MHz, 1593 MHz, 408.73 W, 400.00 W, 61, 100 %, 0x0000000000000004, 919 MiB
2026/10/08 04:10:27.251, 1305 MHz, 1593 MHz, 395.19 W, 400.00 W, 61, 100 %, 0x0000000000000004, 919 MiB
2026/10/08 04:10:28.253, 1320 MHz, 1593 MHz, 397.58 W, 400.00 W, 61, 100 %, 0x0000000000000004, 919 MiB
2026/10/08 04:10:29.254, 1320 MHz, 1593 MHz, 397.58 W, 400.00 W, 61, 100 %, 0x0000000000000004, 919 MiB
2026/10/08 04:10:30.256, 1320 MHz, 1593 MHz, 406.03 W, 400.00 W, 62, 100 %, 0x0000000000000004, 919 MiB
2026/10/08 04:10:31.258, 1320 MHz, 1593 MHz, 409.06 W, 400.00 W, 62, 100 %, 0x0000000000000004, 919 MiB
2026/10/08 04:10:32.259, 1320 MHz, 1593 MHz, 408.14 W, 400.00 W, 62, 100 %, 0x0000000000000004, 919 MiB
2026/10/08 04:10:33.261, 1320 MHz, 1593 MHz, 403.64 W, 400.00 W, 62, 100 %, 0x0000000000000004, 919 MiB
2026/10/08 04:10:34.263, 1320 MHz, 1593 MHz, 410.25 W, 400.00 W, 62, 100 %, 0x0000000000000004, 919 MiB
2026/10/08 04:10:35.264, 1320 MHz, 1593 MHz, 408.46 W, 400.00 W, 62, 100 %, 0x0000000000000004, 919 MiB
2026/10/08 04:10:36.266, 1320 MHz, 1593 MHz, 404.56 W, 400.00 W, 62, 100 %, 0x0000000000000004, 919 MiB
2026/10/08 04:10:37.268, 1320 MHz, 1593 MHz, 410.25 W, 400.00 W, 62, 100 %, 0x0000000000000004, 919 MiB
2026/10/08 04:10:38.270, 1305 MHz, 1593 MHz, 410.25 W, 400.00 W, 63, 100 %, 0x0000000000000004, 919 MiB
2026/10/08 04:10:39.272, 1320 MHz, 1593 MHz, 400.93 W, 400.00 W, 62, 100 %, 0x0000000000000004, 919 MiB
2026/10/08 04:10:40.273, 1305 MHz, 1593 MHz, 406.35 W, 400.00 W, 63, 100 %, 0x0000000000000004, 919 MiB
2026/10/08 04:10:41.275, 1305 MHz, 1593 MHz, 415.99 W, 400.00 W, 63, 100 %, 0x0000000000000004, 919 MiB
2026/10/08 04:10:42.277, 1320 MHz, 1593 MHz, 385.55 W, 400.00 W, 63, 100 %, 0x0000000000000004, 919 MiB
2026/10/08 04:10:43.279, 1320 MHz, 1593 MHz, 390.96 W, 400.00 W, 63, 100 %, 0x0000000000000004, 919 MiB
2026/10/08 04:10:44.281, 1305 MHz, 1593 MHz, 386.14 W, 400.00 W, 62, 100 %, 0x0000000000000004, 919 MiB
2026/10/08 04:10:45.282, 1305 MHz, 1593 MHz, 394.41 W, 400.00 W, 63, 100 %, 0x0000000000000004, 919 MiB
2026/10/08 04:10:46.284, 1305 MHz, 1593 MHz, 409.48 W, 400.00 W, 63, 100 %, 0x0000000000000004, 919 MiB
2026/10/08 04:10:47.285, 1320 MHz, 1593 MHz, 400.93 W, 400.00 W, 63, 100 %, 0x0000000000000004, 919 MiB
2026/10/08 04:10:48.287, 1320 MHz, 1593 MHz, 404.56 W, 400.00 W, 63, 100 %, 0x0000000000000004, 919 MiB
2026/10/08 04:10:49.288, 1305 MHz, 1593 MHz, 395.46 W, 400.00 W, 63, 100 %, 0x0000000000000004, 919 MiB
2026/10/08 04:10:50.290, 1305 MHz, 1593 MHz, 403.91 W, 400.00 W, 63, 100 %, 0x0000000000000004, 919 MiB
2026/10/08 04:10:51.291, 1305 MHz, 1593 MHz, 404.33 W, 400.00 W, 63, 100 %, 0x0000000000000004, 919 MiB
2026/10/08 04:10:52.293, 1305 MHz, 1593 MHz, 395.01 W, 400.00 W, 63, 100 %, 0x0000000000000004, 919 MiB
2026/10/08 04:10:53.295, 1305 MHz, 1593 MHz, 401.95 W, 400.00 W, 63, 100 %, 0x0000000000000004, 919 MiB
2026/10/08 04:10:54.297, 1305 MHz, 1593 MHz, 393.07 W, 400.00 W, 64, 100 %, 0x0000000000000004, 919 MiB
2026/10/08 04:10:55.298, 1305 MHz, 1593 MHz, 393.35 W, 400.00 W, 64, 100 %, 0x0000000000000004, 919 MiB
2026/10/08 04:10:56.300, 1305 MHz, 1593 MHz, 390.96 W, 400.00 W, 64, 100 %, 0x0000000000000004, 919 MiB
2026/10/08 04:10:57.302, 1305 MHz, 1593 MHz, 396.98 W, 400.00 W, 64, 100 %, 0x0000000000000004, 919 MiB
2026/10/08 04:10:58.303, 1305 MHz, 1593 MHz, 395.19 W, 400.00 W, 64, 100 %, 0x0000000000000004, 919 MiB
2026/10/08 04:10:59.305, 1305 MHz, 1593 MHz, 393.67 W, 400.00 W, 64, 100 %, 0x0000000000000004, 919 MiB
2026/10/08 04:11:00.307, 1305 MHz, 1593 MHz, 395.19 W, 400.00 W, 64, 100 %, 0x0000000000000004, 919 MiB
2026/10/08 04:11:01.309, 1305 MHz, 1593 MHz, 385.62 W, 400.00 W, 64, 100 %, 0x0000000000000004, 919 MiB
2026/10/08 04:11:02.310, 1305 MHz, 1593 MHz, 394.00 W, 400.00 W, 64, 100 %, 0x0000000000000004, 919 MiB
2026/10/08 04:11:03.312, 1305 MHz, 1593 MHz, 396.80 W, 400.00 W, 64, 100 %, 0x0000000000000004, 919 MiB
2026/10/08 04:11:04.314, 1305 MHz, 1593 MHz, 394.41 W, 400.00 W, 64, 100 %, 0x0000000000000004, 919 MiB
2026/10/08 04:11:05.315, 1305 MHz, 1593 MHz, 397.39 W, 400.00 W, 64, 100 %, 0x0000000000000004, 919 MiB
2026/10/08 04:11:06.317, 1305 MHz, 1593 MHz, 394.41 W, 400.00 W, 64, 100 %, 0x0000000000000004, 919 MiB
2026/10/08 04:11:07.319, 1305 MHz, 1593 MHz, 393.35 W, 400.00 W, 64, 100 %, 0x0000000000000004, 919 MiB
2026/10/08 04:11:08.320, 1305 MHz, 1593 MHz, 394.00 W, 400.00 W, 64, 100 %, 0x0000000000000004, 919 MiB
2026/10/08 04:11:09.322, 1305 MHz, 1593 MHz, 396.38 W, 400.00 W, 64, 100 %, 0x0000000000000004, 919 MiB
2026/10/08 04:11:10.324, 1305 MHz, 1593 MHz, 397.31 W, 400.00 W, 64, 100 %, 0x0000000000000004, 919 MiB
2026/10/08 04:11:11.325, 1305 MHz, 1593 MHz, 395.19 W, 400.00 W, 64, 100 %, 0x0000000000000004, 919 MiB
2026/10/08 04:11:12.327, 1305 MHz, 1593 MHz, 394.87 W, 400.00 W, 65, 100 %, 0x0000000000000004, 919 MiB
2026/10/08 04:11:13.329, 1305 MHz, 1593 MHz, 395.78 W, 400.00 W, 65, 100 %, 0x0000000000000004, 919 MiB
2026/10/08 04:11:14.330, 1305 MHz, 1593 MHz, 396.80 W, 400.00 W, 65, 100 %, 0x0000000000000004, 919 MiB
2026/10/08 04:11:15.332, 1395 MHz, 1593 MHz, 96.20 W, 400.00 W, 55, 75 %, 0x0000000000000004, 919 MiB
2026/10/08 04:11:16.334, 1410 MHz, 1593 MHz, 92.29 W, 400.00 W, 48, 0 %, 0x0000000000000000, 919 MiB
2026/10/08 04:11:17.345, 1140 MHz, 1593 MHz, 73.21 W, 400.00 W, 45, 0 %, 0x0000000000000000, 0 MiB
2026/10/08 04:11:18.347, 405 MHz, 1593 MHz, 72.53 W, 400.00 W, 44, 0 %, 0x0000000000000000, 0 MiB
2026/10/08 04:11:19.349, 255 MHz, 1593 MHz, 65.58 W, 400.00 W, 43, 0 %, 0x0000000000000001, 0 MiB
2026/10/08 04:11:20.351, 210 MHz, 1593 MHz, 65.33 W, 400.00 W, 42, 0 %, 0x0000000000000001, 0 MiB
2026/10/08 04:11:21.353, 210 MHz, 1593 MHz, 64.99 W, 400.00 W, 41, 0 %, 0x0000000000000001, 0 MiB
2026/10/08 04:11:22.354, 210 MHz, 1593 MHz, 64.73 W, 400.00 W, 41, 0 %, 0x0000000000000001, 0 MiB
2026/10/08 04:11:23.356, 210 MHz, 1593 MHz, 64.45 W, 400.00 W, 40, 0 %, 0x0000000000000001, 0 MiB
2026/10/08 04:11:24.358, 210 MHz, 1593 MHz, 65.06 W, 400.00 W, 40, 0 %, 0x0000000000000001, 4 MiB
2026/10/08 04:11:25.449, 1140 MHz, 1593 MHz, 70.49 W, 400.00 W, 40, 0 %, 0x0000000000000000, 425 MiB
2026/10/08 04:11:26.451, 1140 MHz, 1593 MHz, 70.17 W, 400.00 W, 39, 0 %, 0x0000000000000000, 425 MiB
2026/10/08 04:11:27.454, 1140 MHz, 1593 MHz, 70.17 W, 400.00 W, 39, 0 %, 0x0000000000000000, 425 MiB
2026/10/08 04:11:28.458, 1140 MHz, 1593 MHz, 69.82 W, 400.00 W, 38, 0 %, 0x0000000000000000, 425 MiB
2026/10/08 04:11:29.460, 1140 MHz, 1593 MHz, 69.82 W, 400.00 W, 38, 0 %, 0x0000000000000000, 425 MiB
2026/10/08 04:11:30.462, 1140 MHz, 1593 MHz, 69.49 W, 400.00 W, 38, 0 %, 0x0000000000000000, 425 MiB
2026/10/08 04:11:31.463, 1140 MHz, 1593 MHz, 69.57 W, 400.00 W, 38, 0 %, 0x0000000000000000, 425 MiB
2026/10/08 04:11:32.549, 1140 MHz, 1593 MHz, 69.57 W, 400.00 W, 37, 0 %, 0x0000000000000000, 425 MiB
2026/10/08 04:11:33.552, 1140 MHz, 1593 MHz, 69.29 W, 400.00 W, 37, 0 %, 0x0000000000000000, 425 MiB
2026/10/08 04:11:34.555, 1140 MHz, 1593 MHz, 69.29 W, 400.00 W, 37, 0 %, 0x0000000000000000, 425 MiB
2026/10/08 04:11:35.560, 1140 MHz, 1593 MHz, 69.22 W, 400.00 W, 36, 0 %, 0x0000000000000000, 425 MiB
2026/10/08 04:11:36.561, 1140 MHz, 1593 MHz, 69.29 W, 400.00 W, 36, 0 %, 0x0000000000000000, 425 MiB
2026/10/08 04:11:37.649, 1140 MHz, 1593 MHz, 68.90 W, 400.00 W, 36, 0 %, 0x0000000000000000, 425 MiB
2026/10/08 04:11:38.651, 1140 MHz, 1593 MHz, 68.90 W, 400.00 W, 36, 0 %, 0x0000000000000000, 425 MiB
2026/10/08 04:11:39.652, 1140 MHz, 1593 MHz, 68.90 W, 400.00 W, 36, 0 %, 0x0000000000000000, 425 MiB
2026/10/08 04:11:40.653, 1140 MHz, 1593 MHz, 68.57 W, 400.00 W, 35, 0 %, 0x0000000000000000, 425 MiB
2026/10/08 04:11:41.658, 1140 MHz, 1593 MHz, 68.57 W, 400.00 W, 35, 0 %, 0x0000000000000000, 425 MiB
2026/10/08 04:11:42.660, 1140 MHz, 1593 MHz, 68.57 W, 400.00 W, 35, 0 %, 0x0000000000000000, 425 MiB
2026/10/08 04:11:43.661, 1140 MHz, 1593 MHz, 68.30 W, 400.00 W, 35, 0 %, 0x0000000000000000, 425 MiB
2026/10/08 04:11:44.663, 1140 MHz, 1593 MHz, 68.30 W, 400.00 W, 35, 0 %, 0x0000000000000000, 425 MiB
2026/10/08 04:11:45.749, 1140 MHz, 1593 MHz, 68.30 W, 400.00 W, 35, 0 %, 0x0000000000000000, 425 MiB
2026/10/08 04:11:46.750, 1140 MHz, 1593 MHz, 68.30 W, 400.00 W, 35, 0 %, 0x0000000000000000, 425 MiB
2026/10/08 04:11:47.753, 1140 MHz, 1593 MHz, 68.30 W, 400.00 W, 34, 0 %, 0x0000000000000000, 425 MiB
2026/10/08 04:11:48.756, 1140 MHz, 1593 MHz, 68.30 W, 400.00 W, 34, 0 %, 0x0000000000000000, 425 MiB
2026/10/08 04:11:49.759, 1140 MHz, 1593 MHz, 67.97 W, 400.00 W, 34, 0 %, 0x0000000000000000, 425 MiB
2026/10/08 04:11:50.761, 1140 MHz, 1593 MHz, 68.04 W, 400.00 W, 34, 0 %, 0x0000000000000000, 425 MiB
2026/10/08 04:11:51.762, 1140 MHz, 1593 MHz, 67.97 W, 400.00 W, 34, 0 %, 0x0000000000000000, 425 MiB
2026/10/08 04:11:52.851, 1140 MHz, 1593 MHz, 67.97 W, 400.00 W, 34, 0 %, 0x0000000000000000, 425 MiB
2026/10/08 04:11:53.853, 1140 MHz, 1593 MHz, 67.97 W, 400.00 W, 34, 0 %, 0x0000000000000000, 425 MiB
2026/10/08 04:11:54.854, 1140 MHz, 1593 MHz, 67.97 W, 400.00 W, 34, 0 %, 0x0000000000000000, 425 MiB
2026/10/08 04:11:55.856, 1140 MHz, 1593 MHz, 68.30 W, 400.00 W, 34, 0 %, 0x0000000000000000, 425 MiB
2026/10/08 04:11:56.857, 1140 MHz, 1593 MHz, 68.30 W, 400.00 W, 34, 0 %, 0x0000000000000000, 425 MiB
2026/10/08 04:11:57.860, 1140 MHz, 1593 MHz, 67.97 W, 400.00 W, 34, 0 %, 0x0000000000000000, 425 MiB
2026/10/08 04:11:58.949, 1140 MHz, 1593 MHz, 67.97 W, 400.00 W, 34, 0 %, 0x0000000000000000, 425 MiB
2026/10/08 04:11:59.952, 1140 MHz, 1593 MHz, 67.97 W, 400.00 W, 34, 0 %, 0x0000000000000000, 425 MiB
2026/10/08 04:12:00.954, 1140 MHz, 1593 MHz, 67.97 W, 400.00 W, 33, 0 %, 0x0000000000000000, 425 MiB
2026/10/08 04:12:01.955, 1140 MHz, 1593 MHz, 67.97 W, 400.00 W, 33, 0 %, 0x0000000000000000, 425 MiB
2026/10/08 04:12:02.957, 1140 MHz, 1593 MHz, 67.70 W, 400.00 W, 33, 0 %, 0x0000000000000000, 425 MiB
2026/10/08 04:12:04.049, 1140 MHz, 1593 MHz, 67.97 W, 400.00 W, 33, 0 %, 0x0000000000000000, 425 MiB
2026/10/08 04:12:05.051, 1140 MHz, 1593 MHz, 67.70 W, 400.00 W, 33, 0 %, 0x0000000000000000, 425 MiB
2026/10/08 04:12:06.052, 1140 MHz, 1593 MHz, 67.97 W, 400.00 W, 33, 0 %, 0x0000000000000000, 425 MiB
2026/10/08 04:12:07.054, 1140 MHz, 1593 MHz, 67.70 W, 400.00 W, 33, 0 %, 0x0000000000000000, 425 MiB
2026/10/08 04:12:08.055, 1140 MHz, 1593 MHz, 67.70 W, 400.00 W, 33, 0 %, 0x0000000000000000, 425 MiB
2026/10/08 04:12:09.057, 1140 MHz, 1593 MHz, 67.70 W, 400.00 W, 33, 0 %, 0x0000000000000000, 425 MiB
2026/10/08 04:12:10.060, 1140 MHz, 1593 MHz, 67.38 W, 400.00 W, 33, 0 %, 0x0000000000000000, 425 MiB
2026/10/08 04:12:11.062, 1140 MHz, 1593 MHz, 67.38 W, 400.00 W, 33, 0 %, 0x0000000000000000, 425 MiB
2026/10/08 04:12:12.064, 1140 MHz, 1593 MHz, 67.38 W, 400.00 W, 33, 0 %, 0x0000000000000000, 425 MiB
2026/10/08 04:12:13.152, 1140 MHz, 1593 MHz, 67.45 W, 400.00 W, 33, 0 %, 0x0000000000000000, 425 MiB
2026/10/08 04:12:14.154, 1140 MHz, 1593 MHz, 67.38 W, 400.00 W, 33, 0 %, 0x0000000000000000, 425 MiB
2026/10/08 04:12:15.155, 1140 MHz, 1593 MHz, 67.38 W, 400.00 W, 33, 0 %, 0x0000000000000000, 425 MiB
2026/10/08 04:12:16.157, 1140 MHz, 1593 MHz, 67.38 W, 400.00 W, 33, 0 %, 0x0000000000000000, 425 MiB
2026/10/08 04:12:17.159, 1140 MHz, 1593 MHz, 67.38 W, 400.00 W, 33, 0 %, 0x0000000000000000, 425 MiB
2026/10/08 04:12:18.251, 1140 MHz, 1593 MHz, 67.38 W, 400.00 W, 33, 0 %, 0x0000000000000000, 425 MiB
2026/10/08 04:12:19.253, 1140 MHz, 1593 MHz, 67.70 W, 400.00 W, 33, 0 %, 0x0000000000000000, 425 MiB
2026/10/08 04:12:20.254, 1140 MHz, 1593 MHz, 67.38 W, 400.00 W, 33, 0 %, 0x0000000000000000, 425 MiB
2026/10/08 04:12:21.256, 1140 MHz, 1593 MHz, 67.38 W, 400.00 W, 33, 0 %, 0x0000000000000000, 425 MiB
2026/10/08 04:12:22.258, 1140 MHz, 1593 MHz, 68.30 W, 400.00 W, 33, 0 %, 0x0000000000000000, 425 MiB
2026/10/08 04:12:23.260, 1140 MHz, 1593 MHz, 68.30 W, 400.00 W, 33, 0 %, 0x0000000000000000, 425 MiB
2026/10/08 04:12:24.261, 1140 MHz, 1593 MHz, 68.30 W, 400.00 W, 32, 0 %, 0x0000000000000000, 425 MiB
2026/10/08 04:12:25.263, 1140 MHz, 1593 MHz, 67.97 W, 400.00 W, 32, 0 %, 0x0000000000000000, 425 MiB
2026/10/08 04:12:26.350, 1140 MHz, 1593 MHz, 68.30 W, 400.00 W, 32, 0 %, 0x0000000000000000, 425 MiB
2026/10/08 04:12:27.352, 1140 MHz, 1593 MHz, 68.30 W, 400.00 W, 32, 0 %, 0x0000000000000000, 425 MiB
2026/10/08 04:12:28.353, 1140 MHz, 1593 MHz, 67.97 W, 400.00 W, 32, 0 %, 0x0000000000000000, 425 MiB
2026/10/08 04:12:29.355, 1140 MHz, 1593 MHz, 67.97 W, 400.00 W, 32, 0 %, 0x0000000000000000, 425 MiB
2026/10/08 04:12:30.356, 1140 MHz, 1593 MHz, 67.97 W, 400.00 W, 32, 0 %, 0x0000000000000000, 425 MiB
2026/10/08 04:12:31.358, 1140 MHz, 1593 MHz, 67.97 W, 400.00 W, 32, 0 %, 0x0000000000000000, 425 MiB
2026/10/08 04:12:32.359, 1140 MHz, 1593 MHz, 67.97 W, 400.00 W, 32, 0 %, 0x0000000000000000, 425 MiB
2026/10/08 04:12:33.361, 1140 MHz, 1593 MHz, 67.97 W, 400.00 W, 32, 0 %, 0x0000000000000000, 425 MiB
2026/10/08 04:12:34.449, 1140 MHz, 1593 MHz, 67.97 W, 400.00 W, 32, 0 %, 0x0000000000000000, 425 MiB
2026/10/08 04:12:35.450, 1140 MHz, 1593 MHz, 67.97 W, 400.00 W, 32, 0 %, 0x0000000000000000, 425 MiB
2026/10/08 04:12:36.452, 1140 MHz, 1593 MHz, 67.97 W, 400.00 W, 32, 0 %, 0x0000000000000000, 425 MiB
2026/10/08 04:12:37.453, 1140 MHz, 1593 MHz, 67.97 W, 400.00 W, 32, 0 %, 0x0000000000000000, 425 MiB
2026/10/08 04:12:38.454, 1140 MHz, 1593 MHz, 67.97 W, 400.00 W, 32, 0 %, 0x0000000000000000, 425 MiB
2026/10/08 04:12:39.456, 1140 MHz, 1593 MHz, 67.97 W, 400.00 W, 32, 0 %, 0x0000000000000000, 425 MiB
2026/10/08 04:12:40.457, 1140 MHz, 1593 MHz, 68.30 W, 400.00 W, 32, 0 %, 0x0000000000000000, 425 MiB
2026/10/08 04:12:41.459, 1140 MHz, 1593 MHz, 68.30 W, 400.00 W, 32, 0 %, 0x0000000000000000, 425 MiB
2026/10/08 04:12:42.549, 1140 MHz, 1593 MHz, 67.97 W, 400.00 W, 32, 0 %, 0x0000000000000000, 425 MiB
2026/10/08 04:12:43.550, 1140 MHz, 1593 MHz, 67.97 W, 400.00 W, 32, 0 %, 0x0000000000000000, 425 MiB
2026/10/08 04:12:44.552, 1140 MHz, 1593 MHz, 67.97 W, 400.00 W, 32, 0 %, 0x0000000000000000, 425 MiB
2026/10/08 04:12:45.554, 1140 MHz, 1593 MHz, 67.97 W, 400.00 W, 32, 0 %, 0x0000000000000000, 425 MiB
2026/10/08 04:12:46.556, 1140 MHz, 1593 MHz, 67.97 W, 400.00 W, 32, 0 %, 0x0000000000000000, 425 MiB
2026/10/08 04:12:47.557, 1140 MHz, 1593 MHz, 67.97 W, 400.00 W, 32, 0 %, 0x0000000000000000, 425 MiB
2026/10/08 04:12:48.559, 1140 MHz, 1593 MHz, 67.97 W, 400.00 W, 32, 0 %, 0x0000000000000000, 425 MiB
2026/10/08 04:12:49.649, 1140 MHz, 1593 MHz, 67.97 W, 400.00 W, 32, 0 %, 0x0000000000000000, 425 MiB
2026/10/08 04:12:50.650, 1140 MHz, 1593 MHz, 67.97 W, 400.00 W, 32, 0 %, 0x0000000000000000, 425 MiB
2026/10/08 04:12:51.654, 1140 MHz, 1593 MHz, 67.97 W, 400.00 W, 32, 0 %, 0x0000000000000000, 425 MiB
2026/10/08 04:12:52.656, 1140 MHz, 1593 MHz, 67.97 W, 400.00 W, 32, 0 %, 0x0000000000000000, 425 MiB
2026/10/08 04:12:53.657, 1140 MHz, 1593 MHz, 67.70 W, 400.00 W, 32, 0 %, 0x0000000000000000, 425 MiB
2026/10/08 04:12:54.659, 1140 MHz, 1593 MHz, 67.97 W, 400.00 W, 32, 0 %, 0x0000000000000000, 425 MiB
2026/10/08 04:12:55.660, 1140 MHz, 1593 MHz, 67.97 W, 400.00 W, 32, 0 %, 0x0000000000000000, 425 MiB
2026/10/08 04:12:56.751, 1140 MHz, 1593 MHz, 67.70 W, 400.00 W, 32, 0 %, 0x0000000000000000, 425 MiB
2026/10/08 04:12:57.753, 1140 MHz, 1593 MHz, 67.97 W, 400.00 W, 32, 0 %, 0x0000000000000000, 425 MiB
2026/10/08 04:12:58.754, 1140 MHz, 1593 MHz, 67.70 W, 400.00 W, 32, 0 %, 0x0000000000000000, 425 MiB
2026/10/08 04:12:59.756, 1140 MHz, 1593 MHz, 67.70 W, 400.00 W, 32, 0 %, 0x0000000000000000, 425 MiB
2026/10/08 04:13:00.758, 1140 MHz, 1593 MHz, 67.70 W, 400.00 W, 32, 0 %, 0x0000000000000000, 425 MiB
2026/10/08 04:13:01.759, 1140 MHz, 1593 MHz, 67.97 W, 400.00 W, 32, 0 %, 0x0000000000000000, 425 MiB
2026/10/08 04:13:02.761, 1140 MHz, 1593 MHz, 67.97 W, 400.00 W, 32, 0 %, 0x0000000000000000, 425 MiB
2026/10/08 04:13:03.849, 1140 MHz, 1593 MHz, 68.30 W, 400.00 W, 31, 0 %, 0x0000000000000000, 425 MiB
2026/10/08 04:13:04.851, 1140 MHz, 1593 MHz, 67.97 W, 400.00 W, 31, 0 %, 0x0000000000000000, 425 MiB
2026/10/08 04:13:05.855, 1140 MHz, 1593 MHz, 67.97 W, 400.00 W, 31, 0 %, 0x0000000000000000, 425 MiB
2026/10/08 04:13:06.857, 1140 MHz, 1593 MHz, 67.97 W, 400.00 W, 31, 0 %, 0x0000000000000000, 425 MiB
2026/10/08 04:13:07.858, 1140 MHz, 1593 MHz, 67.97 W, 400.00 W, 31, 0 %, 0x0000000000000000, 425 MiB
2026/10/08 04:13:08.860, 1140 MHz, 1593 MHz, 67.97 W, 400.00 W, 31, 0 %, 0x0000000000000000, 425 MiB
2026/10/08 04:13:09.861, 1140 MHz, 1593 MHz, 67.97 W, 400.00 W, 31, 0 %, 0x0000000000000000, 425 MiB
2026/10/08 04:13:10.863, 1140 MHz, 1593 MHz, 67.70 W, 400.00 W, 31, 0 %, 0x0000000000000000, 425 MiB
2026/10/08 04:13:11.864, 1140 MHz, 1593 MHz, 67.97 W, 400.00 W, 31, 0 %, 0x0000000000000000, 425 MiB
2026/10/08 04:13:12.866, 1140 MHz, 1593 MHz, 67.70 W, 400.00 W, 31, 0 %, 0x0000000000000000, 425 MiB
2026/10/08 04:13:13.868, 1140 MHz, 1593 MHz, 67.97 W, 400.00 W, 31, 0 %, 0x0000000000000000, 425 MiB
2026/10/08 04:13:14.870, 1140 MHz, 1593 MHz, 67.70 W, 400.00 W, 31, 0 %, 0x0000000000000000, 425 MiB
2026/10/08 04:13:15.949, 1140 MHz, 1593 MHz, 67.70 W, 400.00 W, 31, 0 %, 0x0000000000000000, 425 MiB
2026/10/08 04:13:16.950, 1140 MHz, 1593 MHz, 67.70 W, 400.00 W, 31, 0 %, 0x0000000000000000, 425 MiB
2026/10/08 04:13:17.952, 1140 MHz, 1593 MHz, 67.38 W, 400.00 W, 31, 0 %, 0x0000000000000000, 425 MiB
2026/10/08 04:13:18.955, 1140 MHz, 1593 MHz, 67.70 W, 400.00 W, 31, 0 %, 0x0000000000000000, 425 MiB
2026/10/08 04:13:19.957, 1140 MHz, 1593 MHz, 67.70 W, 400.00 W, 31, 0 %, 0x0000000000000000, 425 MiB
2026/10/08 04:13:20.959, 1140 MHz, 1593 MHz, 67.70 W, 400.00 W, 31, 0 %, 0x0000000000000000, 425 MiB
2026/10/08 04:13:21.960, 1140 MHz, 1593 MHz, 67.38 W, 400.00 W, 31, 0 %, 0x0000000000000000, 425 MiB
2026/10/08 04:13:22.962, 1140 MHz, 1593 MHz, 67.70 W, 400.00 W, 31, 0 %, 0x0000000000000000, 425 MiB
2026/10/08 04:13:23.965, 1140 MHz, 1593 MHz, 67.70 W, 400.00 W, 31, 0 %, 0x0000000000000000, 425 MiB
2026/10/08 04:13:24.967, 1140 MHz, 1593 MHz, 67.70 W, 400.00 W, 31, 0 %, 0x0000000000000000, 425 MiB
2026/10/08 04:13:26.051, 1140 MHz, 1593 MHz, 67.97 W, 400.00 W, 31, 0 %, 0x0000000000000000, 425 MiB
2026/10/08 04:13:27.053, 1140 MHz, 1593 MHz, 67.70 W, 400.00 W, 31, 0 %, 0x0000000000000000, 425 MiB
2026/10/08 04:13:28.055, 1140 MHz, 1593 MHz, 67.70 W, 400.00 W, 31, 0 %, 0x0000000000000000, 425 MiB
2026/10/08 04:13:29.057, 1140 MHz, 1593 MHz, 67.70 W, 400.00 W, 31, 0 %, 0x0000000000000000, 425 MiB
2026/10/08 04:13:30.149, 1140 MHz, 1593 MHz, 67.38 W, 400.00 W, 31, 0 %, 0x0000000000000000, 425 MiB
2026/10/08 04:13:31.150, 1140 MHz, 1593 MHz, 67.38 W, 400.00 W, 31, 0 %, 0x0000000000000000, 425 MiB
2026/10/08 04:13:32.152, 1140 MHz, 1593 MHz, 67.70 W, 400.00 W, 31, 0 %, 0x0000000000000000, 425 MiB
2026/10/08 04:13:33.153, 1140 MHz, 1593 MHz, 67.70 W, 400.00 W, 31, 0 %, 0x0000000000000000, 425 MiB
2026/10/08 04:13:34.155, 1140 MHz, 1593 MHz, 67.38 W, 400.00 W, 31, 0 %, 0x0000000000000000, 425 MiB
2026/10/08 04:13:35.156, 1140 MHz, 1593 MHz, 67.70 W, 400.00 W, 31, 0 %, 0x0000000000000000, 425 MiB
2026/10/08 04:13:36.159, 1140 MHz, 1593 MHz, 67.38 W, 400.00 W, 31, 0 %, 0x0000000000000000, 425 MiB
2026/10/08 04:13:37.249, 1140 MHz, 1593 MHz, 67.70 W, 400.00 W, 31, 0 %, 0x0000000000000000, 425 MiB
2026/10/08 04:13:38.250, 1140 MHz, 1593 MHz, 67.70 W, 400.00 W, 31, 0 %, 0x0000000000000000, 425 MiB
2026/10/08 04:13:39.252, 1140 MHz, 1593 MHz, 67.70 W, 400.00 W, 31, 0 %, 0x0000000000000000, 425 MiB
2026/10/08 04:13:40.253, 1140 MHz, 1593 MHz, 67.70 W, 400.00 W, 31, 0 %, 0x0000000000000000, 425 MiB
2026/10/08 04:13:41.254, 1140 MHz, 1593 MHz, 67.38 W, 400.00 W, 31, 0 %, 0x0000000000000000, 425 MiB
2026/10/08 04:13:42.256, 1140 MHz, 1593 MHz, 67.38 W, 400.00 W, 31, 0 %, 0x0000000000000000, 425 MiB
2026/10/08 04:13:43.257, 1140 MHz, 1593 MHz, 67.38 W, 400.00 W, 31, 0 %, 0x0000000000000000, 425 MiB
2026/10/08 04:13:44.349, 1140 MHz, 1593 MHz, 67.38 W, 400.00 W, 31, 0 %, 0x0000000000000000, 425 MiB
2026/10/08 04:13:45.350, 1140 MHz, 1593 MHz, 67.70 W, 400.00 W, 31, 0 %, 0x0000000000000000, 425 MiB
2026/10/08 04:13:46.351, 1140 MHz, 1593 MHz, 67.70 W, 400.00 W, 31, 0 %, 0x0000000000000000, 425 MiB
2026/10/08 04:13:47.353, 1140 MHz, 1593 MHz, 67.38 W, 400.00 W, 31, 0 %, 0x0000000000000000, 425 MiB
2026/10/08 04:13:48.354, 1140 MHz, 1593 MHz, 67.70 W, 400.00 W, 31, 0 %, 0x0000000000000000, 425 MiB
2026/10/08 04:13:49.356, 1140 MHz, 1593 MHz, 67.70 W, 400.00 W, 31, 0 %, 0x0000000000000000, 425 MiB
2026/10/08 04:13:50.364, 1140 MHz, 1593 MHz, 67.70 W, 400.00 W, 31, 0 %, 0x0000000000000000, 425 MiB
2026/10/08 04:13:51.452, 1140 MHz, 1593 MHz, 67.70 W, 400.00 W, 31, 0 %, 0x0000000000000000, 425 MiB
2026/10/08 04:13:52.454, 1140 MHz, 1593 MHz, 67.70 W, 400.00 W, 31, 0 %, 0x0000000000000000, 425 MiB
2026/10/08 04:13:53.457, 1140 MHz, 1593 MHz, 67.70 W, 400.00 W, 31, 0 %, 0x0000000000000000, 425 MiB
2026/10/08 04:13:54.459, 1140 MHz, 1593 MHz, 67.38 W, 400.00 W, 31, 0 %, 0x0000000000000000, 425 MiB
2026/10/08 04:13:55.460, 1140 MHz, 1593 MHz, 67.70 W, 400.00 W, 31, 0 %, 0x0000000000000000, 425 MiB
2026/10/08 04:13:56.462, 1140 MHz, 1593 MHz, 67.70 W, 400.00 W, 31, 0 %, 0x0000000000000000, 425 MiB
2026/10/08 04:13:57.463, 1140 MHz, 1593 MHz, 67.70 W, 400.00 W, 31, 0 %, 0x0000000000000000, 425 MiB
2026/10/08 04:13:58.550, 1140 MHz, 1593 MHz, 67.70 W, 400.00 W, 31, 0 %, 0x0000000000000000, 425 MiB
2026/10/08 04:13:59.552, 1140 MHz, 1593 MHz, 67.38 W, 400.00 W, 31, 0 %, 0x0000000000000000, 425 MiB
2026/10/08 04:14:00.553, 1140 MHz, 1593 MHz, 67.70 W, 400.00 W, 31, 0 %, 0x0000000000000000, 425 MiB
2026/10/08 04:14:01.555, 1140 MHz, 1593 MHz, 67.38 W, 400.00 W, 31, 0 %, 0x0000000000000000, 425 MiB
2026/10/08 04:14:02.557, 1140 MHz, 1593 MHz, 67.70 W, 400.00 W, 31, 0 %, 0x0000000000000000, 425 MiB
2026/10/08 04:14:03.559, 1140 MHz, 1593 MHz, 67.38 W, 400.00 W, 31, 0 %, 0x0000000000000000, 425 MiB
2026/10/08 04:14:04.560, 1140 MHz, 1593 MHz, 67.38 W, 400.00 W, 31, 0 %, 0x0000000000000000, 425 MiB
2026/10/08 04:14:05.650, 1140 MHz, 1593 MHz, 67.38 W, 400.00 W, 31, 0 %, 0x0000000000000000, 425 MiB
2026/10/08 04:14:06.653, 1140 MHz, 1593 MHz, 67.70 W, 400.00 W, 31, 0 %, 0x0000000000000000, 425 MiB
2026/10/08 04:14:07.654, 1140 MHz, 1593 MHz, 67.70 W, 400.00 W, 31, 0 %, 0x0000000000000000, 425 MiB
2026/10/08 04:14:08.655, 1140 MHz, 1593 MHz, 67.70 W, 400.00 W, 31, 0 %, 0x0000000000000000, 425 MiB
2026/10/08 04:14:09.657, 1140 MHz, 1593 MHz, 67.38 W, 400.00 W, 31, 0 %, 0x0000000000000000, 425 MiB
2026/10/08 04:14:10.751, 1140 MHz, 1593 MHz, 67.70 W, 400.00 W, 31, 0 %, 0x0000000000000000, 425 MiB
2026/10/08 04:14:11.753, 1140 MHz, 1593 MHz, 68.30 W, 400.00 W, 31, 0 %, 0x0000000000000000, 425 MiB
2026/10/08 04:14:12.754, 1140 MHz, 1593 MHz, 68.30 W, 400.00 W, 31, 0 %, 0x0000000000000000, 425 MiB
2026/10/08 04:14:13.756, 1140 MHz, 1593 MHz, 67.70 W, 400.00 W, 31, 0 %, 0x0000000000000000, 425 MiB
2026/10/08 04:14:14.757, 1140 MHz, 1593 MHz, 67.70 W, 400.00 W, 31, 0 %, 0x0000000000000000, 425 MiB
2026/10/08 04:14:15.759, 1140 MHz, 1593 MHz, 67.70 W, 400.00 W, 31, 0 %, 0x0000000000000000, 425 MiB
2026/10/08 04:14:16.849, 1140 MHz, 1593 MHz, 67.70 W, 400.00 W, 31, 0 %, 0x0000000000000000, 425 MiB
2026/10/08 04:14:17.850, 1140 MHz, 1593 MHz, 67.70 W, 400.00 W, 31, 0 %, 0x0000000000000000, 425 MiB
2026/10/08 04:14:18.852, 1140 MHz, 1593 MHz, 67.70 W, 400.00 W, 31, 0 %, 0x0000000000000000, 425 MiB
2026/10/08 04:14:19.853, 1140 MHz, 1593 MHz, 67.70 W, 400.00 W, 31, 0 %, 0x0000000000000000, 425 MiB
2026/10/08 04:14:20.856, 1140 MHz, 1593 MHz, 67.97 W, 400.00 W, 31, 0 %, 0x0000000000000000, 425 MiB
2026/10/08 04:14:21.858, 1140 MHz, 1593 MHz, 67.70 W, 400.00 W, 31, 0 %, 0x0000000000000000, 425 MiB
2026/10/08 04:14:22.859, 1140 MHz, 1593 MHz, 67.38 W, 400.00 W, 31, 0 %, 0x0000000000000000, 425 MiB
2026/10/08 04:14:23.949, 1140 MHz, 1593 MHz, 67.38 W, 400.00 W, 31, 0 %, 0x0000000000000000, 425 MiB
2026/10/08 04:14:24.950, 1140 MHz, 1593 MHz, 67.38 W, 400.00 W, 31, 0 %, 0x0000000000000000, 425 MiB
2026/10/08 04:14:25.953, 1140 MHz, 1593 MHz, 67.38 W, 400.00 W, 31, 0 %, 0x0000000000000000, 425 MiB
2026/10/08 04:14:26.955, 1140 MHz, 1593 MHz, 67.70 W, 400.00 W, 31, 0 %, 0x0000000000000000, 425 MiB
2026/10/08 04:14:27.958, 1140 MHz, 1593 MHz, 67.70 W, 400.00 W, 31, 0 %, 0x0000000000000000, 425 MiB
2026/10/08 04:14:28.960, 1140 MHz, 1593 MHz, 67.31 W, 400.00 W, 31, 0 %, 0x0000000000000000, 425 MiB
2026/10/08 04:14:29.960, 1140 MHz, 1593 MHz, 67.38 W, 400.00 W, 31, 0 %, 0x0000000000000000, 425 MiB
2026/10/08 04:14:30.962, 1140 MHz, 1593 MHz, 67.38 W, 400.00 W, 31, 0 %, 0x0000000000000000, 425 MiB
2026/10/08 04:14:31.964, 1140 MHz, 1593 MHz, 67.38 W, 400.00 W, 31, 0 %, 0x0000000000000000, 425 MiB
2026/10/08 04:14:32.965, 1140 MHz, 1593 MHz, 67.38 W, 400.00 W, 31, 0 %, 0x0000000000000000, 425 MiB
2026/10/08 04:14:33.967, 1140 MHz, 1593 MHz, 67.97 W, 400.00 W, 31, 0 %, 0x0000000000000000, 425 MiB
2026/10/08 04:14:35.049, 1140 MHz, 1593 MHz, 67.70 W, 400.00 W, 31, 0 %, 0x0000000000000000, 425 MiB
2026/10/08 04:14:36.051, 1140 MHz, 1593 MHz, 67.70 W, 400.00 W, 31, 0 %, 0x0000000000000000, 425 MiB
2026/10/08 04:14:37.053, 1140 MHz, 1593 MHz, 67.70 W, 400.00 W, 31, 0 %, 0x0000000000000000, 425 MiB
2026/10/08 04:14:38.054, 1140 MHz, 1593 MHz, 67.38 W, 400.00 W, 31, 0 %, 0x0000000000000000, 425 MiB
2026/10/08 04:14:39.057, 1140 MHz, 1593 MHz, 67.31 W, 400.00 W, 31, 0 %, 0x0000000000000000, 425 MiB
2026/10/08 04:14:40.059, 1140 MHz, 1593 MHz, 67.38 W, 400.00 W, 31, 0 %, 0x0000000000000000, 425 MiB
2026/10/08 04:14:41.061, 1140 MHz, 1593 MHz, 67.70 W, 400.00 W, 31, 0 %, 0x0000000000000000, 425 MiB
2026/10/08 04:14:42.062, 1140 MHz, 1593 MHz, 67.38 W, 400.00 W, 31, 0 %, 0x0000000000000000, 425 MiB
2026/10/08 04:14:43.064, 1140 MHz, 1593 MHz, 67.97 W, 400.00 W, 31, 0 %, 0x0000000000000000, 425 MiB
2026/10/08 04:14:44.151, 1140 MHz, 1593 MHz, 67.38 W, 400.00 W, 31, 0 %, 0x0000000000000000, 425 MiB
2026/10/08 04:14:45.153, 1140 MHz, 1593 MHz, 67.38 W, 400.00 W, 31, 0 %, 0x0000000000000000, 425 MiB
2026/10/08 04:14:46.154, 1140 MHz, 1593 MHz, 67.38 W, 400.00 W, 31, 0 %, 0x0000000000000000, 425 MiB
2026/10/08 04:14:47.156, 1140 MHz, 1593 MHz, 67.38 W, 400.00 W, 31, 0 %, 0x0000000000000000, 425 MiB
2026/10/08 04:14:48.157, 1140 MHz, 1593 MHz, 67.38 W, 400.00 W, 31, 0 %, 0x0000000000000000, 425 MiB
2026/10/08 04:14:49.159, 1140 MHz, 1593 MHz, 67.97 W, 400.00 W, 31, 0 %, 0x0000000000000000, 425 MiB
2026/10/08 04:14:50.160, 1140 MHz, 1593 MHz, 67.97 W, 400.00 W, 31, 0 %, 0x0000000000000000, 425 MiB
2026/10/08 04:14:51.162, 1140 MHz, 1593 MHz, 67.97 W, 400.00 W, 31, 0 %, 0x0000000000000000, 425 MiB
2026/10/08 04:14:52.164, 1140 MHz, 1593 MHz, 67.70 W, 400.00 W, 31, 0 %, 0x0000000000000000, 425 MiB
2026/10/08 04:14:53.165, 1140 MHz, 1593 MHz, 67.70 W, 400.00 W, 31, 0 %, 0x0000000000000000, 425 MiB
2026/10/08 04:14:54.250, 1140 MHz, 1593 MHz, 67.38 W, 400.00 W, 31, 0 %, 0x0000000000000000, 425 MiB
2026/10/08 04:14:55.254, 1140 MHz, 1593 MHz, 67.97 W, 400.00 W, 31, 0 %, 0x0000000000000000, 425 MiB
2026/10/08 04:14:56.256, 1140 MHz, 1593 MHz, 67.31 W, 400.00 W, 31, 0 %, 0x0000000000000000, 425 MiB
2026/10/08 04:14:57.257, 1140 MHz, 1593 MHz, 67.38 W, 400.00 W, 31, 0 %, 0x0000000000000000, 425 MiB
2026/10/08 04:14:58.259, 1140 MHz, 1593 MHz, 67.70 W, 400.00 W, 31, 0 %, 0x0000000000000000, 425 MiB
2026/10/08 04:14:59.260, 1140 MHz, 1593 MHz, 68.30 W, 400.00 W, 31, 0 %, 0x0000000000000000, 425 MiB
2026/10/08 04:15:00.349, 1140 MHz, 1593 MHz, 67.70 W, 400.00 W, 31, 0 %, 0x0000000000000000, 425 MiB
2026/10/08 04:15:01.354, 1140 MHz, 1593 MHz, 67.38 W, 400.00 W, 31, 0 %, 0x0000000000000000, 425 MiB
2026/10/08 04:15:02.356, 1140 MHz, 1593 MHz, 67.70 W, 400.00 W, 31, 0 %, 0x0000000000000000, 425 MiB
2026/10/08 04:15:03.357, 1140 MHz, 1593 MHz, 67.63 W, 400.00 W, 31, 0 %, 0x0000000000000000, 425 MiB
2026/10/08 04:15:04.359, 1140 MHz, 1593 MHz, 67.70 W, 400.00 W, 31, 0 %, 0x0000000000000000, 425 MiB
2026/10/08 04:15:05.361, 1140 MHz, 1593 MHz, 67.38 W, 400.00 W, 31, 0 %, 0x0000000000000000, 425 MiB
2026/10/08 04:15:06.449, 1140 MHz, 1593 MHz, 67.38 W, 400.00 W, 31, 0 %, 0x0000000000000000, 425 MiB
2026/10/08 04:15:07.450, 1140 MHz, 1593 MHz, 67.70 W, 400.00 W, 31, 0 %, 0x0000000000000000, 425 MiB
2026/10/08 04:15:08.452, 1140 MHz, 1593 MHz, 67.38 W, 400.00 W, 31, 0 %, 0x0000000000000000, 425 MiB
2026/10/08 04:15:09.453, 1140 MHz, 1593 MHz, 67.97 W, 400.00 W, 31, 0 %, 0x0000000000000000, 425 MiB
2026/10/08 04:15:10.454, 1140 MHz, 1593 MHz, 67.70 W, 400.00 W, 31, 0 %, 0x0000000000000000, 425 MiB
2026/10/08 04:15:11.456, 1140 MHz, 1593 MHz, 67.70 W, 400.00 W, 31, 0 %, 0x0000000000000000, 425 MiB
2026/10/08 04:15:12.458, 1140 MHz, 1593 MHz, 67.70 W, 400.00 W, 31, 0 %, 0x0000000000000000, 425 MiB
2026/10/08 04:15:13.460, 1140 MHz, 1593 MHz, 67.38 W, 400.00 W, 31, 0 %, 0x0000000000000000, 425 MiB
2026/10/08 04:15:14.462, 1140 MHz, 1593 MHz, 67.97 W, 400.00 W, 31, 0 %, 0x0000000000000000, 425 MiB
2026/10/08 04:15:15.463, 1140 MHz, 1593 MHz, 67.97 W, 400.00 W, 31, 0 %, 0x0000000000000000, 425 MiB
2026/10/08 04:15:16.465, 1140 MHz, 1593 MHz, 67.70 W, 400.00 W, 31, 0 %, 0x0000000000000000, 425 MiB
2026/10/08 04:15:17.549, 1140 MHz, 1593 MHz, 67.38 W, 400.00 W, 31, 0 %, 0x0000000000000000, 425 MiB
2026/10/08 04:15:18.550, 1140 MHz, 1593 MHz, 67.70 W, 400.00 W, 31, 0 %, 0x0000000000000000, 425 MiB
2026/10/08 04:15:19.552, 1140 MHz, 1593 MHz, 67.70 W, 400.00 W, 31, 0 %, 0x0000000000000000, 425 MiB
2026/10/08 04:15:20.553, 1140 MHz, 1593 MHz, 67.70 W, 400.00 W, 31, 0 %, 0x0000000000000000, 425 MiB
2026/10/08 04:15:21.554, 1140 MHz, 1593 MHz, 67.70 W, 400.00 W, 31, 0 %, 0x0000000000000000, 425 MiB
2026/10/08 04:15:22.556, 1140 MHz, 1593 MHz, 67.70 W, 400.00 W, 31, 0 %, 0x0000000000000000, 425 MiB
2026/10/08 04:15:23.557, 1140 MHz, 1593 MHz, 67.70 W, 400.00 W, 31, 0 %, 0x0000000000000000, 425 MiB
2026/10/08 04:15:24.559, 1140 MHz, 1593 MHz, 67.70 W, 400.00 W, 31, 0 %, 0x0000000000000000, 425 MiB
2026/10/08 04:15:25.560, 1140 MHz, 1593 MHz, 67.70 W, 400.00 W, 31, 0 %, 0x0000000000000000, 425 MiB
2026/10/08 04:15:26.562, 1140 MHz, 1593 MHz, 67.70 W, 400.00 W, 31, 0 %, 0x0000000000000000, 425 MiB
2026/10/08 04:15:27.564, 1140 MHz, 1593 MHz, 67.70 W, 400.00 W, 31, 0 %, 0x0000000000000000, 425 MiB
2026/10/08 04:15:28.651, 1140 MHz, 1593 MHz, 67.70 W, 400.00 W, 31, 0 %, 0x0000000000000000, 425 MiB
2026/10/08 04:15:29.653, 1140 MHz, 1593 MHz, 67.70 W, 400.00 W, 31, 0 %, 0x0000000000000000, 425 MiB
2026/10/08 04:15:30.654, 1140 MHz, 1593 MHz, 67.38 W, 400.00 W, 31, 0 %, 0x0000000000000000, 425 MiB
2026/10/08 04:15:31.656, 1140 MHz, 1593 MHz, 67.38 W, 400.00 W, 31, 0 %, 0x0000000000000000, 425 MiB
2026/10/08 04:15:32.658, 1140 MHz, 1593 MHz, 67.38 W, 400.00 W, 31, 0 %, 0x0000000000000000, 425 MiB
2026/10/08 04:15:33.659, 1140 MHz, 1593 MHz, 67.38 W, 400.00 W, 31, 0 %, 0x0000000000000000, 425 MiB
2026/10/08 04:15:34.749, 1140 MHz, 1593 MHz, 67.38 W, 400.00 W, 31, 0 %, 0x0000000000000000, 425 MiB
2026/10/08 04:15:35.752, 1140 MHz, 1593 MHz, 67.70 W, 400.00 W, 31, 0 %, 0x0000000000000000, 425 MiB
2026/10/08 04:15:36.754, 1140 MHz, 1593 MHz, 67.38 W, 400.00 W, 31, 0 %, 0x0000000000000000, 425 MiB
2026/10/08 04:15:37.757, 1140 MHz, 1593 MHz, 67.38 W, 400.00 W, 31, 0 %, 0x0000000000000000, 425 MiB
2026/10/08 04:15:38.759, 1140 MHz, 1593 MHz, 67.70 W, 400.00 W, 31, 0 %, 0x0000000000000000, 425 MiB
2026/10/08 04:15:39.849, 1140 MHz, 1593 MHz, 67.31 W, 400.00 W, 31, 0 %, 0x0000000000000000, 425 MiB
2026/10/08 04:15:40.850, 1140 MHz, 1593 MHz, 67.38 W, 400.00 W, 31, 0 %, 0x0000000000000000, 425 MiB
2026/10/08 04:15:41.852, 1140 MHz, 1593 MHz, 67.31 W, 400.00 W, 31, 0 %, 0x0000000000000000, 425 MiB
2026/10/08 04:15:42.854, 1140 MHz, 1593 MHz, 67.38 W, 400.00 W, 31, 0 %, 0x0000000000000000, 425 MiB
2026/10/08 04:15:43.855, 1140 MHz, 1593 MHz, 68.30 W, 400.00 W, 31, 0 %, 0x0000000000000000, 425 MiB
2026/10/08 04:15:44.856, 1140 MHz, 1593 MHz, 67.70 W, 400.00 W, 31, 0 %, 0x0000000000000000, 425 MiB
2026/10/08 04:15:45.858, 1140 MHz, 1593 MHz, 67.70 W, 400.00 W, 31, 0 %, 0x0000000000000000, 425 MiB
2026/10/08 04:15:46.859, 1140 MHz, 1593 MHz, 67.70 W, 400.00 W, 31, 0 %, 0x0000000000000000, 425 MiB
2026/10/08 04:15:47.949, 1140 MHz, 1593 MHz, 67.38 W, 400.00 W, 31, 0 %, 0x0000000000000000, 425 MiB
2026/10/08 04:15:48.950, 1140 MHz, 1593 MHz, 67.38 W, 400.00 W, 31, 0 %, 0x0000000000000000, 425 MiB
2026/10/08 04:15:49.952, 1140 MHz, 1593 MHz, 67.97 W, 400.00 W, 31, 9 %, 0x0000000000000000, 1119 MiB
2026/10/08 04:15:50.954, 1140 MHz, 1593 MHz, 67.70 W, 400.00 W, 31, 6 %, 0x0000000000000000, 2981 MiB
2026/10/08 04:15:51.955, 1140 MHz, 1593 MHz, 67.38 W, 400.00 W, 31, 0 %, 0x0000000000000000, 4083 MiB
2026/10/08 04:15:52.957, 1140 MHz, 1593 MHz, 67.31 W, 400.00 W, 31, 0 %, 0x0000000000000000, 4083 MiB
2026/10/08 04:15:53.958, 1140 MHz, 1593 MHz, 67.97 W, 400.00 W, 31, 0 %, 0x0000000000000000, 4083 MiB
2026/10/08 04:15:54.960, 1140 MHz, 1593 MHz, 67.38 W, 400.00 W, 31, 0 %, 0x0000000000000000, 4083 MiB
2026/10/08 04:15:55.961, 1140 MHz, 1593 MHz, 67.70 W, 400.00 W, 31, 0 %, 0x0000000000000000, 4083 MiB
2026/10/08 04:15:56.963, 1140 MHz, 1593 MHz, 67.38 W, 400.00 W, 31, 0 %, 0x0000000000000000, 4083 MiB
2026/10/08 04:15:57.964, 1140 MHz, 1593 MHz, 67.38 W, 400.00 W, 31, 0 %, 0x0000000000000000, 4083 MiB
2026/10/08 04:15:58.966, 1140 MHz, 1593 MHz, 67.97 W, 400.00 W, 31, 0 %, 0x0000000000000000, 4083 MiB
2026/10/08 04:16:00.052, 1140 MHz, 1593 MHz, 67.97 W, 400.00 W, 31, 0 %, 0x0000000000000000, 4083 MiB
2026/10/08 04:16:01.054, 1140 MHz, 1593 MHz, 67.97 W, 400.00 W, 31, 0 %, 0x0000000000000000, 4083 MiB
2026/10/08 04:16:02.055, 1140 MHz, 1593 MHz, 67.97 W, 400.00 W, 31, 0 %, 0x0000000000000000, 4083 MiB
2026/10/08 04:16:03.057, 1140 MHz, 1593 MHz, 67.70 W, 400.00 W, 31, 0 %, 0x0000000000000000, 4083 MiB
2026/10/08 04:16:04.059, 1140 MHz, 1593 MHz, 68.30 W, 400.00 W, 31, 3 %, 0x0000000000000000, 6513 MiB
2026/10/08 04:16:05.060, 1140 MHz, 1593 MHz, 67.38 W, 400.00 W, 31, 0 %, 0x0000000000000000, 6513 MiB
2026/10/08 04:16:06.062, 1140 MHz, 1593 MHz, 68.30 W, 400.00 W, 31, 0 %, 0x0000000000000000, 6513 MiB
2026/10/08 04:16:07.063, 1140 MHz, 1593 MHz, 68.30 W, 400.00 W, 31, 0 %, 0x0000000000000000, 6513 MiB
2026/10/08 04:16:08.065, 1140 MHz, 1593 MHz, 67.90 W, 400.00 W, 31, 0 %, 0x0000000000000000, 6513 MiB
2026/10/08 04:16:09.066, 1140 MHz, 1593 MHz, 67.97 W, 400.00 W, 31, 0 %, 0x0000000000000000, 7107 MiB
2026/10/08 04:16:10.068, 1380 MHz, 1593 MHz, 390.64 W, 400.00 W, 40, 7 %, 0x0000000000000004, 11833 MiB
2026/10/08 04:16:11.070, 1395 MHz, 1593 MHz, 394.00 W, 400.00 W, 47, 100 %, 0x0000000000000004, 11833 MiB
2026/10/08 04:16:12.072, 1380 MHz, 1593 MHz, 411.07 W, 400.00 W, 49, 100 %, 0x0000000000000004, 11833 MiB
2026/10/08 04:16:13.074, 1380 MHz, 1593 MHz, 409.23 W, 400.00 W, 50, 100 %, 0x0000000000000004, 11833 MiB
2026/10/08 04:16:14.075, 1380 MHz, 1593 MHz, 400.93 W, 400.00 W, 51, 100 %, 0x0000000000000004, 11833 MiB
2026/10/08 04:16:15.077, 1380 MHz, 1593 MHz, 394.78 W, 400.00 W, 52, 100 %, 0x0000000000000004, 11833 MiB
2026/10/08 04:16:16.079, 1380 MHz, 1593 MHz, 401.53 W, 400.00 W, 52, 100 %, 0x0000000000000004, 11833 MiB
2026/10/08 04:16:17.081, 1395 MHz, 1593 MHz, 402.45 W, 400.00 W, 53, 100 %, 0x0000000000000004, 11833 MiB
2026/10/08 04:16:18.082, 1380 MHz, 1593 MHz, 402.30 W, 400.00 W, 53, 100 %, 0x0000000000000004, 11833 MiB
2026/10/08 04:16:19.084, 1380 MHz, 1593 MHz, 400.02 W, 400.00 W, 54, 100 %, 0x0000000000000004, 11833 MiB
2026/10/08 04:16:20.085, 1395 MHz, 1593 MHz, 347.84 W, 400.00 W, 54, 100 %, 0x0000000000000004, 14493 MiB
2026/10/08 04:16:21.087, 1395 MHz, 1593 MHz, 383.71 W, 400.00 W, 55, 100 %, 0x0000000000000004, 14493 MiB
2026/10/08 04:16:22.089, 1380 MHz, 1593 MHz, 401.53 W, 400.00 W, 55, 100 %, 0x0000000000000004, 14493 MiB
2026/10/08 04:16:23.091, 1380 MHz, 1593 MHz, 395.19 W, 400.00 W, 56, 100 %, 0x0000000000000004, 14493 MiB
2026/10/08 04:16:24.092, 1365 MHz, 1593 MHz, 388.26 W, 400.00 W, 56, 100 %, 0x0000000000000004, 17413 MiB
2026/10/08 04:16:25.094, 1365 MHz, 1593 MHz, 375.25 W, 400.00 W, 56, 100 %, 0x0000000000000004, 17413 MiB
2026/10/08 04:16:26.095, 1380 MHz, 1593 MHz, 398.49 W, 400.00 W, 57, 100 %, 0x0000000000000004, 17413 MiB
2026/10/08 04:16:27.097, 1395 MHz, 1593 MHz, 372.54 W, 400.00 W, 56, 100 %, 0x0000000000000004, 17413 MiB
2026/10/08 04:16:28.099, 1380 MHz, 1593 MHz, 396.89 W, 400.00 W, 58, 100 %, 0x0000000000000004, 17413 MiB
2026/10/08 04:16:29.101, 1365 MHz, 1593 MHz, 390.64 W, 400.00 W, 58, 100 %, 0x0000000000000004, 17413 MiB
2026/10/08 04:16:30.102, 1365 MHz, 1593 MHz, 405.93 W, 400.00 W, 58, 100 %, 0x0000000000000004, 17413 MiB
2026/10/08 04:16:31.104, 1365 MHz, 1593 MHz, 408.73 W, 400.00 W, 58, 100 %, 0x0000000000000004, 17413 MiB
2026/10/08 04:16:32.106, 1380 MHz, 1593 MHz, 396.11 W, 400.00 W, 59, 100 %, 0x0000000000000004, 17413 MiB
2026/10/08 04:16:33.107, 1350 MHz, 1593 MHz, 388.26 W, 400.00 W, 59, 100 %, 0x0000000000000004, 17413 MiB
2026/10/08 04:16:34.109, 1395 MHz, 1593 MHz, 378.01 W, 400.00 W, 59, 100 %, 0x0000000000000004, 17413 MiB
2026/10/08 04:16:35.111, 1380 MHz, 1593 MHz, 391.89 W, 400.00 W, 59, 100 %, 0x0000000000000004, 17413 MiB
2026/10/08 04:16:36.112, 1380 MHz, 1593 MHz, 393.35 W, 400.00 W, 59, 100 %, 0x0000000000000004, 17413 MiB
2026/10/08 04:16:37.115, 1365 MHz, 1593 MHz, 388.85 W, 400.00 W, 60, 100 %, 0x0000000000000004, 17413 MiB
2026/10/08 04:16:38.118, 1365 MHz, 1593 MHz, 401.20 W, 400.00 W, 59, 100 %, 0x0000000000000004, 17413 MiB
2026/10/08 04:16:39.120, 1380 MHz, 1593 MHz, 407.54 W, 400.00 W, 60, 100 %, 0x0000000000000004, 17413 MiB
2026/10/08 04:16:40.122, 1350 MHz, 1593 MHz, 406.53 W, 400.00 W, 60, 100 %, 0x0000000000000004, 17413 MiB
2026/10/08 04:16:41.123, 1395 MHz, 1593 MHz, 370.16 W, 400.00 W, 60, 100 %, 0x0000000000000004, 17413 MiB
2026/10/08 04:16:42.125, 1380 MHz, 1593 MHz, 398.82 W, 400.00 W, 60, 100 %, 0x0000000000000004, 17413 MiB
2026/10/08 04:16:43.127, 1350 MHz, 1593 MHz, 414.64 W, 400.00 W, 60, 100 %, 0x0000000000000004, 17413 MiB
2026/10/08 04:16:44.128, 1365 MHz, 1593 MHz, 400.34 W, 400.00 W, 61, 100 %, 0x0000000000000004, 17413 MiB
2026/10/08 04:16:45.130, 1395 MHz, 1593 MHz, 287.15 W, 400.00 W, 58, 91 %, 0x0000000000000004, 17417 MiB
2026/10/08 04:16:46.132, 1410 MHz, 1593 MHz, 346.91 W, 400.00 W, 57, 88 %, 0x0000000000000000, 17417 MiB
2026/10/08 04:16:47.133, 1395 MHz, 1593 MHz, 410.15 W, 400.00 W, 56, 91 %, 0x0000000000000004, 17417 MiB
2026/10/08 04:16:48.135, 1410 MHz, 1593 MHz, 257.89 W, 400.00 W, 58, 91 %, 0x0000000000000000, 17417 MiB
2026/10/08 04:16:49.137, 1410 MHz, 1593 MHz, 353.85 W, 400.00 W, 58, 88 %, 0x0000000000000000, 17417 MiB
2026/10/08 04:16:50.138, 1395 MHz, 1593 MHz, 411.17 W, 400.00 W, 58, 91 %, 0x0000000000000004, 17417 MiB
2026/10/08 04:16:51.140, 1410 MHz, 1593 MHz, 251.55 W, 400.00 W, 57, 91 %, 0x0000000000000000, 17417 MiB
2026/10/08 04:16:52.141, 1395 MHz, 1593 MHz, 356.56 W, 400.00 W, 58, 87 %, 0x0000000000000004, 17417 MiB
2026/10/08 04:16:53.143, 1410 MHz, 1593 MHz, 407.27 W, 400.00 W, 59, 91 %, 0x0000000000000000, 17417 MiB
2026/10/08 04:16:54.145, 1395 MHz, 1593 MHz, 232.84 W, 400.00 W, 58, 91 %, 0x0000000000000004, 17417 MiB
2026/10/08 04:16:55.147, 1410 MHz, 1593 MHz, 332.45 W, 400.00 W, 58, 87 %, 0x0000000000000000, 17417 MiB
2026/10/08 04:16:56.148, 1395 MHz, 1593 MHz, 408.14 W, 400.00 W, 58, 91 %, 0x0000000000000000, 17417 MiB
2026/10/08 04:16:57.150, 1395 MHz, 1593 MHz, 272.38 W, 400.00 W, 59, 91 %, 0x0000000000000004, 17417 MiB
2026/10/08 04:16:58.151, 1410 MHz, 1593 MHz, 344.80 W, 400.00 W, 57, 87 %, 0x0000000000000000, 17417 MiB
2026/10/08 04:16:59.153, 1395 MHz, 1593 MHz, 409.98 W, 400.00 W, 57, 91 %, 0x0000000000000004, 17417 MiB
2026/10/08 04:17:00.155, 1410 MHz, 1593 MHz, 257.57 W, 400.00 W, 58, 91 %, 0x0000000000000000, 17417 MiB
2026/10/08 04:17:01.157, 1395 MHz, 1593 MHz, 348.11 W, 400.00 W, 58, 91 %, 0x0000000000000004, 17417 MiB
2026/10/08 04:17:02.158, 1395 MHz, 1593 MHz, 411.17 W, 400.00 W, 57, 88 %, 0x0000000000000004, 17417 MiB
2026/10/08 04:17:03.160, 1410 MHz, 1593 MHz, 410.57 W, 400.00 W, 60, 100 %, 0x0000000000000000, 9321 MiB
2026/10/08 04:17:04.161, 1410 MHz, 1593 MHz, 93.11 W, 400.00 W, 49, 7 %, 0x0000000000000000, 9321 MiB
2026/10/08 04:17:05.249, 1410 MHz, 1593 MHz, 90.67 W, 400.00 W, 46, 0 %, 0x0000000000000000, 5237 MiB
2026/10/08 04:17:06.250, 1410 MHz, 1593 MHz, 90.07 W, 400.00 W, 44, 0 %, 0x0000000000000000, 5237 MiB
2026/10/08 04:17:07.252, 1140 MHz, 1593 MHz, 71.61 W, 400.00 W, 43, 0 %, 0x0000000000000000, 5237 MiB
2026/10/08 04:17:08.255, 1140 MHz, 1593 MHz, 71.34 W, 400.00 W, 42, 0 %, 0x0000000000000000, 5237 MiB
2026/10/08 04:17:09.257, 1380 MHz, 1593 MHz, 368.92 W, 400.00 W, 52, 100 %, 0x0000000000000004, 10915 MiB
2026/10/08 04:17:10.260, 1380 MHz, 1593 MHz, 375.90 W, 400.00 W, 58, 100 %, 0x0000000000000004, 10955 MiB
2026/10/08 04:17:11.261, 1365 MHz, 1593 MHz, 402.12 W, 400.00 W, 58, 100 %, 0x0000000000000004, 11009 MiB
2026/10/08 04:17:12.271, 1365 MHz, 1593 MHz, 396.11 W, 400.00 W, 59, 100 %, 0x0000000000000004, 13961 MiB
2026/10/08 04:17:13.272, 1380 MHz, 1593 MHz, 396.11 W, 400.00 W, 60, 100 %, 0x0000000000000004, 13961 MiB
2026/10/08 04:17:14.274, 1350 MHz, 1593 MHz, 396.71 W, 400.00 W, 60, 100 %, 0x0000000000000004, 13961 MiB
2026/10/08 04:17:15.276, 1365 MHz, 1593 MHz, 410.25 W, 400.00 W, 60, 100 %, 0x0000000000000004, 13961 MiB
2026/10/08 04:17:16.278, 1365 MHz, 1593 MHz, 389.25 W, 400.00 W, 60, 100 %, 0x0000000000000004, 13961 MiB
2026/10/08 04:17:17.279, 1365 MHz, 1593 MHz, 402.12 W, 400.00 W, 61, 100 %, 0x0000000000000004, 13961 MiB
2026/10/08 04:17:18.281, 1350 MHz, 1593 MHz, 377.37 W, 400.00 W, 60, 100 %, 0x0000000000000004, 13961 MiB
2026/10/08 04:17:19.283, 1395 MHz, 1593 MHz, 367.72 W, 400.00 W, 60, 100 %, 0x0000000000000004, 13961 MiB
2026/10/08 04:17:20.285, 1365 MHz, 1593 MHz, 394.27 W, 400.00 W, 61, 100 %, 0x0000000000000004, 13961 MiB
2026/10/08 04:17:21.286, 1350 MHz, 1593 MHz, 408.46 W, 400.00 W, 61, 100 %, 0x0000000000000004, 13961 MiB
2026/10/08 04:17:22.288, 1350 MHz, 1593 MHz, 404.24 W, 400.00 W, 61, 100 %, 0x0000000000000004, 13961 MiB
2026/10/08 04:17:23.290, 1365 MHz, 1593 MHz, 397.31 W, 400.00 W, 62, 100 %, 0x0000000000000004, 13961 MiB
2026/10/08 04:17:24.292, 1365 MHz, 1593 MHz, 392.16 W, 400.00 W, 62, 100 %, 0x0000000000000004, 13961 MiB
2026/10/08 04:17:25.293, 1365 MHz, 1593 MHz, 395.19 W, 400.00 W, 62, 100 %, 0x0000000000000004, 13961 MiB
2026/10/08 04:17:26.295, 1395 MHz, 1593 MHz, 378.29 W, 400.00 W, 61, 100 %, 0x0000000000000000, 13961 MiB
2026/10/08 04:17:27.297, 1365 MHz, 1593 MHz, 394.87 W, 400.00 W, 62, 100 %, 0x0000000000000004, 13961 MiB
2026/10/08 04:17:28.298, 1350 MHz, 1593 MHz, 392.16 W, 400.00 W, 62, 100 %, 0x0000000000000004, 13961 MiB
2026/10/08 04:17:29.300, 1365 MHz, 1593 MHz, 386.14 W, 400.00 W, 62, 100 %, 0x0000000000000004, 13961 MiB
2026/10/08 04:17:30.302, 1350 MHz, 1593 MHz, 394.00 W, 400.00 W, 62, 100 %, 0x0000000000000004, 13961 MiB
2026/10/08 04:17:31.304, 1380 MHz, 1593 MHz, 404.24 W, 400.00 W, 63, 100 %, 0x0000000000000004, 13961 MiB
2026/10/08 04:17:32.305, 1365 MHz, 1593 MHz, 394.00 W, 400.00 W, 63, 100 %, 0x0000000000000004, 13961 MiB
2026/10/08 04:17:33.307, 1395 MHz, 1593 MHz, 356.89 W, 400.00 W, 64, 100 %, 0x0000000000000004, 13961 MiB
2026/10/08 04:17:34.309, 1365 MHz, 1593 MHz, 390.64 W, 400.00 W, 63, 100 %, 0x0000000000000004, 13961 MiB
2026/10/08 04:17:35.311, 1365 MHz, 1593 MHz, 399.09 W, 400.00 W, 63, 100 %, 0x0000000000000004, 13961 MiB
2026/10/08 04:17:36.313, 1365 MHz, 1593 MHz, 382.84 W, 400.00 W, 63, 100 %, 0x0000000000000004, 13961 MiB
2026/10/08 04:17:37.314, 1350 MHz, 1593 MHz, 391.89 W, 400.00 W, 63, 100 %, 0x0000000000000004, 13961 MiB
2026/10/08 04:17:38.316, 1350 MHz, 1593 MHz, 407.54 W, 400.00 W, 63, 100 %, 0x0000000000000004, 13961 MiB
2026/10/08 04:17:39.318, 1365 MHz, 1593 MHz, 402.45 W, 400.00 W, 63, 100 %, 0x0000000000000004, 13961 MiB
2026/10/08 04:17:40.319, 1380 MHz, 1593 MHz, 380.72 W, 400.00 W, 63, 100 %, 0x0000000000000004, 13961 MiB
2026/10/08 04:17:41.321, 1365 MHz, 1593 MHz, 400.34 W, 400.00 W, 64, 100 %, 0x0000000000000004, 13961 MiB
2026/10/08 04:17:42.322, 1350 MHz, 1593 MHz, 407.54 W, 400.00 W, 63, 100 %, 0x0000000000000004, 13961 MiB
2026/10/08 04:17:43.324, 1350 MHz, 1593 MHz, 415.08 W, 400.00 W, 64, 100 %, 0x0000000000000004, 13961 MiB
2026/10/08 04:17:44.326, 1395 MHz, 1593 MHz, 390.96 W, 400.00 W, 61, 90 %, 0x0000000000000000, 13961 MiB
2026/10/08 04:17:45.327, 1395 MHz, 1593 MHz, 415.40 W, 400.00 W, 61, 90 %, 0x0000000000000004, 13961 MiB
2026/10/08 04:17:46.329, 1395 MHz, 1593 MHz, 251.21 W, 400.00 W, 61, 92 %, 0x0000000000000004, 13961 MiB
2026/10/08 04:17:47.331, 1395 MHz, 1593 MHz, 360.79 W, 400.00 W, 59, 90 %, 0x0000000000000004, 13961 MiB
2026/10/08 04:17:48.332, 1395 MHz, 1593 MHz, 414.64 W, 400.00 W, 59, 91 %, 0x0000000000000004, 13961 MiB
2026/10/08 04:17:49.334, 1410 MHz, 1593 MHz, 233.71 W, 400.00 W, 60, 92 %, 0x0000000000000000, 13961 MiB
2026/10/08 04:17:50.335, 1395 MHz, 1593 MHz, 385.82 W, 400.00 W, 59, 92 %, 0x0000000000000004, 13961 MiB
2026/10/08 04:17:51.339, 1395 MHz, 1593 MHz, 285.99 W, 400.00 W, 58, 91 %, 0x0000000000000000, 13961 MiB
2026/10/08 04:17:52.341, 1410 MHz, 1593 MHz, 343.01 W, 400.00 W, 58, 92 %, 0x0000000000000000, 13961 MiB
2026/10/08 04:17:53.343, 1395 MHz, 1593 MHz, 411.50 W, 400.00 W, 59, 87 %, 0x0000000000000004, 13961 MiB
2026/10/08 04:17:54.345, 1410 MHz, 1593 MHz, 245.47 W, 400.00 W, 57, 92 %, 0x0000000000000000, 13961 MiB
2026/10/08 04:17:55.347, 1395 MHz, 1593 MHz, 371.02 W, 400.00 W, 57, 92 %, 0x0000000000000004, 13961 MiB
2026/10/08 04:17:56.349, 1410 MHz, 1593 MHz, 405.16 W, 400.00 W, 57, 89 %, 0x0000000000000000, 13961 MiB
2026/10/08 04:17:57.350, 1395 MHz, 1593 MHz, 253.34 W, 400.00 W, 55, 92 %, 0x0000000000000004, 13961 MiB
2026/10/08 04:17:58.352, 1410 MHz, 1593 MHz, 362.30 W, 400.00 W, 56, 90 %, 0x0000000000000000, 13961 MiB
2026/10/08 04:17:59.354, 1410 MHz, 1593 MHz, 411.77 W, 400.00 W, 56, 91 %, 0x0000000000000000, 13961 MiB
2026/10/08 04:18:00.355, 1410 MHz, 1593 MHz, 249.43 W, 400.00 W, 55, 92 %, 0x0000000000000000, 13961 MiB
2026/10/08 04:18:01.357, 1410 MHz, 1593 MHz, 396.71 W, 400.00 W, 55, 87 %, 0x0000000000000000, 9851 MiB
2026/10/08 04:18:02.359, 1410 MHz, 1593 MHz, 398.49 W, 400.00 W, 57, 100 %, 0x0000000000000000, 10893 MiB
2026/10/08 04:18:03.361, 1410 MHz, 1593 MHz, 89.15 W, 400.00 W, 44, 0 %, 0x0000000000000000, 5355 MiB
2026/10/08 04:18:04.449, 1410 MHz, 1593 MHz, 87.63 W, 400.00 W, 42, 0 %, 0x0000000000000000, 5355 MiB
2026/10/08 04:18:05.451, 1140 MHz, 1593 MHz, 70.42 W, 400.00 W, 40, 0 %, 0x0000000000000000, 5355 MiB
2026/10/08 04:18:06.453, 1140 MHz, 1593 MHz, 70.09 W, 400.00 W, 39, 0 %, 0x0000000000000000, 5355 MiB
2026/10/08 04:18:07.456, 1140 MHz, 1593 MHz, 69.82 W, 400.00 W, 38, 0 %, 0x0000000000000000, 5355 MiB
2026/10/08 04:18:08.458, 1380 MHz, 1593 MHz, 389.77 W, 400.00 W, 53, 100 %, 0x0000000000000004, 13407 MiB
2026/10/08 04:18:09.460, 1380 MHz, 1593 MHz, 402.72 W, 400.00 W, 55, 100 %, 0x0000000000000004, 13459 MiB
2026/10/08 04:18:10.461, 1365 MHz, 1593 MHz, 387.93 W, 400.00 W, 55, 100 %, 0x0000000000000004, 13515 MiB
2026/10/08 04:18:11.463, 1335 MHz, 1593 MHz, 368.43 W, 400.00 W, 56, 100 %, 0x0000000000000004, 13527 MiB
2026/10/08 04:18:12.465, 1380 MHz, 1593 MHz, 398.22 W, 400.00 W, 56, 100 %, 0x0000000000000004, 13527 MiB
2026/10/08 04:18:13.467, 1365 MHz, 1593 MHz, 395.19 W, 400.00 W, 56, 100 %, 0x0000000000000004, 13527 MiB
2026/10/08 04:18:14.468, 1365 MHz, 1593 MHz, 399.42 W, 400.00 W, 57, 100 %, 0x0000000000000004, 13527 MiB
2026/10/08 04:18:15.470, 1365 MHz, 1593 MHz, 400.34 W, 400.00 W, 57, 100 %, 0x0000000000000004, 13527 MiB
2026/10/08 04:18:16.472, 1365 MHz, 1593 MHz, 415.40 W, 400.00 W, 58, 100 %, 0x0000000000000004, 13527 MiB
2026/10/08 04:18:17.473, 1365 MHz, 1593 MHz, 402.45 W, 400.00 W, 57, 100 %, 0x0000000000000004, 13527 MiB
2026/10/08 04:18:18.475, 1365 MHz, 1593 MHz, 374.39 W, 400.00 W, 58, 100 %, 0x0000000000000004, 13527 MiB
2026/10/08 04:18:19.477, 1380 MHz, 1593 MHz, 403.05 W, 400.00 W, 58, 100 %, 0x0000000000000004, 13527 MiB
2026/10/08 04:18:20.479, 1365 MHz, 1593 MHz, 401.53 W, 400.00 W, 58, 100 %, 0x0000000000000004, 13527 MiB
2026/10/08 04:18:21.481, 1365 MHz, 1593 MHz, 404.56 W, 400.00 W, 58, 100 %, 0x0000000000000004, 13527 MiB
2026/10/08 04:18:22.483, 1380 MHz, 1593 MHz, 399.42 W, 400.00 W, 59, 100 %, 0x0000000000000004, 13527 MiB
2026/10/08 04:18:23.484, 1365 MHz, 1593 MHz, 402.45 W, 400.00 W, 59, 100 %, 0x0000000000000004, 13527 MiB
2026/10/08 04:18:24.486, 1365 MHz, 1593 MHz, 400.34 W, 400.00 W, 59, 100 %, 0x0000000000000004, 13527 MiB
2026/10/08 04:18:25.488, 1320 MHz, 1593 MHz, 434.09 W, 400.00 W, 58, 100 %, 0x0000000000000004, 13527 MiB
2026/10/08 04:18:26.492, 1380 MHz, 1593 MHz, 394.60 W, 400.00 W, 59, 100 %, 0x0000000000000004, 13527 MiB
2026/10/08 04:18:27.494, 1365 MHz, 1593 MHz, 381.91 W, 400.00 W, 59, 100 %, 0x0000000000000004, 13527 MiB
2026/10/08 04:18:28.496, 1365 MHz, 1593 MHz, 409.06 W, 400.00 W, 59, 100 %, 0x0000000000000004, 13527 MiB
2026/10/08 04:18:29.497, 1365 MHz, 1593 MHz, 387.14 W, 400.00 W, 60, 100 %, 0x0000000000000004, 13527 MiB
2026/10/08 04:18:30.499, 1365 MHz, 1593 MHz, 402.45 W, 400.00 W, 59, 100 %, 0x0000000000000004, 13527 MiB
2026/10/08 04:18:31.501, 1350 MHz, 1593 MHz, 404.83 W, 400.00 W, 60, 100 %, 0x0000000000000004, 13527 MiB
2026/10/08 04:18:32.502, 1365 MHz, 1593 MHz, 380.72 W, 400.00 W, 60, 100 %, 0x0000000000000004, 13527 MiB
2026/10/08 04:18:33.504, 1365 MHz, 1593 MHz, 391.56 W, 400.00 W, 60, 100 %, 0x0000000000000004, 13527 MiB
2026/10/08 04:18:34.506, 1365 MHz, 1593 MHz, 399.68 W, 400.00 W, 60, 100 %, 0x0000000000000004, 13527 MiB
2026/10/08 04:18:35.507, 1350 MHz, 1593 MHz, 400.10 W, 400.00 W, 60, 100 %, 0x0000000000000004, 13527 MiB
2026/10/08 04:18:36.509, 1365 MHz, 1593 MHz, 394.00 W, 400.00 W, 61, 100 %, 0x0000000000000004, 13527 MiB
2026/10/08 04:18:37.511, 1365 MHz, 1593 MHz, 385.55 W, 400.00 W, 61, 100 %, 0x0000000000000004, 13527 MiB
2026/10/08 04:18:38.512, 1350 MHz, 1593 MHz, 374.98 W, 400.00 W, 61, 100 %, 0x0000000000000004, 13527 MiB
2026/10/08 04:18:39.514, 1350 MHz, 1593 MHz, 389.45 W, 400.00 W, 61, 100 %, 0x0000000000000004, 13527 MiB
2026/10/08 04:18:40.516, 1365 MHz, 1593 MHz, 375.97 W, 400.00 W, 61, 100 %, 0x0000000000000004, 13527 MiB
2026/10/08 04:18:41.518, 1350 MHz, 1593 MHz, 394.27 W, 400.00 W, 61, 100 %, 0x0000000000000004, 13527 MiB
2026/10/08 04:18:42.519, 1365 MHz, 1593 MHz, 384.95 W, 400.00 W, 61, 100 %, 0x0000000000000004, 13527 MiB
2026/10/08 04:18:43.521, 1395 MHz, 1593 MHz, 258.49 W, 400.00 W, 58, 92 %, 0x0000000000000004, 13529 MiB
2026/10/08 04:18:44.523, 1395 MHz, 1593 MHz, 400.34 W, 400.00 W, 59, 92 %, 0x0000000000000004, 13529 MiB
2026/10/08 04:18:45.524, 1410 MHz, 1593 MHz, 350.22 W, 400.00 W, 59, 88 %, 0x0000000000000000, 13529 MiB
2026/10/08 04:18:46.526, 1395 MHz, 1593 MHz, 303.18 W, 400.00 W, 58, 92 %, 0x0000000000000004, 13529 MiB
2026/10/08 04:18:47.528, 1395 MHz, 1593 MHz, 384.43 W, 400.00 W, 58, 92 %, 0x0000000000000004, 13529 MiB
2026/10/08 04:18:48.530, 1395 MHz, 1593 MHz, 365.61 W, 400.00 W, 59, 88 %, 0x0000000000000004, 13529 MiB
2026/10/08 04:18:49.531, 1395 MHz, 1593 MHz, 288.38 W, 400.00 W, 59, 92 %, 0x0000000000000004, 13529 MiB
2026/10/08 04:18:50.533, 1410 MHz, 1593 MHz, 395.78 W, 400.00 W, 57, 91 %, 0x0000000000000000, 13529 MiB
2026/10/08 04:18:51.535, 1395 MHz, 1593 MHz, 270.86 W, 400.00 W, 58, 90 %, 0x0000000000000004, 13529 MiB
2026/10/08 04:18:52.536, 1395 MHz, 1593 MHz, 352.33 W, 400.00 W, 59, 92 %, 0x0000000000000004, 13529 MiB
2026/10/08 04:18:53.538, 1395 MHz, 1593 MHz, 412.69 W, 400.00 W, 57, 89 %, 0x0000000000000004, 13529 MiB
2026/10/08 04:18:54.540, 1410 MHz, 1593 MHz, 241.82 W, 400.00 W, 57, 92 %, 0x0000000000000000, 13529 MiB
2026/10/08 04:18:55.541, 1395 MHz, 1593 MHz, 370.55 W, 400.00 W, 58, 92 %, 0x0000000000000004, 13529 MiB
2026/10/08 04:18:56.543, 1410 MHz, 1593 MHz, 417.52 W, 400.00 W, 59, 87 %, 0x0000000000000000, 13529 MiB
2026/10/08 04:18:57.544, 1395 MHz, 1593 MHz, 248.77 W, 400.00 W, 58, 92 %, 0x0000000000000004, 13529 MiB
2026/10/08 04:18:58.546, 1410 MHz, 1593 MHz, 355.41 W, 400.00 W, 57, 92 %, 0x0000000000000000, 13529 MiB
2026/10/08 04:18:59.549, 1410 MHz, 1593 MHz, 413.88 W, 400.00 W, 59, 88 %, 0x0000000000000004, 13529 MiB
2026/10/08 04:19:00.551, 1410 MHz, 1593 MHz, 356.66 W, 400.00 W, 59, 99 %, 0x0000000000000000, 10933 MiB
2026/10/08 04:19:01.553, 1410 MHz, 1593 MHz, 359.64 W, 400.00 W, 60, 100 %, 0x0000000000000000, 10933 MiB
2026/10/08 04:19:02.555, 1410 MHz, 1593 MHz, 95.60 W, 400.00 W, 47, 74 %, 0x0000000000000000, 5383 MiB
2026/10/08 04:19:03.558, 1410 MHz, 1593 MHz, 90.07 W, 400.00 W, 45, 0 %, 0x0000000000000000, 5383 MiB
2026/10/08 04:19:04.658, 1140 MHz, 1593 MHz, 71.94 W, 400.00 W, 43, 0 %, 0x0000000000000000, 5383 MiB
2026/10/08 04:19:05.751, 1140 MHz, 1593 MHz, 71.42 W, 400.00 W, 42, 0 %, 0x0000000000000000, 5383 MiB
2026/10/08 04:19:06.754, 1140 MHz, 1593 MHz, 257.30 W, 400.00 W, 47, 34 %, 0x0000000000000000, 12879 MiB
2026/10/08 04:19:07.756, 1365 MHz, 1593 MHz, 394.60 W, 400.00 W, 57, 100 %, 0x0000000000000004, 12897 MiB
2026/10/08 04:19:08.757, 1365 MHz, 1593 MHz, 383.43 W, 400.00 W, 58, 99 %, 0x0000000000000004, 12949 MiB
2026/10/08 04:19:09.763, 1350 MHz, 1593 MHz, 382.84 W, 400.00 W, 59, 100 %, 0x0000000000000004, 12999 MiB
2026/10/08 04:19:10.764, 1380 MHz, 1593 MHz, 398.49 W, 400.00 W, 59, 100 %, 0x0000000000000004, 12999 MiB
2026/10/08 04:19:11.766, 1365 MHz, 1593 MHz, 401.80 W, 400.00 W, 60, 100 %, 0x0000000000000004, 12999 MiB
2026/10/08 04:19:12.767, 1365 MHz, 1593 MHz, 379.20 W, 400.00 W, 60, 100 %, 0x0000000000000004, 12999 MiB
2026/10/08 04:19:13.769, 1365 MHz, 1593 MHz, 425.04 W, 400.00 W, 60, 100 %, 0x0000000000000004, 12999 MiB
2026/10/08 04:19:14.771, 1395 MHz, 1593 MHz, 389.58 W, 400.00 W, 60, 100 %, 0x0000000000000004, 12999 MiB
2026/10/08 04:19:15.772, 1350 MHz, 1593 MHz, 394.87 W, 400.00 W, 60, 100 %, 0x0000000000000004, 12999 MiB
2026/10/08 04:19:16.774, 1350 MHz, 1593 MHz, 399.68 W, 400.00 W, 61, 100 %, 0x0000000000000004, 12999 MiB
2026/10/08 04:19:17.776, 1365 MHz, 1593 MHz, 409.39 W, 400.00 W, 61, 100 %, 0x0000000000000004, 12999 MiB
2026/10/08 04:19:18.777, 1365 MHz, 1593 MHz, 394.08 W, 400.00 W, 61, 100 %, 0x0000000000000004, 12999 MiB
2026/10/08 04:19:19.779, 1350 MHz, 1593 MHz, 403.64 W, 400.00 W, 61, 100 %, 0x0000000000000004, 12999 MiB
2026/10/08 04:19:20.780, 1305 MHz, 1593 MHz, 425.37 W, 400.00 W, 63, 100 %, 0x0000000000000004, 12999 MiB
2026/10/08 04:19:21.782, 1365 MHz, 1593 MHz, 391.56 W, 400.00 W, 61, 100 %, 0x0000000000000004, 12999 MiB
2026/10/08 04:19:22.784, 1365 MHz, 1593 MHz, 386.54 W, 400.00 W, 61, 100 %, 0x0000000000000004, 12999 MiB
2026/10/08 04:19:23.786, 1365 MHz, 1593 MHz, 407.86 W, 400.00 W, 62, 100 %, 0x0000000000000004, 12999 MiB
2026/10/08 04:19:24.788, 1365 MHz, 1593 MHz, 400.93 W, 400.00 W, 62, 100 %, 0x0000000000000004, 12999 MiB
2026/10/08 04:19:25.789, 1365 MHz, 1593 MHz, 403.64 W, 400.00 W, 61, 100 %, 0x0000000000000004, 12999 MiB
2026/10/08 04:19:26.791, 1350 MHz, 1593 MHz, 395.78 W, 400.00 W, 62, 100 %, 0x0000000000000004, 12999 MiB
2026/10/08 04:19:27.793, 1350 MHz, 1593 MHz, 368.43 W, 400.00 W, 62, 100 %, 0x0000000000000004, 12999 MiB
2026/10/08 04:19:28.794, 1365 MHz, 1593 MHz, 409.06 W, 400.00 W, 62, 100 %, 0x0000000000000004, 12999 MiB
2026/10/08 04:19:29.796, 1350 MHz, 1593 MHz, 406.03 W, 400.00 W, 62, 100 %, 0x0000000000000004, 12999 MiB
2026/10/08 04:19:30.798, 1350 MHz, 1593 MHz, 401.95 W, 400.00 W, 62, 100 %, 0x0000000000000004, 12999 MiB
2026/10/08 04:19:31.799, 1365 MHz, 1593 MHz, 402.72 W, 400.00 W, 62, 100 %, 0x0000000000000004, 12999 MiB
2026/10/08 04:19:32.801, 1365 MHz, 1593 MHz, 389.18 W, 400.00 W, 62, 100 %, 0x0000000000000004, 12999 MiB
2026/10/08 04:19:33.802, 1365 MHz, 1593 MHz, 398.22 W, 400.00 W, 62, 100 %, 0x0000000000000004, 12999 MiB
2026/10/08 04:19:34.804, 1380 MHz, 1593 MHz, 389.85 W, 400.00 W, 62, 100 %, 0x0000000000000004, 12999 MiB
2026/10/08 04:19:35.806, 1380 MHz, 1593 MHz, 405.16 W, 400.00 W, 63, 100 %, 0x0000000000000004, 12999 MiB
2026/10/08 04:19:36.808, 1350 MHz, 1593 MHz, 400.61 W, 400.00 W, 62, 100 %, 0x0000000000000004, 12999 MiB
2026/10/08 04:19:37.809, 1350 MHz, 1593 MHz, 394.60 W, 400.00 W, 63, 100 %, 0x0000000000000004, 12999 MiB
2026/10/08 04:19:38.811, 1365 MHz, 1593 MHz, 421.74 W, 400.00 W, 63, 100 %, 0x0000000000000004, 12999 MiB
2026/10/08 04:19:39.813, 1380 MHz, 1593 MHz, 410.85 W, 400.00 W, 63, 100 %, 0x0000000000000004, 12999 MiB
2026/10/08 04:19:40.814, 1350 MHz, 1593 MHz, 400.10 W, 400.00 W, 62, 100 %, 0x0000000000000004, 12999 MiB
2026/10/08 04:19:41.816, 1395 MHz, 1593 MHz, 334.58 W, 400.00 W, 61, 100 %, 0x0000000000000004, 13001 MiB
2026/10/08 04:19:42.818, 1395 MHz, 1593 MHz, 400.75 W, 400.00 W, 59, 87 %, 0x0000000000000004, 13001 MiB
2026/10/08 04:19:43.820, 1395 MHz, 1593 MHz, 268.15 W, 400.00 W, 60, 92 %, 0x0000000000000004, 13001 MiB
2026/10/08 04:19:44.821, 1410 MHz, 1593 MHz, 355.41 W, 400.00 W, 60, 92 %, 0x0000000000000004, 13001 MiB
2026/10/08 04:19:45.823, 1395 MHz, 1593 MHz, 402.72 W, 400.00 W, 60, 87 %, 0x0000000000000004, 13001 MiB
2026/10/08 04:19:46.827, 1410 MHz, 1593 MHz, 236.42 W, 400.00 W, 59, 92 %, 0x0000000000000000, 13001 MiB
2026/10/08 04:19:47.829, 1395 MHz, 1593 MHz, 375.97 W, 400.00 W, 59, 92 %, 0x0000000000000004, 13001 MiB
2026/10/08 04:19:48.831, 1395 MHz, 1593 MHz, 396.52 W, 400.00 W, 60, 88 %, 0x0000000000000004, 13001 MiB
2026/10/08 04:19:49.833, 1395 MHz, 1593 MHz, 253.34 W, 400.00 W, 58, 92 %, 0x0000000000000004, 13001 MiB
2026/10/08 04:19:50.834, 1410 MHz, 1593 MHz, 366.31 W, 400.00 W, 58, 91 %, 0x0000000000000000, 13001 MiB
2026/10/08 04:19:51.836, 1395 MHz, 1593 MHz, 412.10 W, 400.00 W, 59, 90 %, 0x0000000000000004, 13001 MiB
2026/10/08 04:19:52.838, 1410 MHz, 1593 MHz, 247.58 W, 400.00 W, 60, 92 %, 0x0000000000000004, 13001 MiB
2026/10/08 04:19:53.838, 1395 MHz, 1593 MHz, 400.34 W, 400.00 W, 59, 89 %, 0x0000000000000004, 13001 MiB
2026/10/08 04:19:54.840, 1410 MHz, 1593 MHz, 335.51 W, 400.00 W, 58, 91 %, 0x0000000000000000, 13001 MiB
2026/10/08 04:19:55.843, 1395 MHz, 1593 MHz, 315.87 W, 400.00 W, 59, 91 %, 0x0000000000000004, 13001 MiB
2026/10/08 04:19:56.845, 1395 MHz, 1593 MHz, 398.90 W, 400.00 W, 60, 92 %, 0x0000000000000004, 13001 MiB
2026/10/08 04:19:57.847, 1395 MHz, 1593 MHz, 261.80 W, 400.00 W, 59, 89 %, 0x0000000000000004, 13001 MiB
2026/10/08 04:19:58.849, 1395 MHz, 1593 MHz, 378.01 W, 400.00 W, 59, 92 %, 0x0000000000000004, 13001 MiB
2026/10/08 04:19:59.850, 1410 MHz, 1593 MHz, 366.80 W, 400.00 W, 60, 99 %, 0x0000000000000000, 11065 MiB
2026/10/08 04:20:00.852, 1410 MHz, 1593 MHz, 375.97 W, 400.00 W, 58, 100 %, 0x0000000000000000, 11065 MiB
2026/10/08 04:20:01.853, 1410 MHz, 1593 MHz, 91.69 W, 400.00 W, 47, 76 %, 0x0000000000000000, 5377 MiB
2026/10/08 04:20:02.855, 1410 MHz, 1593 MHz, 90.35 W, 400.00 W, 46, 0 %, 0x0000000000000000, 5377 MiB
2026/10/08 04:20:03.857, 1140 MHz, 1593 MHz, 72.21 W, 400.00 W, 44, 0 %, 0x0000000000000000, 5377 MiB
2026/10/08 04:20:04.859, 1140 MHz, 1593 MHz, 72.01 W, 400.00 W, 43, 0 %, 0x0000000000000000, 5377 MiB
2026/10/08 04:20:05.952, 1140 MHz, 1593 MHz, 71.42 W, 400.00 W, 42, 0 %, 0x0000000000000000, 5377 MiB
2026/10/08 04:20:06.954, 1380 MHz, 1593 MHz, 275.09 W, 400.00 W, 48, 35 %, 0x0000000000000004, 12923 MiB
2026/10/08 04:20:07.956, 1380 MHz, 1593 MHz, 390.04 W, 400.00 W, 57, 100 %, 0x0000000000000004, 12953 MiB
2026/10/08 04:20:08.958, 1350 MHz, 1593 MHz, 381.72 W, 400.00 W, 58, 100 %, 0x0000000000000004, 13005 MiB
2026/10/08 04:20:09.959, 1350 MHz, 1593 MHz, 393.07 W, 400.00 W, 59, 100 %, 0x0000000000000004, 13051 MiB
2026/10/08 04:20:10.963, 1380 MHz, 1593 MHz, 401.20 W, 400.00 W, 59, 100 %, 0x0000000000000004, 13051 MiB
2026/10/08 04:20:11.965, 1350 MHz, 1593 MHz, 394.68 W, 400.00 W, 59, 100 %, 0x0000000000000004, 13051 MiB
2026/10/08 04:20:12.967, 1365 MHz, 1593 MHz, 382.84 W, 400.00 W, 60, 100 %, 0x0000000000000004, 13051 MiB
2026/10/08 04:20:13.968, 1290 MHz, 1593 MHz, 367.18 W, 400.00 W, 61, 100 %, 0x0000000000000004, 13051 MiB
2026/10/08 04:20:14.970, 1380 MHz, 1593 MHz, 398.49 W, 400.00 W, 61, 100 %, 0x0000000000000004, 13051 MiB
2026/10/08 04:20:15.972, 1350 MHz, 1593 MHz, 413.39 W, 400.00 W, 61, 100 %, 0x0000000000000004, 13051 MiB
2026/10/08 04:20:16.973, 1365 MHz, 1593 MHz, 387.73 W, 400.00 W, 61, 100 %, 0x0000000000000004, 13051 MiB
2026/10/08 04:20:17.975, 1230 MHz, 1593 MHz, 388.93 W, 400.00 W, 62, 100 %, 0x0000000000000004, 14511 MiB
2026/10/08 04:20:18.977, 1380 MHz, 1593 MHz, 406.03 W, 400.00 W, 61, 100 %, 0x0000000000000004, 14511 MiB
2026/10/08 04:20:19.978, 1365 MHz, 1593 MHz, 412.37 W, 400.00 W, 61, 100 %, 0x0000000000000004, 14511 MiB
2026/10/08 04:20:20.980, 1365 MHz, 1593 MHz, 404.24 W, 400.00 W, 61, 100 %, 0x0000000000000004, 14511 MiB
2026/10/08 04:20:21.982, 1365 MHz, 1593 MHz, 386.54 W, 400.00 W, 61, 100 %, 0x0000000000000004, 14511 MiB
2026/10/08 04:20:22.983, 1365 MHz, 1593 MHz, 389.85 W, 400.00 W, 61, 100 %, 0x0000000000000004, 14511 MiB
2026/10/08 04:20:23.985, 1350 MHz, 1593 MHz, 388.85 W, 400.00 W, 62, 100 %, 0x0000000000000004, 14511 MiB
2026/10/08 04:20:24.987, 1335 MHz, 1593 MHz, 356.01 W, 400.00 W, 61, 100 %, 0x0000000000000004, 14511 MiB
2026/10/08 04:20:25.988, 1380 MHz, 1593 MHz, 395.19 W, 400.00 W, 62, 100 %, 0x0000000000000004, 14511 MiB
2026/10/08 04:20:26.990, 1365 MHz, 1593 MHz, 405.16 W, 400.00 W, 62, 100 %, 0x0000000000000004, 14511 MiB
2026/10/08 04:20:27.992, 1350 MHz, 1593 MHz, 404.24 W, 400.00 W, 62, 100 %, 0x0000000000000004, 14511 MiB
2026/10/08 04:20:28.993, 1365 MHz, 1593 MHz, 396.98 W, 400.00 W, 62, 100 %, 0x0000000000000004, 14511 MiB
2026/10/08 04:20:29.995, 1365 MHz, 1593 MHz, 405.43 W, 400.00 W, 62, 100 %, 0x0000000000000004, 14511 MiB
2026/10/08 04:20:30.996, 1350 MHz, 1593 MHz, 401.80 W, 400.00 W, 61, 100 %, 0x0000000000000004, 14511 MiB
2026/10/08 04:20:31.998, 1335 MHz, 1593 MHz, 425.64 W, 400.00 W, 61, 100 %, 0x0000000000000004, 14511 MiB
2026/10/08 04:20:33.000, 1395 MHz, 1593 MHz, 395.78 W, 400.00 W, 61, 100 %, 0x0000000000000004, 14511 MiB
2026/10/08 04:20:34.002, 1350 MHz, 1593 MHz, 383.71 W, 400.00 W, 61, 100 %, 0x0000000000000004, 14511 MiB
2026/10/08 04:20:35.004, 1365 MHz, 1593 MHz, 415.08 W, 400.00 W, 61, 100 %, 0x0000000000000004, 14511 MiB
2026/10/08 04:20:36.006, 1365 MHz, 1593 MHz, 387.33 W, 400.00 W, 61, 100 %, 0x0000000000000004, 14511 MiB
2026/10/08 04:20:37.008, 1380 MHz, 1593 MHz, 418.70 W, 400.00 W, 61, 100 %, 0x0000000000000004, 14511 MiB
2026/10/08 04:20:38.009, 1365 MHz, 1593 MHz, 396.11 W, 400.00 W, 62, 100 %, 0x0000000000000004, 14511 MiB
2026/10/08 04:20:39.011, 1380 MHz, 1593 MHz, 384.11 W, 400.00 W, 62, 100 %, 0x0000000000000004, 14511 MiB
2026/10/08 04:20:40.013, 1380 MHz, 1593 MHz, 404.24 W, 400.00 W, 62, 100 %, 0x0000000000000004, 14511 MiB
2026/10/08 04:20:41.014, 1350 MHz, 1593 MHz, 389.45 W, 400.00 W, 62, 100 %, 0x0000000000000004, 14511 MiB
2026/10/08 04:20:42.016, 1365 MHz, 1593 MHz, 390.64 W, 400.00 W, 62, 100 %, 0x0000000000000004, 14511 MiB
2026/10/08 04:20:43.017, 1395 MHz, 1593 MHz, 257.89 W, 400.00 W, 59, 91 %, 0x0000000000000004, 14511 MiB
2026/10/08 04:20:44.019, 1395 MHz, 1593 MHz, 360.19 W, 400.00 W, 59, 91 %, 0x0000000000000004, 14511 MiB
2026/10/08 04:20:45.021, 1395 MHz, 1593 MHz, 401.20 W, 400.00 W, 58, 87 %, 0x0000000000000004, 14511 MiB
2026/10/08 04:20:46.022, 1395 MHz, 1593 MHz, 247.32 W, 400.00 W, 57, 88 %, 0x0000000000000004, 14511 MiB
2026/10/08 04:20:47.024, 1410 MHz, 1593 MHz, 364.79 W, 400.00 W, 59, 92 %, 0x0000000000000000, 14511 MiB
2026/10/08 04:20:48.025, 1395 MHz, 1593 MHz, 419.89 W, 400.00 W, 60, 91 %, 0x0000000000000004, 14511 MiB
2026/10/08 04:20:49.027, 1395 MHz, 1593 MHz, 253.93 W, 400.00 W, 58, 90 %, 0x0000000000000004, 14511 MiB
2026/10/08 04:20:50.030, 1395 MHz, 1593 MHz, 361.49 W, 400.00 W, 59, 92 %, 0x0000000000000004, 14511 MiB
2026/10/08 04:20:51.033, 1410 MHz, 1593 MHz, 400.34 W, 400.00 W, 59, 90 %, 0x0000000000000000, 14511 MiB
2026/10/08 04:20:52.034, 1395 MHz, 1593 MHz, 254.26 W, 400.00 W, 59, 90 %, 0x0000000000000004, 14511 MiB
2026/10/08 04:20:53.036, 1410 MHz, 1593 MHz, 361.76 W, 400.00 W, 58, 92 %, 0x0000000000000000, 14511 MiB
2026/10/08 04:20:54.037, 1395 MHz, 1593 MHz, 414.21 W, 400.00 W, 58, 89 %, 0x0000000000000004, 14511 MiB
2026/10/08 04:20:55.039, 1410 MHz, 1593 MHz, 243.67 W, 400.00 W, 59, 92 %, 0x0000000000000004, 14511 MiB
2026/10/08 04:20:56.040, 1410 MHz, 1593 MHz, 373.79 W, 400.00 W, 58, 92 %, 0x0000000000000000, 14511 MiB
2026/10/08 04:20:57.042, 1410 MHz, 1593 MHz, 384.70 W, 400.00 W, 57, 87 %, 0x0000000000000000, 14511 MiB
2026/10/08 04:20:58.044, 1395 MHz, 1593 MHz, 262.40 W, 400.00 W, 58, 92 %, 0x0000000000000004, 14511 MiB
2026/10/08 04:20:59.046, 1395 MHz, 1593 MHz, 394.08 W, 400.00 W, 59, 92 %, 0x0000000000000004, 14511 MiB
2026/10/08 04:21:00.047, 1395 MHz, 1593 MHz, 297.16 W, 400.00 W, 58, 88 %, 0x0000000000000004, 6961 MiB
2026/10/08 04:21:01.049, 1395 MHz, 1593 MHz, 377.16 W, 400.00 W, 60, 100 %, 0x0000000000000004, 10893 MiB
2026/10/08 04:21:02.051, 1410 MHz, 1593 MHz, 92.88 W, 400.00 W, 48, 0 %, 0x0000000000000000, 5483 MiB
2026/10/08 04:21:03.053, 1410 MHz, 1593 MHz, 91.09 W, 400.00 W, 46, 0 %, 0x0000000000000000, 5383 MiB
2026/10/08 04:21:04.055, 1140 MHz, 1593 MHz, 72.61 W, 400.00 W, 44, 0 %, 0x0000000000000000, 5383 MiB
2026/10/08 04:21:05.056, 1140 MHz, 1593 MHz, 72.28 W, 400.00 W, 43, 0 %, 0x0000000000000000, 5383 MiB
2026/10/08 04:21:06.058, 1140 MHz, 1593 MHz, 71.69 W, 400.00 W, 42, 0 %, 0x0000000000000000, 5383 MiB
2026/10/08 04:21:07.061, 1140 MHz, 1593 MHz, 71.42 W, 400.00 W, 42, 8 %, 0x0000000000000000, 6739 MiB
2026/10/08 04:21:08.062, 1380 MHz, 1593 MHz, 406.35 W, 400.00 W, 57, 100 %, 0x0000000000000004, 14139 MiB
2026/10/08 04:21:09.064, 1380 MHz, 1593 MHz, 395.60 W, 400.00 W, 58, 100 %, 0x0000000000000004, 14193 MiB
2026/10/08 04:21:10.066, 1380 MHz, 1593 MHz, 395.19 W, 400.00 W, 59, 100 %, 0x0000000000000004, 14247 MiB
2026/10/08 04:21:11.067, 1290 MHz, 1593 MHz, 482.36 W, 400.00 W, 60, 100 %, 0x0000000000000004, 14259 MiB
2026/10/08 04:21:12.073, 1380 MHz, 1593 MHz, 396.98 W, 400.00 W, 59, 100 %, 0x0000000000000004, 14259 MiB
2026/10/08 04:21:13.075, 1335 MHz, 1593 MHz, 383.11 W, 400.00 W, 59, 100 %, 0x0000000000000004, 14259 MiB
2026/10/08 04:21:14.076, 1350 MHz, 1593 MHz, 389.85 W, 400.00 W, 60, 100 %, 0x0000000000000004, 14259 MiB
2026/10/08 04:21:15.078, 1290 MHz, 1593 MHz, 354.82 W, 400.00 W, 60, 100 %, 0x0000000000000004, 15719 MiB
2026/10/08 04:21:16.080, 1380 MHz, 1593 MHz, 380.79 W, 400.00 W, 61, 100 %, 0x0000000000000004, 15719 MiB
2026/10/08 04:21:17.082, 1365 MHz, 1593 MHz, 384.11 W, 400.00 W, 60, 100 %, 0x0000000000000004, 15719 MiB
2026/10/08 04:21:18.083, 1365 MHz, 1593 MHz, 384.30 W, 400.00 W, 61, 100 %, 0x0000000000000004, 15719 MiB
2026/10/08 04:21:19.085, 1380 MHz, 1593 MHz, 394.60 W, 400.00 W, 61, 100 %, 0x0000000000000004, 15719 MiB
2026/10/08 04:21:20.087, 1350 MHz, 1593 MHz, 389.18 W, 400.00 W, 61, 100 %, 0x0000000000000004, 15719 MiB
2026/10/08 04:21:21.088, 1350 MHz, 1593 MHz, 389.85 W, 400.00 W, 62, 100 %, 0x0000000000000004, 15719 MiB
2026/10/08 04:21:22.090, 1245 MHz, 1593 MHz, 425.64 W, 400.00 W, 64, 100 %, 0x0000000000000004, 15719 MiB
2026/10/08 04:21:23.092, 1380 MHz, 1593 MHz, 399.68 W, 400.00 W, 62, 100 %, 0x0000000000000004, 15719 MiB
2026/10/08 04:21:24.093, 1350 MHz, 1593 MHz, 389.25 W, 400.00 W, 61, 100 %, 0x0000000000000004, 15719 MiB
2026/10/08 04:21:25.095, 1350 MHz, 1593 MHz, 388.66 W, 400.00 W, 62, 100 %, 0x0000000000000004, 15719 MiB
2026/10/08 04:21:26.097, 1215 MHz, 1593 MHz, 399.83 W, 400.00 W, 64, 100 %, 0x0000000000000004, 18831 MiB
2026/10/08 04:21:27.099, 1380 MHz, 1593 MHz, 391.69 W, 400.00 W, 61, 100 %, 0x0000000000000004, 18831 MiB
2026/10/08 04:21:28.100, 1365 MHz, 1593 MHz, 395.87 W, 400.00 W, 62, 100 %, 0x0000000000000004, 18831 MiB
2026/10/08 04:21:29.102, 1365 MHz, 1593 MHz, 414.81 W, 400.00 W, 62, 100 %, 0x0000000000000004, 18831 MiB
2026/10/08 04:21:30.103, 1365 MHz, 1593 MHz, 397.39 W, 400.00 W, 62, 100 %, 0x0000000000000004, 18831 MiB
2026/10/08 04:21:31.105, 1350 MHz, 1593 MHz, 385.35 W, 400.00 W, 62, 100 %, 0x0000000000000004, 18831 MiB
2026/10/08 04:21:32.107, 1365 MHz, 1593 MHz, 417.18 W, 400.00 W, 62, 100 %, 0x0000000000000004, 18831 MiB
2026/10/08 04:21:33.109, 1365 MHz, 1593 MHz, 385.35 W, 400.00 W, 63, 100 %, 0x0000000000000004, 18831 MiB
2026/10/08 04:21:34.110, 1380 MHz, 1593 MHz, 404.33 W, 400.00 W, 62, 100 %, 0x0000000000000004, 18831 MiB
2026/10/08 04:21:35.112, 1350 MHz, 1593 MHz, 388.34 W, 400.00 W, 62, 100 %, 0x0000000000000004, 18831 MiB
2026/10/08 04:21:36.114, 1365 MHz, 1593 MHz, 408.57 W, 400.00 W, 63, 100 %, 0x0000000000000004, 18831 MiB
2026/10/08 04:21:37.115, 1365 MHz, 1593 MHz, 388.93 W, 400.00 W, 62, 100 %, 0x0000000000000004, 18831 MiB
2026/10/08 04:21:38.117, 1365 MHz, 1593 MHz, 409.66 W, 400.00 W, 63, 100 %, 0x0000000000000004, 18831 MiB
2026/10/08 04:21:39.119, 1350 MHz, 1593 MHz, 387.14 W, 400.00 W, 63, 100 %, 0x0000000000000004, 18831 MiB
2026/10/08 04:21:40.121, 1365 MHz, 1593 MHz, 435.29 W, 400.00 W, 61, 100 %, 0x0000000000000004, 18831 MiB
2026/10/08 04:21:41.122, 1380 MHz, 1593 MHz, 382.31 W, 400.00 W, 62, 100 %, 0x0000000000000004, 18831 MiB
2026/10/08 04:21:42.124, 1350 MHz, 1593 MHz, 408.73 W, 400.00 W, 63, 100 %, 0x0000000000000004, 18831 MiB
2026/10/08 04:21:43.125, 1350 MHz, 1593 MHz, 402.72 W, 400.00 W, 63, 100 %, 0x0000000000000004, 18831 MiB
2026/10/08 04:21:44.127, 1395 MHz, 1593 MHz, 336.10 W, 400.00 W, 60, 88 %, 0x0000000000000004, 18833 MiB
2026/10/08 04:21:45.129, 1395 MHz, 1593 MHz, 256.05 W, 400.00 W, 60, 89 %, 0x0000000000000004, 18833 MiB
2026/10/08 04:21:46.131, 1395 MHz, 1593 MHz, 387.73 W, 400.00 W, 60, 92 %, 0x0000000000000004, 18833 MiB
2026/10/08 04:21:47.133, 1395 MHz, 1593 MHz, 387.73 W, 400.00 W, 59, 91 %, 0x0000000000000004, 18833 MiB
2026/10/08 04:21:48.135, 1395 MHz, 1593 MHz, 246.05 W, 400.00 W, 59, 88 %, 0x0000000000000004, 18833 MiB
2026/10/08 04:21:49.136, 1410 MHz, 1593 MHz, 360.56 W, 400.00 W, 60, 91 %, 0x0000000000000000, 18833 MiB
2026/10/08 04:21:50.138, 1395 MHz, 1593 MHz, 395.46 W, 400.00 W, 60, 91 %, 0x0000000000000004, 18833 MiB
2026/10/08 04:21:51.139, 1395 MHz, 1593 MHz, 269.62 W, 400.00 W, 60, 88 %, 0x0000000000000004, 18833 MiB
2026/10/08 04:21:52.141, 1410 MHz, 1593 MHz, 256.64 W, 400.00 W, 58, 91 %, 0x0000000000000000, 18833 MiB
2026/10/08 04:21:53.143, 1395 MHz, 1593 MHz, 384.95 W, 400.00 W, 58, 91 %, 0x0000000000000004, 18833 MiB
2026/10/08 04:21:54.144, 1395 MHz, 1593 MHz, 367.50 W, 400.00 W, 60, 89 %, 0x0000000000000004, 18833 MiB
2026/10/08 04:21:55.146, 1395 MHz, 1593 MHz, 250.63 W, 400.00 W, 60, 91 %, 0x0000000000000004, 18833 MiB
2026/10/08 04:21:56.148, 1410 MHz, 1593 MHz, 375.58 W, 400.00 W, 59, 92 %, 0x0000000000000000, 18833 MiB
2026/10/08 04:21:57.149, 1395 MHz, 1593 MHz, 388.93 W, 400.00 W, 59, 90 %, 0x0000000000000004, 18833 MiB
2026/10/08 04:21:58.151, 1410 MHz, 1593 MHz, 251.48 W, 400.00 W, 59, 90 %, 0x0000000000000000, 18833 MiB
2026/10/08 04:21:59.152, 1410 MHz, 1593 MHz, 376.56 W, 400.00 W, 60, 91 %, 0x0000000000000000, 18833 MiB
2026/10/08 04:22:00.153, 1395 MHz, 1593 MHz, 414.81 W, 400.00 W, 58, 91 %, 0x0000000000000004, 18833 MiB
2026/10/08 04:22:01.155, 1410 MHz, 1593 MHz, 246.65 W, 400.00 W, 58, 89 %, 0x0000000000000000, 18833 MiB
2026/10/08 04:22:02.157, 1410 MHz, 1593 MHz, 363.88 W, 400.00 W, 60, 100 %, 0x0000000000000000, 10979 MiB
2026/10/08 04:22:03.158, 1410 MHz, 1593 MHz, 94.68 W, 400.00 W, 51, 94 %, 0x0000000000000000, 10979 MiB
2026/10/08 04:22:04.249, 1410 MHz, 1593 MHz, 91.36 W, 400.00 W, 47, 0 %, 0x0000000000000000, 5379 MiB
2026/10/08 04:22:05.250, 1410 MHz, 1593 MHz, 90.76 W, 400.00 W, 45, 0 %, 0x0000000000000000, 5379 MiB
2026/10/08 04:22:06.252, 1140 MHz, 1593 MHz, 72.61 W, 400.00 W, 44, 0 %, 0x0000000000000000, 5379 MiB
2026/10/08 04:22:07.253, 1140 MHz, 1593 MHz, 72.28 W, 400.00 W, 43, 0 %, 0x0000000000000000, 5379 MiB
2026/10/08 04:22:08.257, 1140 MHz, 1593 MHz, 71.69 W, 400.00 W, 42, 0 %, 0x0000000000000000, 5379 MiB
2026/10/08 04:22:09.259, 1320 MHz, 1593 MHz, 469.69 W, 400.00 W, 54, 100 %, 0x0000000000000004, 13379 MiB
2026/10/08 04:22:10.260, 1380 MHz, 1593 MHz, 396.98 W, 400.00 W, 57, 100 %, 0x0000000000000004, 13399 MiB
2026/10/08 04:22:11.262, 1365 MHz, 1593 MHz, 396.38 W, 400.00 W, 59, 100 %, 0x0000000000000004, 13451 MiB
2026/10/08 04:22:12.264, 1350 MHz, 1593 MHz, 394.60 W, 400.00 W, 59, 100 %, 0x0000000000000004, 13503 MiB
2026/10/08 04:22:13.265, 1305 MHz, 1593 MHz, 388.85 W, 400.00 W, 60, 100 %, 0x0000000000000004, 13503 MiB
2026/10/08 04:22:14.267, 1365 MHz, 1593 MHz, 393.67 W, 400.00 W, 60, 100 %, 0x0000000000000004, 13503 MiB
2026/10/08 04:22:15.268, 1365 MHz, 1593 MHz, 411.50 W, 400.00 W, 60, 100 %, 0x0000000000000004, 13503 MiB
2026/10/08 04:22:16.270, 1350 MHz, 1593 MHz, 382.51 W, 400.00 W, 60, 100 %, 0x0000000000000004, 13503 MiB
2026/10/08 04:22:17.271, 1365 MHz, 1593 MHz, 390.45 W, 400.00 W, 60, 100 %, 0x0000000000000004, 13503 MiB
2026/10/08 04:22:18.273, 1365 MHz, 1593 MHz, 392.16 W, 400.00 W, 61, 100 %, 0x0000000000000004, 13503 MiB
2026/10/08 04:22:19.275, 1350 MHz, 1593 MHz, 387.46 W, 400.00 W, 60, 100 %, 0x0000000000000004, 13503 MiB
2026/10/08 04:22:20.277, 1350 MHz, 1593 MHz, 392.57 W, 400.00 W, 61, 100 %, 0x0000000000000004, 13503 MiB
2026/10/08 04:22:21.279, 1380 MHz, 1593 MHz, 397.72 W, 400.00 W, 61, 100 %, 0x0000000000000004, 13503 MiB
2026/10/08 04:22:22.281, 1350 MHz, 1593 MHz, 393.76 W, 400.00 W, 61, 100 %, 0x0000000000000004, 13503 MiB
2026/10/08 04:22:23.283, 1365 MHz, 1593 MHz, 390.64 W, 400.00 W, 61, 100 %, 0x0000000000000004, 13503 MiB
2026/10/08 04:22:24.286, 1365 MHz, 1593 MHz, 403.47 W, 400.00 W, 61, 100 %, 0x0000000000000004, 13503 MiB
2026/10/08 04:22:25.288, 1365 MHz, 1593 MHz, 400.10 W, 400.00 W, 61, 100 %, 0x0000000000000004, 13503 MiB
2026/10/08 04:22:26.290, 1350 MHz, 1593 MHz, 393.48 W, 400.00 W, 61, 100 %, 0x0000000000000004, 13503 MiB
2026/10/08 04:22:27.291, 1395 MHz, 1593 MHz, 373.85 W, 400.00 W, 62, 100 %, 0x0000000000000004, 13503 MiB
2026/10/08 04:22:28.293, 1365 MHz, 1593 MHz, 391.37 W, 400.00 W, 62, 100 %, 0x0000000000000004, 13503 MiB
2026/10/08 04:22:29.295, 1350 MHz, 1593 MHz, 409.16 W, 400.00 W, 62, 100 %, 0x0000000000000004, 13503 MiB
2026/10/08 04:22:30.296, 1350 MHz, 1593 MHz, 396.52 W, 400.00 W, 62, 100 %, 0x0000000000000004, 13503 MiB
2026/10/08 04:22:31.298, 1335 MHz, 1593 MHz, 376.89 W, 400.00 W, 61, 100 %, 0x0000000000000004, 13503 MiB
2026/10/08 04:22:32.299, 1365 MHz, 1593 MHz, 402.86 W, 400.00 W, 62, 100 %, 0x0000000000000004, 13503 MiB
2026/10/08 04:22:33.301, 1365 MHz, 1593 MHz, 395.87 W, 400.00 W, 62, 100 %, 0x0000000000000004, 13503 MiB
2026/10/08 04:22:34.303, 1350 MHz, 1593 MHz, 401.02 W, 400.00 W, 62, 100 %, 0x0000000000000004, 13503 MiB
2026/10/08 04:22:35.304, 1365 MHz, 1593 MHz, 404.06 W, 400.00 W, 63, 100 %, 0x0000000000000004, 13503 MiB
2026/10/08 04:22:36.306, 1350 MHz, 1593 MHz, 392.75 W, 400.00 W, 62, 100 %, 0x0000000000000004, 13503 MiB
2026/10/08 04:22:37.308, 1365 MHz, 1593 MHz, 421.58 W, 400.00 W, 63, 100 %, 0x0000000000000004, 13503 MiB
2026/10/08 04:22:38.309, 1350 MHz, 1593 MHz, 418.70 W, 400.00 W, 63, 100 %, 0x0000000000000004, 13503 MiB
2026/10/08 04:22:39.311, 1365 MHz, 1593 MHz, 415.72 W, 400.00 W, 63, 100 %, 0x0000000000000004, 13503 MiB
2026/10/08 04:22:40.313, 1365 MHz, 1593 MHz, 409.16 W, 400.00 W, 63, 100 %, 0x0000000000000004, 13503 MiB
2026/10/08 04:22:41.315, 1365 MHz, 1593 MHz, 397.39 W, 400.00 W, 63, 100 %, 0x0000000000000004, 13503 MiB
2026/10/08 04:22:42.316, 1365 MHz, 1593 MHz, 405.85 W, 400.00 W, 63, 100 %, 0x0000000000000004, 13503 MiB
2026/10/08 04:22:43.318, 1350 MHz, 1593 MHz, 401.62 W, 400.00 W, 63, 100 %, 0x0000000000000004, 13503 MiB
2026/10/08 04:22:44.318, 1350 MHz, 1593 MHz, 401.35 W, 400.00 W, 63, 100 %, 0x0000000000000004, 13503 MiB
2026/10/08 04:22:45.320, 1395 MHz, 1593 MHz, 245.46 W, 400.00 W, 61, 87 %, 0x0000000000000004, 13505 MiB
2026/10/08 04:22:46.322, 1395 MHz, 1593 MHz, 357.85 W, 400.00 W, 60, 91 %, 0x0000000000000004, 13505 MiB
2026/10/08 04:22:47.324, 1395 MHz, 1593 MHz, 400.02 W, 400.00 W, 59, 91 %, 0x0000000000000004, 13505 MiB
2026/10/08 04:22:48.325, 1395 MHz, 1593 MHz, 271.18 W, 400.00 W, 59, 87 %, 0x0000000000000004, 13505 MiB
2026/10/08 04:22:49.327, 1395 MHz, 1593 MHz, 334.32 W, 400.00 W, 60, 91 %, 0x0000000000000004, 13505 MiB
2026/10/08 04:22:50.330, 1395 MHz, 1593 MHz, 403.05 W, 400.00 W, 60, 91 %, 0x0000000000000004, 13505 MiB
2026/10/08 04:22:51.332, 1395 MHz, 1593 MHz, 282.95 W, 400.00 W, 60, 91 %, 0x0000000000000004, 13505 MiB
2026/10/08 04:22:52.334, 1395 MHz, 1593 MHz, 329.16 W, 400.00 W, 59, 87 %, 0x0000000000000004, 13505 MiB
2026/10/08 04:22:53.336, 1410 MHz, 1593 MHz, 378.08 W, 400.00 W, 59, 91 %, 0x0000000000000000, 13505 MiB
2026/10/08 04:22:54.338, 1395 MHz, 1593 MHz, 386.54 W, 400.00 W, 60, 91 %, 0x0000000000000004, 13505 MiB
2026/10/08 04:22:55.339, 1395 MHz, 1593 MHz, 257.24 W, 400.00 W, 59, 87 %, 0x0000000000000004, 13505 MiB
2026/10/08 04:22:56.341, 1395 MHz, 1593 MHz, 375.05 W, 400.00 W, 58, 91 %, 0x0000000000000004, 13505 MiB
2026/10/08 04:22:57.343, 1395 MHz, 1593 MHz, 402.45 W, 400.00 W, 58, 91 %, 0x0000000000000004, 13505 MiB
2026/10/08 04:22:58.344, 1395 MHz, 1593 MHz, 247.85 W, 400.00 W, 60, 89 %, 0x0000000000000004, 13505 MiB
2026/10/08 04:22:59.346, 1395 MHz, 1593 MHz, 363.22 W, 400.00 W, 60, 91 %, 0x0000000000000004, 13505 MiB
2026/10/08 04:23:00.348, 1410 MHz, 1593 MHz, 402.12 W, 400.00 W, 58, 91 %, 0x0000000000000000, 13505 MiB
2026/10/08 04:23:01.350, 1395 MHz, 1593 MHz, 258.49 W, 400.00 W, 58, 90 %, 0x0000000000000004, 13505 MiB
2026/10/08 04:23:02.351, 1410 MHz, 1593 MHz, 353.89 W, 400.00 W, 59, 90 %, 0x0000000000000000, 13505 MiB
2026/10/08 04:23:03.353, 1410 MHz, 1593 MHz, 394.68 W, 400.00 W, 61, 100 %, 0x0000000000000000, 10921 MiB
2026/10/08 04:23:04.354, 1410 MHz, 1593 MHz, 95.60 W, 400.00 W, 51, 81 %, 0x0000000000000000, 10921 MiB
2026/10/08 04:23:05.357, 1410 MHz, 1593 MHz, 91.69 W, 400.00 W, 47, 4 %, 0x0000000000000000, 5425 MiB
2026/10/08 04:23:06.359, 1410 MHz, 1593 MHz, 91.36 W, 400.00 W, 46, 0 %, 0x0000000000000000, 5425 MiB
2026/10/08 04:23:07.360, 1140 MHz, 1593 MHz, 72.89 W, 400.00 W, 44, 0 %, 0x0000000000000000, 5425 MiB
2026/10/08 04:23:08.362, 1140 MHz, 1593 MHz, 72.21 W, 400.00 W, 43, 0 %, 0x0000000000000000, 5425 MiB
2026/10/08 04:23:09.451, 1140 MHz, 1593 MHz, 72.01 W, 400.00 W, 42, 0 %, 0x0000000000000000, 5425 MiB
2026/10/08 04:23:10.453, 1365 MHz, 1593 MHz, 333.99 W, 400.00 W, 53, 100 %, 0x0000000000000004, 14125 MiB
2026/10/08 04:23:11.454, 1380 MHz, 1593 MHz, 399.09 W, 400.00 W, 58, 100 %, 0x0000000000000004, 14151 MiB
2026/10/08 04:23:12.456, 1365 MHz, 1593 MHz, 406.62 W, 400.00 W, 59, 100 %, 0x0000000000000004, 14203 MiB
2026/10/08 04:23:13.457, 1365 MHz, 1593 MHz, 387.73 W, 400.00 W, 59, 100 %, 0x0000000000000004, 14251 MiB
2026/10/08 04:23:14.459, 1350 MHz, 1593 MHz, 354.55 W, 400.00 W, 59, 100 %, 0x0000000000000004, 14251 MiB
2026/10/08 04:23:15.461, 1365 MHz, 1593 MHz, 400.02 W, 400.00 W, 60, 100 %, 0x0000000000000004, 14251 MiB
2026/10/08 04:23:16.463, 1365 MHz, 1593 MHz, 394.60 W, 400.00 W, 60, 100 %, 0x0000000000000004, 14251 MiB
2026/10/08 04:23:17.463, 1365 MHz, 1593 MHz, 398.22 W, 400.00 W, 61, 100 %, 0x0000000000000004, 14251 MiB
2026/10/08 04:23:18.465, 1365 MHz, 1593 MHz, 403.91 W, 400.00 W, 60, 100 %, 0x0000000000000004, 14251 MiB
2026/10/08 04:23:19.467, 1350 MHz, 1593 MHz, 389.25 W, 400.00 W, 61, 100 %, 0x0000000000000004, 14251 MiB
2026/10/08 04:23:20.468, 1350 MHz, 1593 MHz, 402.12 W, 400.00 W, 61, 100 %, 0x0000000000000004, 14251 MiB
2026/10/08 04:23:21.470, 1335 MHz, 1593 MHz, 394.08 W, 400.00 W, 60, 100 %, 0x0000000000000004, 14251 MiB
2026/10/08 04:23:22.472, 1365 MHz, 1593 MHz, 374.78 W, 400.00 W, 61, 100 %, 0x0000000000000004, 14251 MiB
2026/10/08 04:23:23.473, 1350 MHz, 1593 MHz, 395.01 W, 400.00 W, 61, 100 %, 0x0000000000000004, 14251 MiB
2026/10/08 04:23:24.475, 1365 MHz, 1593 MHz, 389.25 W, 400.00 W, 61, 100 %, 0x0000000000000004, 17283 MiB
2026/10/08 04:23:25.477, 1365 MHz, 1593 MHz, 403.05 W, 400.00 W, 61, 100 %, 0x0000000000000004, 17283 MiB
2026/10/08 04:23:26.479, 1365 MHz, 1593 MHz, 388.06 W, 400.00 W, 62, 100 %, 0x0000000000000004, 17283 MiB
2026/10/08 04:23:27.480, 1350 MHz, 1593 MHz, 404.56 W, 400.00 W, 61, 100 %, 0x0000000000000004, 17283 MiB
2026/10/08 04:23:28.482, 1380 MHz, 1593 MHz, 401.53 W, 400.00 W, 62, 100 %, 0x0000000000000004, 17283 MiB
2026/10/08 04:23:29.484, 1365 MHz, 1593 MHz, 395.78 W, 400.00 W, 62, 100 %, 0x0000000000000004, 17283 MiB
2026/10/08 04:23:30.485, 1335 MHz, 1593 MHz, 396.71 W, 400.00 W, 62, 100 %, 0x0000000000000004, 17283 MiB
2026/10/08 04:23:31.487, 1350 MHz, 1593 MHz, 401.80 W, 400.00 W, 62, 100 %, 0x0000000000000004, 17283 MiB
2026/10/08 04:23:32.488, 1365 MHz, 1593 MHz, 352.70 W, 400.00 W, 62, 100 %, 0x0000000000000004, 17283 MiB
2026/10/08 04:23:33.490, 1365 MHz, 1593 MHz, 410.25 W, 400.00 W, 63, 100 %, 0x0000000000000004, 17283 MiB
2026/10/08 04:23:34.492, 1365 MHz, 1593 MHz, 395.60 W, 400.00 W, 63, 100 %, 0x0000000000000004, 17283 MiB
2026/10/08 04:23:35.493, 1380 MHz, 1593 MHz, 394.08 W, 400.00 W, 62, 100 %, 0x0000000000000004, 17283 MiB
2026/10/08 04:23:36.495, 1365 MHz, 1593 MHz, 407.70 W, 400.00 W, 63, 100 %, 0x0000000000000004, 17283 MiB
2026/10/08 04:23:37.497, 1350 MHz, 1593 MHz, 383.83 W, 400.00 W, 62, 100 %, 0x0000000000000004, 17283 MiB
2026/10/08 04:23:38.499, 1350 MHz, 1593 MHz, 401.95 W, 400.00 W, 63, 100 %, 0x0000000000000004, 17283 MiB
2026/10/08 04:23:39.500, 1230 MHz, 1593 MHz, 492.93 W, 400.00 W, 64, 100 %, 0x0000000000000004, 17283 MiB
2026/10/08 04:23:40.502, 1365 MHz, 1593 MHz, 391.89 W, 400.00 W, 62, 100 %, 0x0000000000000004, 17283 MiB
2026/10/08 04:23:41.504, 1350 MHz, 1593 MHz, 406.62 W, 400.00 W, 62, 100 %, 0x0000000000000004, 17283 MiB
2026/10/08 04:23:42.506, 1350 MHz, 1593 MHz, 413.28 W, 400.00 W, 63, 100 %, 0x0000000000000004, 17283 MiB
2026/10/08 04:23:43.507, 1350 MHz, 1593 MHz, 383.11 W, 400.00 W, 63, 100 %, 0x0000000000000004, 17283 MiB
2026/10/08 04:23:44.509, 1365 MHz, 1593 MHz, 397.58 W, 400.00 W, 63, 100 %, 0x0000000000000004, 17283 MiB
2026/10/08 04:23:45.510, 1350 MHz, 1593 MHz, 388.26 W, 400.00 W, 63, 100 %, 0x0000000000000004, 17283 MiB
2026/10/08 04:23:46.512, 1395 MHz, 1593 MHz, 245.73 W, 400.00 W, 62, 100 %, 0x0000000000000004, 17283 MiB
2026/10/08 04:23:47.514, 1395 MHz, 1593 MHz, 367.50 W, 400.00 W, 61, 92 %, 0x0000000000000004, 17283 MiB
2026/10/08 04:23:48.520, 1410 MHz, 1593 MHz, 326.72 W, 400.00 W, 59, 92 %, 0x0000000000000000, 17283 MiB
2026/10/08 04:23:49.522, 1395 MHz, 1593 MHz, 331.55 W, 400.00 W, 60, 88 %, 0x0000000000000004, 17283 MiB
2026/10/08 04:23:50.524, 1410 MHz, 1593 MHz, 403.64 W, 400.00 W, 60, 91 %, 0x0000000000000000, 17283 MiB
2026/10/08 04:23:51.527, 1395 MHz, 1593 MHz, 257.24 W, 400.00 W, 59, 91 %, 0x0000000000000004, 17283 MiB
2026/10/08 04:23:52.576, 1410 MHz, 1593 MHz, 376.29 W, 400.00 W, 59, 89 %, 0x0000000000000000, 17283 MiB
2026/10/08 04:23:53.579, 1395 MHz, 1593 MHz, 403.05 W, 400.00 W, 60, 92 %, 0x0000000000000004, 17283 MiB
2026/10/08 04:23:54.580, 1395 MHz, 1593 MHz, 287.77 W, 400.00 W, 60, 91 %, 0x0000000000000004, 17283 MiB
2026/10/08 04:23:55.582, 1395 MHz, 1593 MHz, 355.64 W, 400.00 W, 59, 90 %, 0x0000000000000004, 17283 MiB
2026/10/08 04:23:56.583, 1410 MHz, 1593 MHz, 405.76 W, 400.00 W, 60, 92 %, 0x0000000000000000, 17283 MiB
2026/10/08 04:23:57.585, 1395 MHz, 1593 MHz, 236.39 W, 400.00 W, 60, 89 %, 0x0000000000000004, 17283 MiB
2026/10/08 04:23:58.587, 1395 MHz, 1593 MHz, 362.08 W, 400.00 W, 60, 91 %, 0x0000000000000004, 17283 MiB
2026/10/08 04:23:59.589, 1395 MHz, 1593 MHz, 395.01 W, 400.00 W, 59, 92 %, 0x0000000000000004, 17283 MiB
2026/10/08 04:24:00.590, 1410 MHz, 1593 MHz, 262.40 W, 400.00 W, 59, 88 %, 0x0000000000000000, 17283 MiB
2026/10/08 04:24:01.592, 1395 MHz, 1593 MHz, 382.58 W, 400.00 W, 60, 92 %, 0x0000000000000004, 17283 MiB
2026/10/08 04:24:02.593, 1395 MHz, 1593 MHz, 361.49 W, 400.00 W, 58, 91 %, 0x0000000000000004, 17283 MiB
2026/10/08 04:24:03.595, 1395 MHz, 1593 MHz, 271.45 W, 400.00 W, 59, 88 %, 0x0000000000000004, 17283 MiB
2026/10/08 04:24:04.597, 1395 MHz, 1593 MHz, 378.08 W, 400.00 W, 60, 100 %, 0x0000000000000004, 11275 MiB
2026/10/08 04:24:05.598, 1410 MHz, 1593 MHz, 97.03 W, 400.00 W, 53, 86 %, 0x0000000000000000, 11275 MiB
2026/10/08 04:24:06.649, 1410 MHz, 1593 MHz, 91.36 W, 400.00 W, 47, 10 %, 0x0000000000000000, 5577 MiB
2026/10/08 04:24:07.652, 1410 MHz, 1593 MHz, 90.99 W, 400.00 W, 46, 0 %, 0x0000000000000000, 5577 MiB
2026/10/08 04:24:08.654, 1140 MHz, 1593 MHz, 72.61 W, 400.00 W, 44, 0 %, 0x0000000000000000, 5577 MiB
2026/10/08 04:24:09.655, 1140 MHz, 1593 MHz, 72.28 W, 400.00 W, 43, 0 %, 0x0000000000000000, 5577 MiB
2026/10/08 04:24:10.657, 1140 MHz, 1593 MHz, 72.01 W, 400.00 W, 42, 0 %, 0x0000000000000000, 5577 MiB
2026/10/08 04:24:11.658, 1365 MHz, 1593 MHz, 359.05 W, 400.00 W, 56, 100 %, 0x0000000000000004, 13655 MiB
2026/10/08 04:24:12.660, 1380 MHz, 1593 MHz, 372.93 W, 400.00 W, 58, 100 %, 0x0000000000000004, 13701 MiB
2026/10/08 04:24:13.662, 1350 MHz, 1593 MHz, 389.85 W, 400.00 W, 59, 100 %, 0x0000000000000004, 13759 MiB
2026/10/08 04:24:14.664, 1395 MHz, 1593 MHz, 374.45 W, 400.00 W, 59, 100 %, 0x0000000000000004, 13789 MiB
2026/10/08 04:24:15.665, 1395 MHz, 1593 MHz, 409.66 W, 400.00 W, 60, 100 %, 0x0000000000000004, 13789 MiB
2026/10/08 04:24:16.667, 1380 MHz, 1593 MHz, 396.80 W, 400.00 W, 60, 100 %, 0x0000000000000004, 13789 MiB
2026/10/08 04:24:17.669, 1380 MHz, 1593 MHz, 400.43 W, 400.00 W, 60, 100 %, 0x0000000000000004, 13789 MiB
2026/10/08 04:24:18.670, 1365 MHz, 1593 MHz, 424.77 W, 400.00 W, 61, 100 %, 0x0000000000000004, 17329 MiB
2026/10/08 04:24:19.672, 1395 MHz, 1593 MHz, 391.05 W, 400.00 W, 61, 100 %, 0x0000000000000004, 17329 MiB
2026/10/08 04:24:20.673, 1365 MHz, 1593 MHz, 398.90 W, 400.00 W, 61, 100 %, 0x0000000000000004, 17329 MiB
2026/10/08 04:24:21.675, 1365 MHz, 1593 MHz, 374.78 W, 400.00 W, 61, 100 %, 0x0000000000000004, 17329 MiB
2026/10/08 04:24:22.676, 1365 MHz, 1593 MHz, 377.16 W, 400.00 W, 61, 100 %, 0x0000000000000004, 17329 MiB
2026/10/08 04:24:23.678, 1380 MHz, 1593 MHz, 346.95 W, 400.00 W, 61, 100 %, 0x0000000000000004, 17329 MiB
2026/10/08 04:24:24.680, 1365 MHz, 1593 MHz, 401.02 W, 400.00 W, 62, 100 %, 0x0000000000000004, 17329 MiB
2026/10/08 04:24:25.681, 1395 MHz, 1593 MHz, 350.59 W, 400.00 W, 61, 100 %, 0x0000000000000004, 20941 MiB
2026/10/08 04:24:26.683, 1380 MHz, 1593 MHz, 400.61 W, 400.00 W, 61, 100 %, 0x0000000000000004, 20941 MiB
2026/10/08 04:24:27.685, 1380 MHz, 1593 MHz, 381.39 W, 400.00 W, 62, 100 %, 0x0000000000000004, 20941 MiB
2026/10/08 04:24:28.686, 1365 MHz, 1593 MHz, 383.51 W, 400.00 W, 62, 100 %, 0x0000000000000004, 20941 MiB
2026/10/08 04:24:29.688, 1365 MHz, 1593 MHz, 381.39 W, 400.00 W, 62, 100 %, 0x0000000000000004, 20941 MiB
2026/10/08 04:24:30.690, 1380 MHz, 1593 MHz, 391.69 W, 400.00 W, 62, 100 %, 0x0000000000000004, 20941 MiB
2026/10/08 04:24:31.691, 1365 MHz, 1593 MHz, 378.40 W, 400.00 W, 62, 100 %, 0x0000000000000004, 20941 MiB
2026/10/08 04:24:32.693, 1365 MHz, 1593 MHz, 393.76 W, 400.00 W, 62, 100 %, 0x0000000000000004, 20941 MiB
2026/10/08 04:24:33.695, 1380 MHz, 1593 MHz, 383.51 W, 400.00 W, 62, 100 %, 0x0000000000000004, 20941 MiB
2026/10/08 04:24:34.697, 1365 MHz, 1593 MHz, 374.18 W, 400.00 W, 62, 100 %, 0x0000000000000004, 20941 MiB
2026/10/08 04:24:35.698, 1350 MHz, 1593 MHz, 379.28 W, 400.00 W, 62, 100 %, 0x0000000000000004, 20941 MiB
2026/10/08 04:24:36.700, 1335 MHz, 1593 MHz, 371.73 W, 400.00 W, 62, 100 %, 0x0000000000000004, 20941 MiB
2026/10/08 04:24:37.702, 1365 MHz, 1593 MHz, 413.28 W, 400.00 W, 63, 100 %, 0x0000000000000004, 20941 MiB
2026/10/08 04:24:38.703, 1365 MHz, 1593 MHz, 405.43 W, 400.00 W, 63, 100 %, 0x0000000000000004, 20941 MiB
2026/10/08 04:24:39.705, 1365 MHz, 1593 MHz, 424.89 W, 400.00 W, 63, 100 %, 0x0000000000000004, 20941 MiB
2026/10/08 04:24:40.707, 1365 MHz, 1593 MHz, 368.43 W, 400.00 W, 62, 100 %, 0x0000000000000004, 20941 MiB
2026/10/08 04:24:41.709, 1365 MHz, 1593 MHz, 412.69 W, 400.00 W, 63, 100 %, 0x0000000000000004, 20941 MiB
2026/10/08 04:24:42.711, 1350 MHz, 1593 MHz, 396.80 W, 400.00 W, 62, 100 %, 0x0000000000000004, 20941 MiB
2026/10/08 04:24:43.712, 1380 MHz, 1593 MHz, 363.88 W, 400.00 W, 62, 100 %, 0x0000000000000004, 20941 MiB
2026/10/08 04:24:44.714, 1365 MHz, 1593 MHz, 393.48 W, 400.00 W, 63, 100 %, 0x0000000000000004, 20941 MiB
2026/10/08 04:24:45.716, 1350 MHz, 1593 MHz, 387.46 W, 400.00 W, 63, 100 %, 0x0000000000000004, 20941 MiB
2026/10/08 04:24:46.718, 1365 MHz, 1593 MHz, 422.45 W, 400.00 W, 63, 100 %, 0x0000000000000004, 20941 MiB
2026/10/08 04:24:47.719, 1410 MHz, 1593 MHz, 400.43 W, 400.00 W, 61, 92 %, 0x0000000000000000, 20941 MiB
2026/10/08 04:24:48.721, 1410 MHz, 1593 MHz, 334.32 W, 400.00 W, 61, 92 %, 0x0000000000000000, 20941 MiB
2026/10/08 04:24:49.722, 1410 MHz, 1593 MHz, 256.97 W, 400.00 W, 61, 90 %, 0x0000000000000000, 20941 MiB
2026/10/08 04:24:50.724, 1410 MHz, 1593 MHz, 265.11 W, 400.00 W, 61, 87 %, 0x0000000000000000, 20941 MiB
2026/10/08 04:24:51.726, 1410 MHz, 1593 MHz, 347.60 W, 400.00 W, 60, 89 %, 0x0000000000000000, 20941 MiB
2026/10/08 04:24:52.728, 1410 MHz, 1593 MHz, 387.14 W, 400.00 W, 60, 92 %, 0x0000000000000000, 20941 MiB
2026/10/08 04:24:53.731, 1410 MHz, 1593 MHz, 408.29 W, 400.00 W, 59, 91 %, 0x0000000000000000, 20941 MiB
2026/10/08 04:24:54.734, 1410 MHz, 1593 MHz, 400.61 W, 400.00 W, 59, 92 %, 0x0000000000000000, 20941 MiB
2026/10/08 04:24:55.735, 1410 MHz, 1593 MHz, 340.60 W, 400.00 W, 59, 91 %, 0x0000000000000000, 20941 MiB
2026/10/08 04:24:56.737, 1410 MHz, 1593 MHz, 258.76 W, 400.00 W, 60, 92 %, 0x0000000000000000, 20941 MiB
2026/10/08 04:24:57.739, 1410 MHz, 1593 MHz, 267.83 W, 400.00 W, 60, 90 %, 0x0000000000000000, 20941 MiB
2026/10/08 04:24:58.740, 1410 MHz, 1593 MHz, 345.49 W, 400.00 W, 60, 88 %, 0x0000000000000000, 20941 MiB
2026/10/08 04:24:59.742, 1410 MHz, 1593 MHz, 387.14 W, 400.00 W, 61, 89 %, 0x0000000000000000, 20941 MiB
2026/10/08 04:25:00.743, 1410 MHz, 1593 MHz, 398.31 W, 400.00 W, 61, 92 %, 0x0000000000000000, 20941 MiB
2026/10/08 04:25:01.745, 1410 MHz, 1593 MHz, 407.04 W, 400.00 W, 60, 92 %, 0x0000000000000000, 20941 MiB
2026/10/08 04:25:02.747, 1410 MHz, 1593 MHz, 408.73 W, 400.00 W, 61, 92 %, 0x0000000000000000, 20941 MiB
2026/10/08 04:25:03.748, 1410 MHz, 1593 MHz, 346.36 W, 400.00 W, 61, 92 %, 0x0000000000000000, 20941 MiB
2026/10/08 04:25:04.750, 1410 MHz, 1593 MHz, 331.87 W, 400.00 W, 61, 92 %, 0x0000000000000000, 20941 MiB
2026/10/08 04:25:05.752, 1410 MHz, 1593 MHz, 399.83 W, 400.00 W, 61, 100 %, 0x0000000000000000, 10751 MiB
2026/10/08 04:25:06.754, 1410 MHz, 1593 MHz, 96.42 W, 400.00 W, 52, 65 %, 0x0000000000000000, 10751 MiB
2026/10/08 04:25:07.754, 1410 MHz, 1593 MHz, 91.69 W, 400.00 W, 47, 0 %, 0x0000000000000000, 5275 MiB
2026/10/08 04:25:08.757, 1410 MHz, 1593 MHz, 90.76 W, 400.00 W, 46, 0 %, 0x0000000000000000, 5275 MiB
2026/10/08 04:25:09.759, 1140 MHz, 1593 MHz, 72.61 W, 400.00 W, 44, 0 %, 0x0000000000000000, 5275 MiB
2026/10/08 04:25:10.761, 1140 MHz, 1593 MHz, 72.28 W, 400.00 W, 43, 0 %, 0x0000000000000000, 5275 MiB
2026/10/08 04:25:11.763, 1140 MHz, 1593 MHz, 72.53 W, 400.00 W, 43, 0 %, 0x0000000000000000, 5275 MiB
2026/10/08 04:25:12.764, 1350 MHz, 1593 MHz, 320.70 W, 400.00 W, 57, 100 %, 0x0000000000000004, 13929 MiB
2026/10/08 04:25:13.766, 1380 MHz, 1593 MHz, 391.89 W, 400.00 W, 59, 100 %, 0x0000000000000004, 13975 MiB
2026/10/08 04:25:14.768, 1380 MHz, 1593 MHz, 392.89 W, 400.00 W, 60, 100 %, 0x0000000000000004, 14033 MiB
2026/10/08 04:25:15.769, 1365 MHz, 1593 MHz, 410.41 W, 400.00 W, 60, 100 %, 0x0000000000000004, 14069 MiB
2026/10/08 04:25:16.771, 1395 MHz, 1593 MHz, 397.99 W, 400.00 W, 60, 100 %, 0x0000000000000004, 14069 MiB
2026/10/08 04:25:17.773, 1365 MHz, 1593 MHz, 387.73 W, 400.00 W, 60, 100 %, 0x0000000000000004, 14069 MiB
2026/10/08 04:25:18.775, 1380 MHz, 1593 MHz, 416.92 W, 400.00 W, 61, 100 %, 0x0000000000000004, 14069 MiB
2026/10/08 04:25:19.776, 1380 MHz, 1593 MHz, 333.39 W, 400.00 W, 60, 100 %, 0x0000000000000004, 14069 MiB
2026/10/08 04:25:20.778, 1395 MHz, 1593 MHz, 373.53 W, 400.00 W, 61, 100 %, 0x0000000000000004, 14069 MiB
2026/10/08 04:25:21.780, 1380 MHz, 1593 MHz, 431.98 W, 400.00 W, 61, 100 %, 0x0000000000000004, 14069 MiB
2026/10/08 04:25:22.781, 1365 MHz, 1593 MHz, 414.48 W, 400.00 W, 61, 100 %, 0x0000000000000004, 14069 MiB
2026/10/08 04:25:23.783, 1350 MHz, 1593 MHz, 397.72 W, 400.00 W, 62, 100 %, 0x0000000000000004, 14069 MiB
2026/10/08 04:25:24.785, 1365 MHz, 1593 MHz, 389.25 W, 400.00 W, 62, 100 %, 0x0000000000000004, 14069 MiB
2026/10/08 04:25:25.786, 1380 MHz, 1593 MHz, 417.95 W, 400.00 W, 62, 100 %, 0x0000000000000004, 14069 MiB
2026/10/08 04:25:26.788, 1275 MHz, 1593 MHz, 405.76 W, 400.00 W, 62, 100 %, 0x0000000000000004, 14069 MiB
2026/10/08 04:25:27.790, 1380 MHz, 1593 MHz, 406.95 W, 400.00 W, 62, 100 %, 0x0000000000000004, 14069 MiB
2026/10/08 04:25:28.791, 1365 MHz, 1593 MHz, 397.39 W, 400.00 W, 62, 100 %, 0x0000000000000004, 14069 MiB
2026/10/08 04:25:29.793, 1365 MHz, 1593 MHz, 410.57 W, 400.00 W, 62, 100 %, 0x0000000000000004, 14069 MiB
2026/10/08 04:25:30.794, 1245 MHz, 1593 MHz, 422.77 W, 400.00 W, 64, 100 %, 0x0000000000000004, 14069 MiB
2026/10/08 04:25:31.796, 1380 MHz, 1593 MHz, 355.14 W, 400.00 W, 62, 100 %, 0x0000000000000004, 14069 MiB
2026/10/08 04:25:32.798, 1365 MHz, 1593 MHz, 378.08 W, 400.00 W, 62, 100 %, 0x0000000000000004, 14069 MiB
2026/10/08 04:25:33.799, 1365 MHz, 1593 MHz, 395.28 W, 400.00 W, 62, 100 %, 0x0000000000000004, 14069 MiB
2026/10/08 04:25:34.801, 1365 MHz, 1593 MHz, 361.16 W, 400.00 W, 63, 100 %, 0x0000000000000004, 14069 MiB
2026/10/08 04:25:35.803, 1350 MHz, 1593 MHz, 414.04 W, 400.00 W, 62, 100 %, 0x0000000000000004, 14069 MiB
2026/10/08 04:25:36.804, 1350 MHz, 1593 MHz, 416.42 W, 400.00 W, 63, 100 %, 0x0000000000000004, 14069 MiB
2026/10/08 04:25:37.806, 1350 MHz, 1593 MHz, 379.47 W, 400.00 W, 62, 100 %, 0x0000000000000004, 14069 MiB
2026/10/08 04:25:38.808, 1380 MHz, 1593 MHz, 399.42 W, 400.00 W, 62, 100 %, 0x0000000000000004, 14069 MiB
2026/10/08 04:25:39.809, 1380 MHz, 1593 MHz, 377.16 W, 400.00 W, 63, 100 %, 0x0000000000000004, 14069 MiB
2026/10/08 04:25:40.811, 1350 MHz, 1593 MHz, 394.27 W, 400.00 W, 63, 100 %, 0x0000000000000004, 14069 MiB
2026/10/08 04:25:41.812, 1365 MHz, 1593 MHz, 359.05 W, 400.00 W, 62, 100 %, 0x0000000000000004, 14069 MiB
2026/10/08 04:25:42.814, 1350 MHz, 1593 MHz, 374.45 W, 400.00 W, 63, 100 %, 0x0000000000000004, 14069 MiB
2026/10/08 04:25:43.816, 1350 MHz, 1593 MHz, 394.27 W, 400.00 W, 63, 100 %, 0x0000000000000004, 14069 MiB
2026/10/08 04:25:44.817, 1365 MHz, 1593 MHz, 400.34 W, 400.00 W, 63, 100 %, 0x0000000000000004, 14069 MiB
2026/10/08 04:25:45.819, 1365 MHz, 1593 MHz, 402.45 W, 400.00 W, 63, 100 %, 0x0000000000000004, 14069 MiB
2026/10/08 04:25:46.821, 1380 MHz, 1593 MHz, 400.02 W, 400.00 W, 63, 100 %, 0x0000000000000004, 14069 MiB
2026/10/08 04:25:47.822, 1365 MHz, 1593 MHz, 400.75 W, 400.00 W, 63, 100 %, 0x0000000000000004, 14069 MiB
2026/10/08 04:25:48.824, 1410 MHz, 1593 MHz, 326.13 W, 400.00 W, 60, 100 %, 0x0000000000000000, 14069 MiB
2026/10/08 04:25:49.826, 1410 MHz, 1593 MHz, 255.12 W, 400.00 W, 61, 92 %, 0x0000000000000000, 14069 MiB
2026/10/08 04:25:50.827, 1395 MHz, 1593 MHz, 254.26 W, 400.00 W, 61, 91 %, 0x0000000000000004, 14069 MiB
2026/10/08 04:25:51.829, 1410 MHz, 1593 MHz, 324.33 W, 400.00 W, 61, 88 %, 0x0000000000000000, 14069 MiB
2026/10/08 04:25:52.831, 1410 MHz, 1593 MHz, 377.76 W, 400.00 W, 61, 89 %, 0x0000000000000000, 14069 MiB
2026/10/08 04:25:53.832, 1410 MHz, 1593 MHz, 396.98 W, 400.00 W, 61, 92 %, 0x0000000000000000, 14069 MiB
2026/10/08 04:25:54.834, 1410 MHz, 1593 MHz, 406.18 W, 400.00 W, 61, 92 %, 0x0000000000000000, 14069 MiB
2026/10/08 04:25:55.836, 1410 MHz, 1593 MHz, 410.57 W, 400.00 W, 60, 92 %, 0x0000000000000000, 14069 MiB
2026/10/08 04:25:56.838, 1410 MHz, 1593 MHz, 346.68 W, 400.00 W, 61, 92 %, 0x0000000000000000, 14069 MiB
2026/10/08 04:25:57.843, 1410 MHz, 1593 MHz, 266.30 W, 400.00 W, 59, 88 %, 0x0000000000000000, 14069 MiB
2026/10/08 04:25:58.846, 1410 MHz, 1593 MHz, 270.86 W, 400.00 W, 59, 89 %, 0x0000000000000000, 14069 MiB
2026/10/08 04:25:59.848, 1410 MHz, 1593 MHz, 358.45 W, 400.00 W, 59, 92 %, 0x0000000000000000, 14069 MiB
2026/10/08 04:26:00.850, 1410 MHz, 1593 MHz, 394.68 W, 400.00 W, 60, 91 %, 0x0000000000000000, 14069 MiB
2026/10/08 04:26:01.851, 1410 MHz, 1593 MHz, 406.03 W, 400.00 W, 60, 92 %, 0x0000000000000000, 14069 MiB
2026/10/08 04:26:02.853, 1410 MHz, 1593 MHz, 406.03 W, 400.00 W, 60, 92 %, 0x0000000000000000, 14069 MiB
2026/10/08 04:26:03.854, 1410 MHz, 1593 MHz, 307.41 W, 400.00 W, 61, 92 %, 0x0000000000000000, 14069 MiB
2026/10/08 04:26:04.856, 1410 MHz, 1593 MHz, 258.17 W, 400.00 W, 61, 92 %, 0x0000000000000000, 14069 MiB
2026/10/08 04:26:05.858, 1410 MHz, 1593 MHz, 289.57 W, 400.00 W, 61, 89 %, 0x0000000000000000, 14069 MiB
2026/10/08 04:26:06.859, 1410 MHz, 1593 MHz, 361.98 W, 400.00 W, 61, 92 %, 0x0000000000000000, 10813 MiB
2026/10/08 04:26:07.861, 1410 MHz, 1593 MHz, 361.98 W, 400.00 W, 61, 100 %, 0x0000000000000000, 10813 MiB
2026/10/08 04:26:08.863, 1410 MHz, 1593 MHz, 92.46 W, 400.00 W, 48, 35 %, 0x0000000000000000, 5267 MiB
2026/10/08 04:26:09.951, 1140 MHz, 1593 MHz, 73.21 W, 400.00 W, 46, 0 %, 0x0000000000000000, 5267 MiB
2026/10/08 04:26:10.953, 1140 MHz, 1593 MHz, 72.53 W, 400.00 W, 44, 0 %, 0x0000000000000000, 5267 MiB
2026/10/08 04:26:11.954, 1140 MHz, 1593 MHz, 72.28 W, 400.00 W, 43, 0 %, 0x0000000000000000, 5267 MiB
2026/10/08 04:26:12.956, 1140 MHz, 1593 MHz, 71.69 W, 400.00 W, 43, 0 %, 0x0000000000000000, 5267 MiB
2026/10/08 04:26:13.958, 1395 MHz, 1593 MHz, 404.83 W, 400.00 W, 55, 100 %, 0x0000000000000004, 13675 MiB
2026/10/08 04:26:14.959, 1380 MHz, 1593 MHz, 364.47 W, 400.00 W, 58, 100 %, 0x0000000000000004, 13721 MiB
2026/10/08 04:26:15.995, 1380 MHz, 1593 MHz, 396.71 W, 400.00 W, 59, 100 %, 0x0000000000000004, 13779 MiB
2026/10/08 04:26:16.997, 1380 MHz, 1593 MHz, 388.66 W, 400.00 W, 60, 100 %, 0x0000000000000004, 13819 MiB
2026/10/08 04:26:17.998, 1395 MHz, 1593 MHz, 411.17 W, 400.00 W, 60, 100 %, 0x0000000000000004, 13819 MiB
2026/10/08 04:26:19.000, 1380 MHz, 1593 MHz, 409.39 W, 400.00 W, 60, 100 %, 0x0000000000000004, 13819 MiB
2026/10/08 04:26:20.002, 1365 MHz, 1593 MHz, 389.45 W, 400.00 W, 60, 100 %, 0x0000000000000004, 13819 MiB
2026/10/08 04:26:21.003, 1365 MHz, 1593 MHz, 409.98 W, 400.00 W, 61, 100 %, 0x0000000000000004, 13819 MiB
2026/10/08 04:26:22.005, 1395 MHz, 1593 MHz, 401.62 W, 400.00 W, 61, 100 %, 0x0000000000000004, 13819 MiB
2026/10/08 04:26:23.007, 1365 MHz, 1593 MHz, 389.77 W, 400.00 W, 61, 100 %, 0x0000000000000004, 13819 MiB
2026/10/08 04:26:24.008, 1365 MHz, 1593 MHz, 383.71 W, 400.00 W, 61, 100 %, 0x0000000000000004, 13819 MiB
2026/10/08 04:26:25.010, 1365 MHz, 1593 MHz, 397.58 W, 400.00 W, 61, 100 %, 0x0000000000000004, 13819 MiB
2026/10/08 04:26:26.011, 1365 MHz, 1593 MHz, 386.54 W, 400.00 W, 61, 100 %, 0x0000000000000004, 13819 MiB
2026/10/08 04:26:27.076, 1350 MHz, 1593 MHz, 408.14 W, 400.00 W, 61, 100 %, 0x0000000000000004, 13819 MiB
2026/10/08 04:26:28.078, 1335 MHz, 1593 MHz, 446.18 W, 400.00 W, 61, 100 %, 0x0000000000000004, 15253 MiB
2026/10/08 04:26:29.080, 1365 MHz, 1593 MHz, 396.98 W, 400.00 W, 61, 100 %, 0x0000000000000004, 15253 MiB
2026/10/08 04:26:30.081, 1365 MHz, 1593 MHz, 387.65 W, 400.00 W, 61, 100 %, 0x0000000000000004, 15253 MiB
2026/10/08 04:26:31.083, 1365 MHz, 1593 MHz, 378.01 W, 400.00 W, 61, 100 %, 0x0000000000000004, 18597 MiB
2026/10/08 04:26:32.085, 1365 MHz, 1593 MHz, 417.18 W, 400.00 W, 61, 100 %, 0x0000000000000004, 18597 MiB
2026/10/08 04:26:33.086, 1365 MHz, 1593 MHz, 407.27 W, 400.00 W, 61, 100 %, 0x0000000000000004, 18597 MiB
2026/10/08 04:26:34.088, 1350 MHz, 1593 MHz, 410.25 W, 400.00 W, 61, 100 %, 0x0000000000000004, 18597 MiB
2026/10/08 04:26:35.090, 1410 MHz, 1593 MHz, 363.27 W, 400.00 W, 61, 100 %, 0x0000000000000000, 18597 MiB
2026/10/08 04:26:36.092, 1380 MHz, 1593 MHz, 402.45 W, 400.00 W, 62, 100 %, 0x0000000000000004, 18597 MiB
2026/10/08 04:26:37.093, 1380 MHz, 1593 MHz, 420.82 W, 400.00 W, 62, 100 %, 0x0000000000000004, 18597 MiB
2026/10/08 04:26:38.095, 1365 MHz, 1593 MHz, 387.73 W, 400.00 W, 62, 100 %, 0x0000000000000004, 18597 MiB
2026/10/08 04:26:39.097, 1365 MHz, 1593 MHz, 372.66 W, 400.00 W, 62, 100 %, 0x0000000000000004, 18597 MiB
2026/10/08 04:26:40.098, 1380 MHz, 1593 MHz, 383.11 W, 400.00 W, 62, 100 %, 0x0000000000000004, 18597 MiB
2026/10/08 04:26:41.100, 1380 MHz, 1593 MHz, 396.80 W, 400.00 W, 62, 100 %, 0x0000000000000004, 18597 MiB
2026/10/08 04:26:42.101, 1365 MHz, 1593 MHz, 409.98 W, 400.00 W, 62, 100 %, 0x0000000000000004, 18597 MiB
2026/10/08 04:26:43.103, 1380 MHz, 1593 MHz, 384.70 W, 400.00 W, 62, 100 %, 0x0000000000000004, 18597 MiB
2026/10/08 04:26:44.105, 1365 MHz, 1593 MHz, 390.18 W, 400.00 W, 62, 100 %, 0x0000000000000004, 18597 MiB
2026/10/08 04:26:45.106, 1350 MHz, 1593 MHz, 395.01 W, 400.00 W, 62, 100 %, 0x0000000000000004, 18597 MiB
2026/10/08 04:26:46.108, 1380 MHz, 1593 MHz, 339.42 W, 400.00 W, 62, 100 %, 0x0000000000000004, 18597 MiB
2026/10/08 04:26:47.109, 1365 MHz, 1593 MHz, 362.36 W, 400.00 W, 63, 100 %, 0x0000000000000004, 18597 MiB
2026/10/08 04:26:48.111, 1365 MHz, 1593 MHz, 377.10 W, 400.00 W, 63, 100 %, 0x0000000000000004, 18597 MiB
2026/10/08 04:26:49.113, 1350 MHz, 1593 MHz, 388.26 W, 400.00 W, 62, 100 %, 0x0000000000000004, 18597 MiB
2026/10/08 04:26:50.115, 1410 MHz, 1593 MHz, 402.12 W, 400.00 W, 61, 92 %, 0x0000000000000000, 18597 MiB
2026/10/08 04:26:51.116, 1410 MHz, 1593 MHz, 404.56 W, 400.00 W, 61, 92 %, 0x0000000000000000, 18597 MiB
2026/10/08 04:26:52.118, 1410 MHz, 1593 MHz, 315.87 W, 400.00 W, 59, 92 %, 0x0000000000000000, 18597 MiB
2026/10/08 04:26:53.120, 1410 MHz, 1593 MHz, 244.28 W, 400.00 W, 59, 92 %, 0x0000000000000000, 18597 MiB
2026/10/08 04:26:54.121, 1410 MHz, 1593 MHz, 309.20 W, 400.00 W, 59, 91 %, 0x0000000000000000, 18597 MiB
2026/10/08 04:26:55.123, 1410 MHz, 1593 MHz, 333.39 W, 400.00 W, 60, 88 %, 0x0000000000000000, 18597 MiB
2026/10/08 04:26:56.125, 1410 MHz, 1593 MHz, 380.72 W, 400.00 W, 59, 91 %, 0x0000000000000000, 18597 MiB
2026/10/08 04:26:57.126, 1410 MHz, 1593 MHz, 397.58 W, 400.00 W, 59, 92 %, 0x0000000000000000, 18597 MiB
2026/10/08 04:26:58.128, 1410 MHz, 1593 MHz, 401.95 W, 400.00 W, 60, 92 %, 0x0000000000000000, 18597 MiB
2026/10/08 04:26:59.130, 1410 MHz, 1593 MHz, 340.93 W, 400.00 W, 60, 92 %, 0x0000000000000000, 18597 MiB
2026/10/08 04:27:00.131, 1410 MHz, 1593 MHz, 259.42 W, 400.00 W, 60, 92 %, 0x0000000000000000, 18597 MiB
2026/10/08 04:27:01.133, 1410 MHz, 1593 MHz, 264.84 W, 400.00 W, 60, 90 %, 0x0000000000000000, 18597 MiB
2026/10/08 04:27:02.135, 1410 MHz, 1593 MHz, 328.84 W, 400.00 W, 60, 86 %, 0x0000000000000000, 18597 MiB
2026/10/08 04:27:03.136, 1410 MHz, 1593 MHz, 374.45 W, 400.00 W, 60, 89 %, 0x0000000000000000, 18597 MiB
2026/10/08 04:27:04.138, 1410 MHz, 1593 MHz, 393.67 W, 400.00 W, 58, 92 %, 0x0000000000000000, 18597 MiB
2026/10/08 04:27:05.140, 1410 MHz, 1593 MHz, 402.12 W, 400.00 W, 59, 92 %, 0x0000000000000000, 18597 MiB
2026/10/08 04:27:06.142, 1410 MHz, 1593 MHz, 378.01 W, 400.00 W, 59, 92 %, 0x0000000000000000, 18597 MiB
2026/10/08 04:27:07.143, 1410 MHz, 1593 MHz, 300.15 W, 400.00 W, 59, 92 %, 0x0000000000000000, 18597 MiB
2026/10/08 04:27:08.145, 1410 MHz, 1593 MHz, 348.47 W, 400.00 W, 60, 100 %, 0x0000000000000000, 10673 MiB
2026/10/08 04:27:09.146, 1410 MHz, 1593 MHz, 94.90 W, 400.00 W, 51, 0 %, 0x0000000000000000, 10673 MiB
2026/10/08 04:27:10.150, 1410 MHz, 1593 MHz, 90.67 W, 400.00 W, 46, 0 %, 0x0000000000000000, 5983 MiB
2026/10/08 04:27:11.152, 1410 MHz, 1593 MHz, 89.75 W, 400.00 W, 45, 0 %, 0x0000000000000000, 5983 MiB
2026/10/08 04:27:12.153, 1140 MHz, 1593 MHz, 71.94 W, 400.00 W, 43, 0 %, 0x0000000000000000, 5983 MiB
2026/10/08 04:27:13.155, 1140 MHz, 1593 MHz, 71.61 W, 400.00 W, 42, 0 %, 0x0000000000000000, 5983 MiB
2026/10/08 04:27:14.156, 1380 MHz, 1593 MHz, 328.24 W, 400.00 W, 51, 98 %, 0x0000000000000004, 13957 MiB
2026/10/08 04:27:15.158, 1365 MHz, 1593 MHz, 414.48 W, 400.00 W, 57, 100 %, 0x0000000000000004, 13979 MiB
2026/10/08 04:27:16.160, 1380 MHz, 1593 MHz, 419.30 W, 400.00 W, 58, 100 %, 0x0000000000000004, 14037 MiB
2026/10/08 04:27:17.162, 1350 MHz, 1593 MHz, 392.75 W, 400.00 W, 58, 100 %, 0x0000000000000004, 14095 MiB
2026/10/08 04:27:18.164, 1395 MHz, 1593 MHz, 356.93 W, 400.00 W, 58, 100 %, 0x0000000000000004, 15529 MiB
2026/10/08 04:27:19.165, 1380 MHz, 1593 MHz, 368.92 W, 400.00 W, 59, 100 %, 0x0000000000000004, 15529 MiB
2026/10/08 04:27:20.167, 1365 MHz, 1593 MHz, 381.12 W, 400.00 W, 59, 100 %, 0x0000000000000004, 15529 MiB
2026/10/08 04:27:21.168, 1365 MHz, 1593 MHz, 399.68 W, 400.00 W, 59, 100 %, 0x0000000000000004, 15529 MiB
2026/10/08 04:27:22.170, 1380 MHz, 1593 MHz, 415.40 W, 400.00 W, 59, 100 %, 0x0000000000000004, 19097 MiB
2026/10/08 04:27:23.191, 1380 MHz, 1593 MHz, 395.46 W, 400.00 W, 59, 100 %, 0x0000000000000004, 19097 MiB
2026/10/08 04:27:24.193, 1350 MHz, 1593 MHz, 408.46 W, 400.00 W, 60, 100 %, 0x0000000000000004, 19097 MiB
2026/10/08 04:27:25.195, 1365 MHz, 1593 MHz, 371.95 W, 400.00 W, 60, 100 %, 0x0000000000000004, 19097 MiB
2026/10/08 04:27:26.197, 1365 MHz, 1593 MHz, 375.97 W, 400.00 W, 60, 100 %, 0x0000000000000004, 19097 MiB
2026/10/08 04:27:27.198, 1365 MHz, 1593 MHz, 384.11 W, 400.00 W, 60, 100 %, 0x0000000000000004, 19097 MiB
2026/10/08 04:27:28.200, 1365 MHz, 1593 MHz, 402.22 W, 400.00 W, 60, 100 %, 0x0000000000000004, 19097 MiB
2026/10/08 04:27:29.202, 1350 MHz, 1593 MHz, 386.82 W, 400.00 W, 60, 100 %, 0x0000000000000004, 22729 MiB
2026/10/08 04:27:30.204, 1380 MHz, 1593 MHz, 394.87 W, 400.00 W, 61, 100 %, 0x0000000000000004, 22729 MiB
2026/10/08 04:27:31.205, 1365 MHz, 1593 MHz, 404.83 W, 400.00 W, 61, 100 %, 0x0000000000000004, 22729 MiB
2026/10/08 04:27:32.207, 1365 MHz, 1593 MHz, 407.27 W, 400.00 W, 61, 100 %, 0x0000000000000004, 22729 MiB
2026/10/08 04:27:33.209, 1350 MHz, 1593 MHz, 436.80 W, 400.00 W, 61, 100 %, 0x0000000000000004, 22729 MiB
2026/10/08 04:27:34.211, 1380 MHz, 1593 MHz, 359.64 W, 400.00 W, 61, 100 %, 0x0000000000000004, 22729 MiB
2026/10/08 04:27:35.212, 1365 MHz, 1593 MHz, 366.31 W, 400.00 W, 61, 100 %, 0x0000000000000004, 22729 MiB
2026/10/08 04:27:36.214, 1365 MHz, 1593 MHz, 394.27 W, 400.00 W, 62, 100 %, 0x0000000000000004, 22729 MiB
2026/10/08 04:27:37.216, 1365 MHz, 1593 MHz, 398.82 W, 400.00 W, 62, 100 %, 0x0000000000000004, 22729 MiB
2026/10/08 04:27:38.218, 1380 MHz, 1593 MHz, 412.53 W, 400.00 W, 62, 100 %, 0x0000000000000004, 22729 MiB
2026/10/08 04:27:39.218, 1365 MHz, 1593 MHz, 394.68 W, 400.00 W, 62, 100 %, 0x0000000000000004, 22729 MiB
2026/10/08 04:27:40.221, 1395 MHz, 1593 MHz, 355.74 W, 400.00 W, 62, 100 %, 0x0000000000000004, 22729 MiB
2026/10/08 04:27:41.222, 1380 MHz, 1593 MHz, 387.46 W, 400.00 W, 62, 100 %, 0x0000000000000004, 22729 MiB
2026/10/08 04:27:42.224, 1365 MHz, 1593 MHz, 405.85 W, 400.00 W, 62, 100 %, 0x0000000000000004, 22729 MiB
2026/10/08 04:27:43.226, 1380 MHz, 1593 MHz, 413.88 W, 400.00 W, 63, 100 %, 0x0000000000000004, 22729 MiB
2026/10/08 04:27:44.226, 1380 MHz, 1593 MHz, 356.93 W, 400.00 W, 62, 100 %, 0x0000000000000004, 22729 MiB
2026/10/08 04:27:45.228, 1350 MHz, 1593 MHz, 380.79 W, 400.00 W, 62, 100 %, 0x0000000000000004, 22729 MiB
2026/10/08 04:27:46.230, 1350 MHz, 1593 MHz, 378.40 W, 400.00 W, 62, 100 %, 0x0000000000000004, 22729 MiB
2026/10/08 04:27:47.231, 1365 MHz, 1593 MHz, 383.83 W, 400.00 W, 62, 100 %, 0x0000000000000004, 22729 MiB
2026/10/08 04:27:48.233, 1290 MHz, 1593 MHz, 427.16 W, 400.00 W, 64, 100 %, 0x0000000000000004, 22729 MiB
2026/10/08 04:27:49.235, 1380 MHz, 1593 MHz, 377.49 W, 400.00 W, 62, 100 %, 0x0000000000000004, 22729 MiB
2026/10/08 04:27:50.236, 1365 MHz, 1593 MHz, 401.53 W, 400.00 W, 62, 100 %, 0x0000000000000004, 22729 MiB
2026/10/08 04:27:51.238, 1365 MHz, 1593 MHz, 384.62 W, 400.00 W, 63, 100 %, 0x0000000000000004, 22729 MiB
2026/10/08 04:27:52.240, 1410 MHz, 1593 MHz, 404.83 W, 400.00 W, 61, 92 %, 0x0000000000000000, 22729 MiB
2026/10/08 04:27:53.241, 1410 MHz, 1593 MHz, 312.24 W, 400.00 W, 61, 92 %, 0x0000000000000000, 22729 MiB
2026/10/08 04:27:54.243, 1410 MHz, 1593 MHz, 259.96 W, 400.00 W, 60, 92 %, 0x0000000000000000, 22729 MiB
2026/10/08 04:27:55.245, 1410 MHz, 1593 MHz, 337.30 W, 400.00 W, 60, 90 %, 0x0000000000000000, 22729 MiB
2026/10/08 04:27:56.246, 1410 MHz, 1593 MHz, 384.62 W, 400.00 W, 60, 88 %, 0x0000000000000000, 22729 MiB
2026/10/08 04:27:57.248, 1410 MHz, 1593 MHz, 399.83 W, 400.00 W, 59, 92 %, 0x0000000000000000, 22729 MiB
2026/10/08 04:27:58.250, 1410 MHz, 1593 MHz, 404.33 W, 400.00 W, 59, 92 %, 0x0000000000000000, 22729 MiB
2026/10/08 04:27:59.251, 1410 MHz, 1593 MHz, 327.04 W, 400.00 W, 58, 92 %, 0x0000000000000000, 22729 MiB
2026/10/08 04:28:00.253, 1410 MHz, 1593 MHz, 243.67 W, 400.00 W, 60, 92 %, 0x0000000000000000, 22729 MiB
2026/10/08 04:28:01.255, 1410 MHz, 1593 MHz, 287.77 W, 400.00 W, 60, 92 %, 0x0000000000000000, 22729 MiB
2026/10/08 04:28:02.257, 1410 MHz, 1593 MHz, 370.82 W, 400.00 W, 60, 88 %, 0x0000000000000000, 22729 MiB
2026/10/08 04:28:03.259, 1410 MHz, 1593 MHz, 400.34 W, 400.00 W, 60, 91 %, 0x0000000000000000, 22729 MiB
2026/10/08 04:28:04.261, 1410 MHz, 1593 MHz, 366.53 W, 400.00 W, 60, 92 %, 0x0000000000000000, 22729 MiB
2026/10/08 04:28:05.263, 1410 MHz, 1593 MHz, 277.82 W, 400.00 W, 58, 92 %, 0x0000000000000000, 22729 MiB
2026/10/08 04:28:06.265, 1410 MHz, 1593 MHz, 260.01 W, 400.00 W, 58, 92 %, 0x0000000000000000, 22729 MiB
2026/10/08 04:28:07.267, 1410 MHz, 1593 MHz, 331.87 W, 400.00 W, 58, 92 %, 0x0000000000000000, 22729 MiB
2026/10/08 04:28:08.268, 1410 MHz, 1593 MHz, 378.61 W, 400.00 W, 59, 89 %, 0x0000000000000000, 22729 MiB
2026/10/08 04:28:09.270, 1410 MHz, 1593 MHz, 387.14 W, 400.00 W, 59, 89 %, 0x0000000000000000, 22729 MiB
2026/10/08 04:28:10.272, 1410 MHz, 1593 MHz, 365.39 W, 400.00 W, 61, 100 %, 0x0000000000000000, 10809 MiB
2026/10/08 04:28:11.273, 1410 MHz, 1593 MHz, 93.39 W, 400.00 W, 48, 0 %, 0x0000000000000000, 5981 MiB
2026/10/08 04:28:12.352, 1410 MHz, 1593 MHz, 91.09 W, 400.00 W, 46, 0 %, 0x0000000000000000, 5925 MiB
2026/10/08 04:28:13.353, 1140 MHz, 1593 MHz, 75.00 W, 400.00 W, 45, 0 %, 0x0000000000000000, 5925 MiB
2026/10/08 04:28:14.356, 1140 MHz, 1593 MHz, 73.21 W, 400.00 W, 43, 0 %, 0x0000000000000000, 5925 MiB
2026/10/08 04:28:15.359, 1140 MHz, 1593 MHz, 72.01 W, 400.00 W, 43, 1 %, 0x0000000000000000, 5925 MiB
2026/10/08 04:28:16.424, 1380 MHz, 1593 MHz, 408.29 W, 400.00 W, 57, 100 %, 0x0000000000000004, 10355 MiB
2026/10/08 04:28:17.426, 1365 MHz, 1593 MHz, 398.49 W, 400.00 W, 59, 100 %, 0x0000000000000004, 10403 MiB
2026/10/08 04:28:18.427, 1350 MHz, 1593 MHz, 386.14 W, 400.00 W, 59, 100 %, 0x0000000000000004, 10453 MiB
2026/10/08 04:28:19.429, 1395 MHz, 1593 MHz, 383.83 W, 400.00 W, 59, 100 %, 0x0000000000000004, 10477 MiB
2026/10/08 04:28:20.431, 1350 MHz, 1593 MHz, 410.25 W, 400.00 W, 60, 100 %, 0x0000000000000004, 10477 MiB
2026/10/08 04:28:21.433, 1350 MHz, 1593 MHz, 410.57 W, 400.00 W, 60, 100 %, 0x0000000000000004, 10477 MiB
2026/10/08 04:28:22.434, 1350 MHz, 1593 MHz, 391.29 W, 400.00 W, 60, 100 %, 0x0000000000000004, 10477 MiB
2026/10/08 04:28:23.436, 1350 MHz, 1593 MHz, 406.95 W, 400.00 W, 60, 100 %, 0x0000000000000004, 10477 MiB
2026/10/08 04:28:24.437, 1365 MHz, 1593 MHz, 406.77 W, 400.00 W, 60, 100 %, 0x0000000000000004, 10477 MiB
2026/10/08 04:28:25.439, 1350 MHz, 1593 MHz, 404.83 W, 400.00 W, 61, 100 %, 0x0000000000000004, 10477 MiB
2026/10/08 04:28:26.441, 1350 MHz, 1593 MHz, 389.58 W, 400.00 W, 61, 100 %, 0x0000000000000004, 10477 MiB
2026/10/08 04:28:27.442, 1365 MHz, 1593 MHz, 401.80 W, 400.00 W, 61, 100 %, 0x0000000000000004, 11589 MiB
2026/10/08 04:28:28.444, 1350 MHz, 1593 MHz, 387.93 W, 400.00 W, 61, 100 %, 0x0000000000000004, 11589 MiB
2026/10/08 04:28:29.446, 1350 MHz, 1593 MHz, 401.62 W, 400.00 W, 61, 100 %, 0x0000000000000004, 11589 MiB
2026/10/08 04:28:30.448, 1350 MHz, 1593 MHz, 377.10 W, 400.00 W, 62, 100 %, 0x0000000000000004, 11589 MiB
2026/10/08 04:28:31.449, 1365 MHz, 1593 MHz, 395.60 W, 400.00 W, 62, 100 %, 0x0000000000000004, 11589 MiB
2026/10/08 04:28:32.451, 1350 MHz, 1593 MHz, 412.80 W, 400.00 W, 62, 100 %, 0x0000000000000004, 11589 MiB
2026/10/08 04:28:33.453, 1350 MHz, 1593 MHz, 404.98 W, 400.00 W, 62, 100 %, 0x0000000000000004, 11589 MiB
2026/10/08 04:28:34.455, 1350 MHz, 1593 MHz, 387.93 W, 400.00 W, 62, 100 %, 0x0000000000000004, 11589 MiB
2026/10/08 04:28:35.456, 1350 MHz, 1593 MHz, 385.95 W, 400.00 W, 62, 100 %, 0x0000000000000004, 11589 MiB
2026/10/08 04:28:36.458, 1350 MHz, 1593 MHz, 388.52 W, 400.00 W, 62, 100 %, 0x0000000000000004, 11589 MiB
2026/10/08 04:28:37.460, 1365 MHz, 1593 MHz, 411.17 W, 400.00 W, 62, 100 %, 0x0000000000000004, 11589 MiB
2026/10/08 04:28:38.463, 1350 MHz, 1593 MHz, 400.34 W, 400.00 W, 63, 100 %, 0x0000000000000004, 11589 MiB
2026/10/08 04:28:39.465, 1350 MHz, 1593 MHz, 390.64 W, 400.00 W, 62, 100 %, 0x0000000000000004, 11589 MiB
2026/10/08 04:28:40.466, 1350 MHz, 1593 MHz, 400.34 W, 400.00 W, 63, 100 %, 0x0000000000000004, 11589 MiB
2026/10/08 04:28:41.468, 1350 MHz, 1593 MHz, 390.64 W, 400.00 W, 62, 100 %, 0x0000000000000004, 11589 MiB
2026/10/08 04:28:42.470, 1350 MHz, 1593 MHz, 390.45 W, 400.00 W, 62, 100 %, 0x0000000000000004, 11589 MiB
2026/10/08 04:28:43.472, 1350 MHz, 1593 MHz, 383.83 W, 400.00 W, 62, 100 %, 0x0000000000000004, 11589 MiB
2026/10/08 04:28:44.474, 1350 MHz, 1593 MHz, 414.48 W, 400.00 W, 63, 100 %, 0x0000000000000004, 11589 MiB
2026/10/08 04:28:45.476, 1350 MHz, 1593 MHz, 409.06 W, 400.00 W, 63, 100 %, 0x0000000000000004, 11589 MiB
2026/10/08 04:28:46.478, 1335 MHz, 1593 MHz, 402.54 W, 400.00 W, 63, 100 %, 0x0000000000000004, 11589 MiB
2026/10/08 04:28:47.479, 1335 MHz, 1593 MHz, 390.18 W, 400.00 W, 63, 100 %, 0x0000000000000004, 11589 MiB
2026/10/08 04:28:48.481, 1335 MHz, 1593 MHz, 380.79 W, 400.00 W, 63, 100 %, 0x0000000000000004, 11589 MiB
2026/10/08 04:28:49.483, 1350 MHz, 1593 MHz, 406.45 W, 400.00 W, 63, 100 %, 0x0000000000000004, 11589 MiB
2026/10/08 04:28:50.484, 1350 MHz, 1593 MHz, 403.91 W, 400.00 W, 63, 100 %, 0x0000000000000004, 11589 MiB
2026/10/08 04:28:51.486, 1350 MHz, 1593 MHz, 384.03 W, 400.00 W, 63, 100 %, 0x0000000000000004, 11589 MiB
2026/10/08 04:28:52.488, 1395 MHz, 1593 MHz, 418.11 W, 400.00 W, 61, 90 %, 0x0000000000000004, 11589 MiB
2026/10/08 04:28:53.489, 1395 MHz, 1593 MHz, 358.77 W, 400.00 W, 59, 92 %, 0x0000000000000004, 11589 MiB
2026/10/08 04:28:54.491, 1395 MHz, 1593 MHz, 290.49 W, 400.00 W, 60, 92 %, 0x0000000000000004, 11589 MiB
2026/10/08 04:28:55.493, 1395 MHz, 1593 MHz, 275.70 W, 400.00 W, 61, 92 %, 0x0000000000000004, 11589 MiB
2026/10/08 04:28:56.494, 1380 MHz, 1593 MHz, 250.95 W, 400.00 W, 60, 92 %, 0x0000000000000004, 11589 MiB
2026/10/08 04:28:57.496, 1395 MHz, 1593 MHz, 273.57 W, 400.00 W, 61, 92 %, 0x0000000000000004, 11589 MiB
2026/10/08 04:28:58.498, 1380 MHz, 1593 MHz, 337.03 W, 400.00 W, 61, 92 %, 0x0000000000000004, 11589 MiB
2026/10/08 04:28:59.499, 1395 MHz, 1593 MHz, 370.55 W, 400.00 W, 60, 92 %, 0x0000000000000004, 11589 MiB
2026/10/08 04:29:00.501, 1380 MHz, 1593 MHz, 396.19 W, 400.00 W, 61, 92 %, 0x0000000000000004, 11589 MiB
2026/10/08 04:29:01.503, 1380 MHz, 1593 MHz, 401.35 W, 400.00 W, 60, 91 %, 0x0000000000000004, 11589 MiB
2026/10/08 04:29:02.506, 1380 MHz, 1593 MHz, 413.61 W, 400.00 W, 60, 89 %, 0x0000000000000004, 11589 MiB
2026/10/08 04:29:03.507, 1380 MHz, 1593 MHz, 418.11 W, 400.00 W, 60, 88 %, 0x0000000000000004, 11589 MiB
2026/10/08 04:29:04.509, 1380 MHz, 1593 MHz, 414.81 W, 400.00 W, 60, 89 %, 0x0000000000000004, 11589 MiB
2026/10/08 04:29:05.511, 1380 MHz, 1593 MHz, 402.22 W, 400.00 W, 60, 90 %, 0x0000000000000004, 11589 MiB
2026/10/08 04:29:06.512, 1395 MHz, 1593 MHz, 366.31 W, 400.00 W, 60, 92 %, 0x0000000000000004, 11589 MiB
2026/10/08 04:29:07.514, 1380 MHz, 1593 MHz, 327.64 W, 400.00 W, 59, 92 %, 0x0000000000000004, 11589 MiB
2026/10/08 04:29:08.516, 1410 MHz, 1593 MHz, 275.10 W, 400.00 W, 60, 92 %, 0x0000000000000004, 11589 MiB
2026/10/08 04:29:09.518, 1395 MHz, 1593 MHz, 235.19 W, 400.00 W, 60, 92 %, 0x0000000000000004, 11589 MiB
2026/10/08 04:29:10.519, 1410 MHz, 1593 MHz, 354.21 W, 400.00 W, 60, 100 %, 0x0000000000000000, 11553 MiB
2026/10/08 04:29:11.521, 1410 MHz, 1593 MHz, 177.75 W, 400.00 W, 56, 100 %, 0x0000000000000000, 11553 MiB
2026/10/08 04:29:12.522, 1410 MHz, 1593 MHz, 91.69 W, 400.00 W, 48, 54 %, 0x0000000000000000, 7259 MiB
2026/10/08 04:29:13.552, 1410 MHz, 1593 MHz, 90.76 W, 400.00 W, 46, 0 %, 0x0000000000000000, 7259 MiB
2026/10/08 04:29:14.554, 1140 MHz, 1593 MHz, 72.53 W, 400.00 W, 44, 0 %, 0x0000000000000000, 7259 MiB
2026/10/08 04:29:15.555, 1140 MHz, 1593 MHz, 72.01 W, 400.00 W, 43, 0 %, 0x0000000000000000, 7259 MiB
2026/10/08 04:29:16.557, 1140 MHz, 1593 MHz, 155.98 W, 400.00 W, 43, 6 %, 0x0000000000000000, 10897 MiB
2026/10/08 04:29:17.558, 1380 MHz, 1593 MHz, 398.82 W, 400.00 W, 58, 100 %, 0x0000000000000004, 10909 MiB
2026/10/08 04:29:18.560, 1365 MHz, 1593 MHz, 391.96 W, 400.00 W, 59, 100 %, 0x0000000000000004, 10959 MiB
2026/10/08 04:29:19.562, 1350 MHz, 1593 MHz, 412.96 W, 400.00 W, 60, 100 %, 0x0000000000000004, 11011 MiB
2026/10/08 04:29:20.564, 1365 MHz, 1593 MHz, 430.19 W, 400.00 W, 60, 100 %, 0x0000000000000004, 11019 MiB
2026/10/08 04:29:21.566, 1365 MHz, 1593 MHz, 397.31 W, 400.00 W, 60, 100 %, 0x0000000000000004, 11019 MiB
2026/10/08 04:29:22.570, 1350 MHz, 1593 MHz, 416.92 W, 400.00 W, 60, 100 %, 0x0000000000000004, 11019 MiB
2026/10/08 04:29:23.572, 1350 MHz, 1593 MHz, 392.48 W, 400.00 W, 60, 100 %, 0x0000000000000004, 11019 MiB
2026/10/08 04:29:24.574, 1365 MHz, 1593 MHz, 402.45 W, 400.00 W, 61, 100 %, 0x0000000000000004, 11019 MiB
2026/10/08 04:29:25.577, 1350 MHz, 1593 MHz, 393.07 W, 400.00 W, 61, 100 %, 0x0000000000000004, 11019 MiB
2026/10/08 04:29:26.579, 1350 MHz, 1593 MHz, 415.40 W, 400.00 W, 61, 100 %, 0x0000000000000004, 11019 MiB
2026/10/08 04:29:27.580, 1335 MHz, 1593 MHz, 376.56 W, 400.00 W, 61, 100 %, 0x0000000000000004, 11019 MiB
2026/10/08 04:29:28.582, 1380 MHz, 1593 MHz, 395.19 W, 400.00 W, 61, 100 %, 0x0000000000000004, 11019 MiB
2026/10/08 04:29:29.584, 1335 MHz, 1593 MHz, 402.45 W, 400.00 W, 62, 100 %, 0x0000000000000004, 11019 MiB
2026/10/08 04:29:30.586, 1350 MHz, 1593 MHz, 408.73 W, 400.00 W, 62, 100 %, 0x0000000000000004, 11019 MiB
2026/10/08 04:29:31.587, 1365 MHz, 1593 MHz, 393.67 W, 400.00 W, 62, 100 %, 0x0000000000000004, 11019 MiB
2026/10/08 04:29:32.589, 1350 MHz, 1593 MHz, 405.58 W, 400.00 W, 62, 100 %, 0x0000000000000004, 11019 MiB
2026/10/08 04:29:33.591, 1350 MHz, 1593 MHz, 410.68 W, 400.00 W, 62, 100 %, 0x0000000000000004, 11019 MiB
2026/10/08 04:29:34.593, 1350 MHz, 1593 MHz, 397.31 W, 400.00 W, 62, 100 %, 0x0000000000000004, 11019 MiB
2026/10/08 04:29:35.595, 1350 MHz, 1593 MHz, 392.30 W, 400.00 W, 62, 100 %, 0x0000000000000004, 11019 MiB
2026/10/08 04:29:36.596, 1350 MHz, 1593 MHz, 393.35 W, 400.00 W, 62, 100 %, 0x0000000000000004, 11019 MiB
2026/10/08 04:29:37.598, 1350 MHz, 1593 MHz, 398.49 W, 400.00 W, 62, 100 %, 0x0000000000000004, 11019 MiB
2026/10/08 04:29:38.600, 1350 MHz, 1593 MHz, 387.73 W, 400.00 W, 63, 100 %, 0x0000000000000004, 11019 MiB
2026/10/08 04:29:39.601, 1365 MHz, 1593 MHz, 415.40 W, 400.00 W, 63, 100 %, 0x0000000000000004, 11019 MiB
2026/10/08 04:29:40.603, 1335 MHz, 1593 MHz, 408.57 W, 400.00 W, 63, 100 %, 0x0000000000000004, 11019 MiB
2026/10/08 04:29:41.604, 1350 MHz, 1593 MHz, 390.04 W, 400.00 W, 63, 100 %, 0x0000000000000004, 11019 MiB
2026/10/08 04:29:42.606, 1350 MHz, 1593 MHz, 403.64 W, 400.00 W, 63, 100 %, 0x0000000000000004, 11019 MiB
2026/10/08 04:29:43.608, 1365 MHz, 1593 MHz, 385.22 W, 400.00 W, 63, 100 %, 0x0000000000000004, 11019 MiB
2026/10/08 04:29:44.610, 1350 MHz, 1593 MHz, 395.19 W, 400.00 W, 63, 100 %, 0x0000000000000004, 11019 MiB
2026/10/08 04:29:45.612, 1365 MHz, 1593 MHz, 374.78 W, 400.00 W, 63, 100 %, 0x0000000000000004, 11019 MiB
2026/10/08 04:29:46.614, 1365 MHz, 1593 MHz, 387.33 W, 400.00 W, 63, 100 %, 0x0000000000000004, 11019 MiB
2026/10/08 04:29:47.615, 1350 MHz, 1593 MHz, 395.87 W, 400.00 W, 63, 100 %, 0x0000000000000004, 11019 MiB
2026/10/08 04:29:48.617, 1335 MHz, 1593 MHz, 392.16 W, 400.00 W, 63, 100 %, 0x0000000000000004, 11019 MiB
2026/10/08 04:29:49.618, 1350 MHz, 1593 MHz, 399.42 W, 400.00 W, 63, 100 %, 0x0000000000000004, 11019 MiB
2026/10/08 04:29:50.620, 1350 MHz, 1593 MHz, 412.10 W, 400.00 W, 63, 100 %, 0x0000000000000004, 11019 MiB
2026/10/08 04:29:51.622, 1350 MHz, 1593 MHz, 397.72 W, 400.00 W, 63, 100 %, 0x0000000000000004, 11019 MiB
2026/10/08 04:29:52.624, 1335 MHz, 1593 MHz, 406.62 W, 400.00 W, 63, 100 %, 0x0000000000000004, 12131 MiB
2026/10/08 04:29:53.625, 1380 MHz, 1593 MHz, 258.17 W, 400.00 W, 62, 92 %, 0x0000000000000004, 12133 MiB
2026/10/08 04:29:54.627, 1395 MHz, 1593 MHz, 297.16 W, 400.00 W, 60, 92 %, 0x0000000000000004, 12133 MiB
2026/10/08 04:29:55.629, 1380 MHz, 1593 MHz, 307.41 W, 400.00 W, 61, 90 %, 0x0000000000000004, 12133 MiB
2026/10/08 04:29:56.630, 1380 MHz, 1593 MHz, 362.36 W, 400.00 W, 61, 92 %, 0x0000000000000004, 12133 MiB
2026/10/08 04:29:57.632, 1380 MHz, 1593 MHz, 381.72 W, 400.00 W, 61, 91 %, 0x0000000000000004, 12133 MiB
2026/10/08 04:29:58.634, 1380 MHz, 1593 MHz, 410.25 W, 400.00 W, 61, 89 %, 0x0000000000000004, 12133 MiB
2026/10/08 04:29:59.635, 1380 MHz, 1593 MHz, 414.48 W, 400.00 W, 60, 88 %, 0x0000000000000004, 12133 MiB
2026/10/08 04:30:00.637, 1395 MHz, 1593 MHz, 408.46 W, 400.00 W, 61, 90 %, 0x0000000000000004, 12133 MiB
2026/10/08 04:30:01.638, 1380 MHz, 1593 MHz, 413.28 W, 400.00 W, 60, 92 %, 0x0000000000000004, 12133 MiB
2026/10/08 04:30:02.640, 1395 MHz, 1593 MHz, 329.16 W, 400.00 W, 59, 91 %, 0x0000000000000004, 12133 MiB
2026/10/08 04:30:03.990, 1395 MHz, 1593 MHz, 388.06 W, 400.00 W, 60, 89 %, 0x0000000000000004, 12133 MiB
2026/10/08 04:30:04.992, 1380 MHz, 1593 MHz, 412.96 W, 400.00 W, 61, 91 %, 0x0000000000000004, 12133 MiB
2026/10/08 04:30:05.994, 1395 MHz, 1593 MHz, 414.48 W, 400.00 W, 59, 88 %, 0x0000000000000004, 12133 MiB
2026/10/08 04:30:06.996, 1380 MHz, 1593 MHz, 416.32 W, 400.00 W, 60, 88 %, 0x0000000000000004, 12133 MiB
2026/10/08 04:30:07.998, 1395 MHz, 1593 MHz, 356.66 W, 400.00 W, 60, 90 %, 0x0000000000000004, 12133 MiB
2026/10/08 04:30:09.000, 1380 MHz, 1593 MHz, 375.25 W, 400.00 W, 60, 92 %, 0x0000000000000004, 12133 MiB
2026/10/08 04:30:10.001, 1380 MHz, 1593 MHz, 333.07 W, 400.00 W, 60, 92 %, 0x0000000000000004, 12133 MiB
2026/10/08 04:30:11.003, 1395 MHz, 1593 MHz, 263.65 W, 400.00 W, 59, 92 %, 0x0000000000000004, 11593 MiB
2026/10/08 04:30:12.005, 1395 MHz, 1593 MHz, 401.20 W, 400.00 W, 61, 100 %, 0x0000000000000004, 11593 MiB
2026/10/08 04:30:13.006, 1410 MHz, 1593 MHz, 92.46 W, 400.00 W, 49, 0 %, 0x0000000000000000, 6177 MiB
2026/10/08 04:30:14.051, 1410 MHz, 1593 MHz, 92.88 W, 400.00 W, 46, 0 %, 0x0000000000000000, 6177 MiB
2026/10/08 04:30:15.053, 1140 MHz, 1593 MHz, 73.53 W, 400.00 W, 45, 0 %, 0x0000000000000000, 6177 MiB
2026/10/08 04:30:16.054, 1140 MHz, 1593 MHz, 72.28 W, 400.00 W, 44, 0 %, 0x0000000000000000, 6177 MiB
2026/10/08 04:30:17.056, 1140 MHz, 1593 MHz, 72.01 W, 400.00 W, 43, 5 %, 0x0000000000000000, 6177 MiB
2026/10/08 04:30:18.057, 1365 MHz, 1593 MHz, 392.57 W, 400.00 W, 56, 100 %, 0x0000000000000004, 10701 MiB
2026/10/08 04:30:19.059, 1380 MHz, 1593 MHz, 418.43 W, 400.00 W, 59, 100 %, 0x0000000000000004, 10719 MiB
2026/10/08 04:30:20.060, 1335 MHz, 1593 MHz, 385.95 W, 400.00 W, 59, 100 %, 0x0000000000000004, 10771 MiB
2026/10/08 04:30:21.062, 1350 MHz, 1593 MHz, 394.68 W, 400.00 W, 60, 100 %, 0x0000000000000004, 10799 MiB
2026/10/08 04:30:22.064, 1365 MHz, 1593 MHz, 402.72 W, 400.00 W, 60, 100 %, 0x0000000000000004, 10799 MiB
2026/10/08 04:30:23.066, 1350 MHz, 1593 MHz, 381.00 W, 400.00 W, 60, 100 %, 0x0000000000000004, 10799 MiB
2026/10/08 04:30:24.067, 1335 MHz, 1593 MHz, 412.37 W, 400.00 W, 60, 100 %, 0x0000000000000004, 10799 MiB
2026/10/08 04:30:25.069, 1335 MHz, 1593 MHz, 386.42 W, 400.00 W, 60, 100 %, 0x0000000000000004, 10799 MiB
2026/10/08 04:30:26.070, 1350 MHz, 1593 MHz, 412.37 W, 400.00 W, 61, 100 %, 0x0000000000000004, 10799 MiB
2026/10/08 04:30:27.072, 1335 MHz, 1593 MHz, 402.45 W, 400.00 W, 61, 100 %, 0x0000000000000004, 10799 MiB
2026/10/08 04:30:28.074, 1350 MHz, 1593 MHz, 389.45 W, 400.00 W, 61, 100 %, 0x0000000000000004, 10799 MiB
2026/10/08 04:30:29.075, 1350 MHz, 1593 MHz, 399.09 W, 400.00 W, 61, 100 %, 0x0000000000000004, 10799 MiB
2026/10/08 04:30:30.078, 1335 MHz, 1593 MHz, 396.19 W, 400.00 W, 62, 100 %, 0x0000000000000004, 10799 MiB
2026/10/08 04:30:31.080, 1335 MHz, 1593 MHz, 399.68 W, 400.00 W, 62, 100 %, 0x0000000000000004, 10799 MiB
2026/10/08 04:30:32.083, 1365 MHz, 1593 MHz, 429.27 W, 400.00 W, 63, 100 %, 0x0000000000000004, 10799 MiB
2026/10/08 04:30:33.084, 1365 MHz, 1593 MHz, 387.65 W, 400.00 W, 61, 100 %, 0x0000000000000004, 10799 MiB
2026/10/08 04:30:34.086, 1350 MHz, 1593 MHz, 394.87 W, 400.00 W, 62, 100 %, 0x0000000000000004, 10799 MiB
2026/10/08 04:30:35.088, 1350 MHz, 1593 MHz, 400.34 W, 400.00 W, 62, 100 %, 0x0000000000000004, 10799 MiB
2026/10/08 04:30:36.090, 1350 MHz, 1593 MHz, 393.35 W, 400.00 W, 62, 100 %, 0x0000000000000004, 10799 MiB
2026/10/08 04:30:37.092, 1365 MHz, 1593 MHz, 403.91 W, 400.00 W, 62, 100 %, 0x0000000000000004, 10799 MiB
2026/10/08 04:30:38.093, 1350 MHz, 1593 MHz, 395.46 W, 400.00 W, 63, 100 %, 0x0000000000000004, 10799 MiB
2026/10/08 04:30:39.095, 1350 MHz, 1593 MHz, 419.62 W, 400.00 W, 62, 100 %, 0x0000000000000004, 10799 MiB
2026/10/08 04:30:40.097, 1365 MHz, 1593 MHz, 395.78 W, 400.00 W, 63, 100 %, 0x0000000000000004, 10799 MiB
2026/10/08 04:30:41.098, 1350 MHz, 1593 MHz, 401.02 W, 400.00 W, 63, 100 %, 0x0000000000000004, 10799 MiB
2026/10/08 04:30:42.100, 1335 MHz, 1593 MHz, 398.82 W, 400.00 W, 63, 100 %, 0x0000000000000004, 10799 MiB
2026/10/08 04:30:43.102, 1350 MHz, 1593 MHz, 381.72 W, 400.00 W, 62, 100 %, 0x0000000000000004, 10799 MiB
2026/10/08 04:30:44.104, 1365 MHz, 1593 MHz, 394.87 W, 400.00 W, 62, 100 %, 0x0000000000000004, 10799 MiB
2026/10/08 04:30:45.105, 1335 MHz, 1593 MHz, 394.68 W, 400.00 W, 63, 100 %, 0x0000000000000004, 10799 MiB
2026/10/08 04:30:46.107, 1350 MHz, 1593 MHz, 393.76 W, 400.00 W, 63, 100 %, 0x0000000000000004, 10799 MiB
2026/10/08 04:30:47.108, 1365 MHz, 1593 MHz, 400.34 W, 400.00 W, 63, 100 %, 0x0000000000000004, 10799 MiB
2026/10/08 04:30:48.110, 1365 MHz, 1593 MHz, 395.28 W, 400.00 W, 62, 100 %, 0x0000000000000004, 10799 MiB
2026/10/08 04:30:49.112, 1335 MHz, 1593 MHz, 397.12 W, 400.00 W, 63, 100 %, 0x0000000000000004, 10799 MiB
2026/10/08 04:30:50.114, 1395 MHz, 1593 MHz, 367.50 W, 400.00 W, 63, 100 %, 0x0000000000000004, 10799 MiB
2026/10/08 04:30:51.115, 1350 MHz, 1593 MHz, 384.11 W, 400.00 W, 63, 100 %, 0x0000000000000004, 10799 MiB
2026/10/08 04:30:52.117, 1335 MHz, 1593 MHz, 398.31 W, 400.00 W, 63, 100 %, 0x0000000000000004, 10799 MiB
2026/10/08 04:30:53.119, 1350 MHz, 1593 MHz, 409.39 W, 400.00 W, 63, 100 %, 0x0000000000000004, 10799 MiB
2026/10/08 04:30:54.121, 1395 MHz, 1593 MHz, 411.50 W, 400.00 W, 60, 89 %, 0x0000000000000004, 11913 MiB
2026/10/08 04:30:55.122, 1395 MHz, 1593 MHz, 417.52 W, 400.00 W, 61, 90 %, 0x0000000000000004, 11913 MiB
2026/10/08 04:30:56.124, 1395 MHz, 1593 MHz, 409.06 W, 400.00 W, 60, 89 %, 0x0000000000000004, 11913 MiB
2026/10/08 04:30:57.128, 1380 MHz, 1593 MHz, 373.53 W, 400.00 W, 61, 88 %, 0x0000000000000004, 11913 MiB
2026/10/08 04:30:58.130, 1380 MHz, 1593 MHz, 409.39 W, 400.00 W, 60, 87 %, 0x0000000000000004, 11913 MiB
2026/10/08 04:30:59.131, 1380 MHz, 1593 MHz, 388.34 W, 400.00 W, 61, 87 %, 0x0000000000000004, 11913 MiB
2026/10/08 04:31:00.133, 1395 MHz, 1593 MHz, 342.72 W, 400.00 W, 60, 89 %, 0x0000000000000004, 11913 MiB
2026/10/08 04:31:01.134, 1395 MHz, 1593 MHz, 340.01 W, 400.00 W, 59, 89 %, 0x0000000000000004, 11913 MiB
2026/10/08 04:31:02.136, 1395 MHz, 1593 MHz, 325.86 W, 400.00 W, 60, 89 %, 0x0000000000000004, 11913 MiB
2026/10/08 04:31:03.138, 1395 MHz, 1593 MHz, 297.16 W, 400.00 W, 59, 90 %, 0x0000000000000004, 11913 MiB
2026/10/08 04:31:04.140, 1395 MHz, 1593 MHz, 265.11 W, 400.00 W, 59, 91 %, 0x0000000000000004, 11913 MiB
2026/10/08 04:31:05.141, 1395 MHz, 1593 MHz, 257.57 W, 400.00 W, 58, 91 %, 0x0000000000000004, 11913 MiB
2026/10/08 04:31:06.143, 1395 MHz, 1593 MHz, 251.81 W, 400.00 W, 59, 91 %, 0x0000000000000004, 11913 MiB
2026/10/08 04:31:07.145, 1395 MHz, 1593 MHz, 251.22 W, 400.00 W, 60, 91 %, 0x0000000000000004, 11913 MiB
2026/10/08 04:31:08.147, 1395 MHz, 1593 MHz, 246.38 W, 400.00 W, 60, 91 %, 0x0000000000000004, 11913 MiB
2026/10/08 04:31:09.148, 1380 MHz, 1593 MHz, 234.95 W, 400.00 W, 60, 91 %, 0x0000000000000004, 11913 MiB
2026/10/08 04:31:10.150, 1395 MHz, 1593 MHz, 246.72 W, 400.00 W, 60, 91 %, 0x0000000000000004, 11913 MiB
2026/10/08 04:31:11.152, 1395 MHz, 1593 MHz, 254.86 W, 400.00 W, 60, 91 %, 0x0000000000000004, 11913 MiB
2026/10/08 04:31:12.154, 1395 MHz, 1593 MHz, 350.91 W, 400.00 W, 60, 91 %, 0x0000000000000004, 11527 MiB
2026/10/08 04:31:13.156, 1410 MHz, 1593 MHz, 351.18 W, 400.00 W, 61, 100 %, 0x0000000000000000, 11527 MiB
2026/10/08 04:31:14.158, 1410 MHz, 1593 MHz, 96.52 W, 400.00 W, 48, 0 %, 0x0000000000000000, 5475 MiB
2026/10/08 04:31:15.249, 1410 MHz, 1593 MHz, 90.67 W, 400.00 W, 46, 0 %, 0x0000000000000000, 5475 MiB
2026/10/08 04:31:16.250, 1140 MHz, 1593 MHz, 72.81 W, 400.00 W, 45, 0 %, 0x0000000000000000, 5475 MiB
2026/10/08 04:31:17.253, 1140 MHz, 1593 MHz, 72.28 W, 400.00 W, 44, 0 %, 0x0000000000000000, 5475 MiB
2026/10/08 04:31:18.255, 1140 MHz, 1593 MHz, 72.28 W, 400.00 W, 43, 4 %, 0x0000000000000000, 5475 MiB
2026/10/08 04:31:19.256, 1365 MHz, 1593 MHz, 390.04 W, 400.00 W, 56, 100 %, 0x0000000000000004, 10465 MiB
2026/10/08 04:31:20.258, 1365 MHz, 1593 MHz, 394.08 W, 400.00 W, 58, 100 %, 0x0000000000000004, 10479 MiB
2026/10/08 04:31:21.260, 1350 MHz, 1593 MHz, 394.60 W, 400.00 W, 59, 100 %, 0x0000000000000004, 10529 MiB
2026/10/08 04:31:22.262, 1350 MHz, 1593 MHz, 392.30 W, 400.00 W, 59, 100 %, 0x0000000000000004, 10559 MiB
2026/10/08 04:31:23.263, 1365 MHz, 1593 MHz, 394.08 W, 400.00 W, 61, 100 %, 0x0000000000000004, 10559 MiB
2026/10/08 04:31:24.265, 1350 MHz, 1593 MHz, 388.06 W, 400.00 W, 60, 100 %, 0x0000000000000004, 10559 MiB
2026/10/08 04:31:25.267, 1350 MHz, 1593 MHz, 383.23 W, 400.00 W, 60, 100 %, 0x0000000000000004, 10559 MiB
2026/10/08 04:31:26.268, 1335 MHz, 1593 MHz, 382.58 W, 400.00 W, 61, 100 %, 0x0000000000000004, 10559 MiB
2026/10/08 04:31:27.270, 1365 MHz, 1593 MHz, 397.58 W, 400.00 W, 61, 100 %, 0x0000000000000004, 10559 MiB
2026/10/08 04:31:28.271, 1350 MHz, 1593 MHz, 376.89 W, 400.00 W, 61, 100 %, 0x0000000000000004, 10559 MiB
2026/10/08 04:31:29.273, 1350 MHz, 1593 MHz, 395.19 W, 400.00 W, 61, 100 %, 0x0000000000000004, 10559 MiB
2026/10/08 04:31:30.275, 1365 MHz, 1593 MHz, 402.45 W, 400.00 W, 61, 100 %, 0x0000000000000004, 10559 MiB
2026/10/08 04:31:31.276, 1350 MHz, 1593 MHz, 405.43 W, 400.00 W, 61, 100 %, 0x0000000000000004, 10559 MiB
2026/10/08 04:31:32.278, 1350 MHz, 1593 MHz, 396.80 W, 400.00 W, 62, 100 %, 0x0000000000000004, 10559 MiB
2026/10/08 04:31:33.280, 1380 MHz, 1593 MHz, 381.99 W, 400.00 W, 62, 100 %, 0x0000000000000004, 10559 MiB
2026/10/08 04:31:34.281, 1365 MHz, 1593 MHz, 389.45 W, 400.00 W, 62, 100 %, 0x0000000000000004, 10559 MiB
2026/10/08 04:31:35.283, 1350 MHz, 1593 MHz, 390.18 W, 400.00 W, 62, 100 %, 0x0000000000000004, 10559 MiB
2026/10/08 04:31:36.285, 1350 MHz, 1593 MHz, 405.16 W, 400.00 W, 62, 100 %, 0x0000000000000004, 10559 MiB
2026/10/08 04:31:37.288, 1350 MHz, 1593 MHz, 400.61 W, 400.00 W, 62, 100 %, 0x0000000000000004, 10559 MiB
2026/10/08 04:31:38.290, 1365 MHz, 1593 MHz, 385.02 W, 400.00 W, 62, 100 %, 0x0000000000000004, 10559 MiB
2026/10/08 04:31:39.290, 1350 MHz, 1593 MHz, 384.43 W, 400.00 W, 62, 100 %, 0x0000000000000004, 10559 MiB
2026/10/08 04:31:40.292, 1335 MHz, 1593 MHz, 392.89 W, 400.00 W, 62, 100 %, 0x0000000000000004, 10559 MiB
2026/10/08 04:31:41.294, 1350 MHz, 1593 MHz, 390.45 W, 400.00 W, 63, 100 %, 0x0000000000000004, 10559 MiB
2026/10/08 04:31:42.295, 1350 MHz, 1593 MHz, 395.28 W, 400.00 W, 63, 100 %, 0x0000000000000004, 10559 MiB
2026/10/08 04:31:43.297, 1350 MHz, 1593 MHz, 396.71 W, 400.00 W, 63, 100 %, 0x0000000000000004, 10559 MiB
2026/10/08 04:31:44.299, 1350 MHz, 1593 MHz, 383.51 W, 400.00 W, 63, 100 %, 0x0000000000000004, 10559 MiB
2026/10/08 04:31:45.300, 1365 MHz, 1593 MHz, 398.90 W, 400.00 W, 63, 100 %, 0x0000000000000004, 10559 MiB
2026/10/08 04:31:46.302, 1350 MHz, 1593 MHz, 375.64 W, 400.00 W, 63, 100 %, 0x0000000000000004, 10559 MiB
2026/10/08 04:31:47.304, 1335 MHz, 1593 MHz, 408.14 W, 400.00 W, 63, 100 %, 0x0000000000000004, 10559 MiB
2026/10/08 04:31:48.306, 1365 MHz, 1593 MHz, 409.16 W, 400.00 W, 63, 100 %, 0x0000000000000004, 10559 MiB
2026/10/08 04:31:49.307, 1350 MHz, 1593 MHz, 398.31 W, 400.00 W, 63, 100 %, 0x0000000000000004, 10559 MiB
2026/10/08 04:31:50.309, 1350 MHz, 1593 MHz, 395.01 W, 400.00 W, 63, 100 %, 0x0000000000000004, 10559 MiB
2026/10/08 04:31:51.310, 1335 MHz, 1593 MHz, 425.21 W, 400.00 W, 63, 100 %, 0x0000000000000004, 10559 MiB
2026/10/08 04:31:52.312, 1365 MHz, 1593 MHz, 382.58 W, 400.00 W, 63, 100 %, 0x0000000000000004, 10559 MiB
2026/10/08 04:31:53.314, 1335 MHz, 1593 MHz, 384.95 W, 400.00 W, 63, 100 %, 0x0000000000000004, 10559 MiB
2026/10/08 04:31:54.315, 1350 MHz, 1593 MHz, 394.27 W, 400.00 W, 63, 100 %, 0x0000000000000004, 10559 MiB
2026/10/08 04:31:55.317, 1395 MHz, 1593 MHz, 381.32 W, 400.00 W, 59, 92 %, 0x0000000000000004, 11673 MiB
2026/10/08 04:31:56.319, 1395 MHz, 1593 MHz, 392.16 W, 400.00 W, 60, 92 %, 0x0000000000000004, 11673 MiB
2026/10/08 04:31:57.320, 1395 MHz, 1593 MHz, 404.83 W, 400.00 W, 59, 92 %, 0x0000000000000004, 11673 MiB
2026/10/08 04:31:58.322, 1395 MHz, 1593 MHz, 405.16 W, 400.00 W, 59, 91 %, 0x0000000000000004, 11673 MiB
2026/10/08 04:31:59.324, 1395 MHz, 1593 MHz, 406.62 W, 400.00 W, 59, 90 %, 0x0000000000000004, 11673 MiB
2026/10/08 04:32:00.326, 1395 MHz, 1593 MHz, 408.73 W, 400.00 W, 59, 89 %, 0x0000000000000004, 11673 MiB
2026/10/08 04:32:01.327, 1395 MHz, 1593 MHz, 407.86 W, 400.00 W, 60, 88 %, 0x0000000000000004, 11673 MiB
2026/10/08 04:32:02.329, 1395 MHz, 1593 MHz, 355.74 W, 400.00 W, 58, 91 %, 0x0000000000000004, 11673 MiB
2026/10/08 04:32:03.331, 1395 MHz, 1593 MHz, 286.86 W, 400.00 W, 59, 89 %, 0x0000000000000004, 11673 MiB
2026/10/08 04:32:04.332, 1395 MHz, 1593 MHz, 231.56 W, 400.00 W, 60, 88 %, 0x0000000000000004, 11673 MiB
2026/10/08 04:32:05.334, 1395 MHz, 1593 MHz, 257.57 W, 400.00 W, 58, 90 %, 0x0000000000000004, 11673 MiB
2026/10/08 04:32:06.336, 1395 MHz, 1593 MHz, 254.20 W, 400.00 W, 59, 92 %, 0x0000000000000004, 11673 MiB
2026/10/08 04:32:07.337, 1395 MHz, 1593 MHz, 288.97 W, 400.00 W, 59, 92 %, 0x0000000000000004, 11673 MiB
2026/10/08 04:32:08.339, 1395 MHz, 1593 MHz, 357.53 W, 400.00 W, 59, 92 %, 0x0000000000000004, 11673 MiB
2026/10/08 04:32:09.341, 1395 MHz, 1593 MHz, 379.60 W, 400.00 W, 59, 92 %, 0x0000000000000004, 11673 MiB
2026/10/08 04:32:10.342, 1395 MHz, 1593 MHz, 401.53 W, 400.00 W, 60, 92 %, 0x0000000000000004, 11673 MiB
2026/10/08 04:32:11.344, 1380 MHz, 1593 MHz, 404.83 W, 400.00 W, 59, 92 %, 0x0000000000000004, 11673 MiB
2026/10/08 04:32:12.346, 1395 MHz, 1593 MHz, 409.39 W, 400.00 W, 60, 92 %, 0x0000000000000004, 11673 MiB
2026/10/08 04:32:13.346, 1395 MHz, 1593 MHz, 387.46 W, 400.00 W, 61, 95 %, 0x0000000000000004, 11377 MiB
2026/10/08 04:32:14.348, 1410 MHz, 1593 MHz, 382.31 W, 400.00 W, 61, 100 %, 0x0000000000000000, 11377 MiB
2026/10/08 04:32:15.350, 1410 MHz, 1593 MHz, 97.12 W, 400.00 W, 48, 29 %, 0x0000000000000000, 5543 MiB
2026/10/08 04:32:16.351, 1410 MHz, 1593 MHz, 91.26 W, 400.00 W, 46, 0 %, 0x0000000000000000, 5543 MiB
2026/10/08 04:32:17.353, 1140 MHz, 1593 MHz, 73.80 W, 400.00 W, 45, 0 %, 0x0000000000000000, 5543 MiB
2026/10/08 04:32:18.354, 1140 MHz, 1593 MHz, 72.61 W, 400.00 W, 44, 0 %, 0x0000000000000000, 5543 MiB
2026/10/08 04:32:19.357, 1140 MHz, 1593 MHz, 72.28 W, 400.00 W, 43, 0 %, 0x0000000000000000, 5543 MiB
2026/10/08 04:32:20.359, 1380 MHz, 1593 MHz, 365.12 W, 400.00 W, 53, 100 %, 0x0000000000000004, 11327 MiB
2026/10/08 04:32:21.360, 1395 MHz, 1593 MHz, 368.92 W, 400.00 W, 58, 100 %, 0x0000000000000004, 11327 MiB
2026/10/08 04:32:22.362, 1365 MHz, 1593 MHz, 408.46 W, 400.00 W, 59, 100 %, 0x0000000000000004, 11365 MiB
2026/10/08 04:32:23.364, 1350 MHz, 1593 MHz, 394.87 W, 400.00 W, 59, 100 %, 0x0000000000000004, 11407 MiB
2026/10/08 04:32:24.365, 1365 MHz, 1593 MHz, 370.22 W, 400.00 W, 60, 100 %, 0x0000000000000004, 14529 MiB
2026/10/08 04:32:25.367, 1365 MHz, 1593 MHz, 390.77 W, 400.00 W, 60, 100 %, 0x0000000000000004, 14529 MiB
2026/10/08 04:32:26.368, 1365 MHz, 1593 MHz, 408.89 W, 400.00 W, 61, 100 %, 0x0000000000000004, 14529 MiB
2026/10/08 04:32:27.370, 1350 MHz, 1593 MHz, 400.75 W, 400.00 W, 61, 100 %, 0x0000000000000004, 14529 MiB
2026/10/08 04:32:28.372, 1380 MHz, 1593 MHz, 434.09 W, 400.00 W, 61, 100 %, 0x0000000000000004, 14529 MiB
2026/10/08 04:32:29.374, 1365 MHz, 1593 MHz, 399.51 W, 400.00 W, 61, 100 %, 0x0000000000000004, 14529 MiB
2026/10/08 04:32:30.375, 1350 MHz, 1593 MHz, 417.84 W, 400.00 W, 61, 100 %, 0x0000000000000004, 14529 MiB
2026/10/08 04:32:31.377, 1365 MHz, 1593 MHz, 382.51 W, 400.00 W, 62, 100 %, 0x0000000000000004, 14529 MiB
2026/10/08 04:32:32.379, 1245 MHz, 1593 MHz, 386.22 W, 400.00 W, 63, 100 %, 0x0000000000000004, 17873 MiB
2026/10/08 04:32:33.381, 1365 MHz, 1593 MHz, 405.25 W, 400.00 W, 62, 100 %, 0x0000000000000004, 17873 MiB
2026/10/08 04:32:34.382, 1365 MHz, 1593 MHz, 387.14 W, 400.00 W, 62, 100 %, 0x0000000000000004, 17873 MiB
2026/10/08 04:32:35.384, 1350 MHz, 1593 MHz, 395.01 W, 400.00 W, 62, 100 %, 0x0000000000000004, 17873 MiB
2026/10/08 04:32:36.386, 1350 MHz, 1593 MHz, 412.69 W, 400.00 W, 62, 100 %, 0x0000000000000004, 17873 MiB
2026/10/08 04:32:37.387, 1380 MHz, 1593 MHz, 391.05 W, 400.00 W, 61, 100 %, 0x0000000000000004, 17873 MiB
2026/10/08 04:32:38.389, 1365 MHz, 1593 MHz, 400.02 W, 400.00 W, 62, 100 %, 0x0000000000000004, 17873 MiB
2026/10/08 04:32:39.391, 1350 MHz, 1593 MHz, 390.45 W, 400.00 W, 62, 100 %, 0x0000000000000004, 17873 MiB
2026/10/08 04:32:40.393, 1350 MHz, 1593 MHz, 399.09 W, 400.00 W, 62, 100 %, 0x0000000000000004, 17873 MiB
2026/10/08 04:32:41.395, 1335 MHz, 1593 MHz, 360.56 W, 400.00 W, 63, 100 %, 0x0000000000000004, 17873 MiB
2026/10/08 04:32:42.396, 1350 MHz, 1593 MHz, 403.74 W, 400.00 W, 63, 100 %, 0x0000000000000004, 17873 MiB
2026/10/08 04:32:43.398, 1350 MHz, 1593 MHz, 385.62 W, 400.00 W, 62, 100 %, 0x0000000000000004, 17873 MiB
2026/10/08 04:32:44.400, 1350 MHz, 1593 MHz, 391.05 W, 400.00 W, 63, 100 %, 0x0000000000000004, 17873 MiB
2026/10/08 04:32:45.402, 1365 MHz, 1593 MHz, 388.26 W, 400.00 W, 63, 100 %, 0x0000000000000000, 17873 MiB
2026/10/08 04:32:46.404, 1365 MHz, 1593 MHz, 397.58 W, 400.00 W, 62, 100 %, 0x0000000000000004, 17873 MiB
2026/10/08 04:32:47.409, 1365 MHz, 1593 MHz, 403.91 W, 400.00 W, 63, 100 %, 0x0000000000000004, 17873 MiB
2026/10/08 04:32:48.411, 1350 MHz, 1593 MHz, 414.64 W, 400.00 W, 63, 100 %, 0x0000000000000004, 17873 MiB
2026/10/08 04:32:49.412, 1350 MHz, 1593 MHz, 393.07 W, 400.00 W, 63, 100 %, 0x0000000000000004, 17873 MiB
2026/10/08 04:32:50.414, 1365 MHz, 1593 MHz, 403.05 W, 400.00 W, 63, 100 %, 0x0000000000000004, 17873 MiB
2026/10/08 04:32:51.416, 1350 MHz, 1593 MHz, 412.96 W, 400.00 W, 63, 100 %, 0x0000000000000004, 17873 MiB
2026/10/08 04:32:52.418, 1335 MHz, 1593 MHz, 398.31 W, 400.00 W, 63, 100 %, 0x0000000000000004, 17873 MiB
2026/10/08 04:32:53.419, 1350 MHz, 1593 MHz, 391.69 W, 400.00 W, 63, 100 %, 0x0000000000000004, 17873 MiB
2026/10/08 04:32:54.421, 1365 MHz, 1593 MHz, 353.62 W, 400.00 W, 63, 100 %, 0x0000000000000004, 17873 MiB
2026/10/08 04:32:55.423, 1380 MHz, 1593 MHz, 395.78 W, 400.00 W, 63, 100 %, 0x0000000000000004, 17873 MiB
2026/10/08 04:32:56.425, 1350 MHz, 1593 MHz, 411.17 W, 400.00 W, 63, 100 %, 0x0000000000000004, 17873 MiB
2026/10/08 04:32:57.426, 1350 MHz, 1593 MHz, 389.85 W, 400.00 W, 63, 100 %, 0x0000000000000004, 17873 MiB
2026/10/08 04:32:58.428, 1380 MHz, 1593 MHz, 398.90 W, 400.00 W, 64, 100 %, 0x0000000000000004, 17873 MiB
2026/10/08 04:32:59.430, 1365 MHz, 1593 MHz, 407.96 W, 400.00 W, 64, 100 %, 0x0000000000000004, 17873 MiB
2026/10/08 04:33:00.432, 1365 MHz, 1593 MHz, 399.24 W, 400.00 W, 64, 100 %, 0x0000000000000004, 17873 MiB
2026/10/08 04:33:01.433, 1350 MHz, 1593 MHz, 392.57 W, 400.00 W, 63, 100 %, 0x0000000000000004, 17873 MiB
2026/10/08 04:33:02.435, 1365 MHz, 1593 MHz, 383.71 W, 400.00 W, 63, 100 %, 0x0000000000000004, 17873 MiB
2026/10/08 04:33:03.437, 1380 MHz, 1593 MHz, 369.30 W, 400.00 W, 61, 90 %, 0x0000000000000004, 17873 MiB
2026/10/08 04:33:04.439, 1395 MHz, 1593 MHz, 331.28 W, 400.00 W, 59, 92 %, 0x0000000000000004, 17873 MiB
2026/10/08 04:33:05.440, 1395 MHz, 1593 MHz, 418.54 W, 400.00 W, 60, 90 %, 0x0000000000000004, 17873 MiB
2026/10/08 04:33:06.442, 1395 MHz, 1593 MHz, 271.73 W, 400.00 W, 60, 92 %, 0x0000000000000004, 17873 MiB
2026/10/08 04:33:07.444, 1395 MHz, 1593 MHz, 402.86 W, 400.00 W, 59, 91 %, 0x0000000000000004, 17873 MiB
2026/10/08 04:33:08.445, 1395 MHz, 1593 MHz, 257.24 W, 400.00 W, 61, 92 %, 0x0000000000000004, 17873 MiB
2026/10/08 04:33:09.447, 1395 MHz, 1593 MHz, 406.62 W, 400.00 W, 59, 92 %, 0x0000000000000004, 17873 MiB
2026/10/08 04:33:10.449, 1395 MHz, 1593 MHz, 236.39 W, 400.00 W, 60, 92 %, 0x0000000000000004, 17873 MiB
2026/10/08 04:33:11.451, 1380 MHz, 1593 MHz, 403.47 W, 400.00 W, 61, 92 %, 0x0000000000000004, 17873 MiB
2026/10/08 04:33:12.452, 1395 MHz, 1593 MHz, 267.88 W, 400.00 W, 59, 92 %, 0x0000000000000004, 17873 MiB
2026/10/08 04:33:13.454, 1395 MHz, 1593 MHz, 394.27 W, 400.00 W, 60, 92 %, 0x0000000000000004, 17873 MiB
2026/10/08 04:33:14.456, 1395 MHz, 1593 MHz, 258.16 W, 400.00 W, 59, 91 %, 0x0000000000000004, 17873 MiB
2026/10/08 04:33:15.457, 1395 MHz, 1593 MHz, 382.58 W, 400.00 W, 59, 92 %, 0x0000000000000004, 17873 MiB
2026/10/08 04:33:16.459, 1395 MHz, 1593 MHz, 368.43 W, 400.00 W, 60, 89 %, 0x0000000000000004, 17873 MiB
2026/10/08 04:33:17.461, 1395 MHz, 1593 MHz, 366.31 W, 400.00 W, 59, 92 %, 0x0000000000000004, 17873 MiB
2026/10/08 04:33:18.462, 1395 MHz, 1593 MHz, 393.76 W, 400.00 W, 59, 90 %, 0x0000000000000004, 17873 MiB
2026/10/08 04:33:19.464, 1380 MHz, 1593 MHz, 349.07 W, 400.00 W, 60, 92 %, 0x0000000000000004, 17873 MiB
2026/10/08 04:33:20.465, 1395 MHz, 1593 MHz, 405.85 W, 400.00 W, 58, 90 %, 0x0000000000000004, 17873 MiB
2026/10/08 04:33:21.467, 1410 MHz, 1593 MHz, 335.78 W, 400.00 W, 60, 92 %, 0x0000000000000000, 17873 MiB
2026/10/08 04:33:22.469, 1410 MHz, 1593 MHz, 348.47 W, 400.00 W, 61, 100 %, 0x0000000000000000, 11827 MiB
2026/10/08 04:33:23.471, 1410 MHz, 1593 MHz, 97.03 W, 400.00 W, 53, 66 %, 0x0000000000000000, 11827 MiB
2026/10/08 04:33:24.550, 1410 MHz, 1593 MHz, 91.96 W, 400.00 W, 47, 0 %, 0x0000000000000000, 5715 MiB
2026/10/08 04:33:25.552, 1410 MHz, 1593 MHz, 91.36 W, 400.00 W, 46, 0 %, 0x0000000000000000, 5715 MiB
2026/10/08 04:33:26.553, 1140 MHz, 1593 MHz, 72.89 W, 400.00 W, 44, 0 %, 0x0000000000000000, 5715 MiB
2026/10/08 04:33:27.555, 1140 MHz, 1593 MHz, 72.28 W, 400.00 W, 43, 0 %, 0x0000000000000000, 5715 MiB
2026/10/08 04:33:28.557, 1140 MHz, 1593 MHz, 235.19 W, 400.00 W, 47, 17 %, 0x0000000000000000, 15379 MiB
2026/10/08 04:33:29.559, 1380 MHz, 1593 MHz, 397.31 W, 400.00 W, 58, 100 %, 0x0000000000000004, 15379 MiB
2026/10/08 04:33:30.560, 1365 MHz, 1593 MHz, 384.43 W, 400.00 W, 60, 100 %, 0x0000000000000004, 15379 MiB
2026/10/08 04:33:31.563, 1350 MHz, 1593 MHz, 399.68 W, 400.00 W, 59, 100 %, 0x0000000000000004, 15391 MiB
2026/10/08 04:33:32.564, 1365 MHz, 1593 MHz, 380.79 W, 400.00 W, 60, 100 %, 0x0000000000000004, 15425 MiB
2026/10/08 04:33:33.566, 1275 MHz, 1593 MHz, 410.85 W, 400.00 W, 60, 100 %, 0x0000000000000004, 16981 MiB
2026/10/08 04:33:34.567, 1365 MHz, 1593 MHz, 411.50 W, 400.00 W, 61, 100 %, 0x0000000000000004, 16981 MiB
2026/10/08 04:33:35.569, 1365 MHz, 1593 MHz, 399.68 W, 400.00 W, 61, 100 %, 0x0000000000000004, 16981 MiB
2026/10/08 04:33:36.571, 1350 MHz, 1593 MHz, 394.60 W, 400.00 W, 61, 100 %, 0x0000000000000004, 16981 MiB
2026/10/08 04:33:37.573, 1365 MHz, 1593 MHz, 424.77 W, 400.00 W, 61, 100 %, 0x0000000000000004, 16981 MiB
2026/10/08 04:33:38.574, 1380 MHz, 1593 MHz, 407.37 W, 400.00 W, 62, 100 %, 0x0000000000000004, 16981 MiB
2026/10/08 04:33:39.576, 1365 MHz, 1593 MHz, 394.41 W, 400.00 W, 62, 100 %, 0x0000000000000004, 16981 MiB
2026/10/08 04:33:40.578, 1335 MHz, 1593 MHz, 393.16 W, 400.00 W, 62, 100 %, 0x0000000000000004, 16981 MiB
2026/10/08 04:33:41.579, 1395 MHz, 1593 MHz, 376.89 W, 400.00 W, 62, 100 %, 0x0000000000000000, 16981 MiB
2026/10/08 04:33:42.581, 1365 MHz, 1593 MHz, 399.83 W, 400.00 W, 62, 100 %, 0x0000000000000004, 16981 MiB
2026/10/08 04:33:43.583, 1365 MHz, 1593 MHz, 404.06 W, 400.00 W, 62, 100 %, 0x0000000000000004, 16981 MiB
2026/10/08 04:33:44.584, 1350 MHz, 1593 MHz, 391.96 W, 400.00 W, 63, 100 %, 0x0000000000000004, 16981 MiB
2026/10/08 04:33:45.586, 1395 MHz, 1593 MHz, 392.30 W, 400.00 W, 62, 100 %, 0x0000000000000004, 20241 MiB
2026/10/08 04:33:46.588, 1365 MHz, 1593 MHz, 396.80 W, 400.00 W, 63, 100 %, 0x0000000000000004, 20241 MiB
2026/10/08 04:33:47.589, 1365 MHz, 1593 MHz, 400.10 W, 400.00 W, 63, 100 %, 0x0000000000000004, 20241 MiB
2026/10/08 04:33:48.591, 1350 MHz, 1593 MHz, 382.58 W, 400.00 W, 63, 100 %, 0x0000000000000004, 20241 MiB
2026/10/08 04:33:49.592, 1350 MHz, 1593 MHz, 390.77 W, 400.00 W, 63, 100 %, 0x0000000000000004, 20241 MiB
2026/10/08 04:33:50.594, 1365 MHz, 1593 MHz, 404.24 W, 400.00 W, 63, 100 %, 0x0000000000000004, 20241 MiB
2026/10/08 04:33:51.596, 1365 MHz, 1593 MHz, 388.06 W, 400.00 W, 63, 100 %, 0x0000000000000004, 20241 MiB
2026/10/08 04:33:52.597, 1350 MHz, 1593 MHz, 411.50 W, 400.00 W, 63, 100 %, 0x0000000000000004, 20241 MiB
2026/10/08 04:33:53.599, 1335 MHz, 1593 MHz, 388.06 W, 400.00 W, 63, 100 %, 0x0000000000000004, 20241 MiB
2026/10/08 04:33:54.600, 1230 MHz, 1593 MHz, 411.00 W, 400.00 W, 65, 100 %, 0x0000000000000004, 20241 MiB
2026/10/08 04:33:55.602, 1380 MHz, 1593 MHz, 396.11 W, 400.00 W, 63, 100 %, 0x0000000000000004, 20241 MiB
2026/10/08 04:33:56.604, 1365 MHz, 1593 MHz, 409.48 W, 400.00 W, 63, 100 %, 0x0000000000000004, 20241 MiB
2026/10/08 04:33:57.605, 1350 MHz, 1593 MHz, 409.98 W, 400.00 W, 63, 100 %, 0x0000000000000004, 20241 MiB
2026/10/08 04:33:58.607, 1410 MHz, 1593 MHz, 389.18 W, 400.00 W, 63, 100 %, 0x0000000000000000, 23865 MiB
2026/10/08 04:33:59.609, 1350 MHz, 1593 MHz, 404.83 W, 400.00 W, 63, 100 %, 0x0000000000000004, 23865 MiB
2026/10/08 04:34:00.610, 1365 MHz, 1593 MHz, 410.25 W, 400.00 W, 64, 100 %, 0x0000000000000004, 23865 MiB
2026/10/08 04:34:01.612, 1350 MHz, 1593 MHz, 393.16 W, 400.00 W, 63, 100 %, 0x0000000000000004, 23865 MiB
2026/10/08 04:34:02.613, 1365 MHz, 1593 MHz, 386.74 W, 400.00 W, 64, 100 %, 0x0000000000000004, 23865 MiB
2026/10/08 04:34:03.615, 1350 MHz, 1593 MHz, 393.35 W, 400.00 W, 63, 100 %, 0x0000000000000004, 23865 MiB
2026/10/08 04:34:04.617, 1365 MHz, 1593 MHz, 383.43 W, 400.00 W, 64, 100 %, 0x0000000000000004, 23865 MiB
2026/10/08 04:34:05.618, 1350 MHz, 1593 MHz, 392.48 W, 400.00 W, 64, 100 %, 0x0000000000000004, 23865 MiB
2026/10/08 04:34:06.620, 1350 MHz, 1593 MHz, 395.28 W, 400.00 W, 64, 100 %, 0x0000000000000004, 23865 MiB
2026/10/08 04:34:07.622, 1350 MHz, 1593 MHz, 382.91 W, 400.00 W, 63, 100 %, 0x0000000000000004, 23865 MiB
2026/10/08 04:34:08.625, 1350 MHz, 1593 MHz, 392.57 W, 400.00 W, 64, 100 %, 0x0000000000000004, 23865 MiB
2026/10/08 04:34:09.627, 1350 MHz, 1593 MHz, 405.16 W, 400.00 W, 63, 100 %, 0x0000000000000004, 23865 MiB
2026/10/08 04:34:10.629, 1335 MHz, 1593 MHz, 388.34 W, 400.00 W, 64, 100 %, 0x0000000000000004, 23865 MiB
2026/10/08 04:34:11.630, 1395 MHz, 1593 MHz, 398.90 W, 400.00 W, 62, 92 %, 0x0000000000000004, 23865 MiB
2026/10/08 04:34:12.632, 1395 MHz, 1593 MHz, 289.89 W, 400.00 W, 61, 90 %, 0x0000000000000004, 23865 MiB
2026/10/08 04:34:13.634, 1395 MHz, 1593 MHz, 382.91 W, 400.00 W, 59, 92 %, 0x0000000000000004, 23865 MiB
2026/10/08 04:34:14.635, 1395 MHz, 1593 MHz, 334.58 W, 400.00 W, 62, 90 %, 0x0000000000000004, 23865 MiB
2026/10/08 04:34:15.637, 1395 MHz, 1593 MHz, 382.91 W, 400.00 W, 60, 92 %, 0x0000000000000004, 23865 MiB
2026/10/08 04:34:16.638, 1395 MHz, 1593 MHz, 345.16 W, 400.00 W, 60, 90 %, 0x0000000000000004, 23865 MiB
2026/10/08 04:34:17.640, 1380 MHz, 1593 MHz, 370.82 W, 400.00 W, 61, 92 %, 0x0000000000000004, 23865 MiB
2026/10/08 04:34:18.642, 1395 MHz, 1593 MHz, 406.35 W, 400.00 W, 59, 90 %, 0x0000000000000004, 23865 MiB
2026/10/08 04:34:19.643, 1395 MHz, 1593 MHz, 328.24 W, 400.00 W, 61, 92 %, 0x0000000000000004, 23865 MiB
2026/10/08 04:34:20.645, 1395 MHz, 1593 MHz, 414.31 W, 400.00 W, 60, 91 %, 0x0000000000000004, 23865 MiB
2026/10/08 04:34:21.646, 1395 MHz, 1593 MHz, 325.52 W, 400.00 W, 60, 92 %, 0x0000000000000004, 23865 MiB
2026/10/08 04:34:22.648, 1380 MHz, 1593 MHz, 419.47 W, 400.00 W, 61, 92 %, 0x0000000000000004, 23865 MiB
2026/10/08 04:34:23.650, 1395 MHz, 1593 MHz, 306.49 W, 400.00 W, 59, 92 %, 0x0000000000000004, 23865 MiB
2026/10/08 04:34:24.652, 1395 MHz, 1593 MHz, 416.42 W, 400.00 W, 61, 92 %, 0x0000000000000004, 23865 MiB
2026/10/08 04:34:25.653, 1380 MHz, 1593 MHz, 295.32 W, 400.00 W, 61, 92 %, 0x0000000000000004, 23865 MiB
2026/10/08 04:34:26.655, 1395 MHz, 1593 MHz, 415.08 W, 400.00 W, 60, 92 %, 0x0000000000000004, 23865 MiB
2026/10/08 04:34:27.656, 1380 MHz, 1593 MHz, 285.99 W, 400.00 W, 61, 92 %, 0x0000000000000004, 23865 MiB
2026/10/08 04:34:28.658, 1395 MHz, 1593 MHz, 409.06 W, 400.00 W, 60, 92 %, 0x0000000000000004, 23865 MiB
2026/10/08 04:34:29.660, 1395 MHz, 1593 MHz, 309.53 W, 400.00 W, 61, 92 %, 0x0000000000000004, 23865 MiB
2026/10/08 04:34:30.661, 1395 MHz, 1593 MHz, 398.82 W, 400.00 W, 61, 95 %, 0x0000000000000004, 12027 MiB
2026/10/08 04:34:31.663, 1395 MHz, 1593 MHz, 350.59 W, 400.00 W, 62, 100 %, 0x0000000000000004, 12027 MiB
2026/10/08 04:34:32.664, 1410 MHz, 1593 MHz, 94.31 W, 400.00 W, 49, 0 %, 0x0000000000000000, 11657 MiB
2026/10/08 04:34:33.752, 1410 MHz, 1593 MHz, 92.56 W, 400.00 W, 47, 0 %, 0x0000000000000000, 5863 MiB
2026/10/08 04:34:34.753, 1410 MHz, 1593 MHz, 91.09 W, 400.00 W, 46, 0 %, 0x0000000000000000, 5863 MiB
2026/10/08 04:34:35.754, 1140 MHz, 1593 MHz, 72.61 W, 400.00 W, 44, 0 %, 0x0000000000000000, 5863 MiB
2026/10/08 04:34:36.755, 1140 MHz, 1593 MHz, 72.28 W, 400.00 W, 44, 0 %, 0x0000000000000000, 5863 MiB
2026/10/08 04:34:37.757, 1395 MHz, 1593 MHz, 363.27 W, 400.00 W, 54, 100 %, 0x0000000000000004, 14479 MiB
2026/10/08 04:34:38.759, 1365 MHz, 1593 MHz, 395.28 W, 400.00 W, 58, 100 %, 0x0000000000000004, 14479 MiB
2026/10/08 04:34:39.760, 1365 MHz, 1593 MHz, 367.50 W, 400.00 W, 60, 100 %, 0x0000000000000004, 14489 MiB
2026/10/08 04:34:40.762, 1365 MHz, 1593 MHz, 399.68 W, 400.00 W, 60, 100 %, 0x0000000000000004, 14533 MiB
2026/10/08 04:34:41.764, 1365 MHz, 1593 MHz, 385.82 W, 400.00 W, 61, 100 %, 0x0000000000000004, 14561 MiB
2026/10/08 04:34:42.766, 1365 MHz, 1593 MHz, 406.35 W, 400.00 W, 61, 100 %, 0x0000000000000004, 14561 MiB
2026/10/08 04:34:43.767, 1380 MHz, 1593 MHz, 402.72 W, 400.00 W, 61, 100 %, 0x0000000000000004, 14561 MiB
2026/10/08 04:34:44.769, 1350 MHz, 1593 MHz, 392.30 W, 400.00 W, 61, 100 %, 0x0000000000000004, 14561 MiB
2026/10/08 04:34:45.771, 1350 MHz, 1593 MHz, 396.11 W, 400.00 W, 62, 100 %, 0x0000000000000004, 14561 MiB
2026/10/08 04:34:46.772, 1365 MHz, 1593 MHz, 391.37 W, 400.00 W, 62, 100 %, 0x0000000000000004, 14561 MiB
2026/10/08 04:34:47.774, 1365 MHz, 1593 MHz, 397.39 W, 400.00 W, 62, 100 %, 0x0000000000000004, 14561 MiB
2026/10/08 04:34:48.776, 1350 MHz, 1593 MHz, 384.43 W, 400.00 W, 62, 100 %, 0x0000000000000004, 14561 MiB
2026/10/08 04:34:49.777, 1365 MHz, 1593 MHz, 419.62 W, 400.00 W, 62, 100 %, 0x0000000000000004, 14561 MiB
2026/10/08 04:34:50.779, 1350 MHz, 1593 MHz, 379.60 W, 400.00 W, 62, 100 %, 0x0000000000000004, 14561 MiB
2026/10/08 04:34:51.781, 1380 MHz, 1593 MHz, 407.86 W, 400.00 W, 62, 100 %, 0x0000000000000004, 14561 MiB
2026/10/08 04:34:52.782, 1350 MHz, 1593 MHz, 384.43 W, 400.00 W, 62, 100 %, 0x0000000000000004, 14561 MiB
2026/10/08 04:34:53.784, 1350 MHz, 1593 MHz, 391.69 W, 400.00 W, 62, 100 %, 0x0000000000000004, 14561 MiB
2026/10/08 04:34:54.786, 1380 MHz, 1593 MHz, 382.91 W, 400.00 W, 61, 100 %, 0x0000000000000004, 14561 MiB
2026/10/08 04:34:55.787, 1365 MHz, 1593 MHz, 412.80 W, 400.00 W, 63, 100 %, 0x0000000000000004, 14561 MiB
2026/10/08 04:34:56.789, 1350 MHz, 1593 MHz, 405.16 W, 400.00 W, 63, 100 %, 0x0000000000000004, 14561 MiB
2026/10/08 04:34:57.791, 1350 MHz, 1593 MHz, 402.22 W, 400.00 W, 63, 100 %, 0x0000000000000004, 14561 MiB
2026/10/08 04:34:58.792, 1395 MHz, 1593 MHz, 359.05 W, 400.00 W, 63, 100 %, 0x0000000000000004, 14561 MiB
2026/10/08 04:34:59.794, 1365 MHz, 1593 MHz, 400.10 W, 400.00 W, 63, 100 %, 0x0000000000000004, 14561 MiB
2026/10/08 04:35:00.796, 1365 MHz, 1593 MHz, 398.82 W, 400.00 W, 63, 100 %, 0x0000000000000004, 14561 MiB
2026/10/08 04:35:01.798, 1350 MHz, 1593 MHz, 408.73 W, 400.00 W, 63, 100 %, 0x0000000000000004, 14561 MiB
2026/10/08 04:35:02.799, 1350 MHz, 1593 MHz, 395.60 W, 400.00 W, 63, 100 %, 0x0000000000000004, 14561 MiB
2026/10/08 04:35:03.801, 1305 MHz, 1593 MHz, 479.06 W, 400.00 W, 63, 100 %, 0x0000000000000004, 14561 MiB
2026/10/08 04:35:04.803, 1365 MHz, 1593 MHz, 392.89 W, 400.00 W, 64, 100 %, 0x0000000000000004, 14561 MiB
2026/10/08 04:35:05.804, 1350 MHz, 1593 MHz, 399.51 W, 400.00 W, 63, 100 %, 0x0000000000000004, 14561 MiB
2026/10/08 04:35:06.806, 1350 MHz, 1593 MHz, 378.61 W, 400.00 W, 63, 100 %, 0x0000000000000004, 14561 MiB
2026/10/08 04:35:07.808, 1260 MHz, 1593 MHz, 409.39 W, 400.00 W, 64, 100 %, 0x0000000000000004, 14561 MiB
2026/10/08 04:35:08.810, 1365 MHz, 1593 MHz, 397.31 W, 400.00 W, 63, 100 %, 0x0000000000000004, 14561 MiB
2026/10/08 04:35:09.811, 1350 MHz, 1593 MHz, 397.31 W, 400.00 W, 64, 100 %, 0x0000000000000004, 14561 MiB
2026/10/08 04:35:10.813, 1350 MHz, 1593 MHz, 401.35 W, 400.00 W, 64, 100 %, 0x0000000000000004, 14561 MiB
2026/10/08 04:35:11.815, 1335 MHz, 1593 MHz, 411.28 W, 400.00 W, 64, 100 %, 0x0000000000000004, 14561 MiB
2026/10/08 04:35:12.817, 1365 MHz, 1593 MHz, 401.95 W, 400.00 W, 63, 100 %, 0x0000000000000004, 14561 MiB
2026/10/08 04:35:13.818, 1365 MHz, 1593 MHz, 401.53 W, 400.00 W, 64, 100 %, 0x0000000000000004, 14561 MiB
2026/10/08 04:35:14.821, 1350 MHz, 1593 MHz, 395.01 W, 400.00 W, 64, 100 %, 0x0000000000000004, 14561 MiB
2026/10/08 04:35:15.822, 1350 MHz, 1593 MHz, 394.41 W, 400.00 W, 64, 100 %, 0x0000000000000004, 14561 MiB
2026/10/08 04:35:16.824, 1350 MHz, 1593 MHz, 403.05 W, 400.00 W, 64, 100 %, 0x0000000000000004, 14561 MiB
2026/10/08 04:35:17.826, 1350 MHz, 1593 MHz, 401.80 W, 400.00 W, 64, 100 %, 0x0000000000000004, 14561 MiB
2026/10/08 04:35:18.827, 1350 MHz, 1593 MHz, 385.55 W, 400.00 W, 64, 100 %, 0x0000000000000004, 14561 MiB
2026/10/08 04:35:19.829, 1335 MHz, 1593 MHz, 382.91 W, 400.00 W, 64, 100 %, 0x0000000000000004, 14561 MiB
2026/10/08 04:35:20.832, 1395 MHz, 1593 MHz, 354.82 W, 400.00 W, 60, 92 %, 0x0000000000000004, 14563 MiB
2026/10/08 04:35:21.833, 1395 MHz, 1593 MHz, 411.17 W, 400.00 W, 62, 92 %, 0x0000000000000004, 14563 MiB
2026/10/08 04:35:22.836, 1395 MHz, 1593 MHz, 300.15 W, 400.00 W, 60, 92 %, 0x0000000000000004, 14563 MiB
2026/10/08 04:35:23.838, 1395 MHz, 1593 MHz, 413.71 W, 400.00 W, 61, 92 %, 0x0000000000000004, 14563 MiB
2026/10/08 04:35:24.839, 1380 MHz, 1593 MHz, 277.80 W, 400.00 W, 62, 92 %, 0x0000000000000004, 14563 MiB
2026/10/08 04:35:25.841, 1395 MHz, 1593 MHz, 417.52 W, 400.00 W, 60, 92 %, 0x0000000000000004, 14563 MiB
2026/10/08 04:35:26.843, 1380 MHz, 1593 MHz, 275.09 W, 400.00 W, 61, 92 %, 0x0000000000000004, 14563 MiB
2026/10/08 04:35:27.844, 1395 MHz, 1593 MHz, 418.54 W, 400.00 W, 60, 92 %, 0x0000000000000004, 14563 MiB
2026/10/08 04:35:28.846, 1395 MHz, 1593 MHz, 268.15 W, 400.00 W, 60, 92 %, 0x0000000000000004, 14563 MiB
2026/10/08 04:35:29.848, 1380 MHz, 1593 MHz, 412.96 W, 400.00 W, 61, 92 %, 0x0000000000000004, 14563 MiB
2026/10/08 04:35:30.849, 1395 MHz, 1593 MHz, 292.61 W, 400.00 W, 59, 92 %, 0x0000000000000004, 14563 MiB
2026/10/08 04:35:31.851, 1395 MHz, 1593 MHz, 400.93 W, 400.00 W, 60, 91 %, 0x0000000000000004, 14563 MiB
2026/10/08 04:35:32.853, 1395 MHz, 1593 MHz, 256.05 W, 400.00 W, 60, 90 %, 0x0000000000000004, 14563 MiB
2026/10/08 04:35:33.854, 1395 MHz, 1593 MHz, 407.37 W, 400.00 W, 59, 92 %, 0x0000000000000004, 14563 MiB
2026/10/08 04:35:34.856, 1395 MHz, 1593 MHz, 253.66 W, 400.00 W, 61, 90 %, 0x0000000000000004, 14563 MiB
2026/10/08 04:35:35.857, 1395 MHz, 1593 MHz, 414.31 W, 400.00 W, 59, 92 %, 0x0000000000000004, 14563 MiB
2026/10/08 04:35:36.859, 1395 MHz, 1593 MHz, 257.89 W, 400.00 W, 60, 91 %, 0x0000000000000004, 14563 MiB
2026/10/08 04:35:37.860, 1395 MHz, 1593 MHz, 417.95 W, 400.00 W, 61, 92 %, 0x0000000000000004, 14563 MiB
2026/10/08 04:35:38.862, 1395 MHz, 1593 MHz, 261.80 W, 400.00 W, 60, 92 %, 0x0000000000000004, 14563 MiB
2026/10/08 04:35:39.864, 1395 MHz, 1593 MHz, 396.98 W, 400.00 W, 62, 100 %, 0x0000000000000004, 11767 MiB
2026/10/08 04:35:40.866, 1410 MHz, 1593 MHz, 366.31 W, 400.00 W, 59, 100 %, 0x0000000000000000, 11767 MiB
2026/10/08 04:35:41.867, 1410 MHz, 1593 MHz, 93.48 W, 400.00 W, 48, 39 %, 0x0000000000000000, 7051 MiB
2026/10/08 04:35:42.949, 1140 MHz, 1593 MHz, 73.53 W, 400.00 W, 46, 0 %, 0x0000000000000000, 7051 MiB
2026/10/08 04:35:43.951, 1140 MHz, 1593 MHz, 72.89 W, 400.00 W, 45, 0 %, 0x0000000000000000, 7051 MiB
2026/10/08 04:35:44.954, 1140 MHz, 1593 MHz, 72.61 W, 400.00 W, 44, 0 %, 0x0000000000000000, 7051 MiB
2026/10/08 04:35:45.956, 1140 MHz, 1593 MHz, 72.28 W, 400.00 W, 43, 0 %, 0x0000000000000000, 7051 MiB
2026/10/08 04:35:46.957, 1365 MHz, 1593 MHz, 396.19 W, 400.00 W, 57, 100 %, 0x0000000000000004, 15501 MiB
2026/10/08 04:35:47.959, 1380 MHz, 1593 MHz, 383.23 W, 400.00 W, 59, 100 %, 0x0000000000000004, 15501 MiB
2026/10/08 04:35:48.961, 1365 MHz, 1593 MHz, 400.61 W, 400.00 W, 60, 100 %, 0x0000000000000004, 15529 MiB
2026/10/08 04:35:49.962, 1365 MHz, 1593 MHz, 398.49 W, 400.00 W, 60, 100 %, 0x0000000000000004, 15571 MiB
2026/10/08 04:35:50.964, 1365 MHz, 1593 MHz, 393.35 W, 400.00 W, 61, 100 %, 0x0000000000000004, 15579 MiB
2026/10/08 04:35:51.966, 1365 MHz, 1593 MHz, 383.23 W, 400.00 W, 61, 100 %, 0x0000000000000004, 15579 MiB
2026/10/08 04:35:52.967, 1365 MHz, 1593 MHz, 381.91 W, 400.00 W, 62, 100 %, 0x0000000000000004, 15579 MiB
2026/10/08 04:35:53.969, 1350 MHz, 1593 MHz, 413.39 W, 400.00 W, 62, 100 %, 0x0000000000000004, 15579 MiB
2026/10/08 04:35:54.971, 1350 MHz, 1593 MHz, 403.74 W, 400.00 W, 62, 100 %, 0x0000000000000004, 15579 MiB
2026/10/08 04:35:55.972, 1365 MHz, 1593 MHz, 390.36 W, 400.00 W, 62, 100 %, 0x0000000000000004, 15579 MiB
2026/10/08 04:35:56.974, 1350 MHz, 1593 MHz, 392.57 W, 400.00 W, 62, 100 %, 0x0000000000000004, 15579 MiB
2026/10/08 04:35:57.976, 1350 MHz, 1593 MHz, 413.12 W, 400.00 W, 62, 100 %, 0x0000000000000004, 15579 MiB
2026/10/08 04:35:58.977, 1380 MHz, 1593 MHz, 373.26 W, 400.00 W, 62, 100 %, 0x0000000000000004, 15579 MiB
2026/10/08 04:35:59.979, 1365 MHz, 1593 MHz, 403.64 W, 400.00 W, 63, 100 %, 0x0000000000000004, 15579 MiB
2026/10/08 04:36:00.981, 1350 MHz, 1593 MHz, 403.32 W, 400.00 W, 62, 100 %, 0x0000000000000004, 15579 MiB
2026/10/08 04:36:01.982, 1350 MHz, 1593 MHz, 388.06 W, 400.00 W, 63, 100 %, 0x0000000000000004, 15579 MiB
2026/10/08 04:36:02.984, 1395 MHz, 1593 MHz, 373.53 W, 400.00 W, 62, 100 %, 0x0000000000000004, 15579 MiB
2026/10/08 04:36:03.986, 1350 MHz, 1593 MHz, 391.69 W, 400.00 W, 63, 100 %, 0x0000000000000004, 15579 MiB
2026/10/08 04:36:04.987, 1365 MHz, 1593 MHz, 411.60 W, 400.00 W, 63, 100 %, 0x0000000000000004, 15579 MiB
2026/10/08 04:36:05.989, 1350 MHz, 1593 MHz, 401.95 W, 400.00 W, 63, 100 %, 0x0000000000000004, 15579 MiB
2026/10/08 04:36:06.991, 1350 MHz, 1593 MHz, 405.25 W, 400.00 W, 63, 100 %, 0x0000000000000004, 15579 MiB
2026/10/08 04:36:07.992, 1335 MHz, 1593 MHz, 485.40 W, 400.00 W, 63, 100 %, 0x0000000000000004, 15579 MiB
2026/10/08 04:36:08.994, 1365 MHz, 1593 MHz, 394.68 W, 400.00 W, 63, 100 %, 0x0000000000000004, 15579 MiB
2026/10/08 04:36:09.996, 1350 MHz, 1593 MHz, 393.67 W, 400.00 W, 63, 100 %, 0x0000000000000004, 15579 MiB
2026/10/08 04:36:10.997, 1335 MHz, 1593 MHz, 397.58 W, 400.00 W, 63, 100 %, 0x0000000000000004, 15579 MiB
2026/10/08 04:36:11.999, 1365 MHz, 1593 MHz, 377.49 W, 400.00 W, 63, 100 %, 0x0000000000000004, 15579 MiB
2026/10/08 04:36:13.001, 1365 MHz, 1593 MHz, 389.58 W, 400.00 W, 64, 100 %, 0x0000000000000004, 15579 MiB
2026/10/08 04:36:14.003, 1350 MHz, 1593 MHz, 379.60 W, 400.00 W, 63, 100 %, 0x0000000000000004, 15579 MiB
2026/10/08 04:36:15.005, 1335 MHz, 1593 MHz, 381.99 W, 400.00 W, 63, 100 %, 0x0000000000000004, 15579 MiB
2026/10/08 04:36:16.006, 1305 MHz, 1593 MHz, 498.35 W, 400.00 W, 63, 100 %, 0x0000000000000004, 19083 MiB
2026/10/08 04:36:17.008, 1365 MHz, 1593 MHz, 392.30 W, 400.00 W, 63, 100 %, 0x0000000000000004, 19083 MiB
2026/10/08 04:36:18.010, 1365 MHz, 1593 MHz, 398.64 W, 400.00 W, 63, 100 %, 0x0000000000000004, 19083 MiB
2026/10/08 04:36:19.012, 1335 MHz, 1593 MHz, 413.28 W, 400.00 W, 64, 100 %, 0x0000000000000004, 19083 MiB
2026/10/08 04:36:20.013, 1350 MHz, 1593 MHz, 395.78 W, 400.00 W, 64, 100 %, 0x0000000000000004, 19083 MiB
2026/10/08 04:36:21.015, 1365 MHz, 1593 MHz, 370.22 W, 400.00 W, 64, 100 %, 0x0000000000000004, 19083 MiB
2026/10/08 04:36:22.016, 1380 MHz, 1593 MHz, 396.38 W, 400.00 W, 64, 100 %, 0x0000000000000004, 19083 MiB
2026/10/08 04:36:23.018, 1350 MHz, 1593 MHz, 390.64 W, 400.00 W, 64, 100 %, 0x0000000000000004, 19083 MiB
2026/10/08 04:36:24.020, 1350 MHz, 1593 MHz, 386.74 W, 400.00 W, 64, 100 %, 0x0000000000000004, 19083 MiB
2026/10/08 04:36:25.021, 1350 MHz, 1593 MHz, 408.29 W, 400.00 W, 64, 100 %, 0x0000000000000004, 19083 MiB
2026/10/08 04:36:26.023, 1380 MHz, 1593 MHz, 392.30 W, 400.00 W, 64, 100 %, 0x0000000000000004, 19083 MiB
2026/10/08 04:36:27.025, 1350 MHz, 1593 MHz, 401.80 W, 400.00 W, 64, 100 %, 0x0000000000000004, 19083 MiB
2026/10/08 04:36:28.026, 1350 MHz, 1593 MHz, 396.19 W, 400.00 W, 64, 100 %, 0x0000000000000004, 19083 MiB
2026/10/08 04:36:29.028, 1380 MHz, 1593 MHz, 253.93 W, 400.00 W, 62, 93 %, 0x0000000000000004, 19083 MiB
2026/10/08 04:36:30.030, 1395 MHz, 1593 MHz, 409.39 W, 400.00 W, 61, 92 %, 0x0000000000000004, 19083 MiB
2026/10/08 04:36:31.031, 1380 MHz, 1593 MHz, 245.46 W, 400.00 W, 62, 90 %, 0x0000000000000004, 19083 MiB
2026/10/08 04:36:32.033, 1395 MHz, 1593 MHz, 400.93 W, 400.00 W, 60, 92 %, 0x0000000000000004, 19083 MiB
2026/10/08 04:36:33.035, 1395 MHz, 1593 MHz, 252.41 W, 400.00 W, 61, 92 %, 0x0000000000000004, 19083 MiB
2026/10/08 04:36:34.037, 1395 MHz, 1593 MHz, 405.85 W, 400.00 W, 62, 92 %, 0x0000000000000004, 19083 MiB
2026/10/08 04:36:35.038, 1395 MHz, 1593 MHz, 254.53 W, 400.00 W, 60, 92 %, 0x0000000000000004, 19083 MiB
2026/10/08 04:36:36.040, 1380 MHz, 1593 MHz, 396.52 W, 400.00 W, 61, 92 %, 0x0000000000000004, 19083 MiB
2026/10/08 04:36:37.042, 1395 MHz, 1593 MHz, 256.64 W, 400.00 W, 59, 92 %, 0x0000000000000004, 19083 MiB
2026/10/08 04:36:38.045, 1395 MHz, 1593 MHz, 407.86 W, 400.00 W, 61, 92 %, 0x0000000000000004, 19083 MiB
2026/10/08 04:36:39.047, 1380 MHz, 1593 MHz, 270.26 W, 400.00 W, 60, 92 %, 0x0000000000000004, 19083 MiB
2026/10/08 04:36:40.049, 1395 MHz, 1593 MHz, 407.70 W, 400.00 W, 60, 92 %, 0x0000000000000004, 19083 MiB
2026/10/08 04:36:41.051, 1395 MHz, 1593 MHz, 270.26 W, 400.00 W, 61, 92 %, 0x0000000000000004, 19083 MiB
2026/10/08 04:36:42.052, 1395 MHz, 1593 MHz, 394.41 W, 400.00 W, 60, 92 %, 0x0000000000000004, 19083 MiB
2026/10/08 04:36:43.054, 1395 MHz, 1593 MHz, 247.85 W, 400.00 W, 61, 92 %, 0x0000000000000004, 19083 MiB
2026/10/08 04:36:44.056, 1380 MHz, 1593 MHz, 413.28 W, 400.00 W, 62, 92 %, 0x0000000000000004, 19083 MiB
2026/10/08 04:36:45.058, 1395 MHz, 1593 MHz, 255.78 W, 400.00 W, 60, 91 %, 0x0000000000000004, 19083 MiB
2026/10/08 04:36:46.059, 1380 MHz, 1593 MHz, 415.40 W, 400.00 W, 61, 92 %, 0x0000000000000004, 19083 MiB
2026/10/08 04:36:47.061, 1395 MHz, 1593 MHz, 265.11 W, 400.00 W, 61, 90 %, 0x0000000000000004, 19083 MiB
2026/10/08 04:36:48.063, 1395 MHz, 1593 MHz, 329.16 W, 400.00 W, 61, 95 %, 0x0000000000000004, 12211 MiB
2026/10/08 04:36:49.064, 1395 MHz, 1593 MHz, 398.82 W, 400.00 W, 62, 100 %, 0x0000000000000004, 12211 MiB
2026/10/08 04:36:50.066, 1410 MHz, 1593 MHz, 94.41 W, 400.00 W, 50, 0 %, 0x0000000000000000, 12211 MiB
2026/10/08 04:36:51.068, 1410 MHz, 1593 MHz, 91.96 W, 400.00 W, 48, 0 %, 0x0000000000000000, 6883 MiB
2026/10/08 04:36:52.070, 1410 MHz, 1593 MHz, 91.09 W, 400.00 W, 46, 0 %, 0x0000000000000000, 6883 MiB
2026/10/08 04:36:53.072, 1140 MHz, 1593 MHz, 72.89 W, 400.00 W, 45, 0 %, 0x0000000000000000, 6883 MiB
2026/10/08 04:36:54.073, 1410 MHz, 1593 MHz, 76.52 W, 400.00 W, 44, 76 %, 0x0000000000000000, 0 MiB
2026/10/08 04:36:55.074, 1410 MHz, 1593 MHz, 89.24 W, 400.00 W, 44, 0 %, 0x0000000000000000, 0 MiB
2026/10/08 04:36:56.076, 765 MHz, 1593 MHz, 68.04 W, 400.00 W, 43, 0 %, 0x0000000000000001, 0 MiB
2026/10/08 04:36:57.077, 210 MHz, 1593 MHz, 65.33 W, 400.00 W, 42, 0 %, 0x0000000000000001, 0 MiB
2026/10/08 04:36:58.079, 210 MHz, 1593 MHz, 65.06 W, 400.00 W, 41, 0 %, 0x0000000000000001, 0 MiB
2026/10/08 04:36:59.081, 210 MHz, 1593 MHz, 65.06 W, 400.00 W, 41, 0 %, 0x0000000000000001, 0 MiB
2026/10/08 04:37:00.083, 210 MHz, 1593 MHz, 64.73 W, 400.00 W, 40, 0 %, 0x0000000000000001, 0 MiB
2026/10/08 04:37:01.084, 210 MHz, 1593 MHz, 64.45 W, 400.00 W, 40, 0 %, 0x0000000000000001, 4 MiB
2026/10/08 04:37:02.086, 1140 MHz, 1593 MHz, 70.49 W, 400.00 W, 40, 0 %, 0x0000000000000000, 21 MiB
2026/10/08 04:37:03.089, 1140 MHz, 1593 MHz, 70.49 W, 400.00 W, 40, 0 %, 0x0000000000000000, 529 MiB
2026/10/08 04:37:04.150, 1140 MHz, 1593 MHz, 70.17 W, 400.00 W, 39, 0 %, 0x0000000000000000, 529 MiB
2026/10/08 04:37:05.152, 1140 MHz, 1593 MHz, 70.17 W, 400.00 W, 39, 0 %, 0x0000000000000000, 529 MiB
2026/10/08 04:37:06.153, 1140 MHz, 1593 MHz, 70.17 W, 400.00 W, 39, 0 %, 0x0000000000000000, 529 MiB
2026/10/08 04:37:07.155, 1140 MHz, 1593 MHz, 70.17 W, 400.00 W, 38, 0 %, 0x0000000000000000, 529 MiB
2026/10/08 04:37:08.156, 1140 MHz, 1593 MHz, 69.89 W, 400.00 W, 38, 0 %, 0x0000000000000000, 529 MiB
2026/10/08 04:37:09.158, 1140 MHz, 1593 MHz, 69.89 W, 400.00 W, 38, 0 %, 0x0000000000000000, 529 MiB
2026/10/08 04:37:10.249, 1140 MHz, 1593 MHz, 69.49 W, 400.00 W, 38, 0 %, 0x0000000000000000, 529 MiB
2026/10/08 04:37:11.250, 1140 MHz, 1593 MHz, 69.57 W, 400.00 W, 37, 0 %, 0x0000000000000000, 529 MiB
2026/10/08 04:37:12.252, 1140 MHz, 1593 MHz, 69.57 W, 400.00 W, 37, 0 %, 0x0000000000000000, 529 MiB
2026/10/08 04:37:13.253, 1140 MHz, 1593 MHz, 69.29 W, 400.00 W, 37, 0 %, 0x0000000000000000, 529 MiB
2026/10/08 04:37:14.254, 1140 MHz, 1593 MHz, 69.29 W, 400.00 W, 37, 0 %, 0x0000000000000000, 529 MiB
2026/10/08 04:37:15.256, 1140 MHz, 1593 MHz, 69.29 W, 400.00 W, 37, 0 %, 0x0000000000000000, 529 MiB
2026/10/08 04:37:16.258, 1140 MHz, 1593 MHz, 68.97 W, 400.00 W, 36, 0 %, 0x0000000000000000, 529 MiB
2026/10/08 04:37:17.259, 1140 MHz, 1593 MHz, 68.97 W, 400.00 W, 36, 0 %, 0x0000000000000000, 529 MiB
2026/10/08 04:37:18.349, 1140 MHz, 1593 MHz, 68.90 W, 400.00 W, 36, 0 %, 0x0000000000000000, 529 MiB
2026/10/08 04:37:19.350, 1140 MHz, 1593 MHz, 68.90 W, 400.00 W, 36, 0 %, 0x0000000000000000, 529 MiB
2026/10/08 04:37:20.352, 1140 MHz, 1593 MHz, 68.65 W, 400.00 W, 36, 0 %, 0x0000000000000000, 529 MiB
2026/10/08 04:37:21.353, 1140 MHz, 1593 MHz, 68.57 W, 400.00 W, 36, 0 %, 0x0000000000000000, 529 MiB
2026/10/08 04:37:22.355, 1140 MHz, 1593 MHz, 68.65 W, 400.00 W, 35, 0 %, 0x0000000000000000, 529 MiB
2026/10/08 04:37:23.356, 1140 MHz, 1593 MHz, 68.57 W, 400.00 W, 35, 0 %, 0x0000000000000000, 529 MiB
2026/10/08 04:37:24.359, 1140 MHz, 1593 MHz, 68.57 W, 400.00 W, 35, 0 %, 0x0000000000000000, 529 MiB
2026/10/08 04:37:25.361, 1140 MHz, 1593 MHz, 68.30 W, 400.00 W, 35, 0 %, 0x0000000000000000, 529 MiB
2026/10/08 04:37:26.449, 1140 MHz, 1593 MHz, 68.37 W, 400.00 W, 35, 0 %, 0x0000000000000000, 529 MiB
2026/10/08 04:37:27.449, 1140 MHz, 1593 MHz, 68.65 W, 400.00 W, 35, 0 %, 0x0000000000000000, 529 MiB
2026/10/08 04:37:28.451, 1140 MHz, 1593 MHz, 68.57 W, 400.00 W, 35, 0 %, 0x0000000000000000, 529 MiB
2026/10/08 04:37:29.452, 1140 MHz, 1593 MHz, 68.57 W, 400.00 W, 35, 0 %, 0x0000000000000000, 529 MiB
2026/10/08 04:37:30.454, 1140 MHz, 1593 MHz, 68.30 W, 400.00 W, 35, 0 %, 0x0000000000000000, 529 MiB
2026/10/08 04:37:31.455, 1140 MHz, 1593 MHz, 68.37 W, 400.00 W, 34, 0 %, 0x0000000000000000, 529 MiB
2026/10/08 04:37:32.457, 1140 MHz, 1593 MHz, 68.30 W, 400.00 W, 34, 0 %, 0x0000000000000000, 529 MiB
2026/10/08 04:37:33.458, 1140 MHz, 1593 MHz, 68.30 W, 400.00 W, 34, 0 %, 0x0000000000000000, 529 MiB
2026/10/08 04:37:34.460, 1140 MHz, 1593 MHz, 68.30 W, 400.00 W, 34, 0 %, 0x0000000000000000, 529 MiB
2026/10/08 04:37:35.549, 1140 MHz, 1593 MHz, 68.30 W, 400.00 W, 34, 0 %, 0x0000000000000000, 529 MiB
2026/10/08 04:37:36.550, 1140 MHz, 1593 MHz, 67.97 W, 400.00 W, 34, 0 %, 0x0000000000000000, 529 MiB
2026/10/08 04:37:37.552, 1140 MHz, 1593 MHz, 67.97 W, 400.00 W, 34, 0 %, 0x0000000000000000, 529 MiB
2026/10/08 04:37:38.553, 1140 MHz, 1593 MHz, 67.97 W, 400.00 W, 34, 0 %, 0x0000000000000000, 529 MiB
2026/10/08 04:37:39.557, 1140 MHz, 1593 MHz, 67.97 W, 400.00 W, 34, 0 %, 0x0000000000000000, 529 MiB
2026/10/08 04:37:40.559, 1140 MHz, 1593 MHz, 68.90 W, 400.00 W, 34, 0 %, 0x0000000000000000, 529 MiB
2026/10/08 04:37:41.649, 1140 MHz, 1593 MHz, 68.97 W, 400.00 W, 34, 0 %, 0x0000000000000000, 529 MiB
2026/10/08 04:37:42.650, 1140 MHz, 1593 MHz, 68.90 W, 400.00 W, 34, 0 %, 0x0000000000000000, 529 MiB
2026/10/08 04:37:43.652, 1140 MHz, 1593 MHz, 68.57 W, 400.00 W, 34, 0 %, 0x0000000000000000, 529 MiB
2026/10/08 04:37:44.653, 1140 MHz, 1593 MHz, 68.90 W, 400.00 W, 34, 0 %, 0x0000000000000000, 529 MiB
2026/10/08 04:37:45.655, 1140 MHz, 1593 MHz, 68.90 W, 400.00 W, 33, 0 %, 0x0000000000000000, 529 MiB
2026/10/08 04:37:46.656, 1140 MHz, 1593 MHz, 68.90 W, 400.00 W, 33, 0 %, 0x0000000000000000, 529 MiB
2026/10/08 04:37:47.658, 1140 MHz, 1593 MHz, 68.90 W, 400.00 W, 33, 0 %, 0x0000000000000000, 529 MiB
2026/10/08 04:37:48.749, 1140 MHz, 1593 MHz, 68.90 W, 400.00 W, 33, 0 %, 0x0000000000000000, 529 MiB
2026/10/08 04:37:49.749, 1140 MHz, 1593 MHz, 68.90 W, 400.00 W, 33, 0 %, 0x0000000000000000, 529 MiB
2026/10/08 04:37:50.751, 1140 MHz, 1593 MHz, 68.90 W, 400.00 W, 33, 0 %, 0x0000000000000000, 529 MiB
2026/10/08 04:37:51.752, 1140 MHz, 1593 MHz, 68.90 W, 400.00 W, 33, 0 %, 0x0000000000000000, 529 MiB
2026/10/08 04:37:52.754, 1140 MHz, 1593 MHz, 68.90 W, 400.00 W, 33, 0 %, 0x0000000000000000, 529 MiB
2026/10/08 04:37:53.756, 1140 MHz, 1593 MHz, 68.57 W, 400.00 W, 33, 0 %, 0x0000000000000000, 529 MiB
2026/10/08 04:37:54.757, 1140 MHz, 1593 MHz, 68.57 W, 400.00 W, 33, 0 %, 0x0000000000000000, 529 MiB
2026/10/08 04:37:55.759, 1140 MHz, 1593 MHz, 68.57 W, 400.00 W, 33, 0 %, 0x0000000000000000, 529 MiB
2026/10/08 04:37:56.760, 1140 MHz, 1593 MHz, 68.30 W, 400.00 W, 33, 0 %, 0x0000000000000000, 529 MiB
2026/10/08 04:37:57.851, 1140 MHz, 1593 MHz, 68.30 W, 400.00 W, 33, 0 %, 0x0000000000000000, 529 MiB
2026/10/08 04:37:58.852, 1140 MHz, 1593 MHz, 68.30 W, 400.00 W, 33, 0 %, 0x0000000000000000, 529 MiB
2026/10/08 04:37:59.854, 1140 MHz, 1593 MHz, 68.30 W, 400.00 W, 33, 0 %, 0x0000000000000000, 529 MiB
2026/10/08 04:38:00.855, 1140 MHz, 1593 MHz, 68.30 W, 400.00 W, 33, 0 %, 0x0000000000000000, 529 MiB
2026/10/08 04:38:01.857, 1140 MHz, 1593 MHz, 68.30 W, 400.00 W, 33, 0 %, 0x0000000000000000, 529 MiB
2026/10/08 04:38:02.859, 1140 MHz, 1593 MHz, 67.97 W, 400.00 W, 33, 0 %, 0x0000000000000000, 529 MiB
2026/10/08 04:38:03.949, 1140 MHz, 1593 MHz, 68.30 W, 400.00 W, 33, 0 %, 0x0000000000000000, 529 MiB
2026/10/08 04:38:04.950, 1140 MHz, 1593 MHz, 68.30 W, 400.00 W, 33, 0 %, 0x0000000000000000, 529 MiB
2026/10/08 04:38:05.952, 1140 MHz, 1593 MHz, 68.90 W, 400.00 W, 33, 28 %, 0x0000000000000000, 1255 MiB
2026/10/08 04:38:06.953, 1365 MHz, 1593 MHz, 80.68 W, 400.00 W, 33, 11 %, 0x0000000000000000, 2923 MiB
2026/10/08 04:38:07.955, 1410 MHz, 1593 MHz, 84.32 W, 400.00 W, 33, 17 %, 0x0000000000000000, 4073 MiB
2026/10/08 04:38:08.957, 1410 MHz, 1593 MHz, 84.32 W, 400.00 W, 33, 0 %, 0x0000000000000000, 4073 MiB
2026/10/08 04:38:09.958, 1140 MHz, 1593 MHz, 68.30 W, 400.00 W, 33, 0 %, 0x0000000000000000, 4091 MiB
2026/10/08 04:38:10.960, 1140 MHz, 1593 MHz, 68.57 W, 400.00 W, 33, 0 %, 0x0000000000000000, 4091 MiB
2026/10/08 04:38:11.962, 1140 MHz, 1593 MHz, 68.30 W, 400.00 W, 32, 0 %, 0x0000000000000000, 4091 MiB
2026/10/08 04:38:12.963, 1140 MHz, 1593 MHz, 68.57 W, 400.00 W, 32, 0 %, 0x0000000000000000, 4091 MiB
2026/10/08 04:38:13.965, 1140 MHz, 1593 MHz, 68.30 W, 400.00 W, 32, 0 %, 0x0000000000000000, 4091 MiB
2026/10/08 04:38:14.967, 1140 MHz, 1593 MHz, 68.30 W, 400.00 W, 32, 0 %, 0x0000000000000000, 4091 MiB
2026/10/08 04:38:15.968, 1140 MHz, 1593 MHz, 68.30 W, 400.00 W, 32, 0 %, 0x0000000000000000, 4091 MiB
2026/10/08 04:38:16.970, 1140 MHz, 1593 MHz, 67.97 W, 400.00 W, 32, 0 %, 0x0000000000000000, 4091 MiB
2026/10/08 04:38:17.972, 1140 MHz, 1593 MHz, 67.97 W, 400.00 W, 32, 0 %, 0x0000000000000000, 4091 MiB
2026/10/08 04:38:18.974, 1140 MHz, 1593 MHz, 67.97 W, 400.00 W, 32, 0 %, 0x0000000000000000, 4091 MiB
2026/10/08 04:38:19.978, 1140 MHz, 1593 MHz, 67.97 W, 400.00 W, 32, 0 %, 0x0000000000000000, 4091 MiB
2026/10/08 04:38:21.050, 1140 MHz, 1593 MHz, 67.97 W, 400.00 W, 32, 0 %, 0x0000000000000000, 4091 MiB
2026/10/08 04:38:22.051, 1140 MHz, 1593 MHz, 67.97 W, 400.00 W, 32, 0 %, 0x0000000000000000, 4091 MiB
2026/10/08 04:38:23.053, 1140 MHz, 1593 MHz, 67.97 W, 400.00 W, 32, 0 %, 0x0000000000000000, 4091 MiB
2026/10/08 04:38:24.054, 1140 MHz, 1593 MHz, 67.97 W, 400.00 W, 32, 0 %, 0x0000000000000000, 4091 MiB
2026/10/08 04:38:25.056, 1140 MHz, 1593 MHz, 67.97 W, 400.00 W, 32, 19 %, 0x0000000000000000, 5483 MiB
2026/10/08 04:38:26.057, 1140 MHz, 1593 MHz, 69.49 W, 400.00 W, 32, 21 %, 0x0000000000000000, 5583 MiB
2026/10/08 04:38:27.059, 1140 MHz, 1593 MHz, 68.90 W, 400.00 W, 32, 19 %, 0x0000000000000000, 5683 MiB
2026/10/08 04:38:28.060, 1320 MHz, 1593 MHz, 76.44 W, 400.00 W, 33, 36 %, 0x0000000000000000, 5863 MiB
2026/10/08 04:38:29.062, 1410 MHz, 1593 MHz, 83.99 W, 400.00 W, 33, 46 %, 0x0000000000000000, 5863 MiB
2026/10/08 04:38:30.064, 1410 MHz, 1593 MHz, 85.83 W, 400.00 W, 33, 19 %, 0x0000000000000000, 5863 MiB
2026/10/08 04:38:31.065, 1140 MHz, 1593 MHz, 69.22 W, 400.00 W, 33, 20 %, 0x0000000000000000, 6223 MiB
2026/10/08 04:38:32.066, 1140 MHz, 1593 MHz, 68.30 W, 400.00 W, 32, 13 %, 0x0000000000000000, 6223 MiB
2026/10/08 04:38:33.068, 1140 MHz, 1593 MHz, 68.57 W, 400.00 W, 32, 12 %, 0x0000000000000000, 6223 MiB
2026/10/08 04:38:34.070, 1200 MHz, 1593 MHz, 70.69 W, 400.00 W, 32, 36 %, 0x0000000000000000, 6223 MiB
2026/10/08 04:38:35.071, 1200 MHz, 1593 MHz, 70.69 W, 400.00 W, 32, 35 %, 0x0000000000000000, 6223 MiB
2026/10/08 04:38:36.073, 1140 MHz, 1593 MHz, 68.30 W, 400.00 W, 32, 32 %, 0x0000000000000000, 6223 MiB
2026/10/08 04:38:37.075, 1140 MHz, 1593 MHz, 68.30 W, 400.00 W, 32, 28 %, 0x0000000000000000, 6223 MiB
2026/10/08 04:38:38.081, 1140 MHz, 1593 MHz, 67.97 W, 400.00 W, 32, 29 %, 0x0000000000000000, 6223 MiB
2026/10/08 04:38:39.083, 1140 MHz, 1593 MHz, 67.97 W, 400.00 W, 32, 14 %, 0x0000000000000000, 6223 MiB
2026/10/08 04:38:40.084, 1140 MHz, 1593 MHz, 67.97 W, 400.00 W, 32, 29 %, 0x0000000000000000, 5159 MiB
2026/10/08 04:38:41.086, 1290 MHz, 1593 MHz, 74.65 W, 400.00 W, 32, 0 %, 0x0000000000000000, 7943 MiB
2026/10/08 04:38:42.087, 1290 MHz, 1593 MHz, 74.92 W, 400.00 W, 32, 6 %, 0x0000000000000000, 7943 MiB
2026/10/08 04:38:43.089, 1140 MHz, 1593 MHz, 67.97 W, 400.00 W, 32, 0 %, 0x0000000000000000, 7945 MiB
2026/10/08 04:38:44.091, 1140 MHz, 1593 MHz, 67.97 W, 400.00 W, 32, 0 %, 0x0000000000000000, 7947 MiB
2026/10/08 04:38:45.092, 1410 MHz, 1593 MHz, 342.69 W, 400.00 W, 46, 100 %, 0x0000000000000000, 8685 MiB
2026/10/08 04:38:46.094, 1410 MHz, 1593 MHz, 366.80 W, 400.00 W, 49, 100 %, 0x0000000000000000, 8855 MiB
2026/10/08 04:38:47.095, 1395 MHz, 1593 MHz, 396.98 W, 400.00 W, 47, 0 %, 0x0000000000000004, 8863 MiB
2026/10/08 04:38:48.097, 1410 MHz, 1593 MHz, 358.08 W, 400.00 W, 50, 100 %, 0x0000000000000000, 8863 MiB
2026/10/08 04:38:49.099, 1410 MHz, 1593 MHz, 376.17 W, 400.00 W, 52, 100 %, 0x0000000000000000, 8863 MiB
2026/10/08 04:38:50.100, 1410 MHz, 1593 MHz, 348.71 W, 400.00 W, 51, 100 %, 0x0000000000000000, 8863 MiB
2026/10/08 04:38:51.102, 1410 MHz, 1593 MHz, 366.21 W, 400.00 W, 53, 100 %, 0x0000000000000000, 8863 MiB
2026/10/08 04:38:52.104, 1395 MHz, 1593 MHz, 346.59 W, 400.00 W, 53, 100 %, 0x0000000000000004, 8863 MiB
2026/10/08 04:38:53.105, 1410 MHz, 1593 MHz, 354.45 W, 400.00 W, 53, 100 %, 0x0000000000000000, 8863 MiB
2026/10/08 04:38:54.107, 1410 MHz, 1593 MHz, 373.14 W, 400.00 W, 54, 100 %, 0x0000000000000000, 8863 MiB
2026/10/08 04:38:55.109, 1410 MHz, 1593 MHz, 354.45 W, 400.00 W, 54, 100 %, 0x0000000000000000, 8863 MiB
2026/10/08 04:38:56.110, 1410 MHz, 1593 MHz, 367.72 W, 400.00 W, 55, 100 %, 0x0000000000000000, 8863 MiB
2026/10/08 04:38:57.112, 1410 MHz, 1593 MHz, 363.82 W, 400.00 W, 55, 100 %, 0x0000000000000000, 8863 MiB
2026/10/08 04:38:58.114, 1410 MHz, 1593 MHz, 377.69 W, 400.00 W, 55, 100 %, 0x0000000000000000, 8863 MiB
2026/10/08 04:38:59.115, 1410 MHz, 1593 MHz, 367.12 W, 400.00 W, 56, 100 %, 0x0000000000000000, 9003 MiB
2026/10/08 04:39:00.117, 1410 MHz, 1593 MHz, 355.64 W, 400.00 W, 56, 100 %, 0x0000000000000000, 9003 MiB
2026/10/08 04:39:01.119, 1410 MHz, 1593 MHz, 367.72 W, 400.00 W, 57, 100 %, 0x0000000000000000, 9003 MiB
2026/10/08 04:39:02.120, 1335 MHz, 1593 MHz, 468.33 W, 400.00 W, 57, 100 %, 0x0000000000000004, 9003 MiB
2026/10/08 04:39:03.122, 1410 MHz, 1593 MHz, 374.06 W, 400.00 W, 57, 100 %, 0x0000000000000000, 9003 MiB
2026/10/08 04:39:04.123, 1410 MHz, 1593 MHz, 384.03 W, 400.00 W, 58, 100 %, 0x0000000000000000, 9003 MiB
2026/10/08 04:39:05.125, 1410 MHz, 1593 MHz, 357.75 W, 400.00 W, 57, 100 %, 0x0000000000000000, 9003 MiB
2026/10/08 04:39:06.127, 1410 MHz, 1593 MHz, 371.35 W, 400.00 W, 58, 100 %, 0x0000000000000000, 9003 MiB
2026/10/08 04:39:07.128, 1410 MHz, 1593 MHz, 379.80 W, 400.00 W, 59, 100 %, 0x0000000000000000, 9003 MiB
2026/10/08 04:39:08.130, 1410 MHz, 1593 MHz, 371.02 W, 400.00 W, 58, 100 %, 0x0000000000000000, 9003 MiB
2026/10/08 04:39:09.132, 1410 MHz, 1593 MHz, 368.05 W, 400.00 W, 59, 100 %, 0x0000000000000000, 9003 MiB
2026/10/08 04:39:10.133, 1410 MHz, 1593 MHz, 113.96 W, 400.00 W, 46, 1 %, 0x0000000000000000, 12293 MiB
2026/10/08 04:39:11.135, 1395 MHz, 1593 MHz, 358.08 W, 400.00 W, 57, 100 %, 0x0000000000000004, 12293 MiB
2026/10/08 04:39:12.137, 1410 MHz, 1593 MHz, 321.30 W, 400.00 W, 56, 100 %, 0x0000000000000000, 12293 MiB
2026/10/08 04:39:13.138, 1395 MHz, 1593 MHz, 397.31 W, 400.00 W, 58, 100 %, 0x0000000000000004, 12293 MiB
2026/10/08 04:39:14.140, 1395 MHz, 1593 MHz, 392.75 W, 400.00 W, 59, 100 %, 0x0000000000000004, 12293 MiB
2026/10/08 04:39:15.141, 1395 MHz, 1593 MHz, 373.14 W, 400.00 W, 59, 100 %, 0x0000000000000004, 12293 MiB
2026/10/08 04:39:16.143, 1395 MHz, 1593 MHz, 343.88 W, 400.00 W, 59, 100 %, 0x0000000000000004, 12293 MiB
2026/10/08 04:39:17.145, 1395 MHz, 1593 MHz, 381.91 W, 400.00 W, 60, 100 %, 0x0000000000000004, 12293 MiB
2026/10/08 04:39:18.146, 1395 MHz, 1593 MHz, 405.16 W, 400.00 W, 60, 100 %, 0x0000000000000004, 12293 MiB
2026/10/08 04:39:19.148, 1395 MHz, 1593 MHz, 401.80 W, 400.00 W, 60, 100 %, 0x0000000000000004, 12293 MiB
2026/10/08 04:39:20.150, 1395 MHz, 1593 MHz, 390.64 W, 400.00 W, 60, 100 %, 0x0000000000000004, 12293 MiB
2026/10/08 04:39:21.151, 1395 MHz, 1593 MHz, 364.41 W, 400.00 W, 61, 100 %, 0x0000000000000004, 12293 MiB
2026/10/08 04:39:22.153, 1395 MHz, 1593 MHz, 374.39 W, 400.00 W, 60, 100 %, 0x0000000000000004, 12293 MiB
2026/10/08 04:39:23.154, 1410 MHz, 1593 MHz, 353.85 W, 400.00 W, 59, 100 %, 0x0000000000000000, 12835 MiB
2026/10/08 04:39:24.156, 1410 MHz, 1593 MHz, 91.86 W, 400.00 W, 46, 0 %, 0x0000000000000000, 8907 MiB
2026/10/08 04:39:25.157, 1410 MHz, 1593 MHz, 89.47 W, 400.00 W, 44, 0 %, 0x0000000000000000, 8907 MiB
2026/10/08 04:39:26.159, 1140 MHz, 1593 MHz, 71.34 W, 400.00 W, 42, 0 %, 0x0000000000000000, 8907 MiB
2026/10/08 04:39:27.160, 1140 MHz, 1593 MHz, 71.01 W, 400.00 W, 41, 0 %, 0x0000000000000000, 8907 MiB
2026/10/08 04:39:28.162, 1140 MHz, 1593 MHz, 70.42 W, 400.00 W, 40, 0 %, 0x0000000000000000, 7267 MiB
2026/10/08 04:39:29.163, 1410 MHz, 1593 MHz, 350.81 W, 400.00 W, 54, 100 %, 0x0000000000000000, 12547 MiB
2026/10/08 04:39:30.165, 1410 MHz, 1593 MHz, 368.05 W, 400.00 W, 57, 100 %, 0x0000000000000000, 12547 MiB
2026/10/08 04:39:31.167, 1395 MHz, 1593 MHz, 334.56 W, 400.00 W, 57, 100 %, 0x0000000000000004, 12829 MiB
2026/10/08 04:39:32.168, 1410 MHz, 1593 MHz, 367.12 W, 400.00 W, 58, 100 %, 0x0000000000000000, 12829 MiB
2026/10/08 04:39:33.170, 1410 MHz, 1593 MHz, 395.19 W, 400.00 W, 59, 100 %, 0x0000000000000000, 12829 MiB
2026/10/08 04:39:34.172, 1410 MHz, 1593 MHz, 375.58 W, 400.00 W, 58, 100 %, 0x0000000000000000, 12829 MiB
2026/10/08 04:39:35.173, 1410 MHz, 1593 MHz, 394.27 W, 400.00 W, 59, 100 %, 0x0000000000000000, 12829 MiB
2026/10/08 04:39:36.178, 1395 MHz, 1593 MHz, 351.47 W, 400.00 W, 59, 100 %, 0x0000000000000004, 12829 MiB
2026/10/08 04:39:37.180, 1410 MHz, 1593 MHz, 366.53 W, 400.00 W, 59, 100 %, 0x0000000000000000, 12829 MiB
2026/10/08 04:39:38.181, 1410 MHz, 1593 MHz, 398.82 W, 400.00 W, 60, 100 %, 0x0000000000000000, 12829 MiB
2026/10/08 04:39:39.184, 1410 MHz, 1593 MHz, 374.06 W, 400.00 W, 60, 100 %, 0x0000000000000000, 12829 MiB
2026/10/08 04:39:40.187, 1410 MHz, 1593 MHz, 371.68 W, 400.00 W, 60, 100 %, 0x0000000000000000, 12829 MiB
2026/10/08 04:39:41.189, 1395 MHz, 1593 MHz, 372.54 W, 400.00 W, 60, 100 %, 0x0000000000000004, 13109 MiB
2026/10/08 04:39:42.190, 1410 MHz, 1593 MHz, 372.87 W, 400.00 W, 60, 100 %, 0x0000000000000000, 13109 MiB
2026/10/08 04:39:43.192, 1410 MHz, 1593 MHz, 373.79 W, 400.00 W, 61, 100 %, 0x0000000000000000, 13109 MiB
2026/10/08 04:39:44.194, 1410 MHz, 1593 MHz, 361.11 W, 400.00 W, 60, 100 %, 0x0000000000000000, 13109 MiB
2026/10/08 04:39:45.195, 1410 MHz, 1593 MHz, 382.84 W, 400.00 W, 61, 100 %, 0x0000000000000000, 13109 MiB
2026/10/08 04:39:46.197, 1410 MHz, 1593 MHz, 366.80 W, 400.00 W, 61, 100 %, 0x0000000000000000, 13109 MiB
2026/10/08 04:39:47.198, 1410 MHz, 1593 MHz, 397.31 W, 400.00 W, 61, 100 %, 0x0000000000000000, 13109 MiB
2026/10/08 04:39:48.200, 1410 MHz, 1593 MHz, 375.90 W, 400.00 W, 61, 100 %, 0x0000000000000000, 13109 MiB
2026/10/08 04:39:49.202, 1410 MHz, 1593 MHz, 364.41 W, 400.00 W, 60, 100 %, 0x0000000000000000, 13109 MiB
2026/10/08 04:39:50.203, 1410 MHz, 1593 MHz, 398.22 W, 400.00 W, 61, 100 %, 0x0000000000000000, 13109 MiB
2026/10/08 04:39:51.205, 1410 MHz, 1593 MHz, 364.09 W, 400.00 W, 61, 100 %, 0x0000000000000000, 13109 MiB
2026/10/08 04:39:52.206, 1410 MHz, 1593 MHz, 400.34 W, 400.00 W, 61, 100 %, 0x0000000000000000, 13109 MiB
2026/10/08 04:39:53.208, 1410 MHz, 1593 MHz, 376.17 W, 400.00 W, 62, 100 %, 0x0000000000000000, 13489 MiB
2026/10/08 04:39:54.210, 1395 MHz, 1593 MHz, 380.08 W, 400.00 W, 61, 100 %, 0x0000000000000004, 13489 MiB
2026/10/08 04:39:55.211, 1395 MHz, 1593 MHz, 363.50 W, 400.00 W, 61, 100 %, 0x0000000000000004, 13489 MiB
2026/10/08 04:39:56.213, 1395 MHz, 1593 MHz, 356.33 W, 400.00 W, 61, 100 %, 0x0000000000000004, 13489 MiB
2026/10/08 04:39:57.215, 1395 MHz, 1593 MHz, 395.78 W, 400.00 W, 61, 100 %, 0x0000000000000004, 13489 MiB
2026/10/08 04:39:58.216, 1395 MHz, 1593 MHz, 401.53 W, 400.00 W, 62, 100 %, 0x0000000000000004, 13489 MiB
2026/10/08 04:39:59.218, 1380 MHz, 1593 MHz, 399.09 W, 400.00 W, 61, 100 %, 0x0000000000000004, 13489 MiB
2026/10/08 04:40:00.219, 1380 MHz, 1593 MHz, 370.16 W, 400.00 W, 62, 100 %, 0x0000000000000004, 13489 MiB
2026/10/08 04:40:01.221, 1395 MHz, 1593 MHz, 354.82 W, 400.00 W, 62, 100 %, 0x0000000000000004, 13489 MiB
2026/10/08 04:40:02.223, 1395 MHz, 1593 MHz, 363.27 W, 400.00 W, 62, 100 %, 0x0000000000000004, 13489 MiB
2026/10/08 04:40:03.224, 1395 MHz, 1593 MHz, 399.42 W, 400.00 W, 62, 100 %, 0x0000000000000004, 13489 MiB
2026/10/08 04:40:04.226, 1410 MHz, 1593 MHz, 96.69 W, 400.00 W, 50, 20 %, 0x0000000000000000, 13491 MiB
2026/10/08 04:40:05.251, 1410 MHz, 1593 MHz, 93.39 W, 400.00 W, 46, 0 %, 0x0000000000000000, 9067 MiB
2026/10/08 04:40:06.253, 1410 MHz, 1593 MHz, 90.07 W, 400.00 W, 45, 0 %, 0x0000000000000000, 9067 MiB
2026/10/08 04:40:07.254, 1140 MHz, 1593 MHz, 71.94 W, 400.00 W, 43, 0 %, 0x0000000000000000, 9067 MiB
2026/10/08 04:40:08.255, 1140 MHz, 1593 MHz, 71.61 W, 400.00 W, 42, 0 %, 0x0000000000000000, 9067 MiB
2026/10/08 04:40:09.257, 1395 MHz, 1593 MHz, 234.03 W, 400.00 W, 48, 95 %, 0x0000000000000004, 13187 MiB
2026/10/08 04:40:10.258, 1410 MHz, 1593 MHz, 365.01 W, 400.00 W, 57, 100 %, 0x0000000000000000, 13187 MiB
2026/10/08 04:40:11.260, 1410 MHz, 1593 MHz, 398.82 W, 400.00 W, 59, 100 %, 0x0000000000000000, 13187 MiB
2026/10/08 04:40:12.262, 1410 MHz, 1593 MHz, 365.61 W, 400.00 W, 59, 100 %, 0x0000000000000000, 13189 MiB
2026/10/08 04:40:13.263, 1410 MHz, 1593 MHz, 392.75 W, 400.00 W, 60, 100 %, 0x0000000000000000, 13189 MiB
2026/10/08 04:40:14.266, 1380 MHz, 1593 MHz, 372.66 W, 400.00 W, 60, 100 %, 0x0000000000000004, 13189 MiB
2026/10/08 04:40:15.267, 1410 MHz, 1593 MHz, 361.70 W, 400.00 W, 60, 100 %, 0x0000000000000000, 13189 MiB
2026/10/08 04:40:16.269, 1410 MHz, 1593 MHz, 375.58 W, 400.00 W, 61, 100 %, 0x0000000000000000, 13191 MiB
2026/10/08 04:40:17.271, 1410 MHz, 1593 MHz, 374.39 W, 400.00 W, 61, 100 %, 0x0000000000000000, 13191 MiB
2026/10/08 04:40:18.272, 1410 MHz, 1593 MHz, 373.79 W, 400.00 W, 62, 100 %, 0x0000000000000000, 13191 MiB
2026/10/08 04:40:19.274, 1380 MHz, 1593 MHz, 349.07 W, 400.00 W, 61, 100 %, 0x0000000000000004, 13191 MiB
2026/10/08 04:40:20.276, 1410 MHz, 1593 MHz, 374.06 W, 400.00 W, 61, 100 %, 0x0000000000000000, 13191 MiB
2026/10/08 04:40:21.277, 1410 MHz, 1593 MHz, 381.91 W, 400.00 W, 62, 100 %, 0x0000000000000000, 13531 MiB
2026/10/08 04:40:22.279, 1410 MHz, 1593 MHz, 389.77 W, 400.00 W, 62, 100 %, 0x0000000000000000, 13531 MiB
2026/10/08 04:40:23.281, 1410 MHz, 1593 MHz, 387.65 W, 400.00 W, 62, 100 %, 0x0000000000000000, 13531 MiB
2026/10/08 04:40:24.282, 1380 MHz, 1593 MHz, 399.68 W, 400.00 W, 61, 100 %, 0x0000000000000004, 13531 MiB
2026/10/08 04:40:25.284, 1410 MHz, 1593 MHz, 377.10 W, 400.00 W, 62, 100 %, 0x0000000000000000, 13531 MiB
2026/10/08 04:40:26.286, 1410 MHz, 1593 MHz, 376.50 W, 400.00 W, 63, 100 %, 0x0000000000000000, 13531 MiB
2026/10/08 04:40:27.288, 1410 MHz, 1593 MHz, 361.70 W, 400.00 W, 62, 100 %, 0x0000000000000000, 13531 MiB
2026/10/08 04:40:28.290, 1410 MHz, 1593 MHz, 388.34 W, 400.00 W, 63, 100 %, 0x0000000000000000, 13531 MiB
2026/10/08 04:40:29.292, 1380 MHz, 1593 MHz, 350.91 W, 400.00 W, 62, 100 %, 0x0000000000000004, 13531 MiB
2026/10/08 04:40:30.294, 1410 MHz, 1593 MHz, 366.21 W, 400.00 W, 62, 100 %, 0x0000000000000000, 13531 MiB
2026/10/08 04:40:31.295, 1410 MHz, 1593 MHz, 374.18 W, 400.00 W, 63, 100 %, 0x0000000000000000, 13531 MiB
2026/10/08 04:40:32.297, 1410 MHz, 1593 MHz, 368.05 W, 400.00 W, 63, 100 %, 0x0000000000000000, 13531 MiB
2026/10/08 04:40:33.299, 1410 MHz, 1593 MHz, 379.80 W, 400.00 W, 63, 100 %, 0x0000000000000000, 13531 MiB
2026/10/08 04:40:34.300, 1395 MHz, 1593 MHz, 406.35 W, 400.00 W, 62, 100 %, 0x0000000000000004, 13531 MiB
2026/10/08 04:40:35.301, 1380 MHz, 1593 MHz, 392.48 W, 400.00 W, 63, 100 %, 0x0000000000000004, 13531 MiB
2026/10/08 04:40:36.303, 1395 MHz, 1593 MHz, 377.49 W, 400.00 W, 63, 99 %, 0x0000000000000004, 13531 MiB
2026/10/08 04:40:37.305, 1395 MHz, 1593 MHz, 354.55 W, 400.00 W, 62, 100 %, 0x0000000000000004, 13531 MiB
2026/10/08 04:40:38.306, 1380 MHz, 1593 MHz, 410.85 W, 400.00 W, 63, 100 %, 0x0000000000000004, 13531 MiB
2026/10/08 04:40:39.308, 1395 MHz, 1593 MHz, 410.57 W, 400.00 W, 63, 100 %, 0x0000000000000004, 13531 MiB
2026/10/08 04:40:40.309, 1395 MHz, 1593 MHz, 401.20 W, 400.00 W, 63, 100 %, 0x0000000000000004, 13531 MiB
2026/10/08 04:40:41.310, 1395 MHz, 1593 MHz, 381.91 W, 400.00 W, 63, 100 %, 0x0000000000000004, 13531 MiB
2026/10/08 04:40:42.312, 1395 MHz, 1593 MHz, 355.96 W, 400.00 W, 63, 100 %, 0x0000000000000004, 13531 MiB
2026/10/08 04:40:43.314, 1380 MHz, 1593 MHz, 398.22 W, 400.00 W, 64, 100 %, 0x0000000000000004, 13531 MiB
2026/10/08 04:40:44.316, 1395 MHz, 1593 MHz, 409.06 W, 400.00 W, 63, 100 %, 0x0000000000000004, 13531 MiB
2026/10/08 04:40:45.317, 1410 MHz, 1593 MHz, 95.00 W, 400.00 W, 50, 0 %, 0x0000000000000000, 13535 MiB
2026/10/08 04:40:46.351, 1410 MHz, 1593 MHz, 91.96 W, 400.00 W, 47, 0 %, 0x0000000000000000, 9069 MiB
2026/10/08 04:40:47.353, 1410 MHz, 1593 MHz, 90.99 W, 400.00 W, 46, 0 %, 0x0000000000000000, 9069 MiB
2026/10/08 04:40:48.354, 1140 MHz, 1593 MHz, 72.53 W, 400.00 W, 44, 0 %, 0x0000000000000000, 9069 MiB
2026/10/08 04:40:49.356, 1140 MHz, 1593 MHz, 72.28 W, 400.00 W, 43, 0 %, 0x0000000000000000, 8429 MiB
2026/10/08 04:40:50.358, 1410 MHz, 1593 MHz, 362.63 W, 400.00 W, 57, 100 %, 0x0000000000000000, 12849 MiB
2026/10/08 04:40:51.359, 1410 MHz, 1593 MHz, 373.79 W, 400.00 W, 60, 100 %, 0x0000000000000000, 12849 MiB
2026/10/08 04:40:52.361, 1410 MHz, 1593 MHz, 373.79 W, 400.00 W, 60, 100 %, 0x0000000000000000, 12851 MiB
2026/10/08 04:40:53.363, 1410 MHz, 1593 MHz, 369.30 W, 400.00 W, 61, 100 %, 0x0000000000000000, 12851 MiB
2026/10/08 04:40:54.364, 1410 MHz, 1593 MHz, 374.39 W, 400.00 W, 62, 100 %, 0x0000000000000000, 12851 MiB
2026/10/08 04:40:55.365, 1410 MHz, 1593 MHz, 366.80 W, 400.00 W, 61, 100 %, 0x0000000000000000, 12851 MiB
2026/10/08 04:40:56.366, 1410 MHz, 1593 MHz, 403.05 W, 400.00 W, 62, 100 %, 0x0000000000000000, 12851 MiB
2026/10/08 04:40:57.368, 1395 MHz, 1593 MHz, 340.93 W, 400.00 W, 61, 100 %, 0x0000000000000004, 13371 MiB
2026/10/08 04:40:58.369, 1410 MHz, 1593 MHz, 364.74 W, 400.00 W, 62, 100 %, 0x0000000000000000, 13371 MiB
2026/10/08 04:40:59.371, 1410 MHz, 1593 MHz, 380.72 W, 400.00 W, 63, 100 %, 0x0000000000000000, 13371 MiB
2026/10/08 04:41:00.372, 1410 MHz, 1593 MHz, 381.32 W, 400.00 W, 62, 100 %, 0x0000000000000000, 13371 MiB
2026/10/08 04:41:01.374, 1410 MHz, 1593 MHz, 393.35 W, 400.00 W, 63, 100 %, 0x0000000000000000, 13371 MiB
2026/10/08 04:41:02.378, 1395 MHz, 1593 MHz, 362.63 W, 400.00 W, 62, 100 %, 0x0000000000000004, 13371 MiB
2026/10/08 04:41:03.380, 1410 MHz, 1593 MHz, 361.49 W, 400.00 W, 62, 100 %, 0x0000000000000000, 13371 MiB
2026/10/08 04:41:04.381, 1410 MHz, 1593 MHz, 399.68 W, 400.00 W, 63, 100 %, 0x0000000000000000, 13371 MiB
2026/10/08 04:41:05.383, 1410 MHz, 1593 MHz, 369.95 W, 400.00 W, 63, 100 %, 0x0000000000000000, 13371 MiB
2026/10/08 04:41:06.385, 1410 MHz, 1593 MHz, 380.08 W, 400.00 W, 63, 100 %, 0x0000000000000000, 13371 MiB
2026/10/08 04:41:07.386, 1410 MHz, 1593 MHz, 373.26 W, 400.00 W, 63, 100 %, 0x0000000000000000, 13371 MiB
2026/10/08 04:41:08.388, 1410 MHz, 1593 MHz, 383.23 W, 400.00 W, 63, 100 %, 0x0000000000000000, 13371 MiB
2026/10/08 04:41:09.390, 1410 MHz, 1593 MHz, 403.64 W, 400.00 W, 64, 100 %, 0x0000000000000000, 13371 MiB
2026/10/08 04:41:10.391, 1410 MHz, 1593 MHz, 374.06 W, 400.00 W, 63, 100 %, 0x0000000000000000, 13371 MiB
2026/10/08 04:41:11.393, 1410 MHz, 1593 MHz, 384.30 W, 400.00 W, 64, 100 %, 0x0000000000000000, 13371 MiB
2026/10/08 04:41:12.397, 1365 MHz, 1593 MHz, 414.81 W, 400.00 W, 64, 100 %, 0x0000000000000004, 13371 MiB
2026/10/08 04:41:13.399, 1410 MHz, 1593 MHz, 372.07 W, 400.00 W, 63, 100 %, 0x0000000000000000, 13371 MiB
2026/10/08 04:41:14.401, 1410 MHz, 1593 MHz, 376.56 W, 400.00 W, 64, 100 %, 0x0000000000000000, 13371 MiB
2026/10/08 04:41:15.403, 1395 MHz, 1593 MHz, 354.55 W, 400.00 W, 64, 100 %, 0x0000000000000004, 13371 MiB
2026/10/08 04:41:16.405, 1395 MHz, 1593 MHz, 376.77 W, 400.00 W, 63, 100 %, 0x0000000000000004, 13371 MiB
2026/10/08 04:41:17.406, 1395 MHz, 1593 MHz, 415.72 W, 400.00 W, 63, 100 %, 0x0000000000000004, 13371 MiB
2026/10/08 04:41:18.408, 1395 MHz, 1593 MHz, 406.62 W, 400.00 W, 64, 100 %, 0x0000000000000004, 13371 MiB
2026/10/08 04:41:19.410, 1395 MHz, 1593 MHz, 401.20 W, 400.00 W, 63, 100 %, 0x0000000000000004, 13371 MiB
2026/10/08 04:41:20.411, 1380 MHz, 1593 MHz, 394.00 W, 400.00 W, 63, 100 %, 0x0000000000000004, 13371 MiB
2026/10/08 04:41:21.413, 1395 MHz, 1593 MHz, 353.03 W, 400.00 W, 64, 100 %, 0x0000000000000004, 13371 MiB
2026/10/08 04:41:22.415, 1395 MHz, 1593 MHz, 375.37 W, 400.00 W, 64, 100 %, 0x0000000000000004, 13371 MiB
2026/10/08 04:41:23.416, 1380 MHz, 1593 MHz, 413.61 W, 400.00 W, 64, 100 %, 0x0000000000000004, 13371 MiB
2026/10/08 04:41:24.418, 1395 MHz, 1593 MHz, 408.73 W, 400.00 W, 64, 100 %, 0x0000000000000004, 13371 MiB
2026/10/08 04:41:25.420, 1410 MHz, 1593 MHz, 395.87 W, 400.00 W, 61, 100 %, 0x0000000000000000, 13373 MiB
2026/10/08 04:41:26.421, 1410 MHz, 1593 MHz, 92.88 W, 400.00 W, 49, 44 %, 0x0000000000000000, 9069 MiB
2026/10/08 04:41:27.452, 1410 MHz, 1593 MHz, 93.11 W, 400.00 W, 47, 0 %, 0x0000000000000000, 9069 MiB
2026/10/08 04:41:28.454, 1140 MHz, 1593 MHz, 73.13 W, 400.00 W, 45, 0 %, 0x0000000000000000, 9069 MiB
2026/10/08 04:41:29.455, 1140 MHz, 1593 MHz, 72.53 W, 400.00 W, 44, 0 %, 0x0000000000000000, 9069 MiB
2026/10/08 04:41:30.456, 1140 MHz, 1593 MHz, 71.94 W, 400.00 W, 43, 0 %, 0x0000000000000000, 9069 MiB
2026/10/08 04:41:31.458, 1140 MHz, 1593 MHz, 103.05 W, 400.00 W, 45, 38 %, 0x0000000000000000, 13009 MiB
2026/10/08 04:41:32.460, 1410 MHz, 1593 MHz, 358.99 W, 400.00 W, 57, 100 %, 0x0000000000000000, 13009 MiB
2026/10/08 04:41:33.461, 1410 MHz, 1593 MHz, 384.62 W, 400.00 W, 59, 100 %, 0x0000000000000000, 13009 MiB
2026/10/08 04:41:34.463, 1410 MHz, 1593 MHz, 346.08 W, 400.00 W, 59, 100 %, 0x0000000000000000, 13251 MiB
2026/10/08 04:41:35.465, 1410 MHz, 1593 MHz, 399.42 W, 400.00 W, 60, 100 %, 0x0000000000000000, 13251 MiB
2026/10/08 04:41:36.466, 1410 MHz, 1593 MHz, 376.50 W, 400.00 W, 60, 100 %, 0x0000000000000000, 13611 MiB
2026/10/08 04:41:37.468, 1410 MHz, 1593 MHz, 366.53 W, 400.00 W, 59, 100 %, 0x0000000000000000, 13611 MiB
2026/10/08 04:41:38.470, 1410 MHz, 1593 MHz, 372.87 W, 400.00 W, 60, 100 %, 0x0000000000000000, 13791 MiB
2026/10/08 04:41:39.472, 1380 MHz, 1593 MHz, 365.61 W, 400.00 W, 58, 100 %, 0x0000000000000004, 14531 MiB
2026/10/08 04:41:40.473, 1410 MHz, 1593 MHz, 359.86 W, 400.00 W, 59, 100 %, 0x0000000000000000, 14531 MiB
2026/10/08 04:41:41.475, 1410 MHz, 1593 MHz, 379.20 W, 400.00 W, 60, 100 %, 0x0000000000000000, 14531 MiB
2026/10/08 04:41:42.477, 1410 MHz, 1593 MHz, 365.01 W, 400.00 W, 59, 100 %, 0x0000000000000000, 14531 MiB
2026/10/08 04:41:43.478, 1410 MHz, 1593 MHz, 369.24 W, 400.00 W, 60, 100 %, 0x0000000000000000, 14531 MiB
2026/10/08 04:41:44.480, 1335 MHz, 1593 MHz, 351.83 W, 400.00 W, 60, 100 %, 0x0000000000000004, 14531 MiB
2026/10/08 04:41:45.482, 1410 MHz, 1593 MHz, 367.50 W, 400.00 W, 60, 100 %, 0x0000000000000000, 14531 MiB
2026/10/08 04:41:46.483, 1410 MHz, 1593 MHz, 398.49 W, 400.00 W, 60, 100 %, 0x0000000000000000, 14531 MiB
2026/10/08 04:41:47.485, 1410 MHz, 1593 MHz, 361.38 W, 400.00 W, 60, 100 %, 0x0000000000000000, 14531 MiB
2026/10/08 04:41:48.486, 1410 MHz, 1593 MHz, 381.91 W, 400.00 W, 60, 100 %, 0x0000000000000000, 14531 MiB
2026/10/08 04:41:49.487, 1335 MHz, 1593 MHz, 466.05 W, 400.00 W, 60, 100 %, 0x0000000000000004, 14531 MiB
2026/10/08 04:41:50.489, 1410 MHz, 1593 MHz, 364.09 W, 400.00 W, 60, 100 %, 0x0000000000000000, 14531 MiB
2026/10/08 04:41:51.490, 1410 MHz, 1593 MHz, 384.30 W, 400.00 W, 61, 100 %, 0x0000000000000000, 14531 MiB
2026/10/08 04:41:52.492, 1410 MHz, 1593 MHz, 370.22 W, 400.00 W, 60, 100 %, 0x0000000000000000, 14531 MiB
2026/10/08 04:41:53.494, 1410 MHz, 1593 MHz, 372.27 W, 400.00 W, 61, 100 %, 0x0000000000000000, 14531 MiB
2026/10/08 04:41:54.494, 1395 MHz, 1593 MHz, 358.99 W, 400.00 W, 60, 100 %, 0x0000000000000004, 14531 MiB
2026/10/08 04:41:55.496, 1410 MHz, 1593 MHz, 365.93 W, 400.00 W, 60, 100 %, 0x0000000000000000, 14531 MiB
2026/10/08 04:41:56.498, 1410 MHz, 1593 MHz, 383.43 W, 400.00 W, 61, 100 %, 0x0000000000000000, 14531 MiB
2026/10/08 04:41:57.500, 1395 MHz, 1593 MHz, 394.87 W, 400.00 W, 59, 100 %, 0x0000000000000004, 9189 MiB
2026/10/08 04:41:58.502, 1395 MHz, 1593 MHz, 404.24 W, 400.00 W, 60, 100 %, 0x0000000000000004, 9189 MiB
2026/10/08 04:41:59.504, 1395 MHz, 1593 MHz, 403.91 W, 400.00 W, 61, 100 %, 0x0000000000000004, 9189 MiB
2026/10/08 04:42:00.505, 1395 MHz, 1593 MHz, 388.85 W, 400.00 W, 61, 100 %, 0x0000000000000004, 9189 MiB
2026/10/08 04:42:01.507, 1395 MHz, 1593 MHz, 371.41 W, 400.00 W, 61, 100 %, 0x0000000000000004, 9189 MiB
2026/10/08 04:42:02.509, 1395 MHz, 1593 MHz, 369.95 W, 400.00 W, 61, 100 %, 0x0000000000000004, 9189 MiB
2026/10/08 04:42:03.512, 1395 MHz, 1593 MHz, 412.20 W, 400.00 W, 61, 100 %, 0x0000000000000004, 9189 MiB
2026/10/08 04:42:04.514, 1395 MHz, 1593 MHz, 400.61 W, 400.00 W, 61, 100 %, 0x0000000000000004, 9189 MiB
2026/10/08 04:42:05.516, 1380 MHz, 1593 MHz, 406.62 W, 400.00 W, 62, 100 %, 0x0000000000000004, 9189 MiB
2026/10/08 04:42:06.517, 1380 MHz, 1593 MHz, 389.77 W, 400.00 W, 62, 100 %, 0x0000000000000004, 9189 MiB
2026/10/08 04:42:07.519, 1410 MHz, 1593 MHz, 355.41 W, 400.00 W, 61, 91 %, 0x0000000000000000, 12973 MiB
2026/10/08 04:42:08.520, 1410 MHz, 1593 MHz, 91.60 W, 400.00 W, 47, 20 %, 0x0000000000000000, 9589 MiB
2026/10/08 04:42:09.551, 1410 MHz, 1593 MHz, 90.35 W, 400.00 W, 45, 0 %, 0x0000000000000000, 9589 MiB
2026/10/08 04:42:10.552, 1140 MHz, 1593 MHz, 72.21 W, 400.00 W, 43, 0 %, 0x0000000000000000, 9589 MiB
2026/10/08 04:42:11.553, 1140 MHz, 1593 MHz, 72.01 W, 400.00 W, 42, 0 %, 0x0000000000000000, 9589 MiB
2026/10/08 04:42:12.556, 1140 MHz, 1593 MHz, 71.61 W, 400.00 W, 42, 0 %, 0x0000000000000000, 9589 MiB
2026/10/08 04:42:13.557, 1140 MHz, 1593 MHz, 73.21 W, 400.00 W, 41, 11 %, 0x0000000000000000, 8169 MiB
2026/10/08 04:42:14.559, 1410 MHz, 1593 MHz, 356.29 W, 400.00 W, 56, 100 %, 0x0000000000000000, 14429 MiB
2026/10/08 04:42:15.561, 1410 MHz, 1593 MHz, 392.75 W, 400.00 W, 58, 100 %, 0x0000000000000000, 14429 MiB
2026/10/08 04:42:16.563, 1320 MHz, 1593 MHz, 330.36 W, 400.00 W, 59, 100 %, 0x0000000000000004, 14429 MiB
2026/10/08 04:42:17.566, 1410 MHz, 1593 MHz, 367.83 W, 400.00 W, 59, 100 %, 0x0000000000000000, 14429 MiB
2026/10/08 04:42:18.567, 1410 MHz, 1593 MHz, 392.16 W, 400.00 W, 60, 100 %, 0x0000000000000000, 15409 MiB
2026/10/08 04:42:19.569, 1410 MHz, 1593 MHz, 366.31 W, 400.00 W, 59, 100 %, 0x0000000000000000, 15409 MiB
2026/10/08 04:42:20.571, 1410 MHz, 1593 MHz, 374.98 W, 400.00 W, 60, 100 %, 0x0000000000000000, 15409 MiB
2026/10/08 04:42:21.572, 1410 MHz, 1593 MHz, 397.31 W, 400.00 W, 61, 100 %, 0x0000000000000000, 15409 MiB
2026/10/08 04:42:22.574, 1410 MHz, 1593 MHz, 354.21 W, 400.00 W, 60, 100 %, 0x0000000000000000, 15409 MiB
2026/10/08 04:42:23.576, 1410 MHz, 1593 MHz, 397.99 W, 400.00 W, 61, 100 %, 0x0000000000000000, 15409 MiB
2026/10/08 04:42:24.577, 1260 MHz, 1593 MHz, 326.13 W, 400.00 W, 61, 100 %, 0x0000000000000004, 15471 MiB
2026/10/08 04:42:25.579, 1410 MHz, 1593 MHz, 365.12 W, 400.00 W, 61, 100 %, 0x0000000000000000, 15471 MiB
2026/10/08 04:42:26.581, 1410 MHz, 1593 MHz, 376.77 W, 400.00 W, 62, 100 %, 0x0000000000000000, 15591 MiB
2026/10/08 04:42:27.582, 1395 MHz, 1593 MHz, 340.58 W, 400.00 W, 61, 100 %, 0x0000000000000004, 15591 MiB
2026/10/08 04:42:28.584, 1410 MHz, 1593 MHz, 381.39 W, 400.00 W, 62, 100 %, 0x0000000000000000, 15591 MiB
2026/10/08 04:42:29.585, 1410 MHz, 1593 MHz, 394.00 W, 400.00 W, 62, 100 %, 0x0000000000000000, 15591 MiB
2026/10/08 04:42:30.586, 1410 MHz, 1593 MHz, 359.86 W, 400.00 W, 61, 100 %, 0x0000000000000000, 15591 MiB
2026/10/08 04:42:31.588, 1410 MHz, 1593 MHz, 381.12 W, 400.00 W, 62, 100 %, 0x0000000000000000, 15591 MiB
2026/10/08 04:42:32.590, 1410 MHz, 1593 MHz, 374.78 W, 400.00 W, 62, 100 %, 0x0000000000000000, 15591 MiB
2026/10/08 04:42:33.591, 1410 MHz, 1593 MHz, 377.69 W, 400.00 W, 62, 100 %, 0x0000000000000000, 15591 MiB
2026/10/08 04:42:34.593, 1410 MHz, 1593 MHz, 368.92 W, 400.00 W, 61, 100 %, 0x0000000000000000, 15591 MiB
2026/10/08 04:42:35.595, 1410 MHz, 1593 MHz, 373.79 W, 400.00 W, 62, 100 %, 0x0000000000000000, 15591 MiB
2026/10/08 04:42:36.596, 1410 MHz, 1593 MHz, 384.30 W, 400.00 W, 63, 100 %, 0x0000000000000000, 15591 MiB
2026/10/08 04:42:37.598, 1290 MHz, 1593 MHz, 347.27 W, 400.00 W, 62, 100 %, 0x0000000000000004, 15591 MiB
2026/10/08 04:42:38.600, 1410 MHz, 1593 MHz, 386.74 W, 400.00 W, 63, 100 %, 0x0000000000000000, 15591 MiB
2026/10/08 04:42:39.601, 1410 MHz, 1593 MHz, 380.08 W, 400.00 W, 63, 100 %, 0x0000000000000000, 15591 MiB
2026/10/08 04:42:40.603, 1395 MHz, 1593 MHz, 404.56 W, 400.00 W, 62, 100 %, 0x0000000000000004, 15591 MiB
2026/10/08 04:42:41.604, 1380 MHz, 1593 MHz, 399.42 W, 400.00 W, 62, 100 %, 0x0000000000000004, 15591 MiB
2026/10/08 04:42:42.606, 1395 MHz, 1593 MHz, 386.74 W, 400.00 W, 63, 100 %, 0x0000000000000004, 15591 MiB
2026/10/08 04:42:43.608, 1395 MHz, 1593 MHz, 345.76 W, 400.00 W, 63, 100 %, 0x0000000000000004, 15591 MiB
2026/10/08 04:42:44.609, 1380 MHz, 1593 MHz, 410.25 W, 400.00 W, 63, 100 %, 0x0000000000000004, 15591 MiB
2026/10/08 04:42:45.611, 1395 MHz, 1593 MHz, 403.32 W, 400.00 W, 62, 100 %, 0x0000000000000004, 15591 MiB
2026/10/08 04:42:46.612, 1395 MHz, 1593 MHz, 395.78 W, 400.00 W, 63, 100 %, 0x0000000000000004, 15591 MiB
2026/10/08 04:42:47.614, 1380 MHz, 1593 MHz, 386.42 W, 400.00 W, 63, 100 %, 0x0000000000000004, 15591 MiB
2026/10/08 04:42:48.616, 1395 MHz, 1593 MHz, 354.21 W, 400.00 W, 63, 100 %, 0x0000000000000004, 15591 MiB
2026/10/08 04:42:49.616, 1395 MHz, 1593 MHz, 381.72 W, 400.00 W, 63, 100 %, 0x0000000000000004, 15591 MiB
2026/10/08 04:42:50.618, 1410 MHz, 1593 MHz, 99.14 W, 400.00 W, 55, 100 %, 0x0000000000000000, 15595 MiB
2026/10/08 04:42:51.651, 1410 MHz, 1593 MHz, 91.69 W, 400.00 W, 47, 0 %, 0x0000000000000000, 9569 MiB
2026/10/08 04:42:52.653, 1410 MHz, 1593 MHz, 91.09 W, 400.00 W, 46, 0 %, 0x0000000000000000, 9569 MiB
2026/10/08 04:42:53.654, 1140 MHz, 1593 MHz, 72.61 W, 400.00 W, 44, 0 %, 0x0000000000000000, 9569 MiB
2026/10/08 04:42:54.656, 1140 MHz, 1593 MHz, 72.21 W, 400.00 W, 43, 0 %, 0x0000000000000000, 9569 MiB
2026/10/08 04:42:55.659, 1140 MHz, 1593 MHz, 71.61 W, 400.00 W, 43, 0 %, 0x0000000000000000, 9569 MiB
2026/10/08 04:42:56.661, 1230 MHz, 1593 MHz, 322.49 W, 400.00 W, 54, 80 %, 0x0000000000000004, 15649 MiB
2026/10/08 04:42:57.662, 1410 MHz, 1593 MHz, 360.56 W, 400.00 W, 58, 100 %, 0x0000000000000000, 15649 MiB
2026/10/08 04:42:58.664, 1410 MHz, 1593 MHz, 379.80 W, 400.00 W, 60, 100 %, 0x0000000000000000, 15649 MiB
2026/10/08 04:42:59.666, 1395 MHz, 1593 MHz, 363.82 W, 400.00 W, 59, 100 %, 0x0000000000000000, 15649 MiB
2026/10/08 04:43:00.668, 1410 MHz, 1593 MHz, 401.35 W, 400.00 W, 61, 100 %, 0x0000000000000000, 15649 MiB
2026/10/08 04:43:01.669, 1410 MHz, 1593 MHz, 377.16 W, 400.00 W, 61, 100 %, 0x0000000000000000, 15649 MiB
2026/10/08 04:43:02.671, 1410 MHz, 1593 MHz, 362.63 W, 400.00 W, 61, 100 %, 0x0000000000000000, 15649 MiB
2026/10/08 04:43:03.673, 1410 MHz, 1593 MHz, 404.56 W, 400.00 W, 61, 100 %, 0x0000000000000000, 15649 MiB
2026/10/08 04:43:04.674, 1380 MHz, 1593 MHz, 398.22 W, 400.00 W, 61, 100 %, 0x0000000000000004, 15649 MiB
2026/10/08 04:43:05.676, 1410 MHz, 1593 MHz, 387.73 W, 400.00 W, 61, 100 %, 0x0000000000000000, 15649 MiB
2026/10/08 04:43:06.677, 1410 MHz, 1593 MHz, 377.37 W, 400.00 W, 62, 100 %, 0x0000000000000000, 15649 MiB
2026/10/08 04:43:07.679, 1410 MHz, 1593 MHz, 371.73 W, 400.00 W, 61, 100 %, 0x0000000000000000, 15649 MiB
2026/10/08 04:43:08.681, 1410 MHz, 1593 MHz, 387.14 W, 400.00 W, 62, 100 %, 0x0000000000000000, 15649 MiB
2026/10/08 04:43:09.682, 1260 MHz, 1593 MHz, 364.74 W, 400.00 W, 62, 100 %, 0x0000000000000004, 15649 MiB
2026/10/08 04:43:10.684, 1410 MHz, 1593 MHz, 354.77 W, 400.00 W, 62, 100 %, 0x0000000000000000, 15649 MiB
2026/10/08 04:43:11.685, 1410 MHz, 1593 MHz, 402.12 W, 400.00 W, 63, 100 %, 0x0000000000000000, 15649 MiB
2026/10/08 04:43:12.687, 1410 MHz, 1593 MHz, 395.46 W, 400.00 W, 62, 100 %, 0x0000000000000000, 15649 MiB
2026/10/08 04:43:13.689, 1410 MHz, 1593 MHz, 381.91 W, 400.00 W, 63, 100 %, 0x0000000000000000, 15649 MiB
2026/10/08 04:43:14.690, 1395 MHz, 1593 MHz, 381.91 W, 400.00 W, 63, 100 %, 0x0000000000000004, 15649 MiB
2026/10/08 04:43:15.692, 1410 MHz, 1593 MHz, 374.98 W, 400.00 W, 62, 100 %, 0x0000000000000000, 15649 MiB
2026/10/08 04:43:16.694, 1410 MHz, 1593 MHz, 392.16 W, 400.00 W, 63, 100 %, 0x0000000000000000, 15649 MiB
2026/10/08 04:43:17.695, 1410 MHz, 1593 MHz, 389.18 W, 400.00 W, 63, 100 %, 0x0000000000000000, 15649 MiB
2026/10/08 04:43:18.697, 1410 MHz, 1593 MHz, 384.95 W, 400.00 W, 63, 100 %, 0x0000000000000000, 15649 MiB
2026/10/08 04:43:19.699, 1410 MHz, 1593 MHz, 368.70 W, 400.00 W, 63, 100 %, 0x0000000000000000, 15649 MiB
2026/10/08 04:43:20.700, 1410 MHz, 1593 MHz, 375.90 W, 400.00 W, 63, 100 %, 0x0000000000000000, 15649 MiB
2026/10/08 04:43:21.702, 1395 MHz, 1593 MHz, 371.02 W, 400.00 W, 63, 100 %, 0x0000000000000004, 15649 MiB
2026/10/08 04:43:22.704, 1395 MHz, 1593 MHz, 401.20 W, 400.00 W, 62, 100 %, 0x0000000000000004, 15649 MiB
2026/10/08 04:43:23.705, 1380 MHz, 1593 MHz, 372.33 W, 400.00 W, 63, 100 %, 0x0000000000000004, 15649 MiB
2026/10/08 04:43:24.707, 1395 MHz, 1593 MHz, 362.08 W, 400.00 W, 63, 100 %, 0x0000000000000004, 15649 MiB
2026/10/08 04:43:25.709, 1380 MHz, 1593 MHz, 347.87 W, 400.00 W, 63, 100 %, 0x0000000000000004, 15649 MiB
2026/10/08 04:43:26.710, 1395 MHz, 1593 MHz, 391.89 W, 400.00 W, 63, 100 %, 0x0000000000000004, 15649 MiB
2026/10/08 04:43:27.712, 1395 MHz, 1593 MHz, 413.28 W, 400.00 W, 63, 100 %, 0x0000000000000004, 15649 MiB
2026/10/08 04:43:28.714, 1380 MHz, 1593 MHz, 405.43 W, 400.00 W, 63, 100 %, 0x0000000000000004, 15649 MiB
2026/10/08 04:43:29.715, 1395 MHz, 1593 MHz, 406.95 W, 400.00 W, 63, 100 %, 0x0000000000000004, 15649 MiB
2026/10/08 04:43:30.717, 1395 MHz, 1593 MHz, 405.43 W, 400.00 W, 63, 100 %, 0x0000000000000004, 15649 MiB
2026/10/08 04:43:31.719, 1395 MHz, 1593 MHz, 390.64 W, 400.00 W, 63, 100 %, 0x0000000000000004, 15649 MiB
2026/10/08 04:43:32.720, 1410 MHz, 1593 MHz, 348.47 W, 400.00 W, 63, 99 %, 0x0000000000000000, 15653 MiB
2026/10/08 04:43:33.722, 1410 MHz, 1593 MHz, 98.21 W, 400.00 W, 49, 46 %, 0x0000000000000000, 9569 MiB
2026/10/08 04:43:34.749, 1410 MHz, 1593 MHz, 91.09 W, 400.00 W, 47, 0 %, 0x0000000000000000, 9569 MiB
2026/10/08 04:43:35.751, 1140 MHz, 1593 MHz, 72.89 W, 400.00 W, 45, 0 %, 0x0000000000000000, 9569 MiB
2026/10/08 04:43:36.753, 1140 MHz, 1593 MHz, 72.28 W, 400.00 W, 44, 0 %, 0x0000000000000000, 9569 MiB
2026/10/08 04:43:37.754, 1140 MHz, 1593 MHz, 72.01 W, 400.00 W, 43, 0 %, 0x0000000000000000, 9569 MiB
2026/10/08 04:43:38.756, 1140 MHz, 1593 MHz, 73.80 W, 400.00 W, 42, 0 %, 0x0000000000000000, 7849 MiB
2026/10/08 04:43:39.758, 1410 MHz, 1593 MHz, 362.68 W, 400.00 W, 57, 100 %, 0x0000000000000000, 14989 MiB
2026/10/08 04:43:40.759, 1410 MHz, 1593 MHz, 396.71 W, 400.00 W, 59, 100 %, 0x0000000000000000, 14989 MiB
2026/10/08 04:43:41.761, 1275 MHz, 1593 MHz, 509.58 W, 400.00 W, 62, 100 %, 0x0000000000000004, 15089 MiB
2026/10/08 04:43:42.763, 1410 MHz, 1593 MHz, 363.88 W, 400.00 W, 60, 100 %, 0x0000000000000000, 15089 MiB
2026/10/08 04:43:43.764, 1410 MHz, 1593 MHz, 390.64 W, 400.00 W, 61, 100 %, 0x0000000000000000, 15089 MiB
2026/10/08 04:43:44.766, 1410 MHz, 1593 MHz, 373.46 W, 400.00 W, 61, 100 %, 0x0000000000000000, 15089 MiB
2026/10/08 04:43:45.768, 1410 MHz, 1593 MHz, 374.66 W, 400.00 W, 61, 100 %, 0x0000000000000000, 15089 MiB
2026/10/08 04:43:46.769, 1410 MHz, 1593 MHz, 387.46 W, 400.00 W, 62, 100 %, 0x0000000000000000, 15089 MiB
2026/10/08 04:43:47.771, 1410 MHz, 1593 MHz, 359.05 W, 400.00 W, 61, 100 %, 0x0000000000000000, 15089 MiB
2026/10/08 04:43:48.773, 1410 MHz, 1593 MHz, 390.64 W, 400.00 W, 62, 100 %, 0x0000000000000000, 15229 MiB
2026/10/08 04:43:49.774, 1365 MHz, 1593 MHz, 350.91 W, 400.00 W, 60, 100 %, 0x0000000000000004, 15509 MiB
2026/10/08 04:43:50.776, 1410 MHz, 1593 MHz, 366.31 W, 400.00 W, 62, 100 %, 0x0000000000000000, 15509 MiB
2026/10/08 04:43:51.778, 1410 MHz, 1593 MHz, 377.10 W, 400.00 W, 62, 100 %, 0x0000000000000000, 15509 MiB
2026/10/08 04:43:52.779, 1410 MHz, 1593 MHz, 369.02 W, 400.00 W, 62, 100 %, 0x0000000000000000, 15509 MiB
2026/10/08 04:43:53.781, 1410 MHz, 1593 MHz, 378.68 W, 400.00 W, 63, 100 %, 0x0000000000000000, 15509 MiB
2026/10/08 04:43:54.783, 1365 MHz, 1593 MHz, 401.62 W, 400.00 W, 62, 100 %, 0x0000000000000004, 15509 MiB
2026/10/08 04:43:55.784, 1410 MHz, 1593 MHz, 368.32 W, 400.00 W, 62, 100 %, 0x0000000000000000, 15509 MiB
2026/10/08 04:43:56.786, 1410 MHz, 1593 MHz, 388.85 W, 400.00 W, 63, 100 %, 0x0000000000000000, 15509 MiB
2026/10/08 04:43:57.786, 1410 MHz, 1593 MHz, 376.77 W, 400.00 W, 63, 100 %, 0x0000000000000000, 15509 MiB
2026/10/08 04:43:58.788, 1410 MHz, 1593 MHz, 377.16 W, 400.00 W, 63, 100 %, 0x0000000000000000, 15509 MiB
2026/10/08 04:43:59.790, 1230 MHz, 1593 MHz, 401.80 W, 400.00 W, 64, 100 %, 0x0000000000000004, 15509 MiB
2026/10/08 04:44:00.791, 1410 MHz, 1593 MHz, 372.66 W, 400.00 W, 62, 100 %, 0x0000000000000000, 15509 MiB
2026/10/08 04:44:01.793, 1410 MHz, 1593 MHz, 393.76 W, 400.00 W, 63, 100 %, 0x0000000000000000, 15509 MiB
2026/10/08 04:44:02.795, 1335 MHz, 1593 MHz, 357.85 W, 400.00 W, 64, 100 %, 0x0000000000000004, 15509 MiB
2026/10/08 04:44:03.795, 1410 MHz, 1593 MHz, 371.68 W, 400.00 W, 63, 100 %, 0x0000000000000000, 15509 MiB
2026/10/08 04:44:04.797, 1410 MHz, 1593 MHz, 387.33 W, 400.00 W, 63, 100 %, 0x0000000000000000, 15509 MiB
2026/10/08 04:44:05.799, 1395 MHz, 1593 MHz, 361.76 W, 400.00 W, 62, 100 %, 0x0000000000000004, 15509 MiB
2026/10/08 04:44:06.800, 1395 MHz, 1593 MHz, 365.72 W, 400.00 W, 63, 100 %, 0x0000000000000004, 15509 MiB
2026/10/08 04:44:07.802, 1395 MHz, 1593 MHz, 404.83 W, 400.00 W, 63, 100 %, 0x0000000000000004, 15509 MiB
2026/10/08 04:44:08.804, 1380 MHz, 1593 MHz, 407.86 W, 400.00 W, 63, 100 %, 0x0000000000000004, 15509 MiB
2026/10/08 04:44:09.805, 1380 MHz, 1593 MHz, 389.77 W, 400.00 W, 63, 100 %, 0x0000000000000004, 15509 MiB
2026/10/08 04:44:10.807, 1395 MHz, 1593 MHz, 366.21 W, 400.00 W, 63, 100 %, 0x0000000000000004, 15509 MiB
2026/10/08 04:44:11.809, 1395 MHz, 1593 MHz, 359.37 W, 400.00 W, 63, 100 %, 0x0000000000000004, 15509 MiB
2026/10/08 04:44:12.810, 1380 MHz, 1593 MHz, 393.16 W, 400.00 W, 63, 100 %, 0x0000000000000004, 15509 MiB
2026/10/08 04:44:13.813, 1395 MHz, 1593 MHz, 411.17 W, 400.00 W, 63, 100 %, 0x0000000000000004, 15509 MiB
2026/10/08 04:44:14.814, 1395 MHz, 1593 MHz, 400.02 W, 400.00 W, 64, 100 %, 0x0000000000000004, 15509 MiB
2026/10/08 04:44:15.816, 1410 MHz, 1593 MHz, 138.45 W, 400.00 W, 56, 100 %, 0x0000000000000000, 15513 MiB
2026/10/08 04:44:16.851, 1410 MHz, 1593 MHz, 92.19 W, 400.00 W, 48, 0 %, 0x0000000000000000, 9569 MiB
2026/10/08 04:44:17.853, 1410 MHz, 1593 MHz, 90.99 W, 400.00 W, 46, 0 %, 0x0000000000000000, 9569 MiB
2026/10/08 04:44:18.854, 1140 MHz, 1593 MHz, 72.89 W, 400.00 W, 44, 0 %, 0x0000000000000000, 9569 MiB
2026/10/08 04:44:19.856, 1140 MHz, 1593 MHz, 72.28 W, 400.00 W, 44, 0 %, 0x0000000000000000, 9569 MiB
2026/10/08 04:44:20.857, 1140 MHz, 1593 MHz, 74.06 W, 400.00 W, 43, 0 %, 0x0000000000000000, 7829 MiB
2026/10/08 04:44:21.858, 1410 MHz, 1593 MHz, 361.49 W, 400.00 W, 57, 100 %, 0x0000000000000000, 14989 MiB
2026/10/08 04:44:22.859, 1410 MHz, 1593 MHz, 371.73 W, 400.00 W, 59, 100 %, 0x0000000000000000, 14989 MiB
2026/10/08 04:44:23.859, 1410 MHz, 1593 MHz, 354.82 W, 400.00 W, 60, 100 %, 0x0000000000000000, 14991 MiB
2026/10/08 04:44:24.860, 1410 MHz, 1593 MHz, 349.98 W, 400.00 W, 59, 100 %, 0x0000000000000000, 14991 MiB
2026/10/08 04:44:25.860, 1410 MHz, 1593 MHz, 377.76 W, 400.00 W, 61, 100 %, 0x0000000000000000, 16031 MiB
2026/10/08 04:44:26.861, 1320 MHz, 1593 MHz, 335.51 W, 400.00 W, 61, 100 %, 0x0000000000000004, 16471 MiB
2026/10/08 04:44:27.862, 1410 MHz, 1593 MHz, 356.29 W, 400.00 W, 60, 100 %, 0x0000000000000000, 16471 MiB
2026/10/08 04:44:28.862, 1410 MHz, 1593 MHz, 375.97 W, 400.00 W, 61, 100 %, 0x0000000000000000, 16471 MiB
2026/10/08 04:44:29.863, 1410 MHz, 1593 MHz, 348.20 W, 400.00 W, 60, 100 %, 0x0000000000000000, 16471 MiB
2026/10/08 04:44:30.863, 1410 MHz, 1593 MHz, 362.90 W, 400.00 W, 61, 100 %, 0x0000000000000000, 16471 MiB
2026/10/08 04:44:31.864, 1410 MHz, 1593 MHz, 372.87 W, 400.00 W, 61, 100 %, 0x0000000000000000, 16471 MiB
2026/10/08 04:44:32.864, 1410 MHz, 1593 MHz, 357.85 W, 400.00 W, 61, 100 %, 0x0000000000000000, 16471 MiB
2026/10/08 04:44:33.865, 1410 MHz, 1593 MHz, 369.02 W, 400.00 W, 61, 100 %, 0x0000000000000000, 16471 MiB
2026/10/08 04:44:34.866, 1410 MHz, 1593 MHz, 366.80 W, 400.00 W, 61, 100 %, 0x0000000000000000, 16471 MiB
2026/10/08 04:44:35.866, 1410 MHz, 1593 MHz, 342.13 W, 400.00 W, 61, 100 %, 0x0000000000000000, 16471 MiB
2026/10/08 04:44:36.867, 1410 MHz, 1593 MHz, 372.93 W, 400.00 W, 62, 100 %, 0x0000000000000000, 16471 MiB
2026/10/08 04:44:37.867, 1410 MHz, 1593 MHz, 368.43 W, 400.00 W, 62, 100 %, 0x0000000000000000, 16471 MiB
2026/10/08 04:44:38.868, 1410 MHz, 1593 MHz, 376.56 W, 400.00 W, 62, 100 %, 0x0000000000000000, 16471 MiB
2026/10/08 04:44:39.868, 1410 MHz, 1593 MHz, 385.22 W, 400.00 W, 62, 100 %, 0x0000000000000000, 16471 MiB
2026/10/08 04:44:40.869, 1410 MHz, 1593 MHz, 360.89 W, 400.00 W, 62, 100 %, 0x0000000000000000, 16471 MiB
2026/10/08 04:44:41.870, 1410 MHz, 1593 MHz, 375.97 W, 400.00 W, 62, 100 %, 0x0000000000000000, 16471 MiB
2026/10/08 04:44:42.870, 1335 MHz, 1593 MHz, 466.71 W, 400.00 W, 63, 100 %, 0x0000000000000004, 16471 MiB
2026/10/08 04:44:43.871, 1410 MHz, 1593 MHz, 364.79 W, 400.00 W, 61, 100 %, 0x0000000000000000, 16471 MiB
2026/10/08 04:44:44.871, 1410 MHz, 1593 MHz, 369.95 W, 400.00 W, 62, 100 %, 0x0000000000000000, 16471 MiB
2026/10/08 04:44:45.872, 1410 MHz, 1593 MHz, 366.91 W, 400.00 W, 62, 100 %, 0x0000000000000000, 16471 MiB
2026/10/08 04:44:46.873, 1410 MHz, 1593 MHz, 369.02 W, 400.00 W, 63, 100 %, 0x0000000000000000, 16471 MiB
2026/10/08 04:44:47.873, 1395 MHz, 1593 MHz, 191.33 W, 400.00 W, 57, 100 %, 0x0000000000000004, 18977 MiB
2026/10/08 04:44:48.874, 1380 MHz, 1593 MHz, 379.47 W, 400.00 W, 62, 100 %, 0x0000000000000004, 9453 MiB
2026/10/08 04:44:49.874, 1395 MHz, 1593 MHz, 353.25 W, 400.00 W, 62, 100 %, 0x0000000000000004, 9453 MiB
2026/10/08 04:44:50.875, 1395 MHz, 1593 MHz, 342.13 W, 400.00 W, 62, 100 %, 0x0000000000000004, 9453 MiB
2026/10/08 04:44:51.875, 1395 MHz, 1593 MHz, 361.76 W, 400.00 W, 63, 100 %, 0x0000000000000004, 9453 MiB
2026/10/08 04:44:52.876, 1395 MHz, 1593 MHz, 379.87 W, 400.00 W, 63, 100 %, 0x0000000000000004, 9453 MiB
2026/10/08 04:44:53.877, 1395 MHz, 1593 MHz, 387.73 W, 400.00 W, 63, 100 %, 0x0000000000000004, 9453 MiB
2026/10/08 04:44:54.877, 1395 MHz, 1593 MHz, 393.48 W, 400.00 W, 63, 100 %, 0x0000000000000004, 9453 MiB
2026/10/08 04:44:55.878, 1380 MHz, 1593 MHz, 391.96 W, 400.00 W, 63, 100 %, 0x0000000000000004, 9453 MiB
2026/10/08 04:44:56.878, 1395 MHz, 1593 MHz, 403.32 W, 400.00 W, 63, 100 %, 0x0000000000000004, 9453 MiB
2026/10/08 04:44:57.879, 1395 MHz, 1593 MHz, 403.64 W, 400.00 W, 63, 100 %, 0x0000000000000004, 9453 MiB
2026/10/08 04:44:58.879, 1410 MHz, 1593 MHz, 96.20 W, 400.00 W, 52, 0 %, 0x0000000000000000, 13201 MiB
2026/10/08 04:44:59.952, 1410 MHz, 1593 MHz, 91.86 W, 400.00 W, 47, 0 %, 0x0000000000000000, 9837 MiB
2026/10/08 04:45:00.953, 1410 MHz, 1593 MHz, 90.35 W, 400.00 W, 46, 0 %, 0x0000000000000000, 9837 MiB
2026/10/08 04:45:01.953, 1140 MHz, 1593 MHz, 72.53 W, 400.00 W, 44, 0 %, 0x0000000000000000, 9837 MiB
2026/10/08 04:45:02.956, 1140 MHz, 1593 MHz, 71.94 W, 400.00 W, 43, 0 %, 0x0000000000000000, 9837 MiB
2026/10/08 04:45:03.957, 1140 MHz, 1593 MHz, 72.21 W, 400.00 W, 43, 33 %, 0x0000000000000000, 8477 MiB
2026/10/08 04:45:04.957, 1410 MHz, 1593 MHz, 353.03 W, 400.00 W, 57, 100 %, 0x0000000000000000, 16377 MiB
2026/10/08 04:45:05.958, 1410 MHz, 1593 MHz, 365.93 W, 400.00 W, 59, 100 %, 0x0000000000000000, 16377 MiB
2026/10/08 04:45:06.958, 1410 MHz, 1593 MHz, 356.33 W, 400.00 W, 59, 100 %, 0x0000000000000000, 16379 MiB
2026/10/08 04:45:07.959, 1410 MHz, 1593 MHz, 357.85 W, 400.00 W, 59, 100 %, 0x0000000000000000, 16379 MiB
2026/10/08 04:45:08.959, 1410 MHz, 1593 MHz, 379.28 W, 400.00 W, 60, 100 %, 0x0000000000000000, 16379 MiB
2026/10/08 04:45:09.960, 1395 MHz, 1593 MHz, 451.32 W, 400.00 W, 60, 100 %, 0x0000000000000004, 16379 MiB
2026/10/08 04:45:10.960, 1410 MHz, 1593 MHz, 363.60 W, 400.00 W, 60, 100 %, 0x0000000000000000, 16379 MiB
2026/10/08 04:45:11.961, 1410 MHz, 1593 MHz, 373.79 W, 400.00 W, 61, 100 %, 0x0000000000000000, 16381 MiB
2026/10/08 04:45:12.961, 1410 MHz, 1593 MHz, 356.01 W, 400.00 W, 60, 100 %, 0x0000000000000000, 16381 MiB
2026/10/08 04:45:13.961, 1410 MHz, 1593 MHz, 366.91 W, 400.00 W, 61, 100 %, 0x0000000000000000, 16381 MiB
2026/10/08 04:45:14.965, 1275 MHz, 1593 MHz, 324.33 W, 400.00 W, 63, 100 %, 0x0000000000000004, 16381 MiB
2026/10/08 04:45:15.965, 1410 MHz, 1593 MHz, 359.64 W, 400.00 W, 60, 100 %, 0x0000000000000000, 16381 MiB
2026/10/08 04:45:16.966, 1410 MHz, 1593 MHz, 369.02 W, 400.00 W, 61, 100 %, 0x0000000000000000, 16381 MiB
2026/10/08 04:45:17.966, 1335 MHz, 1593 MHz, 426.56 W, 400.00 W, 60, 100 %, 0x0000000000000004, 16381 MiB
2026/10/08 04:45:18.967, 1410 MHz, 1593 MHz, 356.01 W, 400.00 W, 61, 100 %, 0x0000000000000000, 16381 MiB
2026/10/08 04:45:19.967, 1410 MHz, 1593 MHz, 383.43 W, 400.00 W, 62, 100 %, 0x0000000000000000, 16381 MiB
2026/10/08 04:45:20.968, 1395 MHz, 1593 MHz, 314.03 W, 400.00 W, 61, 100 %, 0x0000000000000004, 16381 MiB
2026/10/08 04:45:21.968, 1410 MHz, 1593 MHz, 363.60 W, 400.00 W, 61, 100 %, 0x0000000000000000, 16381 MiB
2026/10/08 04:45:22.968, 1410 MHz, 1593 MHz, 370.82 W, 400.00 W, 62, 100 %, 0x0000000000000000, 16381 MiB
2026/10/08 04:45:23.969, 1410 MHz, 1593 MHz, 367.50 W, 400.00 W, 61, 100 %, 0x0000000000000000, 16381 MiB
2026/10/08 04:45:24.969, 1410 MHz, 1593 MHz, 387.06 W, 400.00 W, 62, 100 %, 0x0000000000000000, 16381 MiB
2026/10/08 04:45:25.970, 1320 MHz, 1593 MHz, 365.34 W, 400.00 W, 62, 100 %, 0x0000000000000004, 16381 MiB
2026/10/08 04:45:26.970, 1410 MHz, 1593 MHz, 359.37 W, 400.00 W, 61, 100 %, 0x0000000000000000, 16381 MiB
2026/10/08 04:45:27.971, 1410 MHz, 1593 MHz, 381.99 W, 400.00 W, 62, 100 %, 0x0000000000000000, 16381 MiB
2026/10/08 04:45:28.971, 1410 MHz, 1593 MHz, 362.36 W, 400.00 W, 62, 100 %, 0x0000000000000000, 16381 MiB
2026/10/08 04:45:29.971, 1410 MHz, 1593 MHz, 388.06 W, 400.00 W, 62, 100 %, 0x0000000000000000, 16381 MiB
2026/10/08 04:45:30.972, 1410 MHz, 1593 MHz, 384.03 W, 400.00 W, 62, 100 %, 0x0000000000000000, 16381 MiB
2026/10/08 04:45:31.972, 1395 MHz, 1593 MHz, 412.37 W, 400.00 W, 62, 100 %, 0x0000000000000004, 16381 MiB
2026/10/08 04:45:32.973, 1395 MHz, 1593 MHz, 374.39 W, 400.00 W, 63, 100 %, 0x0000000000000004, 16381 MiB
2026/10/08 04:45:33.973, 1395 MHz, 1593 MHz, 353.30 W, 400.00 W, 62, 100 %, 0x0000000000000004, 16381 MiB
2026/10/08 04:45:34.974, 1395 MHz, 1593 MHz, 353.03 W, 400.00 W, 62, 100 %, 0x0000000000000004, 16381 MiB
2026/10/08 04:45:35.974, 1395 MHz, 1593 MHz, 369.02 W, 400.00 W, 62, 100 %, 0x0000000000000004, 16381 MiB
2026/10/08 04:45:36.975, 1395 MHz, 1593 MHz, 395.01 W, 400.00 W, 63, 100 %, 0x0000000000000004, 16381 MiB
2026/10/08 04:45:37.975, 1395 MHz, 1593 MHz, 400.61 W, 400.00 W, 63, 100 %, 0x0000000000000004, 16381 MiB
2026/10/08 04:45:38.976, 1395 MHz, 1593 MHz, 403.05 W, 400.00 W, 63, 100 %, 0x0000000000000004, 16381 MiB
2026/10/08 04:45:39.976, 1395 MHz, 1593 MHz, 413.88 W, 400.00 W, 63, 100 %, 0x0000000000000004, 16381 MiB
2026/10/08 04:45:40.976, 1395 MHz, 1593 MHz, 390.64 W, 400.00 W, 63, 100 %, 0x0000000000000004, 16381 MiB
2026/10/08 04:45:41.977, 1410 MHz, 1593 MHz, 95.17 W, 400.00 W, 50, 30 %, 0x0000000000000000, 16383 MiB
2026/10/08 04:45:43.049, 1410 MHz, 1593 MHz, 91.60 W, 400.00 W, 47, 0 %, 0x0000000000000000, 9797 MiB
2026/10/08 04:45:44.052, 1410 MHz, 1593 MHz, 90.67 W, 400.00 W, 46, 0 %, 0x0000000000000000, 9797 MiB
2026/10/08 04:45:45.053, 1140 MHz, 1593 MHz, 72.61 W, 400.00 W, 44, 0 %, 0x0000000000000000, 9797 MiB
2026/10/08 04:45:46.053, 1140 MHz, 1593 MHz, 72.01 W, 400.00 W, 43, 0 %, 0x0000000000000000, 9797 MiB
2026/10/08 04:45:47.054, 1140 MHz, 1593 MHz, 256.37 W, 400.00 W, 47, 29 %, 0x0000000000000000, 14417 MiB
2026/10/08 04:45:48.054, 1410 MHz, 1593 MHz, 356.89 W, 400.00 W, 57, 100 %, 0x0000000000000000, 14417 MiB
2026/10/08 04:45:49.055, 1410 MHz, 1593 MHz, 360.89 W, 400.00 W, 59, 100 %, 0x0000000000000000, 14419 MiB
2026/10/08 04:45:50.055, 1410 MHz, 1593 MHz, 346.36 W, 400.00 W, 59, 100 %, 0x0000000000000000, 14419 MiB
2026/10/08 04:45:51.056, 1410 MHz, 1593 MHz, 359.05 W, 400.00 W, 60, 100 %, 0x0000000000000000, 14419 MiB
2026/10/08 04:45:52.056, 1410 MHz, 1593 MHz, 366.59 W, 400.00 W, 60, 100 %, 0x0000000000000000, 14419 MiB
2026/10/08 04:45:53.057, 1410 MHz, 1593 MHz, 357.26 W, 400.00 W, 60, 100 %, 0x0000000000000000, 14419 MiB
2026/10/08 04:45:54.057, 1410 MHz, 1593 MHz, 366.80 W, 400.00 W, 61, 100 %, 0x0000000000000000, 14419 MiB
2026/10/08 04:45:55.058, 1410 MHz, 1593 MHz, 365.39 W, 400.00 W, 61, 100 %, 0x0000000000000000, 14419 MiB
2026/10/08 04:45:56.059, 1410 MHz, 1593 MHz, 361.49 W, 400.00 W, 61, 100 %, 0x0000000000000000, 14419 MiB
2026/10/08 04:45:57.059, 1410 MHz, 1593 MHz, 373.14 W, 400.00 W, 61, 100 %, 0x0000000000000000, 15119 MiB
2026/10/08 04:45:58.060, 1410 MHz, 1593 MHz, 345.76 W, 400.00 W, 60, 100 %, 0x0000000000000000, 15119 MiB
2026/10/08 04:45:59.060, 1410 MHz, 1593 MHz, 364.20 W, 400.00 W, 61, 100 %, 0x0000000000000000, 15119 MiB
2026/10/08 04:46:00.061, 1365 MHz, 1593 MHz, 317.67 W, 400.00 W, 61, 100 %, 0x0000000000000004, 16459 MiB
2026/10/08 04:46:01.061, 1410 MHz, 1593 MHz, 356.01 W, 400.00 W, 61, 100 %, 0x0000000000000000, 16459 MiB
2026/10/08 04:46:02.062, 1410 MHz, 1593 MHz, 367.18 W, 400.00 W, 62, 100 %, 0x0000000000000000, 16459 MiB
2026/10/08 04:46:03.063, 1380 MHz, 1593 MHz, 330.68 W, 400.00 W, 61, 100 %, 0x0000000000000004, 16459 MiB
2026/10/08 04:46:04.063, 1410 MHz, 1593 MHz, 360.56 W, 400.00 W, 61, 100 %, 0x0000000000000000, 16459 MiB
2026/10/08 04:46:05.064, 1410 MHz, 1593 MHz, 380.40 W, 400.00 W, 62, 100 %, 0x0000000000000000, 16459 MiB
2026/10/08 04:46:06.064, 1410 MHz, 1593 MHz, 353.85 W, 400.00 W, 62, 100 %, 0x0000000000000000, 16459 MiB
2026/10/08 04:46:07.065, 1410 MHz, 1593 MHz, 363.88 W, 400.00 W, 62, 100 %, 0x0000000000000000, 16459 MiB
2026/10/08 04:46:08.065, 1410 MHz, 1593 MHz, 369.24 W, 400.00 W, 62, 100 %, 0x0000000000000000, 16459 MiB
2026/10/08 04:46:09.066, 1410 MHz, 1593 MHz, 350.91 W, 400.00 W, 61, 100 %, 0x0000000000000000, 16459 MiB
2026/10/08 04:46:10.066, 1410 MHz, 1593 MHz, 369.24 W, 400.00 W, 62, 100 %, 0x0000000000000000, 16459 MiB
2026/10/08 04:46:11.067, 1365 MHz, 1593 MHz, 339.42 W, 400.00 W, 62, 100 %, 0x0000000000000004, 16459 MiB
2026/10/08 04:46:12.067, 1410 MHz, 1593 MHz, 377.16 W, 400.00 W, 62, 100 %, 0x0000000000000000, 16459 MiB
2026/10/08 04:46:13.068, 1410 MHz, 1593 MHz, 365.39 W, 400.00 W, 62, 100 %, 0x0000000000000000, 16459 MiB
2026/10/08 04:46:14.068, 1395 MHz, 1593 MHz, 398.90 W, 400.00 W, 62, 100 %, 0x0000000000000004, 16459 MiB
2026/10/08 04:46:15.069, 1395 MHz, 1593 MHz, 371.14 W, 400.00 W, 62, 100 %, 0x0000000000000004, 16459 MiB
2026/10/08 04:46:16.069, 1395 MHz, 1593 MHz, 351.50 W, 400.00 W, 63, 100 %, 0x0000000000000004, 16459 MiB
2026/10/08 04:46:17.070, 1395 MHz, 1593 MHz, 359.37 W, 400.00 W, 62, 100 %, 0x0000000000000004, 16459 MiB
2026/10/08 04:46:18.070, 1395 MHz, 1593 MHz, 381.32 W, 400.00 W, 62, 100 %, 0x0000000000000004, 16459 MiB
2026/10/08 04:46:19.071, 1395 MHz, 1593 MHz, 386.42 W, 400.00 W, 63, 100 %, 0x0000000000000004, 16459 MiB
2026/10/08 04:46:20.071, 1395 MHz, 1593 MHz, 390.04 W, 400.00 W, 62, 100 %, 0x0000000000000004, 16459 MiB
2026/10/08 04:46:21.072, 1395 MHz, 1593 MHz, 405.76 W, 400.00 W, 63, 100 %, 0x0000000000000004, 16459 MiB
2026/10/08 04:46:22.073, 1395 MHz, 1593 MHz, 408.57 W, 400.00 W, 62, 100 %, 0x0000000000000004, 16459 MiB
2026/10/08 04:46:23.073, 1380 MHz, 1593 MHz, 408.73 W, 400.00 W, 63, 100 %, 0x0000000000000004, 16459 MiB
2026/10/08 04:46:24.074, 1410 MHz, 1593 MHz, 97.62 W, 400.00 W, 53, 39 %, 0x0000000000000000, 16463 MiB
2026/10/08 04:46:25.152, 1410 MHz, 1593 MHz, 91.60 W, 400.00 W, 47, 0 %, 0x0000000000000000, 9817 MiB
2026/10/08 04:46:26.153, 1410 MHz, 1593 MHz, 90.67 W, 400.00 W, 46, 0 %, 0x0000000000000000, 9817 MiB
2026/10/08 04:46:27.153, 1140 MHz, 1593 MHz, 72.53 W, 400.00 W, 44, 0 %, 0x0000000000000000, 9817 MiB
2026/10/08 04:46:28.157, 1140 MHz, 1593 MHz, 72.28 W, 400.00 W, 43, 0 %, 0x0000000000000000, 9817 MiB
2026/10/08 04:46:29.158, 1215 MHz, 1593 MHz, 75.66 W, 400.00 W, 43, 42 %, 0x0000000000000000, 9977 MiB
2026/10/08 04:46:30.159, 1410 MHz, 1593 MHz, 355.14 W, 400.00 W, 57, 100 %, 0x0000000000000000, 15157 MiB
2026/10/08 04:46:31.159, 1410 MHz, 1593 MHz, 362.68 W, 400.00 W, 59, 100 %, 0x0000000000000000, 15159 MiB
2026/10/08 04:46:32.160, 1275 MHz, 1593 MHz, 458.26 W, 400.00 W, 60, 100 %, 0x0000000000000004, 15661 MiB
2026/10/08 04:46:33.160, 1410 MHz, 1593 MHz, 352.43 W, 400.00 W, 59, 100 %, 0x0000000000000000, 15661 MiB
2026/10/08 04:46:34.161, 1410 MHz, 1593 MHz, 373.79 W, 400.00 W, 60, 100 %, 0x0000000000000000, 16301 MiB
2026/10/08 04:46:35.161, 1335 MHz, 1593 MHz, 310.12 W, 400.00 W, 60, 100 %, 0x0000000000000004, 16741 MiB
2026/10/08 04:46:36.162, 1410 MHz, 1593 MHz, 361.76 W, 400.00 W, 60, 100 %, 0x0000000000000000, 16741 MiB
2026/10/08 04:46:37.163, 1410 MHz, 1593 MHz, 378.40 W, 400.00 W, 61, 100 %, 0x0000000000000000, 16741 MiB
2026/10/08 04:46:38.163, 1410 MHz, 1593 MHz, 355.04 W, 400.00 W, 60, 100 %, 0x0000000000000000, 16741 MiB
2026/10/08 04:46:39.164, 1410 MHz, 1593 MHz, 378.88 W, 400.00 W, 61, 100 %, 0x0000000000000000, 16741 MiB
2026/10/08 04:46:40.164, 1410 MHz, 1593 MHz, 383.43 W, 400.00 W, 61, 100 %, 0x0000000000000000, 16821 MiB
2026/10/08 04:46:41.165, 1410 MHz, 1593 MHz, 362.08 W, 400.00 W, 61, 100 %, 0x0000000000000000, 16821 MiB
2026/10/08 04:46:42.165, 1410 MHz, 1593 MHz, 379.20 W, 400.00 W, 61, 100 %, 0x0000000000000000, 16821 MiB
2026/10/08 04:46:43.166, 1410 MHz, 1593 MHz, 362.68 W, 400.00 W, 60, 100 %, 0x0000000000000000, 16821 MiB
2026/10/08 04:46:44.167, 1410 MHz, 1593 MHz, 346.08 W, 400.00 W, 61, 100 %, 0x0000000000000000, 16821 MiB
2026/10/08 04:46:45.167, 1410 MHz, 1593 MHz, 363.27 W, 400.00 W, 62, 100 %, 0x0000000000000000, 16821 MiB
2026/10/08 04:46:46.168, 1305 MHz, 1593 MHz, 529.50 W, 400.00 W, 62, 100 %, 0x0000000000000004, 16821 MiB
2026/10/08 04:46:47.168, 1410 MHz, 1593 MHz, 365.72 W, 400.00 W, 61, 100 %, 0x0000000000000000, 16821 MiB
2026/10/08 04:46:48.169, 1410 MHz, 1593 MHz, 367.83 W, 400.00 W, 62, 100 %, 0x0000000000000000, 16821 MiB
2026/10/08 04:46:49.169, 1410 MHz, 1593 MHz, 365.93 W, 400.00 W, 62, 100 %, 0x0000000000000000, 16821 MiB
2026/10/08 04:46:50.170, 1410 MHz, 1593 MHz, 385.35 W, 400.00 W, 62, 100 %, 0x0000000000000000, 16821 MiB
2026/10/08 04:46:51.170, 1410 MHz, 1593 MHz, 371.73 W, 400.00 W, 62, 100 %, 0x0000000000000000, 16821 MiB
2026/10/08 04:46:52.171, 1410 MHz, 1593 MHz, 360.56 W, 400.00 W, 62, 100 %, 0x0000000000000000, 16821 MiB
2026/10/08 04:46:53.172, 1410 MHz, 1593 MHz, 381.59 W, 400.00 W, 62, 100 %, 0x0000000000000000, 16821 MiB
2026/10/08 04:46:54.172, 1395 MHz, 1593 MHz, 377.16 W, 400.00 W, 61, 100 %, 0x0000000000000004, 16821 MiB
2026/10/08 04:46:55.173, 1410 MHz, 1593 MHz, 359.05 W, 400.00 W, 62, 100 %, 0x0000000000000000, 16821 MiB
2026/10/08 04:46:56.173, 1410 MHz, 1593 MHz, 376.89 W, 400.00 W, 63, 100 %, 0x0000000000000000, 16821 MiB
2026/10/08 04:46:57.174, 1395 MHz, 1593 MHz, 346.68 W, 400.00 W, 62, 100 %, 0x0000000000000004, 16821 MiB
2026/10/08 04:46:58.174, 1380 MHz, 1593 MHz, 373.85 W, 400.00 W, 63, 100 %, 0x0000000000000004, 16821 MiB
2026/10/08 04:46:59.175, 1380 MHz, 1593 MHz, 379.60 W, 400.00 W, 63, 100 %, 0x0000000000000004, 16821 MiB
2026/10/08 04:47:00.175, 1395 MHz, 1593 MHz, 387.93 W, 400.00 W, 63, 100 %, 0x0000000000000004, 16821 MiB
2026/10/08 04:47:01.176, 1395 MHz, 1593 MHz, 398.82 W, 400.00 W, 63, 100 %, 0x0000000000000004, 16821 MiB
2026/10/08 04:47:02.177, 1395 MHz, 1593 MHz, 398.49 W, 400.00 W, 63, 100 %, 0x0000000000000004, 16821 MiB
2026/10/08 04:47:03.177, 1395 MHz, 1593 MHz, 396.38 W, 400.00 W, 62, 100 %, 0x0000000000000004, 16821 MiB
2026/10/08 04:47:04.178, 1395 MHz, 1593 MHz, 402.72 W, 400.00 W, 63, 100 %, 0x0000000000000004, 16821 MiB
2026/10/08 04:47:05.178, 1395 MHz, 1593 MHz, 406.62 W, 400.00 W, 62, 100 %, 0x0000000000000004, 16821 MiB
2026/10/08 04:47:06.179, 1395 MHz, 1593 MHz, 412.10 W, 400.00 W, 64, 100 %, 0x0000000000000004, 16821 MiB
2026/10/08 04:47:07.179, 1410 MHz, 1593 MHz, 349.07 W, 400.00 W, 62, 98 %, 0x0000000000000000, 16827 MiB
2026/10/08 04:47:08.180, 1410 MHz, 1593 MHz, 96.79 W, 400.00 W, 49, 0 %, 0x0000000000000000, 9817 MiB
2026/10/08 04:47:09.250, 1410 MHz, 1593 MHz, 90.99 W, 400.00 W, 47, 0 %, 0x0000000000000000, 9817 MiB
2026/10/08 04:47:10.251, 1140 MHz, 1593 MHz, 72.81 W, 400.00 W, 45, 0 %, 0x0000000000000000, 9817 MiB
2026/10/08 04:47:11.251, 1140 MHz, 1593 MHz, 72.21 W, 400.00 W, 44, 0 %, 0x0000000000000000, 9817 MiB
2026/10/08 04:47:12.252, 1410 MHz, 1593 MHz, 72.81 W, 400.00 W, 43, 0 %, 0x0000000000000000, 10757 MiB
2026/10/08 04:47:13.252, 1410 MHz, 1593 MHz, 370.22 W, 400.00 W, 58, 100 %, 0x0000000000000000, 13637 MiB
2026/10/08 04:47:14.253, 1410 MHz, 1593 MHz, 378.68 W, 400.00 W, 60, 100 %, 0x0000000000000000, 13637 MiB
2026/10/08 04:47:15.253, 1410 MHz, 1593 MHz, 393.67 W, 400.00 W, 61, 100 %, 0x0000000000000000, 14199 MiB
2026/10/08 04:47:16.254, 1410 MHz, 1593 MHz, 381.00 W, 400.00 W, 61, 100 %, 0x0000000000000000, 14199 MiB
2026/10/08 04:47:17.254, 1410 MHz, 1593 MHz, 381.00 W, 400.00 W, 62, 100 %, 0x0000000000000000, 14199 MiB
2026/10/08 04:47:18.255, 1410 MHz, 1593 MHz, 367.45 W, 400.00 W, 61, 100 %, 0x0000000000000000, 14199 MiB
2026/10/08 04:47:19.255, 1410 MHz, 1593 MHz, 387.14 W, 400.00 W, 62, 100 %, 0x0000000000000000, 14199 MiB
2026/10/08 04:47:20.256, 1395 MHz, 1593 MHz, 357.53 W, 400.00 W, 61, 100 %, 0x0000000000000004, 14199 MiB
2026/10/08 04:47:21.257, 1410 MHz, 1593 MHz, 367.83 W, 400.00 W, 62, 100 %, 0x0000000000000000, 14201 MiB
2026/10/08 04:47:22.257, 1410 MHz, 1593 MHz, 384.30 W, 400.00 W, 63, 100 %, 0x0000000000000000, 14201 MiB
2026/10/08 04:47:23.258, 1410 MHz, 1593 MHz, 375.58 W, 400.00 W, 62, 100 %, 0x0000000000000000, 14201 MiB
2026/10/08 04:47:24.258, 1410 MHz, 1593 MHz, 361.49 W, 400.00 W, 63, 100 %, 0x0000000000000000, 14201 MiB
2026/10/08 04:47:25.259, 1410 MHz, 1593 MHz, 403.14 W, 400.00 W, 62, 100 %, 0x0000000000000000, 14201 MiB
2026/10/08 04:47:26.259, 1410 MHz, 1593 MHz, 363.88 W, 400.00 W, 62, 100 %, 0x0000000000000000, 14201 MiB
2026/10/08 04:47:27.260, 1410 MHz, 1593 MHz, 390.96 W, 400.00 W, 63, 100 %, 0x0000000000000000, 14201 MiB
2026/10/08 04:47:28.280, 1410 MHz, 1593 MHz, 370.16 W, 400.00 W, 63, 100 %, 0x0000000000000000, 14201 MiB
2026/10/08 04:47:29.280, 1410 MHz, 1593 MHz, 389.45 W, 400.00 W, 63, 100 %, 0x0000000000000000, 14201 MiB
2026/10/08 04:47:30.281, 1395 MHz, 1593 MHz, 371.68 W, 400.00 W, 63, 100 %, 0x0000000000000004, 14201 MiB
2026/10/08 04:47:31.281, 1410 MHz, 1593 MHz, 376.56 W, 400.00 W, 63, 100 %, 0x0000000000000000, 14201 MiB
2026/10/08 04:47:32.282, 1410 MHz, 1593 MHz, 405.43 W, 400.00 W, 64, 100 %, 0x0000000000000000, 14201 MiB
2026/10/08 04:47:33.283, 1410 MHz, 1593 MHz, 385.82 W, 400.00 W, 63, 100 %, 0x0000000000000000, 14201 MiB
2026/10/08 04:47:34.283, 1410 MHz, 1593 MHz, 384.70 W, 400.00 W, 64, 100 %, 0x0000000000000000, 14201 MiB
2026/10/08 04:47:35.284, 1395 MHz, 1593 MHz, 393.07 W, 400.00 W, 63, 100 %, 0x0000000000000000, 14201 MiB
2026/10/08 04:47:36.284, 1410 MHz, 1593 MHz, 366.80 W, 400.00 W, 63, 100 %, 0x0000000000000000, 14201 MiB
2026/10/08 04:47:37.285, 1410 MHz, 1593 MHz, 387.14 W, 400.00 W, 64, 100 %, 0x0000000000000000, 14201 MiB
2026/10/08 04:47:38.286, 1410 MHz, 1593 MHz, 239.10 W, 400.00 W, 53, 96 %, 0x0000000000000000, 9009 MiB
2026/10/08 04:47:39.286, 1365 MHz, 1593 MHz, 405.76 W, 400.00 W, 63, 100 %, 0x0000000000000004, 8903 MiB
2026/10/08 04:47:40.287, 1365 MHz, 1593 MHz, 346.68 W, 400.00 W, 63, 100 %, 0x0000000000000004, 8903 MiB
2026/10/08 04:47:41.287, 1380 MHz, 1593 MHz, 410.85 W, 400.00 W, 63, 100 %, 0x0000000000000004, 8903 MiB
2026/10/08 04:47:42.288, 1365 MHz, 1593 MHz, 366.91 W, 400.00 W, 63, 100 %, 0x0000000000000004, 8903 MiB
2026/10/08 04:47:43.288, 1380 MHz, 1593 MHz, 404.83 W, 400.00 W, 63, 100 %, 0x0000000000000004, 8903 MiB
2026/10/08 04:47:44.289, 1380 MHz, 1593 MHz, 389.18 W, 400.00 W, 63, 100 %, 0x0000000000000004, 8903 MiB
2026/10/08 04:47:45.290, 1365 MHz, 1593 MHz, 396.71 W, 400.00 W, 64, 100 %, 0x0000000000000004, 8903 MiB
2026/10/08 04:47:46.290, 1395 MHz, 1593 MHz, 403.32 W, 400.00 W, 64, 100 %, 0x0000000000000004, 8903 MiB
2026/10/08 04:47:47.291, 1380 MHz, 1593 MHz, 343.64 W, 400.00 W, 64, 100 %, 0x0000000000000004, 8903 MiB
2026/10/08 04:47:48.292, 1365 MHz, 1593 MHz, 413.28 W, 400.00 W, 64, 100 %, 0x0000000000000004, 8903 MiB
2026/10/08 04:47:49.292, 1410 MHz, 1593 MHz, 97.03 W, 400.00 W, 53, 33 %, 0x0000000000000000, 12833 MiB
2026/10/08 04:47:50.349, 1410 MHz, 1593 MHz, 92.29 W, 400.00 W, 48, 0 %, 0x0000000000000000, 9345 MiB
2026/10/08 04:47:51.352, 1410 MHz, 1593 MHz, 91.09 W, 400.00 W, 46, 0 %, 0x0000000000000000, 9345 MiB
2026/10/08 04:47:52.353, 1140 MHz, 1593 MHz, 72.89 W, 400.00 W, 45, 0 %, 0x0000000000000000, 9345 MiB
2026/10/08 04:47:53.354, 1140 MHz, 1593 MHz, 72.21 W, 400.00 W, 44, 0 %, 0x0000000000000000, 9345 MiB
2026/10/08 04:47:54.355, 1380 MHz, 1593 MHz, 348.47 W, 400.00 W, 55, 100 %, 0x0000000000000004, 13445 MiB
2026/10/08 04:47:55.356, 1410 MHz, 1593 MHz, 380.47 W, 400.00 W, 59, 100 %, 0x0000000000000000, 13445 MiB
2026/10/08 04:47:56.357, 1410 MHz, 1593 MHz, 376.17 W, 400.00 W, 61, 100 %, 0x0000000000000000, 13447 MiB
2026/10/08 04:47:57.357, 1410 MHz, 1593 MHz, 366.80 W, 400.00 W, 61, 100 %, 0x0000000000000000, 13447 MiB
2026/10/08 04:47:58.358, 1410 MHz, 1593 MHz, 389.58 W, 400.00 W, 62, 100 %, 0x0000000000000000, 13447 MiB
2026/10/08 04:47:59.359, 1410 MHz, 1593 MHz, 382.84 W, 400.00 W, 62, 100 %, 0x0000000000000000, 13447 MiB
2026/10/08 04:48:00.359, 1410 MHz, 1593 MHz, 378.01 W, 400.00 W, 61, 100 %, 0x0000000000000000, 13447 MiB
2026/10/08 04:48:01.360, 1410 MHz, 1593 MHz, 393.67 W, 400.00 W, 63, 100 %, 0x0000000000000000, 13447 MiB
2026/10/08 04:48:02.360, 1410 MHz, 1593 MHz, 382.18 W, 400.00 W, 62, 100 %, 0x0000000000000000, 13447 MiB
2026/10/08 04:48:03.361, 1410 MHz, 1593 MHz, 382.58 W, 400.00 W, 63, 100 %, 0x0000000000000000, 13447 MiB
2026/10/08 04:48:04.361, 1395 MHz, 1593 MHz, 375.05 W, 400.00 W, 62, 100 %, 0x0000000000000004, 13447 MiB
2026/10/08 04:48:05.362, 1410 MHz, 1593 MHz, 379.47 W, 400.00 W, 62, 100 %, 0x0000000000000000, 13447 MiB
2026/10/08 04:48:06.364, 1410 MHz, 1593 MHz, 395.19 W, 400.00 W, 63, 100 %, 0x0000000000000004, 13447 MiB
2026/10/08 04:48:07.366, 1410 MHz, 1593 MHz, 384.11 W, 400.00 W, 63, 100 %, 0x0000000000000000, 13447 MiB
2026/10/08 04:48:08.367, 1410 MHz, 1593 MHz, 394.00 W, 400.00 W, 63, 100 %, 0x0000000000000000, 13447 MiB
2026/10/08 04:48:09.369, 1410 MHz, 1593 MHz, 357.53 W, 400.00 W, 62, 100 %, 0x0000000000000000, 13447 MiB
2026/10/08 04:48:10.370, 1410 MHz, 1593 MHz, 377.76 W, 400.00 W, 63, 100 %, 0x0000000000000000, 13447 MiB
2026/10/08 04:48:11.370, 1395 MHz, 1593 MHz, 388.06 W, 400.00 W, 63, 100 %, 0x0000000000000004, 13447 MiB
2026/10/08 04:48:12.371, 1410 MHz, 1593 MHz, 380.20 W, 400.00 W, 63, 100 %, 0x0000000000000000, 13447 MiB
2026/10/08 04:48:13.371, 1410 MHz, 1593 MHz, 384.95 W, 400.00 W, 64, 100 %, 0x0000000000000000, 13447 MiB
2026/10/08 04:48:14.372, 1410 MHz, 1593 MHz, 398.82 W, 400.00 W, 64, 100 %, 0x0000000000000000, 13447 MiB
2026/10/08 04:48:15.373, 1410 MHz, 1593 MHz, 366.91 W, 400.00 W, 63, 100 %, 0x0000000000000000, 13447 MiB
2026/10/08 04:48:16.373, 1410 MHz, 1593 MHz, 390.96 W, 400.00 W, 64, 100 %, 0x0000000000000000, 13447 MiB
2026/10/08 04:48:17.374, 1410 MHz, 1593 MHz, 389.77 W, 400.00 W, 64, 100 %, 0x0000000000000000, 13447 MiB
2026/10/08 04:48:18.374, 1410 MHz, 1593 MHz, 389.45 W, 400.00 W, 64, 100 %, 0x0000000000000000, 13447 MiB
2026/10/08 04:48:19.378, 1410 MHz, 1593 MHz, 402.54 W, 400.00 W, 64, 100 %, 0x0000000000000000, 13447 MiB
2026/10/08 04:48:20.379, 1365 MHz, 1593 MHz, 422.01 W, 400.00 W, 64, 100 %, 0x0000000000000004, 13989 MiB
2026/10/08 04:48:21.379, 1380 MHz, 1593 MHz, 398.82 W, 400.00 W, 63, 100 %, 0x0000000000000004, 13989 MiB
2026/10/08 04:48:22.380, 1380 MHz, 1593 MHz, 378.88 W, 400.00 W, 64, 100 %, 0x0000000000000004, 13989 MiB
2026/10/08 04:48:23.380, 1380 MHz, 1593 MHz, 400.43 W, 400.00 W, 64, 100 %, 0x0000000000000004, 13989 MiB
2026/10/08 04:48:24.381, 1380 MHz, 1593 MHz, 358.77 W, 400.00 W, 64, 100 %, 0x0000000000000004, 13989 MiB
2026/10/08 04:48:25.382, 1380 MHz, 1593 MHz, 401.20 W, 400.00 W, 64, 100 %, 0x0000000000000004, 13989 MiB
2026/10/08 04:48:26.383, 1365 MHz, 1593 MHz, 353.03 W, 400.00 W, 64, 100 %, 0x0000000000000004, 13989 MiB
2026/10/08 04:48:27.383, 1380 MHz, 1593 MHz, 419.62 W, 400.00 W, 64, 100 %, 0x0000000000000004, 13989 MiB
2026/10/08 04:48:28.384, 1380 MHz, 1593 MHz, 349.71 W, 400.00 W, 64, 100 %, 0x0000000000000004, 13989 MiB
2026/10/08 04:48:29.385, 1365 MHz, 1593 MHz, 413.61 W, 400.00 W, 64, 100 %, 0x0000000000000004, 13989 MiB
2026/10/08 04:48:30.385, 1410 MHz, 1593 MHz, 332.80 W, 400.00 W, 63, 99 %, 0x0000000000000000, 13997 MiB
2026/10/08 04:48:31.386, 1410 MHz, 1593 MHz, 92.56 W, 400.00 W, 49, 20 %, 0x0000000000000000, 9305 MiB
2026/10/08 04:48:32.450, 1410 MHz, 1593 MHz, 91.26 W, 400.00 W, 47, 0 %, 0x0000000000000000, 9305 MiB
2026/10/08 04:48:33.451, 1140 MHz, 1593 MHz, 73.21 W, 400.00 W, 45, 0 %, 0x0000000000000000, 9305 MiB
2026/10/08 04:48:34.452, 1140 MHz, 1593 MHz, 72.61 W, 400.00 W, 44, 0 %, 0x0000000000000000, 9305 MiB
2026/10/08 04:48:35.453, 1395 MHz, 1593 MHz, 265.76 W, 400.00 W, 50, 27 %, 0x0000000000000004, 13165 MiB
2026/10/08 04:48:36.453, 1410 MHz, 1593 MHz, 365.99 W, 400.00 W, 59, 100 %, 0x0000000000000000, 13165 MiB
2026/10/08 04:48:37.454, 1410 MHz, 1593 MHz, 390.18 W, 400.00 W, 61, 100 %, 0x0000000000000000, 13667 MiB
2026/10/08 04:48:38.454, 1410 MHz, 1593 MHz, 375.05 W, 400.00 W, 61, 100 %, 0x0000000000000000, 13667 MiB
2026/10/08 04:48:39.455, 1410 MHz, 1593 MHz, 382.31 W, 400.00 W, 62, 100 %, 0x0000000000000000, 13667 MiB
2026/10/08 04:48:40.455, 1410 MHz, 1593 MHz, 391.56 W, 400.00 W, 61, 100 %, 0x0000000000000000, 13669 MiB
2026/10/08 04:48:41.456, 1410 MHz, 1593 MHz, 366.59 W, 400.00 W, 62, 100 %, 0x0000000000000000, 13669 MiB
2026/10/08 04:48:42.457, 1410 MHz, 1593 MHz, 386.74 W, 400.00 W, 63, 100 %, 0x0000000000000000, 13669 MiB
2026/10/08 04:48:43.457, 1410 MHz, 1593 MHz, 383.43 W, 400.00 W, 63, 100 %, 0x0000000000000000, 13669 MiB
2026/10/08 04:48:44.458, 1410 MHz, 1593 MHz, 384.70 W, 400.00 W, 63, 100 %, 0x0000000000000000, 13669 MiB
2026/10/08 04:48:45.460, 1410 MHz, 1593 MHz, 409.98 W, 400.00 W, 63, 100 %, 0x0000000000000000, 13669 MiB
2026/10/08 04:48:46.460, 1410 MHz, 1593 MHz, 368.64 W, 400.00 W, 62, 100 %, 0x0000000000000000, 13669 MiB
2026/10/08 04:48:47.461, 1410 MHz, 1593 MHz, 394.87 W, 400.00 W, 63, 100 %, 0x0000000000000000, 13669 MiB
2026/10/08 04:48:48.461, 1395 MHz, 1593 MHz, 365.34 W, 400.00 W, 63, 100 %, 0x0000000000000004, 13669 MiB
2026/10/08 04:48:49.461, 1410 MHz, 1593 MHz, 394.87 W, 400.00 W, 63, 100 %, 0x0000000000000000, 13669 MiB
2026/10/08 04:48:50.462, 1410 MHz, 1593 MHz, 400.93 W, 400.00 W, 63, 100 %, 0x0000000000000000, 13669 MiB
2026/10/08 04:48:51.462, 1410 MHz, 1593 MHz, 369.95 W, 400.00 W, 63, 100 %, 0x0000000000000000, 13669 MiB
2026/10/08 04:48:52.463, 1410 MHz, 1593 MHz, 390.18 W, 400.00 W, 64, 100 %, 0x0000000000000000, 13669 MiB
2026/10/08 04:48:53.463, 1380 MHz, 1593 MHz, 369.56 W, 400.00 W, 63, 100 %, 0x0000000000000004, 13669 MiB
2026/10/08 04:48:54.465, 1410 MHz, 1593 MHz, 381.39 W, 400.00 W, 63, 100 %, 0x0000000000000000, 13669 MiB
2026/10/08 04:48:55.465, 1410 MHz, 1593 MHz, 387.65 W, 400.00 W, 64, 100 %, 0x0000000000000000, 13669 MiB
2026/10/08 04:48:56.466, 1410 MHz, 1593 MHz, 378.29 W, 400.00 W, 63, 100 %, 0x0000000000000000, 13669 MiB
2026/10/08 04:48:57.467, 1395 MHz, 1593 MHz, 400.43 W, 400.00 W, 64, 100 %, 0x0000000000000000, 13669 MiB
2026/10/08 04:48:58.469, 1395 MHz, 1593 MHz, 369.95 W, 400.00 W, 64, 100 %, 0x0000000000000004, 13669 MiB
2026/10/08 04:48:59.470, 1410 MHz, 1593 MHz, 378.08 W, 400.00 W, 63, 100 %, 0x0000000000000000, 13669 MiB
2026/10/08 04:49:00.471, 1410 MHz, 1593 MHz, 390.36 W, 400.00 W, 64, 100 %, 0x0000000000000000, 13669 MiB
2026/10/08 04:49:01.473, 1380 MHz, 1593 MHz, 412.80 W, 400.00 W, 63, 100 %, 0x0000000000000004, 14209 MiB
2026/10/08 04:49:02.474, 1380 MHz, 1593 MHz, 348.79 W, 400.00 W, 64, 100 %, 0x0000000000000004, 14209 MiB
2026/10/08 04:49:03.476, 1380 MHz, 1593 MHz, 419.89 W, 400.00 W, 63, 100 %, 0x0000000000000004, 14209 MiB
2026/10/08 04:49:04.476, 1380 MHz, 1593 MHz, 375.64 W, 400.00 W, 63, 100 %, 0x0000000000000004, 14209 MiB
2026/10/08 04:49:05.477, 1380 MHz, 1593 MHz, 411.28 W, 400.00 W, 64, 100 %, 0x0000000000000004, 14209 MiB
2026/10/08 04:49:06.477, 1380 MHz, 1593 MHz, 403.64 W, 400.00 W, 64, 100 %, 0x0000000000000004, 14209 MiB
2026/10/08 04:49:07.478, 1380 MHz, 1593 MHz, 357.75 W, 400.00 W, 63, 100 %, 0x0000000000000004, 14209 MiB
2026/10/08 04:49:08.478, 1380 MHz, 1593 MHz, 414.48 W, 400.00 W, 64, 100 %, 0x0000000000000004, 14209 MiB
2026/10/08 04:49:09.479, 1380 MHz, 1593 MHz, 353.89 W, 400.00 W, 64, 100 %, 0x0000000000000004, 14209 MiB
2026/10/08 04:49:10.479, 1380 MHz, 1593 MHz, 415.40 W, 400.00 W, 64, 100 %, 0x0000000000000004, 14209 MiB
2026/10/08 04:49:11.480, 1410 MHz, 1593 MHz, 395.78 W, 400.00 W, 63, 99 %, 0x0000000000000000, 14215 MiB
2026/10/08 04:49:12.480, 1410 MHz, 1593 MHz, 94.41 W, 400.00 W, 50, 0 %, 0x0000000000000000, 9265 MiB
2026/10/08 04:49:13.551, 1410 MHz, 1593 MHz, 91.36 W, 400.00 W, 47, 0 %, 0x0000000000000000, 9265 MiB
2026/10/08 04:49:14.552, 1140 MHz, 1593 MHz, 73.21 W, 400.00 W, 45, 0 %, 0x0000000000000000, 9265 MiB
2026/10/08 04:49:15.552, 1140 MHz, 1593 MHz, 72.53 W, 400.00 W, 44, 0 %, 0x0000000000000000, 9265 MiB
2026/10/08 04:49:16.553, 1260 MHz, 1593 MHz, 269.34 W, 400.00 W, 51, 76 %, 0x0000000000000000, 13165 MiB
2026/10/08 04:49:17.553, 1410 MHz, 1593 MHz, 363.88 W, 400.00 W, 59, 100 %, 0x0000000000000000, 13165 MiB
2026/10/08 04:49:18.554, 1410 MHz, 1593 MHz, 384.11 W, 400.00 W, 61, 100 %, 0x0000000000000000, 13667 MiB
2026/10/08 04:49:19.554, 1410 MHz, 1593 MHz, 393.35 W, 400.00 W, 61, 100 %, 0x0000000000000000, 13667 MiB
2026/10/08 04:49:20.555, 1410 MHz, 1593 MHz, 398.31 W, 400.00 W, 62, 100 %, 0x0000000000000000, 13667 MiB
2026/10/08 04:49:21.555, 1410 MHz, 1593 MHz, 381.99 W, 400.00 W, 62, 100 %, 0x0000000000000000, 13667 MiB
2026/10/08 04:49:22.555, 1410 MHz, 1593 MHz, 372.33 W, 400.00 W, 62, 100 %, 0x0000000000000000, 13667 MiB
2026/10/08 04:49:23.557, 1395 MHz, 1593 MHz, 408.14 W, 400.00 W, 63, 100 %, 0x0000000000000000, 13667 MiB
2026/10/08 04:49:24.578, 1410 MHz, 1593 MHz, 371.73 W, 400.00 W, 62, 100 %, 0x0000000000000000, 13667 MiB
2026/10/08 04:49:25.578, 1410 MHz, 1593 MHz, 405.43 W, 400.00 W, 63, 100 %, 0x0000000000000000, 13667 MiB
2026/10/08 04:49:26.579, 1410 MHz, 1593 MHz, 365.99 W, 400.00 W, 62, 100 %, 0x0000000000000004, 13667 MiB
2026/10/08 04:49:27.580, 1410 MHz, 1593 MHz, 384.43 W, 400.00 W, 63, 100 %, 0x0000000000000000, 13667 MiB
2026/10/08 04:49:28.581, 1410 MHz, 1593 MHz, 388.26 W, 400.00 W, 63, 100 %, 0x0000000000000000, 13667 MiB
2026/10/08 04:49:29.582, 1410 MHz, 1593 MHz, 384.11 W, 400.00 W, 63, 100 %, 0x0000000000000000, 13667 MiB
2026/10/08 04:49:30.583, 1410 MHz, 1593 MHz, 387.14 W, 400.00 W, 63, 100 %, 0x0000000000000000, 13667 MiB
2026/10/08 04:49:31.583, 1410 MHz, 1593 MHz, 409.16 W, 400.00 W, 64, 100 %, 0x0000000000000000, 13667 MiB
2026/10/08 04:49:32.585, 1410 MHz, 1593 MHz, 373.26 W, 400.00 W, 63, 100 %, 0x0000000000000000, 13667 MiB
2026/10/08 04:49:33.585, 1410 MHz, 1593 MHz, 385.62 W, 400.00 W, 64, 100 %, 0x0000000000000000, 13667 MiB
2026/10/08 04:49:34.586, 1410 MHz, 1593 MHz, 388.06 W, 400.00 W, 64, 100 %, 0x0000000000000000, 13667 MiB
2026/10/08 04:49:35.586, 1410 MHz, 1593 MHz, 379.87 W, 400.00 W, 64, 100 %, 0x0000000000000000, 13667 MiB
2026/10/08 04:49:36.588, 1395 MHz, 1593 MHz, 385.62 W, 400.00 W, 64, 100 %, 0x0000000000000004, 13667 MiB
2026/10/08 04:49:37.588, 1410 MHz, 1593 MHz, 380.79 W, 400.00 W, 63, 100 %, 0x0000000000000000, 13667 MiB
2026/10/08 04:49:38.589, 1395 MHz, 1593 MHz, 370.55 W, 400.00 W, 64, 100 %, 0x0000000000000004, 13667 MiB
2026/10/08 04:49:39.589, 1395 MHz, 1593 MHz, 396.80 W, 400.00 W, 63, 100 %, 0x0000000000000004, 13667 MiB
2026/10/08 04:49:40.590, 1410 MHz, 1593 MHz, 392.48 W, 400.00 W, 64, 100 %, 0x0000000000000000, 13667 MiB
2026/10/08 04:49:41.590, 1410 MHz, 1593 MHz, 385.82 W, 400.00 W, 65, 100 %, 0x0000000000000000, 13667 MiB
2026/10/08 04:49:42.591, 1365 MHz, 1593 MHz, 386.42 W, 400.00 W, 63, 100 %, 0x0000000000000004, 14207 MiB
2026/10/08 04:49:43.591, 1380 MHz, 1593 MHz, 402.12 W, 400.00 W, 63, 100 %, 0x0000000000000004, 14207 MiB
2026/10/08 04:49:44.592, 1380 MHz, 1593 MHz, 390.18 W, 400.00 W, 63, 100 %, 0x0000000000000004, 14207 MiB
2026/10/08 04:49:45.592, 1350 MHz, 1593 MHz, 370.82 W, 400.00 W, 64, 100 %, 0x0000000000000004, 14207 MiB
2026/10/08 04:49:46.593, 1380 MHz, 1593 MHz, 421.74 W, 400.00 W, 63, 100 %, 0x0000000000000004, 14207 MiB
2026/10/08 04:49:47.594, 1380 MHz, 1593 MHz, 357.53 W, 400.00 W, 64, 100 %, 0x0000000000000004, 14207 MiB
2026/10/08 04:49:48.596, 1365 MHz, 1593 MHz, 409.39 W, 400.00 W, 64, 100 %, 0x0000000000000004, 14207 MiB
2026/10/08 04:49:49.597, 1380 MHz, 1593 MHz, 349.39 W, 400.00 W, 63, 100 %, 0x0000000000000004, 14207 MiB
2026/10/08 04:49:50.597, 1380 MHz, 1593 MHz, 412.20 W, 400.00 W, 64, 100 %, 0x0000000000000004, 14207 MiB
2026/10/08 04:49:51.598, 1350 MHz, 1593 MHz, 353.30 W, 400.00 W, 64, 100 %, 0x0000000000000004, 14207 MiB
2026/10/08 04:49:52.599, 1410 MHz, 1593 MHz, 380.20 W, 400.00 W, 63, 99 %, 0x0000000000000000, 14215 MiB
2026/10/08 04:49:53.600, 1410 MHz, 1593 MHz, 93.81 W, 400.00 W, 49, 0 %, 0x0000000000000000, 9265 MiB
2026/10/08 04:49:54.651, 1410 MHz, 1593 MHz, 91.69 W, 400.00 W, 47, 0 %, 0x0000000000000000, 9265 MiB
2026/10/08 04:49:55.652, 1140 MHz, 1593 MHz, 73.21 W, 400.00 W, 45, 0 %, 0x0000000000000000, 9265 MiB
2026/10/08 04:49:56.652, 1140 MHz, 1593 MHz, 72.61 W, 400.00 W, 44, 0 %, 0x0000000000000000, 9265 MiB
2026/10/08 04:49:57.654, 1140 MHz, 1593 MHz, 72.28 W, 400.00 W, 43, 0 %, 0x0000000000000000, 9265 MiB
2026/10/08 04:49:58.655, 1410 MHz, 1593 MHz, 378.08 W, 400.00 W, 57, 100 %, 0x0000000000000000, 14265 MiB
2026/10/08 04:49:59.655, 1410 MHz, 1593 MHz, 375.64 W, 400.00 W, 60, 100 %, 0x0000000000000000, 14265 MiB
2026/10/08 04:50:00.656, 1410 MHz, 1593 MHz, 371.95 W, 400.00 W, 61, 100 %, 0x0000000000000000, 14685 MiB
2026/10/08 04:50:01.657, 1410 MHz, 1593 MHz, 383.11 W, 400.00 W, 61, 100 %, 0x0000000000000000, 14687 MiB
2026/10/08 04:50:02.657, 1410 MHz, 1593 MHz, 392.48 W, 400.00 W, 62, 100 %, 0x0000000000000000, 14687 MiB
2026/10/08 04:50:03.658, 1410 MHz, 1593 MHz, 404.24 W, 400.00 W, 62, 100 %, 0x0000000000000000, 14687 MiB
2026/10/08 04:50:04.658, 1410 MHz, 1593 MHz, 381.72 W, 400.00 W, 62, 100 %, 0x0000000000000000, 14689 MiB
2026/10/08 04:50:05.659, 1395 MHz, 1593 MHz, 381.72 W, 400.00 W, 62, 100 %, 0x0000000000000004, 14689 MiB
2026/10/08 04:50:06.661, 1410 MHz, 1593 MHz, 399.09 W, 400.00 W, 63, 100 %, 0x0000000000000000, 17289 MiB
2026/10/08 04:50:07.661, 1395 MHz, 1593 MHz, 398.82 W, 400.00 W, 63, 100 %, 0x0000000000000004, 17289 MiB
2026/10/08 04:50:08.662, 1410 MHz, 1593 MHz, 387.93 W, 400.00 W, 62, 100 %, 0x0000000000000000, 17289 MiB
2026/10/08 04:50:09.662, 1410 MHz, 1593 MHz, 371.41 W, 400.00 W, 63, 100 %, 0x0000000000000000, 17289 MiB
2026/10/08 04:50:10.663, 1380 MHz, 1593 MHz, 429.00 W, 400.00 W, 61, 100 %, 0x0000000000000004, 17289 MiB
2026/10/08 04:50:11.663, 1410 MHz, 1593 MHz, 376.77 W, 400.00 W, 63, 100 %, 0x0000000000000000, 17289 MiB
2026/10/08 04:50:12.665, 1395 MHz, 1593 MHz, 388.85 W, 400.00 W, 63, 100 %, 0x0000000000000004, 17289 MiB
2026/10/08 04:50:13.665, 1335 MHz, 1593 MHz, 362.68 W, 400.00 W, 63, 100 %, 0x0000000000000004, 17289 MiB
2026/10/08 04:50:14.666, 1410 MHz, 1593 MHz, 384.03 W, 400.00 W, 63, 100 %, 0x0000000000000000, 17289 MiB
2026/10/08 04:50:15.667, 1395 MHz, 1593 MHz, 414.04 W, 400.00 W, 63, 100 %, 0x0000000000000004, 17289 MiB
2026/10/08 04:50:16.667, 1320 MHz, 1593 MHz, 346.95 W, 400.00 W, 64, 100 %, 0x0000000000000004, 17289 MiB
2026/10/08 04:50:17.669, 1410 MHz, 1593 MHz, 374.45 W, 400.00 W, 63, 100 %, 0x0000000000000000, 17289 MiB
2026/10/08 04:50:18.669, 1410 MHz, 1593 MHz, 372.07 W, 400.00 W, 64, 100 %, 0x0000000000000000, 17289 MiB
2026/10/08 04:50:19.671, 1335 MHz, 1593 MHz, 346.68 W, 400.00 W, 63, 100 %, 0x0000000000000004, 17289 MiB
2026/10/08 04:50:20.672, 1410 MHz, 1593 MHz, 374.45 W, 400.00 W, 63, 100 %, 0x0000000000000000, 17289 MiB
2026/10/08 04:50:21.675, 1395 MHz, 1593 MHz, 391.29 W, 400.00 W, 64, 100 %, 0x0000000000000004, 17289 MiB
2026/10/08 04:50:22.675, 1260 MHz, 1593 MHz, 436.53 W, 400.00 W, 63, 100 %, 0x0000000000000004, 17289 MiB
2026/10/08 04:50:23.677, 1410 MHz, 1593 MHz, 377.49 W, 400.00 W, 63, 100 %, 0x0000000000000000, 17289 MiB
2026/10/08 04:50:24.678, 1395 MHz, 1593 MHz, 404.24 W, 400.00 W, 64, 100 %, 0x0000000000000004, 17289 MiB
2026/10/08 04:50:25.680, 1410 MHz, 1593 MHz, 381.39 W, 400.00 W, 63, 100 %, 0x0000000000000000, 17289 MiB
2026/10/08 04:50:26.681, 1410 MHz, 1593 MHz, 379.28 W, 400.00 W, 64, 100 %, 0x0000000000000000, 17289 MiB
2026/10/08 04:50:27.682, 1395 MHz, 1593 MHz, 384.95 W, 400.00 W, 64, 100 %, 0x0000000000000004, 17289 MiB
2026/10/08 04:50:28.683, 1395 MHz, 1593 MHz, 387.65 W, 400.00 W, 64, 100 %, 0x0000000000000004, 17289 MiB
2026/10/08 04:50:29.683, 1365 MHz, 1593 MHz, 420.55 W, 400.00 W, 59, 58 %, 0x0000000000000004, 9143 MiB
2026/10/08 04:50:30.686, 1380 MHz, 1593 MHz, 372.33 W, 400.00 W, 62, 100 %, 0x0000000000000004, 9143 MiB
2026/10/08 04:50:31.687, 1380 MHz, 1593 MHz, 380.79 W, 400.00 W, 63, 100 %, 0x0000000000000004, 9143 MiB
2026/10/08 04:50:32.688, 1380 MHz, 1593 MHz, 402.45 W, 400.00 W, 63, 100 %, 0x0000000000000004, 9143 MiB
2026/10/08 04:50:33.688, 1380 MHz, 1593 MHz, 354.21 W, 400.00 W, 63, 100 %, 0x0000000000000004, 9143 MiB
2026/10/08 04:50:34.689, 1380 MHz, 1593 MHz, 388.34 W, 400.00 W, 63, 100 %, 0x0000000000000004, 9143 MiB
2026/10/08 04:50:35.689, 1365 MHz, 1593 MHz, 410.25 W, 400.00 W, 63, 100 %, 0x0000000000000004, 9143 MiB
2026/10/08 04:50:36.690, 1365 MHz, 1593 MHz, 391.05 W, 400.00 W, 63, 100 %, 0x0000000000000004, 9143 MiB
2026/10/08 04:50:37.690, 1380 MHz, 1593 MHz, 371.68 W, 400.00 W, 64, 100 %, 0x0000000000000004, 9143 MiB
2026/10/08 04:50:38.691, 1380 MHz, 1593 MHz, 409.06 W, 400.00 W, 63, 100 %, 0x0000000000000004, 9143 MiB
2026/10/08 04:50:39.692, 1395 MHz, 1593 MHz, 409.66 W, 400.00 W, 63, 100 %, 0x0000000000000004, 9143 MiB
2026/10/08 04:50:40.693, 1410 MHz, 1593 MHz, 389.18 W, 400.00 W, 63, 74 %, 0x0000000000000000, 13713 MiB
2026/10/08 04:50:41.694, 1410 MHz, 1593 MHz, 98.65 W, 400.00 W, 49, 0 %, 0x0000000000000000, 9647 MiB
2026/10/08 04:50:42.749, 1410 MHz, 1593 MHz, 91.69 W, 400.00 W, 47, 0 %, 0x0000000000000000, 9647 MiB
2026/10/08 04:50:43.750, 1140 MHz, 1593 MHz, 73.13 W, 400.00 W, 45, 0 %, 0x0000000000000000, 9647 MiB
2026/10/08 04:50:44.750, 1140 MHz, 1593 MHz, 72.61 W, 400.00 W, 44, 0 %, 0x0000000000000000, 9647 MiB
2026/10/08 04:50:45.753, 1140 MHz, 1593 MHz, 72.61 W, 400.00 W, 43, 0 %, 0x0000000000000000, 9647 MiB
2026/10/08 04:50:46.754, 1380 MHz, 1593 MHz, 505.61 W, 400.00 W, 53, 43 %, 0x0000000000000004, 15507 MiB
2026/10/08 04:50:47.754, 1410 MHz, 1593 MHz, 374.78 W, 400.00 W, 59, 100 %, 0x0000000000000000, 15507 MiB
2026/10/08 04:50:48.755, 1410 MHz, 1593 MHz, 399.09 W, 400.00 W, 61, 100 %, 0x0000000000000000, 15507 MiB
2026/10/08 04:50:49.755, 1395 MHz, 1593 MHz, 387.33 W, 400.00 W, 61, 100 %, 0x0000000000000004, 16127 MiB
2026/10/08 04:50:50.756, 1410 MHz, 1593 MHz, 366.31 W, 400.00 W, 61, 100 %, 0x0000000000000000, 16127 MiB
2026/10/08 04:50:51.756, 1395 MHz, 1593 MHz, 394.87 W, 400.00 W, 62, 100 %, 0x0000000000000004, 16129 MiB
2026/10/08 04:50:52.757, 1410 MHz, 1593 MHz, 384.03 W, 400.00 W, 62, 100 %, 0x0000000000000000, 16129 MiB
2026/10/08 04:50:53.757, 1410 MHz, 1593 MHz, 376.29 W, 400.00 W, 62, 100 %, 0x0000000000000000, 16129 MiB
2026/10/08 04:50:54.758, 1395 MHz, 1593 MHz, 369.83 W, 400.00 W, 62, 100 %, 0x0000000000000004, 16129 MiB
2026/10/08 04:50:55.775, 1410 MHz, 1593 MHz, 381.91 W, 400.00 W, 62, 100 %, 0x0000000000000000, 16129 MiB
2026/10/08 04:50:56.776, 1410 MHz, 1593 MHz, 371.95 W, 400.00 W, 62, 100 %, 0x0000000000000000, 16129 MiB
2026/10/08 04:50:57.776, 1410 MHz, 1593 MHz, 391.05 W, 400.00 W, 63, 100 %, 0x0000000000000000, 16129 MiB
2026/10/08 04:50:58.777, 1410 MHz, 1593 MHz, 379.60 W, 400.00 W, 63, 100 %, 0x0000000000000000, 16289 MiB
2026/10/08 04:50:59.779, 1410 MHz, 1593 MHz, 381.39 W, 400.00 W, 62, 100 %, 0x0000000000000000, 16289 MiB
2026/10/08 04:51:00.781, 1395 MHz, 1593 MHz, 411.17 W, 400.00 W, 63, 100 %, 0x0000000000000000, 16289 MiB
2026/10/08 04:51:01.782, 1410 MHz, 1593 MHz, 393.67 W, 400.00 W, 63, 100 %, 0x0000000000000004, 16289 MiB
2026/10/08 04:51:02.782, 1410 MHz, 1593 MHz, 378.61 W, 400.00 W, 63, 100 %, 0x0000000000000000, 16289 MiB
2026/10/08 04:51:03.783, 1410 MHz, 1593 MHz, 379.47 W, 400.00 W, 63, 100 %, 0x0000000000000000, 16289 MiB
2026/10/08 04:51:04.784, 1410 MHz, 1593 MHz, 397.31 W, 400.00 W, 64, 100 %, 0x0000000000000000, 16289 MiB
2026/10/08 04:51:05.784, 1410 MHz, 1593 MHz, 395.01 W, 400.00 W, 63, 100 %, 0x0000000000000000, 16289 MiB
2026/10/08 04:51:06.786, 1410 MHz, 1593 MHz, 412.69 W, 400.00 W, 64, 100 %, 0x0000000000000000, 16289 MiB
2026/10/08 04:51:07.786, 1395 MHz, 1593 MHz, 388.06 W, 400.00 W, 63, 100 %, 0x0000000000000004, 16409 MiB
2026/10/08 04:51:08.787, 1395 MHz, 1593 MHz, 374.45 W, 400.00 W, 63, 100 %, 0x0000000000000004, 16409 MiB
2026/10/08 04:51:09.788, 1410 MHz, 1593 MHz, 400.75 W, 400.00 W, 64, 100 %, 0x0000000000000000, 16409 MiB
2026/10/08 04:51:10.788, 1395 MHz, 1593 MHz, 383.23 W, 400.00 W, 64, 100 %, 0x0000000000000004, 16409 MiB
2026/10/08 04:51:11.789, 1410 MHz, 1593 MHz, 393.48 W, 400.00 W, 64, 100 %, 0x0000000000000000, 16409 MiB
2026/10/08 04:51:12.789, 1410 MHz, 1593 MHz, 403.91 W, 400.00 W, 64, 100 %, 0x0000000000000000, 16409 MiB
2026/10/08 04:51:13.790, 1395 MHz, 1593 MHz, 373.85 W, 400.00 W, 64, 100 %, 0x0000000000000004, 16409 MiB
2026/10/08 04:51:14.791, 1410 MHz, 1593 MHz, 375.97 W, 400.00 W, 64, 100 %, 0x0000000000000000, 16409 MiB
2026/10/08 04:51:15.791, 1410 MHz, 1593 MHz, 407.37 W, 400.00 W, 64, 100 %, 0x0000000000000000, 16409 MiB
2026/10/08 04:51:16.792, 1410 MHz, 1593 MHz, 385.22 W, 400.00 W, 64, 100 %, 0x0000000000000000, 16409 MiB
2026/10/08 04:51:17.793, 1395 MHz, 1593 MHz, 375.37 W, 400.00 W, 64, 100 %, 0x0000000000000004, 16409 MiB
2026/10/08 04:51:18.794, 1395 MHz, 1593 MHz, 404.66 W, 400.00 W, 63, 100 %, 0x0000000000000004, 16409 MiB
2026/10/08 04:51:19.795, 1380 MHz, 1593 MHz, 349.07 W, 400.00 W, 63, 100 %, 0x0000000000000004, 16409 MiB
2026/10/08 04:51:20.796, 1380 MHz, 1593 MHz, 396.98 W, 400.00 W, 63, 100 %, 0x0000000000000004, 16409 MiB
2026/10/08 04:51:21.796, 1380 MHz, 1593 MHz, 394.41 W, 400.00 W, 63, 100 %, 0x0000000000000004, 16409 MiB
2026/10/08 04:51:22.797, 1380 MHz, 1593 MHz, 377.16 W, 400.00 W, 64, 100 %, 0x0000000000000004, 16409 MiB
2026/10/08 04:51:23.797, 1365 MHz, 1593 MHz, 400.93 W, 400.00 W, 64, 100 %, 0x0000000000000004, 16409 MiB
2026/10/08 04:51:24.798, 1365 MHz, 1593 MHz, 414.64 W, 400.00 W, 64, 100 %, 0x0000000000000004, 16409 MiB
2026/10/08 04:51:25.798, 1380 MHz, 1593 MHz, 364.79 W, 400.00 W, 64, 100 %, 0x0000000000000004, 16409 MiB
2026/10/08 04:51:26.799, 1380 MHz, 1593 MHz, 405.58 W, 400.00 W, 64, 100 %, 0x0000000000000004, 16409 MiB
2026/10/08 04:51:27.800, 1365 MHz, 1593 MHz, 417.52 W, 400.00 W, 64, 100 %, 0x0000000000000004, 16409 MiB
2026/10/08 04:51:28.800, 1410 MHz, 1593 MHz, 337.89 W, 400.00 W, 62, 100 %, 0x0000000000000000, 16413 MiB
2026/10/08 04:51:29.801, 1410 MHz, 1593 MHz, 93.21 W, 400.00 W, 49, 35 %, 0x0000000000000000, 9607 MiB
2026/10/08 04:51:30.849, 1410 MHz, 1593 MHz, 91.36 W, 400.00 W, 47, 0 %, 0x0000000000000000, 9607 MiB
2026/10/08 04:51:31.850, 1140 MHz, 1593 MHz, 72.89 W, 400.00 W, 45, 0 %, 0x0000000000000000, 9607 MiB
2026/10/08 04:51:32.850, 1140 MHz, 1593 MHz, 72.89 W, 400.00 W, 44, 0 %, 0x0000000000000000, 9607 MiB
2026/10/08 04:51:33.851, 1140 MHz, 1593 MHz, 72.89 W, 400.00 W, 43, 0 %, 0x0000000000000000, 9607 MiB
2026/10/08 04:51:34.851, 1350 MHz, 1593 MHz, 486.92 W, 400.00 W, 56, 100 %, 0x0000000000000004, 16247 MiB
2026/10/08 04:51:35.852, 1410 MHz, 1593 MHz, 368.70 W, 400.00 W, 59, 100 %, 0x0000000000000000, 16247 MiB
2026/10/08 04:51:36.853, 1410 MHz, 1593 MHz, 385.22 W, 400.00 W, 61, 100 %, 0x0000000000000000, 16247 MiB
2026/10/08 04:51:37.853, 1320 MHz, 1593 MHz, 353.62 W, 400.00 W, 62, 100 %, 0x0000000000000004, 16247 MiB
2026/10/08 04:51:38.854, 1410 MHz, 1593 MHz, 374.18 W, 400.00 W, 61, 100 %, 0x0000000000000000, 16249 MiB
2026/10/08 04:51:39.854, 1410 MHz, 1593 MHz, 370.16 W, 400.00 W, 62, 100 %, 0x0000000000000000, 16249 MiB
2026/10/08 04:51:40.855, 1350 MHz, 1593 MHz, 360.56 W, 400.00 W, 62, 100 %, 0x0000000000000004, 16249 MiB
2026/10/08 04:51:41.856, 1410 MHz, 1593 MHz, 379.87 W, 400.00 W, 62, 100 %, 0x0000000000000000, 16249 MiB
2026/10/08 04:51:42.856, 1395 MHz, 1593 MHz, 392.89 W, 400.00 W, 62, 100 %, 0x0000000000000004, 16249 MiB
2026/10/08 04:51:43.857, 1395 MHz, 1593 MHz, 348.79 W, 400.00 W, 62, 100 %, 0x0000000000000004, 16249 MiB
2026/10/08 04:51:44.858, 1410 MHz, 1593 MHz, 386.42 W, 400.00 W, 62, 100 %, 0x0000000000000000, 16249 MiB
2026/10/08 04:51:45.859, 1395 MHz, 1593 MHz, 370.76 W, 400.00 W, 63, 100 %, 0x0000000000000004, 16249 MiB
2026/10/08 04:51:46.861, 1335 MHz, 1593 MHz, 340.01 W, 400.00 W, 62, 100 %, 0x0000000000000004, 16249 MiB
2026/10/08 04:51:47.861, 1410 MHz, 1593 MHz, 371.73 W, 400.00 W, 62, 100 %, 0x0000000000000000, 16249 MiB
2026/10/08 04:51:48.862, 1410 MHz, 1593 MHz, 372.27 W, 400.00 W, 63, 100 %, 0x0000000000000000, 16249 MiB
2026/10/08 04:51:49.863, 1380 MHz, 1593 MHz, 340.93 W, 400.00 W, 62, 100 %, 0x0000000000000004, 16249 MiB
2026/10/08 04:51:50.863, 1410 MHz, 1593 MHz, 379.28 W, 400.00 W, 63, 100 %, 0x0000000000000000, 16249 MiB
2026/10/08 04:51:51.864, 1395 MHz, 1593 MHz, 389.85 W, 400.00 W, 63, 100 %, 0x0000000000000004, 16249 MiB
2026/10/08 04:51:52.864, 1410 MHz, 1593 MHz, 395.19 W, 400.00 W, 63, 100 %, 0x0000000000000000, 16249 MiB
2026/10/08 04:51:53.865, 1410 MHz, 1593 MHz, 375.25 W, 400.00 W, 63, 100 %, 0x0000000000000000, 16249 MiB
2026/10/08 04:51:54.865, 1410 MHz, 1593 MHz, 375.05 W, 400.00 W, 64, 100 %, 0x0000000000000000, 16249 MiB
2026/10/08 04:51:55.866, 1410 MHz, 1593 MHz, 377.76 W, 400.00 W, 63, 100 %, 0x0000000000000000, 16249 MiB
2026/10/08 04:51:56.867, 1410 MHz, 1593 MHz, 378.68 W, 400.00 W, 63, 100 %, 0x0000000000000000, 16249 MiB
2026/10/08 04:51:57.867, 1410 MHz, 1593 MHz, 381.91 W, 400.00 W, 64, 100 %, 0x0000000000000000, 16249 MiB
2026/10/08 04:51:58.868, 1395 MHz, 1593 MHz, 377.69 W, 400.00 W, 64, 100 %, 0x0000000000000004, 16249 MiB
2026/10/08 04:51:59.868, 1410 MHz, 1593 MHz, 384.62 W, 400.00 W, 64, 100 %, 0x0000000000000000, 16249 MiB
2026/10/08 04:52:00.869, 1410 MHz, 1593 MHz, 391.96 W, 400.00 W, 64, 100 %, 0x0000000000000000, 16249 MiB
2026/10/08 04:52:01.870, 1395 MHz, 1593 MHz, 411.17 W, 400.00 W, 64, 100 %, 0x0000000000000004, 16249 MiB
2026/10/08 04:52:02.870, 1410 MHz, 1593 MHz, 376.56 W, 400.00 W, 64, 100 %, 0x0000000000000000, 16249 MiB
2026/10/08 04:52:03.871, 1410 MHz, 1593 MHz, 385.35 W, 400.00 W, 64, 100 %, 0x0000000000000000, 16249 MiB
2026/10/08 04:52:04.871, 1395 MHz, 1593 MHz, 372.93 W, 400.00 W, 64, 100 %, 0x0000000000000000, 16249 MiB
2026/10/08 04:52:05.873, 1380 MHz, 1593 MHz, 412.37 W, 400.00 W, 63, 100 %, 0x0000000000000004, 16249 MiB
2026/10/08 04:52:06.874, 1395 MHz, 1593 MHz, 354.55 W, 400.00 W, 64, 100 %, 0x0000000000000004, 16249 MiB
2026/10/08 04:52:07.874, 1365 MHz, 1593 MHz, 400.43 W, 400.00 W, 64, 100 %, 0x0000000000000004, 16249 MiB
2026/10/08 04:52:08.875, 1380 MHz, 1593 MHz, 407.27 W, 400.00 W, 63, 100 %, 0x0000000000000004, 16249 MiB
2026/10/08 04:52:09.875, 1380 MHz, 1593 MHz, 367.83 W, 400.00 W, 63, 100 %, 0x0000000000000004, 16249 MiB
2026/10/08 04:52:10.876, 1365 MHz, 1593 MHz, 406.18 W, 400.00 W, 64, 100 %, 0x0000000000000004, 16249 MiB
2026/10/08 04:52:11.876, 1380 MHz, 1593 MHz, 416.92 W, 400.00 W, 64, 100 %, 0x0000000000000004, 16249 MiB
2026/10/08 04:52:12.877, 1380 MHz, 1593 MHz, 351.18 W, 400.00 W, 64, 100 %, 0x0000000000000004, 16249 MiB
2026/10/08 04:52:13.878, 1380 MHz, 1593 MHz, 396.11 W, 400.00 W, 63, 100 %, 0x0000000000000004, 16249 MiB
2026/10/08 04:52:14.879, 1380 MHz, 1593 MHz, 410.25 W, 400.00 W, 64, 100 %, 0x0000000000000004, 16249 MiB
2026/10/08 04:52:15.880, 1365 MHz, 1593 MHz, 356.93 W, 400.00 W, 64, 100 %, 0x0000000000000004, 16249 MiB
2026/10/08 04:52:16.880, 1410 MHz, 1593 MHz, 98.65 W, 400.00 W, 54, 100 %, 0x0000000000000000, 16253 MiB
2026/10/08 04:52:17.951, 1410 MHz, 1593 MHz, 92.29 W, 400.00 W, 48, 0 %, 0x0000000000000000, 9607 MiB
2026/10/08 04:52:18.952, 1410 MHz, 1593 MHz, 91.36 W, 400.00 W, 47, 0 %, 0x0000000000000000, 9607 MiB
2026/10/08 04:52:19.952, 1140 MHz, 1593 MHz, 73.21 W, 400.00 W, 45, 0 %, 0x0000000000000000, 9607 MiB
2026/10/08 04:52:20.954, 1140 MHz, 1593 MHz, 72.61 W, 400.00 W, 44, 0 %, 0x0000000000000000, 9607 MiB
2026/10/08 04:52:21.955, 1410 MHz, 1593 MHz, 264.24 W, 400.00 W, 45, 59 %, 0x0000000000000000, 15247 MiB
2026/10/08 04:52:22.955, 1410 MHz, 1593 MHz, 364.47 W, 400.00 W, 59, 100 %, 0x0000000000000000, 15687 MiB
2026/10/08 04:52:23.956, 1410 MHz, 1593 MHz, 366.59 W, 400.00 W, 60, 100 %, 0x0000000000000000, 15687 MiB
2026/10/08 04:52:24.956, 1410 MHz, 1593 MHz, 378.88 W, 400.00 W, 61, 100 %, 0x0000000000000000, 15687 MiB
2026/10/08 04:52:25.957, 1410 MHz, 1593 MHz, 368.64 W, 400.00 W, 61, 100 %, 0x0000000000000000, 15687 MiB
2026/10/08 04:52:26.957, 1410 MHz, 1593 MHz, 379.80 W, 400.00 W, 62, 100 %, 0x0000000000000000, 15689 MiB
2026/10/08 04:52:27.958, 1395 MHz, 1593 MHz, 371.73 W, 400.00 W, 62, 100 %, 0x0000000000000004, 15689 MiB
2026/10/08 04:52:28.958, 1410 MHz, 1593 MHz, 375.58 W, 400.00 W, 62, 100 %, 0x0000000000000000, 15689 MiB
2026/10/08 04:52:29.959, 1395 MHz, 1593 MHz, 379.01 W, 400.00 W, 62, 100 %, 0x0000000000000004, 15689 MiB
2026/10/08 04:52:30.959, 1410 MHz, 1593 MHz, 387.93 W, 400.00 W, 63, 100 %, 0x0000000000000000, 15689 MiB
2026/10/08 04:52:31.960, 1410 MHz, 1593 MHz, 365.72 W, 400.00 W, 62, 100 %, 0x0000000000000000, 15689 MiB
2026/10/08 04:52:32.960, 1410 MHz, 1593 MHz, 383.71 W, 400.00 W, 63, 100 %, 0x0000000000000000, 15689 MiB
2026/10/08 04:52:33.960, 1395 MHz, 1593 MHz, 379.28 W, 400.00 W, 63, 100 %, 0x0000000000000004, 15689 MiB
2026/10/08 04:52:34.961, 1410 MHz, 1593 MHz, 373.53 W, 400.00 W, 62, 100 %, 0x0000000000000000, 15689 MiB
2026/10/08 04:52:35.961, 1395 MHz, 1593 MHz, 374.18 W, 400.00 W, 63, 100 %, 0x0000000000000004, 15689 MiB
2026/10/08 04:52:36.962, 1410 MHz, 1593 MHz, 366.91 W, 400.00 W, 63, 100 %, 0x0000000000000000, 15689 MiB
2026/10/08 04:52:37.962, 1410 MHz, 1593 MHz, 375.64 W, 400.00 W, 63, 100 %, 0x0000000000000000, 15689 MiB
2026/10/08 04:52:38.963, 1410 MHz, 1593 MHz, 385.02 W, 400.00 W, 63, 100 %, 0x0000000000000000, 15689 MiB
2026/10/08 04:52:39.963, 1395 MHz, 1593 MHz, 377.16 W, 400.00 W, 64, 100 %, 0x0000000000000004, 15689 MiB
2026/10/08 04:52:40.964, 1410 MHz, 1593 MHz, 383.51 W, 400.00 W, 63, 100 %, 0x0000000000000000, 15689 MiB
2026/10/08 04:52:41.964, 1410 MHz, 1593 MHz, 388.34 W, 400.00 W, 64, 100 %, 0x0000000000000000, 15691 MiB
2026/10/08 04:52:42.965, 1410 MHz, 1593 MHz, 402.72 W, 400.00 W, 64, 100 %, 0x0000000000000000, 16271 MiB
2026/10/08 04:52:43.965, 1365 MHz, 1593 MHz, 313.16 W, 400.00 W, 62, 100 %, 0x0000000000000004, 16271 MiB
2026/10/08 04:52:44.966, 1410 MHz, 1593 MHz, 372.66 W, 400.00 W, 63, 100 %, 0x0000000000000000, 16271 MiB
2026/10/08 04:52:45.966, 1395 MHz, 1593 MHz, 387.93 W, 400.00 W, 64, 100 %, 0x0000000000000004, 16271 MiB
2026/10/08 04:52:46.967, 1365 MHz, 1593 MHz, 379.28 W, 400.00 W, 62, 100 %, 0x0000000000000004, 16271 MiB
2026/10/08 04:52:47.968, 1410 MHz, 1593 MHz, 374.78 W, 400.00 W, 64, 100 %, 0x0000000000000000, 16271 MiB
2026/10/08 04:52:48.968, 1395 MHz, 1593 MHz, 393.76 W, 400.00 W, 64, 100 %, 0x0000000000000004, 16271 MiB
2026/10/08 04:52:49.969, 1395 MHz, 1593 MHz, 369.02 W, 400.00 W, 63, 100 %, 0x0000000000000004, 16271 MiB
2026/10/08 04:52:50.969, 1410 MHz, 1593 MHz, 387.73 W, 400.00 W, 63, 100 %, 0x0000000000000000, 16271 MiB
2026/10/08 04:52:51.970, 1410 MHz, 1593 MHz, 380.72 W, 400.00 W, 64, 100 %, 0x0000000000000000, 16271 MiB
2026/10/08 04:52:52.970, 1380 MHz, 1593 MHz, 376.17 W, 400.00 W, 63, 100 %, 0x0000000000000004, 16271 MiB
2026/10/08 04:52:53.971, 1380 MHz, 1593 MHz, 406.62 W, 400.00 W, 63, 100 %, 0x0000000000000004, 16271 MiB
2026/10/08 04:52:54.971, 1395 MHz, 1593 MHz, 406.03 W, 400.00 W, 63, 100 %, 0x0000000000000004, 16271 MiB
2026/10/08 04:52:55.972, 1380 MHz, 1593 MHz, 351.50 W, 400.00 W, 64, 100 %, 0x0000000000000004, 16271 MiB
2026/10/08 04:52:56.972, 1380 MHz, 1593 MHz, 396.52 W, 400.00 W, 64, 100 %, 0x0000000000000004, 16271 MiB
2026/10/08 04:52:57.973, 1380 MHz, 1593 MHz, 406.35 W, 400.00 W, 63, 100 %, 0x0000000000000004, 16271 MiB
2026/10/08 04:52:58.973, 1365 MHz, 1593 MHz, 362.08 W, 400.00 W, 64, 100 %, 0x0000000000000004, 16271 MiB
2026/10/08 04:52:59.974, 1365 MHz, 1593 MHz, 401.02 W, 400.00 W, 64, 100 %, 0x0000000000000004, 16271 MiB
2026/10/08 04:53:00.974, 1380 MHz, 1593 MHz, 415.72 W, 400.00 W, 64, 100 %, 0x0000000000000004, 16271 MiB
2026/10/08 04:53:01.975, 1380 MHz, 1593 MHz, 354.82 W, 400.00 W, 64, 100 %, 0x0000000000000004, 16271 MiB
2026/10/08 04:53:02.975, 1380 MHz, 1593 MHz, 387.06 W, 400.00 W, 63, 100 %, 0x0000000000000004, 16271 MiB
2026/10/08 04:53:03.976, 1410 MHz, 1593 MHz, 375.05 W, 400.00 W, 63, 100 %, 0x0000000000000000, 16275 MiB
2026/10/08 04:53:04.976, 1410 MHz, 1593 MHz, 98.81 W, 400.00 W, 50, 0 %, 0x0000000000000000, 9607 MiB
2026/10/08 04:53:05.977, 1410 MHz, 1593 MHz, 91.60 W, 400.00 W, 47, 0 %, 0x0000000000000000, 9607 MiB
2026/10/08 04:53:06.977, 1140 MHz, 1593 MHz, 73.21 W, 400.00 W, 46, 0 %, 0x0000000000000000, 9607 MiB
2026/10/08 04:53:07.978, 1140 MHz, 1593 MHz, 72.61 W, 400.00 W, 44, 0 %, 0x0000000000000000, 9607 MiB
2026/10/08 04:53:08.978, 1140 MHz, 1593 MHz, 72.28 W, 400.00 W, 44, 0 %, 0x0000000000000000, 9607 MiB
2026/10/08 04:53:09.979, 1410 MHz, 1593 MHz, 89.15 W, 400.00 W, 44, 0 %, 0x0000000000000000, 0 MiB
2026/10/08 04:53:10.979, 1410 MHz, 1593 MHz, 88.88 W, 400.00 W, 43, 0 %, 0x0000000000000001, 0 MiB
2026/10/08 04:53:11.980, 300 MHz, 1593 MHz, 65.65 W, 400.00 W, 42, 0 %, 0x0000000000000001, 0 MiB
2026/10/08 04:53:12.980, 210 MHz, 1593 MHz, 64.99 W, 400.00 W, 41, 0 %, 0x0000000000000001, 0 MiB
2026/10/08 04:53:13.981, 210 MHz, 1593 MHz, 64.73 W, 400.00 W, 41, 0 %, 0x0000000000000001, 0 MiB
2026/10/08 04:53:14.981, 210 MHz, 1593 MHz, 64.73 W, 400.00 W, 40, 0 %, 0x0000000000000001, 0 MiB
2026/10/08 04:53:15.982, 720 MHz, 1593 MHz, 66.18 W, 400.00 W, 40, 0 %, 0x0000000000000001, 4 MiB
2026/10/08 04:53:17.049, 1140 MHz, 1593 MHz, 70.49 W, 400.00 W, 40, 5 %, 0x0000000000000000, 525 MiB
2026/10/08 04:53:18.049, 1140 MHz, 1593 MHz, 70.17 W, 400.00 W, 39, 0 %, 0x0000000000000000, 549 MiB
2026/10/08 04:53:19.050, 1140 MHz, 1593 MHz, 71.01 W, 400.00 W, 39, 0 %, 0x0000000000000000, 549 MiB
2026/10/08 04:53:20.150, 1140 MHz, 1593 MHz, 70.09 W, 400.00 W, 39, 0 %, 0x0000000000000000, 529 MiB
2026/10/08 04:53:21.151, 1140 MHz, 1593 MHz, 69.89 W, 400.00 W, 38, 0 %, 0x0000000000000000, 529 MiB
2026/10/08 04:53:22.151, 1140 MHz, 1593 MHz, 69.82 W, 400.00 W, 38, 0 %, 0x0000000000000000, 529 MiB
2026/10/08 04:53:23.152, 1140 MHz, 1593 MHz, 69.82 W, 400.00 W, 38, 0 %, 0x0000000000000000, 529 MiB
2026/10/08 04:53:24.154, 1140 MHz, 1593 MHz, 69.49 W, 400.00 W, 37, 0 %, 0x0000000000000000, 529 MiB
2026/10/08 04:53:25.155, 1140 MHz, 1593 MHz, 69.49 W, 400.00 W, 37, 0 %, 0x0000000000000000, 529 MiB
2026/10/08 04:53:26.155, 1140 MHz, 1593 MHz, 69.29 W, 400.00 W, 37, 0 %, 0x0000000000000000, 529 MiB
2026/10/08 04:53:27.156, 1140 MHz, 1593 MHz, 69.29 W, 400.00 W, 37, 0 %, 0x0000000000000000, 529 MiB
2026/10/08 04:53:28.156, 1140 MHz, 1593 MHz, 69.22 W, 400.00 W, 37, 0 %, 0x0000000000000000, 529 MiB
2026/10/08 04:53:29.156, 1140 MHz, 1593 MHz, 69.29 W, 400.00 W, 36, 0 %, 0x0000000000000000, 529 MiB
2026/10/08 04:53:30.157, 1140 MHz, 1593 MHz, 69.22 W, 400.00 W, 36, 0 %, 0x0000000000000000, 529 MiB
2026/10/08 04:53:31.158, 1140 MHz, 1593 MHz, 68.90 W, 400.00 W, 36, 0 %, 0x0000000000000000, 529 MiB
2026/10/08 04:53:32.249, 1140 MHz, 1593 MHz, 69.22 W, 400.00 W, 36, 0 %, 0x0000000000000000, 529 MiB
2026/10/08 04:53:33.249, 1140 MHz, 1593 MHz, 69.22 W, 400.00 W, 36, 0 %, 0x0000000000000000, 529 MiB
2026/10/08 04:53:34.250, 1140 MHz, 1593 MHz, 68.90 W, 400.00 W, 36, 0 %, 0x0000000000000000, 529 MiB
2026/10/08 04:53:35.250, 1140 MHz, 1593 MHz, 68.90 W, 400.00 W, 35, 0 %, 0x0000000000000000, 529 MiB
2026/10/08 04:53:36.252, 1140 MHz, 1593 MHz, 68.57 W, 400.00 W, 35, 0 %, 0x0000000000000000, 529 MiB
2026/10/08 04:53:37.253, 1140 MHz, 1593 MHz, 68.57 W, 400.00 W, 35, 0 %, 0x0000000000000000, 529 MiB
2026/10/08 04:53:38.253, 1140 MHz, 1593 MHz, 68.30 W, 400.00 W, 35, 0 %, 0x0000000000000000, 529 MiB
2026/10/08 04:53:39.253, 1140 MHz, 1593 MHz, 68.30 W, 400.00 W, 35, 0 %, 0x0000000000000000, 529 MiB
2026/10/08 04:53:40.254, 1140 MHz, 1593 MHz, 68.30 W, 400.00 W, 35, 0 %, 0x0000000000000000, 529 MiB
2026/10/08 04:53:41.257, 1140 MHz, 1593 MHz, 68.30 W, 400.00 W, 35, 0 %, 0x0000000000000000, 529 MiB
2026/10/08 04:53:42.258, 1140 MHz, 1593 MHz, 68.30 W, 400.00 W, 35, 0 %, 0x0000000000000000, 529 MiB
2026/10/08 04:53:43.258, 1140 MHz, 1593 MHz, 68.30 W, 400.00 W, 34, 0 %, 0x0000000000000000, 529 MiB
2026/10/08 04:53:44.349, 1140 MHz, 1593 MHz, 67.97 W, 400.00 W, 34, 0 %, 0x0000000000000000, 529 MiB
2026/10/08 04:53:45.349, 1140 MHz, 1593 MHz, 67.97 W, 400.00 W, 34, 0 %, 0x0000000000000000, 529 MiB
2026/10/08 04:53:46.350, 1140 MHz, 1593 MHz, 67.97 W, 400.00 W, 34, 0 %, 0x0000000000000000, 529 MiB
2026/10/08 04:53:47.350, 1140 MHz, 1593 MHz, 67.97 W, 400.00 W, 34, 0 %, 0x0000000000000000, 529 MiB
2026/10/08 04:53:48.351, 1140 MHz, 1593 MHz, 67.97 W, 400.00 W, 34, 0 %, 0x0000000000000000, 529 MiB
2026/10/08 04:53:49.351, 1140 MHz, 1593 MHz, 67.97 W, 400.00 W, 34, 0 %, 0x0000000000000000, 529 MiB
2026/10/08 04:53:50.450, 1140 MHz, 1593 MHz, 68.57 W, 400.00 W, 34, 0 %, 0x0000000000000000, 529 MiB
2026/10/08 04:53:51.450, 1140 MHz, 1593 MHz, 68.57 W, 400.00 W, 34, 0 %, 0x0000000000000000, 529 MiB
2026/10/08 04:53:52.453, 1140 MHz, 1593 MHz, 68.90 W, 400.00 W, 34, 0 %, 0x0000000000000000, 529 MiB
2026/10/08 04:53:53.454, 1140 MHz, 1593 MHz, 68.65 W, 400.00 W, 34, 0 %, 0x0000000000000000, 529 MiB
2026/10/08 04:53:54.454, 1140 MHz, 1593 MHz, 68.90 W, 400.00 W, 34, 0 %, 0x0000000000000000, 529 MiB
2026/10/08 04:53:55.454, 1140 MHz, 1593 MHz, 68.90 W, 400.00 W, 34, 0 %, 0x0000000000000000, 529 MiB
2026/10/08 04:53:56.455, 1140 MHz, 1593 MHz, 68.57 W, 400.00 W, 33, 0 %, 0x0000000000000000, 529 MiB
2026/10/08 04:53:57.455, 1140 MHz, 1593 MHz, 68.57 W, 400.00 W, 33, 0 %, 0x0000000000000000, 529 MiB
2026/10/08 04:53:58.456, 1140 MHz, 1593 MHz, 68.57 W, 400.00 W, 33, 0 %, 0x0000000000000000, 529 MiB
2026/10/08 04:53:59.456, 1140 MHz, 1593 MHz, 68.65 W, 400.00 W, 33, 0 %, 0x0000000000000000, 529 MiB
2026/10/08 04:54:00.459, 1140 MHz, 1593 MHz, 68.57 W, 400.00 W, 33, 0 %, 0x0000000000000000, 529 MiB
2026/10/08 04:54:01.460, 1140 MHz, 1593 MHz, 68.57 W, 400.00 W, 33, 0 %, 0x0000000000000000, 529 MiB
2026/10/08 04:54:02.460, 1140 MHz, 1593 MHz, 68.30 W, 400.00 W, 33, 0 %, 0x0000000000000000, 529 MiB
2026/10/08 04:54:03.549, 1140 MHz, 1593 MHz, 68.30 W, 400.00 W, 33, 0 %, 0x0000000000000000, 529 MiB
2026/10/08 04:54:04.549, 1140 MHz, 1593 MHz, 68.30 W, 400.00 W, 33, 0 %, 0x0000000000000000, 529 MiB
2026/10/08 04:54:05.550, 1140 MHz, 1593 MHz, 68.30 W, 400.00 W, 33, 0 %, 0x0000000000000000, 529 MiB
2026/10/08 04:54:06.551, 1140 MHz, 1593 MHz, 68.30 W, 400.00 W, 33, 0 %, 0x0000000000000000, 529 MiB
2026/10/08 04:54:07.552, 1140 MHz, 1593 MHz, 68.30 W, 400.00 W, 33, 0 %, 0x0000000000000000, 529 MiB
2026/10/08 04:54:08.552, 1140 MHz, 1593 MHz, 68.30 W, 400.00 W, 33, 0 %, 0x0000000000000000, 529 MiB
2026/10/08 04:54:09.554, 1140 MHz, 1593 MHz, 68.30 W, 400.00 W, 33, 0 %, 0x0000000000000000, 529 MiB
2026/10/08 04:54:10.555, 1140 MHz, 1593 MHz, 68.30 W, 400.00 W, 33, 0 %, 0x0000000000000000, 529 MiB
2026/10/08 04:54:11.555, 1140 MHz, 1593 MHz, 68.30 W, 400.00 W, 33, 0 %, 0x0000000000000000, 529 MiB
2026/10/08 04:54:12.555, 1140 MHz, 1593 MHz, 68.30 W, 400.00 W, 33, 0 %, 0x0000000000000000, 529 MiB
2026/10/08 04:54:13.556, 1140 MHz, 1593 MHz, 68.30 W, 400.00 W, 33, 0 %, 0x0000000000000000, 529 MiB
2026/10/08 04:54:14.556, 1140 MHz, 1593 MHz, 68.30 W, 400.00 W, 33, 0 %, 0x0000000000000000, 529 MiB
2026/10/08 04:54:15.558, 1140 MHz, 1593 MHz, 68.30 W, 400.00 W, 33, 0 %, 0x0000000000000000, 529 MiB
2026/10/08 04:54:16.559, 1140 MHz, 1593 MHz, 68.30 W, 400.00 W, 33, 0 %, 0x0000000000000000, 529 MiB
2026/10/08 04:54:17.559, 1140 MHz, 1593 MHz, 68.30 W, 400.00 W, 33, 0 %, 0x0000000000000000, 529 MiB
2026/10/08 04:54:18.559, 1140 MHz, 1593 MHz, 68.57 W, 400.00 W, 32, 0 %, 0x0000000000000000, 529 MiB
2026/10/08 04:54:19.560, 1140 MHz, 1593 MHz, 68.57 W, 400.00 W, 32, 0 %, 0x0000000000000000, 529 MiB
2026/10/08 04:54:20.649, 1140 MHz, 1593 MHz, 68.30 W, 400.00 W, 32, 0 %, 0x0000000000000000, 529 MiB
2026/10/08 04:54:21.649, 1140 MHz, 1593 MHz, 68.30 W, 400.00 W, 32, 0 %, 0x0000000000000000, 529 MiB
2026/10/08 04:54:22.650, 1140 MHz, 1593 MHz, 68.30 W, 400.00 W, 32, 0 %, 0x0000000000000000, 529 MiB
2026/10/08 04:54:23.652, 1140 MHz, 1593 MHz, 68.30 W, 400.00 W, 32, 0 %, 0x0000000000000000, 529 MiB
2026/10/08 04:54:24.653, 1140 MHz, 1593 MHz, 68.30 W, 400.00 W, 32, 0 %, 0x0000000000000000, 529 MiB
2026/10/08 04:54:25.653, 1140 MHz, 1593 MHz, 68.30 W, 400.00 W, 32, 0 %, 0x0000000000000000, 529 MiB
2026/10/08 04:54:26.653, 1140 MHz, 1593 MHz, 68.30 W, 400.00 W, 32, 0 %, 0x0000000000000000, 529 MiB
2026/10/08 04:54:27.654, 1140 MHz, 1593 MHz, 68.30 W, 400.00 W, 32, 15 %, 0x0000000000000000, 1299 MiB
2026/10/08 04:54:28.655, 1140 MHz, 1593 MHz, 68.57 W, 400.00 W, 32, 12 %, 0x0000000000000000, 2551 MiB
2026/10/08 04:54:29.657, 1140 MHz, 1593 MHz, 68.57 W, 400.00 W, 32, 20 %, 0x0000000000000000, 4073 MiB
2026/10/08 04:54:30.658, 1140 MHz, 1593 MHz, 68.30 W, 400.00 W, 32, 0 %, 0x0000000000000000, 4073 MiB
2026/10/08 04:54:31.658, 1140 MHz, 1593 MHz, 68.30 W, 400.00 W, 32, 0 %, 0x0000000000000000, 4073 MiB
2026/10/08 04:54:32.660, 1140 MHz, 1593 MHz, 68.57 W, 400.00 W, 32, 5 %, 0x0000000000000000, 4091 MiB
2026/10/08 04:54:33.661, 1140 MHz, 1593 MHz, 67.97 W, 400.00 W, 32, 0 %, 0x0000000000000000, 4091 MiB
2026/10/08 04:54:34.662, 1140 MHz, 1593 MHz, 67.97 W, 400.00 W, 32, 0 %, 0x0000000000000000, 4091 MiB
2026/10/08 04:54:35.662, 1140 MHz, 1593 MHz, 67.97 W, 400.00 W, 32, 0 %, 0x0000000000000000, 4091 MiB
2026/10/08 04:54:36.663, 1140 MHz, 1593 MHz, 67.97 W, 400.00 W, 32, 0 %, 0x0000000000000000, 4091 MiB
2026/10/08 04:54:37.663, 1140 MHz, 1593 MHz, 67.97 W, 400.00 W, 32, 0 %, 0x0000000000000000, 4091 MiB
2026/10/08 04:54:38.664, 1140 MHz, 1593 MHz, 67.97 W, 400.00 W, 32, 0 %, 0x0000000000000000, 4091 MiB
2026/10/08 04:54:39.664, 1140 MHz, 1593 MHz, 68.30 W, 400.00 W, 32, 0 %, 0x0000000000000000, 4091 MiB
2026/10/08 04:54:40.665, 1140 MHz, 1593 MHz, 68.30 W, 400.00 W, 32, 0 %, 0x0000000000000000, 4091 MiB
2026/10/08 04:54:41.665, 1140 MHz, 1593 MHz, 68.30 W, 400.00 W, 32, 0 %, 0x0000000000000000, 4091 MiB
2026/10/08 04:54:42.666, 1140 MHz, 1593 MHz, 67.97 W, 400.00 W, 32, 0 %, 0x0000000000000000, 4091 MiB
2026/10/08 04:54:43.750, 1140 MHz, 1593 MHz, 67.97 W, 400.00 W, 32, 0 %, 0x0000000000000000, 4091 MiB
2026/10/08 04:54:44.751, 1140 MHz, 1593 MHz, 67.97 W, 400.00 W, 32, 0 %, 0x0000000000000000, 4091 MiB
2026/10/08 04:54:45.752, 1140 MHz, 1593 MHz, 67.97 W, 400.00 W, 32, 0 %, 0x0000000000000000, 4091 MiB
2026/10/08 04:54:46.753, 1140 MHz, 1593 MHz, 67.97 W, 400.00 W, 32, 0 %, 0x0000000000000000, 4091 MiB
2026/10/08 04:54:47.754, 1140 MHz, 1593 MHz, 69.82 W, 400.00 W, 32, 1 %, 0x0000000000000000, 6023 MiB
2026/10/08 04:54:48.754, 1140 MHz, 1593 MHz, 67.97 W, 400.00 W, 32, 0 %, 0x0000000000000000, 8163 MiB
2026/10/08 04:54:49.755, 1140 MHz, 1593 MHz, 67.97 W, 400.00 W, 32, 16 %, 0x0000000000000000, 8163 MiB
2026/10/08 04:54:50.755, 1140 MHz, 1593 MHz, 67.70 W, 400.00 W, 32, 0 %, 0x0000000000000000, 8163 MiB
2026/10/08 04:54:51.756, 1410 MHz, 1593 MHz, 378.29 W, 400.00 W, 48, 100 %, 0x0000000000000000, 8165 MiB
2026/10/08 04:54:52.757, 1410 MHz, 1593 MHz, 400.61 W, 400.00 W, 50, 100 %, 0x0000000000000000, 8365 MiB
2026/10/08 04:54:53.759, 1395 MHz, 1593 MHz, 401.20 W, 400.00 W, 52, 100 %, 0x0000000000000004, 8365 MiB
2026/10/08 04:54:54.760, 1410 MHz, 1593 MHz, 369.56 W, 400.00 W, 52, 100 %, 0x0000000000000000, 8625 MiB
2026/10/08 04:54:55.761, 1380 MHz, 1593 MHz, 398.82 W, 400.00 W, 54, 100 %, 0x0000000000000004, 8625 MiB
2026/10/08 04:54:56.761, 1380 MHz, 1593 MHz, 416.32 W, 400.00 W, 51, 67 %, 0x0000000000000004, 8625 MiB
2026/10/08 04:54:57.762, 1395 MHz, 1593 MHz, 396.98 W, 400.00 W, 54, 100 %, 0x0000000000000004, 8625 MiB
2026/10/08 04:54:58.762, 1410 MHz, 1593 MHz, 87.63 W, 400.00 W, 39, 0 %, 0x0000000000000000, 8625 MiB
2026/10/08 04:54:59.763, 1395 MHz, 1593 MHz, 394.78 W, 400.00 W, 54, 100 %, 0x0000000000000004, 8625 MiB
2026/10/08 04:55:00.763, 1395 MHz, 1593 MHz, 382.18 W, 400.00 W, 54, 100 %, 0x0000000000000004, 8625 MiB
2026/10/08 04:55:01.763, 1380 MHz, 1593 MHz, 390.36 W, 400.00 W, 56, 100 %, 0x0000000000000004, 9165 MiB
2026/10/08 04:55:02.764, 1395 MHz, 1593 MHz, 415.08 W, 400.00 W, 56, 100 %, 0x0000000000000004, 9165 MiB
2026/10/08 04:55:03.765, 1395 MHz, 1593 MHz, 420.23 W, 400.00 W, 57, 100 %, 0x0000000000000004, 9225 MiB
2026/10/08 04:55:04.765, 1395 MHz, 1593 MHz, 382.51 W, 400.00 W, 57, 100 %, 0x0000000000000004, 9225 MiB
2026/10/08 04:55:05.766, 1380 MHz, 1593 MHz, 367.45 W, 400.00 W, 58, 100 %, 0x0000000000000004, 9225 MiB
2026/10/08 04:55:06.766, 1380 MHz, 1593 MHz, 368.92 W, 400.00 W, 58, 100 %, 0x0000000000000004, 9225 MiB
2026/10/08 04:55:07.767, 1395 MHz, 1593 MHz, 373.14 W, 400.00 W, 58, 100 %, 0x0000000000000004, 9225 MiB
2026/10/08 04:55:08.767, 1380 MHz, 1593 MHz, 398.49 W, 400.00 W, 58, 100 %, 0x0000000000000004, 9225 MiB
2026/10/08 04:55:09.767, 1410 MHz, 1593 MHz, 88.22 W, 400.00 W, 43, 0 %, 0x0000000000000000, 10289 MiB
2026/10/08 04:55:10.768, 1410 MHz, 1593 MHz, 88.22 W, 400.00 W, 41, 0 %, 0x0000000000000000, 11331 MiB
2026/10/08 04:55:11.768, 1140 MHz, 1593 MHz, 70.09 W, 400.00 W, 42, 0 %, 0x0000000000000000, 12041 MiB
2026/10/08 04:55:12.769, 1410 MHz, 1593 MHz, 347.24 W, 400.00 W, 53, 99 %, 0x0000000000000000, 12041 MiB
2026/10/08 04:55:13.769, 1410 MHz, 1593 MHz, 390.36 W, 400.00 W, 55, 99 %, 0x0000000000000000, 12041 MiB
2026/10/08 04:55:14.770, 1410 MHz, 1593 MHz, 396.11 W, 400.00 W, 57, 100 %, 0x0000000000000000, 12041 MiB
2026/10/08 04:55:15.771, 1410 MHz, 1593 MHz, 396.71 W, 400.00 W, 57, 100 %, 0x0000000000000000, 12041 MiB
2026/10/08 04:55:16.771, 1410 MHz, 1593 MHz, 398.22 W, 400.00 W, 58, 100 %, 0x0000000000000000, 12041 MiB
2026/10/08 04:55:17.772, 1395 MHz, 1593 MHz, 400.93 W, 400.00 W, 58, 100 %, 0x0000000000000004, 12041 MiB
2026/10/08 04:55:18.772, 1410 MHz, 1593 MHz, 384.95 W, 400.00 W, 59, 100 %, 0x0000000000000000, 12041 MiB
2026/10/08 04:55:19.773, 1395 MHz, 1593 MHz, 377.10 W, 400.00 W, 58, 100 %, 0x0000000000000000, 12041 MiB
2026/10/08 04:55:20.774, 1410 MHz, 1593 MHz, 416.59 W, 400.00 W, 58, 95 %, 0x0000000000000000, 12501 MiB
2026/10/08 04:55:21.774, 1410 MHz, 1593 MHz, 89.38 W, 400.00 W, 43, 49 %, 0x0000000000000000, 8855 MiB
2026/10/08 04:55:22.850, 1410 MHz, 1593 MHz, 87.35 W, 400.00 W, 41, 0 %, 0x0000000000000000, 8855 MiB
2026/10/08 04:55:23.851, 1140 MHz, 1593 MHz, 70.09 W, 400.00 W, 40, 0 %, 0x0000000000000000, 8855 MiB
2026/10/08 04:55:24.851, 1140 MHz, 1593 MHz, 69.82 W, 400.00 W, 39, 0 %, 0x0000000000000000, 8855 MiB
2026/10/08 04:55:25.852, 1140 MHz, 1593 MHz, 70.09 W, 400.00 W, 38, 39 %, 0x0000000000000000, 9173 MiB
2026/10/08 04:55:26.852, 1395 MHz, 1593 MHz, 405.33 W, 400.00 W, 55, 100 %, 0x0000000000000004, 11953 MiB
2026/10/08 04:55:27.853, 1380 MHz, 1593 MHz, 401.80 W, 400.00 W, 56, 100 %, 0x0000000000000004, 12357 MiB
2026/10/08 04:55:28.853, 1380 MHz, 1593 MHz, 404.24 W, 400.00 W, 57, 100 %, 0x0000000000000004, 12357 MiB
2026/10/08 04:55:29.854, 1395 MHz, 1593 MHz, 398.49 W, 400.00 W, 57, 100 %, 0x0000000000000004, 12357 MiB
2026/10/08 04:55:30.854, 1380 MHz, 1593 MHz, 402.03 W, 400.00 W, 58, 100 %, 0x0000000000000004, 12357 MiB
2026/10/08 04:55:31.855, 1395 MHz, 1593 MHz, 403.64 W, 400.00 W, 59, 100 %, 0x0000000000000004, 12357 MiB
2026/10/08 04:55:32.856, 1380 MHz, 1593 MHz, 421.30 W, 400.00 W, 59, 100 %, 0x0000000000000004, 12359 MiB
2026/10/08 04:55:33.856, 1395 MHz, 1593 MHz, 378.01 W, 400.00 W, 59, 100 %, 0x0000000000000004, 12379 MiB
2026/10/08 04:55:34.876, 1395 MHz, 1593 MHz, 370.43 W, 400.00 W, 59, 100 %, 0x0000000000000004, 12499 MiB
2026/10/08 04:55:35.876, 1380 MHz, 1593 MHz, 407.86 W, 400.00 W, 60, 100 %, 0x0000000000000004, 12499 MiB
2026/10/08 04:55:36.877, 1395 MHz, 1593 MHz, 393.07 W, 400.00 W, 60, 100 %, 0x0000000000000004, 12499 MiB
2026/10/08 04:55:37.877, 1380 MHz, 1593 MHz, 391.56 W, 400.00 W, 60, 100 %, 0x0000000000000004, 12499 MiB
2026/10/08 04:55:38.878, 1380 MHz, 1593 MHz, 411.77 W, 400.00 W, 60, 100 %, 0x0000000000000004, 12499 MiB
2026/10/08 04:55:39.878, 1380 MHz, 1593 MHz, 381.91 W, 400.00 W, 60, 100 %, 0x0000000000000004, 12499 MiB
2026/10/08 04:55:40.879, 1380 MHz, 1593 MHz, 402.12 W, 400.00 W, 61, 100 %, 0x0000000000000004, 12499 MiB
2026/10/08 04:55:41.880, 1395 MHz, 1593 MHz, 389.18 W, 400.00 W, 61, 100 %, 0x0000000000000004, 12499 MiB
2026/10/08 04:55:42.880, 1380 MHz, 1593 MHz, 392.75 W, 400.00 W, 62, 100 %, 0x0000000000000004, 13279 MiB
2026/10/08 04:55:43.881, 1395 MHz, 1593 MHz, 393.35 W, 400.00 W, 61, 100 %, 0x0000000000000004, 13279 MiB
2026/10/08 04:55:44.881, 1395 MHz, 1593 MHz, 396.71 W, 400.00 W, 61, 100 %, 0x0000000000000004, 13279 MiB
2026/10/08 04:55:45.882, 1395 MHz, 1593 MHz, 392.16 W, 400.00 W, 61, 100 %, 0x0000000000000004, 13279 MiB
2026/10/08 04:55:46.882, 1395 MHz, 1593 MHz, 406.62 W, 400.00 W, 61, 100 %, 0x0000000000000004, 13279 MiB
2026/10/08 04:55:47.883, 1395 MHz, 1593 MHz, 392.16 W, 400.00 W, 61, 100 %, 0x0000000000000004, 13279 MiB
2026/10/08 04:55:48.883, 1395 MHz, 1593 MHz, 392.75 W, 400.00 W, 62, 100 %, 0x0000000000000004, 13279 MiB
2026/10/08 04:55:49.883, 1395 MHz, 1593 MHz, 393.67 W, 400.00 W, 62, 100 %, 0x0000000000000004, 13281 MiB
2026/10/08 04:55:50.884, 1410 MHz, 1593 MHz, 90.99 W, 400.00 W, 47, 0 %, 0x0000000000000000, 11441 MiB
2026/10/08 04:55:51.951, 1410 MHz, 1593 MHz, 90.99 W, 400.00 W, 45, 0 %, 0x0000000000000000, 8913 MiB
2026/10/08 04:55:52.953, 1140 MHz, 1593 MHz, 89.75 W, 400.00 W, 43, 0 %, 0x0000000000000000, 8913 MiB
2026/10/08 04:55:53.955, 1140 MHz, 1593 MHz, 71.34 W, 400.00 W, 42, 0 %, 0x0000000000000000, 8913 MiB
2026/10/08 04:55:54.956, 1380 MHz, 1593 MHz, 293.53 W, 400.00 W, 51, 60 %, 0x0000000000000004, 13393 MiB
2026/10/08 04:55:55.956, 1380 MHz, 1593 MHz, 388.26 W, 400.00 W, 59, 100 %, 0x0000000000000004, 13393 MiB
2026/10/08 04:55:56.957, 1380 MHz, 1593 MHz, 379.80 W, 400.00 W, 60, 100 %, 0x0000000000000004, 13397 MiB
2026/10/08 04:55:57.957, 1365 MHz, 1593 MHz, 406.95 W, 400.00 W, 61, 100 %, 0x0000000000000004, 13397 MiB
2026/10/08 04:55:58.958, 1395 MHz, 1593 MHz, 363.82 W, 400.00 W, 61, 100 %, 0x0000000000000004, 13397 MiB
2026/10/08 04:55:59.959, 1380 MHz, 1593 MHz, 367.12 W, 400.00 W, 61, 100 %, 0x0000000000000004, 13397 MiB
2026/10/08 04:56:00.960, 1380 MHz, 1593 MHz, 389.18 W, 400.00 W, 62, 100 %, 0x0000000000000004, 13397 MiB
2026/10/08 04:56:01.960, 1350 MHz, 1593 MHz, 418.70 W, 400.00 W, 62, 100 %, 0x0000000000000004, 13397 MiB
2026/10/08 04:56:02.961, 1365 MHz, 1593 MHz, 395.78 W, 400.00 W, 63, 100 %, 0x0000000000000004, 13397 MiB
2026/10/08 04:56:03.961, 1380 MHz, 1593 MHz, 389.45 W, 400.00 W, 62, 100 %, 0x0000000000000004, 13557 MiB
2026/10/08 04:56:04.962, 1380 MHz, 1593 MHz, 399.09 W, 400.00 W, 63, 100 %, 0x0000000000000004, 13597 MiB
2026/10/08 04:56:05.962, 1395 MHz, 1593 MHz, 399.09 W, 400.00 W, 63, 100 %, 0x0000000000000004, 13597 MiB
2026/10/08 04:56:06.963, 1380 MHz, 1593 MHz, 400.61 W, 400.00 W, 63, 100 %, 0x0000000000000004, 13597 MiB
2026/10/08 04:56:07.965, 1380 MHz, 1593 MHz, 405.76 W, 400.00 W, 63, 100 %, 0x0000000000000004, 13597 MiB
2026/10/08 04:56:08.965, 1335 MHz, 1593 MHz, 378.29 W, 400.00 W, 63, 100 %, 0x0000000000000004, 13597 MiB
2026/10/08 04:56:09.966, 1380 MHz, 1593 MHz, 399.68 W, 400.00 W, 64, 100 %, 0x0000000000000004, 13597 MiB
2026/10/08 04:56:10.967, 1395 MHz, 1593 MHz, 406.62 W, 400.00 W, 64, 100 %, 0x0000000000000004, 13597 MiB
2026/10/08 04:56:11.967, 1380 MHz, 1593 MHz, 405.16 W, 400.00 W, 64, 100 %, 0x0000000000000004, 13597 MiB
2026/10/08 04:56:12.968, 1395 MHz, 1593 MHz, 394.60 W, 400.00 W, 63, 100 %, 0x0000000000000004, 13757 MiB
2026/10/08 04:56:13.968, 1395 MHz, 1593 MHz, 385.55 W, 400.00 W, 62, 100 %, 0x0000000000000004, 13757 MiB
2026/10/08 04:56:14.969, 1395 MHz, 1593 MHz, 380.08 W, 400.00 W, 63, 100 %, 0x0000000000000004, 13757 MiB
2026/10/08 04:56:15.970, 1395 MHz, 1593 MHz, 382.51 W, 400.00 W, 63, 100 %, 0x0000000000000004, 13757 MiB
2026/10/08 04:56:16.972, 1395 MHz, 1593 MHz, 393.67 W, 400.00 W, 63, 100 %, 0x0000000000000004, 13757 MiB
2026/10/08 04:56:17.972, 1395 MHz, 1593 MHz, 389.18 W, 400.00 W, 63, 100 %, 0x0000000000000004, 13757 MiB
2026/10/08 04:56:18.973, 1395 MHz, 1593 MHz, 398.82 W, 400.00 W, 64, 100 %, 0x0000000000000004, 13757 MiB
2026/10/08 04:56:19.974, 1410 MHz, 1593 MHz, 93.71 W, 400.00 W, 50, 0 %, 0x0000000000000000, 13759 MiB
2026/10/08 04:56:21.052, 1410 MHz, 1593 MHz, 91.26 W, 400.00 W, 47, 0 %, 0x0000000000000000, 8893 MiB
2026/10/08 04:56:22.053, 1410 MHz, 1593 MHz, 90.16 W, 400.00 W, 46, 0 %, 0x0000000000000000, 8893 MiB
2026/10/08 04:56:23.053, 1140 MHz, 1593 MHz, 72.21 W, 400.00 W, 44, 0 %, 0x0000000000000000, 8893 MiB
2026/10/08 04:56:24.054, 1140 MHz, 1593 MHz, 72.01 W, 400.00 W, 43, 0 %, 0x0000000000000000, 8653 MiB
2026/10/08 04:56:25.055, 1395 MHz, 1593 MHz, 360.56 W, 400.00 W, 58, 100 %, 0x0000000000000004, 12553 MiB
2026/10/08 04:56:26.055, 1380 MHz, 1593 MHz, 400.02 W, 400.00 W, 61, 100 %, 0x0000000000000004, 12557 MiB
2026/10/08 04:56:27.056, 1395 MHz, 1593 MHz, 400.93 W, 400.00 W, 62, 100 %, 0x0000000000000004, 12559 MiB
2026/10/08 04:56:28.057, 1365 MHz, 1593 MHz, 363.50 W, 400.00 W, 62, 100 %, 0x0000000000000004, 12559 MiB
2026/10/08 04:56:29.057, 1380 MHz, 1593 MHz, 384.03 W, 400.00 W, 63, 100 %, 0x0000000000000004, 13359 MiB
2026/10/08 04:56:30.058, 1395 MHz, 1593 MHz, 397.90 W, 400.00 W, 63, 100 %, 0x0000000000000004, 13359 MiB
2026/10/08 04:56:31.059, 1365 MHz, 1593 MHz, 400.02 W, 400.00 W, 63, 100 %, 0x0000000000000004, 13359 MiB
2026/10/08 04:56:32.059, 1395 MHz, 1593 MHz, 412.69 W, 400.00 W, 63, 100 %, 0x0000000000000004, 13359 MiB
2026/10/08 04:56:33.060, 1365 MHz, 1593 MHz, 398.49 W, 400.00 W, 64, 100 %, 0x0000000000000004, 13359 MiB
2026/10/08 04:56:34.060, 1380 MHz, 1593 MHz, 408.14 W, 400.00 W, 64, 100 %, 0x0000000000000004, 13359 MiB
2026/10/08 04:56:35.061, 1365 MHz, 1593 MHz, 397.90 W, 400.00 W, 64, 100 %, 0x0000000000000004, 13359 MiB
2026/10/08 04:56:36.063, 1365 MHz, 1593 MHz, 394.60 W, 400.00 W, 64, 100 %, 0x0000000000000004, 13359 MiB
2026/10/08 04:56:37.063, 1395 MHz, 1593 MHz, 372.27 W, 400.00 W, 64, 100 %, 0x0000000000000004, 13359 MiB
2026/10/08 04:56:38.064, 1365 MHz, 1593 MHz, 414.48 W, 400.00 W, 64, 100 %, 0x0000000000000004, 13359 MiB
2026/10/08 04:56:39.065, 1380 MHz, 1593 MHz, 401.53 W, 400.00 W, 64, 100 %, 0x0000000000000004, 13359 MiB
2026/10/08 04:56:40.065, 1350 MHz, 1593 MHz, 439.24 W, 400.00 W, 64, 100 %, 0x0000000000000004, 13359 MiB
2026/10/08 04:56:41.066, 1380 MHz, 1593 MHz, 416.92 W, 400.00 W, 65, 100 %, 0x0000000000000004, 13359 MiB
2026/10/08 04:56:42.066, 1395 MHz, 1593 MHz, 390.45 W, 400.00 W, 64, 100 %, 0x0000000000000004, 13779 MiB
2026/10/08 04:56:43.067, 1395 MHz, 1593 MHz, 391.69 W, 400.00 W, 64, 100 %, 0x0000000000000004, 13779 MiB
2026/10/08 04:56:44.068, 1395 MHz, 1593 MHz, 399.42 W, 400.00 W, 64, 100 %, 0x0000000000000004, 13779 MiB
2026/10/08 04:56:45.069, 1410 MHz, 1593 MHz, 398.22 W, 400.00 W, 64, 100 %, 0x0000000000000000, 13779 MiB
2026/10/08 04:56:46.070, 1395 MHz, 1593 MHz, 397.58 W, 400.00 W, 64, 100 %, 0x0000000000000004, 13779 MiB
2026/10/08 04:56:47.070, 1395 MHz, 1593 MHz, 394.60 W, 400.00 W, 64, 100 %, 0x0000000000000004, 13779 MiB
2026/10/08 04:56:48.071, 1395 MHz, 1593 MHz, 390.96 W, 400.00 W, 64, 100 %, 0x0000000000000004, 13779 MiB
2026/10/08 04:56:49.072, 1410 MHz, 1593 MHz, 178.62 W, 400.00 W, 59, 100 %, 0x0000000000000000, 13779 MiB
2026/10/08 04:56:50.072, 1410 MHz, 1593 MHz, 93.11 W, 400.00 W, 49, 41 %, 0x0000000000000000, 8913 MiB
2026/10/08 04:56:51.149, 1140 MHz, 1593 MHz, 73.73 W, 400.00 W, 46, 0 %, 0x0000000000000000, 8913 MiB
2026/10/08 04:56:52.150, 1140 MHz, 1593 MHz, 73.13 W, 400.00 W, 45, 0 %, 0x0000000000000000, 8913 MiB
2026/10/08 04:56:53.151, 1140 MHz, 1593 MHz, 72.53 W, 400.00 W, 44, 0 %, 0x0000000000000000, 8913 MiB
2026/10/08 04:56:54.153, 1140 MHz, 1593 MHz, 72.21 W, 400.00 W, 44, 0 %, 0x0000000000000000, 8913 MiB
2026/10/08 04:56:55.154, 1140 MHz, 1593 MHz, 72.28 W, 400.00 W, 43, 0 %, 0x0000000000000000, 7213 MiB
2026/10/08 04:56:56.155, 1395 MHz, 1593 MHz, 378.88 W, 400.00 W, 59, 100 %, 0x0000000000000004, 12773 MiB
2026/10/08 04:56:57.156, 1380 MHz, 1593 MHz, 400.02 W, 400.00 W, 61, 100 %, 0x0000000000000004, 12777 MiB
2026/10/08 04:56:58.157, 1365 MHz, 1593 MHz, 385.62 W, 400.00 W, 62, 100 %, 0x0000000000000004, 12777 MiB
2026/10/08 04:56:59.159, 1290 MHz, 1593 MHz, 358.12 W, 400.00 W, 62, 100 %, 0x0000000000000004, 13957 MiB
2026/10/08 04:57:00.159, 1365 MHz, 1593 MHz, 412.37 W, 400.00 W, 63, 100 %, 0x0000000000000004, 13957 MiB
2026/10/08 04:57:01.160, 1380 MHz, 1593 MHz, 390.04 W, 400.00 W, 62, 100 %, 0x0000000000000004, 14837 MiB
2026/10/08 04:57:02.160, 1380 MHz, 1593 MHz, 401.02 W, 400.00 W, 64, 100 %, 0x0000000000000004, 14837 MiB
2026/10/08 04:57:03.161, 1395 MHz, 1593 MHz, 395.78 W, 400.00 W, 63, 100 %, 0x0000000000000004, 14837 MiB
2026/10/08 04:57:04.162, 1380 MHz, 1593 MHz, 402.72 W, 400.00 W, 64, 100 %, 0x0000000000000004, 14837 MiB
2026/10/08 04:57:05.162, 1395 MHz, 1593 MHz, 394.87 W, 400.00 W, 64, 100 %, 0x0000000000000004, 14837 MiB
2026/10/08 04:57:06.164, 1335 MHz, 1593 MHz, 433.82 W, 400.00 W, 64, 100 %, 0x0000000000000004, 14837 MiB
2026/10/08 04:57:07.164, 1365 MHz, 1593 MHz, 399.83 W, 400.00 W, 64, 100 %, 0x0000000000000004, 14837 MiB
2026/10/08 04:57:08.165, 1350 MHz, 1593 MHz, 354.55 W, 400.00 W, 63, 100 %, 0x0000000000000004, 14837 MiB
2026/10/08 04:57:09.165, 1365 MHz, 1593 MHz, 380.47 W, 400.00 W, 65, 100 %, 0x0000000000000004, 14837 MiB
2026/10/08 04:57:10.166, 1380 MHz, 1593 MHz, 402.45 W, 400.00 W, 64, 100 %, 0x0000000000000004, 14837 MiB
2026/10/08 04:57:11.168, 1380 MHz, 1593 MHz, 413.61 W, 400.00 W, 65, 100 %, 0x0000000000000004, 14837 MiB
2026/10/08 04:57:12.169, 1380 MHz, 1593 MHz, 415.08 W, 400.00 W, 65, 100 %, 0x0000000000000004, 14837 MiB
2026/10/08 04:57:13.170, 1410 MHz, 1593 MHz, 118.46 W, 400.00 W, 57, 60 %, 0x0000000000000000, 14851 MiB
2026/10/08 04:57:14.170, 1395 MHz, 1593 MHz, 396.71 W, 400.00 W, 64, 100 %, 0x0000000000000004, 8943 MiB
2026/10/08 04:57:15.171, 1395 MHz, 1593 MHz, 394.00 W, 400.00 W, 64, 100 %, 0x0000000000000004, 8943 MiB
2026/10/08 04:57:16.172, 1395 MHz, 1593 MHz, 394.41 W, 400.00 W, 64, 100 %, 0x0000000000000004, 8943 MiB
2026/10/08 04:57:17.172, 1395 MHz, 1593 MHz, 390.77 W, 400.00 W, 64, 100 %, 0x0000000000000004, 8943 MiB
2026/10/08 04:57:18.173, 1395 MHz, 1593 MHz, 392.30 W, 400.00 W, 65, 100 %, 0x0000000000000004, 8943 MiB
2026/10/08 04:57:19.174, 1395 MHz, 1593 MHz, 400.02 W, 400.00 W, 64, 100 %, 0x0000000000000004, 8943 MiB
2026/10/08 04:57:20.175, 1395 MHz, 1593 MHz, 400.61 W, 400.00 W, 65, 100 %, 0x0000000000000004, 8943 MiB
2026/10/08 04:57:21.176, 1410 MHz, 1593 MHz, 95.00 W, 400.00 W, 51, 0 %, 0x0000000000000000, 12609 MiB
2026/10/08 04:57:22.252, 1410 MHz, 1593 MHz, 91.96 W, 400.00 W, 48, 0 %, 0x0000000000000000, 9303 MiB
2026/10/08 04:57:23.253, 1140 MHz, 1593 MHz, 90.99 W, 400.00 W, 47, 0 %, 0x0000000000000000, 9303 MiB
2026/10/08 04:57:24.254, 1140 MHz, 1593 MHz, 72.81 W, 400.00 W, 45, 0 %, 0x0000000000000000, 9303 MiB
2026/10/08 04:57:25.254, 1140 MHz, 1593 MHz, 72.61 W, 400.00 W, 44, 0 %, 0x0000000000000000, 9303 MiB
2026/10/08 04:57:26.257, 1140 MHz, 1593 MHz, 72.21 W, 400.00 W, 43, 0 %, 0x0000000000000000, 9303 MiB
2026/10/08 04:57:27.258, 1395 MHz, 1593 MHz, 392.57 W, 400.00 W, 58, 100 %, 0x0000000000000004, 14383 MiB
2026/10/08 04:57:28.259, 1365 MHz, 1593 MHz, 393.07 W, 400.00 W, 61, 100 %, 0x0000000000000004, 14387 MiB
2026/10/08 04:57:29.260, 1395 MHz, 1593 MHz, 402.72 W, 400.00 W, 62, 100 %, 0x0000000000000004, 14387 MiB
2026/10/08 04:57:30.260, 1380 MHz, 1593 MHz, 393.07 W, 400.00 W, 62, 100 %, 0x0000000000000004, 15787 MiB
2026/10/08 04:57:31.261, 1395 MHz, 1593 MHz, 397.58 W, 400.00 W, 62, 100 %, 0x0000000000000004, 15787 MiB
2026/10/08 04:57:32.262, 1305 MHz, 1593 MHz, 383.43 W, 400.00 W, 63, 100 %, 0x0000000000000004, 15787 MiB
2026/10/08 04:57:33.263, 1380 MHz, 1593 MHz, 406.35 W, 400.00 W, 63, 100 %, 0x0000000000000004, 15787 MiB
2026/10/08 04:57:34.263, 1365 MHz, 1593 MHz, 365.72 W, 400.00 W, 62, 100 %, 0x0000000000000004, 15787 MiB
2026/10/08 04:57:35.264, 1365 MHz, 1593 MHz, 402.54 W, 400.00 W, 63, 100 %, 0x0000000000000004, 15787 MiB
2026/10/08 04:57:36.264, 1290 MHz, 1593 MHz, 502.57 W, 400.00 W, 62, 100 %, 0x0000000000000004, 15787 MiB
2026/10/08 04:57:37.265, 1365 MHz, 1593 MHz, 398.82 W, 400.00 W, 63, 100 %, 0x0000000000000004, 15787 MiB
2026/10/08 04:57:38.267, 1395 MHz, 1593 MHz, 404.83 W, 400.00 W, 64, 100 %, 0x0000000000000004, 15787 MiB
2026/10/08 04:57:39.268, 1365 MHz, 1593 MHz, 392.16 W, 400.00 W, 64, 100 %, 0x0000000000000004, 15787 MiB
2026/10/08 04:57:40.270, 1395 MHz, 1593 MHz, 389.18 W, 400.00 W, 64, 100 %, 0x0000000000000004, 15787 MiB
2026/10/08 04:57:41.272, 1395 MHz, 1593 MHz, 394.60 W, 400.00 W, 63, 100 %, 0x0000000000000004, 15787 MiB
2026/10/08 04:57:42.272, 1365 MHz, 1593 MHz, 408.46 W, 400.00 W, 64, 100 %, 0x0000000000000004, 15787 MiB
2026/10/08 04:57:43.273, 1380 MHz, 1593 MHz, 97.03 W, 400.00 W, 53, 100 %, 0x0000000000000000, 15787 MiB
2026/10/08 04:57:44.273, 1395 MHz, 1593 MHz, 391.56 W, 400.00 W, 63, 100 %, 0x0000000000000004, 15787 MiB
2026/10/08 04:57:45.274, 1365 MHz, 1593 MHz, 394.27 W, 400.00 W, 64, 100 %, 0x0000000000000004, 15787 MiB
2026/10/08 04:57:46.275, 1395 MHz, 1593 MHz, 395.46 W, 400.00 W, 63, 100 %, 0x0000000000000004, 15787 MiB
2026/10/08 04:57:47.275, 1395 MHz, 1593 MHz, 409.98 W, 400.00 W, 63, 100 %, 0x0000000000000004, 15787 MiB
2026/10/08 04:57:48.276, 1410 MHz, 1593 MHz, 398.22 W, 400.00 W, 64, 100 %, 0x0000000000000000, 15787 MiB
2026/10/08 04:57:49.276, 1395 MHz, 1593 MHz, 399.09 W, 400.00 W, 64, 100 %, 0x0000000000000004, 15787 MiB
2026/10/08 04:57:50.277, 1395 MHz, 1593 MHz, 411.00 W, 400.00 W, 64, 100 %, 0x0000000000000004, 15787 MiB
2026/10/08 04:57:51.278, 1395 MHz, 1593 MHz, 393.48 W, 400.00 W, 64, 100 %, 0x0000000000000004, 15787 MiB
2026/10/08 04:57:52.279, 1395 MHz, 1593 MHz, 389.45 W, 400.00 W, 64, 100 %, 0x0000000000000004, 15787 MiB
2026/10/08 04:57:53.280, 1410 MHz, 1593 MHz, 93.98 W, 400.00 W, 50, 0 %, 0x0000000000000000, 15789 MiB
2026/10/08 04:57:54.349, 1410 MHz, 1593 MHz, 91.86 W, 400.00 W, 47, 0 %, 0x0000000000000000, 9323 MiB
2026/10/08 04:57:55.350, 1410 MHz, 1593 MHz, 90.99 W, 400.00 W, 46, 0 %, 0x0000000000000000, 9323 MiB
2026/10/08 04:57:56.350, 1140 MHz, 1593 MHz, 73.13 W, 400.00 W, 44, 0 %, 0x0000000000000000, 9323 MiB
2026/10/08 04:57:57.352, 1140 MHz, 1593 MHz, 72.21 W, 400.00 W, 43, 0 %, 0x0000000000000000, 9323 MiB
2026/10/08 04:57:58.353, 1140 MHz, 1593 MHz, 72.28 W, 400.00 W, 42, 0 %, 0x0000000000000000, 9323 MiB
2026/10/08 04:57:59.450, 1380 MHz, 1593 MHz, 338.79 W, 400.00 W, 56, 100 %, 0x0000000000000004, 15323 MiB
2026/10/08 04:58:00.455, 1365 MHz, 1593 MHz, 373.46 W, 400.00 W, 60, 100 %, 0x0000000000000004, 15323 MiB
2026/10/08 04:58:01.457, 1395 MHz, 1593 MHz, 394.00 W, 400.00 W, 61, 100 %, 0x0000000000000004, 15327 MiB
2026/10/08 04:58:02.459, 1365 MHz, 1593 MHz, 407.27 W, 400.00 W, 61, 100 %, 0x0000000000000004, 15327 MiB
2026/10/08 04:58:03.460, 1395 MHz, 1593 MHz, 402.45 W, 400.00 W, 61, 100 %, 0x0000000000000004, 15327 MiB
2026/10/08 04:58:04.463, 1380 MHz, 1593 MHz, 374.78 W, 400.00 W, 62, 100 %, 0x0000000000000004, 15327 MiB
2026/10/08 04:58:05.464, 1365 MHz, 1593 MHz, 396.38 W, 400.00 W, 63, 100 %, 0x0000000000000004, 15327 MiB
2026/10/08 04:58:06.465, 1260 MHz, 1593 MHz, 346.08 W, 400.00 W, 63, 100 %, 0x0000000000000004, 15447 MiB
2026/10/08 04:58:07.466, 1365 MHz, 1593 MHz, 384.11 W, 400.00 W, 63, 100 %, 0x0000000000000004, 15447 MiB
2026/10/08 04:58:08.466, 1230 MHz, 1593 MHz, 341.53 W, 400.00 W, 63, 100 %, 0x0000000000000004, 15447 MiB
2026/10/08 04:58:09.467, 1380 MHz, 1593 MHz, 403.14 W, 400.00 W, 63, 100 %, 0x0000000000000004, 15447 MiB
2026/10/08 04:58:10.468, 1395 MHz, 1593 MHz, 395.19 W, 400.00 W, 63, 100 %, 0x0000000000000004, 15447 MiB
2026/10/08 04:58:11.468, 1365 MHz, 1593 MHz, 402.86 W, 400.00 W, 64, 100 %, 0x0000000000000004, 15447 MiB
2026/10/08 04:58:12.469, 1395 MHz, 1593 MHz, 409.39 W, 400.00 W, 64, 100 %, 0x0000000000000004, 15447 MiB
2026/10/08 04:58:13.469, 1380 MHz, 1593 MHz, 403.64 W, 400.00 W, 63, 100 %, 0x0000000000000004, 15447 MiB
2026/10/08 04:58:14.470, 1380 MHz, 1593 MHz, 397.58 W, 400.00 W, 64, 100 %, 0x0000000000000004, 15447 MiB
2026/10/08 04:58:15.470, 1380 MHz, 1593 MHz, 379.47 W, 400.00 W, 63, 100 %, 0x0000000000000004, 15447 MiB
2026/10/08 04:58:16.471, 1380 MHz, 1593 MHz, 379.20 W, 400.00 W, 64, 100 %, 0x0000000000000004, 15447 MiB
2026/10/08 04:58:17.472, 1395 MHz, 1593 MHz, 399.68 W, 400.00 W, 63, 100 %, 0x0000000000000004, 15447 MiB
2026/10/08 04:58:18.474, 1395 MHz, 1593 MHz, 398.49 W, 400.00 W, 63, 100 %, 0x0000000000000004, 15447 MiB
2026/10/08 04:58:19.475, 1395 MHz, 1593 MHz, 395.78 W, 400.00 W, 63, 100 %, 0x0000000000000004, 15447 MiB
2026/10/08 04:58:20.476, 1395 MHz, 1593 MHz, 390.04 W, 400.00 W, 63, 100 %, 0x0000000000000004, 15447 MiB
2026/10/08 04:58:21.478, 1395 MHz, 1593 MHz, 387.93 W, 400.00 W, 63, 100 %, 0x0000000000000004, 15447 MiB
2026/10/08 04:58:22.478, 1395 MHz, 1593 MHz, 398.90 W, 400.00 W, 64, 100 %, 0x0000000000000004, 15447 MiB
2026/10/08 04:58:23.480, 1395 MHz, 1593 MHz, 399.24 W, 400.00 W, 64, 100 %, 0x0000000000000004, 15447 MiB
2026/10/08 04:58:24.480, 1410 MHz, 1593 MHz, 96.10 W, 400.00 W, 52, 28 %, 0x0000000000000000, 15449 MiB
2026/10/08 04:58:25.549, 1410 MHz, 1593 MHz, 91.60 W, 400.00 W, 48, 0 %, 0x0000000000000000, 9323 MiB
2026/10/08 04:58:26.550, 1410 MHz, 1593 MHz, 90.76 W, 400.00 W, 46, 0 %, 0x0000000000000000, 9323 MiB
2026/10/08 04:58:27.550, 1140 MHz, 1593 MHz, 72.53 W, 400.00 W, 44, 0 %, 0x0000000000000000, 9323 MiB
2026/10/08 04:58:28.551, 1140 MHz, 1593 MHz, 72.28 W, 400.00 W, 43, 0 %, 0x0000000000000000, 9323 MiB
2026/10/08 04:58:29.552, 1140 MHz, 1593 MHz, 72.01 W, 400.00 W, 43, 0 %, 0x0000000000000000, 9323 MiB
2026/10/08 04:58:30.554, 1305 MHz, 1593 MHz, 351.18 W, 400.00 W, 54, 61 %, 0x0000000000000004, 14843 MiB
2026/10/08 04:58:31.555, 1395 MHz, 1593 MHz, 413.61 W, 400.00 W, 60, 100 %, 0x0000000000000004, 14845 MiB
2026/10/08 04:58:32.556, 1335 MHz, 1593 MHz, 355.74 W, 400.00 W, 59, 100 %, 0x0000000000000004, 14847 MiB
2026/10/08 04:58:33.556, 1380 MHz, 1593 MHz, 392.48 W, 400.00 W, 61, 100 %, 0x0000000000000004, 14847 MiB
2026/10/08 04:58:34.558, 1380 MHz, 1593 MHz, 373.53 W, 400.00 W, 61, 100 %, 0x0000000000000004, 14847 MiB
2026/10/08 04:58:35.562, 1380 MHz, 1593 MHz, 396.98 W, 400.00 W, 62, 100 %, 0x0000000000000004, 14847 MiB
2026/10/08 04:58:36.564, 1395 MHz, 1593 MHz, 394.27 W, 400.00 W, 62, 100 %, 0x0000000000000004, 14847 MiB
2026/10/08 04:58:37.566, 1320 MHz, 1593 MHz, 470.61 W, 400.00 W, 61, 100 %, 0x0000000000000004, 15547 MiB
2026/10/08 04:58:38.567, 1380 MHz, 1593 MHz, 410.85 W, 400.00 W, 63, 100 %, 0x0000000000000004, 15547 MiB
2026/10/08 04:58:39.567, 1350 MHz, 1593 MHz, 403.05 W, 400.00 W, 63, 100 %, 0x0000000000000004, 15547 MiB
2026/10/08 04:58:40.568, 1365 MHz, 1593 MHz, 389.45 W, 400.00 W, 63, 100 %, 0x0000000000000004, 15547 MiB
2026/10/08 04:58:41.568, 1380 MHz, 1593 MHz, 345.49 W, 400.00 W, 62, 100 %, 0x0000000000000004, 15547 MiB
2026/10/08 04:58:42.569, 1380 MHz, 1593 MHz, 399.09 W, 400.00 W, 64, 100 %, 0x0000000000000004, 15547 MiB
2026/10/08 04:58:43.570, 1395 MHz, 1593 MHz, 383.51 W, 400.00 W, 63, 100 %, 0x0000000000000004, 15547 MiB
2026/10/08 04:58:44.570, 1380 MHz, 1593 MHz, 389.58 W, 400.00 W, 64, 100 %, 0x0000000000000004, 15547 MiB
2026/10/08 04:58:45.571, 1395 MHz, 1593 MHz, 383.43 W, 400.00 W, 64, 100 %, 0x0000000000000004, 15547 MiB
2026/10/08 04:58:46.571, 1380 MHz, 1593 MHz, 382.58 W, 400.00 W, 64, 100 %, 0x0000000000000004, 15547 MiB
2026/10/08 04:58:47.573, 1395 MHz, 1593 MHz, 410.25 W, 400.00 W, 64, 100 %, 0x0000000000000004, 15547 MiB
2026/10/08 04:58:48.574, 1395 MHz, 1593 MHz, 388.93 W, 400.00 W, 62, 96 %, 0x0000000000000004, 15547 MiB
2026/10/08 04:58:49.574, 1395 MHz, 1593 MHz, 392.30 W, 400.00 W, 63, 100 %, 0x0000000000000004, 15547 MiB
2026/10/08 04:58:50.575, 1395 MHz, 1593 MHz, 384.95 W, 400.00 W, 63, 100 %, 0x0000000000000004, 15547 MiB
2026/10/08 04:58:51.575, 1395 MHz, 1593 MHz, 397.90 W, 400.00 W, 63, 100 %, 0x0000000000000004, 15547 MiB
2026/10/08 04:58:52.576, 1395 MHz, 1593 MHz, 397.58 W, 400.00 W, 64, 100 %, 0x0000000000000004, 15547 MiB
2026/10/08 04:58:53.577, 1395 MHz, 1593 MHz, 397.90 W, 400.00 W, 63, 100 %, 0x0000000000000004, 15547 MiB
2026/10/08 04:58:54.577, 1395 MHz, 1593 MHz, 396.80 W, 400.00 W, 64, 100 %, 0x0000000000000004, 15547 MiB
2026/10/08 04:58:55.578, 1395 MHz, 1593 MHz, 313.16 W, 400.00 W, 63, 100 %, 0x0000000000000004, 15549 MiB
2026/10/08 04:58:56.578, 1410 MHz, 1593 MHz, 94.41 W, 400.00 W, 49, 0 %, 0x0000000000000000, 9323 MiB
2026/10/08 04:58:57.649, 1410 MHz, 1593 MHz, 91.36 W, 400.00 W, 47, 0 %, 0x0000000000000000, 9323 MiB
2026/10/08 04:58:58.649, 1140 MHz, 1593 MHz, 73.21 W, 400.00 W, 45, 0 %, 0x0000000000000000, 9323 MiB
2026/10/08 04:58:59.650, 1140 MHz, 1593 MHz, 72.61 W, 400.00 W, 44, 0 %, 0x0000000000000000, 9323 MiB
2026/10/08 04:59:00.652, 1140 MHz, 1593 MHz, 72.01 W, 400.00 W, 43, 0 %, 0x0000000000000000, 9323 MiB
2026/10/08 04:59:01.653, 1275 MHz, 1593 MHz, 383.43 W, 400.00 W, 57, 100 %, 0x0000000000000004, 14587 MiB
2026/10/08 04:59:02.653, 1380 MHz, 1593 MHz, 387.93 W, 400.00 W, 61, 100 %, 0x0000000000000004, 14589 MiB
2026/10/08 04:59:03.655, 1395 MHz, 1593 MHz, 380.20 W, 400.00 W, 61, 100 %, 0x0000000000000004, 14591 MiB
2026/10/08 04:59:04.656, 1380 MHz, 1593 MHz, 399.09 W, 400.00 W, 61, 100 %, 0x0000000000000004, 16371 MiB
2026/10/08 04:59:05.657, 1380 MHz, 1593 MHz, 405.16 W, 400.00 W, 62, 100 %, 0x0000000000000004, 16371 MiB
2026/10/08 04:59:06.658, 1380 MHz, 1593 MHz, 367.50 W, 400.00 W, 63, 100 %, 0x0000000000000004, 16371 MiB
2026/10/08 04:59:07.658, 1380 MHz, 1593 MHz, 392.75 W, 400.00 W, 62, 100 %, 0x0000000000000004, 16371 MiB
2026/10/08 04:59:08.659, 1320 MHz, 1593 MHz, 393.16 W, 400.00 W, 63, 100 %, 0x0000000000000004, 16911 MiB
2026/10/08 04:59:09.660, 1395 MHz, 1593 MHz, 398.64 W, 400.00 W, 63, 100 %, 0x0000000000000004, 16911 MiB
2026/10/08 04:59:10.660, 1380 MHz, 1593 MHz, 367.18 W, 400.00 W, 63, 100 %, 0x0000000000000004, 16911 MiB
2026/10/08 04:59:11.661, 1365 MHz, 1593 MHz, 374.98 W, 400.00 W, 63, 100 %, 0x0000000000000004, 16911 MiB
2026/10/08 04:59:12.661, 1380 MHz, 1593 MHz, 410.85 W, 400.00 W, 63, 100 %, 0x0000000000000004, 16911 MiB
2026/10/08 04:59:13.663, 1365 MHz, 1593 MHz, 380.20 W, 400.00 W, 63, 100 %, 0x0000000000000004, 16911 MiB
2026/10/08 04:59:14.665, 1395 MHz, 1593 MHz, 389.58 W, 400.00 W, 64, 100 %, 0x0000000000000004, 16911 MiB
2026/10/08 04:59:15.666, 1335 MHz, 1593 MHz, 385.55 W, 400.00 W, 64, 100 %, 0x0000000000000004, 16911 MiB
2026/10/08 04:59:16.668, 1365 MHz, 1593 MHz, 420.23 W, 400.00 W, 64, 100 %, 0x0000000000000004, 16911 MiB
2026/10/08 04:59:17.669, 1380 MHz, 1593 MHz, 390.64 W, 400.00 W, 64, 100 %, 0x0000000000000004, 16911 MiB
2026/10/08 04:59:18.670, 1365 MHz, 1593 MHz, 402.12 W, 400.00 W, 64, 100 %, 0x0000000000000004, 16911 MiB
2026/10/08 04:59:19.672, 1410 MHz, 1593 MHz, 405.25 W, 400.00 W, 62, 100 %, 0x0000000000000000, 9071 MiB
2026/10/08 04:59:20.674, 1410 MHz, 1593 MHz, 409.66 W, 400.00 W, 64, 100 %, 0x0000000000000004, 9071 MiB
2026/10/08 04:59:21.676, 1395 MHz, 1593 MHz, 398.31 W, 400.00 W, 64, 100 %, 0x0000000000000004, 9071 MiB
2026/10/08 04:59:22.678, 1410 MHz, 1593 MHz, 399.09 W, 400.00 W, 64, 100 %, 0x0000000000000000, 9071 MiB
2026/10/08 04:59:23.678, 1395 MHz, 1593 MHz, 397.31 W, 400.00 W, 64, 100 %, 0x0000000000000004, 9071 MiB
2026/10/08 04:59:24.679, 1395 MHz, 1593 MHz, 395.19 W, 400.00 W, 64, 100 %, 0x0000000000000004, 9071 MiB
2026/10/08 04:59:25.681, 1395 MHz, 1593 MHz, 396.38 W, 400.00 W, 64, 100 %, 0x0000000000000004, 9071 MiB
2026/10/08 04:59:26.682, 1410 MHz, 1593 MHz, 100.76 W, 400.00 W, 57, 100 %, 0x0000000000000000, 13039 MiB
2026/10/08 04:59:27.749, 1410 MHz, 1593 MHz, 93.39 W, 400.00 W, 48, 0 %, 0x0000000000000000, 9451 MiB
2026/10/08 04:59:28.752, 1410 MHz, 1593 MHz, 90.99 W, 400.00 W, 46, 0 %, 0x0000000000000000, 9451 MiB
2026/10/08 04:59:29.753, 1140 MHz, 1593 MHz, 72.61 W, 400.00 W, 44, 0 %, 0x0000000000000000, 9451 MiB
2026/10/08 04:59:30.754, 1140 MHz, 1593 MHz, 72.28 W, 400.00 W, 43, 0 %, 0x0000000000000000, 9451 MiB
2026/10/08 04:59:31.756, 1140 MHz, 1593 MHz, 71.61 W, 400.00 W, 43, 0 %, 0x0000000000000000, 7811 MiB
2026/10/08 04:59:32.756, 1395 MHz, 1593 MHz, 400.93 W, 400.00 W, 58, 100 %, 0x0000000000000004, 15631 MiB
2026/10/08 04:59:33.757, 1380 MHz, 1593 MHz, 402.45 W, 400.00 W, 60, 100 %, 0x0000000000000004, 15637 MiB
2026/10/08 04:59:34.758, 1395 MHz, 1593 MHz, 388.66 W, 400.00 W, 61, 100 %, 0x0000000000000004, 15637 MiB
2026/10/08 04:59:35.759, 1365 MHz, 1593 MHz, 426.23 W, 400.00 W, 60, 100 %, 0x0000000000000004, 15637 MiB
2026/10/08 04:59:36.761, 1380 MHz, 1593 MHz, 400.93 W, 400.00 W, 62, 100 %, 0x0000000000000004, 15637 MiB
2026/10/08 04:59:37.762, 1380 MHz, 1593 MHz, 391.29 W, 400.00 W, 62, 100 %, 0x0000000000000004, 15637 MiB
2026/10/08 04:59:38.764, 1365 MHz, 1593 MHz, 405.76 W, 400.00 W, 63, 100 %, 0x0000000000000004, 15637 MiB
2026/10/08 04:59:39.764, 1380 MHz, 1593 MHz, 376.89 W, 400.00 W, 62, 100 %, 0x0000000000000004, 15637 MiB
2026/10/08 04:59:40.766, 1380 MHz, 1593 MHz, 410.25 W, 400.00 W, 63, 100 %, 0x0000000000000004, 15637 MiB
2026/10/08 04:59:41.767, 1395 MHz, 1593 MHz, 376.29 W, 400.00 W, 62, 100 %, 0x0000000000000004, 15637 MiB
2026/10/08 04:59:42.768, 1380 MHz, 1593 MHz, 402.72 W, 400.00 W, 63, 100 %, 0x0000000000000004, 15637 MiB
2026/10/08 04:59:43.770, 1380 MHz, 1593 MHz, 391.05 W, 400.00 W, 63, 100 %, 0x0000000000000004, 15637 MiB
2026/10/08 04:59:44.772, 1380 MHz, 1593 MHz, 374.66 W, 400.00 W, 63, 100 %, 0x0000000000000004, 15637 MiB
2026/10/08 04:59:45.773, 1395 MHz, 1593 MHz, 404.24 W, 400.00 W, 63, 100 %, 0x0000000000000004, 15637 MiB
2026/10/08 04:59:46.775, 1290 MHz, 1593 MHz, 379.60 W, 400.00 W, 63, 100 %, 0x0000000000000004, 15637 MiB
2026/10/08 04:59:47.777, 1380 MHz, 1593 MHz, 383.83 W, 400.00 W, 64, 100 %, 0x0000000000000004, 15637 MiB
2026/10/08 04:59:48.777, 1380 MHz, 1593 MHz, 378.40 W, 400.00 W, 64, 100 %, 0x0000000000000004, 15637 MiB
2026/10/08 04:59:49.779, 1365 MHz, 1593 MHz, 381.59 W, 400.00 W, 64, 100 %, 0x0000000000000004, 15637 MiB
2026/10/08 04:59:50.780, 1410 MHz, 1593 MHz, 402.12 W, 400.00 W, 63, 100 %, 0x0000000000000000, 15637 MiB
2026/10/08 04:59:51.780, 1410 MHz, 1593 MHz, 409.39 W, 400.00 W, 63, 100 %, 0x0000000000000000, 15637 MiB
2026/10/08 04:59:52.785, 1395 MHz, 1593 MHz, 410.85 W, 400.00 W, 63, 100 %, 0x0000000000000004, 15637 MiB
2026/10/08 04:59:53.786, 1410 MHz, 1593 MHz, 388.06 W, 400.00 W, 63, 100 %, 0x0000000000000000, 15637 MiB
2026/10/08 04:59:54.787, 1395 MHz, 1593 MHz, 391.69 W, 400.00 W, 63, 100 %, 0x0000000000000004, 15637 MiB
2026/10/08 04:59:55.787, 1395 MHz, 1593 MHz, 406.62 W, 400.00 W, 63, 100 %, 0x0000000000000004, 15637 MiB
2026/10/08 04:59:56.788, 1395 MHz, 1593 MHz, 409.39 W, 400.00 W, 64, 100 %, 0x0000000000000004, 15637 MiB
2026/10/08 04:59:57.788, 1410 MHz, 1593 MHz, 94.58 W, 400.00 W, 50, 0 %, 0x0000000000000000, 15639 MiB
2026/10/08 04:59:58.851, 1410 MHz, 1593 MHz, 91.26 W, 400.00 W, 47, 0 %, 0x0000000000000000, 9471 MiB
2026/10/08 04:59:59.852, 1410 MHz, 1593 MHz, 90.67 W, 400.00 W, 46, 0 %, 0x0000000000000000, 9471 MiB
2026/10/08 05:00:00.852, 1140 MHz, 1593 MHz, 72.61 W, 400.00 W, 44, 0 %, 0x0000000000000000, 9471 MiB
2026/10/08 05:00:01.853, 1140 MHz, 1593 MHz, 72.61 W, 400.00 W, 43, 0 %, 0x0000000000000000, 9471 MiB
2026/10/08 05:00:02.855, 1140 MHz, 1593 MHz, 72.28 W, 400.00 W, 42, 38 %, 0x0000000000000000, 8211 MiB
2026/10/08 05:00:03.856, 1395 MHz, 1593 MHz, 373.85 W, 400.00 W, 58, 100 %, 0x0000000000000004, 13771 MiB
2026/10/08 05:00:04.857, 1380 MHz, 1593 MHz, 385.22 W, 400.00 W, 60, 100 %, 0x0000000000000004, 13777 MiB
2026/10/08 05:00:05.858, 1380 MHz, 1593 MHz, 387.33 W, 400.00 W, 61, 100 %, 0x0000000000000004, 13777 MiB
2026/10/08 05:00:06.858, 1395 MHz, 1593 MHz, 376.89 W, 400.00 W, 62, 100 %, 0x0000000000000004, 13777 MiB
2026/10/08 05:00:07.859, 1365 MHz, 1593 MHz, 375.64 W, 400.00 W, 62, 100 %, 0x0000000000000004, 13777 MiB
2026/10/08 05:00:08.860, 1380 MHz, 1593 MHz, 401.80 W, 400.00 W, 62, 100 %, 0x0000000000000004, 13777 MiB
2026/10/08 05:00:09.862, 1380 MHz, 1593 MHz, 325.86 W, 400.00 W, 61, 100 %, 0x0000000000000004, 14237 MiB
2026/10/08 05:00:10.864, 1380 MHz, 1593 MHz, 410.25 W, 400.00 W, 63, 100 %, 0x0000000000000004, 14237 MiB
2026/10/08 05:00:11.864, 1380 MHz, 1593 MHz, 319.51 W, 400.00 W, 61, 100 %, 0x0000000000000004, 15757 MiB
2026/10/08 05:00:12.865, 1365 MHz, 1593 MHz, 390.36 W, 400.00 W, 63, 100 %, 0x0000000000000004, 15757 MiB
2026/10/08 05:00:13.865, 1260 MHz, 1593 MHz, 348.47 W, 400.00 W, 62, 100 %, 0x0000000000000004, 15757 MiB
2026/10/08 05:00:14.866, 1365 MHz, 1593 MHz, 380.08 W, 400.00 W, 63, 100 %, 0x0000000000000004, 15757 MiB
2026/10/08 05:00:15.866, 1395 MHz, 1593 MHz, 403.91 W, 400.00 W, 63, 100 %, 0x0000000000000004, 15757 MiB
2026/10/08 05:00:16.867, 1365 MHz, 1593 MHz, 409.39 W, 400.00 W, 64, 100 %, 0x0000000000000004, 15757 MiB
2026/10/08 05:00:17.868, 1395 MHz, 1593 MHz, 408.73 W, 400.00 W, 63, 100 %, 0x0000000000000004, 15757 MiB
2026/10/08 05:00:18.868, 1335 MHz, 1593 MHz, 365.39 W, 400.00 W, 62, 100 %, 0x0000000000000004, 15757 MiB
2026/10/08 05:00:19.870, 1365 MHz, 1593 MHz, 406.62 W, 400.00 W, 64, 100 %, 0x0000000000000004, 15757 MiB
2026/10/08 05:00:20.871, 1410 MHz, 1593 MHz, 403.91 W, 400.00 W, 63, 100 %, 0x0000000000000000, 15757 MiB
2026/10/08 05:00:21.871, 1395 MHz, 1593 MHz, 393.35 W, 400.00 W, 63, 100 %, 0x0000000000000004, 15757 MiB
2026/10/08 05:00:22.872, 1410 MHz, 1593 MHz, 403.05 W, 400.00 W, 63, 100 %, 0x0000000000000000, 15757 MiB
2026/10/08 05:00:23.873, 1410 MHz, 1593 MHz, 401.80 W, 400.00 W, 63, 100 %, 0x0000000000000000, 15757 MiB
2026/10/08 05:00:24.873, 1410 MHz, 1593 MHz, 398.82 W, 400.00 W, 63, 100 %, 0x0000000000000000, 15757 MiB
2026/10/08 05:00:25.874, 1395 MHz, 1593 MHz, 385.82 W, 400.00 W, 63, 100 %, 0x0000000000000004, 15757 MiB
2026/10/08 05:00:26.875, 1410 MHz, 1593 MHz, 390.64 W, 400.00 W, 63, 100 %, 0x0000000000000004, 15757 MiB
2026/10/08 05:00:27.877, 1410 MHz, 1593 MHz, 101.36 W, 400.00 W, 54, 99 %, 0x0000000000000000, 15761 MiB
2026/10/08 05:00:28.880, 1410 MHz, 1593 MHz, 91.69 W, 400.00 W, 48, 82 %, 0x0000000000000000, 9491 MiB
2026/10/08 05:00:29.949, 1410 MHz, 1593 MHz, 90.44 W, 400.00 W, 46, 0 %, 0x0000000000000000, 9491 MiB
2026/10/08 05:00:30.950, 1140 MHz, 1593 MHz, 72.61 W, 400.00 W, 44, 0 %, 0x0000000000000000, 9491 MiB
2026/10/08 05:00:31.951, 1140 MHz, 1593 MHz, 72.01 W, 400.00 W, 43, 0 %, 0x0000000000000000, 9491 MiB
2026/10/08 05:00:32.955, 1140 MHz, 1593 MHz, 71.69 W, 400.00 W, 42, 0 %, 0x0000000000000000, 9491 MiB
2026/10/08 05:00:33.957, 1365 MHz, 1593 MHz, 346.36 W, 400.00 W, 54, 97 %, 0x0000000000000004, 13171 MiB
2026/10/08 05:00:34.958, 1380 MHz, 1593 MHz, 418.43 W, 400.00 W, 60, 100 %, 0x0000000000000004, 14355 MiB
2026/10/08 05:00:35.960, 1380 MHz, 1593 MHz, 357.75 W, 400.00 W, 60, 100 %, 0x0000000000000004, 14697 MiB
2026/10/08 05:00:36.962, 1380 MHz, 1593 MHz, 391.29 W, 400.00 W, 61, 100 %, 0x0000000000000004, 15897 MiB
2026/10/08 05:00:37.962, 1380 MHz, 1593 MHz, 376.56 W, 400.00 W, 61, 100 %, 0x0000000000000004, 15897 MiB
2026/10/08 05:00:38.963, 1380 MHz, 1593 MHz, 396.98 W, 400.00 W, 62, 100 %, 0x0000000000000004, 15897 MiB
2026/10/08 05:00:39.963, 1395 MHz, 1593 MHz, 404.06 W, 400.00 W, 62, 100 %, 0x0000000000000004, 15897 MiB
2026/10/08 05:00:40.965, 1365 MHz, 1593 MHz, 408.14 W, 400.00 W, 62, 100 %, 0x0000000000000004, 16417 MiB
2026/10/08 05:00:41.965, 1395 MHz, 1593 MHz, 403.91 W, 400.00 W, 62, 100 %, 0x0000000000000004, 16417 MiB
2026/10/08 05:00:42.966, 1365 MHz, 1593 MHz, 400.61 W, 400.00 W, 62, 100 %, 0x0000000000000004, 16417 MiB
2026/10/08 05:00:43.967, 1380 MHz, 1593 MHz, 404.06 W, 400.00 W, 63, 100 %, 0x0000000000000004, 16417 MiB
2026/10/08 05:00:44.967, 1380 MHz, 1593 MHz, 347.27 W, 400.00 W, 62, 100 %, 0x0000000000000004, 16417 MiB
2026/10/08 05:00:45.968, 1365 MHz, 1593 MHz, 412.69 W, 400.00 W, 63, 100 %, 0x0000000000000004, 16417 MiB
2026/10/08 05:00:46.969, 1380 MHz, 1593 MHz, 371.73 W, 400.00 W, 63, 100 %, 0x0000000000000004, 16417 MiB
2026/10/08 05:00:47.971, 1365 MHz, 1593 MHz, 398.49 W, 400.00 W, 63, 100 %, 0x0000000000000004, 16417 MiB
2026/10/08 05:00:48.972, 1380 MHz, 1593 MHz, 393.07 W, 400.00 W, 62, 100 %, 0x0000000000000004, 16417 MiB
2026/10/08 05:00:49.972, 1365 MHz, 1593 MHz, 404.24 W, 400.00 W, 63, 100 %, 0x0000000000000004, 16417 MiB
2026/10/08 05:00:50.974, 1395 MHz, 1593 MHz, 398.22 W, 400.00 W, 63, 100 %, 0x0000000000000004, 16417 MiB
2026/10/08 05:00:51.974, 1365 MHz, 1593 MHz, 403.14 W, 400.00 W, 64, 100 %, 0x0000000000000004, 16417 MiB
2026/10/08 05:00:52.976, 1410 MHz, 1593 MHz, 402.22 W, 400.00 W, 63, 100 %, 0x0000000000000000, 16417 MiB
2026/10/08 05:00:53.977, 1395 MHz, 1593 MHz, 413.28 W, 400.00 W, 63, 100 %, 0x0000000000000004, 16417 MiB
2026/10/08 05:00:54.977, 1410 MHz, 1593 MHz, 397.58 W, 400.00 W, 63, 100 %, 0x0000000000000000, 16417 MiB
2026/10/08 05:00:55.978, 1410 MHz, 1593 MHz, 394.87 W, 400.00 W, 63, 100 %, 0x0000000000000000, 16417 MiB
2026/10/08 05:00:56.978, 1410 MHz, 1593 MHz, 385.82 W, 400.00 W, 63, 100 %, 0x0000000000000000, 16417 MiB
2026/10/08 05:00:57.979, 1395 MHz, 1593 MHz, 409.66 W, 400.00 W, 64, 100 %, 0x0000000000000004, 16417 MiB
2026/10/08 05:00:58.981, 1395 MHz, 1593 MHz, 409.39 W, 400.00 W, 64, 100 %, 0x0000000000000004, 16417 MiB
2026/10/08 05:00:59.981, 1410 MHz, 1593 MHz, 98.54 W, 400.00 W, 50, 0 %, 0x0000000000000000, 16421 MiB
2026/10/08 05:01:01.050, 1410 MHz, 1593 MHz, 91.09 W, 400.00 W, 47, 0 %, 0x0000000000000000, 9471 MiB
2026/10/08 05:01:02.052, 1410 MHz, 1593 MHz, 90.07 W, 400.00 W, 45, 0 %, 0x0000000000000000, 9471 MiB
2026/10/08 05:01:03.053, 1140 MHz, 1593 MHz, 72.28 W, 400.00 W, 44, 0 %, 0x0000000000000000, 9471 MiB
2026/10/08 05:01:04.054, 1140 MHz, 1593 MHz, 74.14 W, 400.00 W, 43, 0 %, 0x0000000000000000, 7851 MiB
2026/10/08 05:01:05.055, 1395 MHz, 1593 MHz, 403.32 W, 400.00 W, 58, 100 %, 0x0000000000000004, 13111 MiB
2026/10/08 05:01:06.055, 1380 MHz, 1593 MHz, 399.68 W, 400.00 W, 61, 100 %, 0x0000000000000004, 13117 MiB
2026/10/08 05:01:07.057, 1395 MHz, 1593 MHz, 415.99 W, 400.00 W, 61, 100 %, 0x0000000000000004, 13117 MiB
2026/10/08 05:01:08.057, 1380 MHz, 1593 MHz, 392.75 W, 400.00 W, 62, 100 %, 0x0000000000000004, 13117 MiB
2026/10/08 05:01:09.058, 1380 MHz, 1593 MHz, 384.11 W, 400.00 W, 62, 100 %, 0x0000000000000004, 13117 MiB
2026/10/08 05:01:10.060, 1395 MHz, 1593 MHz, 369.24 W, 400.00 W, 62, 100 %, 0x0000000000000004, 13117 MiB
2026/10/08 05:01:11.060, 1365 MHz, 1593 MHz, 379.47 W, 400.00 W, 63, 100 %, 0x0000000000000004, 13117 MiB
2026/10/08 05:01:12.061, 1395 MHz, 1593 MHz, 394.68 W, 400.00 W, 62, 100 %, 0x0000000000000004, 13117 MiB
2026/10/08 05:01:13.062, 1365 MHz, 1593 MHz, 389.85 W, 400.00 W, 63, 100 %, 0x0000000000000004, 13117 MiB
2026/10/08 05:01:14.063, 1380 MHz, 1593 MHz, 400.61 W, 400.00 W, 63, 100 %, 0x0000000000000004, 13117 MiB
2026/10/08 05:01:15.065, 1380 MHz, 1593 MHz, 397.31 W, 400.00 W, 63, 100 %, 0x0000000000000004, 13117 MiB
2026/10/08 05:01:16.065, 1365 MHz, 1593 MHz, 409.66 W, 400.00 W, 63, 100 %, 0x0000000000000004, 13117 MiB
2026/10/08 05:01:17.066, 1380 MHz, 1593 MHz, 363.60 W, 400.00 W, 63, 100 %, 0x0000000000000004, 13117 MiB
2026/10/08 05:01:18.067, 1365 MHz, 1593 MHz, 374.39 W, 400.00 W, 64, 100 %, 0x0000000000000004, 13117 MiB
2026/10/08 05:01:19.068, 1395 MHz, 1593 MHz, 374.78 W, 400.00 W, 63, 100 %, 0x0000000000000004, 13117 MiB
2026/10/08 05:01:20.070, 1365 MHz, 1593 MHz, 412.37 W, 400.00 W, 64, 100 %, 0x0000000000000004, 13117 MiB
2026/10/08 05:01:21.071, 1395 MHz, 1593 MHz, 386.74 W, 400.00 W, 64, 100 %, 0x0000000000000004, 13117 MiB
2026/10/08 05:01:22.072, 1395 MHz, 1593 MHz, 214.07 W, 400.00 W, 59, 100 %, 0x0000000000000004, 7679 MiB
2026/10/08 05:01:23.072, 1380 MHz, 1593 MHz, 398.82 W, 400.00 W, 62, 100 %, 0x0000000000000004, 8823 MiB
2026/10/08 05:01:24.073, 1380 MHz, 1593 MHz, 402.12 W, 400.00 W, 63, 100 %, 0x0000000000000004, 8823 MiB
2026/10/08 05:01:25.075, 1380 MHz, 1593 MHz, 400.93 W, 400.00 W, 63, 100 %, 0x0000000000000004, 8823 MiB
2026/10/08 05:01:26.075, 1380 MHz, 1593 MHz, 401.95 W, 400.00 W, 63, 100 %, 0x0000000000000004, 8823 MiB
2026/10/08 05:01:27.076, 1380 MHz, 1593 MHz, 404.06 W, 400.00 W, 63, 100 %, 0x0000000000000004, 8823 MiB
2026/10/08 05:01:28.078, 1380 MHz, 1593 MHz, 388.66 W, 400.00 W, 63, 100 %, 0x0000000000000004, 8823 MiB
2026/10/08 05:01:29.078, 1380 MHz, 1593 MHz, 401.95 W, 400.00 W, 63, 100 %, 0x0000000000000004, 8823 MiB
2026/10/08 05:01:30.080, 1410 MHz, 1593 MHz, 98.04 W, 400.00 W, 52, 16 %, 0x0000000000000000, 13253 MiB
2026/10/08 05:01:31.151, 1410 MHz, 1593 MHz, 91.26 W, 400.00 W, 47, 0 %, 0x0000000000000000, 9267 MiB
2026/10/08 05:01:32.153, 1410 MHz, 1593 MHz, 90.16 W, 400.00 W, 46, 0 %, 0x0000000000000000, 9267 MiB
2026/10/08 05:01:33.153, 1140 MHz, 1593 MHz, 72.28 W, 400.00 W, 44, 0 %, 0x0000000000000000, 9267 MiB
2026/10/08 05:01:34.155, 1140 MHz, 1593 MHz, 73.73 W, 400.00 W, 43, 0 %, 0x0000000000000000, 7447 MiB
2026/10/08 05:01:35.155, 1395 MHz, 1593 MHz, 376.77 W, 400.00 W, 58, 100 %, 0x0000000000000004, 12227 MiB
2026/10/08 05:01:36.156, 1365 MHz, 1593 MHz, 410.25 W, 400.00 W, 61, 100 %, 0x0000000000000004, 12231 MiB
2026/10/08 05:01:37.156, 1380 MHz, 1593 MHz, 390.64 W, 400.00 W, 62, 100 %, 0x0000000000000004, 12231 MiB
2026/10/08 05:01:38.157, 1380 MHz, 1593 MHz, 396.19 W, 400.00 W, 62, 100 %, 0x0000000000000004, 12231 MiB
2026/10/08 05:01:39.158, 1365 MHz, 1593 MHz, 370.55 W, 400.00 W, 62, 100 %, 0x0000000000000004, 12231 MiB
2026/10/08 05:01:40.159, 1395 MHz, 1593 MHz, 405.76 W, 400.00 W, 62, 100 %, 0x0000000000000004, 12231 MiB
2026/10/08 05:01:41.160, 1365 MHz, 1593 MHz, 389.77 W, 400.00 W, 63, 100 %, 0x0000000000000004, 12231 MiB
2026/10/08 05:01:42.161, 1395 MHz, 1593 MHz, 402.45 W, 400.00 W, 63, 100 %, 0x0000000000000004, 12231 MiB
2026/10/08 05:01:43.162, 1365 MHz, 1593 MHz, 393.67 W, 400.00 W, 63, 100 %, 0x0000000000000004, 12231 MiB
2026/10/08 05:01:44.164, 1380 MHz, 1593 MHz, 415.99 W, 400.00 W, 64, 100 %, 0x0000000000000004, 12231 MiB
2026/10/08 05:01:45.165, 1365 MHz, 1593 MHz, 399.42 W, 400.00 W, 63, 100 %, 0x0000000000000004, 12231 MiB
2026/10/08 05:01:46.167, 1365 MHz, 1593 MHz, 380.79 W, 400.00 W, 64, 100 %, 0x0000000000000004, 12511 MiB
2026/10/08 05:01:47.169, 1395 MHz, 1593 MHz, 400.34 W, 400.00 W, 63, 100 %, 0x0000000000000004, 13071 MiB
2026/10/08 05:01:48.170, 1365 MHz, 1593 MHz, 391.05 W, 400.00 W, 64, 100 %, 0x0000000000000004, 13071 MiB
2026/10/08 05:01:49.172, 1395 MHz, 1593 MHz, 404.56 W, 400.00 W, 64, 100 %, 0x0000000000000004, 13071 MiB
2026/10/08 05:01:50.174, 1365 MHz, 1593 MHz, 376.29 W, 400.00 W, 64, 100 %, 0x0000000000000004, 13071 MiB
2026/10/08 05:01:51.174, 1380 MHz, 1593 MHz, 405.76 W, 400.00 W, 64, 100 %, 0x0000000000000004, 13071 MiB
2026/10/08 05:01:52.176, 1380 MHz, 1593 MHz, 398.22 W, 400.00 W, 62, 100 %, 0x0000000000000004, 13891 MiB
2026/10/08 05:01:53.176, 1380 MHz, 1593 MHz, 396.11 W, 400.00 W, 63, 100 %, 0x0000000000000004, 13891 MiB
2026/10/08 05:01:54.177, 1380 MHz, 1593 MHz, 390.18 W, 400.00 W, 63, 100 %, 0x0000000000000004, 13891 MiB
2026/10/08 05:01:55.178, 1365 MHz, 1593 MHz, 406.95 W, 400.00 W, 63, 100 %, 0x0000000000000004, 13891 MiB
2026/10/08 05:01:56.178, 1380 MHz, 1593 MHz, 381.59 W, 400.00 W, 63, 100 %, 0x0000000000000004, 13891 MiB
2026/10/08 05:01:57.180, 1365 MHz, 1593 MHz, 407.54 W, 400.00 W, 63, 100 %, 0x0000000000000004, 13891 MiB
2026/10/08 05:01:58.181, 1365 MHz, 1593 MHz, 390.96 W, 400.00 W, 63, 100 %, 0x0000000000000004, 13891 MiB
2026/10/08 05:01:59.181, 1380 MHz, 1593 MHz, 402.72 W, 400.00 W, 64, 100 %, 0x0000000000000004, 13893 MiB
2026/10/08 05:02:00.183, 1410 MHz, 1593 MHz, 92.88 W, 400.00 W, 49, 0 %, 0x0000000000000000, 11433 MiB
2026/10/08 05:02:01.252, 1410 MHz, 1593 MHz, 90.99 W, 400.00 W, 47, 0 %, 0x0000000000000000, 9247 MiB
2026/10/08 05:02:02.253, 1140 MHz, 1593 MHz, 75.32 W, 400.00 W, 45, 0 %, 0x0000000000000000, 9247 MiB
2026/10/08 05:02:03.253, 1140 MHz, 1593 MHz, 72.21 W, 400.00 W, 44, 0 %, 0x0000000000000000, 9247 MiB
2026/10/08 05:02:04.255, 1140 MHz, 1593 MHz, 74.14 W, 400.00 W, 43, 8 %, 0x0000000000000000, 7447 MiB
2026/10/08 05:02:05.257, 1395 MHz, 1593 MHz, 388.52 W, 400.00 W, 59, 100 %, 0x0000000000000004, 12227 MiB
2026/10/08 05:02:06.258, 1395 MHz, 1593 MHz, 389.25 W, 400.00 W, 61, 100 %, 0x0000000000000004, 12231 MiB
2026/10/08 05:02:07.260, 1365 MHz, 1593 MHz, 401.80 W, 400.00 W, 61, 100 %, 0x0000000000000004, 12231 MiB
2026/10/08 05:02:08.261, 1365 MHz, 1593 MHz, 398.82 W, 400.00 W, 62, 100 %, 0x0000000000000004, 12231 MiB
2026/10/08 05:02:09.263, 1365 MHz, 1593 MHz, 396.38 W, 400.00 W, 63, 100 %, 0x0000000000000004, 12231 MiB
2026/10/08 05:02:10.264, 1395 MHz, 1593 MHz, 410.57 W, 400.00 W, 62, 100 %, 0x0000000000000004, 12231 MiB
2026/10/08 05:02:11.265, 1365 MHz, 1593 MHz, 414.21 W, 400.00 W, 63, 100 %, 0x0000000000000004, 12231 MiB
2026/10/08 05:02:12.266, 1395 MHz, 1593 MHz, 419.03 W, 400.00 W, 63, 100 %, 0x0000000000000004, 12231 MiB
2026/10/08 05:02:13.268, 1380 MHz, 1593 MHz, 375.58 W, 400.00 W, 63, 100 %, 0x0000000000000004, 12231 MiB
2026/10/08 05:02:14.269, 1380 MHz, 1593 MHz, 414.64 W, 400.00 W, 63, 100 %, 0x0000000000000004, 12231 MiB
2026/10/08 05:02:15.271, 1380 MHz, 1593 MHz, 404.24 W, 400.00 W, 63, 100 %, 0x0000000000000004, 12231 MiB
2026/10/08 05:02:16.272, 1380 MHz, 1593 MHz, 390.64 W, 400.00 W, 64, 100 %, 0x0000000000000004, 12231 MiB
2026/10/08 05:02:17.273, 1380 MHz, 1593 MHz, 391.37 W, 400.00 W, 63, 100 %, 0x0000000000000004, 12231 MiB
2026/10/08 05:02:18.273, 1365 MHz, 1593 MHz, 393.07 W, 400.00 W, 64, 100 %, 0x0000000000000004, 12231 MiB
2026/10/08 05:02:19.274, 1395 MHz, 1593 MHz, 390.45 W, 400.00 W, 64, 100 %, 0x0000000000000004, 12231 MiB
2026/10/08 05:02:20.275, 1365 MHz, 1593 MHz, 394.87 W, 400.00 W, 64, 100 %, 0x0000000000000004, 12231 MiB
2026/10/08 05:02:21.275, 1365 MHz, 1593 MHz, 392.16 W, 400.00 W, 64, 100 %, 0x0000000000000004, 12231 MiB
2026/10/08 05:02:22.276, 1395 MHz, 1593 MHz, 291.41 W, 400.00 W, 62, 96 %, 0x0000000000000004, 13891 MiB
2026/10/08 05:02:23.278, 1380 MHz, 1593 MHz, 381.72 W, 400.00 W, 63, 100 %, 0x0000000000000004, 13891 MiB
2026/10/08 05:02:24.278, 1380 MHz, 1593 MHz, 387.93 W, 400.00 W, 63, 100 %, 0x0000000000000004, 13891 MiB
2026/10/08 05:02:25.279, 1365 MHz, 1593 MHz, 410.57 W, 400.00 W, 63, 100 %, 0x0000000000000004, 13891 MiB
2026/10/08 05:02:26.279, 1380 MHz, 1593 MHz, 400.93 W, 400.00 W, 63, 100 %, 0x0000000000000004, 13891 MiB
2026/10/08 05:02:27.280, 1380 MHz, 1593 MHz, 407.37 W, 400.00 W, 64, 100 %, 0x0000000000000004, 13891 MiB
2026/10/08 05:02:28.282, 1380 MHz, 1593 MHz, 402.22 W, 400.00 W, 64, 100 %, 0x0000000000000004, 13891 MiB
2026/10/08 05:02:29.282, 1380 MHz, 1593 MHz, 407.70 W, 400.00 W, 64, 100 %, 0x0000000000000004, 13891 MiB
2026/10/08 05:02:30.284, 1410 MHz, 1593 MHz, 94.68 W, 400.00 W, 50, 0 %, 0x0000000000000000, 13893 MiB
2026/10/08 05:02:31.285, 1410 MHz, 1593 MHz, 91.60 W, 400.00 W, 47, 0 %, 0x0000000000000000, 9247 MiB
2026/10/08 05:02:32.349, 1140 MHz, 1593 MHz, 74.33 W, 400.00 W, 45, 0 %, 0x0000000000000000, 9247 MiB
2026/10/08 05:02:33.349, 1140 MHz, 1593 MHz, 72.61 W, 400.00 W, 44, 0 %, 0x0000000000000000, 9247 MiB
2026/10/08 05:02:34.350, 1140 MHz, 1593 MHz, 72.01 W, 400.00 W, 43, 0 %, 0x0000000000000000, 9247 MiB
2026/10/08 05:02:35.350, 1395 MHz, 1593 MHz, 394.60 W, 400.00 W, 58, 100 %, 0x0000000000000004, 12227 MiB
2026/10/08 05:02:36.351, 1365 MHz, 1593 MHz, 376.17 W, 400.00 W, 61, 100 %, 0x0000000000000004, 12229 MiB
2026/10/08 05:02:37.352, 1395 MHz, 1593 MHz, 398.49 W, 400.00 W, 61, 100 %, 0x0000000000000004, 12229 MiB
2026/10/08 05:02:38.352, 1365 MHz, 1593 MHz, 382.84 W, 400.00 W, 61, 100 %, 0x0000000000000004, 13069 MiB
2026/10/08 05:02:39.353, 1380 MHz, 1593 MHz, 366.53 W, 400.00 W, 62, 100 %, 0x0000000000000004, 13069 MiB
2026/10/08 05:02:40.354, 1380 MHz, 1593 MHz, 392.57 W, 400.00 W, 62, 100 %, 0x0000000000000004, 13069 MiB
2026/10/08 05:02:41.354, 1380 MHz, 1593 MHz, 409.66 W, 400.00 W, 63, 100 %, 0x0000000000000004, 13069 MiB
2026/10/08 05:02:42.355, 1395 MHz, 1593 MHz, 402.12 W, 400.00 W, 62, 100 %, 0x0000000000000004, 13069 MiB
2026/10/08 05:02:43.356, 1380 MHz, 1593 MHz, 400.61 W, 400.00 W, 63, 100 %, 0x0000000000000004, 13069 MiB
2026/10/08 05:02:44.356, 1380 MHz, 1593 MHz, 399.68 W, 400.00 W, 63, 100 %, 0x0000000000000004, 13069 MiB
2026/10/08 05:02:45.357, 1395 MHz, 1593 MHz, 413.12 W, 400.00 W, 63, 100 %, 0x0000000000000004, 13069 MiB
2026/10/08 05:02:46.357, 1365 MHz, 1593 MHz, 392.30 W, 400.00 W, 63, 100 %, 0x0000000000000004, 13069 MiB
2026/10/08 05:02:47.358, 1380 MHz, 1593 MHz, 411.77 W, 400.00 W, 63, 100 %, 0x0000000000000004, 13069 MiB
2026/10/08 05:02:48.359, 1365 MHz, 1593 MHz, 402.12 W, 400.00 W, 64, 100 %, 0x0000000000000004, 13069 MiB
2026/10/08 05:02:49.359, 1380 MHz, 1593 MHz, 379.01 W, 400.00 W, 64, 100 %, 0x0000000000000004, 13069 MiB
2026/10/08 05:02:50.360, 1350 MHz, 1593 MHz, 394.60 W, 400.00 W, 64, 100 %, 0x0000000000000004, 13069 MiB
2026/10/08 05:02:51.361, 1380 MHz, 1593 MHz, 404.24 W, 400.00 W, 64, 100 %, 0x0000000000000004, 13069 MiB
2026/10/08 05:02:52.362, 1380 MHz, 1593 MHz, 403.47 W, 400.00 W, 63, 100 %, 0x0000000000000004, 14449 MiB
2026/10/08 05:02:53.364, 1365 MHz, 1593 MHz, 400.61 W, 400.00 W, 63, 100 %, 0x0000000000000004, 14449 MiB
2026/10/08 05:02:54.364, 1365 MHz, 1593 MHz, 409.39 W, 400.00 W, 63, 100 %, 0x0000000000000004, 14449 MiB
2026/10/08 05:02:55.366, 1380 MHz, 1593 MHz, 397.90 W, 400.00 W, 63, 100 %, 0x0000000000000004, 14449 MiB
2026/10/08 05:02:56.367, 1380 MHz, 1593 MHz, 400.61 W, 400.00 W, 63, 100 %, 0x0000000000000004, 14449 MiB
2026/10/08 05:02:57.368, 1380 MHz, 1593 MHz, 389.58 W, 400.00 W, 63, 100 %, 0x0000000000000004, 14449 MiB
2026/10/08 05:02:58.369, 1380 MHz, 1593 MHz, 393.35 W, 400.00 W, 63, 100 %, 0x0000000000000004, 14449 MiB
2026/10/08 05:02:59.369, 1380 MHz, 1593 MHz, 390.04 W, 400.00 W, 63, 100 %, 0x0000000000000004, 14449 MiB
2026/10/08 05:03:00.370, 1410 MHz, 1593 MHz, 93.48 W, 400.00 W, 50, 0 %, 0x0000000000000000, 14453 MiB
2026/10/08 05:03:01.449, 1410 MHz, 1593 MHz, 91.09 W, 400.00 W, 47, 0 %, 0x0000000000000000, 9227 MiB
2026/10/08 05:03:02.451, 1410 MHz, 1593 MHz, 90.07 W, 400.00 W, 45, 0 %, 0x0000000000000000, 9227 MiB
2026/10/08 05:03:03.453, 1140 MHz, 1593 MHz, 72.28 W, 400.00 W, 44, 0 %, 0x0000000000000000, 9227 MiB
2026/10/08 05:03:04.455, 1140 MHz, 1593 MHz, 71.94 W, 400.00 W, 43, 0 %, 0x0000000000000000, 9227 MiB
2026/10/08 05:03:05.456, 1380 MHz, 1593 MHz, 396.19 W, 400.00 W, 55, 59 %, 0x0000000000000004, 13147 MiB
2026/10/08 05:03:06.457, 1365 MHz, 1593 MHz, 390.18 W, 400.00 W, 60, 100 %, 0x0000000000000004, 13147 MiB
2026/10/08 05:03:07.459, 1350 MHz, 1593 MHz, 441.62 W, 400.00 W, 61, 100 %, 0x0000000000000004, 13269 MiB
2026/10/08 05:03:08.461, 1365 MHz, 1593 MHz, 373.53 W, 400.00 W, 61, 100 %, 0x0000000000000004, 13269 MiB
2026/10/08 05:03:09.461, 1335 MHz, 1593 MHz, 404.83 W, 400.00 W, 62, 100 %, 0x0000000000000004, 13271 MiB
2026/10/08 05:03:10.463, 1380 MHz, 1593 MHz, 404.56 W, 400.00 W, 62, 100 %, 0x0000000000000004, 13271 MiB
2026/10/08 05:03:11.465, 1305 MHz, 1593 MHz, 467.30 W, 400.00 W, 62, 100 %, 0x0000000000000004, 16271 MiB
2026/10/08 05:03:12.465, 1380 MHz, 1593 MHz, 394.68 W, 400.00 W, 63, 100 %, 0x0000000000000004, 16271 MiB
2026/10/08 05:03:13.466, 1350 MHz, 1593 MHz, 393.16 W, 400.00 W, 62, 100 %, 0x0000000000000004, 16271 MiB
2026/10/08 05:03:14.466, 1395 MHz, 1593 MHz, 376.50 W, 400.00 W, 63, 100 %, 0x0000000000000004, 16271 MiB
2026/10/08 05:03:15.468, 1380 MHz, 1593 MHz, 416.92 W, 400.00 W, 63, 100 %, 0x0000000000000004, 16271 MiB
2026/10/08 05:03:16.470, 1380 MHz, 1593 MHz, 381.91 W, 400.00 W, 63, 100 %, 0x0000000000000004, 16271 MiB
2026/10/08 05:03:17.470, 1365 MHz, 1593 MHz, 391.56 W, 400.00 W, 64, 100 %, 0x0000000000000004, 16271 MiB
2026/10/08 05:03:18.472, 1380 MHz, 1593 MHz, 404.83 W, 400.00 W, 63, 100 %, 0x0000000000000004, 16271 MiB
2026/10/08 05:03:19.474, 1365 MHz, 1593 MHz, 389.45 W, 400.00 W, 64, 100 %, 0x0000000000000004, 16271 MiB
2026/10/08 05:03:20.475, 1380 MHz, 1593 MHz, 351.83 W, 400.00 W, 62, 100 %, 0x0000000000000004, 16271 MiB
2026/10/08 05:03:21.476, 1365 MHz, 1593 MHz, 417.02 W, 400.00 W, 64, 100 %, 0x0000000000000004, 16271 MiB
2026/10/08 05:03:22.476, 1275 MHz, 1593 MHz, 371.14 W, 400.00 W, 65, 100 %, 0x0000000000000004, 16271 MiB
2026/10/08 05:03:23.477, 1380 MHz, 1593 MHz, 404.83 W, 400.00 W, 64, 100 %, 0x0000000000000004, 16271 MiB
2026/10/08 05:03:24.478, 1305 MHz, 1593 MHz, 382.84 W, 400.00 W, 63, 100 %, 0x0000000000000004, 16271 MiB
2026/10/08 05:03:25.481, 1395 MHz, 1593 MHz, 384.62 W, 400.00 W, 64, 100 %, 0x0000000000000004, 16271 MiB
2026/10/08 05:03:26.482, 1365 MHz, 1593 MHz, 390.45 W, 400.00 W, 65, 100 %, 0x0000000000000004, 16271 MiB
2026/10/08 05:03:27.482, 1380 MHz, 1593 MHz, 404.33 W, 400.00 W, 62, 100 %, 0x0000000000000004, 9147 MiB
2026/10/08 05:03:28.484, 1380 MHz, 1593 MHz, 407.54 W, 400.00 W, 63, 100 %, 0x0000000000000004, 9147 MiB
2026/10/08 05:03:29.486, 1380 MHz, 1593 MHz, 397.58 W, 400.00 W, 63, 100 %, 0x0000000000000004, 9147 MiB
2026/10/08 05:03:30.487, 1380 MHz, 1593 MHz, 389.85 W, 400.00 W, 63, 100 %, 0x0000000000000004, 9147 MiB
2026/10/08 05:03:31.494, 1380 MHz, 1593 MHz, 402.86 W, 400.00 W, 63, 100 %, 0x0000000000000004, 9147 MiB
2026/10/08 05:03:32.496, 1365 MHz, 1593 MHz, 387.14 W, 400.00 W, 63, 100 %, 0x0000000000000004, 9147 MiB
2026/10/08 05:03:33.498, 1380 MHz, 1593 MHz, 390.18 W, 400.00 W, 64, 100 %, 0x0000000000000004, 9147 MiB
2026/10/08 05:03:34.498, 1395 MHz, 1593 MHz, 148.71 W, 400.00 W, 61, 95 %, 0x0000000000000004, 13273 MiB
2026/10/08 05:03:35.499, 1410 MHz, 1593 MHz, 94.08 W, 400.00 W, 49, 0 %, 0x0000000000000000, 12273 MiB
2026/10/08 05:03:36.549, 1410 MHz, 1593 MHz, 91.69 W, 400.00 W, 47, 0 %, 0x0000000000000000, 9565 MiB
2026/10/08 05:03:37.552, 1140 MHz, 1593 MHz, 72.81 W, 400.00 W, 45, 0 %, 0x0000000000000000, 9565 MiB
2026/10/08 05:03:38.553, 1140 MHz, 1593 MHz, 72.61 W, 400.00 W, 44, 0 %, 0x0000000000000000, 9565 MiB
2026/10/08 05:03:39.556, 1140 MHz, 1593 MHz, 72.21 W, 400.00 W, 43, 0 %, 0x0000000000000000, 9565 MiB
2026/10/08 05:03:40.557, 1365 MHz, 1593 MHz, 352.43 W, 400.00 W, 52, 24 %, 0x0000000000000000, 15383 MiB
2026/10/08 05:03:41.557, 1395 MHz, 1593 MHz, 391.37 W, 400.00 W, 60, 100 %, 0x0000000000000004, 15383 MiB
2026/10/08 05:03:42.558, 1365 MHz, 1593 MHz, 374.18 W, 400.00 W, 61, 100 %, 0x0000000000000004, 15409 MiB
2026/10/08 05:03:43.559, 1395 MHz, 1593 MHz, 392.48 W, 400.00 W, 61, 100 %, 0x0000000000000004, 15409 MiB
2026/10/08 05:03:44.560, 1365 MHz, 1593 MHz, 394.87 W, 400.00 W, 62, 100 %, 0x0000000000000004, 15411 MiB
2026/10/08 05:03:45.561, 1395 MHz, 1593 MHz, 410.25 W, 400.00 W, 62, 100 %, 0x0000000000000004, 15411 MiB
2026/10/08 05:03:46.562, 1350 MHz, 1593 MHz, 388.52 W, 400.00 W, 63, 100 %, 0x0000000000000004, 15411 MiB
2026/10/08 05:03:47.563, 1395 MHz, 1593 MHz, 377.16 W, 400.00 W, 63, 100 %, 0x0000000000000004, 15411 MiB
2026/10/08 05:03:48.565, 1365 MHz, 1593 MHz, 380.40 W, 400.00 W, 63, 100 %, 0x0000000000000004, 16111 MiB
2026/10/08 05:03:49.566, 1365 MHz, 1593 MHz, 355.41 W, 400.00 W, 61, 100 %, 0x0000000000000004, 16111 MiB
2026/10/08 05:03:50.568, 1365 MHz, 1593 MHz, 388.93 W, 400.00 W, 63, 100 %, 0x0000000000000004, 16111 MiB
2026/10/08 05:03:51.570, 1380 MHz, 1593 MHz, 368.43 W, 400.00 W, 63, 100 %, 0x0000000000000004, 16111 MiB
2026/10/08 05:03:52.571, 1350 MHz, 1593 MHz, 375.05 W, 400.00 W, 63, 100 %, 0x0000000000000004, 16111 MiB
2026/10/08 05:03:53.574, 1350 MHz, 1593 MHz, 459.45 W, 400.00 W, 62, 100 %, 0x0000000000000004, 16271 MiB
2026/10/08 05:03:54.574, 1380 MHz, 1593 MHz, 410.08 W, 400.00 W, 64, 100 %, 0x0000000000000004, 16271 MiB
2026/10/08 05:03:55.578, 1320 MHz, 1593 MHz, 515.85 W, 400.00 W, 63, 100 %, 0x0000000000000004, 16611 MiB
2026/10/08 05:03:56.580, 1380 MHz, 1593 MHz, 396.71 W, 400.00 W, 64, 100 %, 0x0000000000000004, 16611 MiB
2026/10/08 05:03:57.580, 1350 MHz, 1593 MHz, 379.28 W, 400.00 W, 64, 100 %, 0x0000000000000004, 16611 MiB
2026/10/08 05:03:58.581, 1395 MHz, 1593 MHz, 390.18 W, 400.00 W, 64, 100 %, 0x0000000000000004, 16611 MiB
2026/10/08 05:03:59.582, 1365 MHz, 1593 MHz, 390.77 W, 400.00 W, 64, 100 %, 0x0000000000000004, 16611 MiB
2026/10/08 05:04:00.584, 1380 MHz, 1593 MHz, 392.16 W, 400.00 W, 64, 100 %, 0x0000000000000004, 16611 MiB
2026/10/08 05:04:01.584, 1380 MHz, 1593 MHz, 412.69 W, 400.00 W, 65, 100 %, 0x0000000000000004, 16611 MiB
2026/10/08 05:04:02.585, 1380 MHz, 1593 MHz, 401.35 W, 400.00 W, 63, 100 %, 0x0000000000000004, 16611 MiB
2026/10/08 05:04:03.585, 1365 MHz, 1593 MHz, 391.05 W, 400.00 W, 63, 100 %, 0x0000000000000004, 16611 MiB
2026/10/08 05:04:04.587, 1380 MHz, 1593 MHz, 388.34 W, 400.00 W, 63, 100 %, 0x0000000000000004, 16611 MiB
2026/10/08 05:04:05.588, 1380 MHz, 1593 MHz, 403.47 W, 400.00 W, 64, 100 %, 0x0000000000000004, 16611 MiB
2026/10/08 05:04:06.588, 1380 MHz, 1593 MHz, 387.06 W, 400.00 W, 63, 100 %, 0x0000000000000004, 16611 MiB
2026/10/08 05:04:07.589, 1380 MHz, 1593 MHz, 397.72 W, 400.00 W, 64, 100 %, 0x0000000000000004, 16611 MiB
2026/10/08 05:04:08.591, 1365 MHz, 1593 MHz, 402.86 W, 400.00 W, 64, 100 %, 0x0000000000000004, 16611 MiB
2026/10/08 05:04:09.591, 1395 MHz, 1593 MHz, 424.45 W, 400.00 W, 63, 99 %, 0x0000000000000004, 16613 MiB
2026/10/08 05:04:10.592, 1410 MHz, 1593 MHz, 96.69 W, 400.00 W, 49, 58 %, 0x0000000000000000, 9563 MiB
2026/10/08 05:04:11.651, 1410 MHz, 1593 MHz, 90.99 W, 400.00 W, 47, 0 %, 0x0000000000000000, 9563 MiB
2026/10/08 05:04:12.652, 1140 MHz, 1593 MHz, 72.81 W, 400.00 W, 45, 0 %, 0x0000000000000000, 9563 MiB
2026/10/08 05:04:13.652, 1140 MHz, 1593 MHz, 72.28 W, 400.00 W, 44, 0 %, 0x0000000000000000, 9563 MiB
2026/10/08 05:04:14.655, 1140 MHz, 1593 MHz, 72.01 W, 400.00 W, 43, 0 %, 0x0000000000000000, 9563 MiB
2026/10/08 05:04:15.656, 1350 MHz, 1593 MHz, 332.80 W, 400.00 W, 57, 100 %, 0x0000000000000004, 16463 MiB
2026/10/08 05:04:16.656, 1365 MHz, 1593 MHz, 407.54 W, 400.00 W, 61, 100 %, 0x0000000000000004, 16469 MiB
2026/10/08 05:04:17.657, 1380 MHz, 1593 MHz, 374.78 W, 400.00 W, 60, 100 %, 0x0000000000000004, 16469 MiB
2026/10/08 05:04:18.658, 1365 MHz, 1593 MHz, 384.95 W, 400.00 W, 62, 100 %, 0x0000000000000004, 16471 MiB
2026/10/08 05:04:19.659, 1335 MHz, 1593 MHz, 421.41 W, 400.00 W, 61, 100 %, 0x0000000000000004, 16471 MiB
2026/10/08 05:04:20.661, 1380 MHz, 1593 MHz, 408.46 W, 400.00 W, 63, 100 %, 0x0000000000000004, 16471 MiB
2026/10/08 05:04:21.662, 1350 MHz, 1593 MHz, 399.51 W, 400.00 W, 63, 100 %, 0x0000000000000004, 16471 MiB
2026/10/08 05:04:22.664, 1365 MHz, 1593 MHz, 390.96 W, 400.00 W, 63, 100 %, 0x0000000000000004, 16471 MiB
2026/10/08 05:04:23.665, 1305 MHz, 1593 MHz, 475.11 W, 400.00 W, 62, 100 %, 0x0000000000000004, 16471 MiB
2026/10/08 05:04:24.666, 1395 MHz, 1593 MHz, 381.72 W, 400.00 W, 64, 100 %, 0x0000000000000004, 16471 MiB
2026/10/08 05:04:25.667, 1365 MHz, 1593 MHz, 392.57 W, 400.00 W, 64, 100 %, 0x0000000000000004, 16471 MiB
2026/10/08 05:04:26.668, 1395 MHz, 1593 MHz, 390.96 W, 400.00 W, 63, 100 %, 0x0000000000000004, 16471 MiB
2026/10/08 05:04:27.669, 1350 MHz, 1593 MHz, 364.41 W, 400.00 W, 64, 100 %, 0x0000000000000004, 16471 MiB
2026/10/08 05:04:28.671, 1395 MHz, 1593 MHz, 376.50 W, 400.00 W, 64, 100 %, 0x0000000000000004, 16471 MiB
2026/10/08 05:04:29.674, 1380 MHz, 1593 MHz, 390.36 W, 400.00 W, 64, 100 %, 0x0000000000000004, 16471 MiB
2026/10/08 05:04:30.675, 1350 MHz, 1593 MHz, 334.32 W, 400.00 W, 64, 100 %, 0x0000000000000004, 16471 MiB
2026/10/08 05:04:31.677, 1365 MHz, 1593 MHz, 359.64 W, 400.00 W, 64, 100 %, 0x0000000000000004, 16471 MiB
2026/10/08 05:04:32.678, 1365 MHz, 1593 MHz, 402.45 W, 400.00 W, 64, 100 %, 0x0000000000000004, 16471 MiB
2026/10/08 05:04:33.678, 1350 MHz, 1593 MHz, 404.83 W, 400.00 W, 64, 100 %, 0x0000000000000004, 16471 MiB
2026/10/08 05:04:34.679, 1320 MHz, 1593 MHz, 438.05 W, 400.00 W, 65, 100 %, 0x0000000000000004, 16471 MiB
2026/10/08 05:04:35.681, 1350 MHz, 1593 MHz, 387.46 W, 400.00 W, 65, 100 %, 0x0000000000000004, 16471 MiB
2026/10/08 05:04:36.683, 1380 MHz, 1593 MHz, 415.08 W, 400.00 W, 63, 95 %, 0x0000000000000004, 16471 MiB
2026/10/08 05:04:37.684, 1365 MHz, 1593 MHz, 393.16 W, 400.00 W, 63, 100 %, 0x0000000000000004, 16471 MiB
2026/10/08 05:04:38.686, 1380 MHz, 1593 MHz, 390.36 W, 400.00 W, 64, 100 %, 0x0000000000000004, 16471 MiB
2026/10/08 05:04:39.687, 1365 MHz, 1593 MHz, 410.25 W, 400.00 W, 64, 100 %, 0x0000000000000004, 16471 MiB
2026/10/08 05:04:40.689, 1365 MHz, 1593 MHz, 391.29 W, 400.00 W, 63, 100 %, 0x0000000000000004, 16471 MiB
2026/10/08 05:04:41.691, 1380 MHz, 1593 MHz, 397.90 W, 400.00 W, 64, 100 %, 0x0000000000000004, 16471 MiB
2026/10/08 05:04:42.692, 1380 MHz, 1593 MHz, 385.95 W, 400.00 W, 64, 100 %, 0x0000000000000004, 16471 MiB
2026/10/08 05:04:43.693, 1365 MHz, 1593 MHz, 415.99 W, 400.00 W, 64, 100 %, 0x0000000000000004, 16471 MiB
2026/10/08 05:04:44.693, 1410 MHz, 1593 MHz, 95.50 W, 400.00 W, 51, 0 %, 0x0000000000000000, 16473 MiB
2026/10/08 05:04:45.749, 1410 MHz, 1593 MHz, 92.19 W, 400.00 W, 48, 0 %, 0x0000000000000000, 9563 MiB
2026/10/08 05:04:46.752, 1410 MHz, 1593 MHz, 91.36 W, 400.00 W, 46, 0 %, 0x0000000000000000, 9563 MiB
2026/10/08 05:04:47.753, 1140 MHz, 1593 MHz, 72.89 W, 400.00 W, 44, 0 %, 0x0000000000000000, 9563 MiB
2026/10/08 05:04:48.754, 1140 MHz, 1593 MHz, 72.21 W, 400.00 W, 44, 0 %, 0x0000000000000000, 9563 MiB
2026/10/08 05:04:49.755, 1140 MHz, 1593 MHz, 72.01 W, 400.00 W, 43, 35 %, 0x0000000000000000, 13503 MiB
2026/10/08 05:04:50.755, 1395 MHz, 1593 MHz, 407.86 W, 400.00 W, 59, 100 %, 0x0000000000000004, 15783 MiB
2026/10/08 05:04:51.756, 1380 MHz, 1593 MHz, 374.98 W, 400.00 W, 61, 100 %, 0x0000000000000004, 15789 MiB
2026/10/08 05:04:52.757, 1395 MHz, 1593 MHz, 394.60 W, 400.00 W, 61, 100 %, 0x0000000000000004, 15791 MiB
2026/10/08 05:04:53.758, 1365 MHz, 1593 MHz, 368.11 W, 400.00 W, 62, 100 %, 0x0000000000000004, 15791 MiB
2026/10/08 05:04:54.760, 1395 MHz, 1593 MHz, 362.36 W, 400.00 W, 62, 100 %, 0x0000000000000004, 15791 MiB
2026/10/08 05:04:55.760, 1365 MHz, 1593 MHz, 394.68 W, 400.00 W, 63, 100 %, 0x0000000000000004, 15791 MiB
2026/10/08 05:04:56.761, 1395 MHz, 1593 MHz, 370.55 W, 400.00 W, 63, 100 %, 0x0000000000000004, 15791 MiB
2026/10/08 05:04:57.762, 1365 MHz, 1593 MHz, 384.43 W, 400.00 W, 63, 100 %, 0x0000000000000004, 15791 MiB
2026/10/08 05:04:58.762, 1380 MHz, 1593 MHz, 420.55 W, 400.00 W, 63, 100 %, 0x0000000000000004, 15791 MiB
2026/10/08 05:04:59.763, 1365 MHz, 1593 MHz, 410.85 W, 400.00 W, 63, 100 %, 0x0000000000000004, 15791 MiB
2026/10/08 05:05:00.763, 1305 MHz, 1593 MHz, 352.43 W, 400.00 W, 62, 100 %, 0x0000000000000004, 15791 MiB
2026/10/08 05:05:01.765, 1380 MHz, 1593 MHz, 410.25 W, 400.00 W, 64, 100 %, 0x0000000000000004, 15791 MiB
2026/10/08 05:05:02.766, 1365 MHz, 1593 MHz, 391.69 W, 400.00 W, 63, 100 %, 0x0000000000000004, 15791 MiB
2026/10/08 05:05:03.766, 1380 MHz, 1593 MHz, 404.24 W, 400.00 W, 64, 100 %, 0x0000000000000004, 15791 MiB
2026/10/08 05:05:04.767, 1260 MHz, 1593 MHz, 320.38 W, 400.00 W, 64, 100 %, 0x0000000000000004, 16571 MiB
2026/10/08 05:05:05.768, 1395 MHz, 1593 MHz, 403.47 W, 400.00 W, 64, 100 %, 0x0000000000000004, 16571 MiB
2026/10/08 05:05:06.769, 1350 MHz, 1593 MHz, 406.95 W, 400.00 W, 64, 100 %, 0x0000000000000004, 16571 MiB
2026/10/08 05:05:07.770, 1395 MHz, 1593 MHz, 408.14 W, 400.00 W, 64, 100 %, 0x0000000000000004, 16571 MiB
2026/10/08 05:05:08.771, 1350 MHz, 1593 MHz, 388.06 W, 400.00 W, 65, 100 %, 0x0000000000000004, 16571 MiB
2026/10/08 05:05:09.772, 1395 MHz, 1593 MHz, 383.83 W, 400.00 W, 65, 100 %, 0x0000000000000004, 16571 MiB
2026/10/08 05:05:10.772, 1380 MHz, 1593 MHz, 392.16 W, 400.00 W, 64, 100 %, 0x0000000000000004, 16571 MiB
2026/10/08 05:05:11.774, 1365 MHz, 1593 MHz, 387.06 W, 400.00 W, 63, 100 %, 0x0000000000000004, 16571 MiB
2026/10/08 05:05:12.774, 1380 MHz, 1593 MHz, 396.38 W, 400.00 W, 64, 100 %, 0x0000000000000004, 16571 MiB
2026/10/08 05:05:13.775, 1365 MHz, 1593 MHz, 378.01 W, 400.00 W, 63, 100 %, 0x0000000000000004, 16571 MiB
2026/10/08 05:05:14.776, 1380 MHz, 1593 MHz, 385.95 W, 400.00 W, 63, 100 %, 0x0000000000000004, 16571 MiB
2026/10/08 05:05:15.776, 1365 MHz, 1593 MHz, 401.35 W, 400.00 W, 64, 100 %, 0x0000000000000004, 16571 MiB
2026/10/08 05:05:16.778, 1380 MHz, 1593 MHz, 394.68 W, 400.00 W, 63, 100 %, 0x0000000000000004, 16571 MiB
2026/10/08 05:05:17.778, 1365 MHz, 1593 MHz, 404.56 W, 400.00 W, 64, 100 %, 0x0000000000000004, 16571 MiB
2026/10/08 05:05:18.781, 1395 MHz, 1593 MHz, 358.77 W, 400.00 W, 63, 98 %, 0x0000000000000004, 16573 MiB
2026/10/08 05:05:19.789, 1410 MHz, 1593 MHz, 98.54 W, 400.00 W, 49, 37 %, 0x0000000000000000, 9563 MiB
2026/10/08 05:05:20.790, 1410 MHz, 1593 MHz, 91.09 W, 400.00 W, 47, 0 %, 0x0000000000000000, 9563 MiB
2026/10/08 05:05:21.792, 1140 MHz, 1593 MHz, 73.80 W, 400.00 W, 45, 0 %, 0x0000000000000000, 9563 MiB
2026/10/08 05:05:22.793, 1140 MHz, 1593 MHz, 72.21 W, 400.00 W, 44, 0 %, 0x0000000000000000, 9563 MiB
2026/10/08 05:05:23.793, 1140 MHz, 1593 MHz, 74.40 W, 400.00 W, 43, 0 %, 0x0000000000000000, 9560 MiB
