{
    "affinity_pred_value": -0.46021080017089844,
    "affinity_probability_binary": 0.9286603927612305,
    "affinity_pred_value1": 0.21735087037086487,
    "affinity_probability_binary1": 0.9292458295822144,
    "affinity_pred_value2": 0.6638723015785217,
    "affinity_probability_binary2": 0.9280748963356018
}