{
    "affinity_pred_value": 2.5835635662078857,
    "affinity_probability_binary": 0.8428548574447632,
    "affinity_pred_value1": 2.455629348754883,
    "affinity_probability_binary1": 0.891424834728241,
    "affinity_pred_value2": 1.9502493143081665,
    "affinity_probability_binary2": 0.7942848205566406
}