{
  "pid": 774645,
  "calls": [
    {
      "conditioning": 0.23968576900369953,
      "diffusion_sample": 16.376423291003448,
      "total": 32.19197036100377
    },
    {
      "conditioning": 0.3152121229941258,
      "diffusion_sample": 11.016607418991043,
      "total": 16.94056199499755
    },
    {
      "conditioning": 0.30191291800292674,
      "diffusion_sample": 11.422897759999614,
      "total": 17.296395229001064
    }
  ]
}