{
    "affinity_pred_value": 2.5739598274230957,
    "affinity_probability_binary": 0.8028035163879395,
    "affinity_pred_value1": 2.4305882453918457,
    "affinity_probability_binary1": 0.8360146880149841,
    "affinity_pred_value2": 1.9567371606826782,
    "affinity_probability_binary2": 0.76959228515625
}