{
  "seed": 4,
  "target_id": "prot",
  "harvested_from": "/home/ttuser/pharma_seedbump2/boltz2_prot_msa/ref_harness_s4",
  "selected_record": {
    "confidence_score": 0.8038568496704102,
    "ptm": 0.7093752026557922,
    "iptm": 0.0,
    "ligand_iptm": 0.0,
    "protein_iptm": 0.0,
    "complex_plddt": 0.827477216720581,
    "complex_iplddt": 0.827477216720581,
    "complex_pde": 0.8242709040641785,
    "complex_ipde": 0.0,
    "chains_ptm": {
      "0": 0.7093752026557922
    },
    "pair_chains_iptm": {
      "0": {
        "0": 0.7093752026557922
      }
    },
    "id": "prot"
  },
  "note": "real reference output copied verbatim; not regenerated or edited"
}
