{
    "affinity_pred_value": -0.5064778327941895,
    "affinity_probability_binary": 0.9284183979034424,
    "affinity_pred_value1": 0.12126228213310242,
    "affinity_probability_binary1": 0.9285504221916199,
    "affinity_pred_value2": 0.6705783009529114,
    "affinity_probability_binary2": 0.9282864332199097
}