{
    "confidence_score": 0.9267925024032593,
    "ptm": 0.8807749152183533,
    "iptm": 0.8770096302032471,
    "ligand_iptm": 0.8770096302032471,
    "protein_iptm": 0.0,
    "complex_plddt": 0.9392381906509399,
    "complex_iplddt": 0.9085332751274109,
    "complex_pde": 0.5756403207778931,
    "complex_ipde": 1.042349934577942,
    "chains_ptm": {
        "0": 0.8834939002990723,
        "1": 0.8705739974975586
    },
    "pair_chains_iptm": {
        "0": {
            "0": 0.8834939002990723,
            "1": 0.6048942804336548
        },
        "1": {
            "0": 0.8770096302032471,
            "1": 0.8705739974975586
        }
    }
}