OP CODE,OP TYPE,GLOBAL CALL COUNT,DEVICE ID,DEVICE ARCH,ATTRIBUTES,MATH FIDELITY,CORE COUNT,AVAILABLE WORKER CORE COUNT,PARALLELIZATION STRATEGY,HOST START TS,HOST END TS,HOST DURATION [ns],DEVICE FW START CYCLE,DEVICE FW END CYCLE,OP TO OP LATENCY [ns],OP TO OP LATENCY BR/NRISC START [ns],DEVICE FW DURATION [ns],DEVICE KERNEL DURATION [ns],DEVICE KERNEL DURATION DM START [ns],DEVICE KERNEL DURATION PER CORE MIN [ns],DEVICE KERNEL DURATION PER CORE MAX [ns],DEVICE KERNEL DURATION PER CORE AVG [ns],DEVICE KERNEL FIRST TO LAST START [ns],DEVICE BRISC KERNEL DURATION [ns],DEVICE NCRISC KERNEL DURATION [ns],DEVICE TRISC0 KERNEL DURATION [ns],DEVICE TRISC1 KERNEL DURATION [ns],DEVICE TRISC2 KERNEL DURATION [ns],DEVICE ERISC KERNEL DURATION [ns],DEVICE COMPUTE CB WAIT FRONT [ns],DEVICE COMPUTE CB RESERVE BACK [ns],DISPATCH TOTAL CQ CMD OP TIME [ns],DISPATCH GO SEND WAIT TIME [ns],INPUT_0_W_PAD[LOGICAL],INPUT_0_Z_PAD[LOGICAL],INPUT_0_Y_PAD[LOGICAL],INPUT_0_X_PAD[LOGICAL],INPUT_0_LAYOUT,INPUT_0_DATATYPE,INPUT_0_MEMORY,INPUT_1_W_PAD[LOGICAL],INPUT_1_Z_PAD[LOGICAL],INPUT_1_Y_PAD[LOGICAL],INPUT_1_X_PAD[LOGICAL],INPUT_1_LAYOUT,INPUT_1_DATATYPE,INPUT_1_MEMORY,INPUT_2_W_PAD[LOGICAL],INPUT_2_Z_PAD[LOGICAL],INPUT_2_Y_PAD[LOGICAL],INPUT_2_X_PAD[LOGICAL],INPUT_2_LAYOUT,INPUT_2_DATATYPE,INPUT_2_MEMORY,INPUT_3_W_PAD[LOGICAL],INPUT_3_Z_PAD[LOGICAL],INPUT_3_Y_PAD[LOGICAL],INPUT_3_X_PAD[LOGICAL],INPUT_3_LAYOUT,INPUT_3_DATATYPE,INPUT_3_MEMORY,INPUT_4_W_PAD[LOGICAL],INPUT_4_Z_PAD[LOGICAL],INPUT_4_Y_PAD[LOGICAL],INPUT_4_X_PAD[LOGICAL],INPUT_4_LAYOUT,INPUT_4_DATATYPE,INPUT_4_MEMORY,INPUT_5_W_PAD[LOGICAL],INPUT_5_Z_PAD[LOGICAL],INPUT_5_Y_PAD[LOGICAL],INPUT_5_X_PAD[LOGICAL],INPUT_5_LAYOUT,INPUT_5_DATATYPE,INPUT_5_MEMORY,INPUT_6_W_PAD[LOGICAL],INPUT_6_Z_PAD[LOGICAL],INPUT_6_Y_PAD[LOGICAL],INPUT_6_X_PAD[LOGICAL],INPUT_6_LAYOUT,INPUT_6_DATATYPE,INPUT_6_MEMORY,INPUT_7_W_PAD[LOGICAL],INPUT_7_Z_PAD[LOGICAL],INPUT_7_Y_PAD[LOGICAL],INPUT_7_X_PAD[LOGICAL],INPUT_7_LAYOUT,INPUT_7_DATATYPE,INPUT_7_MEMORY,INPUT_8_W_PAD[LOGICAL],INPUT_8_Z_PAD[LOGICAL],INPUT_8_Y_PAD[LOGICAL],INPUT_8_X_PAD[LOGICAL],INPUT_8_LAYOUT,INPUT_8_DATATYPE,INPUT_8_MEMORY,INPUT_9_W_PAD[LOGICAL],INPUT_9_Z_PAD[LOGICAL],INPUT_9_Y_PAD[LOGICAL],INPUT_9_X_PAD[LOGICAL],INPUT_9_LAYOUT,INPUT_9_DATATYPE,INPUT_9_MEMORY,OUTPUT_0_W_PAD[LOGICAL],OUTPUT_0_Z_PAD[LOGICAL],OUTPUT_0_Y_PAD[LOGICAL],OUTPUT_0_X_PAD[LOGICAL],OUTPUT_0_LAYOUT,OUTPUT_0_DATATYPE,OUTPUT_0_MEMORY,OUTPUT_1_W_PAD[LOGICAL],OUTPUT_1_Z_PAD[LOGICAL],OUTPUT_1_Y_PAD[LOGICAL],OUTPUT_1_X_PAD[LOGICAL],OUTPUT_1_LAYOUT,OUTPUT_1_DATATYPE,OUTPUT_1_MEMORY,OUTPUT_2_W_PAD[LOGICAL],OUTPUT_2_Z_PAD[LOGICAL],OUTPUT_2_Y_PAD[LOGICAL],OUTPUT_2_X_PAD[LOGICAL],OUTPUT_2_LAYOUT,OUTPUT_2_DATATYPE,OUTPUT_2_MEMORY,METAL TRACE ID,METAL TRACE REPLAY SESSION ID,COMPUTE KERNEL SOURCE,COMPUTE KERNEL HASH,DATA MOVEMENT KERNEL SOURCE,DATA MOVEMENT KERNEL HASH,PROGRAM HASH,PROGRAM CACHE HIT,TENSIX DM 0 MAX KERNEL SIZE [B],TENSIX DM 1 MAX KERNEL SIZE [B],TENSIX COMPUTE 0 MAX KERNEL SIZE [B],TENSIX COMPUTE 1 MAX KERNEL SIZE [B],TENSIX COMPUTE 2 MAX KERNEL SIZE [B],ACTIVE ETH DM 0 MAX KERNEL SIZE [B],ACTIVE ETH DM 1 MAX KERNEL SIZE [B],IDLE ETH DM 0 MAX KERNEL SIZE [B],IDLE ETH DM 1 MAX KERNEL SIZE [B],PM IDEAL [ns],PM COMPUTE [ns],PM BANDWIDTH [ns],PM REQ I BW,PM REQ O BW,PM FPU UTIL (%),NOC UTIL (%),MULTICAST NOC UTIL (%),DRAM BW UTIL (%),ETH BW UTIL (%),NPE CONG IMPACT (%)
BinaryNgDeviceOperation,tt_dnn_device,1024,0,blackhole,{'binary_op_type': 'BinaryOpType::ADD'; 'compute_kernel_config': 'std::nullopt'; 'dtype': 'DataType::BFLOAT16'; 'input_dtype': 'DataType::BFLOAT16'; 'is_quant_op': 'false'; 'is_sfpu': 'false'; 'is_where_op': 'false'; 'lhs_activations': '{}'; 'memory_config': 'MemoryConfig(memory_layout=TensorMemoryLayout::INTERLEAVED;buffer_type=BufferType::DRAM;shard_spec=std::nullopt;nd_shard_spec=std::nullopt;created_with_nd_shard_spec=0)'; 'post_activations': '{}'; 'rhs_activations': '{}'; 'scalar': 'std::nullopt'; 'sub_core_grids': 'std::nullopt'; 'subtile_broadcast_type': 'SubtileBroadcastType::NONE'; 'worker_grid': '{[(x=0;y=0) - (x=10;y=9)]}'},HiFi4,110,110,,4550119973,4550258830,138857,7503968382006,7503968384779,0,0,2054,1631,1536,,,,590,1472,1127,1089,603,642,,,,,,1[1],1[1],32[32],32[32],TILE,BFLOAT16,DEV_1_DRAM_INTERLEAVED,1[1],1[1],32[32],32[32],TILE,BFLOAT16,DEV_1_DRAM_INTERLEAVED,,,,,,,,,,,,,,,,,,,,,,,,,,,,,,,,,,,,,,,,,,,,,,,,,,,,,,,,,1[1],1[1],32[32],32[32],TILE,BFLOAT16,DEV_1_DRAM_INTERLEAVED,,,,,,,,,,,,,,,,,['ttnn/cpp/ttnn/operations/eltwise/binary_ng/device/kernels/compute/eltwise_binary_no_bcast.cpp'],['eltwise_binary_no_bcast/7008375477495064524/'],['ttnn/cpp/ttnn/operations/eltwise/binary_ng/device/kernels_ng/dataflow/reader_interleaved_no_bcast.cpp'; 'ttnn/cpp/ttnn/operations/eltwise/binary_ng/device/kernels_ng/dataflow/writer_interleaved_no_bcast.cpp'],['reader_interleaved_no_bcast/13569263223077070646/'; 'writer_interleaved_no_bcast/17771707349566412835/'],18417575360683381351,False,1120,1644,1344,672,1296,0,0,0,0,1,1,1,[],[],0.061,,,,,
BinaryNgDeviceOperation,tt_dnn_device,2048,0,blackhole,{'binary_op_type': 'BinaryOpType::MUL'; 'compute_kernel_config': 'std::nullopt'; 'dtype': 'DataType::BFLOAT16'; 'input_dtype': 'DataType::BFLOAT16'; 'is_quant_op': 'false'; 'is_sfpu': 'true'; 'is_where_op': 'false'; 'lhs_activations': '{}'; 'memory_config': 'MemoryConfig(memory_layout=TensorMemoryLayout::INTERLEAVED;buffer_type=BufferType::DRAM;shard_spec=std::nullopt;nd_shard_spec=std::nullopt;created_with_nd_shard_spec=0)'; 'post_activations': '{}'; 'rhs_activations': '{}'; 'scalar': '1'; 'sub_core_grids': 'std::nullopt'; 'subtile_broadcast_type': 'SubtileBroadcastType::NONE'; 'worker_grid': '{[(x=0;y=0) - (x=10;y=9)]}'},HiFi4,110,110,,4561340682,4561436987,96305,7503983535019,7503983539585,11222199,11223816,3382,2845,2838,,,,561,2789,1111,1907,2423,703,,,,,,1[1],1[1],128[128],32[4],TILE,BFLOAT16,DEV_1_DRAM_INTERLEAVED,1[1],1[1],128[128],32[4],TILE,BFLOAT16,DEV_1_DRAM_INTERLEAVED,,,,,,,,,,,,,,,,,,,,,,,,,,,,,,,,,,,,,,,,,,,,,,,,,,,,,,,,,1[1],1[1],128[128],32[4],TILE,BFLOAT16,DEV_1_DRAM_INTERLEAVED,,,,,,,,,,,,,,,,,['ttnn/cpp/ttnn/operations/eltwise/binary_ng/device/kernels/compute/eltwise_binary_sfpu_scalar.cpp'],['eltwise_binary_sfpu_scalar/6302317103236044736/'],['ttnn/cpp/ttnn/operations/eltwise/binary_ng/device/kernels/dataflow/reader_interleaved_no_bcast.cpp'; 'ttnn/cpp/ttnn/operations/eltwise/binary_ng/device/kernels/dataflow/writer_interleaved_scalar.cpp'],['reader_interleaved_no_bcast/15501400787415134526/'; 'writer_interleaved_scalar/13747915134593411132/'],15691238620557725211,False,1228,1256,1532,1264,1296,0,0,0,0,1,1,1,[],[],0.035,,,,,
BinaryNgDeviceOperation,tt_dnn_device,3072,0,blackhole,{'binary_op_type': 'BinaryOpType::MUL'; 'compute_kernel_config': 'std::nullopt'; 'dtype': 'DataType::BFLOAT16'; 'input_dtype': 'DataType::BFLOAT16'; 'is_quant_op': 'false'; 'is_sfpu': 'true'; 'is_where_op': 'false'; 'lhs_activations': '{}'; 'memory_config': 'MemoryConfig(memory_layout=TensorMemoryLayout::INTERLEAVED;buffer_type=BufferType::DRAM;shard_spec=std::nullopt;nd_shard_spec=std::nullopt;created_with_nd_shard_spec=0)'; 'post_activations': '{}'; 'rhs_activations': '{}'; 'scalar': '1'; 'sub_core_grids': 'std::nullopt'; 'subtile_broadcast_type': 'SubtileBroadcastType::NONE'; 'worker_grid': '{[(x=0;y=0) - (x=10;y=9)]}'},HiFi4,110,110,,4563051735,4563129224,77489,7503985844830,7503985849389,1708293,1708293,3377,2841,2841,,,,559,2790,1117,1903,2422,709,,,,,,1[1],1[1],128[128],32[4],TILE,BFLOAT16,DEV_1_DRAM_INTERLEAVED,1[1],1[1],128[128],32[4],TILE,BFLOAT16,DEV_1_DRAM_INTERLEAVED,,,,,,,,,,,,,,,,,,,,,,,,,,,,,,,,,,,,,,,,,,,,,,,,,,,,,,,,,1[1],1[1],128[128],32[4],TILE,BFLOAT16,DEV_1_DRAM_INTERLEAVED,,,,,,,,,,,,,,,,,['ttnn/cpp/ttnn/operations/eltwise/binary_ng/device/kernels/compute/eltwise_binary_sfpu_scalar.cpp'],['eltwise_binary_sfpu_scalar/6302317103236044736/'],['ttnn/cpp/ttnn/operations/eltwise/binary_ng/device/kernels/dataflow/reader_interleaved_no_bcast.cpp'; 'ttnn/cpp/ttnn/operations/eltwise/binary_ng/device/kernels/dataflow/writer_interleaved_scalar.cpp'],['reader_interleaved_no_bcast/15501400787415134526/'; 'writer_interleaved_scalar/13747915134593411132/'],15691238620557725211,True,1228,1256,1532,1264,1296,0,0,0,0,1,1,1,[],[],0.035,,,,,
BinaryNgDeviceOperation,tt_dnn_device,4096,0,blackhole,{'binary_op_type': 'BinaryOpType::MUL'; 'compute_kernel_config': 'std::nullopt'; 'dtype': 'DataType::BFLOAT16'; 'input_dtype': 'DataType::BFLOAT16'; 'is_quant_op': 'false'; 'is_sfpu': 'true'; 'is_where_op': 'false'; 'lhs_activations': '{}'; 'memory_config': 'MemoryConfig(memory_layout=TensorMemoryLayout::INTERLEAVED;buffer_type=BufferType::DRAM;shard_spec=std::nullopt;nd_shard_spec=std::nullopt;created_with_nd_shard_spec=0)'; 'post_activations': '{}'; 'rhs_activations': '{}'; 'scalar': '1'; 'sub_core_grids': 'std::nullopt'; 'subtile_broadcast_type': 'SubtileBroadcastType::NONE'; 'worker_grid': '{[(x=0;y=0) - (x=10;y=9)]}'},HiFi4,110,110,,4568934171,4569011660,77489,7503993785938,7503993790516,5880390,5880390,3391,2836,2836,,,,561,2836,1116,1894,2421,709,,,,,,1[1],1[1],128[128],32[4],TILE,BFLOAT16,DEV_1_DRAM_INTERLEAVED,1[1],1[1],128[128],32[4],TILE,BFLOAT16,DEV_1_DRAM_INTERLEAVED,,,,,,,,,,,,,,,,,,,,,,,,,,,,,,,,,,,,,,,,,,,,,,,,,,,,,,,,,1[1],1[1],128[128],32[4],TILE,BFLOAT16,DEV_1_DRAM_INTERLEAVED,,,,,,,,,,,,,,,,,['ttnn/cpp/ttnn/operations/eltwise/binary_ng/device/kernels/compute/eltwise_binary_sfpu_scalar.cpp'],['eltwise_binary_sfpu_scalar/6302317103236044736/'],['ttnn/cpp/ttnn/operations/eltwise/binary_ng/device/kernels/dataflow/reader_interleaved_no_bcast.cpp'; 'ttnn/cpp/ttnn/operations/eltwise/binary_ng/device/kernels/dataflow/writer_interleaved_scalar.cpp'],['reader_interleaved_no_bcast/15501400787415134526/'; 'writer_interleaved_scalar/13747915134593411132/'],15691238620557725211,True,1228,1256,1532,1264,1296,0,0,0,0,1,1,1,[],[],0.035,,,,,
BinaryNgDeviceOperation,tt_dnn_device,5120,0,blackhole,{'binary_op_type': 'BinaryOpType::MUL'; 'compute_kernel_config': 'std::nullopt'; 'dtype': 'DataType::BFLOAT16'; 'input_dtype': 'DataType::BFLOAT16'; 'is_quant_op': 'false'; 'is_sfpu': 'true'; 'is_where_op': 'false'; 'lhs_activations': '{}'; 'memory_config': 'MemoryConfig(memory_layout=TensorMemoryLayout::INTERLEAVED;buffer_type=BufferType::DRAM;shard_spec=std::nullopt;nd_shard_spec=std::nullopt;created_with_nd_shard_spec=0)'; 'post_activations': '{}'; 'rhs_activations': '{}'; 'scalar': '1'; 'sub_core_grids': 'std::nullopt'; 'subtile_broadcast_type': 'SubtileBroadcastType::NONE'; 'worker_grid': '{[(x=0;y=0) - (x=10;y=9)]}'},HiFi4,110,110,,4570221090,4570293570,72480,7503995523933,7503995528486,1284394,1284586,3373,2830,2823,,,,553,2799,1091,1901,2419,696,,,,,,1[1],1[1],128[128],32[4],TILE,BFLOAT16,DEV_1_DRAM_INTERLEAVED,1[1],1[1],128[128],32[4],TILE,BFLOAT16,DEV_1_DRAM_INTERLEAVED,,,,,,,,,,,,,,,,,,,,,,,,,,,,,,,,,,,,,,,,,,,,,,,,,,,,,,,,,1[1],1[1],128[128],32[4],TILE,BFLOAT16,DEV_1_DRAM_INTERLEAVED,,,,,,,,,,,,,,,,,['ttnn/cpp/ttnn/operations/eltwise/binary_ng/device/kernels/compute/eltwise_binary_sfpu_scalar.cpp'],['eltwise_binary_sfpu_scalar/6302317103236044736/'],['ttnn/cpp/ttnn/operations/eltwise/binary_ng/device/kernels/dataflow/reader_interleaved_no_bcast.cpp'; 'ttnn/cpp/ttnn/operations/eltwise/binary_ng/device/kernels/dataflow/writer_interleaved_scalar.cpp'],['reader_interleaved_no_bcast/15501400787415134526/'; 'writer_interleaved_scalar/13747915134593411132/'],15691238620557725211,True,1228,1256,1532,1264,1296,0,0,0,0,1,1,1,[],[],0.035,,,,,
BinaryNgDeviceOperation,tt_dnn_device,6144,0,blackhole,{'binary_op_type': 'BinaryOpType::MUL'; 'compute_kernel_config': 'std::nullopt'; 'dtype': 'DataType::BFLOAT16'; 'input_dtype': 'DataType::BFLOAT16'; 'is_quant_op': 'false'; 'is_sfpu': 'true'; 'is_where_op': 'false'; 'lhs_activations': '{}'; 'memory_config': 'MemoryConfig(memory_layout=TensorMemoryLayout::INTERLEAVED;buffer_type=BufferType::DRAM;shard_spec=std::nullopt;nd_shard_spec=std::nullopt;created_with_nd_shard_spec=0)'; 'post_activations': '{}'; 'rhs_activations': '{}'; 'scalar': '1'; 'sub_core_grids': 'std::nullopt'; 'subtile_broadcast_type': 'SubtileBroadcastType::NONE'; 'worker_grid': '{[(x=0;y=0) - (x=10;y=9)]}'},HiFi4,110,110,,4576875248,4576940282,65034,7504004507293,7504004511861,6651420,6651943,3384,2837,2835,,,,559,2816,1111,1906,2427,710,,,,,,1[1],1[1],128[128],32[4],TILE,BFLOAT16,DEV_1_DRAM_INTERLEAVED,1[1],1[1],128[128],32[4],TILE,BFLOAT16,DEV_1_DRAM_INTERLEAVED,,,,,,,,,,,,,,,,,,,,,,,,,,,,,,,,,,,,,,,,,,,,,,,,,,,,,,,,,1[1],1[1],128[128],32[4],TILE,BFLOAT16,DEV_1_DRAM_INTERLEAVED,,,,,,,,,,,,,,,,,['ttnn/cpp/ttnn/operations/eltwise/binary_ng/device/kernels/compute/eltwise_binary_sfpu_scalar.cpp'],['eltwise_binary_sfpu_scalar/6302317103236044736/'],['ttnn/cpp/ttnn/operations/eltwise/binary_ng/device/kernels/dataflow/reader_interleaved_no_bcast.cpp'; 'ttnn/cpp/ttnn/operations/eltwise/binary_ng/device/kernels/dataflow/writer_interleaved_scalar.cpp'],['reader_interleaved_no_bcast/15501400787415134526/'; 'writer_interleaved_scalar/13747915134593411132/'],15691238620557725211,True,1228,1256,1532,1264,1296,0,0,0,0,1,1,1,[],[],0.035,,,,,
BinaryNgDeviceOperation,tt_dnn_device,7168,0,blackhole,{'binary_op_type': 'BinaryOpType::MUL'; 'compute_kernel_config': 'std::nullopt'; 'dtype': 'DataType::BFLOAT16'; 'input_dtype': 'DataType::BFLOAT16'; 'is_quant_op': 'false'; 'is_sfpu': 'true'; 'is_where_op': 'false'; 'lhs_activations': '{}'; 'memory_config': 'MemoryConfig(memory_layout=TensorMemoryLayout::INTERLEAVED;buffer_type=BufferType::DRAM;shard_spec=std::nullopt;nd_shard_spec=std::nullopt;created_with_nd_shard_spec=0)'; 'post_activations': '{}'; 'rhs_activations': '{}'; 'scalar': '1'; 'sub_core_grids': 'std::nullopt'; 'subtile_broadcast_type': 'SubtileBroadcastType::NONE'; 'worker_grid': '{[(x=0;y=0) - (x=10;y=9)]}'},HiFi4,110,110,,4578119525,4578186393,66868,7504006187123,7504006191682,1241287,1241359,3377,2844,2836,,,,557,2797,1113,1899,2420,711,,,,,,1[1],1[1],128[128],32[4],TILE,BFLOAT16,DEV_1_DRAM_INTERLEAVED,1[1],1[1],128[128],32[4],TILE,BFLOAT16,DEV_1_DRAM_INTERLEAVED,,,,,,,,,,,,,,,,,,,,,,,,,,,,,,,,,,,,,,,,,,,,,,,,,,,,,,,,,1[1],1[1],128[128],32[4],TILE,BFLOAT16,DEV_1_DRAM_INTERLEAVED,,,,,,,,,,,,,,,,,['ttnn/cpp/ttnn/operations/eltwise/binary_ng/device/kernels/compute/eltwise_binary_sfpu_scalar.cpp'],['eltwise_binary_sfpu_scalar/6302317103236044736/'],['ttnn/cpp/ttnn/operations/eltwise/binary_ng/device/kernels/dataflow/reader_interleaved_no_bcast.cpp'; 'ttnn/cpp/ttnn/operations/eltwise/binary_ng/device/kernels/dataflow/writer_interleaved_scalar.cpp'],['reader_interleaved_no_bcast/15501400787415134526/'; 'writer_interleaved_scalar/13747915134593411132/'],15691238620557725211,True,1228,1256,1532,1264,1296,0,0,0,0,1,1,1,[],[],0.035,,,,,
BinaryNgDeviceOperation,tt_dnn_device,8192,0,blackhole,{'binary_op_type': 'BinaryOpType::MUL'; 'compute_kernel_config': 'std::nullopt'; 'dtype': 'DataType::BFLOAT16'; 'input_dtype': 'DataType::BFLOAT16'; 'is_quant_op': 'false'; 'is_sfpu': 'true'; 'is_where_op': 'false'; 'lhs_activations': '{}'; 'memory_config': 'MemoryConfig(memory_layout=TensorMemoryLayout::INTERLEAVED;buffer_type=BufferType::DRAM;shard_spec=std::nullopt;nd_shard_spec=std::nullopt;created_with_nd_shard_spec=0)'; 'post_activations': '{}'; 'rhs_activations': '{}'; 'scalar': '1'; 'sub_core_grids': 'std::nullopt'; 'subtile_broadcast_type': 'SubtileBroadcastType::NONE'; 'worker_grid': '{[(x=0;y=0) - (x=10;y=9)]}'},HiFi4,110,110,,4584096252,4584167078,70826,7504014254807,7504014259371,5974142,5973995,3381,2856,2850,,,,553,2816,1203,1919,2437,711,,,,,,1[1],1[1],128[128],32[4],TILE,BFLOAT16,DEV_1_DRAM_INTERLEAVED,1[1],1[1],128[128],32[4],TILE,BFLOAT16,DEV_1_DRAM_INTERLEAVED,,,,,,,,,,,,,,,,,,,,,,,,,,,,,,,,,,,,,,,,,,,,,,,,,,,,,,,,,1[1],1[1],128[128],32[4],TILE,BFLOAT16,DEV_1_DRAM_INTERLEAVED,,,,,,,,,,,,,,,,,['ttnn/cpp/ttnn/operations/eltwise/binary_ng/device/kernels/compute/eltwise_binary_sfpu_scalar.cpp'],['eltwise_binary_sfpu_scalar/6302317103236044736/'],['ttnn/cpp/ttnn/operations/eltwise/binary_ng/device/kernels/dataflow/reader_interleaved_no_bcast.cpp'; 'ttnn/cpp/ttnn/operations/eltwise/binary_ng/device/kernels/dataflow/writer_interleaved_scalar.cpp'],['reader_interleaved_no_bcast/15501400787415134526/'; 'writer_interleaved_scalar/13747915134593411132/'],15691238620557725211,True,1228,1256,1532,1264,1296,0,0,0,0,1,1,1,[],[],0.035,,,,,
BinaryNgDeviceOperation,tt_dnn_device,9216,0,blackhole,{'binary_op_type': 'BinaryOpType::MUL'; 'compute_kernel_config': 'std::nullopt'; 'dtype': 'DataType::BFLOAT16'; 'input_dtype': 'DataType::BFLOAT16'; 'is_quant_op': 'false'; 'is_sfpu': 'true'; 'is_where_op': 'false'; 'lhs_activations': '{}'; 'memory_config': 'MemoryConfig(memory_layout=TensorMemoryLayout::INTERLEAVED;buffer_type=BufferType::DRAM;shard_spec=std::nullopt;nd_shard_spec=std::nullopt;created_with_nd_shard_spec=0)'; 'post_activations': '{}'; 'rhs_activations': '{}'; 'scalar': '1'; 'sub_core_grids': 'std::nullopt'; 'subtile_broadcast_type': 'SubtileBroadcastType::NONE'; 'worker_grid': '{[(x=0;y=0) - (x=10;y=9)]}'},HiFi4,110,110,,4585157909,4585215660,57751,7504015689222,7504015693755,1059730,1059709,3358,2832,2826,,,,560,2793,1101,1895,2415,717,,,,,,1[1],1[1],128[128],32[4],TILE,BFLOAT16,DEV_1_DRAM_INTERLEAVED,1[1],1[1],128[128],32[4],TILE,BFLOAT16,DEV_1_DRAM_INTERLEAVED,,,,,,,,,,,,,,,,,,,,,,,,,,,,,,,,,,,,,,,,,,,,,,,,,,,,,,,,,1[1],1[1],128[128],32[4],TILE,BFLOAT16,DEV_1_DRAM_INTERLEAVED,,,,,,,,,,,,,,,,,['ttnn/cpp/ttnn/operations/eltwise/binary_ng/device/kernels/compute/eltwise_binary_sfpu_scalar.cpp'],['eltwise_binary_sfpu_scalar/6302317103236044736/'],['ttnn/cpp/ttnn/operations/eltwise/binary_ng/device/kernels/dataflow/reader_interleaved_no_bcast.cpp'; 'ttnn/cpp/ttnn/operations/eltwise/binary_ng/device/kernels/dataflow/writer_interleaved_scalar.cpp'],['reader_interleaved_no_bcast/15501400787415134526/'; 'writer_interleaved_scalar/13747915134593411132/'],15691238620557725211,True,1228,1256,1532,1264,1296,0,0,0,0,1,1,1,[],[],0.035,,,,,
BinaryNgDeviceOperation,tt_dnn_device,10240,0,blackhole,{'binary_op_type': 'BinaryOpType::MUL'; 'compute_kernel_config': 'std::nullopt'; 'dtype': 'DataType::BFLOAT16'; 'input_dtype': 'DataType::BFLOAT16'; 'is_quant_op': 'false'; 'is_sfpu': 'true'; 'is_where_op': 'false'; 'lhs_activations': '{}'; 'memory_config': 'MemoryConfig(memory_layout=TensorMemoryLayout::INTERLEAVED;buffer_type=BufferType::DRAM;shard_spec=std::nullopt;nd_shard_spec=std::nullopt;created_with_nd_shard_spec=0)'; 'post_activations': '{}'; 'rhs_activations': '{}'; 'scalar': '1'; 'sub_core_grids': 'std::nullopt'; 'subtile_broadcast_type': 'SubtileBroadcastType::NONE'; 'worker_grid': '{[(x=0;y=0) - (x=10;y=9)]}'},HiFi4,110,110,,4590945023,4591002714,57691,7504023501458,7504023506034,5784018,5784713,3390,2840,2827,,,,553,2817,1089,1898,2413,706,,,,,,1[1],1[1],128[128],32[4],TILE,BFLOAT16,DEV_1_DRAM_INTERLEAVED,1[1],1[1],128[128],32[4],TILE,BFLOAT16,DEV_1_DRAM_INTERLEAVED,,,,,,,,,,,,,,,,,,,,,,,,,,,,,,,,,,,,,,,,,,,,,,,,,,,,,,,,,1[1],1[1],128[128],32[4],TILE,BFLOAT16,DEV_1_DRAM_INTERLEAVED,,,,,,,,,,,,,,,,,['ttnn/cpp/ttnn/operations/eltwise/binary_ng/device/kernels/compute/eltwise_binary_sfpu_scalar.cpp'],['eltwise_binary_sfpu_scalar/6302317103236044736/'],['ttnn/cpp/ttnn/operations/eltwise/binary_ng/device/kernels/dataflow/reader_interleaved_no_bcast.cpp'; 'ttnn/cpp/ttnn/operations/eltwise/binary_ng/device/kernels/dataflow/writer_interleaved_scalar.cpp'],['reader_interleaved_no_bcast/15501400787415134526/'; 'writer_interleaved_scalar/13747915134593411132/'],15691238620557725211,True,1228,1256,1532,1264,1296,0,0,0,0,1,1,1,[],[],0.035,,,,,
BinaryNgDeviceOperation,tt_dnn_device,11264,0,blackhole,{'binary_op_type': 'BinaryOpType::MUL'; 'compute_kernel_config': 'std::nullopt'; 'dtype': 'DataType::BFLOAT16'; 'input_dtype': 'DataType::BFLOAT16'; 'is_quant_op': 'false'; 'is_sfpu': 'true'; 'is_where_op': 'false'; 'lhs_activations': '{}'; 'memory_config': 'MemoryConfig(memory_layout=TensorMemoryLayout::INTERLEAVED;buffer_type=BufferType::DRAM;shard_spec=std::nullopt;nd_shard_spec=std::nullopt;created_with_nd_shard_spec=0)'; 'post_activations': '{}'; 'rhs_activations': '{}'; 'scalar': '1'; 'sub_core_grids': 'std::nullopt'; 'subtile_broadcast_type': 'SubtileBroadcastType::NONE'; 'worker_grid': '{[(x=0;y=0) - (x=10;y=9)]}'},HiFi4,110,110,,4591964158,4592017160,53002,7504024877241,7504024881790,1016338,1016154,3370,2838,2836,,,,559,2821,1114,1898,2420,726,,,,,,1[1],1[1],128[128],32[4],TILE,BFLOAT16,DEV_1_DRAM_INTERLEAVED,1[1],1[1],128[128],32[4],TILE,BFLOAT16,DEV_1_DRAM_INTERLEAVED,,,,,,,,,,,,,,,,,,,,,,,,,,,,,,,,,,,,,,,,,,,,,,,,,,,,,,,,,1[1],1[1],128[128],32[4],TILE,BFLOAT16,DEV_1_DRAM_INTERLEAVED,,,,,,,,,,,,,,,,,['ttnn/cpp/ttnn/operations/eltwise/binary_ng/device/kernels/compute/eltwise_binary_sfpu_scalar.cpp'],['eltwise_binary_sfpu_scalar/6302317103236044736/'],['ttnn/cpp/ttnn/operations/eltwise/binary_ng/device/kernels/dataflow/reader_interleaved_no_bcast.cpp'; 'ttnn/cpp/ttnn/operations/eltwise/binary_ng/device/kernels/dataflow/writer_interleaved_scalar.cpp'],['reader_interleaved_no_bcast/15501400787415134526/'; 'writer_interleaved_scalar/13747915134593411132/'],15691238620557725211,True,1228,1256,1532,1264,1296,0,0,0,0,1,1,1,[],[],0.035,,,,,
BinaryNgDeviceOperation,tt_dnn_device,12288,0,blackhole,{'binary_op_type': 'BinaryOpType::MUL'; 'compute_kernel_config': 'std::nullopt'; 'dtype': 'DataType::BFLOAT16'; 'input_dtype': 'DataType::BFLOAT16'; 'is_quant_op': 'false'; 'is_sfpu': 'true'; 'is_where_op': 'false'; 'lhs_activations': '{}'; 'memory_config': 'MemoryConfig(memory_layout=TensorMemoryLayout::INTERLEAVED;buffer_type=BufferType::DRAM;shard_spec=std::nullopt;nd_shard_spec=std::nullopt;created_with_nd_shard_spec=0)'; 'post_activations': '{}'; 'rhs_activations': '{}'; 'scalar': '1'; 'sub_core_grids': 'std::nullopt'; 'subtile_broadcast_type': 'SubtileBroadcastType::NONE'; 'worker_grid': '{[(x=0;y=0) - (x=10;y=9)]}'},HiFi4,110,110,,4602248851,4602358391,109540,7504038760651,7504038765214,10281422,10281029,3380,2846,2837,,,,561,2804,1122,1916,2430,728,,,,,,1[1],1[1],128[128],32[4],TILE,BFLOAT16,DEV_1_DRAM_INTERLEAVED,1[1],1[1],128[128],32[4],TILE,BFLOAT16,DEV_1_DRAM_INTERLEAVED,,,,,,,,,,,,,,,,,,,,,,,,,,,,,,,,,,,,,,,,,,,,,,,,,,,,,,,,,1[1],1[1],128[128],32[4],TILE,BFLOAT16,DEV_1_DRAM_INTERLEAVED,,,,,,,,,,,,,,,,,['ttnn/cpp/ttnn/operations/eltwise/binary_ng/device/kernels/compute/eltwise_binary_sfpu_scalar.cpp'],['eltwise_binary_sfpu_scalar/6302317103236044736/'],['ttnn/cpp/ttnn/operations/eltwise/binary_ng/device/kernels/dataflow/reader_interleaved_no_bcast.cpp'; 'ttnn/cpp/ttnn/operations/eltwise/binary_ng/device/kernels/dataflow/writer_interleaved_scalar.cpp'],['reader_interleaved_no_bcast/15501400787415134526/'; 'writer_interleaved_scalar/13747915134593411132/'],15691238620557725211,True,1228,1256,1532,1264,1296,0,0,0,0,1,1,1,[],[],0.035,,,,,
BinaryNgDeviceOperation,tt_dnn_device,13312,0,blackhole,{'binary_op_type': 'BinaryOpType::MUL'; 'compute_kernel_config': 'std::nullopt'; 'dtype': 'DataType::BFLOAT16'; 'input_dtype': 'DataType::BFLOAT16'; 'is_quant_op': 'false'; 'is_sfpu': 'true'; 'is_where_op': 'false'; 'lhs_activations': '{}'; 'memory_config': 'MemoryConfig(memory_layout=TensorMemoryLayout::INTERLEAVED;buffer_type=BufferType::DRAM;shard_spec=std::nullopt;nd_shard_spec=std::nullopt;created_with_nd_shard_spec=0)'; 'post_activations': '{}'; 'rhs_activations': '{}'; 'scalar': '1'; 'sub_core_grids': 'std::nullopt'; 'subtile_broadcast_type': 'SubtileBroadcastType::NONE'; 'worker_grid': '{[(x=0;y=0) - (x=10;y=9)]}'},HiFi4,110,110,,4603540650,4603607137,66487,7504040505633,7504040510198,1289764,1289633,3381,2843,2839,,,,559,2834,1133,1913,2434,703,,,,,,1[1],1[1],128[128],32[4],TILE,BFLOAT16,DEV_1_DRAM_INTERLEAVED,1[1],1[1],128[128],32[4],TILE,BFLOAT16,DEV_1_DRAM_INTERLEAVED,,,,,,,,,,,,,,,,,,,,,,,,,,,,,,,,,,,,,,,,,,,,,,,,,,,,,,,,,1[1],1[1],128[128],32[4],TILE,BFLOAT16,DEV_1_DRAM_INTERLEAVED,,,,,,,,,,,,,,,,,['ttnn/cpp/ttnn/operations/eltwise/binary_ng/device/kernels/compute/eltwise_binary_sfpu_scalar.cpp'],['eltwise_binary_sfpu_scalar/6302317103236044736/'],['ttnn/cpp/ttnn/operations/eltwise/binary_ng/device/kernels/dataflow/reader_interleaved_no_bcast.cpp'; 'ttnn/cpp/ttnn/operations/eltwise/binary_ng/device/kernels/dataflow/writer_interleaved_scalar.cpp'],['reader_interleaved_no_bcast/15501400787415134526/'; 'writer_interleaved_scalar/13747915134593411132/'],15691238620557725211,True,1228,1256,1532,1264,1296,0,0,0,0,1,1,1,[],[],0.035,,,,,
BinaryNgDeviceOperation,tt_dnn_device,14336,0,blackhole,{'binary_op_type': 'BinaryOpType::MUL'; 'compute_kernel_config': 'std::nullopt'; 'dtype': 'DataType::BFLOAT16'; 'input_dtype': 'DataType::BFLOAT16'; 'is_quant_op': 'false'; 'is_sfpu': 'true'; 'is_where_op': 'false'; 'lhs_activations': '{}'; 'memory_config': 'MemoryConfig(memory_layout=TensorMemoryLayout::INTERLEAVED;buffer_type=BufferType::DRAM;shard_spec=std::nullopt;nd_shard_spec=std::nullopt;created_with_nd_shard_spec=0)'; 'post_activations': '{}'; 'rhs_activations': '{}'; 'scalar': '1'; 'sub_core_grids': 'std::nullopt'; 'subtile_broadcast_type': 'SubtileBroadcastType::NONE'; 'worker_grid': '{[(x=0;y=0) - (x=10;y=9)]}'},HiFi4,110,110,,4614167399,4614268763,101364,7504054849405,7504054853955,10620786,10623567,3370,2830,2830,,,,555,2809,1128,1897,2415,720,,,,,,1[1],1[1],128[128],32[4],TILE,BFLOAT16,DEV_1_DRAM_INTERLEAVED,1[1],1[1],128[128],32[4],TILE,BFLOAT16,DEV_1_DRAM_INTERLEAVED,,,,,,,,,,,,,,,,,,,,,,,,,,,,,,,,,,,,,,,,,,,,,,,,,,,,,,,,,1[1],1[1],128[128],32[4],TILE,BFLOAT16,DEV_1_DRAM_INTERLEAVED,,,,,,,,,,,,,,,,,['ttnn/cpp/ttnn/operations/eltwise/binary_ng/device/kernels/compute/eltwise_binary_sfpu_scalar.cpp'],['eltwise_binary_sfpu_scalar/6302317103236044736/'],['ttnn/cpp/ttnn/operations/eltwise/binary_ng/device/kernels/dataflow/reader_interleaved_no_bcast.cpp'; 'ttnn/cpp/ttnn/operations/eltwise/binary_ng/device/kernels/dataflow/writer_interleaved_scalar.cpp'],['reader_interleaved_no_bcast/15501400787415134526/'; 'writer_interleaved_scalar/13747915134593411132/'],15691238620557725211,True,1228,1256,1532,1264,1296,0,0,0,0,1,1,1,[],[],0.035,,,,,
BinaryNgDeviceOperation,tt_dnn_device,15360,0,blackhole,{'binary_op_type': 'BinaryOpType::MUL'; 'compute_kernel_config': 'std::nullopt'; 'dtype': 'DataType::BFLOAT16'; 'input_dtype': 'DataType::BFLOAT16'; 'is_quant_op': 'false'; 'is_sfpu': 'true'; 'is_where_op': 'false'; 'lhs_activations': '{}'; 'memory_config': 'MemoryConfig(memory_layout=TensorMemoryLayout::INTERLEAVED;buffer_type=BufferType::DRAM;shard_spec=std::nullopt;nd_shard_spec=std::nullopt;created_with_nd_shard_spec=0)'; 'post_activations': '{}'; 'rhs_activations': '{}'; 'scalar': '1'; 'sub_core_grids': 'std::nullopt'; 'subtile_broadcast_type': 'SubtileBroadcastType::NONE'; 'worker_grid': '{[(x=0;y=0) - (x=10;y=9)]}'},HiFi4,110,110,,4616156726,4616322965,166239,7504057530151,7504057534701,1983076,1983030,3370,2841,2835,,,,558,2801,1125,1904,2427,722,,,,,,1[1],1[1],128[128],32[4],TILE,BFLOAT16,DEV_1_DRAM_INTERLEAVED,1[1],1[1],128[128],32[4],TILE,BFLOAT16,DEV_1_DRAM_INTERLEAVED,,,,,,,,,,,,,,,,,,,,,,,,,,,,,,,,,,,,,,,,,,,,,,,,,,,,,,,,,1[1],1[1],128[128],32[4],TILE,BFLOAT16,DEV_1_DRAM_INTERLEAVED,,,,,,,,,,,,,,,,,['ttnn/cpp/ttnn/operations/eltwise/binary_ng/device/kernels/compute/eltwise_binary_sfpu_scalar.cpp'],['eltwise_binary_sfpu_scalar/6302317103236044736/'],['ttnn/cpp/ttnn/operations/eltwise/binary_ng/device/kernels/dataflow/reader_interleaved_no_bcast.cpp'; 'ttnn/cpp/ttnn/operations/eltwise/binary_ng/device/kernels/dataflow/writer_interleaved_scalar.cpp'],['reader_interleaved_no_bcast/15501400787415134526/'; 'writer_interleaved_scalar/13747915134593411132/'],15691238620557725211,True,1228,1256,1532,1264,1296,0,0,0,0,1,1,1,[],[],0.035,,,,,
BinaryNgDeviceOperation,tt_dnn_device,16384,0,blackhole,{'binary_op_type': 'BinaryOpType::MUL'; 'compute_kernel_config': 'std::nullopt'; 'dtype': 'DataType::BFLOAT16'; 'input_dtype': 'DataType::BFLOAT16'; 'is_quant_op': 'false'; 'is_sfpu': 'true'; 'is_where_op': 'false'; 'lhs_activations': '{}'; 'memory_config': 'MemoryConfig(memory_layout=TensorMemoryLayout::INTERLEAVED;buffer_type=BufferType::DRAM;shard_spec=std::nullopt;nd_shard_spec=std::nullopt;created_with_nd_shard_spec=0)'; 'post_activations': '{}'; 'rhs_activations': '{}'; 'scalar': '1'; 'sub_core_grids': 'std::nullopt'; 'subtile_broadcast_type': 'SubtileBroadcastType::NONE'; 'worker_grid': '{[(x=0;y=0) - (x=10;y=9)]}'},HiFi4,110,110,,4638544390,4638721250,176860,7504087748662,7504087753216,22378617,22378617,3373,2853,2853,,,,563,2799,1119,1921,2442,703,,,,,,1[1],1[1],128[128],32[4],TILE,BFLOAT16,DEV_1_DRAM_INTERLEAVED,1[1],1[1],128[128],32[4],TILE,BFLOAT16,DEV_1_DRAM_INTERLEAVED,,,,,,,,,,,,,,,,,,,,,,,,,,,,,,,,,,,,,,,,,,,,,,,,,,,,,,,,,1[1],1[1],128[128],32[4],TILE,BFLOAT16,DEV_1_DRAM_INTERLEAVED,,,,,,,,,,,,,,,,,['ttnn/cpp/ttnn/operations/eltwise/binary_ng/device/kernels/compute/eltwise_binary_sfpu_scalar.cpp'],['eltwise_binary_sfpu_scalar/6302317103236044736/'],['ttnn/cpp/ttnn/operations/eltwise/binary_ng/device/kernels/dataflow/reader_interleaved_no_bcast.cpp'; 'ttnn/cpp/ttnn/operations/eltwise/binary_ng/device/kernels/dataflow/writer_interleaved_scalar.cpp'],['reader_interleaved_no_bcast/15501400787415134526/'; 'writer_interleaved_scalar/13747915134593411132/'],15691238620557725211,True,1228,1256,1532,1264,1296,0,0,0,0,1,1,1,[],[],0.035,,,,,
BinaryNgDeviceOperation,tt_dnn_device,17408,0,blackhole,{'binary_op_type': 'BinaryOpType::MUL'; 'compute_kernel_config': 'std::nullopt'; 'dtype': 'DataType::BFLOAT16'; 'input_dtype': 'DataType::BFLOAT16'; 'is_quant_op': 'false'; 'is_sfpu': 'true'; 'is_where_op': 'false'; 'lhs_activations': '{}'; 'memory_config': 'MemoryConfig(memory_layout=TensorMemoryLayout::INTERLEAVED;buffer_type=BufferType::DRAM;shard_spec=std::nullopt;nd_shard_spec=std::nullopt;created_with_nd_shard_spec=0)'; 'post_activations': '{}'; 'rhs_activations': '{}'; 'scalar': '1'; 'sub_core_grids': 'std::nullopt'; 'subtile_broadcast_type': 'SubtileBroadcastType::NONE'; 'worker_grid': '{[(x=0;y=0) - (x=10;y=9)]}'},HiFi4,110,110,,4640737198,4640873910,136712,7504090716533,7504090721137,2195312,2195312,3410,2870,2870,,,,551,2841,1121,1910,2436,708,,,,,,1[1],1[1],128[128],32[4],TILE,BFLOAT16,DEV_1_DRAM_INTERLEAVED,1[1],1[1],128[128],32[4],TILE,BFLOAT16,DEV_1_DRAM_INTERLEAVED,,,,,,,,,,,,,,,,,,,,,,,,,,,,,,,,,,,,,,,,,,,,,,,,,,,,,,,,,1[1],1[1],128[128],32[4],TILE,BFLOAT16,DEV_1_DRAM_INTERLEAVED,,,,,,,,,,,,,,,,,['ttnn/cpp/ttnn/operations/eltwise/binary_ng/device/kernels/compute/eltwise_binary_sfpu_scalar.cpp'],['eltwise_binary_sfpu_scalar/6302317103236044736/'],['ttnn/cpp/ttnn/operations/eltwise/binary_ng/device/kernels/dataflow/reader_interleaved_no_bcast.cpp'; 'ttnn/cpp/ttnn/operations/eltwise/binary_ng/device/kernels/dataflow/writer_interleaved_scalar.cpp'],['reader_interleaved_no_bcast/15501400787415134526/'; 'writer_interleaved_scalar/13747915134593411132/'],15691238620557725211,True,1228,1256,1532,1264,1296,0,0,0,0,1,1,1,[],[],0.035,,,,,
BinaryNgDeviceOperation,tt_dnn_device,18432,0,blackhole,{'binary_op_type': 'BinaryOpType::MUL'; 'compute_kernel_config': 'std::nullopt'; 'dtype': 'DataType::BFLOAT16'; 'input_dtype': 'DataType::BFLOAT16'; 'is_quant_op': 'false'; 'is_sfpu': 'true'; 'is_where_op': 'false'; 'lhs_activations': '{}'; 'memory_config': 'MemoryConfig(memory_layout=TensorMemoryLayout::INTERLEAVED;buffer_type=BufferType::DRAM;shard_spec=std::nullopt;nd_shard_spec=std::nullopt;created_with_nd_shard_spec=0)'; 'post_activations': '{}'; 'rhs_activations': '{}'; 'scalar': '1'; 'sub_core_grids': 'std::nullopt'; 'subtile_broadcast_type': 'SubtileBroadcastType::NONE'; 'worker_grid': '{[(x=0;y=0) - (x=10;y=9)]}'},HiFi4,110,110,,4653699107,4653832633,133526,7504108219003,7504108223686,12961254,12961254,3469,2928,2928,,,,559,2856,1172,1987,2506,714,,,,,,1[1],1[1],128[128],32[4],TILE,BFLOAT16,DEV_1_DRAM_INTERLEAVED,1[1],1[1],128[128],32[4],TILE,BFLOAT16,DEV_1_DRAM_INTERLEAVED,,,,,,,,,,,,,,,,,,,,,,,,,,,,,,,,,,,,,,,,,,,,,,,,,,,,,,,,,1[1],1[1],128[128],32[4],TILE,BFLOAT16,DEV_1_DRAM_INTERLEAVED,,,,,,,,,,,,,,,,,['ttnn/cpp/ttnn/operations/eltwise/binary_ng/device/kernels/compute/eltwise_binary_sfpu_scalar.cpp'],['eltwise_binary_sfpu_scalar/6302317103236044736/'],['ttnn/cpp/ttnn/operations/eltwise/binary_ng/device/kernels/dataflow/reader_interleaved_no_bcast.cpp'; 'ttnn/cpp/ttnn/operations/eltwise/binary_ng/device/kernels/dataflow/writer_interleaved_scalar.cpp'],['reader_interleaved_no_bcast/15501400787415134526/'; 'writer_interleaved_scalar/13747915134593411132/'],15691238620557725211,True,1228,1256,1532,1264,1296,0,0,0,0,1,1,1,[],[],0.034,,,,,
BinaryNgDeviceOperation,tt_dnn_device,19456,0,blackhole,{'binary_op_type': 'BinaryOpType::MUL'; 'compute_kernel_config': 'std::nullopt'; 'dtype': 'DataType::BFLOAT16'; 'input_dtype': 'DataType::BFLOAT16'; 'is_quant_op': 'false'; 'is_sfpu': 'true'; 'is_where_op': 'false'; 'lhs_activations': '{}'; 'memory_config': 'MemoryConfig(memory_layout=TensorMemoryLayout::INTERLEAVED;buffer_type=BufferType::DRAM;shard_spec=std::nullopt;nd_shard_spec=std::nullopt;created_with_nd_shard_spec=0)'; 'post_activations': '{}'; 'rhs_activations': '{}'; 'scalar': '1'; 'sub_core_grids': 'std::nullopt'; 'subtile_broadcast_type': 'SubtileBroadcastType::NONE'; 'worker_grid': '{[(x=0;y=0) - (x=10;y=9)]}'},HiFi4,110,110,,4655406723,4655515542,108819,7504110522692,7504110527229,1703331,1703467,3361,2836,2834,,,,558,2782,1120,1907,2427,716,,,,,,1[1],1[1],128[128],32[4],TILE,BFLOAT16,DEV_1_DRAM_INTERLEAVED,1[1],1[1],128[128],32[4],TILE,BFLOAT16,DEV_1_DRAM_INTERLEAVED,,,,,,,,,,,,,,,,,,,,,,,,,,,,,,,,,,,,,,,,,,,,,,,,,,,,,,,,,1[1],1[1],128[128],32[4],TILE,BFLOAT16,DEV_1_DRAM_INTERLEAVED,,,,,,,,,,,,,,,,,['ttnn/cpp/ttnn/operations/eltwise/binary_ng/device/kernels/compute/eltwise_binary_sfpu_scalar.cpp'],['eltwise_binary_sfpu_scalar/6302317103236044736/'],['ttnn/cpp/ttnn/operations/eltwise/binary_ng/device/kernels/dataflow/reader_interleaved_no_bcast.cpp'; 'ttnn/cpp/ttnn/operations/eltwise/binary_ng/device/kernels/dataflow/writer_interleaved_scalar.cpp'],['reader_interleaved_no_bcast/15501400787415134526/'; 'writer_interleaved_scalar/13747915134593411132/'],15691238620557725211,True,1228,1256,1532,1264,1296,0,0,0,0,1,1,1,[],[],0.035,,,,,
BinaryNgDeviceOperation,tt_dnn_device,20480,0,blackhole,{'binary_op_type': 'BinaryOpType::MUL'; 'compute_kernel_config': 'std::nullopt'; 'dtype': 'DataType::BFLOAT16'; 'input_dtype': 'DataType::BFLOAT16'; 'is_quant_op': 'false'; 'is_sfpu': 'true'; 'is_where_op': 'false'; 'lhs_activations': '{}'; 'memory_config': 'MemoryConfig(memory_layout=TensorMemoryLayout::INTERLEAVED;buffer_type=BufferType::DRAM;shard_spec=std::nullopt;nd_shard_spec=std::nullopt;created_with_nd_shard_spec=0)'; 'post_activations': '{}'; 'rhs_activations': '{}'; 'scalar': '1'; 'sub_core_grids': 'std::nullopt'; 'subtile_broadcast_type': 'SubtileBroadcastType::NONE'; 'worker_grid': '{[(x=0;y=0) - (x=10;y=9)]}'},HiFi4,110,110,,4667774343,4667881589,107246,7504127216354,7504127220879,12360734,12360734,3352,2821,2821,,,,560,2784,1126,1878,2411,722,,,,,,1[1],1[1],128[128],32[4],TILE,BFLOAT16,DEV_1_DRAM_INTERLEAVED,1[1],1[1],128[128],32[4],TILE,BFLOAT16,DEV_1_DRAM_INTERLEAVED,,,,,,,,,,,,,,,,,,,,,,,,,,,,,,,,,,,,,,,,,,,,,,,,,,,,,,,,,1[1],1[1],128[128],32[4],TILE,BFLOAT16,DEV_1_DRAM_INTERLEAVED,,,,,,,,,,,,,,,,,['ttnn/cpp/ttnn/operations/eltwise/binary_ng/device/kernels/compute/eltwise_binary_sfpu_scalar.cpp'],['eltwise_binary_sfpu_scalar/6302317103236044736/'],['ttnn/cpp/ttnn/operations/eltwise/binary_ng/device/kernels/dataflow/reader_interleaved_no_bcast.cpp'; 'ttnn/cpp/ttnn/operations/eltwise/binary_ng/device/kernels/dataflow/writer_interleaved_scalar.cpp'],['reader_interleaved_no_bcast/15501400787415134526/'; 'writer_interleaved_scalar/13747915134593411132/'],15691238620557725211,True,1228,1256,1532,1264,1296,0,0,0,0,1,1,1,[],[],0.035,,,,,
BinaryNgDeviceOperation,tt_dnn_device,21504,0,blackhole,{'binary_op_type': 'BinaryOpType::MUL'; 'compute_kernel_config': 'std::nullopt'; 'dtype': 'DataType::BFLOAT16'; 'input_dtype': 'DataType::BFLOAT16'; 'is_quant_op': 'false'; 'is_sfpu': 'true'; 'is_where_op': 'false'; 'lhs_activations': '{}'; 'memory_config': 'MemoryConfig(memory_layout=TensorMemoryLayout::INTERLEAVED;buffer_type=BufferType::DRAM;shard_spec=std::nullopt;nd_shard_spec=std::nullopt;created_with_nd_shard_spec=0)'; 'post_activations': '{}'; 'rhs_activations': '{}'; 'scalar': '1'; 'sub_core_grids': 'std::nullopt'; 'subtile_broadcast_type': 'SubtileBroadcastType::NONE'; 'worker_grid': '{[(x=0;y=0) - (x=10;y=9)]}'},HiFi4,110,110,,4669300601,4669398138,97537,7504129277707,7504129282238,1523973,1523973,3356,2819,2819,,,,560,2812,1099,1875,2408,707,,,,,,1[1],1[1],128[128],32[4],TILE,BFLOAT16,DEV_1_DRAM_INTERLEAVED,1[1],1[1],128[128],32[4],TILE,BFLOAT16,DEV_1_DRAM_INTERLEAVED,,,,,,,,,,,,,,,,,,,,,,,,,,,,,,,,,,,,,,,,,,,,,,,,,,,,,,,,,1[1],1[1],128[128],32[4],TILE,BFLOAT16,DEV_1_DRAM_INTERLEAVED,,,,,,,,,,,,,,,,,['ttnn/cpp/ttnn/operations/eltwise/binary_ng/device/kernels/compute/eltwise_binary_sfpu_scalar.cpp'],['eltwise_binary_sfpu_scalar/6302317103236044736/'],['ttnn/cpp/ttnn/operations/eltwise/binary_ng/device/kernels/dataflow/reader_interleaved_no_bcast.cpp'; 'ttnn/cpp/ttnn/operations/eltwise/binary_ng/device/kernels/dataflow/writer_interleaved_scalar.cpp'],['reader_interleaved_no_bcast/15501400787415134526/'; 'writer_interleaved_scalar/13747915134593411132/'],15691238620557725211,True,1228,1256,1532,1264,1296,0,0,0,0,1,1,1,[],[],0.035,,,,,
BinaryNgDeviceOperation,tt_dnn_device,22528,0,blackhole,{'binary_op_type': 'BinaryOpType::MUL'; 'compute_kernel_config': 'std::nullopt'; 'dtype': 'DataType::BFLOAT16'; 'input_dtype': 'DataType::BFLOAT16'; 'is_quant_op': 'false'; 'is_sfpu': 'true'; 'is_where_op': 'false'; 'lhs_activations': '{}'; 'memory_config': 'MemoryConfig(memory_layout=TensorMemoryLayout::INTERLEAVED;buffer_type=BufferType::DRAM;shard_spec=std::nullopt;nd_shard_spec=std::nullopt;created_with_nd_shard_spec=0)'; 'post_activations': '{}'; 'rhs_activations': '{}'; 'scalar': '1'; 'sub_core_grids': 'std::nullopt'; 'subtile_broadcast_type': 'SubtileBroadcastType::NONE'; 'worker_grid': '{[(x=0;y=0) - (x=10;y=9)]}'},HiFi4,110,110,,4681681125,4681811205,130080,7504145990612,7504145995143,12376621,12378585,3356,2811,2807,,,,560,2801,1106,1888,2419,706,,,,,,1[1],1[1],128[128],32[4],TILE,BFLOAT16,DEV_1_DRAM_INTERLEAVED,1[1],1[1],128[128],32[4],TILE,BFLOAT16,DEV_1_DRAM_INTERLEAVED,,,,,,,,,,,,,,,,,,,,,,,,,,,,,,,,,,,,,,,,,,,,,,,,,,,,,,,,,1[1],1[1],128[128],32[4],TILE,BFLOAT16,DEV_1_DRAM_INTERLEAVED,,,,,,,,,,,,,,,,,['ttnn/cpp/ttnn/operations/eltwise/binary_ng/device/kernels/compute/eltwise_binary_sfpu_scalar.cpp'],['eltwise_binary_sfpu_scalar/6302317103236044736/'],['ttnn/cpp/ttnn/operations/eltwise/binary_ng/device/kernels/dataflow/reader_interleaved_no_bcast.cpp'; 'ttnn/cpp/ttnn/operations/eltwise/binary_ng/device/kernels/dataflow/writer_interleaved_scalar.cpp'],['reader_interleaved_no_bcast/15501400787415134526/'; 'writer_interleaved_scalar/13747915134593411132/'],15691238620557725211,True,1228,1256,1532,1264,1296,0,0,0,0,1,1,1,[],[],0.036,,,,,
BinaryNgDeviceOperation,tt_dnn_device,23552,0,blackhole,{'binary_op_type': 'BinaryOpType::MUL'; 'compute_kernel_config': 'std::nullopt'; 'dtype': 'DataType::BFLOAT16'; 'input_dtype': 'DataType::BFLOAT16'; 'is_quant_op': 'false'; 'is_sfpu': 'true'; 'is_where_op': 'false'; 'lhs_activations': '{}'; 'memory_config': 'MemoryConfig(memory_layout=TensorMemoryLayout::INTERLEAVED;buffer_type=BufferType::DRAM;shard_spec=std::nullopt;nd_shard_spec=std::nullopt;created_with_nd_shard_spec=0)'; 'post_activations': '{}'; 'rhs_activations': '{}'; 'scalar': '1'; 'sub_core_grids': 'std::nullopt'; 'subtile_broadcast_type': 'SubtileBroadcastType::NONE'; 'worker_grid': '{[(x=0;y=0) - (x=10;y=9)]}'},HiFi4,110,110,,4683353244,4683461151,107907,7504148247776,7504148252294,1669078,1668926,3347,2831,2830,,,,560,2793,1094,1887,2416,704,,,,,,1[1],1[1],128[128],32[4],TILE,BFLOAT16,DEV_1_DRAM_INTERLEAVED,1[1],1[1],128[128],32[4],TILE,BFLOAT16,DEV_1_DRAM_INTERLEAVED,,,,,,,,,,,,,,,,,,,,,,,,,,,,,,,,,,,,,,,,,,,,,,,,,,,,,,,,,1[1],1[1],128[128],32[4],TILE,BFLOAT16,DEV_1_DRAM_INTERLEAVED,,,,,,,,,,,,,,,,,['ttnn/cpp/ttnn/operations/eltwise/binary_ng/device/kernels/compute/eltwise_binary_sfpu_scalar.cpp'],['eltwise_binary_sfpu_scalar/6302317103236044736/'],['ttnn/cpp/ttnn/operations/eltwise/binary_ng/device/kernels/dataflow/reader_interleaved_no_bcast.cpp'; 'ttnn/cpp/ttnn/operations/eltwise/binary_ng/device/kernels/dataflow/writer_interleaved_scalar.cpp'],['reader_interleaved_no_bcast/15501400787415134526/'; 'writer_interleaved_scalar/13747915134593411132/'],15691238620557725211,True,1228,1256,1532,1264,1296,0,0,0,0,1,1,1,[],[],0.035,,,,,
BinaryNgDeviceOperation,tt_dnn_device,24576,0,blackhole,{'binary_op_type': 'BinaryOpType::MUL'; 'compute_kernel_config': 'std::nullopt'; 'dtype': 'DataType::BFLOAT16'; 'input_dtype': 'DataType::BFLOAT16'; 'is_quant_op': 'false'; 'is_sfpu': 'true'; 'is_where_op': 'false'; 'lhs_activations': '{}'; 'memory_config': 'MemoryConfig(memory_layout=TensorMemoryLayout::INTERLEAVED;buffer_type=BufferType::DRAM;shard_spec=std::nullopt;nd_shard_spec=std::nullopt;created_with_nd_shard_spec=0)'; 'post_activations': '{}'; 'rhs_activations': '{}'; 'scalar': '1'; 'sub_core_grids': 'std::nullopt'; 'subtile_broadcast_type': 'SubtileBroadcastType::NONE'; 'worker_grid': '{[(x=0;y=0) - (x=10;y=9)]}'},HiFi4,110,110,,4695384838,4695536299,151461,7504164488082,7504164492617,12027356,12027201,3359,2826,2823,,,,560,2817,1092,1890,2424,708,,,,,,1[1],1[1],128[128],32[4],TILE,BFLOAT16,DEV_1_DRAM_INTERLEAVED,1[1],1[1],128[128],32[4],TILE,BFLOAT16,DEV_1_DRAM_INTERLEAVED,,,,,,,,,,,,,,,,,,,,,,,,,,,,,,,,,,,,,,,,,,,,,,,,,,,,,,,,,1[1],1[1],128[128],32[4],TILE,BFLOAT16,DEV_1_DRAM_INTERLEAVED,,,,,,,,,,,,,,,,,['ttnn/cpp/ttnn/operations/eltwise/binary_ng/device/kernels/compute/eltwise_binary_sfpu_scalar.cpp'],['eltwise_binary_sfpu_scalar/6302317103236044736/'],['ttnn/cpp/ttnn/operations/eltwise/binary_ng/device/kernels/dataflow/reader_interleaved_no_bcast.cpp'; 'ttnn/cpp/ttnn/operations/eltwise/binary_ng/device/kernels/dataflow/writer_interleaved_scalar.cpp'],['reader_interleaved_no_bcast/15501400787415134526/'; 'writer_interleaved_scalar/13747915134593411132/'],15691238620557725211,True,1228,1256,1532,1264,1296,0,0,0,0,1,1,1,[],[],0.035,,,,,
BinaryNgDeviceOperation,tt_dnn_device,25600,0,blackhole,{'binary_op_type': 'BinaryOpType::MUL'; 'compute_kernel_config': 'std::nullopt'; 'dtype': 'DataType::BFLOAT16'; 'input_dtype': 'DataType::BFLOAT16'; 'is_quant_op': 'false'; 'is_sfpu': 'true'; 'is_where_op': 'false'; 'lhs_activations': '{}'; 'memory_config': 'MemoryConfig(memory_layout=TensorMemoryLayout::INTERLEAVED;buffer_type=BufferType::DRAM;shard_spec=std::nullopt;nd_shard_spec=std::nullopt;created_with_nd_shard_spec=0)'; 'post_activations': '{}'; 'rhs_activations': '{}'; 'scalar': '1'; 'sub_core_grids': 'std::nullopt'; 'subtile_broadcast_type': 'SubtileBroadcastType::NONE'; 'worker_grid': '{[(x=0;y=0) - (x=10;y=9)]}'},HiFi4,110,110,,4697290585,4697417979,127394,7504167062545,7504167067050,1904122,1904078,3337,2814,2808,,,,556,2775,1084,1884,2419,699,,,,,,1[1],1[1],128[128],32[4],TILE,BFLOAT16,DEV_1_DRAM_INTERLEAVED,1[1],1[1],128[128],32[4],TILE,BFLOAT16,DEV_1_DRAM_INTERLEAVED,,,,,,,,,,,,,,,,,,,,,,,,,,,,,,,,,,,,,,,,,,,,,,,,,,,,,,,,,1[1],1[1],128[128],32[4],TILE,BFLOAT16,DEV_1_DRAM_INTERLEAVED,,,,,,,,,,,,,,,,,['ttnn/cpp/ttnn/operations/eltwise/binary_ng/device/kernels/compute/eltwise_binary_sfpu_scalar.cpp'],['eltwise_binary_sfpu_scalar/6302317103236044736/'],['ttnn/cpp/ttnn/operations/eltwise/binary_ng/device/kernels/dataflow/reader_interleaved_no_bcast.cpp'; 'ttnn/cpp/ttnn/operations/eltwise/binary_ng/device/kernels/dataflow/writer_interleaved_scalar.cpp'],['reader_interleaved_no_bcast/15501400787415134526/'; 'writer_interleaved_scalar/13747915134593411132/'],15691238620557725211,True,1228,1256,1532,1264,1296,0,0,0,0,1,1,1,[],[],0.036,,,,,
BinaryNgDeviceOperation,tt_dnn_device,26624,0,blackhole,{'binary_op_type': 'BinaryOpType::MUL'; 'compute_kernel_config': 'std::nullopt'; 'dtype': 'DataType::BFLOAT16'; 'input_dtype': 'DataType::BFLOAT16'; 'is_quant_op': 'false'; 'is_sfpu': 'true'; 'is_where_op': 'false'; 'lhs_activations': '{}'; 'memory_config': 'MemoryConfig(memory_layout=TensorMemoryLayout::INTERLEAVED;buffer_type=BufferType::DRAM;shard_spec=std::nullopt;nd_shard_spec=std::nullopt;created_with_nd_shard_spec=0)'; 'post_activations': '{}'; 'rhs_activations': '{}'; 'scalar': '1'; 'sub_core_grids': 'std::nullopt'; 'subtile_broadcast_type': 'SubtileBroadcastType::NONE'; 'worker_grid': '{[(x=0;y=0) - (x=10;y=9)]}'},HiFi4,110,110,,4709273125,4709399628,126503,7504183198494,7504183203055,11948185,11947874,3379,2830,2824,,,,556,2785,1087,1877,2421,690,,,,,,1[1],1[1],128[128],32[4],TILE,BFLOAT16,DEV_1_DRAM_INTERLEAVED,1[1],1[1],128[128],32[4],TILE,BFLOAT16,DEV_1_DRAM_INTERLEAVED,,,,,,,,,,,,,,,,,,,,,,,,,,,,,,,,,,,,,,,,,,,,,,,,,,,,,,,,,1[1],1[1],128[128],32[4],TILE,BFLOAT16,DEV_1_DRAM_INTERLEAVED,,,,,,,,,,,,,,,,,['ttnn/cpp/ttnn/operations/eltwise/binary_ng/device/kernels/compute/eltwise_binary_sfpu_scalar.cpp'],['eltwise_binary_sfpu_scalar/6302317103236044736/'],['ttnn/cpp/ttnn/operations/eltwise/binary_ng/device/kernels/dataflow/reader_interleaved_no_bcast.cpp'; 'ttnn/cpp/ttnn/operations/eltwise/binary_ng/device/kernels/dataflow/writer_interleaved_scalar.cpp'],['reader_interleaved_no_bcast/15501400787415134526/'; 'writer_interleaved_scalar/13747915134593411132/'],15691238620557725211,True,1228,1256,1532,1264,1296,0,0,0,0,1,1,1,[],[],0.035,,,,,
BinaryNgDeviceOperation,tt_dnn_device,27648,0,blackhole,{'binary_op_type': 'BinaryOpType::MUL'; 'compute_kernel_config': 'std::nullopt'; 'dtype': 'DataType::BFLOAT16'; 'input_dtype': 'DataType::BFLOAT16'; 'is_quant_op': 'false'; 'is_sfpu': 'true'; 'is_where_op': 'false'; 'lhs_activations': '{}'; 'memory_config': 'MemoryConfig(memory_layout=TensorMemoryLayout::INTERLEAVED;buffer_type=BufferType::DRAM;shard_spec=std::nullopt;nd_shard_spec=std::nullopt;created_with_nd_shard_spec=0)'; 'post_activations': '{}'; 'rhs_activations': '{}'; 'scalar': '1'; 'sub_core_grids': 'std::nullopt'; 'subtile_broadcast_type': 'SubtileBroadcastType::NONE'; 'worker_grid': '{[(x=0;y=0) - (x=10;y=9)]}'},HiFi4,110,110,,4710909455,4711018053,108598,7504185414771,7504185419343,1638868,1638646,3387,2863,2850,,,,559,2810,1091,1890,2424,701,,,,,,1[1],1[1],128[128],32[4],TILE,BFLOAT16,DEV_1_DRAM_INTERLEAVED,1[1],1[1],128[128],32[4],TILE,BFLOAT16,DEV_1_DRAM_INTERLEAVED,,,,,,,,,,,,,,,,,,,,,,,,,,,,,,,,,,,,,,,,,,,,,,,,,,,,,,,,,1[1],1[1],128[128],32[4],TILE,BFLOAT16,DEV_1_DRAM_INTERLEAVED,,,,,,,,,,,,,,,,,['ttnn/cpp/ttnn/operations/eltwise/binary_ng/device/kernels/compute/eltwise_binary_sfpu_scalar.cpp'],['eltwise_binary_sfpu_scalar/6302317103236044736/'],['ttnn/cpp/ttnn/operations/eltwise/binary_ng/device/kernels/dataflow/reader_interleaved_no_bcast.cpp'; 'ttnn/cpp/ttnn/operations/eltwise/binary_ng/device/kernels/dataflow/writer_interleaved_scalar.cpp'],['reader_interleaved_no_bcast/15501400787415134526/'; 'writer_interleaved_scalar/13747915134593411132/'],15691238620557725211,True,1228,1256,1532,1264,1296,0,0,0,0,1,1,1,[],[],0.035,,,,,
BinaryNgDeviceOperation,tt_dnn_device,28672,0,blackhole,{'binary_op_type': 'BinaryOpType::MUL'; 'compute_kernel_config': 'std::nullopt'; 'dtype': 'DataType::BFLOAT16'; 'input_dtype': 'DataType::BFLOAT16'; 'is_quant_op': 'false'; 'is_sfpu': 'true'; 'is_where_op': 'false'; 'lhs_activations': '{}'; 'memory_config': 'MemoryConfig(memory_layout=TensorMemoryLayout::INTERLEAVED;buffer_type=BufferType::DRAM;shard_spec=std::nullopt;nd_shard_spec=std::nullopt;created_with_nd_shard_spec=0)'; 'post_activations': '{}'; 'rhs_activations': '{}'; 'scalar': '1'; 'sub_core_grids': 'std::nullopt'; 'subtile_broadcast_type': 'SubtileBroadcastType::NONE'; 'worker_grid': '{[(x=0;y=0) - (x=10;y=9)]}'},HiFi4,110,110,,4723145852,4723272766,126914,7504201926014,7504201930655,12228788,12228483,3438,2901,2895,,,,553,2844,1145,1966,2499,710,,,,,,1[1],1[1],128[128],32[4],TILE,BFLOAT16,DEV_1_DRAM_INTERLEAVED,1[1],1[1],128[128],32[4],TILE,BFLOAT16,DEV_1_DRAM_INTERLEAVED,,,,,,,,,,,,,,,,,,,,,,,,,,,,,,,,,,,,,,,,,,,,,,,,,,,,,,,,,1[1],1[1],128[128],32[4],TILE,BFLOAT16,DEV_1_DRAM_INTERLEAVED,,,,,,,,,,,,,,,,,['ttnn/cpp/ttnn/operations/eltwise/binary_ng/device/kernels/compute/eltwise_binary_sfpu_scalar.cpp'],['eltwise_binary_sfpu_scalar/6302317103236044736/'],['ttnn/cpp/ttnn/operations/eltwise/binary_ng/device/kernels/dataflow/reader_interleaved_no_bcast.cpp'; 'ttnn/cpp/ttnn/operations/eltwise/binary_ng/device/kernels/dataflow/writer_interleaved_scalar.cpp'],['reader_interleaved_no_bcast/15501400787415134526/'; 'writer_interleaved_scalar/13747915134593411132/'],15691238620557725211,True,1228,1256,1532,1264,1296,0,0,0,0,1,1,1,[],[],0.034,,,,,
BinaryNgDeviceOperation,tt_dnn_device,29696,0,blackhole,{'binary_op_type': 'BinaryOpType::MUL'; 'compute_kernel_config': 'std::nullopt'; 'dtype': 'DataType::BFLOAT16'; 'input_dtype': 'DataType::BFLOAT16'; 'is_quant_op': 'false'; 'is_sfpu': 'true'; 'is_where_op': 'false'; 'lhs_activations': '{}'; 'memory_config': 'MemoryConfig(memory_layout=TensorMemoryLayout::INTERLEAVED;buffer_type=BufferType::DRAM;shard_spec=std::nullopt;nd_shard_spec=std::nullopt;created_with_nd_shard_spec=0)'; 'post_activations': '{}'; 'rhs_activations': '{}'; 'scalar': '1'; 'sub_core_grids': 'std::nullopt'; 'subtile_broadcast_type': 'SubtileBroadcastType::NONE'; 'worker_grid': '{[(x=0;y=0) - (x=10;y=9)]}'},HiFi4,110,110,,4724888927,4725048814,159887,7504204277557,7504204282052,1738906,1738726,3330,2811,2807,,,,547,2781,1074,1884,2410,706,,,,,,1[1],1[1],128[128],32[4],TILE,BFLOAT16,DEV_1_DRAM_INTERLEAVED,1[1],1[1],128[128],32[4],TILE,BFLOAT16,DEV_1_DRAM_INTERLEAVED,,,,,,,,,,,,,,,,,,,,,,,,,,,,,,,,,,,,,,,,,,,,,,,,,,,,,,,,,1[1],1[1],128[128],32[4],TILE,BFLOAT16,DEV_1_DRAM_INTERLEAVED,,,,,,,,,,,,,,,,,['ttnn/cpp/ttnn/operations/eltwise/binary_ng/device/kernels/compute/eltwise_binary_sfpu_scalar.cpp'],['eltwise_binary_sfpu_scalar/6302317103236044736/'],['ttnn/cpp/ttnn/operations/eltwise/binary_ng/device/kernels/dataflow/reader_interleaved_no_bcast.cpp'; 'ttnn/cpp/ttnn/operations/eltwise/binary_ng/device/kernels/dataflow/writer_interleaved_scalar.cpp'],['reader_interleaved_no_bcast/15501400787415134526/'; 'writer_interleaved_scalar/13747915134593411132/'],15691238620557725211,True,1228,1256,1532,1264,1296,0,0,0,0,1,1,1,[],[],0.036,,,,,
BinaryNgDeviceOperation,tt_dnn_device,30720,0,blackhole,{'binary_op_type': 'BinaryOpType::MUL'; 'compute_kernel_config': 'std::nullopt'; 'dtype': 'DataType::BFLOAT16'; 'input_dtype': 'DataType::BFLOAT16'; 'is_quant_op': 'false'; 'is_sfpu': 'true'; 'is_where_op': 'false'; 'lhs_activations': '{}'; 'memory_config': 'MemoryConfig(memory_layout=TensorMemoryLayout::INTERLEAVED;buffer_type=BufferType::DRAM;shard_spec=std::nullopt;nd_shard_spec=std::nullopt;created_with_nd_shard_spec=0)'; 'post_activations': '{}'; 'rhs_activations': '{}'; 'scalar': '1'; 'sub_core_grids': 'std::nullopt'; 'subtile_broadcast_type': 'SubtileBroadcastType::NONE'; 'worker_grid': '{[(x=0;y=0) - (x=10;y=9)]}'},HiFi4,110,110,,4741196025,4741309392,113367,7504226293038,7504226297545,16303446,16303446,3339,2819,2819,,,,563,2818,1103,1871,2418,699,,,,,,1[1],1[1],128[128],32[4],TILE,BFLOAT16,DEV_1_DRAM_INTERLEAVED,1[1],1[1],128[128],32[4],TILE,BFLOAT16,DEV_1_DRAM_INTERLEAVED,,,,,,,,,,,,,,,,,,,,,,,,,,,,,,,,,,,,,,,,,,,,,,,,,,,,,,,,,1[1],1[1],128[128],32[4],TILE,BFLOAT16,DEV_1_DRAM_INTERLEAVED,,,,,,,,,,,,,,,,,['ttnn/cpp/ttnn/operations/eltwise/binary_ng/device/kernels/compute/eltwise_binary_sfpu_scalar.cpp'],['eltwise_binary_sfpu_scalar/6302317103236044736/'],['ttnn/cpp/ttnn/operations/eltwise/binary_ng/device/kernels/dataflow/reader_interleaved_no_bcast.cpp'; 'ttnn/cpp/ttnn/operations/eltwise/binary_ng/device/kernels/dataflow/writer_interleaved_scalar.cpp'],['reader_interleaved_no_bcast/15501400787415134526/'; 'writer_interleaved_scalar/13747915134593411132/'],15691238620557725211,True,1228,1256,1532,1264,1296,0,0,0,0,1,1,1,[],[],0.035,,,,,
BinaryNgDeviceOperation,tt_dnn_device,31744,0,blackhole,{'binary_op_type': 'BinaryOpType::MUL'; 'compute_kernel_config': 'std::nullopt'; 'dtype': 'DataType::BFLOAT16'; 'input_dtype': 'DataType::BFLOAT16'; 'is_quant_op': 'false'; 'is_sfpu': 'true'; 'is_where_op': 'false'; 'lhs_activations': '{}'; 'memory_config': 'MemoryConfig(memory_layout=TensorMemoryLayout::INTERLEAVED;buffer_type=BufferType::DRAM;shard_spec=std::nullopt;nd_shard_spec=std::nullopt;created_with_nd_shard_spec=0)'; 'post_activations': '{}'; 'rhs_activations': '{}'; 'scalar': '1'; 'sub_core_grids': 'std::nullopt'; 'subtile_broadcast_type': 'SubtileBroadcastType::NONE'; 'worker_grid': '{[(x=0;y=0) - (x=10;y=9)]}'},HiFi4,110,110,,4742741841,4742833697,91856,7504228382434,7504228386948,1544875,1544999,3344,2817,2815,,,,557,2801,1102,1885,2417,699,,,,,,1[1],1[1],128[128],32[4],TILE,BFLOAT16,DEV_1_DRAM_INTERLEAVED,1[1],1[1],128[128],32[4],TILE,BFLOAT16,DEV_1_DRAM_INTERLEAVED,,,,,,,,,,,,,,,,,,,,,,,,,,,,,,,,,,,,,,,,,,,,,,,,,,,,,,,,,1[1],1[1],128[128],32[4],TILE,BFLOAT16,DEV_1_DRAM_INTERLEAVED,,,,,,,,,,,,,,,,,['ttnn/cpp/ttnn/operations/eltwise/binary_ng/device/kernels/compute/eltwise_binary_sfpu_scalar.cpp'],['eltwise_binary_sfpu_scalar/6302317103236044736/'],['ttnn/cpp/ttnn/operations/eltwise/binary_ng/device/kernels/dataflow/reader_interleaved_no_bcast.cpp'; 'ttnn/cpp/ttnn/operations/eltwise/binary_ng/device/kernels/dataflow/writer_interleaved_scalar.cpp'],['reader_interleaved_no_bcast/15501400787415134526/'; 'writer_interleaved_scalar/13747915134593411132/'],15691238620557725211,True,1228,1256,1532,1264,1296,0,0,0,0,1,1,1,[],[],0.035,,,,,
BinaryNgDeviceOperation,tt_dnn_device,32768,0,blackhole,{'binary_op_type': 'BinaryOpType::MUL'; 'compute_kernel_config': 'std::nullopt'; 'dtype': 'DataType::BFLOAT16'; 'input_dtype': 'DataType::BFLOAT16'; 'is_quant_op': 'false'; 'is_sfpu': 'true'; 'is_where_op': 'false'; 'lhs_activations': '{}'; 'memory_config': 'MemoryConfig(memory_layout=TensorMemoryLayout::INTERLEAVED;buffer_type=BufferType::DRAM;shard_spec=std::nullopt;nd_shard_spec=std::nullopt;created_with_nd_shard_spec=0)'; 'post_activations': '{}'; 'rhs_activations': '{}'; 'scalar': '1'; 'sub_core_grids': 'std::nullopt'; 'subtile_broadcast_type': 'SubtileBroadcastType::NONE'; 'worker_grid': '{[(x=0;y=0) - (x=10;y=9)]}'},HiFi4,110,110,,4754119320,4754210565,91245,7504243741454,7504243745988,11373196,11376041,3359,2819,2816,,,,558,2796,1077,1881,2416,704,,,,,,1[1],1[1],128[128],32[4],TILE,BFLOAT16,DEV_1_DRAM_INTERLEAVED,1[1],1[1],128[128],32[4],TILE,BFLOAT16,DEV_1_DRAM_INTERLEAVED,,,,,,,,,,,,,,,,,,,,,,,,,,,,,,,,,,,,,,,,,,,,,,,,,,,,,,,,,1[1],1[1],128[128],32[4],TILE,BFLOAT16,DEV_1_DRAM_INTERLEAVED,,,,,,,,,,,,,,,,,['ttnn/cpp/ttnn/operations/eltwise/binary_ng/device/kernels/compute/eltwise_binary_sfpu_scalar.cpp'],['eltwise_binary_sfpu_scalar/6302317103236044736/'],['ttnn/cpp/ttnn/operations/eltwise/binary_ng/device/kernels/dataflow/reader_interleaved_no_bcast.cpp'; 'ttnn/cpp/ttnn/operations/eltwise/binary_ng/device/kernels/dataflow/writer_interleaved_scalar.cpp'],['reader_interleaved_no_bcast/15501400787415134526/'; 'writer_interleaved_scalar/13747915134593411132/'],15691238620557725211,True,1228,1256,1532,1264,1296,0,0,0,0,1,1,1,[],[],0.035,,,,,
BinaryNgDeviceOperation,tt_dnn_device,33792,0,blackhole,{'binary_op_type': 'BinaryOpType::MUL'; 'compute_kernel_config': 'std::nullopt'; 'dtype': 'DataType::BFLOAT16'; 'input_dtype': 'DataType::BFLOAT16'; 'is_quant_op': 'false'; 'is_sfpu': 'true'; 'is_where_op': 'false'; 'lhs_activations': '{}'; 'memory_config': 'MemoryConfig(memory_layout=TensorMemoryLayout::INTERLEAVED;buffer_type=BufferType::DRAM;shard_spec=std::nullopt;nd_shard_spec=std::nullopt;created_with_nd_shard_spec=0)'; 'post_activations': '{}'; 'rhs_activations': '{}'; 'scalar': '1'; 'sub_core_grids': 'std::nullopt'; 'subtile_broadcast_type': 'SubtileBroadcastType::NONE'; 'worker_grid': '{[(x=0;y=0) - (x=10;y=9)]}'},HiFi4,110,110,,4755456506,4755535758,79252,7504245547004,7504245551529,1334611,1334611,3352,2817,2817,,,,556,2788,1150,1875,2410,701,,,,,,1[1],1[1],128[128],32[4],TILE,BFLOAT16,DEV_1_DRAM_INTERLEAVED,1[1],1[1],128[128],32[4],TILE,BFLOAT16,DEV_1_DRAM_INTERLEAVED,,,,,,,,,,,,,,,,,,,,,,,,,,,,,,,,,,,,,,,,,,,,,,,,,,,,,,,,,1[1],1[1],128[128],32[4],TILE,BFLOAT16,DEV_1_DRAM_INTERLEAVED,,,,,,,,,,,,,,,,,['ttnn/cpp/ttnn/operations/eltwise/binary_ng/device/kernels/compute/eltwise_binary_sfpu_scalar.cpp'],['eltwise_binary_sfpu_scalar/6302317103236044736/'],['ttnn/cpp/ttnn/operations/eltwise/binary_ng/device/kernels/dataflow/reader_interleaved_no_bcast.cpp'; 'ttnn/cpp/ttnn/operations/eltwise/binary_ng/device/kernels/dataflow/writer_interleaved_scalar.cpp'],['reader_interleaved_no_bcast/15501400787415134526/'; 'writer_interleaved_scalar/13747915134593411132/'],15691238620557725211,True,1228,1256,1532,1264,1296,0,0,0,0,1,1,1,[],[],0.035,,,,,
BinaryNgDeviceOperation,tt_dnn_device,34816,0,blackhole,{'binary_op_type': 'BinaryOpType::MUL'; 'compute_kernel_config': 'std::nullopt'; 'dtype': 'DataType::BFLOAT16'; 'input_dtype': 'DataType::BFLOAT16'; 'is_quant_op': 'false'; 'is_sfpu': 'true'; 'is_where_op': 'false'; 'lhs_activations': '{}'; 'memory_config': 'MemoryConfig(memory_layout=TensorMemoryLayout::INTERLEAVED;buffer_type=BufferType::DRAM;shard_spec=std::nullopt;nd_shard_spec=std::nullopt;created_with_nd_shard_spec=0)'; 'post_activations': '{}'; 'rhs_activations': '{}'; 'scalar': '1'; 'sub_core_grids': 'std::nullopt'; 'subtile_broadcast_type': 'SubtileBroadcastType::NONE'; 'worker_grid': '{[(x=0;y=0) - (x=10;y=9)]}'},HiFi4,110,110,,4766646506,4766729184,82678,7504260653510,7504260658065,11185859,11187762,3374,2833,2832,,,,565,2819,1104,1888,2420,707,,,,,,1[1],1[1],128[128],32[4],TILE,BFLOAT16,DEV_1_DRAM_INTERLEAVED,1[1],1[1],128[128],32[4],TILE,BFLOAT16,DEV_1_DRAM_INTERLEAVED,,,,,,,,,,,,,,,,,,,,,,,,,,,,,,,,,,,,,,,,,,,,,,,,,,,,,,,,,1[1],1[1],128[128],32[4],TILE,BFLOAT16,DEV_1_DRAM_INTERLEAVED,,,,,,,,,,,,,,,,,['ttnn/cpp/ttnn/operations/eltwise/binary_ng/device/kernels/compute/eltwise_binary_sfpu_scalar.cpp'],['eltwise_binary_sfpu_scalar/6302317103236044736/'],['ttnn/cpp/ttnn/operations/eltwise/binary_ng/device/kernels/dataflow/reader_interleaved_no_bcast.cpp'; 'ttnn/cpp/ttnn/operations/eltwise/binary_ng/device/kernels/dataflow/writer_interleaved_scalar.cpp'],['reader_interleaved_no_bcast/15501400787415134526/'; 'writer_interleaved_scalar/13747915134593411132/'],15691238620557725211,True,1228,1256,1532,1264,1296,0,0,0,0,1,1,1,[],[],0.035,,,,,
BinaryNgDeviceOperation,tt_dnn_device,35840,0,blackhole,{'binary_op_type': 'BinaryOpType::MUL'; 'compute_kernel_config': 'std::nullopt'; 'dtype': 'DataType::BFLOAT16'; 'input_dtype': 'DataType::BFLOAT16'; 'is_quant_op': 'false'; 'is_sfpu': 'true'; 'is_where_op': 'false'; 'lhs_activations': '{}'; 'memory_config': 'MemoryConfig(memory_layout=TensorMemoryLayout::INTERLEAVED;buffer_type=BufferType::DRAM;shard_spec=std::nullopt;nd_shard_spec=std::nullopt;created_with_nd_shard_spec=0)'; 'post_activations': '{}'; 'rhs_activations': '{}'; 'scalar': '1'; 'sub_core_grids': 'std::nullopt'; 'subtile_broadcast_type': 'SubtileBroadcastType::NONE'; 'worker_grid': '{[(x=0;y=0) - (x=10;y=9)]}'},HiFi4,110,110,,4767971027,4768045871,74844,7504262440656,7504262445184,1320881,1320852,3354,2822,2816,,,,559,2806,1092,1882,2413,707,,,,,,1[1],1[1],128[128],32[4],TILE,BFLOAT16,DEV_1_DRAM_INTERLEAVED,1[1],1[1],128[128],32[4],TILE,BFLOAT16,DEV_1_DRAM_INTERLEAVED,,,,,,,,,,,,,,,,,,,,,,,,,,,,,,,,,,,,,,,,,,,,,,,,,,,,,,,,,1[1],1[1],128[128],32[4],TILE,BFLOAT16,DEV_1_DRAM_INTERLEAVED,,,,,,,,,,,,,,,,,['ttnn/cpp/ttnn/operations/eltwise/binary_ng/device/kernels/compute/eltwise_binary_sfpu_scalar.cpp'],['eltwise_binary_sfpu_scalar/6302317103236044736/'],['ttnn/cpp/ttnn/operations/eltwise/binary_ng/device/kernels/dataflow/reader_interleaved_no_bcast.cpp'; 'ttnn/cpp/ttnn/operations/eltwise/binary_ng/device/kernels/dataflow/writer_interleaved_scalar.cpp'],['reader_interleaved_no_bcast/15501400787415134526/'; 'writer_interleaved_scalar/13747915134593411132/'],15691238620557725211,True,1228,1256,1532,1264,1296,0,0,0,0,1,1,1,[],[],0.035,,,,,
BinaryNgDeviceOperation,tt_dnn_device,36864,0,blackhole,{'binary_op_type': 'BinaryOpType::MUL'; 'compute_kernel_config': 'std::nullopt'; 'dtype': 'DataType::BFLOAT16'; 'input_dtype': 'DataType::BFLOAT16'; 'is_quant_op': 'false'; 'is_sfpu': 'true'; 'is_where_op': 'false'; 'lhs_activations': '{}'; 'memory_config': 'MemoryConfig(memory_layout=TensorMemoryLayout::INTERLEAVED;buffer_type=BufferType::DRAM;shard_spec=std::nullopt;nd_shard_spec=std::nullopt;created_with_nd_shard_spec=0)'; 'post_activations': '{}'; 'rhs_activations': '{}'; 'scalar': '1'; 'sub_core_grids': 'std::nullopt'; 'subtile_broadcast_type': 'SubtileBroadcastType::NONE'; 'worker_grid': '{[(x=0;y=0) - (x=10;y=9)]}'},HiFi4,110,110,,4779442808,4779524695,81887,7504277927231,7504277931754,11469915,11469915,3350,2824,2824,,,,550,2810,1101,1870,2416,708,,,,,,1[1],1[1],128[128],32[4],TILE,BFLOAT16,DEV_1_DRAM_INTERLEAVED,1[1],1[1],128[128],32[4],TILE,BFLOAT16,DEV_1_DRAM_INTERLEAVED,,,,,,,,,,,,,,,,,,,,,,,,,,,,,,,,,,,,,,,,,,,,,,,,,,,,,,,,,1[1],1[1],128[128],32[4],TILE,BFLOAT16,DEV_1_DRAM_INTERLEAVED,,,,,,,,,,,,,,,,,['ttnn/cpp/ttnn/operations/eltwise/binary_ng/device/kernels/compute/eltwise_binary_sfpu_scalar.cpp'],['eltwise_binary_sfpu_scalar/6302317103236044736/'],['ttnn/cpp/ttnn/operations/eltwise/binary_ng/device/kernels/dataflow/reader_interleaved_no_bcast.cpp'; 'ttnn/cpp/ttnn/operations/eltwise/binary_ng/device/kernels/dataflow/writer_interleaved_scalar.cpp'],['reader_interleaved_no_bcast/15501400787415134526/'; 'writer_interleaved_scalar/13747915134593411132/'],15691238620557725211,True,1228,1256,1532,1264,1296,0,0,0,0,1,1,1,[],[],0.035,,,,,
BinaryNgDeviceOperation,tt_dnn_device,37888,0,blackhole,{'binary_op_type': 'BinaryOpType::MUL'; 'compute_kernel_config': 'std::nullopt'; 'dtype': 'DataType::BFLOAT16'; 'input_dtype': 'DataType::BFLOAT16'; 'is_quant_op': 'false'; 'is_sfpu': 'true'; 'is_where_op': 'false'; 'lhs_activations': '{}'; 'memory_config': 'MemoryConfig(memory_layout=TensorMemoryLayout::INTERLEAVED;buffer_type=BufferType::DRAM;shard_spec=std::nullopt;nd_shard_spec=std::nullopt;created_with_nd_shard_spec=0)'; 'post_activations': '{}'; 'rhs_activations': '{}'; 'scalar': '1'; 'sub_core_grids': 'std::nullopt'; 'subtile_broadcast_type': 'SubtileBroadcastType::NONE'; 'worker_grid': '{[(x=0;y=0) - (x=10;y=9)]}'},HiFi4,110,110,,4780780083,4780859656,79573,7504279733446,7504279738022,1334963,1334963,3390,2853,2853,,,,557,2823,1078,1885,2426,707,,,,,,1[1],1[1],128[128],32[4],TILE,BFLOAT16,DEV_1_DRAM_INTERLEAVED,1[1],1[1],128[128],32[4],TILE,BFLOAT16,DEV_1_DRAM_INTERLEAVED,,,,,,,,,,,,,,,,,,,,,,,,,,,,,,,,,,,,,,,,,,,,,,,,,,,,,,,,,1[1],1[1],128[128],32[4],TILE,BFLOAT16,DEV_1_DRAM_INTERLEAVED,,,,,,,,,,,,,,,,,['ttnn/cpp/ttnn/operations/eltwise/binary_ng/device/kernels/compute/eltwise_binary_sfpu_scalar.cpp'],['eltwise_binary_sfpu_scalar/6302317103236044736/'],['ttnn/cpp/ttnn/operations/eltwise/binary_ng/device/kernels/dataflow/reader_interleaved_no_bcast.cpp'; 'ttnn/cpp/ttnn/operations/eltwise/binary_ng/device/kernels/dataflow/writer_interleaved_scalar.cpp'],['reader_interleaved_no_bcast/15501400787415134526/'; 'writer_interleaved_scalar/13747915134593411132/'],15691238620557725211,True,1228,1256,1532,1264,1296,0,0,0,0,1,1,1,[],[],0.035,,,,,
BinaryNgDeviceOperation,tt_dnn_device,38912,0,blackhole,{'binary_op_type': 'BinaryOpType::MUL'; 'compute_kernel_config': 'std::nullopt'; 'dtype': 'DataType::BFLOAT16'; 'input_dtype': 'DataType::BFLOAT16'; 'is_quant_op': 'false'; 'is_sfpu': 'true'; 'is_where_op': 'false'; 'lhs_activations': '{}'; 'memory_config': 'MemoryConfig(memory_layout=TensorMemoryLayout::INTERLEAVED;buffer_type=BufferType::DRAM;shard_spec=std::nullopt;nd_shard_spec=std::nullopt;created_with_nd_shard_spec=0)'; 'post_activations': '{}'; 'rhs_activations': '{}'; 'scalar': '1'; 'sub_core_grids': 'std::nullopt'; 'subtile_broadcast_type': 'SubtileBroadcastType::NONE'; 'worker_grid': '{[(x=0;y=0) - (x=10;y=9)]}'},HiFi4,110,110,,4793839841,4794066886,227045,7504297348761,7504297353378,13043853,13043686,3420,2870,2867,,,,557,2816,1164,1926,2464,703,,,,,,1[1],1[1],128[128],32[4],TILE,BFLOAT16,DEV_1_DRAM_INTERLEAVED,1[1],1[1],128[128],32[4],TILE,BFLOAT16,DEV_1_DRAM_INTERLEAVED,,,,,,,,,,,,,,,,,,,,,,,,,,,,,,,,,,,,,,,,,,,,,,,,,,,,,,,,,1[1],1[1],128[128],32[4],TILE,BFLOAT16,DEV_1_DRAM_INTERLEAVED,,,,,,,,,,,,,,,,,['ttnn/cpp/ttnn/operations/eltwise/binary_ng/device/kernels/compute/eltwise_binary_sfpu_scalar.cpp'],['eltwise_binary_sfpu_scalar/6302317103236044736/'],['ttnn/cpp/ttnn/operations/eltwise/binary_ng/device/kernels/dataflow/reader_interleaved_no_bcast.cpp'; 'ttnn/cpp/ttnn/operations/eltwise/binary_ng/device/kernels/dataflow/writer_interleaved_scalar.cpp'],['reader_interleaved_no_bcast/15501400787415134526/'; 'writer_interleaved_scalar/13747915134593411132/'],15691238620557725211,True,1228,1256,1532,1264,1296,0,0,0,0,1,1,1,[],[],0.035,,,,,
BinaryNgDeviceOperation,tt_dnn_device,39936,0,blackhole,{'binary_op_type': 'BinaryOpType::MUL'; 'compute_kernel_config': 'std::nullopt'; 'dtype': 'DataType::BFLOAT16'; 'input_dtype': 'DataType::BFLOAT16'; 'is_quant_op': 'false'; 'is_sfpu': 'true'; 'is_where_op': 'false'; 'lhs_activations': '{}'; 'memory_config': 'MemoryConfig(memory_layout=TensorMemoryLayout::INTERLEAVED;buffer_type=BufferType::DRAM;shard_spec=std::nullopt;nd_shard_spec=std::nullopt;created_with_nd_shard_spec=0)'; 'post_activations': '{}'; 'rhs_activations': '{}'; 'scalar': '1'; 'sub_core_grids': 'std::nullopt'; 'subtile_broadcast_type': 'SubtileBroadcastType::NONE'; 'worker_grid': '{[(x=0;y=0) - (x=10;y=9)]}'},HiFi4,110,110,,4796541314,4796729255,187941,7504300998005,7504301002542,2700481,2700481,3361,2818,2818,,,,561,2816,1090,1880,2421,709,,,,,,1[1],1[1],128[128],32[4],TILE,BFLOAT16,DEV_1_DRAM_INTERLEAVED,1[1],1[1],128[128],32[4],TILE,BFLOAT16,DEV_1_DRAM_INTERLEAVED,,,,,,,,,,,,,,,,,,,,,,,,,,,,,,,,,,,,,,,,,,,,,,,,,,,,,,,,,1[1],1[1],128[128],32[4],TILE,BFLOAT16,DEV_1_DRAM_INTERLEAVED,,,,,,,,,,,,,,,,,['ttnn/cpp/ttnn/operations/eltwise/binary_ng/device/kernels/compute/eltwise_binary_sfpu_scalar.cpp'],['eltwise_binary_sfpu_scalar/6302317103236044736/'],['ttnn/cpp/ttnn/operations/eltwise/binary_ng/device/kernels/dataflow/reader_interleaved_no_bcast.cpp'; 'ttnn/cpp/ttnn/operations/eltwise/binary_ng/device/kernels/dataflow/writer_interleaved_scalar.cpp'],['reader_interleaved_no_bcast/15501400787415134526/'; 'writer_interleaved_scalar/13747915134593411132/'],15691238620557725211,True,1228,1256,1532,1264,1296,0,0,0,0,1,1,1,[],[],0.035,,,,,
BinaryNgDeviceOperation,tt_dnn_device,40960,0,blackhole,{'binary_op_type': 'BinaryOpType::MUL'; 'compute_kernel_config': 'std::nullopt'; 'dtype': 'DataType::BFLOAT16'; 'input_dtype': 'DataType::BFLOAT16'; 'is_quant_op': 'false'; 'is_sfpu': 'true'; 'is_where_op': 'false'; 'lhs_activations': '{}'; 'memory_config': 'MemoryConfig(memory_layout=TensorMemoryLayout::INTERLEAVED;buffer_type=BufferType::DRAM;shard_spec=std::nullopt;nd_shard_spec=std::nullopt;created_with_nd_shard_spec=0)'; 'post_activations': '{}'; 'rhs_activations': '{}'; 'scalar': '1'; 'sub_core_grids': 'std::nullopt'; 'subtile_broadcast_type': 'SubtileBroadcastType::NONE'; 'worker_grid': '{[(x=0;y=0) - (x=10;y=9)]}'},HiFi4,110,110,,4822392684,4822638285,245601,7504335893785,7504335898304,25849975,25845217,3347,2816,2814,,,,553,2804,1100,1876,2416,704,,,,,,1[1],1[1],128[128],32[4],TILE,BFLOAT16,DEV_1_DRAM_INTERLEAVED,1[1],1[1],128[128],32[4],TILE,BFLOAT16,DEV_1_DRAM_INTERLEAVED,,,,,,,,,,,,,,,,,,,,,,,,,,,,,,,,,,,,,,,,,,,,,,,,,,,,,,,,,1[1],1[1],128[128],32[4],TILE,BFLOAT16,DEV_1_DRAM_INTERLEAVED,,,,,,,,,,,,,,,,,['ttnn/cpp/ttnn/operations/eltwise/binary_ng/device/kernels/compute/eltwise_binary_sfpu_scalar.cpp'],['eltwise_binary_sfpu_scalar/6302317103236044736/'],['ttnn/cpp/ttnn/operations/eltwise/binary_ng/device/kernels/dataflow/reader_interleaved_no_bcast.cpp'; 'ttnn/cpp/ttnn/operations/eltwise/binary_ng/device/kernels/dataflow/writer_interleaved_scalar.cpp'],['reader_interleaved_no_bcast/15501400787415134526/'; 'writer_interleaved_scalar/13747915134593411132/'],15691238620557725211,True,1228,1256,1532,1264,1296,0,0,0,0,1,1,1,[],[],0.036,,,,,
BinaryNgDeviceOperation,tt_dnn_device,41984,0,blackhole,{'binary_op_type': 'BinaryOpType::MUL'; 'compute_kernel_config': 'std::nullopt'; 'dtype': 'DataType::BFLOAT16'; 'input_dtype': 'DataType::BFLOAT16'; 'is_quant_op': 'false'; 'is_sfpu': 'true'; 'is_where_op': 'false'; 'lhs_activations': '{}'; 'memory_config': 'MemoryConfig(memory_layout=TensorMemoryLayout::INTERLEAVED;buffer_type=BufferType::DRAM;shard_spec=std::nullopt;nd_shard_spec=std::nullopt;created_with_nd_shard_spec=0)'; 'post_activations': '{}'; 'rhs_activations': '{}'; 'scalar': '1'; 'sub_core_grids': 'std::nullopt'; 'subtile_broadcast_type': 'SubtileBroadcastType::NONE'; 'worker_grid': '{[(x=0;y=0) - (x=10;y=9)]}'},HiFi4,110,110,,4836305198,4836498318,193120,7504354679356,7504354683886,13913711,13913711,3356,2821,2821,,,,553,2821,1106,1864,2416,706,,,,,,1[1],1[1],128[128],32[4],TILE,BFLOAT16,DEV_1_DRAM_INTERLEAVED,1[1],1[1],128[128],32[4],TILE,BFLOAT16,DEV_1_DRAM_INTERLEAVED,,,,,,,,,,,,,,,,,,,,,,,,,,,,,,,,,,,,,,,,,,,,,,,,,,,,,,,,,1[1],1[1],128[128],32[4],TILE,BFLOAT16,DEV_1_DRAM_INTERLEAVED,,,,,,,,,,,,,,,,,['ttnn/cpp/ttnn/operations/eltwise/binary_ng/device/kernels/compute/eltwise_binary_sfpu_scalar.cpp'],['eltwise_binary_sfpu_scalar/6302317103236044736/'],['ttnn/cpp/ttnn/operations/eltwise/binary_ng/device/kernels/dataflow/reader_interleaved_no_bcast.cpp'; 'ttnn/cpp/ttnn/operations/eltwise/binary_ng/device/kernels/dataflow/writer_interleaved_scalar.cpp'],['reader_interleaved_no_bcast/15501400787415134526/'; 'writer_interleaved_scalar/13747915134593411132/'],15691238620557725211,True,1228,1256,1532,1264,1296,0,0,0,0,1,1,1,[],[],0.035,,,,,
BinaryNgDeviceOperation,tt_dnn_device,43008,0,blackhole,{'binary_op_type': 'BinaryOpType::MUL'; 'compute_kernel_config': 'std::nullopt'; 'dtype': 'DataType::BFLOAT16'; 'input_dtype': 'DataType::BFLOAT16'; 'is_quant_op': 'false'; 'is_sfpu': 'true'; 'is_where_op': 'false'; 'lhs_activations': '{}'; 'memory_config': 'MemoryConfig(memory_layout=TensorMemoryLayout::INTERLEAVED;buffer_type=BufferType::DRAM;shard_spec=std::nullopt;nd_shard_spec=std::nullopt;created_with_nd_shard_spec=0)'; 'post_activations': '{}'; 'rhs_activations': '{}'; 'scalar': '1'; 'sub_core_grids': 'std::nullopt'; 'subtile_broadcast_type': 'SubtileBroadcastType::NONE'; 'worker_grid': '{[(x=0;y=0) - (x=10;y=9)]}'},HiFi4,110,110,,4854575703,4854727935,152232,7504379323715,7504379328233,18254401,18254401,3347,2827,2827,,,,552,2779,1096,1877,2410,701,,,,,,1[1],1[1],128[128],32[4],TILE,BFLOAT16,DEV_1_DRAM_INTERLEAVED,1[1],1[1],128[128],32[4],TILE,BFLOAT16,DEV_1_DRAM_INTERLEAVED,,,,,,,,,,,,,,,,,,,,,,,,,,,,,,,,,,,,,,,,,,,,,,,,,,,,,,,,,1[1],1[1],128[128],32[4],TILE,BFLOAT16,DEV_1_DRAM_INTERLEAVED,,,,,,,,,,,,,,,,,['ttnn/cpp/ttnn/operations/eltwise/binary_ng/device/kernels/compute/eltwise_binary_sfpu_scalar.cpp'],['eltwise_binary_sfpu_scalar/6302317103236044736/'],['ttnn/cpp/ttnn/operations/eltwise/binary_ng/device/kernels/dataflow/reader_interleaved_no_bcast.cpp'; 'ttnn/cpp/ttnn/operations/eltwise/binary_ng/device/kernels/dataflow/writer_interleaved_scalar.cpp'],['reader_interleaved_no_bcast/15501400787415134526/'; 'writer_interleaved_scalar/13747915134593411132/'],15691238620557725211,True,1228,1256,1532,1264,1296,0,0,0,0,1,1,1,[],[],0.035,,,,,
BinaryNgDeviceOperation,tt_dnn_device,44032,0,blackhole,{'binary_op_type': 'BinaryOpType::MUL'; 'compute_kernel_config': 'std::nullopt'; 'dtype': 'DataType::BFLOAT16'; 'input_dtype': 'DataType::BFLOAT16'; 'is_quant_op': 'false'; 'is_sfpu': 'true'; 'is_where_op': 'false'; 'lhs_activations': '{}'; 'memory_config': 'MemoryConfig(memory_layout=TensorMemoryLayout::INTERLEAVED;buffer_type=BufferType::DRAM;shard_spec=std::nullopt;nd_shard_spec=std::nullopt;created_with_nd_shard_spec=0)'; 'post_activations': '{}'; 'rhs_activations': '{}'; 'scalar': '1'; 'sub_core_grids': 'std::nullopt'; 'subtile_broadcast_type': 'SubtileBroadcastType::NONE'; 'worker_grid': '{[(x=0;y=0) - (x=10;y=9)]}'},HiFi4,110,110,,4856491579,4856627249,135670,7504381911460,7504381915995,1913752,1913730,3359,2827,2824,,,,557,2818,1090,1899,2421,710,,,,,,1[1],1[1],128[128],32[4],TILE,BFLOAT16,DEV_1_DRAM_INTERLEAVED,1[1],1[1],128[128],32[4],TILE,BFLOAT16,DEV_1_DRAM_INTERLEAVED,,,,,,,,,,,,,,,,,,,,,,,,,,,,,,,,,,,,,,,,,,,,,,,,,,,,,,,,,1[1],1[1],128[128],32[4],TILE,BFLOAT16,DEV_1_DRAM_INTERLEAVED,,,,,,,,,,,,,,,,,['ttnn/cpp/ttnn/operations/eltwise/binary_ng/device/kernels/compute/eltwise_binary_sfpu_scalar.cpp'],['eltwise_binary_sfpu_scalar/6302317103236044736/'],['ttnn/cpp/ttnn/operations/eltwise/binary_ng/device/kernels/dataflow/reader_interleaved_no_bcast.cpp'; 'ttnn/cpp/ttnn/operations/eltwise/binary_ng/device/kernels/dataflow/writer_interleaved_scalar.cpp'],['reader_interleaved_no_bcast/15501400787415134526/'; 'writer_interleaved_scalar/13747915134593411132/'],15691238620557725211,True,1228,1256,1532,1264,1296,0,0,0,0,1,1,1,[],[],0.035,,,,,
BinaryNgDeviceOperation,tt_dnn_device,45056,0,blackhole,{'binary_op_type': 'BinaryOpType::MUL'; 'compute_kernel_config': 'std::nullopt'; 'dtype': 'DataType::BFLOAT16'; 'input_dtype': 'DataType::BFLOAT16'; 'is_quant_op': 'false'; 'is_sfpu': 'true'; 'is_where_op': 'false'; 'lhs_activations': '{}'; 'memory_config': 'MemoryConfig(memory_layout=TensorMemoryLayout::INTERLEAVED;buffer_type=BufferType::DRAM;shard_spec=std::nullopt;nd_shard_spec=std::nullopt;created_with_nd_shard_spec=0)'; 'post_activations': '{}'; 'rhs_activations': '{}'; 'scalar': '1'; 'sub_core_grids': 'std::nullopt'; 'subtile_broadcast_type': 'SubtileBroadcastType::NONE'; 'worker_grid': '{[(x=0;y=0) - (x=10;y=9)]}'},HiFi4,110,110,,4869565183,4869747703,182520,7504399557196,7504399561746,13069971,13069971,3370,2833,2833,,,,558,2833,1107,1887,2416,699,,,,,,1[1],1[1],128[128],32[4],TILE,BFLOAT16,DEV_1_DRAM_INTERLEAVED,1[1],1[1],128[128],32[4],TILE,BFLOAT16,DEV_1_DRAM_INTERLEAVED,,,,,,,,,,,,,,,,,,,,,,,,,,,,,,,,,,,,,,,,,,,,,,,,,,,,,,,,,1[1],1[1],128[128],32[4],TILE,BFLOAT16,DEV_1_DRAM_INTERLEAVED,,,,,,,,,,,,,,,,,['ttnn/cpp/ttnn/operations/eltwise/binary_ng/device/kernels/compute/eltwise_binary_sfpu_scalar.cpp'],['eltwise_binary_sfpu_scalar/6302317103236044736/'],['ttnn/cpp/ttnn/operations/eltwise/binary_ng/device/kernels/dataflow/reader_interleaved_no_bcast.cpp'; 'ttnn/cpp/ttnn/operations/eltwise/binary_ng/device/kernels/dataflow/writer_interleaved_scalar.cpp'],['reader_interleaved_no_bcast/15501400787415134526/'; 'writer_interleaved_scalar/13747915134593411132/'],15691238620557725211,True,1228,1256,1532,1264,1296,0,0,0,0,1,1,1,[],[],0.035,,,,,
BinaryNgDeviceOperation,tt_dnn_device,46080,0,blackhole,{'binary_op_type': 'BinaryOpType::MUL'; 'compute_kernel_config': 'std::nullopt'; 'dtype': 'DataType::BFLOAT16'; 'input_dtype': 'DataType::BFLOAT16'; 'is_quant_op': 'false'; 'is_sfpu': 'true'; 'is_where_op': 'false'; 'lhs_activations': '{}'; 'memory_config': 'MemoryConfig(memory_layout=TensorMemoryLayout::INTERLEAVED;buffer_type=BufferType::DRAM;shard_spec=std::nullopt;nd_shard_spec=std::nullopt;created_with_nd_shard_spec=0)'; 'post_activations': '{}'; 'rhs_activations': '{}'; 'scalar': '1'; 'sub_core_grids': 'std::nullopt'; 'subtile_broadcast_type': 'SubtileBroadcastType::NONE'; 'worker_grid': '{[(x=0;y=0) - (x=10;y=9)]}'},HiFi4,110,110,,4871510184,4871650123,139939,7504402184905,7504402189420,1943719,1943719,3344,2812,2812,,,,556,2812,1095,1882,2413,701,,,,,,1[1],1[1],128[128],32[4],TILE,BFLOAT16,DEV_1_DRAM_INTERLEAVED,1[1],1[1],128[128],32[4],TILE,BFLOAT16,DEV_1_DRAM_INTERLEAVED,,,,,,,,,,,,,,,,,,,,,,,,,,,,,,,,,,,,,,,,,,,,,,,,,,,,,,,,,1[1],1[1],128[128],32[4],TILE,BFLOAT16,DEV_1_DRAM_INTERLEAVED,,,,,,,,,,,,,,,,,['ttnn/cpp/ttnn/operations/eltwise/binary_ng/device/kernels/compute/eltwise_binary_sfpu_scalar.cpp'],['eltwise_binary_sfpu_scalar/6302317103236044736/'],['ttnn/cpp/ttnn/operations/eltwise/binary_ng/device/kernels/dataflow/reader_interleaved_no_bcast.cpp'; 'ttnn/cpp/ttnn/operations/eltwise/binary_ng/device/kernels/dataflow/writer_interleaved_scalar.cpp'],['reader_interleaved_no_bcast/15501400787415134526/'; 'writer_interleaved_scalar/13747915134593411132/'],15691238620557725211,True,1228,1256,1532,1264,1296,0,0,0,0,1,1,1,[],[],0.036,,,,,
BinaryNgDeviceOperation,tt_dnn_device,47104,0,blackhole,{'binary_op_type': 'BinaryOpType::MUL'; 'compute_kernel_config': 'std::nullopt'; 'dtype': 'DataType::BFLOAT16'; 'input_dtype': 'DataType::BFLOAT16'; 'is_quant_op': 'false'; 'is_sfpu': 'true'; 'is_where_op': 'false'; 'lhs_activations': '{}'; 'memory_config': 'MemoryConfig(memory_layout=TensorMemoryLayout::INTERLEAVED;buffer_type=BufferType::DRAM;shard_spec=std::nullopt;nd_shard_spec=std::nullopt;created_with_nd_shard_spec=0)'; 'post_activations': '{}'; 'rhs_activations': '{}'; 'scalar': '1'; 'sub_core_grids': 'std::nullopt'; 'subtile_broadcast_type': 'SubtileBroadcastType::NONE'; 'worker_grid': '{[(x=0;y=0) - (x=10;y=9)]}'},HiFi4,110,110,,4885928739,4886142008,213269,7504421647812,7504421652338,14416246,14416246,3353,2813,2813,,,,554,2809,1106,1873,2416,707,,,,,,1[1],1[1],128[128],32[4],TILE,BFLOAT16,DEV_1_DRAM_INTERLEAVED,1[1],1[1],128[128],32[4],TILE,BFLOAT16,DEV_1_DRAM_INTERLEAVED,,,,,,,,,,,,,,,,,,,,,,,,,,,,,,,,,,,,,,,,,,,,,,,,,,,,,,,,,1[1],1[1],128[128],32[4],TILE,BFLOAT16,DEV_1_DRAM_INTERLEAVED,,,,,,,,,,,,,,,,,['ttnn/cpp/ttnn/operations/eltwise/binary_ng/device/kernels/compute/eltwise_binary_sfpu_scalar.cpp'],['eltwise_binary_sfpu_scalar/6302317103236044736/'],['ttnn/cpp/ttnn/operations/eltwise/binary_ng/device/kernels/dataflow/reader_interleaved_no_bcast.cpp'; 'ttnn/cpp/ttnn/operations/eltwise/binary_ng/device/kernels/dataflow/writer_interleaved_scalar.cpp'],['reader_interleaved_no_bcast/15501400787415134526/'; 'writer_interleaved_scalar/13747915134593411132/'],15691238620557725211,True,1228,1256,1532,1264,1296,0,0,0,0,1,1,1,[],[],0.036,,,,,
BinaryNgDeviceOperation,tt_dnn_device,48128,0,blackhole,{'binary_op_type': 'BinaryOpType::MUL'; 'compute_kernel_config': 'std::nullopt'; 'dtype': 'DataType::BFLOAT16'; 'input_dtype': 'DataType::BFLOAT16'; 'is_quant_op': 'false'; 'is_sfpu': 'true'; 'is_where_op': 'false'; 'lhs_activations': '{}'; 'memory_config': 'MemoryConfig(memory_layout=TensorMemoryLayout::INTERLEAVED;buffer_type=BufferType::DRAM;shard_spec=std::nullopt;nd_shard_spec=std::nullopt;created_with_nd_shard_spec=0)'; 'post_activations': '{}'; 'rhs_activations': '{}'; 'scalar': '1'; 'sub_core_grids': 'std::nullopt'; 'subtile_broadcast_type': 'SubtileBroadcastType::NONE'; 'worker_grid': '{[(x=0;y=0) - (x=10;y=9)]}'},HiFi4,110,110,,4888013819,4888188986,175167,7504424464695,7504424469268,2084062,2084062,3387,2853,2853,,,,557,2823,1081,1885,2426,702,,,,,,1[1],1[1],128[128],32[4],TILE,BFLOAT16,DEV_1_DRAM_INTERLEAVED,1[1],1[1],128[128],32[4],TILE,BFLOAT16,DEV_1_DRAM_INTERLEAVED,,,,,,,,,,,,,,,,,,,,,,,,,,,,,,,,,,,,,,,,,,,,,,,,,,,,,,,,,1[1],1[1],128[128],32[4],TILE,BFLOAT16,DEV_1_DRAM_INTERLEAVED,,,,,,,,,,,,,,,,,['ttnn/cpp/ttnn/operations/eltwise/binary_ng/device/kernels/compute/eltwise_binary_sfpu_scalar.cpp'],['eltwise_binary_sfpu_scalar/6302317103236044736/'],['ttnn/cpp/ttnn/operations/eltwise/binary_ng/device/kernels/dataflow/reader_interleaved_no_bcast.cpp'; 'ttnn/cpp/ttnn/operations/eltwise/binary_ng/device/kernels/dataflow/writer_interleaved_scalar.cpp'],['reader_interleaved_no_bcast/15501400787415134526/'; 'writer_interleaved_scalar/13747915134593411132/'],15691238620557725211,True,1228,1256,1532,1264,1296,0,0,0,0,1,1,1,[],[],0.035,,,,,
BinaryNgDeviceOperation,tt_dnn_device,49152,0,blackhole,{'binary_op_type': 'BinaryOpType::MUL'; 'compute_kernel_config': 'std::nullopt'; 'dtype': 'DataType::BFLOAT16'; 'input_dtype': 'DataType::BFLOAT16'; 'is_quant_op': 'false'; 'is_sfpu': 'true'; 'is_where_op': 'false'; 'lhs_activations': '{}'; 'memory_config': 'MemoryConfig(memory_layout=TensorMemoryLayout::INTERLEAVED;buffer_type=BufferType::DRAM;shard_spec=std::nullopt;nd_shard_spec=std::nullopt;created_with_nd_shard_spec=0)'; 'post_activations': '{}'; 'rhs_activations': '{}'; 'scalar': '1'; 'sub_core_grids': 'std::nullopt'; 'subtile_broadcast_type': 'SubtileBroadcastType::NONE'; 'worker_grid': '{[(x=0;y=0) - (x=10;y=9)]}'},HiFi4,110,110,,4920551549,4920977476,425927,7504468377858,7504468382448,32529607,32529194,3400,2870,2867,,,,561,2805,1146,1942,2476,704,,,,,,1[1],1[1],128[128],32[4],TILE,BFLOAT16,DEV_1_DRAM_INTERLEAVED,1[1],1[1],128[128],32[4],TILE,BFLOAT16,DEV_1_DRAM_INTERLEAVED,,,,,,,,,,,,,,,,,,,,,,,,,,,,,,,,,,,,,,,,,,,,,,,,,,,,,,,,,1[1],1[1],128[128],32[4],TILE,BFLOAT16,DEV_1_DRAM_INTERLEAVED,,,,,,,,,,,,,,,,,['ttnn/cpp/ttnn/operations/eltwise/binary_ng/device/kernels/compute/eltwise_binary_sfpu_scalar.cpp'],['eltwise_binary_sfpu_scalar/6302317103236044736/'],['ttnn/cpp/ttnn/operations/eltwise/binary_ng/device/kernels/dataflow/reader_interleaved_no_bcast.cpp'; 'ttnn/cpp/ttnn/operations/eltwise/binary_ng/device/kernels/dataflow/writer_interleaved_scalar.cpp'],['reader_interleaved_no_bcast/15501400787415134526/'; 'writer_interleaved_scalar/13747915134593411132/'],15691238620557725211,True,1228,1256,1532,1264,1296,0,0,0,0,1,1,1,[],[],0.035,,,,,
BinaryNgDeviceOperation,tt_dnn_device,50176,0,blackhole,{'binary_op_type': 'BinaryOpType::MUL'; 'compute_kernel_config': 'std::nullopt'; 'dtype': 'DataType::BFLOAT16'; 'input_dtype': 'DataType::BFLOAT16'; 'is_quant_op': 'false'; 'is_sfpu': 'true'; 'is_where_op': 'false'; 'lhs_activations': '{}'; 'memory_config': 'MemoryConfig(memory_layout=TensorMemoryLayout::INTERLEAVED;buffer_type=BufferType::DRAM;shard_spec=std::nullopt;nd_shard_spec=std::nullopt;created_with_nd_shard_spec=0)'; 'post_activations': '{}'; 'rhs_activations': '{}'; 'scalar': '1'; 'sub_core_grids': 'std::nullopt'; 'subtile_broadcast_type': 'SubtileBroadcastType::NONE'; 'worker_grid': '{[(x=0;y=0) - (x=10;y=9)]}'},HiFi4,110,110,,4924999202,4925208073,208871,7504474389768,7504474394304,4449890,4449890,3360,2813,2813,,,,561,2813,1110,1877,2405,706,,,,,,1[1],1[1],128[128],32[4],TILE,BFLOAT16,DEV_1_DRAM_INTERLEAVED,1[1],1[1],128[128],32[4],TILE,BFLOAT16,DEV_1_DRAM_INTERLEAVED,,,,,,,,,,,,,,,,,,,,,,,,,,,,,,,,,,,,,,,,,,,,,,,,,,,,,,,,,1[1],1[1],128[128],32[4],TILE,BFLOAT16,DEV_1_DRAM_INTERLEAVED,,,,,,,,,,,,,,,,,['ttnn/cpp/ttnn/operations/eltwise/binary_ng/device/kernels/compute/eltwise_binary_sfpu_scalar.cpp'],['eltwise_binary_sfpu_scalar/6302317103236044736/'],['ttnn/cpp/ttnn/operations/eltwise/binary_ng/device/kernels/dataflow/reader_interleaved_no_bcast.cpp'; 'ttnn/cpp/ttnn/operations/eltwise/binary_ng/device/kernels/dataflow/writer_interleaved_scalar.cpp'],['reader_interleaved_no_bcast/15501400787415134526/'; 'writer_interleaved_scalar/13747915134593411132/'],15691238620557725211,True,1228,1256,1532,1264,1296,0,0,0,0,1,1,1,[],[],0.036,,,,,
BinaryNgDeviceOperation,tt_dnn_device,51200,0,blackhole,{'binary_op_type': 'BinaryOpType::MUL'; 'compute_kernel_config': 'std::nullopt'; 'dtype': 'DataType::BFLOAT16'; 'input_dtype': 'DataType::BFLOAT16'; 'is_quant_op': 'false'; 'is_sfpu': 'true'; 'is_where_op': 'false'; 'lhs_activations': '{}'; 'memory_config': 'MemoryConfig(memory_layout=TensorMemoryLayout::INTERLEAVED;buffer_type=BufferType::DRAM;shard_spec=std::nullopt;nd_shard_spec=std::nullopt;created_with_nd_shard_spec=0)'; 'post_activations': '{}'; 'rhs_activations': '{}'; 'scalar': '1'; 'sub_core_grids': 'std::nullopt'; 'subtile_broadcast_type': 'SubtileBroadcastType::NONE'; 'worker_grid': '{[(x=0;y=0) - (x=10;y=9)]}'},HiFi4,110,110,,4956404258,4956612057,207799,7504516786935,7504516791455,31400001,31400001,3348,2822,2822,,,,564,2805,1104,1877,2416,699,,,,,,1[1],1[1],128[128],32[4],TILE,BFLOAT16,DEV_1_DRAM_INTERLEAVED,1[1],1[1],128[128],32[4],TILE,BFLOAT16,DEV_1_DRAM_INTERLEAVED,,,,,,,,,,,,,,,,,,,,,,,,,,,,,,,,,,,,,,,,,,,,,,,,,,,,,,,,,1[1],1[1],128[128],32[4],TILE,BFLOAT16,DEV_1_DRAM_INTERLEAVED,,,,,,,,,,,,,,,,,['ttnn/cpp/ttnn/operations/eltwise/binary_ng/device/kernels/compute/eltwise_binary_sfpu_scalar.cpp'],['eltwise_binary_sfpu_scalar/6302317103236044736/'],['ttnn/cpp/ttnn/operations/eltwise/binary_ng/device/kernels/dataflow/reader_interleaved_no_bcast.cpp'; 'ttnn/cpp/ttnn/operations/eltwise/binary_ng/device/kernels/dataflow/writer_interleaved_scalar.cpp'],['reader_interleaved_no_bcast/15501400787415134526/'; 'writer_interleaved_scalar/13747915134593411132/'],15691238620557725211,True,1228,1256,1532,1264,1296,0,0,0,0,1,1,1,[],[],0.035,,,,,
BinaryNgDeviceOperation,tt_dnn_device,52224,0,blackhole,{'binary_op_type': 'BinaryOpType::MUL'; 'compute_kernel_config': 'std::nullopt'; 'dtype': 'DataType::BFLOAT16'; 'input_dtype': 'DataType::BFLOAT16'; 'is_quant_op': 'false'; 'is_sfpu': 'true'; 'is_where_op': 'false'; 'lhs_activations': '{}'; 'memory_config': 'MemoryConfig(memory_layout=TensorMemoryLayout::INTERLEAVED;buffer_type=BufferType::DRAM;shard_spec=std::nullopt;nd_shard_spec=std::nullopt;created_with_nd_shard_spec=0)'; 'post_activations': '{}'; 'rhs_activations': '{}'; 'scalar': '1'; 'sub_core_grids': 'std::nullopt'; 'subtile_broadcast_type': 'SubtileBroadcastType::NONE'; 'worker_grid': '{[(x=0;y=0) - (x=10;y=9)]}'},HiFi4,110,110,,4966605912,4966753144,147232,7504530563128,7504530567649,10200571,10200305,3349,2813,2807,,,,553,2801,1082,1895,2420,704,,,,,,1[1],1[1],128[128],32[4],TILE,BFLOAT16,DEV_1_DRAM_INTERLEAVED,1[1],1[1],128[128],32[4],TILE,BFLOAT16,DEV_1_DRAM_INTERLEAVED,,,,,,,,,,,,,,,,,,,,,,,,,,,,,,,,,,,,,,,,,,,,,,,,,,,,,,,,,1[1],1[1],128[128],32[4],TILE,BFLOAT16,DEV_1_DRAM_INTERLEAVED,,,,,,,,,,,,,,,,,['ttnn/cpp/ttnn/operations/eltwise/binary_ng/device/kernels/compute/eltwise_binary_sfpu_scalar.cpp'],['eltwise_binary_sfpu_scalar/6302317103236044736/'],['ttnn/cpp/ttnn/operations/eltwise/binary_ng/device/kernels/dataflow/reader_interleaved_no_bcast.cpp'; 'ttnn/cpp/ttnn/operations/eltwise/binary_ng/device/kernels/dataflow/writer_interleaved_scalar.cpp'],['reader_interleaved_no_bcast/15501400787415134526/'; 'writer_interleaved_scalar/13747915134593411132/'],15691238620557725211,True,1228,1256,1532,1264,1296,0,0,0,0,1,1,1,[],[],0.036,,,,,
BinaryNgDeviceOperation,tt_dnn_device,53248,0,blackhole,{'binary_op_type': 'BinaryOpType::MUL'; 'compute_kernel_config': 'std::nullopt'; 'dtype': 'DataType::BFLOAT16'; 'input_dtype': 'DataType::BFLOAT16'; 'is_quant_op': 'false'; 'is_sfpu': 'true'; 'is_where_op': 'false'; 'lhs_activations': '{}'; 'memory_config': 'MemoryConfig(memory_layout=TensorMemoryLayout::INTERLEAVED;buffer_type=BufferType::DRAM;shard_spec=std::nullopt;nd_shard_spec=std::nullopt;created_with_nd_shard_spec=0)'; 'post_activations': '{}'; 'rhs_activations': '{}'; 'scalar': '1'; 'sub_core_grids': 'std::nullopt'; 'subtile_broadcast_type': 'SubtileBroadcastType::NONE'; 'worker_grid': '{[(x=0;y=0) - (x=10;y=9)]}'},HiFi4,110,110,,5008148749,5008390573,241824,7504586643730,7504586648267,41544940,41541116,3361,2816,2815,,,,544,2783,1096,1876,2411,690,,,,,,1[1],1[1],128[128],32[4],TILE,BFLOAT16,DEV_1_DRAM_INTERLEAVED,1[1],1[1],128[128],32[4],TILE,BFLOAT16,DEV_1_DRAM_INTERLEAVED,,,,,,,,,,,,,,,,,,,,,,,,,,,,,,,,,,,,,,,,,,,,,,,,,,,,,,,,,1[1],1[1],128[128],32[4],TILE,BFLOAT16,DEV_1_DRAM_INTERLEAVED,,,,,,,,,,,,,,,,,['ttnn/cpp/ttnn/operations/eltwise/binary_ng/device/kernels/compute/eltwise_binary_sfpu_scalar.cpp'],['eltwise_binary_sfpu_scalar/6302317103236044736/'],['ttnn/cpp/ttnn/operations/eltwise/binary_ng/device/kernels/dataflow/reader_interleaved_no_bcast.cpp'; 'ttnn/cpp/ttnn/operations/eltwise/binary_ng/device/kernels/dataflow/writer_interleaved_scalar.cpp'],['reader_interleaved_no_bcast/15501400787415134526/'; 'writer_interleaved_scalar/13747915134593411132/'],15691238620557725211,True,1228,1256,1532,1264,1296,0,0,0,0,1,1,1,[],[],0.036,,,,,
BinaryNgDeviceOperation,tt_dnn_device,54272,0,blackhole,{'binary_op_type': 'BinaryOpType::MUL'; 'compute_kernel_config': 'std::nullopt'; 'dtype': 'DataType::BFLOAT16'; 'input_dtype': 'DataType::BFLOAT16'; 'is_quant_op': 'false'; 'is_sfpu': 'true'; 'is_where_op': 'false'; 'lhs_activations': '{}'; 'memory_config': 'MemoryConfig(memory_layout=TensorMemoryLayout::INTERLEAVED;buffer_type=BufferType::DRAM;shard_spec=std::nullopt;nd_shard_spec=std::nullopt;created_with_nd_shard_spec=0)'; 'post_activations': '{}'; 'rhs_activations': '{}'; 'scalar': '1'; 'sub_core_grids': 'std::nullopt'; 'subtile_broadcast_type': 'SubtileBroadcastType::NONE'; 'worker_grid': '{[(x=0;y=0) - (x=10;y=9)]}'},HiFi4,110,110,,5024499410,5024721997,222587,7504608713203,7504608717723,16343843,16343843,3348,2825,2825,,,,553,2780,1084,1875,2412,700,,,,,,1[1],1[1],128[128],32[4],TILE,BFLOAT16,DEV_1_DRAM_INTERLEAVED,1[1],1[1],128[128],32[4],TILE,BFLOAT16,DEV_1_DRAM_INTERLEAVED,,,,,,,,,,,,,,,,,,,,,,,,,,,,,,,,,,,,,,,,,,,,,,,,,,,,,,,,,1[1],1[1],128[128],32[4],TILE,BFLOAT16,DEV_1_DRAM_INTERLEAVED,,,,,,,,,,,,,,,,,['ttnn/cpp/ttnn/operations/eltwise/binary_ng/device/kernels/compute/eltwise_binary_sfpu_scalar.cpp'],['eltwise_binary_sfpu_scalar/6302317103236044736/'],['ttnn/cpp/ttnn/operations/eltwise/binary_ng/device/kernels/dataflow/reader_interleaved_no_bcast.cpp'; 'ttnn/cpp/ttnn/operations/eltwise/binary_ng/device/kernels/dataflow/writer_interleaved_scalar.cpp'],['reader_interleaved_no_bcast/15501400787415134526/'; 'writer_interleaved_scalar/13747915134593411132/'],15691238620557725211,True,1228,1256,1532,1264,1296,0,0,0,0,1,1,1,[],[],0.035,,,,,
BinaryNgDeviceOperation,tt_dnn_device,55296,0,blackhole,{'binary_op_type': 'BinaryOpType::MUL'; 'compute_kernel_config': 'std::nullopt'; 'dtype': 'DataType::BFLOAT16'; 'input_dtype': 'DataType::BFLOAT16'; 'is_quant_op': 'false'; 'is_sfpu': 'true'; 'is_where_op': 'false'; 'lhs_activations': '{}'; 'memory_config': 'MemoryConfig(memory_layout=TensorMemoryLayout::INTERLEAVED;buffer_type=BufferType::DRAM;shard_spec=std::nullopt;nd_shard_spec=std::nullopt;created_with_nd_shard_spec=0)'; 'post_activations': '{}'; 'rhs_activations': '{}'; 'scalar': '1'; 'sub_core_grids': 'std::nullopt'; 'subtile_broadcast_type': 'SubtileBroadcastType::NONE'; 'worker_grid': '{[(x=0;y=0) - (x=10;y=9)]}'},HiFi4,110,110,,5038373700,5038527265,153565,7504627447104,7504627451628,13875599,13874326,3351,2824,2823,,,,563,2796,1110,1889,2408,696,,,,,,1[1],1[1],128[128],32[4],TILE,BFLOAT16,DEV_1_DRAM_INTERLEAVED,1[1],1[1],128[128],32[4],TILE,BFLOAT16,DEV_1_DRAM_INTERLEAVED,,,,,,,,,,,,,,,,,,,,,,,,,,,,,,,,,,,,,,,,,,,,,,,,,,,,,,,,,1[1],1[1],128[128],32[4],TILE,BFLOAT16,DEV_1_DRAM_INTERLEAVED,,,,,,,,,,,,,,,,,['ttnn/cpp/ttnn/operations/eltwise/binary_ng/device/kernels/compute/eltwise_binary_sfpu_scalar.cpp'],['eltwise_binary_sfpu_scalar/6302317103236044736/'],['ttnn/cpp/ttnn/operations/eltwise/binary_ng/device/kernels/dataflow/reader_interleaved_no_bcast.cpp'; 'ttnn/cpp/ttnn/operations/eltwise/binary_ng/device/kernels/dataflow/writer_interleaved_scalar.cpp'],['reader_interleaved_no_bcast/15501400787415134526/'; 'writer_interleaved_scalar/13747915134593411132/'],15691238620557725211,True,1228,1256,1532,1264,1296,0,0,0,0,1,1,1,[],[],0.035,,,,,
BinaryNgDeviceOperation,tt_dnn_device,56320,0,blackhole,{'binary_op_type': 'BinaryOpType::MUL'; 'compute_kernel_config': 'std::nullopt'; 'dtype': 'DataType::BFLOAT16'; 'input_dtype': 'DataType::BFLOAT16'; 'is_quant_op': 'false'; 'is_sfpu': 'true'; 'is_where_op': 'false'; 'lhs_activations': '{}'; 'memory_config': 'MemoryConfig(memory_layout=TensorMemoryLayout::INTERLEAVED;buffer_type=BufferType::DRAM;shard_spec=std::nullopt;nd_shard_spec=std::nullopt;created_with_nd_shard_spec=0)'; 'post_activations': '{}'; 'rhs_activations': '{}'; 'scalar': '1'; 'sub_core_grids': 'std::nullopt'; 'subtile_broadcast_type': 'SubtileBroadcastType::NONE'; 'worker_grid': '{[(x=0;y=0) - (x=10;y=9)]}'},HiFi4,110,110,,5040353559,5040469321,115762,7504630126475,7504630131039,1981907,1981907,3381,2840,2840,,,,564,2824,1099,1879,2420,705,,,,,,1[1],1[1],128[128],32[4],TILE,BFLOAT16,DEV_1_DRAM_INTERLEAVED,1[1],1[1],128[128],32[4],TILE,BFLOAT16,DEV_1_DRAM_INTERLEAVED,,,,,,,,,,,,,,,,,,,,,,,,,,,,,,,,,,,,,,,,,,,,,,,,,,,,,,,,,1[1],1[1],128[128],32[4],TILE,BFLOAT16,DEV_1_DRAM_INTERLEAVED,,,,,,,,,,,,,,,,,['ttnn/cpp/ttnn/operations/eltwise/binary_ng/device/kernels/compute/eltwise_binary_sfpu_scalar.cpp'],['eltwise_binary_sfpu_scalar/6302317103236044736/'],['ttnn/cpp/ttnn/operations/eltwise/binary_ng/device/kernels/dataflow/reader_interleaved_no_bcast.cpp'; 'ttnn/cpp/ttnn/operations/eltwise/binary_ng/device/kernels/dataflow/writer_interleaved_scalar.cpp'],['reader_interleaved_no_bcast/15501400787415134526/'; 'writer_interleaved_scalar/13747915134593411132/'],15691238620557725211,True,1228,1256,1532,1264,1296,0,0,0,0,1,1,1,[],[],0.035,,,,,
BinaryNgDeviceOperation,tt_dnn_device,57344,0,blackhole,{'binary_op_type': 'BinaryOpType::MUL'; 'compute_kernel_config': 'std::nullopt'; 'dtype': 'DataType::BFLOAT16'; 'input_dtype': 'DataType::BFLOAT16'; 'is_quant_op': 'false'; 'is_sfpu': 'true'; 'is_where_op': 'false'; 'lhs_activations': '{}'; 'memory_config': 'MemoryConfig(memory_layout=TensorMemoryLayout::INTERLEAVED;buffer_type=BufferType::DRAM;shard_spec=std::nullopt;nd_shard_spec=std::nullopt;created_with_nd_shard_spec=0)'; 'post_activations': '{}'; 'rhs_activations': '{}'; 'scalar': '1'; 'sub_core_grids': 'std::nullopt'; 'subtile_broadcast_type': 'SubtileBroadcastType::NONE'; 'worker_grid': '{[(x=0;y=0) - (x=10;y=9)]}'},HiFi4,110,110,,5063239429,5063360241,120812,7504661016034,7504661020556,22878906,22878312,3350,2826,2820,,,,560,2784,1095,1866,2416,703,,,,,,1[1],1[1],128[128],32[4],TILE,BFLOAT16,DEV_1_DRAM_INTERLEAVED,1[1],1[1],128[128],32[4],TILE,BFLOAT16,DEV_1_DRAM_INTERLEAVED,,,,,,,,,,,,,,,,,,,,,,,,,,,,,,,,,,,,,,,,,,,,,,,,,,,,,,,,,1[1],1[1],128[128],32[4],TILE,BFLOAT16,DEV_1_DRAM_INTERLEAVED,,,,,,,,,,,,,,,,,['ttnn/cpp/ttnn/operations/eltwise/binary_ng/device/kernels/compute/eltwise_binary_sfpu_scalar.cpp'],['eltwise_binary_sfpu_scalar/6302317103236044736/'],['ttnn/cpp/ttnn/operations/eltwise/binary_ng/device/kernels/dataflow/reader_interleaved_no_bcast.cpp'; 'ttnn/cpp/ttnn/operations/eltwise/binary_ng/device/kernels/dataflow/writer_interleaved_scalar.cpp'],['reader_interleaved_no_bcast/15501400787415134526/'; 'writer_interleaved_scalar/13747915134593411132/'],15691238620557725211,True,1228,1256,1532,1264,1296,0,0,0,0,1,1,1,[],[],0.035,,,,,
BinaryNgDeviceOperation,tt_dnn_device,58368,0,blackhole,{'binary_op_type': 'BinaryOpType::MUL'; 'compute_kernel_config': 'std::nullopt'; 'dtype': 'DataType::BFLOAT16'; 'input_dtype': 'DataType::BFLOAT16'; 'is_quant_op': 'false'; 'is_sfpu': 'true'; 'is_where_op': 'false'; 'lhs_activations': '{}'; 'memory_config': 'MemoryConfig(memory_layout=TensorMemoryLayout::INTERLEAVED;buffer_type=BufferType::DRAM;shard_spec=std::nullopt;nd_shard_spec=std::nullopt;created_with_nd_shard_spec=0)'; 'post_activations': '{}'; 'rhs_activations': '{}'; 'scalar': '1'; 'sub_core_grids': 'std::nullopt'; 'subtile_broadcast_type': 'SubtileBroadcastType::NONE'; 'worker_grid': '{[(x=0;y=0) - (x=10;y=9)]}'},HiFi4,110,110,,5065286417,5065486781,200364,7504663775767,7504663780348,2041720,2041720,3393,2853,2853,,,,549,2802,1090,1878,2421,681,,,,,,1[1],1[1],128[128],32[4],TILE,BFLOAT16,DEV_1_DRAM_INTERLEAVED,1[1],1[1],128[128],32[4],TILE,BFLOAT16,DEV_1_DRAM_INTERLEAVED,,,,,,,,,,,,,,,,,,,,,,,,,,,,,,,,,,,,,,,,,,,,,,,,,,,,,,,,,1[1],1[1],128[128],32[4],TILE,BFLOAT16,DEV_1_DRAM_INTERLEAVED,,,,,,,,,,,,,,,,,['ttnn/cpp/ttnn/operations/eltwise/binary_ng/device/kernels/compute/eltwise_binary_sfpu_scalar.cpp'],['eltwise_binary_sfpu_scalar/6302317103236044736/'],['ttnn/cpp/ttnn/operations/eltwise/binary_ng/device/kernels/dataflow/reader_interleaved_no_bcast.cpp'; 'ttnn/cpp/ttnn/operations/eltwise/binary_ng/device/kernels/dataflow/writer_interleaved_scalar.cpp'],['reader_interleaved_no_bcast/15501400787415134526/'; 'writer_interleaved_scalar/13747915134593411132/'],15691238620557725211,True,1228,1256,1532,1264,1296,0,0,0,0,1,1,1,[],[],0.035,,,,,
BinaryNgDeviceOperation,tt_dnn_device,59392,0,blackhole,{'binary_op_type': 'BinaryOpType::MUL'; 'compute_kernel_config': 'std::nullopt'; 'dtype': 'DataType::BFLOAT16'; 'input_dtype': 'DataType::BFLOAT16'; 'is_quant_op': 'false'; 'is_sfpu': 'true'; 'is_where_op': 'false'; 'lhs_activations': '{}'; 'memory_config': 'MemoryConfig(memory_layout=TensorMemoryLayout::INTERLEAVED;buffer_type=BufferType::DRAM;shard_spec=std::nullopt;nd_shard_spec=std::nullopt;created_with_nd_shard_spec=0)'; 'post_activations': '{}'; 'rhs_activations': '{}'; 'scalar': '1'; 'sub_core_grids': 'std::nullopt'; 'subtile_broadcast_type': 'SubtileBroadcastType::NONE'; 'worker_grid': '{[(x=0;y=0) - (x=10;y=9)]}'},HiFi4,110,110,,5088217013,5088363113,146100,7504694735928,7504694740569,22932933,22930307,3438,2904,2897,,,,558,2828,1150,1961,2493,703,,,,,,1[1],1[1],128[128],32[4],TILE,BFLOAT16,DEV_1_DRAM_INTERLEAVED,1[1],1[1],128[128],32[4],TILE,BFLOAT16,DEV_1_DRAM_INTERLEAVED,,,,,,,,,,,,,,,,,,,,,,,,,,,,,,,,,,,,,,,,,,,,,,,,,,,,,,,,,1[1],1[1],128[128],32[4],TILE,BFLOAT16,DEV_1_DRAM_INTERLEAVED,,,,,,,,,,,,,,,,,['ttnn/cpp/ttnn/operations/eltwise/binary_ng/device/kernels/compute/eltwise_binary_sfpu_scalar.cpp'],['eltwise_binary_sfpu_scalar/6302317103236044736/'],['ttnn/cpp/ttnn/operations/eltwise/binary_ng/device/kernels/dataflow/reader_interleaved_no_bcast.cpp'; 'ttnn/cpp/ttnn/operations/eltwise/binary_ng/device/kernels/dataflow/writer_interleaved_scalar.cpp'],['reader_interleaved_no_bcast/15501400787415134526/'; 'writer_interleaved_scalar/13747915134593411132/'],15691238620557725211,True,1228,1256,1532,1264,1296,0,0,0,0,1,1,1,[],[],0.034,,,,,
BinaryNgDeviceOperation,tt_dnn_device,60416,0,blackhole,{'binary_op_type': 'BinaryOpType::MUL'; 'compute_kernel_config': 'std::nullopt'; 'dtype': 'DataType::BFLOAT16'; 'input_dtype': 'DataType::BFLOAT16'; 'is_quant_op': 'false'; 'is_sfpu': 'true'; 'is_where_op': 'false'; 'lhs_activations': '{}'; 'memory_config': 'MemoryConfig(memory_layout=TensorMemoryLayout::INTERLEAVED;buffer_type=BufferType::DRAM;shard_spec=std::nullopt;nd_shard_spec=std::nullopt;created_with_nd_shard_spec=0)'; 'post_activations': '{}'; 'rhs_activations': '{}'; 'scalar': '1'; 'sub_core_grids': 'std::nullopt'; 'subtile_broadcast_type': 'SubtileBroadcastType::NONE'; 'worker_grid': '{[(x=0;y=0) - (x=10;y=9)]}'},HiFi4,110,110,,5089827573,5089912907,85334,7504696911132,7504696915665,1608387,1608387,3358,2823,2823,,,,567,2823,1102,1907,2427,704,,,,,,1[1],1[1],128[128],32[4],TILE,BFLOAT16,DEV_1_DRAM_INTERLEAVED,1[1],1[1],128[128],32[4],TILE,BFLOAT16,DEV_1_DRAM_INTERLEAVED,,,,,,,,,,,,,,,,,,,,,,,,,,,,,,,,,,,,,,,,,,,,,,,,,,,,,,,,,1[1],1[1],128[128],32[4],TILE,BFLOAT16,DEV_1_DRAM_INTERLEAVED,,,,,,,,,,,,,,,,,['ttnn/cpp/ttnn/operations/eltwise/binary_ng/device/kernels/compute/eltwise_binary_sfpu_scalar.cpp'],['eltwise_binary_sfpu_scalar/6302317103236044736/'],['ttnn/cpp/ttnn/operations/eltwise/binary_ng/device/kernels/dataflow/reader_interleaved_no_bcast.cpp'; 'ttnn/cpp/ttnn/operations/eltwise/binary_ng/device/kernels/dataflow/writer_interleaved_scalar.cpp'],['reader_interleaved_no_bcast/15501400787415134526/'; 'writer_interleaved_scalar/13747915134593411132/'],15691238620557725211,True,1228,1256,1532,1264,1296,0,0,0,0,1,1,1,[],[],0.035,,,,,
BinaryNgDeviceOperation,tt_dnn_device,61440,0,blackhole,{'binary_op_type': 'BinaryOpType::MUL'; 'compute_kernel_config': 'std::nullopt'; 'dtype': 'DataType::BFLOAT16'; 'input_dtype': 'DataType::BFLOAT16'; 'is_quant_op': 'false'; 'is_sfpu': 'true'; 'is_where_op': 'false'; 'lhs_activations': '{}'; 'memory_config': 'MemoryConfig(memory_layout=TensorMemoryLayout::INTERLEAVED;buffer_type=BufferType::DRAM;shard_spec=std::nullopt;nd_shard_spec=std::nullopt;created_with_nd_shard_spec=0)'; 'post_activations': '{}'; 'rhs_activations': '{}'; 'scalar': '1'; 'sub_core_grids': 'std::nullopt'; 'subtile_broadcast_type': 'SubtileBroadcastType::NONE'; 'worker_grid': '{[(x=0;y=0) - (x=10;y=9)]}'},HiFi4,110,110,,5104658619,5107463511,2804892,7504716914037,7504716918568,14814735,14814735,3356,2809,2809,,,,553,2785,1090,1865,2407,696,,,,,,1[1],1[1],128[128],32[4],TILE,BFLOAT16,DEV_1_DRAM_INTERLEAVED,1[1],1[1],128[128],32[4],TILE,BFLOAT16,DEV_1_DRAM_INTERLEAVED,,,,,,,,,,,,,,,,,,,,,,,,,,,,,,,,,,,,,,,,,,,,,,,,,,,,,,,,,1[1],1[1],128[128],32[4],TILE,BFLOAT16,DEV_1_DRAM_INTERLEAVED,,,,,,,,,,,,,,,,,['ttnn/cpp/ttnn/operations/eltwise/binary_ng/device/kernels/compute/eltwise_binary_sfpu_scalar.cpp'],['eltwise_binary_sfpu_scalar/6302317103236044736/'],['ttnn/cpp/ttnn/operations/eltwise/binary_ng/device/kernels/dataflow/reader_interleaved_no_bcast.cpp'; 'ttnn/cpp/ttnn/operations/eltwise/binary_ng/device/kernels/dataflow/writer_interleaved_scalar.cpp'],['reader_interleaved_no_bcast/15501400787415134526/'; 'writer_interleaved_scalar/13747915134593411132/'],15691238620557725211,True,1228,1256,1532,1264,1296,0,0,0,0,1,1,1,[],[],0.036,,,,,
BinaryNgDeviceOperation,tt_dnn_device,62464,0,blackhole,{'binary_op_type': 'BinaryOpType::MUL'; 'compute_kernel_config': 'std::nullopt'; 'dtype': 'DataType::BFLOAT16'; 'input_dtype': 'DataType::BFLOAT16'; 'is_quant_op': 'false'; 'is_sfpu': 'true'; 'is_where_op': 'false'; 'lhs_activations': '{}'; 'memory_config': 'MemoryConfig(memory_layout=TensorMemoryLayout::INTERLEAVED;buffer_type=BufferType::DRAM;shard_spec=std::nullopt;nd_shard_spec=std::nullopt;created_with_nd_shard_spec=0)'; 'post_activations': '{}'; 'rhs_activations': '{}'; 'scalar': '1'; 'sub_core_grids': 'std::nullopt'; 'subtile_broadcast_type': 'SubtileBroadcastType::NONE'; 'worker_grid': '{[(x=0;y=0) - (x=10;y=9)]}'},HiFi4,110,110,,5112146245,5112377279,231034,7504727034005,7504727038525,7492669,7492572,3348,2816,2813,,,,566,2807,1084,1877,2409,704,,,,,,1[1],1[1],128[128],32[4],TILE,BFLOAT16,DEV_1_DRAM_INTERLEAVED,1[1],1[1],128[128],32[4],TILE,BFLOAT16,DEV_1_DRAM_INTERLEAVED,,,,,,,,,,,,,,,,,,,,,,,,,,,,,,,,,,,,,,,,,,,,,,,,,,,,,,,,,1[1],1[1],128[128],32[4],TILE,BFLOAT16,DEV_1_DRAM_INTERLEAVED,,,,,,,,,,,,,,,,,['ttnn/cpp/ttnn/operations/eltwise/binary_ng/device/kernels/compute/eltwise_binary_sfpu_scalar.cpp'],['eltwise_binary_sfpu_scalar/6302317103236044736/'],['ttnn/cpp/ttnn/operations/eltwise/binary_ng/device/kernels/dataflow/reader_interleaved_no_bcast.cpp'; 'ttnn/cpp/ttnn/operations/eltwise/binary_ng/device/kernels/dataflow/writer_interleaved_scalar.cpp'],['reader_interleaved_no_bcast/15501400787415134526/'; 'writer_interleaved_scalar/13747915134593411132/'],15691238620557725211,True,1228,1256,1532,1264,1296,0,0,0,0,1,1,1,[],[],0.036,,,,,
BinaryNgDeviceOperation,tt_dnn_device,63488,0,blackhole,{'binary_op_type': 'BinaryOpType::MUL'; 'compute_kernel_config': 'std::nullopt'; 'dtype': 'DataType::BFLOAT16'; 'input_dtype': 'DataType::BFLOAT16'; 'is_quant_op': 'false'; 'is_sfpu': 'true'; 'is_where_op': 'false'; 'lhs_activations': '{}'; 'memory_config': 'MemoryConfig(memory_layout=TensorMemoryLayout::INTERLEAVED;buffer_type=BufferType::DRAM;shard_spec=std::nullopt;nd_shard_spec=std::nullopt;created_with_nd_shard_spec=0)'; 'post_activations': '{}'; 'rhs_activations': '{}'; 'scalar': '1'; 'sub_core_grids': 'std::nullopt'; 'subtile_broadcast_type': 'SubtileBroadcastType::NONE'; 'worker_grid': '{[(x=0;y=0) - (x=10;y=9)]}'},HiFi4,110,110,,5163382821,5163623313,240492,7504796201642,7504796206164,51233140,51237178,3350,2823,2821,,,,559,2797,1086,1874,2418,696,,,,,,1[1],1[1],128[128],32[4],TILE,BFLOAT16,DEV_1_DRAM_INTERLEAVED,1[1],1[1],128[128],32[4],TILE,BFLOAT16,DEV_1_DRAM_INTERLEAVED,,,,,,,,,,,,,,,,,,,,,,,,,,,,,,,,,,,,,,,,,,,,,,,,,,,,,,,,,1[1],1[1],128[128],32[4],TILE,BFLOAT16,DEV_1_DRAM_INTERLEAVED,,,,,,,,,,,,,,,,,['ttnn/cpp/ttnn/operations/eltwise/binary_ng/device/kernels/compute/eltwise_binary_sfpu_scalar.cpp'],['eltwise_binary_sfpu_scalar/6302317103236044736/'],['ttnn/cpp/ttnn/operations/eltwise/binary_ng/device/kernels/dataflow/reader_interleaved_no_bcast.cpp'; 'ttnn/cpp/ttnn/operations/eltwise/binary_ng/device/kernels/dataflow/writer_interleaved_scalar.cpp'],['reader_interleaved_no_bcast/15501400787415134526/'; 'writer_interleaved_scalar/13747915134593411132/'],15691238620557725211,True,1228,1256,1532,1264,1296,0,0,0,0,1,1,1,[],[],0.035,,,,,
BinaryNgDeviceOperation,tt_dnn_device,64512,0,blackhole,{'binary_op_type': 'BinaryOpType::MUL'; 'compute_kernel_config': 'std::nullopt'; 'dtype': 'DataType::BFLOAT16'; 'input_dtype': 'DataType::BFLOAT16'; 'is_quant_op': 'false'; 'is_sfpu': 'true'; 'is_where_op': 'false'; 'lhs_activations': '{}'; 'memory_config': 'MemoryConfig(memory_layout=TensorMemoryLayout::INTERLEAVED;buffer_type=BufferType::DRAM;shard_spec=std::nullopt;nd_shard_spec=std::nullopt;created_with_nd_shard_spec=0)'; 'post_activations': '{}'; 'rhs_activations': '{}'; 'scalar': '1'; 'sub_core_grids': 'std::nullopt'; 'subtile_broadcast_type': 'SubtileBroadcastType::NONE'; 'worker_grid': '{[(x=0;y=0) - (x=10;y=9)]}'},HiFi4,110,110,,5166792243,5166927773,135530,7504800809634,7504800814163,3410636,3410907,3355,2829,2827,,,,554,2820,1096,1882,2418,707,,,,,,1[1],1[1],128[128],32[4],TILE,BFLOAT16,DEV_1_DRAM_INTERLEAVED,1[1],1[1],128[128],32[4],TILE,BFLOAT16,DEV_1_DRAM_INTERLEAVED,,,,,,,,,,,,,,,,,,,,,,,,,,,,,,,,,,,,,,,,,,,,,,,,,,,,,,,,,1[1],1[1],128[128],32[4],TILE,BFLOAT16,DEV_1_DRAM_INTERLEAVED,,,,,,,,,,,,,,,,,['ttnn/cpp/ttnn/operations/eltwise/binary_ng/device/kernels/compute/eltwise_binary_sfpu_scalar.cpp'],['eltwise_binary_sfpu_scalar/6302317103236044736/'],['ttnn/cpp/ttnn/operations/eltwise/binary_ng/device/kernels/dataflow/reader_interleaved_no_bcast.cpp'; 'ttnn/cpp/ttnn/operations/eltwise/binary_ng/device/kernels/dataflow/writer_interleaved_scalar.cpp'],['reader_interleaved_no_bcast/15501400787415134526/'; 'writer_interleaved_scalar/13747915134593411132/'],15691238620557725211,True,1228,1256,1532,1264,1296,0,0,0,0,1,1,1,[],[],0.035,,,,,
BinaryNgDeviceOperation,tt_dnn_device,65536,0,blackhole,{'binary_op_type': 'BinaryOpType::MUL'; 'compute_kernel_config': 'std::nullopt'; 'dtype': 'DataType::BFLOAT16'; 'input_dtype': 'DataType::BFLOAT16'; 'is_quant_op': 'false'; 'is_sfpu': 'true'; 'is_where_op': 'false'; 'lhs_activations': '{}'; 'memory_config': 'MemoryConfig(memory_layout=TensorMemoryLayout::INTERLEAVED;buffer_type=BufferType::DRAM;shard_spec=std::nullopt;nd_shard_spec=std::nullopt;created_with_nd_shard_spec=0)'; 'post_activations': '{}'; 'rhs_activations': '{}'; 'scalar': '1'; 'sub_core_grids': 'std::nullopt'; 'subtile_broadcast_type': 'SubtileBroadcastType::NONE'; 'worker_grid': '{[(x=0;y=0) - (x=10;y=9)]}'},HiFi4,110,110,,5179189139,5179308808,119669,7504817545712,7504817550244,12395717,12395717,3357,2827,2827,,,,559,2827,1107,1877,2430,704,,,,,,1[1],1[1],128[128],32[4],TILE,BFLOAT16,DEV_1_DRAM_INTERLEAVED,1[1],1[1],128[128],32[4],TILE,BFLOAT16,DEV_1_DRAM_INTERLEAVED,,,,,,,,,,,,,,,,,,,,,,,,,,,,,,,,,,,,,,,,,,,,,,,,,,,,,,,,,1[1],1[1],128[128],32[4],TILE,BFLOAT16,DEV_1_DRAM_INTERLEAVED,,,,,,,,,,,,,,,,,['ttnn/cpp/ttnn/operations/eltwise/binary_ng/device/kernels/compute/eltwise_binary_sfpu_scalar.cpp'],['eltwise_binary_sfpu_scalar/6302317103236044736/'],['ttnn/cpp/ttnn/operations/eltwise/binary_ng/device/kernels/dataflow/reader_interleaved_no_bcast.cpp'; 'ttnn/cpp/ttnn/operations/eltwise/binary_ng/device/kernels/dataflow/writer_interleaved_scalar.cpp'],['reader_interleaved_no_bcast/15501400787415134526/'; 'writer_interleaved_scalar/13747915134593411132/'],15691238620557725211,True,1228,1256,1532,1264,1296,0,0,0,0,1,1,1,[],[],0.035,,,,,
BinaryNgDeviceOperation,tt_dnn_device,66560,0,blackhole,{'binary_op_type': 'BinaryOpType::MUL'; 'compute_kernel_config': 'std::nullopt'; 'dtype': 'DataType::BFLOAT16'; 'input_dtype': 'DataType::BFLOAT16'; 'is_quant_op': 'false'; 'is_sfpu': 'true'; 'is_where_op': 'false'; 'lhs_activations': '{}'; 'memory_config': 'MemoryConfig(memory_layout=TensorMemoryLayout::INTERLEAVED;buffer_type=BufferType::DRAM;shard_spec=std::nullopt;nd_shard_spec=std::nullopt;created_with_nd_shard_spec=0)'; 'post_activations': '{}'; 'rhs_activations': '{}'; 'scalar': '1'; 'sub_core_grids': 'std::nullopt'; 'subtile_broadcast_type': 'SubtileBroadcastType::NONE'; 'worker_grid': '{[(x=0;y=0) - (x=10;y=9)]}'},HiFi4,110,110,,5180641124,5180730426,89302,7504819507878,7504819512396,1450507,1450507,3347,2819,2819,,,,550,2800,1101,1885,2424,704,,,,,,1[1],1[1],128[128],32[4],TILE,BFLOAT16,DEV_1_DRAM_INTERLEAVED,1[1],1[1],128[128],32[4],TILE,BFLOAT16,DEV_1_DRAM_INTERLEAVED,,,,,,,,,,,,,,,,,,,,,,,,,,,,,,,,,,,,,,,,,,,,,,,,,,,,,,,,,1[1],1[1],128[128],32[4],TILE,BFLOAT16,DEV_1_DRAM_INTERLEAVED,,,,,,,,,,,,,,,,,['ttnn/cpp/ttnn/operations/eltwise/binary_ng/device/kernels/compute/eltwise_binary_sfpu_scalar.cpp'],['eltwise_binary_sfpu_scalar/6302317103236044736/'],['ttnn/cpp/ttnn/operations/eltwise/binary_ng/device/kernels/dataflow/reader_interleaved_no_bcast.cpp'; 'ttnn/cpp/ttnn/operations/eltwise/binary_ng/device/kernels/dataflow/writer_interleaved_scalar.cpp'],['reader_interleaved_no_bcast/15501400787415134526/'; 'writer_interleaved_scalar/13747915134593411132/'],15691238620557725211,True,1228,1256,1532,1264,1296,0,0,0,0,1,1,1,[],[],0.035,,,,,
BinaryNgDeviceOperation,tt_dnn_device,67584,0,blackhole,{'binary_op_type': 'BinaryOpType::MUL'; 'compute_kernel_config': 'std::nullopt'; 'dtype': 'DataType::BFLOAT16'; 'input_dtype': 'DataType::BFLOAT16'; 'is_quant_op': 'false'; 'is_sfpu': 'true'; 'is_where_op': 'false'; 'lhs_activations': '{}'; 'memory_config': 'MemoryConfig(memory_layout=TensorMemoryLayout::INTERLEAVED;buffer_type=BufferType::DRAM;shard_spec=std::nullopt;nd_shard_spec=std::nullopt;created_with_nd_shard_spec=0)'; 'post_activations': '{}'; 'rhs_activations': '{}'; 'scalar': '1'; 'sub_core_grids': 'std::nullopt'; 'subtile_broadcast_type': 'SubtileBroadcastType::NONE'; 'worker_grid': '{[(x=0;y=0) - (x=10;y=9)]}'},HiFi4,110,110,,5191832647,5191945854,113207,7504834614368,7504834618876,11185848,11185848,3339,2813,2813,,,,553,2780,1164,1879,2416,690,,,,,,1[1],1[1],128[128],32[4],TILE,BFLOAT16,DEV_1_DRAM_INTERLEAVED,1[1],1[1],128[128],32[4],TILE,BFLOAT16,DEV_1_DRAM_INTERLEAVED,,,,,,,,,,,,,,,,,,,,,,,,,,,,,,,,,,,,,,,,,,,,,,,,,,,,,,,,,1[1],1[1],128[128],32[4],TILE,BFLOAT16,DEV_1_DRAM_INTERLEAVED,,,,,,,,,,,,,,,,,['ttnn/cpp/ttnn/operations/eltwise/binary_ng/device/kernels/compute/eltwise_binary_sfpu_scalar.cpp'],['eltwise_binary_sfpu_scalar/6302317103236044736/'],['ttnn/cpp/ttnn/operations/eltwise/binary_ng/device/kernels/dataflow/reader_interleaved_no_bcast.cpp'; 'ttnn/cpp/ttnn/operations/eltwise/binary_ng/device/kernels/dataflow/writer_interleaved_scalar.cpp'],['reader_interleaved_no_bcast/15501400787415134526/'; 'writer_interleaved_scalar/13747915134593411132/'],15691238620557725211,True,1228,1256,1532,1264,1296,0,0,0,0,1,1,1,[],[],0.036,,,,,
BinaryNgDeviceOperation,tt_dnn_device,68608,0,blackhole,{'binary_op_type': 'BinaryOpType::MUL'; 'compute_kernel_config': 'std::nullopt'; 'dtype': 'DataType::BFLOAT16'; 'input_dtype': 'DataType::BFLOAT16'; 'is_quant_op': 'false'; 'is_sfpu': 'true'; 'is_where_op': 'false'; 'lhs_activations': '{}'; 'memory_config': 'MemoryConfig(memory_layout=TensorMemoryLayout::INTERLEAVED;buffer_type=BufferType::DRAM;shard_spec=std::nullopt;nd_shard_spec=std::nullopt;created_with_nd_shard_spec=0)'; 'post_activations': '{}'; 'rhs_activations': '{}'; 'scalar': '1'; 'sub_core_grids': 'std::nullopt'; 'subtile_broadcast_type': 'SubtileBroadcastType::NONE'; 'worker_grid': '{[(x=0;y=0) - (x=10;y=9)]}'},HiFi4,110,110,,5193247251,5193336713,89462,7504836524875,7504836529455,1412496,1412225,3393,2858,2853,,,,559,2832,1110,1890,2420,698,,,,,,1[1],1[1],128[128],32[4],TILE,BFLOAT16,DEV_1_DRAM_INTERLEAVED,1[1],1[1],128[128],32[4],TILE,BFLOAT16,DEV_1_DRAM_INTERLEAVED,,,,,,,,,,,,,,,,,,,,,,,,,,,,,,,,,,,,,,,,,,,,,,,,,,,,,,,,,1[1],1[1],128[128],32[4],TILE,BFLOAT16,DEV_1_DRAM_INTERLEAVED,,,,,,,,,,,,,,,,,['ttnn/cpp/ttnn/operations/eltwise/binary_ng/device/kernels/compute/eltwise_binary_sfpu_scalar.cpp'],['eltwise_binary_sfpu_scalar/6302317103236044736/'],['ttnn/cpp/ttnn/operations/eltwise/binary_ng/device/kernels/dataflow/reader_interleaved_no_bcast.cpp'; 'ttnn/cpp/ttnn/operations/eltwise/binary_ng/device/kernels/dataflow/writer_interleaved_scalar.cpp'],['reader_interleaved_no_bcast/15501400787415134526/'; 'writer_interleaved_scalar/13747915134593411132/'],15691238620557725211,True,1228,1256,1532,1264,1296,0,0,0,0,1,1,1,[],[],0.035,,,,,
BinaryNgDeviceOperation,tt_dnn_device,69632,0,blackhole,{'binary_op_type': 'BinaryOpType::MUL'; 'compute_kernel_config': 'std::nullopt'; 'dtype': 'DataType::BFLOAT16'; 'input_dtype': 'DataType::BFLOAT16'; 'is_quant_op': 'false'; 'is_sfpu': 'true'; 'is_where_op': 'false'; 'lhs_activations': '{}'; 'memory_config': 'MemoryConfig(memory_layout=TensorMemoryLayout::INTERLEAVED;buffer_type=BufferType::DRAM;shard_spec=std::nullopt;nd_shard_spec=std::nullopt;created_with_nd_shard_spec=0)'; 'post_activations': '{}'; 'rhs_activations': '{}'; 'scalar': '1'; 'sub_core_grids': 'std::nullopt'; 'subtile_broadcast_type': 'SubtileBroadcastType::NONE'; 'worker_grid': '{[(x=0;y=0) - (x=10;y=9)]}'},HiFi4,110,110,,5204560889,5204673545,112656,7504851797241,7504851801883,11310865,11309854,3439,2898,2897,,,,559,2831,1164,1966,2499,708,,,,,,1[1],1[1],128[128],32[4],TILE,BFLOAT16,DEV_1_DRAM_INTERLEAVED,1[1],1[1],128[128],32[4],TILE,BFLOAT16,DEV_1_DRAM_INTERLEAVED,,,,,,,,,,,,,,,,,,,,,,,,,,,,,,,,,,,,,,,,,,,,,,,,,,,,,,,,,1[1],1[1],128[128],32[4],TILE,BFLOAT16,DEV_1_DRAM_INTERLEAVED,,,,,,,,,,,,,,,,,['ttnn/cpp/ttnn/operations/eltwise/binary_ng/device/kernels/compute/eltwise_binary_sfpu_scalar.cpp'],['eltwise_binary_sfpu_scalar/6302317103236044736/'],['ttnn/cpp/ttnn/operations/eltwise/binary_ng/device/kernels/dataflow/reader_interleaved_no_bcast.cpp'; 'ttnn/cpp/ttnn/operations/eltwise/binary_ng/device/kernels/dataflow/writer_interleaved_scalar.cpp'],['reader_interleaved_no_bcast/15501400787415134526/'; 'writer_interleaved_scalar/13747915134593411132/'],15691238620557725211,True,1228,1256,1532,1264,1296,0,0,0,0,1,1,1,[],[],0.035,,,,,
BinaryNgDeviceOperation,tt_dnn_device,70656,0,blackhole,{'binary_op_type': 'BinaryOpType::MUL'; 'compute_kernel_config': 'std::nullopt'; 'dtype': 'DataType::BFLOAT16'; 'input_dtype': 'DataType::BFLOAT16'; 'is_quant_op': 'false'; 'is_sfpu': 'true'; 'is_where_op': 'false'; 'lhs_activations': '{}'; 'memory_config': 'MemoryConfig(memory_layout=TensorMemoryLayout::INTERLEAVED;buffer_type=BufferType::DRAM;shard_spec=std::nullopt;nd_shard_spec=std::nullopt;created_with_nd_shard_spec=0)'; 'post_activations': '{}'; 'rhs_activations': '{}'; 'scalar': '1'; 'sub_core_grids': 'std::nullopt'; 'subtile_broadcast_type': 'SubtileBroadcastType::NONE'; 'worker_grid': '{[(x=0;y=0) - (x=10;y=9)]}'},HiFi4,110,110,,5205976955,5206066948,89993,7504853710680,7504853715190,1414589,1414589,3341,2821,2821,,,,552,2807,1096,1882,2419,705,,,,,,1[1],1[1],128[128],32[4],TILE,BFLOAT16,DEV_1_DRAM_INTERLEAVED,1[1],1[1],128[128],32[4],TILE,BFLOAT16,DEV_1_DRAM_INTERLEAVED,,,,,,,,,,,,,,,,,,,,,,,,,,,,,,,,,,,,,,,,,,,,,,,,,,,,,,,,,1[1],1[1],128[128],32[4],TILE,BFLOAT16,DEV_1_DRAM_INTERLEAVED,,,,,,,,,,,,,,,,,['ttnn/cpp/ttnn/operations/eltwise/binary_ng/device/kernels/compute/eltwise_binary_sfpu_scalar.cpp'],['eltwise_binary_sfpu_scalar/6302317103236044736/'],['ttnn/cpp/ttnn/operations/eltwise/binary_ng/device/kernels/dataflow/reader_interleaved_no_bcast.cpp'; 'ttnn/cpp/ttnn/operations/eltwise/binary_ng/device/kernels/dataflow/writer_interleaved_scalar.cpp'],['reader_interleaved_no_bcast/15501400787415134526/'; 'writer_interleaved_scalar/13747915134593411132/'],15691238620557725211,True,1228,1256,1532,1264,1296,0,0,0,0,1,1,1,[],[],0.035,,,,,
BinaryNgDeviceOperation,tt_dnn_device,71680,0,blackhole,{'binary_op_type': 'BinaryOpType::MUL'; 'compute_kernel_config': 'std::nullopt'; 'dtype': 'DataType::BFLOAT16'; 'input_dtype': 'DataType::BFLOAT16'; 'is_quant_op': 'false'; 'is_sfpu': 'true'; 'is_where_op': 'false'; 'lhs_activations': '{}'; 'memory_config': 'MemoryConfig(memory_layout=TensorMemoryLayout::INTERLEAVED;buffer_type=BufferType::DRAM;shard_spec=std::nullopt;nd_shard_spec=std::nullopt;created_with_nd_shard_spec=0)'; 'post_activations': '{}'; 'rhs_activations': '{}'; 'scalar': '1'; 'sub_core_grids': 'std::nullopt'; 'subtile_broadcast_type': 'SubtileBroadcastType::NONE'; 'worker_grid': '{[(x=0;y=0) - (x=10;y=9)]}'},HiFi4,110,110,,5217782486,5217893239,110753,7504869646473,7504869650999,11800550,11800397,3353,2822,2819,,,,559,2793,1090,1870,2413,704,,,,,,1[1],1[1],128[128],32[4],TILE,BFLOAT16,DEV_1_DRAM_INTERLEAVED,1[1],1[1],128[128],32[4],TILE,BFLOAT16,DEV_1_DRAM_INTERLEAVED,,,,,,,,,,,,,,,,,,,,,,,,,,,,,,,,,,,,,,,,,,,,,,,,,,,,,,,,,1[1],1[1],128[128],32[4],TILE,BFLOAT16,DEV_1_DRAM_INTERLEAVED,,,,,,,,,,,,,,,,,['ttnn/cpp/ttnn/operations/eltwise/binary_ng/device/kernels/compute/eltwise_binary_sfpu_scalar.cpp'],['eltwise_binary_sfpu_scalar/6302317103236044736/'],['ttnn/cpp/ttnn/operations/eltwise/binary_ng/device/kernels/dataflow/reader_interleaved_no_bcast.cpp'; 'ttnn/cpp/ttnn/operations/eltwise/binary_ng/device/kernels/dataflow/writer_interleaved_scalar.cpp'],['reader_interleaved_no_bcast/15501400787415134526/'; 'writer_interleaved_scalar/13747915134593411132/'],15691238620557725211,True,1228,1256,1532,1264,1296,0,0,0,0,1,1,1,[],[],0.035,,,,,
BinaryNgDeviceOperation,tt_dnn_device,72704,0,blackhole,{'binary_op_type': 'BinaryOpType::MUL'; 'compute_kernel_config': 'std::nullopt'; 'dtype': 'DataType::BFLOAT16'; 'input_dtype': 'DataType::BFLOAT16'; 'is_quant_op': 'false'; 'is_sfpu': 'true'; 'is_where_op': 'false'; 'lhs_activations': '{}'; 'memory_config': 'MemoryConfig(memory_layout=TensorMemoryLayout::INTERLEAVED;buffer_type=BufferType::DRAM;shard_spec=std::nullopt;nd_shard_spec=std::nullopt;created_with_nd_shard_spec=0)'; 'post_activations': '{}'; 'rhs_activations': '{}'; 'scalar': '1'; 'sub_core_grids': 'std::nullopt'; 'subtile_broadcast_type': 'SubtileBroadcastType::NONE'; 'worker_grid': '{[(x=0;y=0) - (x=10;y=9)]}'},HiFi4,110,110,,5219195728,5219284989,89261,7504871554269,7504871558800,1410330,1410315,3356,2814,2811,,,,560,2805,1090,1883,2412,699,,,,,,1[1],1[1],128[128],32[4],TILE,BFLOAT16,DEV_1_DRAM_INTERLEAVED,1[1],1[1],128[128],32[4],TILE,BFLOAT16,DEV_1_DRAM_INTERLEAVED,,,,,,,,,,,,,,,,,,,,,,,,,,,,,,,,,,,,,,,,,,,,,,,,,,,,,,,,,1[1],1[1],128[128],32[4],TILE,BFLOAT16,DEV_1_DRAM_INTERLEAVED,,,,,,,,,,,,,,,,,['ttnn/cpp/ttnn/operations/eltwise/binary_ng/device/kernels/compute/eltwise_binary_sfpu_scalar.cpp'],['eltwise_binary_sfpu_scalar/6302317103236044736/'],['ttnn/cpp/ttnn/operations/eltwise/binary_ng/device/kernels/dataflow/reader_interleaved_no_bcast.cpp'; 'ttnn/cpp/ttnn/operations/eltwise/binary_ng/device/kernels/dataflow/writer_interleaved_scalar.cpp'],['reader_interleaved_no_bcast/15501400787415134526/'; 'writer_interleaved_scalar/13747915134593411132/'],15691238620557725211,True,1228,1256,1532,1264,1296,0,0,0,0,1,1,1,[],[],0.036,,,,,
BinaryNgDeviceOperation,tt_dnn_device,73728,0,blackhole,{'binary_op_type': 'BinaryOpType::MUL'; 'compute_kernel_config': 'std::nullopt'; 'dtype': 'DataType::BFLOAT16'; 'input_dtype': 'DataType::BFLOAT16'; 'is_quant_op': 'false'; 'is_sfpu': 'true'; 'is_where_op': 'false'; 'lhs_activations': '{}'; 'memory_config': 'MemoryConfig(memory_layout=TensorMemoryLayout::INTERLEAVED;buffer_type=BufferType::DRAM;shard_spec=std::nullopt;nd_shard_spec=std::nullopt;created_with_nd_shard_spec=0)'; 'post_activations': '{}'; 'rhs_activations': '{}'; 'scalar': '1'; 'sub_core_grids': 'std::nullopt'; 'subtile_broadcast_type': 'SubtileBroadcastType::NONE'; 'worker_grid': '{[(x=0;y=0) - (x=10;y=9)]}'},HiFi4,110,110,,5230614747,5230722354,107607,7504886970375,7504886974890,11415904,11416804,3344,2828,2826,,,,562,2776,1107,1888,2423,704,,,,,,1[1],1[1],128[128],32[4],TILE,BFLOAT16,DEV_1_DRAM_INTERLEAVED,1[1],1[1],128[128],32[4],TILE,BFLOAT16,DEV_1_DRAM_INTERLEAVED,,,,,,,,,,,,,,,,,,,,,,,,,,,,,,,,,,,,,,,,,,,,,,,,,,,,,,,,,1[1],1[1],128[128],32[4],TILE,BFLOAT16,DEV_1_DRAM_INTERLEAVED,,,,,,,,,,,,,,,,,['ttnn/cpp/ttnn/operations/eltwise/binary_ng/device/kernels/compute/eltwise_binary_sfpu_scalar.cpp'],['eltwise_binary_sfpu_scalar/6302317103236044736/'],['ttnn/cpp/ttnn/operations/eltwise/binary_ng/device/kernels/dataflow/reader_interleaved_no_bcast.cpp'; 'ttnn/cpp/ttnn/operations/eltwise/binary_ng/device/kernels/dataflow/writer_interleaved_scalar.cpp'],['reader_interleaved_no_bcast/15501400787415134526/'; 'writer_interleaved_scalar/13747915134593411132/'],15691238620557725211,True,1228,1256,1532,1264,1296,0,0,0,0,1,1,1,[],[],0.035,,,,,
BinaryNgDeviceOperation,tt_dnn_device,74752,0,blackhole,{'binary_op_type': 'BinaryOpType::MUL'; 'compute_kernel_config': 'std::nullopt'; 'dtype': 'DataType::BFLOAT16'; 'input_dtype': 'DataType::BFLOAT16'; 'is_quant_op': 'false'; 'is_sfpu': 'true'; 'is_where_op': 'false'; 'lhs_activations': '{}'; 'memory_config': 'MemoryConfig(memory_layout=TensorMemoryLayout::INTERLEAVED;buffer_type=BufferType::DRAM;shard_spec=std::nullopt;nd_shard_spec=std::nullopt;created_with_nd_shard_spec=0)'; 'post_activations': '{}'; 'rhs_activations': '{}'; 'scalar': '1'; 'sub_core_grids': 'std::nullopt'; 'subtile_broadcast_type': 'SubtileBroadcastType::NONE'; 'worker_grid': '{[(x=0;y=0) - (x=10;y=9)]}'},HiFi4,110,110,,5232010295,5232095749,85454,7504888854757,7504888859281,1392867,1393107,3351,2813,2812,,,,560,2812,1093,1887,2414,703,,,,,,1[1],1[1],128[128],32[4],TILE,BFLOAT16,DEV_1_DRAM_INTERLEAVED,1[1],1[1],128[128],32[4],TILE,BFLOAT16,DEV_1_DRAM_INTERLEAVED,,,,,,,,,,,,,,,,,,,,,,,,,,,,,,,,,,,,,,,,,,,,,,,,,,,,,,,,,1[1],1[1],128[128],32[4],TILE,BFLOAT16,DEV_1_DRAM_INTERLEAVED,,,,,,,,,,,,,,,,,['ttnn/cpp/ttnn/operations/eltwise/binary_ng/device/kernels/compute/eltwise_binary_sfpu_scalar.cpp'],['eltwise_binary_sfpu_scalar/6302317103236044736/'],['ttnn/cpp/ttnn/operations/eltwise/binary_ng/device/kernels/dataflow/reader_interleaved_no_bcast.cpp'; 'ttnn/cpp/ttnn/operations/eltwise/binary_ng/device/kernels/dataflow/writer_interleaved_scalar.cpp'],['reader_interleaved_no_bcast/15501400787415134526/'; 'writer_interleaved_scalar/13747915134593411132/'],15691238620557725211,True,1228,1256,1532,1264,1296,0,0,0,0,1,1,1,[],[],0.036,,,,,
BinaryNgDeviceOperation,tt_dnn_device,75776,0,blackhole,{'binary_op_type': 'BinaryOpType::MUL'; 'compute_kernel_config': 'std::nullopt'; 'dtype': 'DataType::BFLOAT16'; 'input_dtype': 'DataType::BFLOAT16'; 'is_quant_op': 'false'; 'is_sfpu': 'true'; 'is_where_op': 'false'; 'lhs_activations': '{}'; 'memory_config': 'MemoryConfig(memory_layout=TensorMemoryLayout::INTERLEAVED;buffer_type=BufferType::DRAM;shard_spec=std::nullopt;nd_shard_spec=std::nullopt;created_with_nd_shard_spec=0)'; 'post_activations': '{}'; 'rhs_activations': '{}'; 'scalar': '1'; 'sub_core_grids': 'std::nullopt'; 'subtile_broadcast_type': 'SubtileBroadcastType::NONE'; 'worker_grid': '{[(x=0;y=0) - (x=10;y=9)]}'},HiFi4,110,110,,5243138666,5243221255,82589,7504903877363,7504903881881,11124010,11126934,3347,2819,2819,,,,553,2779,1090,1877,2414,707,,,,,,1[1],1[1],128[128],32[4],TILE,BFLOAT16,DEV_1_DRAM_INTERLEAVED,1[1],1[1],128[128],32[4],TILE,BFLOAT16,DEV_1_DRAM_INTERLEAVED,,,,,,,,,,,,,,,,,,,,,,,,,,,,,,,,,,,,,,,,,,,,,,,,,,,,,,,,,1[1],1[1],128[128],32[4],TILE,BFLOAT16,DEV_1_DRAM_INTERLEAVED,,,,,,,,,,,,,,,,,['ttnn/cpp/ttnn/operations/eltwise/binary_ng/device/kernels/compute/eltwise_binary_sfpu_scalar.cpp'],['eltwise_binary_sfpu_scalar/6302317103236044736/'],['ttnn/cpp/ttnn/operations/eltwise/binary_ng/device/kernels/dataflow/reader_interleaved_no_bcast.cpp'; 'ttnn/cpp/ttnn/operations/eltwise/binary_ng/device/kernels/dataflow/writer_interleaved_scalar.cpp'],['reader_interleaved_no_bcast/15501400787415134526/'; 'writer_interleaved_scalar/13747915134593411132/'],15691238620557725211,True,1228,1256,1532,1264,1296,0,0,0,0,1,1,1,[],[],0.035,,,,,
BinaryNgDeviceOperation,tt_dnn_device,76800,0,blackhole,{'binary_op_type': 'BinaryOpType::MUL'; 'compute_kernel_config': 'std::nullopt'; 'dtype': 'DataType::BFLOAT16'; 'input_dtype': 'DataType::BFLOAT16'; 'is_quant_op': 'false'; 'is_sfpu': 'true'; 'is_where_op': 'false'; 'lhs_activations': '{}'; 'memory_config': 'MemoryConfig(memory_layout=TensorMemoryLayout::INTERLEAVED;buffer_type=BufferType::DRAM;shard_spec=std::nullopt;nd_shard_spec=std::nullopt;created_with_nd_shard_spec=0)'; 'post_activations': '{}'; 'rhs_activations': '{}'; 'scalar': '1'; 'sub_core_grids': 'std::nullopt'; 'subtile_broadcast_type': 'SubtileBroadcastType::NONE'; 'worker_grid': '{[(x=0;y=0) - (x=10;y=9)]}'},HiFi4,110,110,,5244443520,5244522231,78711,7504905639083,7504905643618,1302325,1302325,3359,2830,2830,,,,559,2813,1085,1881,2418,701,,,,,,1[1],1[1],128[128],32[4],TILE,BFLOAT16,DEV_1_DRAM_INTERLEAVED,1[1],1[1],128[128],32[4],TILE,BFLOAT16,DEV_1_DRAM_INTERLEAVED,,,,,,,,,,,,,,,,,,,,,,,,,,,,,,,,,,,,,,,,,,,,,,,,,,,,,,,,,1[1],1[1],128[128],32[4],TILE,BFLOAT16,DEV_1_DRAM_INTERLEAVED,,,,,,,,,,,,,,,,,['ttnn/cpp/ttnn/operations/eltwise/binary_ng/device/kernels/compute/eltwise_binary_sfpu_scalar.cpp'],['eltwise_binary_sfpu_scalar/6302317103236044736/'],['ttnn/cpp/ttnn/operations/eltwise/binary_ng/device/kernels/dataflow/reader_interleaved_no_bcast.cpp'; 'ttnn/cpp/ttnn/operations/eltwise/binary_ng/device/kernels/dataflow/writer_interleaved_scalar.cpp'],['reader_interleaved_no_bcast/15501400787415134526/'; 'writer_interleaved_scalar/13747915134593411132/'],15691238620557725211,True,1228,1256,1532,1264,1296,0,0,0,0,1,1,1,[],[],0.035,,,,,
BinaryNgDeviceOperation,tt_dnn_device,77824,0,blackhole,{'binary_op_type': 'BinaryOpType::MUL'; 'compute_kernel_config': 'std::nullopt'; 'dtype': 'DataType::BFLOAT16'; 'input_dtype': 'DataType::BFLOAT16'; 'is_quant_op': 'false'; 'is_sfpu': 'true'; 'is_where_op': 'false'; 'lhs_activations': '{}'; 'memory_config': 'MemoryConfig(memory_layout=TensorMemoryLayout::INTERLEAVED;buffer_type=BufferType::DRAM;shard_spec=std::nullopt;nd_shard_spec=std::nullopt;created_with_nd_shard_spec=0)'; 'post_activations': '{}'; 'rhs_activations': '{}'; 'scalar': '1'; 'sub_core_grids': 'std::nullopt'; 'subtile_broadcast_type': 'SubtileBroadcastType::NONE'; 'worker_grid': '{[(x=0;y=0) - (x=10;y=9)]}'},HiFi4,110,110,,5255791353,5255891265,99912,7504920958181,7504920962719,11343464,11344361,3361,2816,2814,,,,551,2810,1097,1881,2419,699,,,,,,1[1],1[1],128[128],32[4],TILE,BFLOAT16,DEV_1_DRAM_INTERLEAVED,1[1],1[1],128[128],32[4],TILE,BFLOAT16,DEV_1_DRAM_INTERLEAVED,,,,,,,,,,,,,,,,,,,,,,,,,,,,,,,,,,,,,,,,,,,,,,,,,,,,,,,,,1[1],1[1],128[128],32[4],TILE,BFLOAT16,DEV_1_DRAM_INTERLEAVED,,,,,,,,,,,,,,,,,['ttnn/cpp/ttnn/operations/eltwise/binary_ng/device/kernels/compute/eltwise_binary_sfpu_scalar.cpp'],['eltwise_binary_sfpu_scalar/6302317103236044736/'],['ttnn/cpp/ttnn/operations/eltwise/binary_ng/device/kernels/dataflow/reader_interleaved_no_bcast.cpp'; 'ttnn/cpp/ttnn/operations/eltwise/binary_ng/device/kernels/dataflow/writer_interleaved_scalar.cpp'],['reader_interleaved_no_bcast/15501400787415134526/'; 'writer_interleaved_scalar/13747915134593411132/'],15691238620557725211,True,1228,1256,1532,1264,1296,0,0,0,0,1,1,1,[],[],0.036,,,,,
BinaryNgDeviceOperation,tt_dnn_device,78848,0,blackhole,{'binary_op_type': 'BinaryOpType::MUL'; 'compute_kernel_config': 'std::nullopt'; 'dtype': 'DataType::BFLOAT16'; 'input_dtype': 'DataType::BFLOAT16'; 'is_quant_op': 'false'; 'is_sfpu': 'true'; 'is_where_op': 'false'; 'lhs_activations': '{}'; 'memory_config': 'MemoryConfig(memory_layout=TensorMemoryLayout::INTERLEAVED;buffer_type=BufferType::DRAM;shard_spec=std::nullopt;nd_shard_spec=std::nullopt;created_with_nd_shard_spec=0)'; 'post_activations': '{}'; 'rhs_activations': '{}'; 'scalar': '1'; 'sub_core_grids': 'std::nullopt'; 'subtile_broadcast_type': 'SubtileBroadcastType::NONE'; 'worker_grid': '{[(x=0;y=0) - (x=10;y=9)]}'},HiFi4,110,110,,5256945066,5257014409,69343,7504922516032,7504922520593,1151120,1151004,3379,2857,2853,,,,557,2797,1094,1890,2419,707,,,,,,1[1],1[1],128[128],32[4],TILE,BFLOAT16,DEV_1_DRAM_INTERLEAVED,1[1],1[1],128[128],32[4],TILE,BFLOAT16,DEV_1_DRAM_INTERLEAVED,,,,,,,,,,,,,,,,,,,,,,,,,,,,,,,,,,,,,,,,,,,,,,,,,,,,,,,,,1[1],1[1],128[128],32[4],TILE,BFLOAT16,DEV_1_DRAM_INTERLEAVED,,,,,,,,,,,,,,,,,['ttnn/cpp/ttnn/operations/eltwise/binary_ng/device/kernels/compute/eltwise_binary_sfpu_scalar.cpp'],['eltwise_binary_sfpu_scalar/6302317103236044736/'],['ttnn/cpp/ttnn/operations/eltwise/binary_ng/device/kernels/dataflow/reader_interleaved_no_bcast.cpp'; 'ttnn/cpp/ttnn/operations/eltwise/binary_ng/device/kernels/dataflow/writer_interleaved_scalar.cpp'],['reader_interleaved_no_bcast/15501400787415134526/'; 'writer_interleaved_scalar/13747915134593411132/'],15691238620557725211,True,1228,1256,1532,1264,1296,0,0,0,0,1,1,1,[],[],0.035,,,,,
BinaryNgDeviceOperation,tt_dnn_device,79872,0,blackhole,{'binary_op_type': 'BinaryOpType::MUL'; 'compute_kernel_config': 'std::nullopt'; 'dtype': 'DataType::BFLOAT16'; 'input_dtype': 'DataType::BFLOAT16'; 'is_quant_op': 'false'; 'is_sfpu': 'true'; 'is_where_op': 'false'; 'lhs_activations': '{}'; 'memory_config': 'MemoryConfig(memory_layout=TensorMemoryLayout::INTERLEAVED;buffer_type=BufferType::DRAM;shard_spec=std::nullopt;nd_shard_spec=std::nullopt;created_with_nd_shard_spec=0)'; 'post_activations': '{}'; 'rhs_activations': '{}'; 'scalar': '1'; 'sub_core_grids': 'std::nullopt'; 'subtile_broadcast_type': 'SubtileBroadcastType::NONE'; 'worker_grid': '{[(x=0;y=0) - (x=10;y=9)]}'},HiFi4,110,110,,5266873165,5266942198,69033,7504935919273,7504935923921,9925863,9925740,3443,2909,2906,,,,561,2849,1147,1976,2506,713,,,,,,1[1],1[1],128[128],32[4],TILE,BFLOAT16,DEV_1_DRAM_INTERLEAVED,1[1],1[1],128[128],32[4],TILE,BFLOAT16,DEV_1_DRAM_INTERLEAVED,,,,,,,,,,,,,,,,,,,,,,,,,,,,,,,,,,,,,,,,,,,,,,,,,,,,,,,,,1[1],1[1],128[128],32[4],TILE,BFLOAT16,DEV_1_DRAM_INTERLEAVED,,,,,,,,,,,,,,,,,['ttnn/cpp/ttnn/operations/eltwise/binary_ng/device/kernels/compute/eltwise_binary_sfpu_scalar.cpp'],['eltwise_binary_sfpu_scalar/6302317103236044736/'],['ttnn/cpp/ttnn/operations/eltwise/binary_ng/device/kernels/dataflow/reader_interleaved_no_bcast.cpp'; 'ttnn/cpp/ttnn/operations/eltwise/binary_ng/device/kernels/dataflow/writer_interleaved_scalar.cpp'],['reader_interleaved_no_bcast/15501400787415134526/'; 'writer_interleaved_scalar/13747915134593411132/'],15691238620557725211,True,1228,1256,1532,1264,1296,0,0,0,0,1,1,1,[],[],0.034,,,,,
BinaryNgDeviceOperation,tt_dnn_device,80896,0,blackhole,{'binary_op_type': 'BinaryOpType::MUL'; 'compute_kernel_config': 'std::nullopt'; 'dtype': 'DataType::BFLOAT16'; 'input_dtype': 'DataType::BFLOAT16'; 'is_quant_op': 'false'; 'is_sfpu': 'true'; 'is_where_op': 'false'; 'lhs_activations': '{}'; 'memory_config': 'MemoryConfig(memory_layout=TensorMemoryLayout::INTERLEAVED;buffer_type=BufferType::DRAM;shard_spec=std::nullopt;nd_shard_spec=std::nullopt;created_with_nd_shard_spec=0)'; 'post_activations': '{}'; 'rhs_activations': '{}'; 'scalar': '1'; 'sub_core_grids': 'std::nullopt'; 'subtile_broadcast_type': 'SubtileBroadcastType::NONE'; 'worker_grid': '{[(x=0;y=0) - (x=10;y=9)]}'},HiFi4,110,110,,5267971162,5268043571,72409,7504937401066,7504937405580,1094629,1094629,3344,2825,2825,,,,560,2819,1085,1879,2416,700,,,,,,1[1],1[1],128[128],32[4],TILE,BFLOAT16,DEV_1_DRAM_INTERLEAVED,1[1],1[1],128[128],32[4],TILE,BFLOAT16,DEV_1_DRAM_INTERLEAVED,,,,,,,,,,,,,,,,,,,,,,,,,,,,,,,,,,,,,,,,,,,,,,,,,,,,,,,,,1[1],1[1],128[128],32[4],TILE,BFLOAT16,DEV_1_DRAM_INTERLEAVED,,,,,,,,,,,,,,,,,['ttnn/cpp/ttnn/operations/eltwise/binary_ng/device/kernels/compute/eltwise_binary_sfpu_scalar.cpp'],['eltwise_binary_sfpu_scalar/6302317103236044736/'],['ttnn/cpp/ttnn/operations/eltwise/binary_ng/device/kernels/dataflow/reader_interleaved_no_bcast.cpp'; 'ttnn/cpp/ttnn/operations/eltwise/binary_ng/device/kernels/dataflow/writer_interleaved_scalar.cpp'],['reader_interleaved_no_bcast/15501400787415134526/'; 'writer_interleaved_scalar/13747915134593411132/'],15691238620557725211,True,1228,1256,1532,1264,1296,0,0,0,0,1,1,1,[],[],0.035,,,,,
BinaryNgDeviceOperation,tt_dnn_device,81920,0,blackhole,{'binary_op_type': 'BinaryOpType::MUL'; 'compute_kernel_config': 'std::nullopt'; 'dtype': 'DataType::BFLOAT16'; 'input_dtype': 'DataType::BFLOAT16'; 'is_quant_op': 'false'; 'is_sfpu': 'true'; 'is_where_op': 'false'; 'lhs_activations': '{}'; 'memory_config': 'MemoryConfig(memory_layout=TensorMemoryLayout::INTERLEAVED;buffer_type=BufferType::DRAM;shard_spec=std::nullopt;nd_shard_spec=std::nullopt;created_with_nd_shard_spec=0)'; 'post_activations': '{}'; 'rhs_activations': '{}'; 'scalar': '1'; 'sub_core_grids': 'std::nullopt'; 'subtile_broadcast_type': 'SubtileBroadcastType::NONE'; 'worker_grid': '{[(x=0;y=0) - (x=10;y=9)]}'},HiFi4,110,110,,5277801212,5277880925,79713,7504950671878,7504950676414,9825863,9828442,3360,2824,2824,,,,554,2787,1114,1888,2420,713,,,,,,1[1],1[1],128[128],32[4],TILE,BFLOAT16,DEV_1_DRAM_INTERLEAVED,1[1],1[1],128[128],32[4],TILE,BFLOAT16,DEV_1_DRAM_INTERLEAVED,,,,,,,,,,,,,,,,,,,,,,,,,,,,,,,,,,,,,,,,,,,,,,,,,,,,,,,,,1[1],1[1],128[128],32[4],TILE,BFLOAT16,DEV_1_DRAM_INTERLEAVED,,,,,,,,,,,,,,,,,['ttnn/cpp/ttnn/operations/eltwise/binary_ng/device/kernels/compute/eltwise_binary_sfpu_scalar.cpp'],['eltwise_binary_sfpu_scalar/6302317103236044736/'],['ttnn/cpp/ttnn/operations/eltwise/binary_ng/device/kernels/dataflow/reader_interleaved_no_bcast.cpp'; 'ttnn/cpp/ttnn/operations/eltwise/binary_ng/device/kernels/dataflow/writer_interleaved_scalar.cpp'],['reader_interleaved_no_bcast/15501400787415134526/'; 'writer_interleaved_scalar/13747915134593411132/'],15691238620557725211,True,1228,1256,1532,1264,1296,0,0,0,0,1,1,1,[],[],0.035,,,,,
BinaryNgDeviceOperation,tt_dnn_device,82944,0,blackhole,{'binary_op_type': 'BinaryOpType::MUL'; 'compute_kernel_config': 'std::nullopt'; 'dtype': 'DataType::BFLOAT16'; 'input_dtype': 'DataType::BFLOAT16'; 'is_quant_op': 'false'; 'is_sfpu': 'true'; 'is_where_op': 'false'; 'lhs_activations': '{}'; 'memory_config': 'MemoryConfig(memory_layout=TensorMemoryLayout::INTERLEAVED;buffer_type=BufferType::DRAM;shard_spec=std::nullopt;nd_shard_spec=std::nullopt;created_with_nd_shard_spec=0)'; 'post_activations': '{}'; 'rhs_activations': '{}'; 'scalar': '1'; 'sub_core_grids': 'std::nullopt'; 'subtile_broadcast_type': 'SubtileBroadcastType::NONE'; 'worker_grid': '{[(x=0;y=0) - (x=10;y=9)]}'},HiFi4,110,110,,5278987028,5279052523,65495,7504952273149,7504952277683,1183207,1183494,3359,2819,2813,,,,543,2782,1097,1884,2414,687,,,,,,1[1],1[1],128[128],32[4],TILE,BFLOAT16,DEV_1_DRAM_INTERLEAVED,1[1],1[1],128[128],32[4],TILE,BFLOAT16,DEV_1_DRAM_INTERLEAVED,,,,,,,,,,,,,,,,,,,,,,,,,,,,,,,,,,,,,,,,,,,,,,,,,,,,,,,,,1[1],1[1],128[128],32[4],TILE,BFLOAT16,DEV_1_DRAM_INTERLEAVED,,,,,,,,,,,,,,,,,['ttnn/cpp/ttnn/operations/eltwise/binary_ng/device/kernels/compute/eltwise_binary_sfpu_scalar.cpp'],['eltwise_binary_sfpu_scalar/6302317103236044736/'],['ttnn/cpp/ttnn/operations/eltwise/binary_ng/device/kernels/dataflow/reader_interleaved_no_bcast.cpp'; 'ttnn/cpp/ttnn/operations/eltwise/binary_ng/device/kernels/dataflow/writer_interleaved_scalar.cpp'],['reader_interleaved_no_bcast/15501400787415134526/'; 'writer_interleaved_scalar/13747915134593411132/'],15691238620557725211,True,1228,1256,1532,1264,1296,0,0,0,0,1,1,1,[],[],0.035,,,,,
BinaryNgDeviceOperation,tt_dnn_device,83968,0,blackhole,{'binary_op_type': 'BinaryOpType::MUL'; 'compute_kernel_config': 'std::nullopt'; 'dtype': 'DataType::BFLOAT16'; 'input_dtype': 'DataType::BFLOAT16'; 'is_quant_op': 'false'; 'is_sfpu': 'true'; 'is_where_op': 'false'; 'lhs_activations': '{}'; 'memory_config': 'MemoryConfig(memory_layout=TensorMemoryLayout::INTERLEAVED;buffer_type=BufferType::DRAM;shard_spec=std::nullopt;nd_shard_spec=std::nullopt;created_with_nd_shard_spec=0)'; 'post_activations': '{}'; 'rhs_activations': '{}'; 'scalar': '1'; 'sub_core_grids': 'std::nullopt'; 'subtile_broadcast_type': 'SubtileBroadcastType::NONE'; 'worker_grid': '{[(x=0;y=0) - (x=10;y=9)]}'},HiFi4,110,110,,5288945555,5289030658,85103,7504965716604,7504965721144,9953862,9955559,3363,2827,2826,,,,551,2816,1093,1893,2421,701,,,,,,1[1],1[1],128[128],32[4],TILE,BFLOAT16,DEV_1_DRAM_INTERLEAVED,1[1],1[1],128[128],32[4],TILE,BFLOAT16,DEV_1_DRAM_INTERLEAVED,,,,,,,,,,,,,,,,,,,,,,,,,,,,,,,,,,,,,,,,,,,,,,,,,,,,,,,,,1[1],1[1],128[128],32[4],TILE,BFLOAT16,DEV_1_DRAM_INTERLEAVED,,,,,,,,,,,,,,,,,['ttnn/cpp/ttnn/operations/eltwise/binary_ng/device/kernels/compute/eltwise_binary_sfpu_scalar.cpp'],['eltwise_binary_sfpu_scalar/6302317103236044736/'],['ttnn/cpp/ttnn/operations/eltwise/binary_ng/device/kernels/dataflow/reader_interleaved_no_bcast.cpp'; 'ttnn/cpp/ttnn/operations/eltwise/binary_ng/device/kernels/dataflow/writer_interleaved_scalar.cpp'],['reader_interleaved_no_bcast/15501400787415134526/'; 'writer_interleaved_scalar/13747915134593411132/'],15691238620557725211,True,1228,1256,1532,1264,1296,0,0,0,0,1,1,1,[],[],0.035,,,,,
BinaryNgDeviceOperation,tt_dnn_device,84992,0,blackhole,{'binary_op_type': 'BinaryOpType::MUL'; 'compute_kernel_config': 'std::nullopt'; 'dtype': 'DataType::BFLOAT16'; 'input_dtype': 'DataType::BFLOAT16'; 'is_quant_op': 'false'; 'is_sfpu': 'true'; 'is_where_op': 'false'; 'lhs_activations': '{}'; 'memory_config': 'MemoryConfig(memory_layout=TensorMemoryLayout::INTERLEAVED;buffer_type=BufferType::DRAM;shard_spec=std::nullopt;nd_shard_spec=std::nullopt;created_with_nd_shard_spec=0)'; 'post_activations': '{}'; 'rhs_activations': '{}'; 'scalar': '1'; 'sub_core_grids': 'std::nullopt'; 'subtile_broadcast_type': 'SubtileBroadcastType::NONE'; 'worker_grid': '{[(x=0;y=0) - (x=10;y=9)]}'},HiFi4,110,110,,5290069792,5290141640,71848,7504967234421,7504967238946,1121478,1121671,3352,2820,2819,,,,558,2814,1090,1883,2414,703,,,,,,1[1],1[1],128[128],32[4],TILE,BFLOAT16,DEV_1_DRAM_INTERLEAVED,1[1],1[1],128[128],32[4],TILE,BFLOAT16,DEV_1_DRAM_INTERLEAVED,,,,,,,,,,,,,,,,,,,,,,,,,,,,,,,,,,,,,,,,,,,,,,,,,,,,,,,,,1[1],1[1],128[128],32[4],TILE,BFLOAT16,DEV_1_DRAM_INTERLEAVED,,,,,,,,,,,,,,,,,['ttnn/cpp/ttnn/operations/eltwise/binary_ng/device/kernels/compute/eltwise_binary_sfpu_scalar.cpp'],['eltwise_binary_sfpu_scalar/6302317103236044736/'],['ttnn/cpp/ttnn/operations/eltwise/binary_ng/device/kernels/dataflow/reader_interleaved_no_bcast.cpp'; 'ttnn/cpp/ttnn/operations/eltwise/binary_ng/device/kernels/dataflow/writer_interleaved_scalar.cpp'],['reader_interleaved_no_bcast/15501400787415134526/'; 'writer_interleaved_scalar/13747915134593411132/'],15691238620557725211,True,1228,1256,1532,1264,1296,0,0,0,0,1,1,1,[],[],0.035,,,,,
BinaryNgDeviceOperation,tt_dnn_device,86016,0,blackhole,{'binary_op_type': 'BinaryOpType::MUL'; 'compute_kernel_config': 'std::nullopt'; 'dtype': 'DataType::BFLOAT16'; 'input_dtype': 'DataType::BFLOAT16'; 'is_quant_op': 'false'; 'is_sfpu': 'true'; 'is_where_op': 'false'; 'lhs_activations': '{}'; 'memory_config': 'MemoryConfig(memory_layout=TensorMemoryLayout::INTERLEAVED;buffer_type=BufferType::DRAM;shard_spec=std::nullopt;nd_shard_spec=std::nullopt;created_with_nd_shard_spec=0)'; 'post_activations': '{}'; 'rhs_activations': '{}'; 'scalar': '1'; 'sub_core_grids': 'std::nullopt'; 'subtile_broadcast_type': 'SubtileBroadcastType::NONE'; 'worker_grid': '{[(x=0;y=0) - (x=10;y=9)]}'},HiFi4,110,110,,5300068766,5300146265,77499,7504980731709,7504980736229,9996752,9995704,3348,2816,2812,,,,553,2810,1083,1883,2415,702,,,,,,1[1],1[1],128[128],32[4],TILE,BFLOAT16,DEV_1_DRAM_INTERLEAVED,1[1],1[1],128[128],32[4],TILE,BFLOAT16,DEV_1_DRAM_INTERLEAVED,,,,,,,,,,,,,,,,,,,,,,,,,,,,,,,,,,,,,,,,,,,,,,,,,,,,,,,,,1[1],1[1],128[128],32[4],TILE,BFLOAT16,DEV_1_DRAM_INTERLEAVED,,,,,,,,,,,,,,,,,['ttnn/cpp/ttnn/operations/eltwise/binary_ng/device/kernels/compute/eltwise_binary_sfpu_scalar.cpp'],['eltwise_binary_sfpu_scalar/6302317103236044736/'],['ttnn/cpp/ttnn/operations/eltwise/binary_ng/device/kernels/dataflow/reader_interleaved_no_bcast.cpp'; 'ttnn/cpp/ttnn/operations/eltwise/binary_ng/device/kernels/dataflow/writer_interleaved_scalar.cpp'],['reader_interleaved_no_bcast/15501400787415134526/'; 'writer_interleaved_scalar/13747915134593411132/'],15691238620557725211,True,1228,1256,1532,1264,1296,0,0,0,0,1,1,1,[],[],0.036,,,,,
BinaryNgDeviceOperation,tt_dnn_device,87040,0,blackhole,{'binary_op_type': 'BinaryOpType::MUL'; 'compute_kernel_config': 'std::nullopt'; 'dtype': 'DataType::BFLOAT16'; 'input_dtype': 'DataType::BFLOAT16'; 'is_quant_op': 'false'; 'is_sfpu': 'true'; 'is_where_op': 'false'; 'lhs_activations': '{}'; 'memory_config': 'MemoryConfig(memory_layout=TensorMemoryLayout::INTERLEAVED;buffer_type=BufferType::DRAM;shard_spec=std::nullopt;nd_shard_spec=std::nullopt;created_with_nd_shard_spec=0)'; 'post_activations': '{}'; 'rhs_activations': '{}'; 'scalar': '1'; 'sub_core_grids': 'std::nullopt'; 'subtile_broadcast_type': 'SubtileBroadcastType::NONE'; 'worker_grid': '{[(x=0;y=0) - (x=10;y=9)]}'},HiFi4,110,110,,5301157886,5301222560,64674,7504982203365,7504982207885,1087375,1087375,3348,2818,2818,,,,554,2818,1090,1888,2420,708,,,,,,1[1],1[1],128[128],32[4],TILE,BFLOAT16,DEV_1_DRAM_INTERLEAVED,1[1],1[1],128[128],32[4],TILE,BFLOAT16,DEV_1_DRAM_INTERLEAVED,,,,,,,,,,,,,,,,,,,,,,,,,,,,,,,,,,,,,,,,,,,,,,,,,,,,,,,,,1[1],1[1],128[128],32[4],TILE,BFLOAT16,DEV_1_DRAM_INTERLEAVED,,,,,,,,,,,,,,,,,['ttnn/cpp/ttnn/operations/eltwise/binary_ng/device/kernels/compute/eltwise_binary_sfpu_scalar.cpp'],['eltwise_binary_sfpu_scalar/6302317103236044736/'],['ttnn/cpp/ttnn/operations/eltwise/binary_ng/device/kernels/dataflow/reader_interleaved_no_bcast.cpp'; 'ttnn/cpp/ttnn/operations/eltwise/binary_ng/device/kernels/dataflow/writer_interleaved_scalar.cpp'],['reader_interleaved_no_bcast/15501400787415134526/'; 'writer_interleaved_scalar/13747915134593411132/'],15691238620557725211,True,1228,1256,1532,1264,1296,0,0,0,0,1,1,1,[],[],0.035,,,,,
BinaryNgDeviceOperation,tt_dnn_device,88064,0,blackhole,{'binary_op_type': 'BinaryOpType::MUL'; 'compute_kernel_config': 'std::nullopt'; 'dtype': 'DataType::BFLOAT16'; 'input_dtype': 'DataType::BFLOAT16'; 'is_quant_op': 'false'; 'is_sfpu': 'true'; 'is_where_op': 'false'; 'lhs_activations': '{}'; 'memory_config': 'MemoryConfig(memory_layout=TensorMemoryLayout::INTERLEAVED;buffer_type=BufferType::DRAM;shard_spec=std::nullopt;nd_shard_spec=std::nullopt;created_with_nd_shard_spec=0)'; 'post_activations': '{}'; 'rhs_activations': '{}'; 'scalar': '1'; 'sub_core_grids': 'std::nullopt'; 'subtile_broadcast_type': 'SubtileBroadcastType::NONE'; 'worker_grid': '{[(x=0;y=0) - (x=10;y=9)]}'},HiFi4,110,110,,5311281831,5311358648,76817,7504995869654,7504995874161,10119030,10121440,3339,2810,2804,,,,550,2779,1096,1869,2405,701,,,,,,1[1],1[1],128[128],32[4],TILE,BFLOAT16,DEV_1_DRAM_INTERLEAVED,1[1],1[1],128[128],32[4],TILE,BFLOAT16,DEV_1_DRAM_INTERLEAVED,,,,,,,,,,,,,,,,,,,,,,,,,,,,,,,,,,,,,,,,,,,,,,,,,,,,,,,,,1[1],1[1],128[128],32[4],TILE,BFLOAT16,DEV_1_DRAM_INTERLEAVED,,,,,,,,,,,,,,,,,['ttnn/cpp/ttnn/operations/eltwise/binary_ng/device/kernels/compute/eltwise_binary_sfpu_scalar.cpp'],['eltwise_binary_sfpu_scalar/6302317103236044736/'],['ttnn/cpp/ttnn/operations/eltwise/binary_ng/device/kernels/dataflow/reader_interleaved_no_bcast.cpp'; 'ttnn/cpp/ttnn/operations/eltwise/binary_ng/device/kernels/dataflow/writer_interleaved_scalar.cpp'],['reader_interleaved_no_bcast/15501400787415134526/'; 'writer_interleaved_scalar/13747915134593411132/'],15691238620557725211,True,1228,1256,1532,1264,1296,0,0,0,0,1,1,1,[],[],0.036,,,,,
BinaryNgDeviceOperation,tt_dnn_device,89088,0,blackhole,{'binary_op_type': 'BinaryOpType::MUL'; 'compute_kernel_config': 'std::nullopt'; 'dtype': 'DataType::BFLOAT16'; 'input_dtype': 'DataType::BFLOAT16'; 'is_quant_op': 'false'; 'is_sfpu': 'true'; 'is_where_op': 'false'; 'lhs_activations': '{}'; 'memory_config': 'MemoryConfig(memory_layout=TensorMemoryLayout::INTERLEAVED;buffer_type=BufferType::DRAM;shard_spec=std::nullopt;nd_shard_spec=std::nullopt;created_with_nd_shard_spec=0)'; 'post_activations': '{}'; 'rhs_activations': '{}'; 'scalar': '1'; 'sub_core_grids': 'std::nullopt'; 'subtile_broadcast_type': 'SubtileBroadcastType::NONE'; 'worker_grid': '{[(x=0;y=0) - (x=10;y=9)]}'},HiFi4,110,110,,5312387863,5312455052,67189,7504997362942,7504997367508,1103375,1103375,3382,2849,2849,,,,559,2836,1104,1884,2419,707,,,,,,1[1],1[1],128[128],32[4],TILE,BFLOAT16,DEV_1_DRAM_INTERLEAVED,1[1],1[1],128[128],32[4],TILE,BFLOAT16,DEV_1_DRAM_INTERLEAVED,,,,,,,,,,,,,,,,,,,,,,,,,,,,,,,,,,,,,,,,,,,,,,,,,,,,,,,,,1[1],1[1],128[128],32[4],TILE,BFLOAT16,DEV_1_DRAM_INTERLEAVED,,,,,,,,,,,,,,,,,['ttnn/cpp/ttnn/operations/eltwise/binary_ng/device/kernels/compute/eltwise_binary_sfpu_scalar.cpp'],['eltwise_binary_sfpu_scalar/6302317103236044736/'],['ttnn/cpp/ttnn/operations/eltwise/binary_ng/device/kernels/dataflow/reader_interleaved_no_bcast.cpp'; 'ttnn/cpp/ttnn/operations/eltwise/binary_ng/device/kernels/dataflow/writer_interleaved_scalar.cpp'],['reader_interleaved_no_bcast/15501400787415134526/'; 'writer_interleaved_scalar/13747915134593411132/'],15691238620557725211,True,1228,1256,1532,1264,1296,0,0,0,0,1,1,1,[],[],0.035,,,,,
BinaryNgDeviceOperation,tt_dnn_device,90112,0,blackhole,{'binary_op_type': 'BinaryOpType::MUL'; 'compute_kernel_config': 'std::nullopt'; 'dtype': 'DataType::BFLOAT16'; 'input_dtype': 'DataType::BFLOAT16'; 'is_quant_op': 'false'; 'is_sfpu': 'true'; 'is_where_op': 'false'; 'lhs_activations': '{}'; 'memory_config': 'MemoryConfig(memory_layout=TensorMemoryLayout::INTERLEAVED;buffer_type=BufferType::DRAM;shard_spec=std::nullopt;nd_shard_spec=std::nullopt;created_with_nd_shard_spec=0)'; 'post_activations': '{}'; 'rhs_activations': '{}'; 'scalar': '1'; 'sub_core_grids': 'std::nullopt'; 'subtile_broadcast_type': 'SubtileBroadcastType::NONE'; 'worker_grid': '{[(x=0;y=0) - (x=10;y=9)]}'},HiFi4,110,110,,5322310922,5322465388,154466,7505010756181,7505010760766,9917161,9918821,3396,2879,2878,,,,553,2813,1156,1944,2474,716,,,,,,1[1],1[1],128[128],32[4],TILE,BFLOAT16,DEV_1_DRAM_INTERLEAVED,1[1],1[1],128[128],32[4],TILE,BFLOAT16,DEV_1_DRAM_INTERLEAVED,,,,,,,,,,,,,,,,,,,,,,,,,,,,,,,,,,,,,,,,,,,,,,,,,,,,,,,,,1[1],1[1],128[128],32[4],TILE,BFLOAT16,DEV_1_DRAM_INTERLEAVED,,,,,,,,,,,,,,,,,['ttnn/cpp/ttnn/operations/eltwise/binary_ng/device/kernels/compute/eltwise_binary_sfpu_scalar.cpp'],['eltwise_binary_sfpu_scalar/6302317103236044736/'],['ttnn/cpp/ttnn/operations/eltwise/binary_ng/device/kernels/dataflow/reader_interleaved_no_bcast.cpp'; 'ttnn/cpp/ttnn/operations/eltwise/binary_ng/device/kernels/dataflow/writer_interleaved_scalar.cpp'],['reader_interleaved_no_bcast/15501400787415134526/'; 'writer_interleaved_scalar/13747915134593411132/'],15691238620557725211,True,1228,1256,1532,1264,1296,0,0,0,0,1,1,1,[],[],0.035,,,,,
BinaryNgDeviceOperation,tt_dnn_device,91136,0,blackhole,{'binary_op_type': 'BinaryOpType::MUL'; 'compute_kernel_config': 'std::nullopt'; 'dtype': 'DataType::BFLOAT16'; 'input_dtype': 'DataType::BFLOAT16'; 'is_quant_op': 'false'; 'is_sfpu': 'true'; 'is_where_op': 'false'; 'lhs_activations': '{}'; 'memory_config': 'MemoryConfig(memory_layout=TensorMemoryLayout::INTERLEAVED;buffer_type=BufferType::DRAM;shard_spec=std::nullopt;nd_shard_spec=std::nullopt;created_with_nd_shard_spec=0)'; 'post_activations': '{}'; 'rhs_activations': '{}'; 'scalar': '1'; 'sub_core_grids': 'std::nullopt'; 'subtile_broadcast_type': 'SubtileBroadcastType::NONE'; 'worker_grid': '{[(x=0;y=0) - (x=10;y=9)]}'},HiFi4,110,110,,5323865555,5324019821,154266,7505012855132,7505012859658,1552143,1552143,3353,2813,2813,,,,554,2796,1103,1854,2402,704,,,,,,1[1],1[1],128[128],32[4],TILE,BFLOAT16,DEV_1_DRAM_INTERLEAVED,1[1],1[1],128[128],32[4],TILE,BFLOAT16,DEV_1_DRAM_INTERLEAVED,,,,,,,,,,,,,,,,,,,,,,,,,,,,,,,,,,,,,,,,,,,,,,,,,,,,,,,,,1[1],1[1],128[128],32[4],TILE,BFLOAT16,DEV_1_DRAM_INTERLEAVED,,,,,,,,,,,,,,,,,['ttnn/cpp/ttnn/operations/eltwise/binary_ng/device/kernels/compute/eltwise_binary_sfpu_scalar.cpp'],['eltwise_binary_sfpu_scalar/6302317103236044736/'],['ttnn/cpp/ttnn/operations/eltwise/binary_ng/device/kernels/dataflow/reader_interleaved_no_bcast.cpp'; 'ttnn/cpp/ttnn/operations/eltwise/binary_ng/device/kernels/dataflow/writer_interleaved_scalar.cpp'],['reader_interleaved_no_bcast/15501400787415134526/'; 'writer_interleaved_scalar/13747915134593411132/'],15691238620557725211,True,1228,1256,1532,1264,1296,0,0,0,0,1,1,1,[],[],0.036,,,,,
BinaryNgDeviceOperation,tt_dnn_device,92160,0,blackhole,{'binary_op_type': 'BinaryOpType::MUL'; 'compute_kernel_config': 'std::nullopt'; 'dtype': 'DataType::BFLOAT16'; 'input_dtype': 'DataType::BFLOAT16'; 'is_quant_op': 'false'; 'is_sfpu': 'true'; 'is_where_op': 'false'; 'lhs_activations': '{}'; 'memory_config': 'MemoryConfig(memory_layout=TensorMemoryLayout::INTERLEAVED;buffer_type=BufferType::DRAM;shard_spec=std::nullopt;nd_shard_spec=std::nullopt;created_with_nd_shard_spec=0)'; 'post_activations': '{}'; 'rhs_activations': '{}'; 'scalar': '1'; 'sub_core_grids': 'std::nullopt'; 'subtile_broadcast_type': 'SubtileBroadcastType::NONE'; 'worker_grid': '{[(x=0;y=0) - (x=10;y=9)]}'},HiFi4,110,110,,5335491922,5335733175,241253,7505028545989,7505028550527,11620348,11618216,3361,2826,2824,,,,553,2818,1115,1885,2423,700,,,,,,1[1],1[1],128[128],32[4],TILE,BFLOAT16,DEV_1_DRAM_INTERLEAVED,1[1],1[1],128[128],32[4],TILE,BFLOAT16,DEV_1_DRAM_INTERLEAVED,,,,,,,,,,,,,,,,,,,,,,,,,,,,,,,,,,,,,,,,,,,,,,,,,,,,,,,,,1[1],1[1],128[128],32[4],TILE,BFLOAT16,DEV_1_DRAM_INTERLEAVED,,,,,,,,,,,,,,,,,['ttnn/cpp/ttnn/operations/eltwise/binary_ng/device/kernels/compute/eltwise_binary_sfpu_scalar.cpp'],['eltwise_binary_sfpu_scalar/6302317103236044736/'],['ttnn/cpp/ttnn/operations/eltwise/binary_ng/device/kernels/dataflow/reader_interleaved_no_bcast.cpp'; 'ttnn/cpp/ttnn/operations/eltwise/binary_ng/device/kernels/dataflow/writer_interleaved_scalar.cpp'],['reader_interleaved_no_bcast/15501400787415134526/'; 'writer_interleaved_scalar/13747915134593411132/'],15691238620557725211,True,1228,1256,1532,1264,1296,0,0,0,0,1,1,1,[],[],0.035,,,,,
BinaryNgDeviceOperation,tt_dnn_device,93184,0,blackhole,{'binary_op_type': 'BinaryOpType::MUL'; 'compute_kernel_config': 'std::nullopt'; 'dtype': 'DataType::BFLOAT16'; 'input_dtype': 'DataType::BFLOAT16'; 'is_quant_op': 'false'; 'is_sfpu': 'true'; 'is_where_op': 'false'; 'lhs_activations': '{}'; 'memory_config': 'MemoryConfig(memory_layout=TensorMemoryLayout::INTERLEAVED;buffer_type=BufferType::DRAM;shard_spec=std::nullopt;nd_shard_spec=std::nullopt;created_with_nd_shard_spec=0)'; 'post_activations': '{}'; 'rhs_activations': '{}'; 'scalar': '1'; 'sub_core_grids': 'std::nullopt'; 'subtile_broadcast_type': 'SubtileBroadcastType::NONE'; 'worker_grid': '{[(x=0;y=0) - (x=10;y=9)]}'},HiFi4,110,110,,5339205397,5339373800,168403,7505033561675,7505033566192,3712395,3713032,3346,2814,2813,,,,551,2809,1088,1879,2416,707,,,,,,1[1],1[1],128[128],32[4],TILE,BFLOAT16,DEV_1_DRAM_INTERLEAVED,1[1],1[1],128[128],32[4],TILE,BFLOAT16,DEV_1_DRAM_INTERLEAVED,,,,,,,,,,,,,,,,,,,,,,,,,,,,,,,,,,,,,,,,,,,,,,,,,,,,,,,,,1[1],1[1],128[128],32[4],TILE,BFLOAT16,DEV_1_DRAM_INTERLEAVED,,,,,,,,,,,,,,,,,['ttnn/cpp/ttnn/operations/eltwise/binary_ng/device/kernels/compute/eltwise_binary_sfpu_scalar.cpp'],['eltwise_binary_sfpu_scalar/6302317103236044736/'],['ttnn/cpp/ttnn/operations/eltwise/binary_ng/device/kernels/dataflow/reader_interleaved_no_bcast.cpp'; 'ttnn/cpp/ttnn/operations/eltwise/binary_ng/device/kernels/dataflow/writer_interleaved_scalar.cpp'],['reader_interleaved_no_bcast/15501400787415134526/'; 'writer_interleaved_scalar/13747915134593411132/'],15691238620557725211,True,1228,1256,1532,1264,1296,0,0,0,0,1,1,1,[],[],0.036,,,,,
BinaryNgDeviceOperation,tt_dnn_device,94208,0,blackhole,{'binary_op_type': 'BinaryOpType::MUL'; 'compute_kernel_config': 'std::nullopt'; 'dtype': 'DataType::BFLOAT16'; 'input_dtype': 'DataType::BFLOAT16'; 'is_quant_op': 'false'; 'is_sfpu': 'true'; 'is_where_op': 'false'; 'lhs_activations': '{}'; 'memory_config': 'MemoryConfig(memory_layout=TensorMemoryLayout::INTERLEAVED;buffer_type=BufferType::DRAM;shard_spec=std::nullopt;nd_shard_spec=std::nullopt;created_with_nd_shard_spec=0)'; 'post_activations': '{}'; 'rhs_activations': '{}'; 'scalar': '1'; 'sub_core_grids': 'std::nullopt'; 'subtile_broadcast_type': 'SubtileBroadcastType::NONE'; 'worker_grid': '{[(x=0;y=0) - (x=10;y=9)]}'},HiFi4,110,110,,5350415766,5350526829,111063,7505048701357,7505048705878,11213678,11213678,3349,2819,2819,,,,559,2807,1096,1878,2416,704,,,,,,1[1],1[1],128[128],32[4],TILE,BFLOAT16,DEV_1_DRAM_INTERLEAVED,1[1],1[1],128[128],32[4],TILE,BFLOAT16,DEV_1_DRAM_INTERLEAVED,,,,,,,,,,,,,,,,,,,,,,,,,,,,,,,,,,,,,,,,,,,,,,,,,,,,,,,,,1[1],1[1],128[128],32[4],TILE,BFLOAT16,DEV_1_DRAM_INTERLEAVED,,,,,,,,,,,,,,,,,['ttnn/cpp/ttnn/operations/eltwise/binary_ng/device/kernels/compute/eltwise_binary_sfpu_scalar.cpp'],['eltwise_binary_sfpu_scalar/6302317103236044736/'],['ttnn/cpp/ttnn/operations/eltwise/binary_ng/device/kernels/dataflow/reader_interleaved_no_bcast.cpp'; 'ttnn/cpp/ttnn/operations/eltwise/binary_ng/device/kernels/dataflow/writer_interleaved_scalar.cpp'],['reader_interleaved_no_bcast/15501400787415134526/'; 'writer_interleaved_scalar/13747915134593411132/'],15691238620557725211,True,1228,1256,1532,1264,1296,0,0,0,0,1,1,1,[],[],0.035,,,,,
BinaryNgDeviceOperation,tt_dnn_device,95232,0,blackhole,{'binary_op_type': 'BinaryOpType::MUL'; 'compute_kernel_config': 'std::nullopt'; 'dtype': 'DataType::BFLOAT16'; 'input_dtype': 'DataType::BFLOAT16'; 'is_quant_op': 'false'; 'is_sfpu': 'true'; 'is_where_op': 'false'; 'lhs_activations': '{}'; 'memory_config': 'MemoryConfig(memory_layout=TensorMemoryLayout::INTERLEAVED;buffer_type=BufferType::DRAM;shard_spec=std::nullopt;nd_shard_spec=std::nullopt;created_with_nd_shard_spec=0)'; 'post_activations': '{}'; 'rhs_activations': '{}'; 'scalar': '1'; 'sub_core_grids': 'std::nullopt'; 'subtile_broadcast_type': 'SubtileBroadcastType::NONE'; 'worker_grid': '{[(x=0;y=0) - (x=10;y=9)]}'},HiFi4,110,110,,5351672687,5351748944,76257,7505050396632,7505050401137,1253018,1253018,3337,2815,2815,,,,550,2798,1090,1880,2413,696,,,,,,1[1],1[1],128[128],32[4],TILE,BFLOAT16,DEV_1_DRAM_INTERLEAVED,1[1],1[1],128[128],32[4],TILE,BFLOAT16,DEV_1_DRAM_INTERLEAVED,,,,,,,,,,,,,,,,,,,,,,,,,,,,,,,,,,,,,,,,,,,,,,,,,,,,,,,,,1[1],1[1],128[128],32[4],TILE,BFLOAT16,DEV_1_DRAM_INTERLEAVED,,,,,,,,,,,,,,,,,['ttnn/cpp/ttnn/operations/eltwise/binary_ng/device/kernels/compute/eltwise_binary_sfpu_scalar.cpp'],['eltwise_binary_sfpu_scalar/6302317103236044736/'],['ttnn/cpp/ttnn/operations/eltwise/binary_ng/device/kernels/dataflow/reader_interleaved_no_bcast.cpp'; 'ttnn/cpp/ttnn/operations/eltwise/binary_ng/device/kernels/dataflow/writer_interleaved_scalar.cpp'],['reader_interleaved_no_bcast/15501400787415134526/'; 'writer_interleaved_scalar/13747915134593411132/'],15691238620557725211,True,1228,1256,1532,1264,1296,0,0,0,0,1,1,1,[],[],0.036,,,,,
BinaryNgDeviceOperation,tt_dnn_device,96256,0,blackhole,{'binary_op_type': 'BinaryOpType::MUL'; 'compute_kernel_config': 'std::nullopt'; 'dtype': 'DataType::BFLOAT16'; 'input_dtype': 'DataType::BFLOAT16'; 'is_quant_op': 'false'; 'is_sfpu': 'true'; 'is_where_op': 'false'; 'lhs_activations': '{}'; 'memory_config': 'MemoryConfig(memory_layout=TensorMemoryLayout::INTERLEAVED;buffer_type=BufferType::DRAM;shard_spec=std::nullopt;nd_shard_spec=std::nullopt;created_with_nd_shard_spec=0)'; 'post_activations': '{}'; 'rhs_activations': '{}'; 'scalar': '1'; 'sub_core_grids': 'std::nullopt'; 'subtile_broadcast_type': 'SubtileBroadcastType::NONE'; 'worker_grid': '{[(x=0;y=0) - (x=10;y=9)]}'},HiFi4,110,110,,5364430636,5364632753,202117,7505067613491,7505067618023,12752250,12751600,3357,2833,2821,,,,564,2787,1096,1890,2419,702,,,,,,1[1],1[1],128[128],32[4],TILE,BFLOAT16,DEV_1_DRAM_INTERLEAVED,1[1],1[1],128[128],32[4],TILE,BFLOAT16,DEV_1_DRAM_INTERLEAVED,,,,,,,,,,,,,,,,,,,,,,,,,,,,,,,,,,,,,,,,,,,,,,,,,,,,,,,,,1[1],1[1],128[128],32[4],TILE,BFLOAT16,DEV_1_DRAM_INTERLEAVED,,,,,,,,,,,,,,,,,['ttnn/cpp/ttnn/operations/eltwise/binary_ng/device/kernels/compute/eltwise_binary_sfpu_scalar.cpp'],['eltwise_binary_sfpu_scalar/6302317103236044736/'],['ttnn/cpp/ttnn/operations/eltwise/binary_ng/device/kernels/dataflow/reader_interleaved_no_bcast.cpp'; 'ttnn/cpp/ttnn/operations/eltwise/binary_ng/device/kernels/dataflow/writer_interleaved_scalar.cpp'],['reader_interleaved_no_bcast/15501400787415134526/'; 'writer_interleaved_scalar/13747915134593411132/'],15691238620557725211,True,1228,1256,1532,1264,1296,0,0,0,0,1,1,1,[],[],0.035,,,,,
BinaryNgDeviceOperation,tt_dnn_device,97280,0,blackhole,{'binary_op_type': 'BinaryOpType::MUL'; 'compute_kernel_config': 'std::nullopt'; 'dtype': 'DataType::BFLOAT16'; 'input_dtype': 'DataType::BFLOAT16'; 'is_quant_op': 'false'; 'is_sfpu': 'true'; 'is_where_op': 'false'; 'lhs_activations': '{}'; 'memory_config': 'MemoryConfig(memory_layout=TensorMemoryLayout::INTERLEAVED;buffer_type=BufferType::DRAM;shard_spec=std::nullopt;nd_shard_spec=std::nullopt;created_with_nd_shard_spec=0)'; 'post_activations': '{}'; 'rhs_activations': '{}'; 'scalar': '1'; 'sub_core_grids': 'std::nullopt'; 'subtile_broadcast_type': 'SubtileBroadcastType::NONE'; 'worker_grid': '{[(x=0;y=0) - (x=10;y=9)]}'},HiFi4,110,110,,5367234626,5367442504,207878,7505071399258,7505071403802,2800974,2800974,3366,2821,2821,,,,561,2821,1083,1881,2418,708,,,,,,1[1],1[1],128[128],32[4],TILE,BFLOAT16,DEV_1_DRAM_INTERLEAVED,1[1],1[1],128[128],32[4],TILE,BFLOAT16,DEV_1_DRAM_INTERLEAVED,,,,,,,,,,,,,,,,,,,,,,,,,,,,,,,,,,,,,,,,,,,,,,,,,,,,,,,,,1[1],1[1],128[128],32[4],TILE,BFLOAT16,DEV_1_DRAM_INTERLEAVED,,,,,,,,,,,,,,,,,['ttnn/cpp/ttnn/operations/eltwise/binary_ng/device/kernels/compute/eltwise_binary_sfpu_scalar.cpp'],['eltwise_binary_sfpu_scalar/6302317103236044736/'],['ttnn/cpp/ttnn/operations/eltwise/binary_ng/device/kernels/dataflow/reader_interleaved_no_bcast.cpp'; 'ttnn/cpp/ttnn/operations/eltwise/binary_ng/device/kernels/dataflow/writer_interleaved_scalar.cpp'],['reader_interleaved_no_bcast/15501400787415134526/'; 'writer_interleaved_scalar/13747915134593411132/'],15691238620557725211,True,1228,1256,1532,1264,1296,0,0,0,0,1,1,1,[],[],0.035,,,,,
BinaryNgDeviceOperation,tt_dnn_device,98304,0,blackhole,{'binary_op_type': 'BinaryOpType::MUL'; 'compute_kernel_config': 'std::nullopt'; 'dtype': 'DataType::BFLOAT16'; 'input_dtype': 'DataType::BFLOAT16'; 'is_quant_op': 'false'; 'is_sfpu': 'true'; 'is_where_op': 'false'; 'lhs_activations': '{}'; 'memory_config': 'MemoryConfig(memory_layout=TensorMemoryLayout::INTERLEAVED;buffer_type=BufferType::DRAM;shard_spec=std::nullopt;nd_shard_spec=std::nullopt;created_with_nd_shard_spec=0)'; 'post_activations': '{}'; 'rhs_activations': '{}'; 'scalar': '1'; 'sub_core_grids': 'std::nullopt'; 'subtile_broadcast_type': 'SubtileBroadcastType::NONE'; 'worker_grid': '{[(x=0;y=0) - (x=10;y=9)]}'},HiFi4,110,110,,5396640215,5397075059,434844,7505111076378,7505111080902,29389947,29389947,3351,2818,2818,,,,556,2778,1093,1873,2403,707,,,,,,1[1],1[1],128[128],32[4],TILE,BFLOAT16,DEV_1_DRAM_INTERLEAVED,1[1],1[1],128[128],32[4],TILE,BFLOAT16,DEV_1_DRAM_INTERLEAVED,,,,,,,,,,,,,,,,,,,,,,,,,,,,,,,,,,,,,,,,,,,,,,,,,,,,,,,,,1[1],1[1],128[128],32[4],TILE,BFLOAT16,DEV_1_DRAM_INTERLEAVED,,,,,,,,,,,,,,,,,['ttnn/cpp/ttnn/operations/eltwise/binary_ng/device/kernels/compute/eltwise_binary_sfpu_scalar.cpp'],['eltwise_binary_sfpu_scalar/6302317103236044736/'],['ttnn/cpp/ttnn/operations/eltwise/binary_ng/device/kernels/dataflow/reader_interleaved_no_bcast.cpp'; 'ttnn/cpp/ttnn/operations/eltwise/binary_ng/device/kernels/dataflow/writer_interleaved_scalar.cpp'],['reader_interleaved_no_bcast/15501400787415134526/'; 'writer_interleaved_scalar/13747915134593411132/'],15691238620557725211,True,1228,1256,1532,1264,1296,0,0,0,0,1,1,1,[],[],0.035,,,,,
BinaryNgDeviceOperation,tt_dnn_device,99328,0,blackhole,{'binary_op_type': 'BinaryOpType::MUL'; 'compute_kernel_config': 'std::nullopt'; 'dtype': 'DataType::BFLOAT16'; 'input_dtype': 'DataType::BFLOAT16'; 'is_quant_op': 'false'; 'is_sfpu': 'true'; 'is_where_op': 'false'; 'lhs_activations': '{}'; 'memory_config': 'MemoryConfig(memory_layout=TensorMemoryLayout::INTERLEAVED;buffer_type=BufferType::DRAM;shard_spec=std::nullopt;nd_shard_spec=std::nullopt;created_with_nd_shard_spec=0)'; 'post_activations': '{}'; 'rhs_activations': '{}'; 'scalar': '1'; 'sub_core_grids': 'std::nullopt'; 'subtile_broadcast_type': 'SubtileBroadcastType::NONE'; 'worker_grid': '{[(x=0;y=0) - (x=10;y=9)]}'},HiFi4,110,110,,5400647203,5400842678,195475,7505116504496,7505116509054,4018111,4018111,3376,2846,2846,,,,555,2794,1104,1879,2420,695,,,,,,1[1],1[1],128[128],32[4],TILE,BFLOAT16,DEV_1_DRAM_INTERLEAVED,1[1],1[1],128[128],32[4],TILE,BFLOAT16,DEV_1_DRAM_INTERLEAVED,,,,,,,,,,,,,,,,,,,,,,,,,,,,,,,,,,,,,,,,,,,,,,,,,,,,,,,,,1[1],1[1],128[128],32[4],TILE,BFLOAT16,DEV_1_DRAM_INTERLEAVED,,,,,,,,,,,,,,,,,['ttnn/cpp/ttnn/operations/eltwise/binary_ng/device/kernels/compute/eltwise_binary_sfpu_scalar.cpp'],['eltwise_binary_sfpu_scalar/6302317103236044736/'],['ttnn/cpp/ttnn/operations/eltwise/binary_ng/device/kernels/dataflow/reader_interleaved_no_bcast.cpp'; 'ttnn/cpp/ttnn/operations/eltwise/binary_ng/device/kernels/dataflow/writer_interleaved_scalar.cpp'],['reader_interleaved_no_bcast/15501400787415134526/'; 'writer_interleaved_scalar/13747915134593411132/'],15691238620557725211,True,1228,1256,1532,1264,1296,0,0,0,0,1,1,1,[],[],0.035,,,,,
BinaryNgDeviceOperation,tt_dnn_device,100352,0,blackhole,{'binary_op_type': 'BinaryOpType::MUL'; 'compute_kernel_config': 'std::nullopt'; 'dtype': 'DataType::BFLOAT16'; 'input_dtype': 'DataType::BFLOAT16'; 'is_quant_op': 'false'; 'is_sfpu': 'true'; 'is_where_op': 'false'; 'lhs_activations': '{}'; 'memory_config': 'MemoryConfig(memory_layout=TensorMemoryLayout::INTERLEAVED;buffer_type=BufferType::DRAM;shard_spec=std::nullopt;nd_shard_spec=std::nullopt;created_with_nd_shard_spec=0)'; 'post_activations': '{}'; 'rhs_activations': '{}'; 'scalar': '1'; 'sub_core_grids': 'std::nullopt'; 'subtile_broadcast_type': 'SubtileBroadcastType::NONE'; 'worker_grid': '{[(x=0;y=0) - (x=10;y=9)]}'},HiFi4,110,110,,5415821117,5416277803,456686,7505136970586,7505136975238,15155303,15155303,3446,2910,2910,,,,559,2853,1153,1975,2504,697,,,,,,1[1],1[1],128[128],32[4],TILE,BFLOAT16,DEV_1_DRAM_INTERLEAVED,1[1],1[1],128[128],32[4],TILE,BFLOAT16,DEV_1_DRAM_INTERLEAVED,,,,,,,,,,,,,,,,,,,,,,,,,,,,,,,,,,,,,,,,,,,,,,,,,,,,,,,,,1[1],1[1],128[128],32[4],TILE,BFLOAT16,DEV_1_DRAM_INTERLEAVED,,,,,,,,,,,,,,,,,['ttnn/cpp/ttnn/operations/eltwise/binary_ng/device/kernels/compute/eltwise_binary_sfpu_scalar.cpp'],['eltwise_binary_sfpu_scalar/6302317103236044736/'],['ttnn/cpp/ttnn/operations/eltwise/binary_ng/device/kernels/dataflow/reader_interleaved_no_bcast.cpp'; 'ttnn/cpp/ttnn/operations/eltwise/binary_ng/device/kernels/dataflow/writer_interleaved_scalar.cpp'],['reader_interleaved_no_bcast/15501400787415134526/'; 'writer_interleaved_scalar/13747915134593411132/'],15691238620557725211,True,1228,1256,1532,1264,1296,0,0,0,0,1,1,1,[],[],0.034,,,,,
BinaryNgDeviceOperation,tt_dnn_device,101376,0,blackhole,{'binary_op_type': 'BinaryOpType::MUL'; 'compute_kernel_config': 'std::nullopt'; 'dtype': 'DataType::BFLOAT16'; 'input_dtype': 'DataType::BFLOAT16'; 'is_quant_op': 'false'; 'is_sfpu': 'true'; 'is_where_op': 'false'; 'lhs_activations': '{}'; 'memory_config': 'MemoryConfig(memory_layout=TensorMemoryLayout::INTERLEAVED;buffer_type=BufferType::DRAM;shard_spec=std::nullopt;nd_shard_spec=std::nullopt;created_with_nd_shard_spec=0)'; 'post_activations': '{}'; 'rhs_activations': '{}'; 'scalar': '1'; 'sub_core_grids': 'std::nullopt'; 'subtile_broadcast_type': 'SubtileBroadcastType::NONE'; 'worker_grid': '{[(x=0;y=0) - (x=10;y=9)]}'},HiFi4,110,110,,5429270582,5429560238,289656,7505155143572,7505155148089,13459786,13458376,3346,2821,2817,,,,564,2809,1134,1885,2416,710,,,,,,1[1],1[1],128[128],32[4],TILE,BFLOAT16,DEV_1_DRAM_INTERLEAVED,1[1],1[1],128[128],32[4],TILE,BFLOAT16,DEV_1_DRAM_INTERLEAVED,,,,,,,,,,,,,,,,,,,,,,,,,,,,,,,,,,,,,,,,,,,,,,,,,,,,,,,,,1[1],1[1],128[128],32[4],TILE,BFLOAT16,DEV_1_DRAM_INTERLEAVED,,,,,,,,,,,,,,,,,['ttnn/cpp/ttnn/operations/eltwise/binary_ng/device/kernels/compute/eltwise_binary_sfpu_scalar.cpp'],['eltwise_binary_sfpu_scalar/6302317103236044736/'],['ttnn/cpp/ttnn/operations/eltwise/binary_ng/device/kernels/dataflow/reader_interleaved_no_bcast.cpp'; 'ttnn/cpp/ttnn/operations/eltwise/binary_ng/device/kernels/dataflow/writer_interleaved_scalar.cpp'],['reader_interleaved_no_bcast/15501400787415134526/'; 'writer_interleaved_scalar/13747915134593411132/'],15691238620557725211,True,1228,1256,1532,1264,1296,0,0,0,0,1,1,1,[],[],0.035,,,,,
BinaryNgDeviceOperation,tt_dnn_device,102400,0,blackhole,{'binary_op_type': 'BinaryOpType::MUL'; 'compute_kernel_config': 'std::nullopt'; 'dtype': 'DataType::BFLOAT16'; 'input_dtype': 'DataType::BFLOAT16'; 'is_quant_op': 'false'; 'is_sfpu': 'true'; 'is_where_op': 'false'; 'lhs_activations': '{}'; 'memory_config': 'MemoryConfig(memory_layout=TensorMemoryLayout::INTERLEAVED;buffer_type=BufferType::DRAM;shard_spec=std::nullopt;nd_shard_spec=std::nullopt;created_with_nd_shard_spec=0)'; 'post_activations': '{}'; 'rhs_activations': '{}'; 'scalar': '1'; 'sub_core_grids': 'std::nullopt'; 'subtile_broadcast_type': 'SubtileBroadcastType::NONE'; 'worker_grid': '{[(x=0;y=0) - (x=10;y=9)]}'},HiFi4,110,110,,5472083536,5472304901,221365,7505212939837,7505212944391,42809241,42812620,3373,2820,2818,,,,556,2818,1082,1890,2419,702,,,,,,1[1],1[1],128[128],32[4],TILE,BFLOAT16,DEV_1_DRAM_INTERLEAVED,1[1],1[1],128[128],32[4],TILE,BFLOAT16,DEV_1_DRAM_INTERLEAVED,,,,,,,,,,,,,,,,,,,,,,,,,,,,,,,,,,,,,,,,,,,,,,,,,,,,,,,,,1[1],1[1],128[128],32[4],TILE,BFLOAT16,DEV_1_DRAM_INTERLEAVED,,,,,,,,,,,,,,,,,['ttnn/cpp/ttnn/operations/eltwise/binary_ng/device/kernels/compute/eltwise_binary_sfpu_scalar.cpp'],['eltwise_binary_sfpu_scalar/6302317103236044736/'],['ttnn/cpp/ttnn/operations/eltwise/binary_ng/device/kernels/dataflow/reader_interleaved_no_bcast.cpp'; 'ttnn/cpp/ttnn/operations/eltwise/binary_ng/device/kernels/dataflow/writer_interleaved_scalar.cpp'],['reader_interleaved_no_bcast/15501400787415134526/'; 'writer_interleaved_scalar/13747915134593411132/'],15691238620557725211,True,1228,1256,1532,1264,1296,0,0,0,0,1,1,1,[],[],0.035,,,,,
BinaryNgDeviceOperation,tt_dnn_device,103424,0,blackhole,{'binary_op_type': 'BinaryOpType::MUL'; 'compute_kernel_config': 'std::nullopt'; 'dtype': 'DataType::BFLOAT16'; 'input_dtype': 'DataType::BFLOAT16'; 'is_quant_op': 'false'; 'is_sfpu': 'true'; 'is_where_op': 'false'; 'lhs_activations': '{}'; 'memory_config': 'MemoryConfig(memory_layout=TensorMemoryLayout::INTERLEAVED;buffer_type=BufferType::DRAM;shard_spec=std::nullopt;nd_shard_spec=std::nullopt;created_with_nd_shard_spec=0)'; 'post_activations': '{}'; 'rhs_activations': '{}'; 'scalar': '1'; 'sub_core_grids': 'std::nullopt'; 'subtile_broadcast_type': 'SubtileBroadcastType::NONE'; 'worker_grid': '{[(x=0;y=0) - (x=10;y=9)]}'},HiFi4,110,110,,5479975528,5480125686,150158,7505223598029,7505223602554,7892854,7892854,3352,2821,2821,,,,548,2781,1084,1872,2412,687,,,,,,1[1],1[1],128[128],32[4],TILE,BFLOAT16,DEV_1_DRAM_INTERLEAVED,1[1],1[1],128[128],32[4],TILE,BFLOAT16,DEV_1_DRAM_INTERLEAVED,,,,,,,,,,,,,,,,,,,,,,,,,,,,,,,,,,,,,,,,,,,,,,,,,,,,,,,,,1[1],1[1],128[128],32[4],TILE,BFLOAT16,DEV_1_DRAM_INTERLEAVED,,,,,,,,,,,,,,,,,['ttnn/cpp/ttnn/operations/eltwise/binary_ng/device/kernels/compute/eltwise_binary_sfpu_scalar.cpp'],['eltwise_binary_sfpu_scalar/6302317103236044736/'],['ttnn/cpp/ttnn/operations/eltwise/binary_ng/device/kernels/dataflow/reader_interleaved_no_bcast.cpp'; 'ttnn/cpp/ttnn/operations/eltwise/binary_ng/device/kernels/dataflow/writer_interleaved_scalar.cpp'],['reader_interleaved_no_bcast/15501400787415134526/'; 'writer_interleaved_scalar/13747915134593411132/'],15691238620557725211,True,1228,1256,1532,1264,1296,0,0,0,0,1,1,1,[],[],0.035,,,,,
BinaryNgDeviceOperation,tt_dnn_device,104448,0,blackhole,{'binary_op_type': 'BinaryOpType::MUL'; 'compute_kernel_config': 'std::nullopt'; 'dtype': 'DataType::BFLOAT16'; 'input_dtype': 'DataType::BFLOAT16'; 'is_quant_op': 'false'; 'is_sfpu': 'true'; 'is_where_op': 'false'; 'lhs_activations': '{}'; 'memory_config': 'MemoryConfig(memory_layout=TensorMemoryLayout::INTERLEAVED;buffer_type=BufferType::DRAM;shard_spec=std::nullopt;nd_shard_spec=std::nullopt;created_with_nd_shard_spec=0)'; 'post_activations': '{}'; 'rhs_activations': '{}'; 'scalar': '1'; 'sub_core_grids': 'std::nullopt'; 'subtile_broadcast_type': 'SubtileBroadcastType::NONE'; 'worker_grid': '{[(x=0;y=0) - (x=10;y=9)]}'},HiFi4,110,110,,5492193821,5492304844,111023,7505240095069,7505240099587,12218983,12217543,3347,2813,2806,,,,547,2776,1087,1885,2417,695,,,,,,1[1],1[1],128[128],32[4],TILE,BFLOAT16,DEV_1_DRAM_INTERLEAVED,1[1],1[1],128[128],32[4],TILE,BFLOAT16,DEV_1_DRAM_INTERLEAVED,,,,,,,,,,,,,,,,,,,,,,,,,,,,,,,,,,,,,,,,,,,,,,,,,,,,,,,,,1[1],1[1],128[128],32[4],TILE,BFLOAT16,DEV_1_DRAM_INTERLEAVED,,,,,,,,,,,,,,,,,['ttnn/cpp/ttnn/operations/eltwise/binary_ng/device/kernels/compute/eltwise_binary_sfpu_scalar.cpp'],['eltwise_binary_sfpu_scalar/6302317103236044736/'],['ttnn/cpp/ttnn/operations/eltwise/binary_ng/device/kernels/dataflow/reader_interleaved_no_bcast.cpp'; 'ttnn/cpp/ttnn/operations/eltwise/binary_ng/device/kernels/dataflow/writer_interleaved_scalar.cpp'],['reader_interleaved_no_bcast/15501400787415134526/'; 'writer_interleaved_scalar/13747915134593411132/'],15691238620557725211,True,1228,1256,1532,1264,1296,0,0,0,0,1,1,1,[],[],0.036,,,,,
BinaryNgDeviceOperation,tt_dnn_device,105472,0,blackhole,{'binary_op_type': 'BinaryOpType::MUL'; 'compute_kernel_config': 'std::nullopt'; 'dtype': 'DataType::BFLOAT16'; 'input_dtype': 'DataType::BFLOAT16'; 'is_quant_op': 'false'; 'is_sfpu': 'true'; 'is_where_op': 'false'; 'lhs_activations': '{}'; 'memory_config': 'MemoryConfig(memory_layout=TensorMemoryLayout::INTERLEAVED;buffer_type=BufferType::DRAM;shard_spec=std::nullopt;nd_shard_spec=std::nullopt;created_with_nd_shard_spec=0)'; 'post_activations': '{}'; 'rhs_activations': '{}'; 'scalar': '1'; 'sub_core_grids': 'std::nullopt'; 'subtile_broadcast_type': 'SubtileBroadcastType::NONE'; 'worker_grid': '{[(x=0;y=0) - (x=10;y=9)]}'},HiFi4,110,110,,5493558690,5493641278,82588,7505241938567,7505241943106,1362530,1362515,3362,2824,2821,,,,564,2819,1094,1888,2418,713,,,,,,1[1],1[1],128[128],32[4],TILE,BFLOAT16,DEV_1_DRAM_INTERLEAVED,1[1],1[1],128[128],32[4],TILE,BFLOAT16,DEV_1_DRAM_INTERLEAVED,,,,,,,,,,,,,,,,,,,,,,,,,,,,,,,,,,,,,,,,,,,,,,,,,,,,,,,,,1[1],1[1],128[128],32[4],TILE,BFLOAT16,DEV_1_DRAM_INTERLEAVED,,,,,,,,,,,,,,,,,['ttnn/cpp/ttnn/operations/eltwise/binary_ng/device/kernels/compute/eltwise_binary_sfpu_scalar.cpp'],['eltwise_binary_sfpu_scalar/6302317103236044736/'],['ttnn/cpp/ttnn/operations/eltwise/binary_ng/device/kernels/dataflow/reader_interleaved_no_bcast.cpp'; 'ttnn/cpp/ttnn/operations/eltwise/binary_ng/device/kernels/dataflow/writer_interleaved_scalar.cpp'],['reader_interleaved_no_bcast/15501400787415134526/'; 'writer_interleaved_scalar/13747915134593411132/'],15691238620557725211,True,1228,1256,1532,1264,1296,0,0,0,0,1,1,1,[],[],0.035,,,,,
BinaryNgDeviceOperation,tt_dnn_device,106496,0,blackhole,{'binary_op_type': 'BinaryOpType::MUL'; 'compute_kernel_config': 'std::nullopt'; 'dtype': 'DataType::BFLOAT16'; 'input_dtype': 'DataType::BFLOAT16'; 'is_quant_op': 'false'; 'is_sfpu': 'true'; 'is_where_op': 'false'; 'lhs_activations': '{}'; 'memory_config': 'MemoryConfig(memory_layout=TensorMemoryLayout::INTERLEAVED;buffer_type=BufferType::DRAM;shard_spec=std::nullopt;nd_shard_spec=std::nullopt;created_with_nd_shard_spec=0)'; 'post_activations': '{}'; 'rhs_activations': '{}'; 'scalar': '1'; 'sub_core_grids': 'std::nullopt'; 'subtile_broadcast_type': 'SubtileBroadcastType::NONE'; 'worker_grid': '{[(x=0;y=0) - (x=10;y=9)]}'},HiFi4,110,110,,5504481657,5504559476,77819,7505256684709,7505256689230,10921237,10919231,3349,2821,2819,,,,568,2770,1099,1878,2413,702,,,,,,1[1],1[1],128[128],32[4],TILE,BFLOAT16,DEV_1_DRAM_INTERLEAVED,1[1],1[1],128[128],32[4],TILE,BFLOAT16,DEV_1_DRAM_INTERLEAVED,,,,,,,,,,,,,,,,,,,,,,,,,,,,,,,,,,,,,,,,,,,,,,,,,,,,,,,,,1[1],1[1],128[128],32[4],TILE,BFLOAT16,DEV_1_DRAM_INTERLEAVED,,,,,,,,,,,,,,,,,['ttnn/cpp/ttnn/operations/eltwise/binary_ng/device/kernels/compute/eltwise_binary_sfpu_scalar.cpp'],['eltwise_binary_sfpu_scalar/6302317103236044736/'],['ttnn/cpp/ttnn/operations/eltwise/binary_ng/device/kernels/dataflow/reader_interleaved_no_bcast.cpp'; 'ttnn/cpp/ttnn/operations/eltwise/binary_ng/device/kernels/dataflow/writer_interleaved_scalar.cpp'],['reader_interleaved_no_bcast/15501400787415134526/'; 'writer_interleaved_scalar/13747915134593411132/'],15691238620557725211,True,1228,1256,1532,1264,1296,0,0,0,0,1,1,1,[],[],0.035,,,,,
BinaryNgDeviceOperation,tt_dnn_device,107520,0,blackhole,{'binary_op_type': 'BinaryOpType::MUL'; 'compute_kernel_config': 'std::nullopt'; 'dtype': 'DataType::BFLOAT16'; 'input_dtype': 'DataType::BFLOAT16'; 'is_quant_op': 'false'; 'is_sfpu': 'true'; 'is_where_op': 'false'; 'lhs_activations': '{}'; 'memory_config': 'MemoryConfig(memory_layout=TensorMemoryLayout::INTERLEAVED;buffer_type=BufferType::DRAM;shard_spec=std::nullopt;nd_shard_spec=std::nullopt;created_with_nd_shard_spec=0)'; 'post_activations': '{}'; 'rhs_activations': '{}'; 'scalar': '1'; 'sub_core_grids': 'std::nullopt'; 'subtile_broadcast_type': 'SubtileBroadcastType::NONE'; 'worker_grid': '{[(x=0;y=0) - (x=10;y=9)]}'},HiFi4,110,110,,5505761182,5505843941,82759,7505258411950,7505258416465,1276805,1276805,3344,2813,2813,,,,554,2783,1090,1872,2407,693,,,,,,1[1],1[1],128[128],32[4],TILE,BFLOAT16,DEV_1_DRAM_INTERLEAVED,1[1],1[1],128[128],32[4],TILE,BFLOAT16,DEV_1_DRAM_INTERLEAVED,,,,,,,,,,,,,,,,,,,,,,,,,,,,,,,,,,,,,,,,,,,,,,,,,,,,,,,,,1[1],1[1],128[128],32[4],TILE,BFLOAT16,DEV_1_DRAM_INTERLEAVED,,,,,,,,,,,,,,,,,['ttnn/cpp/ttnn/operations/eltwise/binary_ng/device/kernels/compute/eltwise_binary_sfpu_scalar.cpp'],['eltwise_binary_sfpu_scalar/6302317103236044736/'],['ttnn/cpp/ttnn/operations/eltwise/binary_ng/device/kernels/dataflow/reader_interleaved_no_bcast.cpp'; 'ttnn/cpp/ttnn/operations/eltwise/binary_ng/device/kernels/dataflow/writer_interleaved_scalar.cpp'],['reader_interleaved_no_bcast/15501400787415134526/'; 'writer_interleaved_scalar/13747915134593411132/'],15691238620557725211,True,1228,1256,1532,1264,1296,0,0,0,0,1,1,1,[],[],0.036,,,,,
LayerNormDeviceOperation,tt_dnn_device,108544,0,blackhole,{'compute_kernel_config': 'ComputeKernelConfig(math_fidelity=HiFi4;math_approx_mode=0;fp32_dest_acc_en=1;packer_l1_acc=1;dst_full_sync_en=0;throttle_level=ThrottleLevel::NO_THROTTLE)'; 'distributed_norm_stage': 'DistributedLayerNormStage::NOT_DISTRIBUTED'; 'dtype': 'std::nullopt'; 'eps': '1e-05'; 'fused_activation': 'std::nullopt'; 'norm_type': 'LayerNormType::LAYERNORM'; 'output_mem_config': 'MemoryConfig(memory_layout=TensorMemoryLayout::INTERLEAVED;buffer_type=BufferType::DRAM;shard_spec=std::nullopt;nd_shard_spec=std::nullopt;created_with_nd_shard_spec=0)'; 'program_config': 'LayerNormDefaultProgramConfig(legacy_reduction=0;legacy_rsqrt=0;use_welford=0)'},HiFi4,9,110,,93455184584,93455360672,176088,7623985210423,7623985223240,87945414874,87947255945,9494,9077,8792,,,,702,8732,4684,8276,8277,8308,,,,,,1[1],1[1],288[288],256[256],TILE,BFLOAT16,DEV_1_DRAM_INTERLEAVED,1[1],1[1],32[1],256[256],TILE,BFLOAT16,DEV_1_DRAM_INTERLEAVED,1[1],1[1],32[1],256[256],TILE,BFLOAT16,DEV_1_DRAM_INTERLEAVED,,,,,,,,,,,,,,,,,,,,,,,,,,,,,,,,,,,,,,,,,,,,,,,,,,1[1],1[1],288[288],256[256],TILE,BFLOAT16,DEV_1_DRAM_INTERLEAVED,,,,,,,,,,,,,,,,,['ttnn/cpp/ttnn/operations/normalization/layernorm/device/kernels/compute/layernorm.cpp'],['layernorm/18319883958068211404/'],['ttnn/cpp/ttnn/operations/normalization/layernorm/device/kernels/dataflow/writer_unary_interleaved_start_id_blocked.cpp'; 'ttnn/cpp/ttnn/operations/normalization/layernorm/device/kernels/dataflow/reader_unary_interleaved_ln.cpp'],['writer_unary_interleaved_start_id_blocked/1072855677011524085/'; 'reader_unary_interleaved_ln/12670039668448626785/'],4103793129536580648,False,812,2112,4888,3956,6424,0,0,0,0,1,1,1,[],[],0.011,,,,,
MatmulDeviceOperation,tt_dnn_device,109568,0,blackhole,{'bcast_batch': 'true'; 'compute_kernel_config': 'ComputeKernelConfig(math_fidelity=HiFi4;math_approx_mode=0;fp32_dest_acc_en=1;packer_l1_acc=1;dst_full_sync_en=0;throttle_level=ThrottleLevel::NO_THROTTLE)'; 'global_cb': 'std::nullopt'; 'output_dtype': 'DataType::BFLOAT16'; 'output_mem_config': 'MemoryConfig(memory_layout=TensorMemoryLayout::INTERLEAVED;buffer_type=BufferType::DRAM;shard_spec=std::nullopt;nd_shard_spec=std::nullopt;created_with_nd_shard_spec=0)'; 'output_tile': 'Tile(tile_shape={32; 32};face_shape={16; 16};num_faces=4)'; 'program_config': 'MatmulMultiCoreReuseMultiCastProgramConfig(compute_with_storage_grid_size=(x=11;y=10);in0_block_w=4;out_subblock_h=1;out_subblock_w=3;out_block_h=1;out_block_w=3;per_core_M=1;per_core_N=3;transpose_mcast=0;fused_activation=std::nullopt;fuse_batch=1)'; 'sub_device_id': 'std::nullopt'; 'transpose_a': 'false'; 'transpose_b': 'false'; 'untilize_out': 'false'; 'user_core_coord': '(x=11;y=10)'; 'user_fused_activation': 'std::nullopt'; 'user_run_batched': 'false'},HiFi4,72,110,,93464023633,93464184502,160869,7623997138693,7623997150055,8828661,8828569,8416,6639,6633,,,,561,6633,3065,3827,3780,4369,,,,,,1[1],1[1],288[288],256[256],TILE,BFLOAT16,DEV_1_DRAM_INTERLEAVED,1[1],1[1],256[256],768[768],TILE,BFLOAT16,DEV_1_DRAM_INTERLEAVED,,,,,,,,,,,,,,,,,,,,,,,,,,,,,,,,,,,,,,,,,,,,,,,,,,,,,,,,,1[1],1[1],288[288],768[768],TILE,BFLOAT16,DEV_1_DRAM_INTERLEAVED,,,,,,,,,,,,,,,,,['ttnn/cpp/ttnn/operations/matmul/device/kernels/compute/bmm_large_block_zm_fused_bias_activation.cpp'],['bmm_large_block_zm_fused_bias_activation/8566679170139907154/'],['ttnn/cpp/ttnn/operations/matmul/device/kernels/dataflow/reader_bmm_tile_layout_in0_receiver.cpp'; 'ttnn/cpp/ttnn/operations/matmul/device/kernels/dataflow/reader_bmm_tile_layout_in1_receiver_writer_padding.cpp'; 'ttnn/cpp/ttnn/operations/matmul/device/kernels/dataflow/reader_bmm_tile_layout_in1_sender_writer_padding.cpp'; 'ttnn/cpp/ttnn/operations/matmul/device/kernels/dataflow/reader_bmm_tile_layout_in0_sender_padding.cpp'],['reader_bmm_tile_layout_in0_receiver/4654232816097320520/'; 'reader_bmm_tile_layout_in1_receiver_writer_padding/11355580600086887553/'; 'reader_bmm_tile_layout_in1_sender_writer_padding/5422102895988090527/'; 'reader_bmm_tile_layout_in0_sender_padding/8631205465612179768/'],9499241353403086995,False,2144,1104,2144,1824,1996,0,0,0,0,804,746,804,[183.40298461914062; 489.0746154785156],[550.208984375],11.237,,,,,
LayerNormDeviceOperation,tt_dnn_device,110592,0,blackhole,{'compute_kernel_config': 'ComputeKernelConfig(math_fidelity=HiFi4;math_approx_mode=0;fp32_dest_acc_en=1;packer_l1_acc=1;dst_full_sync_en=0;throttle_level=ThrottleLevel::NO_THROTTLE)'; 'distributed_norm_stage': 'DistributedLayerNormStage::NOT_DISTRIBUTED'; 'dtype': 'std::nullopt'; 'eps': '1e-05'; 'fused_activation': 'std::nullopt'; 'norm_type': 'LayerNormType::LAYERNORM'; 'output_mem_config': 'MemoryConfig(memory_layout=TensorMemoryLayout::INTERLEAVED;buffer_type=BufferType::DRAM;shard_spec=std::nullopt;nd_shard_spec=std::nullopt;created_with_nd_shard_spec=0)'; 'program_config': 'LayerNormDefaultProgramConfig(legacy_reduction=0;legacy_rsqrt=0;use_welford=0)'},HiFi4,110,110,,93469114170,93469204974,90804,7624004002041,7624004169363,5076083,5076252,123942,123420,123242,,,,692,123187,115613,122751,122629,122743,,,,,,1[1],288[288],288[288],128[128],TILE,BFLOAT16,DEV_1_DRAM_INTERLEAVED,1[1],1[1],32[1],128[128],TILE,BFLOAT16,DEV_1_DRAM_INTERLEAVED,1[1],1[1],32[1],128[128],TILE,BFLOAT16,DEV_1_DRAM_INTERLEAVED,,,,,,,,,,,,,,,,,,,,,,,,,,,,,,,,,,,,,,,,,,,,,,,,,,1[1],288[288],288[288],128[128],TILE,BFLOAT16,DEV_1_DRAM_INTERLEAVED,,,,,,,,,,,,,,,,,['ttnn/cpp/ttnn/operations/normalization/layernorm/device/kernels/compute/layernorm.cpp'],['layernorm/14806225178095602344/'],['ttnn/cpp/ttnn/operations/normalization/layernorm/device/kernels/dataflow/writer_unary_interleaved_start_id_blocked.cpp'; 'ttnn/cpp/ttnn/operations/normalization/layernorm/device/kernels/dataflow/reader_unary_interleaved_ln.cpp'],['writer_unary_interleaved_start_id_blocked/1072855677011524085/'; 'reader_unary_interleaved_ln/12670039668448626785/'],2703445868539915113,False,812,2112,4672,4696,5564,0,0,0,0,1,1,1,[],[],0.001,,,,,
MatmulDeviceOperation,tt_dnn_device,111616,0,blackhole,{'bcast_batch': 'true'; 'compute_kernel_config': 'ComputeKernelConfig(math_fidelity=HiFi4;math_approx_mode=0;fp32_dest_acc_en=1;packer_l1_acc=1;dst_full_sync_en=0;throttle_level=ThrottleLevel::NO_THROTTLE)'; 'global_cb': 'std::nullopt'; 'output_dtype': 'DataType::BFLOAT16'; 'output_mem_config': 'MemoryConfig(memory_layout=TensorMemoryLayout::INTERLEAVED;buffer_type=BufferType::DRAM;shard_spec=std::nullopt;nd_shard_spec=std::nullopt;created_with_nd_shard_spec=0)'; 'output_tile': 'Tile(tile_shape={32; 32};face_shape={16; 16};num_faces=4)'; 'program_config': 'MatmulMultiCoreReuseMultiCast1DProgramConfig(compute_with_storage_grid_size=(x=11;y=10);in0_block_w=4;out_subblock_h=1;out_subblock_w=1;out_block_h=5;out_block_w=1;per_core_M=25;per_core_N=1;fuse_batch=1;fused_activation=std::nullopt;mcast_in0=0;gather_in0=0;hop_cores={};num_global_cb_receivers=1;untilize_out=0)'; 'sub_device_id': 'std::nullopt'; 'transpose_a': 'false'; 'transpose_b': 'false'; 'untilize_out': 'false'; 'user_core_coord': 'std::nullopt'; 'user_fused_activation': 'std::nullopt'; 'user_run_batched': 'false'},HiFi4,104,110,,93475820147,93475940207,120060,7624013058284,7624013186569,6585904,6585904,95026,93512,93512,,,,561,93512,91230,91926,92325,92353,,,,,,1[1],288[288],288[288],128[128],TILE,BFLOAT16,DEV_1_DRAM_INTERLEAVED,1[1],1[1],128[128],32[8],TILE,BFLOAT16,DEV_1_DRAM_INTERLEAVED,,,,,,,,,,,,,,,,,,,,,,,,,,,,,,,,,,,,,,,,,,,,,,,,,,,,,,,,,1[1],288[288],288[288],32[8],TILE,BFLOAT16,DEV_1_DRAM_INTERLEAVED,,,,,,,,,,,,,,,,,['ttnn/cpp/ttnn/operations/matmul/device/kernels/compute/bmm_large_block_zm_fused_bias_activation.cpp'],['bmm_large_block_zm_fused_bias_activation/110771084487296781/'],['ttnn/cpp/ttnn/operations/matmul/device/kernels/dataflow/reader_bmm_tile_layout_in1_receiver_writer_padding.cpp'; 'ttnn/cpp/ttnn/operations/matmul/device/kernels/dataflow/reader_bmm_tile_layout_in1_sender_writer_padding.cpp'; 'ttnn/cpp/ttnn/operations/matmul/device/kernels/dataflow/reader_bmm_tile_layout_in0_sender_padding.cpp'],['reader_bmm_tile_layout_in1_receiver_writer_padding/4950289860550707270/'; 'reader_bmm_tile_layout_in1_sender_writer_padding/13465886954871218074/'; 'reader_bmm_tile_layout_in0_sender_padding/5163765105817206461/'],5614644772281060810,False,1964,856,1676,1564,1748,0,0,0,0,38623,1118,38623,[549.767333984375; 0.21210159361362457],[137.44183349609375],1.196,,,,,
PermuteDeviceOperation,tt_dnn_device,112640,0,blackhole,{'dims': '{0; 3; 1; 2}'; 'output_mem_config': 'MemoryConfig(memory_layout=TensorMemoryLayout::INTERLEAVED;buffer_type=BufferType::DRAM;shard_spec=std::nullopt;nd_shard_spec=std::nullopt;created_with_nd_shard_spec=0)'; 'pad_value': '0'},HiFi4,110,110,,93481470167,93481561352,91185,7624020682077,7624020731991,5552731,5552800,36973,36442,36435,,,,564,36364,33330,33326,31612,34370,,,,,,1[1],288[288],288[288],32[8],TILE,BFLOAT16,DEV_1_DRAM_INTERLEAVED,,,,,,,,,,,,,,,,,,,,,,,,,,,,,,,,,,,,,,,,,,,,,,,,,,,,,,,,,,,,,,,,1[1],8[8],288[288],288[288],TILE,BFLOAT16,DEV_1_DRAM_INTERLEAVED,,,,,,,,,,,,,,,,,['ttnn/cpp/ttnn/operations/data_movement/transpose/device/kernels/compute/transpose_wh.cpp'],['transpose_wh/14581025993053660267/'],['ttnn/cpp/ttnn/operations/data_movement/permute/device/kernels/dataflow/writer_permute_interleaved_tiled_row_invariant.cpp'; 'ttnn/cpp/ttnn/operations/data_movement/transpose/device/kernels/dataflow/reader_unary_transpose_hc_interleaved_tiled_padding_aware.cpp'],['writer_permute_interleaved_tiled_row_invariant/12258235698934258610/'; 'reader_unary_transpose_hc_interleaved_tiled_padding_aware/8106108285849505195/'],6020671882704238326,False,1340,944,1140,648,1296,0,0,0,0,20388,20388,9655,[260.36962890625],[65.0924072265625],55.946,,,,,
NlpCreateHeadsDeviceOperation,tt_dnn_device,113664,0,blackhole,{'head_dim': '32'; 'num_kv_heads': '8'; 'num_q_heads': '8'; 'output_mem_config': 'MemoryConfig(memory_layout=TensorMemoryLayout::INTERLEAVED;buffer_type=BufferType::DRAM;shard_spec=std::nullopt;nd_shard_spec=std::nullopt;created_with_nd_shard_spec=0)'; 'transpose_k_heads': 'false'},,9,110,,93484686769,93484772203,85434,7624025017737,7624025033562,3175208,3175208,11722,11140,11140,,,,74,11140,10808,,,,,,,,,1[1],1[1],288[288],768[768],TILE,BFLOAT16,DEV_1_DRAM_INTERLEAVED,,,,,,,,,,,,,,,,,,,,,,,,,,,,,,,,,,,,,,,,,,,,,,,,,,,,,,,,,,,,,,,,1[1],8[8],288[288],32[32],TILE,BFLOAT16,DEV_1_DRAM_INTERLEAVED,1[1],8[8],288[288],32[32],TILE,BFLOAT16,DEV_1_DRAM_INTERLEAVED,1[1],8[8],288[288],32[32],TILE,BFLOAT16,DEV_1_DRAM_INTERLEAVED,,,[],[],['ttnn/cpp/ttnn/operations/experimental/transformer/nlp_create_qkv_heads/device/kernels/dataflow/writer_tm_tile_layout_nlp_create_qkv_heads.cpp'; 'ttnn/cpp/ttnn/operations/experimental/transformer/nlp_create_qkv_heads/device/kernels/dataflow/reader_tm_tile_layout_nlp_create_qkv_heads.cpp'],['writer_tm_tile_layout_nlp_create_qkv_heads/965791010040149192/'; 'reader_tm_tile_layout_nlp_create_qkv_heads/14654666027295310639/'],4559056731499526171,False,1988,1728,0,0,0,0,0,0,0,1,1,1,[],[],0.009,,,,,
TransposeDeviceOperation,tt_dnn_device,114688,0,blackhole,{'dim': 'TransposeOpDim::WH'; 'output_mem_config': 'MemoryConfig(memory_layout=TensorMemoryLayout::INTERLEAVED;buffer_type=BufferType::DRAM;shard_spec=std::nullopt;nd_shard_spec=std::nullopt;created_with_nd_shard_spec=0)'; 'pad_value': '0'},HiFi4,110,110,,93488502921,93488583104,80183,7624030176288,7624030179324,3810684,3810076,2249,1727,1683,,,,550,1601,1198,1233,640,718,,,,,,1[1],8[8],288[288],32[32],TILE,BFLOAT16,DEV_1_DRAM_INTERLEAVED,,,,,,,,,,,,,,,,,,,,,,,,,,,,,,,,,,,,,,,,,,,,,,,,,,,,,,,,,,,,,,,,1[1],8[8],32[32],288[288],TILE,BFLOAT16,DEV_1_DRAM_INTERLEAVED,,,,,,,,,,,,,,,,,['ttnn/cpp/ttnn/operations/data_movement/transpose/device/kernels/compute/transpose_wh.cpp'],['transpose_wh/14581025993053660267/'],['ttnn/cpp/ttnn/operations/eltwise/unary/device/kernels/dataflow/writer_unary_interleaved_start_id.cpp'; 'ttnn/cpp/ttnn/operations/data_movement/transpose/device/kernels/dataflow/reader_unary_transpose_wh_interleaved_start_id.cpp'],['writer_unary_interleaved_start_id/6276820466797607771/'; 'reader_unary_transpose_wh_interleaved_start_id/890651917070584162/'],16461604712205784317,False,1000,1012,1140,648,1296,0,0,0,0,1281,1281,268,[115.11006927490234],[115.11006927490234],74.175,,,,,
MatmulDeviceOperation,tt_dnn_device,115712,0,blackhole,{'bcast_batch': 'false'; 'compute_kernel_config': 'ComputeKernelConfig(math_fidelity=HiFi4;math_approx_mode=0;fp32_dest_acc_en=1;packer_l1_acc=1;dst_full_sync_en=0;throttle_level=ThrottleLevel::NO_THROTTLE)'; 'global_cb': 'std::nullopt'; 'output_dtype': 'DataType::BFLOAT16'; 'output_mem_config': 'MemoryConfig(memory_layout=TensorMemoryLayout::INTERLEAVED;buffer_type=BufferType::DRAM;shard_spec=std::nullopt;nd_shard_spec=std::nullopt;created_with_nd_shard_spec=0)'; 'output_tile': 'Tile(tile_shape={32; 32};face_shape={16; 16};num_faces=4)'; 'program_config': 'MatmulMultiCoreReuseProgramConfig(compute_with_storage_grid_size=(x=8;y=8);in0_block_w=1;out_subblock_h=1;out_subblock_w=3;per_core_M=9;per_core_N=9)'; 'sub_device_id': 'std::nullopt'; 'transpose_a': 'false'; 'transpose_b': 'false'; 'untilize_out': 'false'; 'user_core_coord': '(x=8;y=8)'; 'user_fused_activation': 'std::nullopt'; 'user_run_batched': 'true'},HiFi4,8,110,,93494012852,93494148192,135340,7624037608797,7624037632813,5503876,5503794,17790,17171,17170,,,,94,17169,1720,5326,5647,6091,,,,,,1[1],8[8],288[288],32[32],TILE,BFLOAT16,DEV_1_DRAM_INTERLEAVED,1[1],8[8],32[32],288[288],TILE,BFLOAT16,DEV_1_DRAM_INTERLEAVED,,,,,,,,,,,,,,,,,,,,,,,,,,,,,,,,,,,,,,,,,,,,,,,,,,,,,,,,,1[1],8[8],288[288],288[288],TILE,BFLOAT16,DEV_1_DRAM_INTERLEAVED,,,,,,,,,,,,,,,,,['ttnn/cpp/ttnn/operations/matmul/device/kernels/compute/bmm_large_block_zm_fused_bias_activation.cpp'],['bmm_large_block_zm_fused_bias_activation/15234362582263845879/'],['ttnn/cpp/ttnn/operations/matmul/device/kernels/dataflow/reader_writer_bmm_tile_layout_in1.cpp'; 'ttnn/cpp/ttnn/operations/matmul/device/kernels/dataflow/reader_bmm_tile_layout_in0.cpp'],['reader_writer_bmm_tile_layout_in1/5963652661226992344/'; 'reader_bmm_tile_layout_in0/3077350800227034951/'],7761915241644997478,False,1120,712,1388,1464,1804,0,0,0,0,2413,280,2413,[61.10899353027344; 61.10899353027344],[549.98095703125],1.631,,,,,
TypecastDeviceOperation,tt_dnn_device,116736,0,blackhole,{'bfp8_pack_precise': 'false'; 'fp32_dest_acc_en': 'true'; 'input_dtype': 'DataType::BFLOAT16'; 'output_dtype': 'DataType::FLOAT32'; 'output_memory_config': 'MemoryConfig(memory_layout=TensorMemoryLayout::INTERLEAVED;buffer_type=BufferType::DRAM;shard_spec=std::nullopt;nd_shard_spec=std::nullopt;created_with_nd_shard_spec=0)'; 'preserve_fp32_precision': 'false'; 'sub_core_grids': 'std::nullopt'},HiFi4,110,110,,93501793310,93501875167,81857,7624048118264,7624048137688,7769333,7769333,14388,12356,12356,,,,559,12356,5852,5884,10806,11914,,,,,,1[1],8[8],288[288],288[288],TILE,BFLOAT16,DEV_1_DRAM_INTERLEAVED,,,,,,,,,,,,,,,,,,,,,,,,,,,,,,,,,,,,,,,,,,,,,,,,,,,,,,,,,,,,,,,,1[1],8[8],288[288],288[288],TILE,FLOAT32,DEV_1_DRAM_INTERLEAVED,,,,,,,,,,,,,,,,,['ttnn/cpp/ttnn/operations/copy/typecast/device/kernels/compute/eltwise_typecast.cpp'],['eltwise_typecast/9531996397938577704/'],['ttnn/cpp/ttnn/operations/eltwise/unary/device/kernels/dataflow/writer_unary_interleaved_start_id.cpp'; 'ttnn/cpp/ttnn/operations/eltwise/unary/device/kernels/dataflow/reader_unary_interleaved_start_id.cpp'],['writer_unary_interleaved_start_id/808015986803896428/'; 'reader_unary_interleaved_start_id/10624578204480920158/'],1717763057158984236,False,1000,928,1076,952,1268,0,0,0,0,1,1,1,[],[],0.008,,,,,
TypecastDeviceOperation,tt_dnn_device,117760,0,blackhole,{'bfp8_pack_precise': 'false'; 'fp32_dest_acc_en': 'true'; 'input_dtype': 'DataType::BFLOAT16'; 'output_dtype': 'DataType::FLOAT32'; 'output_memory_config': 'MemoryConfig(memory_layout=TensorMemoryLayout::INTERLEAVED;buffer_type=BufferType::DRAM;shard_spec=std::nullopt;nd_shard_spec=std::nullopt;created_with_nd_shard_spec=0)'; 'preserve_fp32_precision': 'false'; 'sub_core_grids': 'std::nullopt'},HiFi4,110,110,,93502025957,93502063910,37953,7624048435591,7624048455367,222693,222693,14649,12633,12633,,,,559,12633,6399,6440,11041,12224,,,,,,1[1],8[8],288[288],288[288],TILE,BFLOAT16,DEV_1_DRAM_INTERLEAVED,,,,,,,,,,,,,,,,,,,,,,,,,,,,,,,,,,,,,,,,,,,,,,,,,,,,,,,,,,,,,,,,1[1],8[8],288[288],288[288],TILE,FLOAT32,DEV_1_DRAM_INTERLEAVED,,,,,,,,,,,,,,,,,['ttnn/cpp/ttnn/operations/copy/typecast/device/kernels/compute/eltwise_typecast.cpp'],['eltwise_typecast/9531996397938577704/'],['ttnn/cpp/ttnn/operations/eltwise/unary/device/kernels/dataflow/writer_unary_interleaved_start_id.cpp'; 'ttnn/cpp/ttnn/operations/eltwise/unary/device/kernels/dataflow/reader_unary_interleaved_start_id.cpp'],['writer_unary_interleaved_start_id/808015986803896428/'; 'reader_unary_interleaved_start_id/10624578204480920158/'],1717763057158984236,True,1000,928,1076,952,1268,0,0,0,0,1,1,1,[],[],0.008,,,,,
BinaryNgDeviceOperation,tt_dnn_device,118784,0,blackhole,{'binary_op_type': 'BinaryOpType::MUL'; 'compute_kernel_config': 'std::nullopt'; 'dtype': 'DataType::FLOAT32'; 'input_dtype': 'DataType::FLOAT32'; 'is_quant_op': 'false'; 'is_sfpu': 'true'; 'is_where_op': 'false'; 'lhs_activations': '{}'; 'memory_config': 'MemoryConfig(memory_layout=TensorMemoryLayout::INTERLEAVED;buffer_type=BufferType::DRAM;shard_spec=std::nullopt;nd_shard_spec=std::nullopt;created_with_nd_shard_spec=0)'; 'post_activations': '{}'; 'rhs_activations': '{}'; 'scalar': '1'; 'sub_core_grids': 'std::nullopt'; 'subtile_broadcast_type': 'SubtileBroadcastType::NONE'; 'worker_grid': '{[(x=0;y=0) - (x=10;y=9)]}'},HiFi4,110,110,,93507425487,93507513596,88109,7624055722498,7624055746264,5383752,5383752,17604,17056,17056,,,,548,17016,11139,15521,15599,16310,,,,,,1[1],8[8],288[288],288[288],TILE,FLOAT32,DEV_1_DRAM_INTERLEAVED,,,,,,,,,,,,,,,,,,,,,,,,,,,,,,,,,,,,,,,,,,,,,,,,,,,,,,,,,,,,,,,,1[1],8[8],288[288],288[288],TILE,FLOAT32,DEV_1_DRAM_INTERLEAVED,,,,,,,,,,,,,,,,,['ttnn/cpp/ttnn/operations/eltwise/binary_ng/device/kernels/compute/eltwise_binary_sfpu_scalar.cpp'],['eltwise_binary_sfpu_scalar/3587141111786362306/'],['ttnn/cpp/ttnn/operations/eltwise/binary_ng/device/kernels/dataflow/reader_interleaved_no_bcast.cpp'; 'ttnn/cpp/ttnn/operations/eltwise/binary_ng/device/kernels/dataflow/writer_interleaved_scalar.cpp'],['reader_interleaved_no_bcast/1193013300382676517/'; 'writer_interleaved_scalar/11954420667241610979/'],15813396155379461253,False,1228,1224,2100,1348,1292,0,0,0,0,1,1,1,[],[],0.006,,,,,
BinaryNgDeviceOperation,tt_dnn_device,119808,0,blackhole,{'binary_op_type': 'BinaryOpType::MUL'; 'compute_kernel_config': 'std::nullopt'; 'dtype': 'DataType::FLOAT32'; 'input_dtype': 'DataType::FLOAT32'; 'is_quant_op': 'false'; 'is_sfpu': 'true'; 'is_where_op': 'false'; 'lhs_activations': '{}'; 'memory_config': 'MemoryConfig(memory_layout=TensorMemoryLayout::INTERLEAVED;buffer_type=BufferType::DRAM;shard_spec=std::nullopt;nd_shard_spec=std::nullopt;created_with_nd_shard_spec=0)'; 'post_activations': '{}'; 'rhs_activations': '{}'; 'scalar': '0'; 'sub_core_grids': 'std::nullopt'; 'subtile_broadcast_type': 'SubtileBroadcastType::NONE'; 'worker_grid': '{[(x=0;y=0) - (x=10;y=9)]}'},HiFi4,110,110,,93507718940,93507776440,57500,7624056120150,7624056142761,277488,277488,16749,16220,16220,,,,556,16214,10773,14853,14936,15503,,,,,,1[1],8[8],288[288],288[288],TILE,FLOAT32,DEV_1_DRAM_INTERLEAVED,,,,,,,,,,,,,,,,,,,,,,,,,,,,,,,,,,,,,,,,,,,,,,,,,,,,,,,,,,,,,,,,1[1],8[8],288[288],288[288],TILE,FLOAT32,DEV_1_DRAM_INTERLEAVED,,,,,,,,,,,,,,,,,['ttnn/cpp/ttnn/operations/eltwise/binary_ng/device/kernels/compute/eltwise_binary_sfpu_scalar.cpp'],['eltwise_binary_sfpu_scalar/3587141111786362306/'],['ttnn/cpp/ttnn/operations/eltwise/binary_ng/device/kernels/dataflow/reader_interleaved_no_bcast.cpp'; 'ttnn/cpp/ttnn/operations/eltwise/binary_ng/device/kernels/dataflow/writer_interleaved_scalar.cpp'],['reader_interleaved_no_bcast/1193013300382676517/'; 'writer_interleaved_scalar/11954420667241610979/'],15813396155379461253,True,1228,1224,2100,1348,1292,0,0,0,0,1,1,1,[],[],0.006,,,,,
BinaryNgDeviceOperation,tt_dnn_device,120832,0,blackhole,{'binary_op_type': 'BinaryOpType::ADD'; 'compute_kernel_config': 'std::nullopt'; 'dtype': 'DataType::FLOAT32'; 'input_dtype': 'DataType::FLOAT32'; 'is_quant_op': 'false'; 'is_sfpu': 'true'; 'is_where_op': 'false'; 'lhs_activations': '{BasicUnaryWithParam<float; int; unsigned int>(base=BasicUnaryWithParam<float>(op_type=UnaryOpType::MUL_UNARY_SFPU;param={0.176777}))}'; 'memory_config': 'MemoryConfig(memory_layout=TensorMemoryLayout::INTERLEAVED;buffer_type=BufferType::DRAM;shard_spec=std::nullopt;nd_shard_spec=std::nullopt;created_with_nd_shard_spec=0)'; 'post_activations': '{}'; 'rhs_activations': '{}'; 'scalar': 'std::nullopt'; 'sub_core_grids': 'std::nullopt'; 'subtile_broadcast_type': 'SubtileBroadcastType::NONE'; 'worker_grid': '{[(x=0;y=0) - (x=10;y=9)]}'},HiFi4,110,110,,93513010142,93513110434,100292,7624063262296,7624063294301,5274330,5274156,23707,23164,23161,,,,548,23139,22106,22553,22636,22290,,,,,,1[1],8[8],288[288],288[288],TILE,FLOAT32,DEV_1_DRAM_INTERLEAVED,1[1],8[8],288[288],288[288],TILE,FLOAT32,DEV_1_DRAM_INTERLEAVED,,,,,,,,,,,,,,,,,,,,,,,,,,,,,,,,,,,,,,,,,,,,,,,,,,,,,,,,,1[1],8[8],288[288],288[288],TILE,FLOAT32,DEV_1_DRAM_INTERLEAVED,,,,,,,,,,,,,,,,,['ttnn/cpp/ttnn/operations/eltwise/binary_ng/device/kernels/compute/eltwise_binary_sfpu_no_bcast.cpp'],['eltwise_binary_sfpu_no_bcast/14546352100034836009/'],['ttnn/cpp/ttnn/operations/eltwise/binary_ng/device/kernels_ng/dataflow/reader_interleaved_no_bcast.cpp'; 'ttnn/cpp/ttnn/operations/eltwise/binary_ng/device/kernels_ng/dataflow/writer_interleaved_no_bcast.cpp'],['reader_interleaved_no_bcast/4062015061431556712/'; 'writer_interleaved_no_bcast/15687401595948906457/'],13275960590458526551,False,1108,1652,2504,1824,1556,0,0,0,0,1,1,1,[],[],0.004,,,,,
BinaryNgDeviceOperation,tt_dnn_device,121856,0,blackhole,{'binary_op_type': 'BinaryOpType::MUL'; 'compute_kernel_config': 'std::nullopt'; 'dtype': 'DataType::FLOAT32'; 'input_dtype': 'DataType::FLOAT32'; 'is_quant_op': 'false'; 'is_sfpu': 'true'; 'is_where_op': 'false'; 'lhs_activations': '{}'; 'memory_config': 'MemoryConfig(memory_layout=TensorMemoryLayout::INTERLEAVED;buffer_type=BufferType::DRAM;shard_spec=std::nullopt;nd_shard_spec=std::nullopt;created_with_nd_shard_spec=0)'; 'post_activations': '{}'; 'rhs_activations': '{}'; 'scalar': '0.17677669'; 'sub_core_grids': 'std::nullopt'; 'subtile_broadcast_type': 'SubtileBroadcastType::NONE'; 'worker_grid': '{[(x=0;y=0) - (x=10;y=9)]}'},HiFi4,110,110,,93513168826,93513217730,48904,7624063478570,7624063501524,137047,137047,17003,16454,16454,,,,562,16454,11207,15222,15296,15753,,,,,,1[1],8[8],288[288],288[288],TILE,FLOAT32,DEV_1_DRAM_INTERLEAVED,,,,,,,,,,,,,,,,,,,,,,,,,,,,,,,,,,,,,,,,,,,,,,,,,,,,,,,,,,,,,,,,1[1],8[8],288[288],288[288],TILE,FLOAT32,DEV_1_DRAM_INTERLEAVED,,,,,,,,,,,,,,,,,['ttnn/cpp/ttnn/operations/eltwise/binary_ng/device/kernels/compute/eltwise_binary_sfpu_scalar.cpp'],['eltwise_binary_sfpu_scalar/3587141111786362306/'],['ttnn/cpp/ttnn/operations/eltwise/binary_ng/device/kernels/dataflow/reader_interleaved_no_bcast.cpp'; 'ttnn/cpp/ttnn/operations/eltwise/binary_ng/device/kernels/dataflow/writer_interleaved_scalar.cpp'],['reader_interleaved_no_bcast/1193013300382676517/'; 'writer_interleaved_scalar/11954420667241610979/'],15813396155379461253,True,1228,1224,2100,1348,1292,0,0,0,0,1,1,1,[],[],0.006,,,,,
BinaryNgDeviceOperation,tt_dnn_device,122880,0,blackhole,{'binary_op_type': 'BinaryOpType::SUB'; 'compute_kernel_config': 'std::nullopt'; 'dtype': 'DataType::FLOAT32'; 'input_dtype': 'DataType::FLOAT32'; 'is_quant_op': 'false'; 'is_sfpu': 'true'; 'is_where_op': 'false'; 'lhs_activations': '{}'; 'memory_config': 'MemoryConfig(memory_layout=TensorMemoryLayout::INTERLEAVED;buffer_type=BufferType::DRAM;shard_spec=std::nullopt;nd_shard_spec=std::nullopt;created_with_nd_shard_spec=0)'; 'post_activations': '{}'; 'rhs_activations': '{}'; 'scalar': 'std::nullopt'; 'sub_core_grids': 'std::nullopt'; 'subtile_broadcast_type': 'SubtileBroadcastType::NONE'; 'worker_grid': '{[(x=0;y=0) - (x=10;y=9)]}'},HiFi4,110,110,,93518259393,93518339627,80234,7624070348804,7624070379790,5072643,5072527,22953,22418,22416,,,,562,22403,21670,21807,21887,19984,,,,,,1[1],8[8],288[288],288[288],TILE,FLOAT32,DEV_1_DRAM_INTERLEAVED,1[1],8[8],288[288],288[288],TILE,FLOAT32,DEV_1_DRAM_INTERLEAVED,,,,,,,,,,,,,,,,,,,,,,,,,,,,,,,,,,,,,,,,,,,,,,,,,,,,,,,,,1[1],8[8],288[288],288[288],TILE,FLOAT32,DEV_1_DRAM_INTERLEAVED,,,,,,,,,,,,,,,,,['ttnn/cpp/ttnn/operations/eltwise/binary_ng/device/kernels/compute/eltwise_binary_sfpu_no_bcast.cpp'],['eltwise_binary_sfpu_no_bcast/2972092960896372343/'],['ttnn/cpp/ttnn/operations/eltwise/binary_ng/device/kernels_ng/dataflow/reader_interleaved_no_bcast.cpp'; 'ttnn/cpp/ttnn/operations/eltwise/binary_ng/device/kernels_ng/dataflow/writer_interleaved_no_bcast.cpp'],['reader_interleaved_no_bcast/1658512407459465037/'; 'writer_interleaved_no_bcast/17590832996174141580/'],12571647483804383901,False,1108,1652,2016,1348,1292,0,0,0,0,1,1,1,[],[],0.004,,,,,
UnaryNgDeviceOperation,tt_dnn_device,123904,0,blackhole,{'bfp8_pack_precise': 'false'; 'fp32_dest_acc_en': 'true'; 'memory_config': 'MemoryConfig(memory_layout=TensorMemoryLayout::INTERLEAVED;buffer_type=BufferType::DRAM;shard_spec=std::nullopt;nd_shard_spec=std::nullopt;created_with_nd_shard_spec=0)'; 'op_chain': '{BasicUnaryWithParam<float; int; unsigned int>(base=BasicUnaryWithParam<float>(op_type=UnaryOpType::ABS;param={}))}'; 'output_dtype': 'DataType::FLOAT32'; 'preserve_fp32_precision': 'true'; 'sub_core_grids': 'std::nullopt'; 'worker_grid': '{[(x=0;y=0) - (x=10;y=9)]}'},HiFi4,110,110,,93523465733,93523537651,71918,7624077373680,7624077395509,5181332,5181332,16170,15636,15636,,,,550,15596,11411,14653,14719,15207,,,,,,1[1],8[8],288[288],288[288],TILE,FLOAT32,DEV_1_DRAM_INTERLEAVED,,,,,,,,,,,,,,,,,,,,,,,,,,,,,,,,,,,,,,,,,,,,,,,,,,,,,,,,,,,,,,,,1[1],8[8],288[288],288[288],TILE,FLOAT32,DEV_1_DRAM_INTERLEAVED,,,,,,,,,,,,,,,,,['ttnn/cpp/ttnn/operations/eltwise/unary_ng/device/kernels/compute/eltwise_sfpu.cpp'],['eltwise_sfpu/12126708680960502962/'],['ttnn/cpp/ttnn/operations/eltwise/unary_ng/device/kernels/dataflow/writer_unary_ng.cpp'; 'ttnn/cpp/ttnn/operations/eltwise/unary_ng/device/kernels/dataflow/reader_unary_ng.cpp'],['writer_unary_ng/11946944830141593233/'; 'reader_unary_ng/16384993297340005514/'],14631556711274172741,False,1000,928,1420,896,1260,0,0,0,0,1,1,1,[],[],0.006,,,,,
ReduceDeviceOperation,tt_dnn_device,124928,0,blackhole,{'compute_kernel_config': 'ComputeKernelConfig(math_fidelity=HiFi4;math_approx_mode=0;fp32_dest_acc_en=1;packer_l1_acc=0;dst_full_sync_en=0;throttle_level=ThrottleLevel::NO_THROTTLE)'; 'dim': 'ReduceOpDim::W'; 'math_op': 'ReduceOpMath::MAX'; 'negate': 'false'; 'output_dtype': 'DataType::FLOAT32'; 'output_mem_config': 'MemoryConfig(memory_layout=TensorMemoryLayout::INTERLEAVED;buffer_type=BufferType::DRAM;shard_spec=std::nullopt;nd_shard_spec=std::nullopt;created_with_nd_shard_spec=0)'; 'scaler': '1'; 'sub_core_grids': 'std::nullopt'},HiFi4,72,110,,93528595194,93528666060,70866,7624084297495,7624084312801,5113517,5113517,11338,10374,10374,,,,561,10374,9801,9833,9848,769,,,,,,1[1],8[8],288[288],288[288],TILE,FLOAT32,DEV_1_DRAM_INTERLEAVED,,,,,,,,,,,,,,,,,,,,,,,,,,,,,,,,,,,,,,,,,,,,,,,,,,,,,,,,,,,,,,,,1[1],8[8],288[288],32[1],TILE,FLOAT32,DEV_1_DRAM_INTERLEAVED,,,,,,,,,,,,,,,,,['ttnn/cpp/ttnn/operations/reduction/generic/device/kernels/compute/reduce_w.cpp'],['reduce_w/7377275767001527157/'],['ttnn/cpp/ttnn/operations/eltwise/unary/device/kernels/dataflow/writer_unary_interleaved_start_id.cpp'; 'ttnn/cpp/ttnn/operations/reduction/generic/device/kernels/dataflow/reader_unary_reduce_universal_start_id.cpp'],['writer_unary_interleaved_start_id/10757693452745113454/'; 'reader_unary_reduce_universal_start_id/7696484559506021702/'],6741529871893567688,False,1000,884,1168,760,1168,0,0,0,0,1,1,1,[],[],0.01,,,,,
ReduceDeviceOperation,tt_dnn_device,125952,0,blackhole,{'compute_kernel_config': 'ComputeKernelConfig(math_fidelity=HiFi4;math_approx_mode=0;fp32_dest_acc_en=1;packer_l1_acc=0;dst_full_sync_en=0;throttle_level=ThrottleLevel::NO_THROTTLE)'; 'dim': 'ReduceOpDim::H'; 'math_op': 'ReduceOpMath::MAX'; 'negate': 'false'; 'output_dtype': 'DataType::FLOAT32'; 'output_mem_config': 'MemoryConfig(memory_layout=TensorMemoryLayout::INTERLEAVED;buffer_type=BufferType::DRAM;shard_spec=std::nullopt;nd_shard_spec=std::nullopt;created_with_nd_shard_spec=0)'; 'scaler': '1'; 'sub_core_grids': 'std::nullopt'},HiFi4,8,110,,93533535573,93533602392,66819,7624090962790,7624090970776,4926970,4926488,5916,5279,5277,,,,91,5277,4799,4845,3913,279,,,,,,1[1],8[8],288[288],32[1],TILE,FLOAT32,DEV_1_DRAM_INTERLEAVED,,,,,,,,,,,,,,,,,,,,,,,,,,,,,,,,,,,,,,,,,,,,,,,,,,,,,,,,,,,,,,,,1[1],8[8],32[1],32[1],TILE,FLOAT32,DEV_1_DRAM_INTERLEAVED,,,,,,,,,,,,,,,,,['ttnn/cpp/ttnn/operations/reduction/generic/device/kernels/compute/reduce_h.cpp'],['reduce_h/16603860791444939960/'],['ttnn/cpp/ttnn/operations/eltwise/unary/device/kernels/dataflow/writer_unary_interleaved_start_id.cpp'; 'ttnn/cpp/ttnn/operations/reduction/generic/device/kernels/dataflow/reader_unary_transpose_wh_universal_input_cols_partitioned.cpp'],['writer_unary_interleaved_start_id/11046027572020512892/'; 'reader_unary_transpose_wh_universal_input_cols_partitioned/5045501290562950722/'],10112274478059574585,False,1000,1064,1164,1020,1168,0,0,0,0,1,1,1,[],[],0.019,,,,,
TransposeDeviceOperation,tt_dnn_device,126976,0,blackhole,{'dim': 'TransposeOpDim::HC'; 'output_mem_config': 'MemoryConfig(memory_layout=TensorMemoryLayout::INTERLEAVED;buffer_type=BufferType::DRAM;shard_spec=std::nullopt;nd_shard_spec=std::nullopt;created_with_nd_shard_spec=0)'; 'pad_value': '-inf'},,110,110,,93536963911,93537051409,87498,7624095596053,7624095599622,3427021,3427021,2644,2075,2075,,,,553,2059,1769,,,,,,,,,1[1],8[8],32[1],32[1],TILE,FLOAT32,DEV_1_DRAM_INTERLEAVED,,,,,,,,,,,,,,,,,,,,,,,,,,,,,,,,,,,,,,,,,,,,,,,,,,,,,,,,,,,,,,,,1[1],1[1],32[8],32[1],TILE,FLOAT32,DEV_1_DRAM_INTERLEAVED,,,,,,,,,,,,,,,,,[],[],['ttnn/cpp/ttnn/operations/data_movement/transpose/device/kernels/dataflow/writer_unary_transpose_hc_interleaved_tiled_padding_aware.cpp'; 'ttnn/cpp/ttnn/operations/data_movement/transpose/device/kernels/dataflow/reader_unary_transpose_hc_interleaved_tiled_padding_aware.cpp'],['writer_unary_transpose_hc_interleaved_tiled_padding_aware/9389716217292500328/'; 'reader_unary_transpose_hc_interleaved_tiled_padding_aware/18817116345919172/'],14337646928815044766,False,1092,1012,0,0,0,0,0,0,0,610,610,59,[53.71803283691406],[6.714754104614258],29.398,,,,,
ReduceDeviceOperation,tt_dnn_device,128000,0,blackhole,{'compute_kernel_config': 'ComputeKernelConfig(math_fidelity=HiFi4;math_approx_mode=0;fp32_dest_acc_en=1;packer_l1_acc=0;dst_full_sync_en=0;throttle_level=ThrottleLevel::NO_THROTTLE)'; 'dim': 'ReduceOpDim::H'; 'math_op': 'ReduceOpMath::MAX'; 'negate': 'false'; 'output_dtype': 'DataType::FLOAT32'; 'output_mem_config': 'MemoryConfig(memory_layout=TensorMemoryLayout::INTERLEAVED;buffer_type=BufferType::DRAM;shard_spec=std::nullopt;nd_shard_spec=std::nullopt;created_with_nd_shard_spec=0)'; 'scaler': '1'; 'sub_core_grids': 'std::nullopt'},HiFi4,1,110,,93541158900,93541236208,77308,7624101253800,7624101256160,4187550,4187550,1748,1230,1230,,,,59,1171,754,785,96,224,,,,,,1[1],1[1],32[8],32[1],TILE,FLOAT32,DEV_1_DRAM_INTERLEAVED,,,,,,,,,,,,,,,,,,,,,,,,,,,,,,,,,,,,,,,,,,,,,,,,,,,,,,,,,,,,,,,,1[1],1[1],32[1],32[1],TILE,FLOAT32,DEV_1_DRAM_INTERLEAVED,,,,,,,,,,,,,,,,,['ttnn/cpp/ttnn/operations/reduction/generic/device/kernels/compute/reduce_h.cpp'],['reduce_h/14188229054242822864/'],['ttnn/cpp/ttnn/operations/eltwise/unary/device/kernels/dataflow/writer_unary_interleaved_start_id.cpp'; 'ttnn/cpp/ttnn/operations/reduction/generic/device/kernels/dataflow/reader_unary_transpose_wh_universal_input_cols_partitioned.cpp'],['writer_unary_interleaved_start_id/11046027572020512892/'; 'reader_unary_transpose_wh_universal_input_cols_partitioned/7891319267957717106/'],10112274478059562068,False,1000,932,1132,672,1168,0,0,0,0,1,1,1,[],[],0.081,,,,,
TransposeDeviceOperation,tt_dnn_device,129024,0,blackhole,{'dim': 'TransposeOpDim::HC'; 'output_mem_config': 'MemoryConfig(memory_layout=TensorMemoryLayout::INTERLEAVED;buffer_type=BufferType::DRAM;shard_spec=std::nullopt;nd_shard_spec=std::nullopt;created_with_nd_shard_spec=0)'; 'pad_value': '-inf'},,110,110,,93543925598,93544018897,93299,7624104993703,7624104997164,2768792,2768792,2564,2022,2022,,,,545,2008,1609,,,,,,,,,1[1],1[1],32[1],32[1],TILE,FLOAT32,DEV_1_DRAM_INTERLEAVED,,,,,,,,,,,,,,,,,,,,,,,,,,,,,,,,,,,,,,,,,,,,,,,,,,,,,,,,,,,,,,,,1[1],1[1],32[1],32[1],TILE,FLOAT32,DEV_1_DRAM_INTERLEAVED,,,,,,,,,,,,,,,,,[],[],['ttnn/cpp/ttnn/operations/data_movement/transpose/device/kernels/dataflow/writer_unary_transpose_hc_interleaved_tiled_padding_aware.cpp'; 'ttnn/cpp/ttnn/operations/data_movement/transpose/device/kernels/dataflow/reader_unary_transpose_hc_interleaved_tiled_padding_aware.cpp'],['writer_unary_transpose_hc_interleaved_tiled_padding_aware/16073141507428410675/'; 'reader_unary_transpose_hc_interleaved_tiled_padding_aware/18817116345919172/'],14337646928815072141,False,1064,1012,0,0,0,0,0,0,0,538,538,7,[7.613382816314697],[7.613382816314697],26.607,,,,,
PermuteDeviceOperation,tt_dnn_device,130048,0,blackhole,{'dims': '{2; 1; 0; 3}'; 'output_mem_config': 'MemoryConfig(memory_layout=TensorMemoryLayout::INTERLEAVED;buffer_type=BufferType::DRAM;shard_spec=std::nullopt;nd_shard_spec=std::nullopt;created_with_nd_shard_spec=0)'; 'pad_value': '-inf'},,1,110,,93546871951,93546955271,83320,7624108965451,7624108969785,2940477,2940477,3210,2676,2676,,,,10,2666,596,,,,,,,,,1[1],1[1],32[1],32[1],TILE,FLOAT32,DEV_1_DRAM_INTERLEAVED,,,,,,,,,,,,,,,,,,,,,,,,,,,,,,,,,,,,,,,,,,,,,,,,,,,,,,,,,,,,,,,,1[1],1[1],32[1],32[1],TILE,FLOAT32,DEV_1_DRAM_INTERLEAVED,,,,,,,,,,,,,,,,,[],[],['ttnn/cpp/ttnn/operations/data_movement/permute/device/kernels/dataflow/writer_permute_interleaved_tiled_row_invariant.cpp'; 'ttnn/cpp/ttnn/operations/data_movement/transpose/device/kernels/dataflow/reader_unary_transpose_hc_interleaved_tiled_padding_aware.cpp'],['writer_permute_interleaved_tiled_row_invariant/10153863573293268065/'; 'reader_unary_transpose_hc_interleaved_tiled_padding_aware/15585265642199976774/'],2818190401539083759,False,1856,1012,0,0,0,0,0,0,0,538,538,7,[7.613382816314697],[7.613382816314697],20.105,,,,,
ReduceDeviceOperation,tt_dnn_device,131072,0,blackhole,{'compute_kernel_config': 'ComputeKernelConfig(math_fidelity=HiFi4;math_approx_mode=0;fp32_dest_acc_en=1;packer_l1_acc=0;dst_full_sync_en=0;throttle_level=ThrottleLevel::NO_THROTTLE)'; 'dim': 'ReduceOpDim::H'; 'math_op': 'ReduceOpMath::MAX'; 'negate': 'false'; 'output_dtype': 'DataType::FLOAT32'; 'output_mem_config': 'MemoryConfig(memory_layout=TensorMemoryLayout::INTERLEAVED;buffer_type=BufferType::DRAM;shard_spec=std::nullopt;nd_shard_spec=std::nullopt;created_with_nd_shard_spec=0)'; 'scaler': '1'; 'sub_core_grids': 'std::nullopt'},HiFi4,1,110,,93546989206,93547055854,66648,7624109126213,7624109128606,116376,116376,1773,1250,1250,,,,66,1184,773,820,112,208,,,,,,1[1],1[1],32[1],32[1],TILE,FLOAT32,DEV_1_DRAM_INTERLEAVED,,,,,,,,,,,,,,,,,,,,,,,,,,,,,,,,,,,,,,,,,,,,,,,,,,,,,,,,,,,,,,,,1[1],1[1],32[1],32[1],TILE,FLOAT32,DEV_1_DRAM_INTERLEAVED,,,,,,,,,,,,,,,,,['ttnn/cpp/ttnn/operations/reduction/generic/device/kernels/compute/reduce_h.cpp'],['reduce_h/14188229054242822864/'],['ttnn/cpp/ttnn/operations/eltwise/unary/device/kernels/dataflow/writer_unary_interleaved_start_id.cpp'; 'ttnn/cpp/ttnn/operations/reduction/generic/device/kernels/dataflow/reader_unary_transpose_wh_universal_input_cols_partitioned.cpp'],['writer_unary_interleaved_start_id/11046027572020512892/'; 'reader_unary_transpose_wh_universal_input_cols_partitioned/7891319267957717106/'],10112274478059562068,True,1000,932,1132,672,1168,0,0,0,0,1,1,1,[],[],0.08,,,,,
PermuteDeviceOperation,tt_dnn_device,132096,0,blackhole,{'dims': '{2; 1; 0; 3}'; 'output_mem_config': 'MemoryConfig(memory_layout=TensorMemoryLayout::INTERLEAVED;buffer_type=BufferType::DRAM;shard_spec=std::nullopt;nd_shard_spec=std::nullopt;created_with_nd_shard_spec=0)'; 'pad_value': '-inf'},,1,110,,93547084880,93547137291,52411,7624109255181,7624109259555,94291,94291,3240,2704,2704,,,,35,2669,611,,,,,,,,,1[1],1[1],32[1],32[1],TILE,FLOAT32,DEV_1_DRAM_INTERLEAVED,,,,,,,,,,,,,,,,,,,,,,,,,,,,,,,,,,,,,,,,,,,,,,,,,,,,,,,,,,,,,,,,1[1],1[1],32[1],32[1],TILE,FLOAT32,DEV_1_DRAM_INTERLEAVED,,,,,,,,,,,,,,,,,[],[],['ttnn/cpp/ttnn/operations/data_movement/permute/device/kernels/dataflow/writer_permute_interleaved_tiled_row_invariant.cpp'; 'ttnn/cpp/ttnn/operations/data_movement/transpose/device/kernels/dataflow/reader_unary_transpose_hc_interleaved_tiled_padding_aware.cpp'],['writer_permute_interleaved_tiled_row_invariant/10153863573293268065/'; 'reader_unary_transpose_hc_interleaved_tiled_padding_aware/15585265642199976774/'],2818190401539083759,True,1856,1012,0,0,0,0,0,0,0,538,538,7,[7.613382816314697],[7.613382816314697],19.896,,,,,
UnaryNgDeviceOperation,tt_dnn_device,133120,0,blackhole,{'bfp8_pack_precise': 'false'; 'fp32_dest_acc_en': 'true'; 'memory_config': 'MemoryConfig(memory_layout=TensorMemoryLayout::INTERLEAVED;buffer_type=BufferType::DRAM;shard_spec=std::nullopt;nd_shard_spec=std::nullopt;created_with_nd_shard_spec=0)'; 'op_chain': '{BasicUnaryWithParam<float; int; unsigned int>(base=BasicUnaryWithParam<float>(op_type=UnaryOpType::ABS;param={}))}'; 'output_dtype': 'DataType::FLOAT32'; 'preserve_fp32_precision': 'true'; 'sub_core_grids': 'std::nullopt'; 'worker_grid': '{[(x=0;y=0) - (x=10;y=9)]}'},HiFi4,110,110,,93547227103,93547300574,73471,7624109452991,7624109474631,143828,143826,16030,15506,15505,,,,567,15447,11040,14663,14741,15096,,,,,,1[1],8[8],288[288],288[288],TILE,FLOAT32,DEV_1_DRAM_INTERLEAVED,,,,,,,,,,,,,,,,,,,,,,,,,,,,,,,,,,,,,,,,,,,,,,,,,,,,,,,,,,,,,,,,1[1],8[8],288[288],288[288],TILE,FLOAT32,DEV_1_DRAM_INTERLEAVED,,,,,,,,,,,,,,,,,['ttnn/cpp/ttnn/operations/eltwise/unary_ng/device/kernels/compute/eltwise_sfpu.cpp'],['eltwise_sfpu/12126708680960502962/'],['ttnn/cpp/ttnn/operations/eltwise/unary_ng/device/kernels/dataflow/writer_unary_ng.cpp'; 'ttnn/cpp/ttnn/operations/eltwise/unary_ng/device/kernels/dataflow/reader_unary_ng.cpp'],['writer_unary_ng/11946944830141593233/'; 'reader_unary_ng/16384993297340005514/'],14631556711274172741,True,1000,928,1420,896,1260,0,0,0,0,1,1,1,[],[],0.006,,,,,
ReduceDeviceOperation,tt_dnn_device,134144,0,blackhole,{'compute_kernel_config': 'ComputeKernelConfig(math_fidelity=HiFi4;math_approx_mode=0;fp32_dest_acc_en=1;packer_l1_acc=0;dst_full_sync_en=0;throttle_level=ThrottleLevel::NO_THROTTLE)'; 'dim': 'ReduceOpDim::W'; 'math_op': 'ReduceOpMath::MAX'; 'negate': 'false'; 'output_dtype': 'DataType::FLOAT32'; 'output_mem_config': 'MemoryConfig(memory_layout=TensorMemoryLayout::INTERLEAVED;buffer_type=BufferType::DRAM;shard_spec=std::nullopt;nd_shard_spec=std::nullopt;created_with_nd_shard_spec=0)'; 'scaler': '1'; 'sub_core_grids': 'std::nullopt'},HiFi4,72,110,,93547331483,93547385767,54284,7624109593425,7624109608617,88941,88941,11253,10307,10307,,,,556,10305,9724,9747,9762,755,,,,,,1[1],8[8],288[288],288[288],TILE,FLOAT32,DEV_1_DRAM_INTERLEAVED,,,,,,,,,,,,,,,,,,,,,,,,,,,,,,,,,,,,,,,,,,,,,,,,,,,,,,,,,,,,,,,,1[1],8[8],288[288],32[1],TILE,FLOAT32,DEV_1_DRAM_INTERLEAVED,,,,,,,,,,,,,,,,,['ttnn/cpp/ttnn/operations/reduction/generic/device/kernels/compute/reduce_w.cpp'],['reduce_w/7377275767001527157/'],['ttnn/cpp/ttnn/operations/eltwise/unary/device/kernels/dataflow/writer_unary_interleaved_start_id.cpp'; 'ttnn/cpp/ttnn/operations/reduction/generic/device/kernels/dataflow/reader_unary_reduce_universal_start_id.cpp'],['writer_unary_interleaved_start_id/10757693452745113454/'; 'reader_unary_reduce_universal_start_id/7696484559506021702/'],6741529871893567688,True,1000,884,1168,760,1168,0,0,0,0,1,1,1,[],[],0.01,,,,,
ReduceDeviceOperation,tt_dnn_device,135168,0,blackhole,{'compute_kernel_config': 'ComputeKernelConfig(math_fidelity=HiFi4;math_approx_mode=0;fp32_dest_acc_en=1;packer_l1_acc=0;dst_full_sync_en=0;throttle_level=ThrottleLevel::NO_THROTTLE)'; 'dim': 'ReduceOpDim::H'; 'math_op': 'ReduceOpMath::MAX'; 'negate': 'false'; 'output_dtype': 'DataType::FLOAT32'; 'output_mem_config': 'MemoryConfig(memory_layout=TensorMemoryLayout::INTERLEAVED;buffer_type=BufferType::DRAM;shard_spec=std::nullopt;nd_shard_spec=std::nullopt;created_with_nd_shard_spec=0)'; 'scaler': '1'; 'sub_core_grids': 'std::nullopt'},HiFi4,8,110,,93547402439,93547449329,46890,7624109684715,7624109692667,56971,56969,5890,5289,5288,,,,87,5288,4781,4824,3894,293,,,,,,1[1],8[8],288[288],32[1],TILE,FLOAT32,DEV_1_DRAM_INTERLEAVED,,,,,,,,,,,,,,,,,,,,,,,,,,,,,,,,,,,,,,,,,,,,,,,,,,,,,,,,,,,,,,,,1[1],8[8],32[1],32[1],TILE,FLOAT32,DEV_1_DRAM_INTERLEAVED,,,,,,,,,,,,,,,,,['ttnn/cpp/ttnn/operations/reduction/generic/device/kernels/compute/reduce_h.cpp'],['reduce_h/16603860791444939960/'],['ttnn/cpp/ttnn/operations/eltwise/unary/device/kernels/dataflow/writer_unary_interleaved_start_id.cpp'; 'ttnn/cpp/ttnn/operations/reduction/generic/device/kernels/dataflow/reader_unary_transpose_wh_universal_input_cols_partitioned.cpp'],['writer_unary_interleaved_start_id/11046027572020512892/'; 'reader_unary_transpose_wh_universal_input_cols_partitioned/5045501290562950722/'],10112274478059574585,True,1000,1064,1164,1020,1168,0,0,0,0,1,1,1,[],[],0.019,,,,,
TransposeDeviceOperation,tt_dnn_device,136192,0,blackhole,{'dim': 'TransposeOpDim::HC'; 'output_mem_config': 'MemoryConfig(memory_layout=TensorMemoryLayout::INTERLEAVED;buffer_type=BufferType::DRAM;shard_spec=std::nullopt;nd_shard_spec=std::nullopt;created_with_nd_shard_spec=0)'; 'pad_value': '-inf'},,110,110,,93547476551,93547534062,57511,7624109789509,7624109793054,72267,72267,2626,2073,2073,,,,544,2059,1746,,,,,,,,,1[1],8[8],32[1],32[1],TILE,FLOAT32,DEV_1_DRAM_INTERLEAVED,,,,,,,,,,,,,,,,,,,,,,,,,,,,,,,,,,,,,,,,,,,,,,,,,,,,,,,,,,,,,,,,1[1],1[1],32[8],32[1],TILE,FLOAT32,DEV_1_DRAM_INTERLEAVED,,,,,,,,,,,,,,,,,[],[],['ttnn/cpp/ttnn/operations/data_movement/transpose/device/kernels/dataflow/writer_unary_transpose_hc_interleaved_tiled_padding_aware.cpp'; 'ttnn/cpp/ttnn/operations/data_movement/transpose/device/kernels/dataflow/reader_unary_transpose_hc_interleaved_tiled_padding_aware.cpp'],['writer_unary_transpose_hc_interleaved_tiled_padding_aware/9389716217292500328/'; 'reader_unary_transpose_hc_interleaved_tiled_padding_aware/18817116345919172/'],14337646928815044766,True,1092,1012,0,0,0,0,0,0,0,610,610,59,[53.71803283691406],[6.714754104614258],29.426,,,,,
ReduceDeviceOperation,tt_dnn_device,137216,0,blackhole,{'compute_kernel_config': 'ComputeKernelConfig(math_fidelity=HiFi4;math_approx_mode=0;fp32_dest_acc_en=1;packer_l1_acc=0;dst_full_sync_en=0;throttle_level=ThrottleLevel::NO_THROTTLE)'; 'dim': 'ReduceOpDim::H'; 'math_op': 'ReduceOpMath::MAX'; 'negate': 'false'; 'output_dtype': 'DataType::FLOAT32'; 'output_mem_config': 'MemoryConfig(memory_layout=TensorMemoryLayout::INTERLEAVED;buffer_type=BufferType::DRAM;shard_spec=std::nullopt;nd_shard_spec=std::nullopt;created_with_nd_shard_spec=0)'; 'scaler': '1'; 'sub_core_grids': 'std::nullopt'},HiFi4,1,110,,93547545123,93547588616,43493,7624109878118,7624109880520,63566,63566,1779,1250,1250,,,,54,1196,776,812,99,213,,,,,,1[1],1[1],32[8],32[1],TILE,FLOAT32,DEV_1_DRAM_INTERLEAVED,,,,,,,,,,,,,,,,,,,,,,,,,,,,,,,,,,,,,,,,,,,,,,,,,,,,,,,,,,,,,,,,1[1],1[1],32[1],32[1],TILE,FLOAT32,DEV_1_DRAM_INTERLEAVED,,,,,,,,,,,,,,,,,['ttnn/cpp/ttnn/operations/reduction/generic/device/kernels/compute/reduce_h.cpp'],['reduce_h/14188229054242822864/'],['ttnn/cpp/ttnn/operations/eltwise/unary/device/kernels/dataflow/writer_unary_interleaved_start_id.cpp'; 'ttnn/cpp/ttnn/operations/reduction/generic/device/kernels/dataflow/reader_unary_transpose_wh_universal_input_cols_partitioned.cpp'],['writer_unary_interleaved_start_id/11046027572020512892/'; 'reader_unary_transpose_wh_universal_input_cols_partitioned/7891319267957717106/'],10112274478059562068,True,1000,932,1132,672,1168,0,0,0,0,1,1,1,[],[],0.08,,,,,
TransposeDeviceOperation,tt_dnn_device,138240,0,blackhole,{'dim': 'TransposeOpDim::HC'; 'output_mem_config': 'MemoryConfig(memory_layout=TensorMemoryLayout::INTERLEAVED;buffer_type=BufferType::DRAM;shard_spec=std::nullopt;nd_shard_spec=std::nullopt;created_with_nd_shard_spec=0)'; 'pad_value': '-inf'},,110,110,,93547604878,93547647489,42611,7624109963269,7624109966713,61833,61833,2551,2020,2020,,,,554,2007,1608,,,,,,,,,1[1],1[1],32[1],32[1],TILE,FLOAT32,DEV_1_DRAM_INTERLEAVED,,,,,,,,,,,,,,,,,,,,,,,,,,,,,,,,,,,,,,,,,,,,,,,,,,,,,,,,,,,,,,,,1[1],1[1],32[1],32[1],TILE,FLOAT32,DEV_1_DRAM_INTERLEAVED,,,,,,,,,,,,,,,,,[],[],['ttnn/cpp/ttnn/operations/data_movement/transpose/device/kernels/dataflow/writer_unary_transpose_hc_interleaved_tiled_padding_aware.cpp'; 'ttnn/cpp/ttnn/operations/data_movement/transpose/device/kernels/dataflow/reader_unary_transpose_hc_interleaved_tiled_padding_aware.cpp'],['writer_unary_transpose_hc_interleaved_tiled_padding_aware/16073141507428410675/'; 'reader_unary_transpose_hc_interleaved_tiled_padding_aware/18817116345919172/'],14337646928815072141,True,1064,1012,0,0,0,0,0,0,0,538,538,7,[7.613382816314697],[7.613382816314697],26.634,,,,,
PermuteDeviceOperation,tt_dnn_device,139264,0,blackhole,{'dims': '{2; 1; 0; 3}'; 'output_mem_config': 'MemoryConfig(memory_layout=TensorMemoryLayout::INTERLEAVED;buffer_type=BufferType::DRAM;shard_spec=std::nullopt;nd_shard_spec=std::nullopt;created_with_nd_shard_spec=0)'; 'pad_value': '-inf'},,1,110,,93547659002,93547704008,45006,7624110030838,7624110035156,48006,48006,3199,2680,2680,,,,35,2645,591,,,,,,,,,1[1],1[1],32[1],32[1],TILE,FLOAT32,DEV_1_DRAM_INTERLEAVED,,,,,,,,,,,,,,,,,,,,,,,,,,,,,,,,,,,,,,,,,,,,,,,,,,,,,,,,,,,,,,,,1[1],1[1],32[1],32[1],TILE,FLOAT32,DEV_1_DRAM_INTERLEAVED,,,,,,,,,,,,,,,,,[],[],['ttnn/cpp/ttnn/operations/data_movement/permute/device/kernels/dataflow/writer_permute_interleaved_tiled_row_invariant.cpp'; 'ttnn/cpp/ttnn/operations/data_movement/transpose/device/kernels/dataflow/reader_unary_transpose_hc_interleaved_tiled_padding_aware.cpp'],['writer_permute_interleaved_tiled_row_invariant/10153863573293268065/'; 'reader_unary_transpose_hc_interleaved_tiled_padding_aware/15585265642199976774/'],2818190401539083759,True,1856,1012,0,0,0,0,0,0,0,538,538,7,[7.613382816314697],[7.613382816314697],20.075,,,,,
ReduceDeviceOperation,tt_dnn_device,140288,0,blackhole,{'compute_kernel_config': 'ComputeKernelConfig(math_fidelity=HiFi4;math_approx_mode=0;fp32_dest_acc_en=1;packer_l1_acc=0;dst_full_sync_en=0;throttle_level=ThrottleLevel::NO_THROTTLE)'; 'dim': 'ReduceOpDim::H'; 'math_op': 'ReduceOpMath::MAX'; 'negate': 'false'; 'output_dtype': 'DataType::FLOAT32'; 'output_mem_config': 'MemoryConfig(memory_layout=TensorMemoryLayout::INTERLEAVED;buffer_type=BufferType::DRAM;shard_spec=std::nullopt;nd_shard_spec=std::nullopt;created_with_nd_shard_spec=0)'; 'scaler': '1'; 'sub_core_grids': 'std::nullopt'},HiFi4,1,110,,93547713566,93547753212,39646,7624110105146,7624110107492,52349,52381,1738,1236,1236,,,,69,1167,763,801,99,209,,,,,,1[1],1[1],32[1],32[1],TILE,FLOAT32,DEV_1_DRAM_INTERLEAVED,,,,,,,,,,,,,,,,,,,,,,,,,,,,,,,,,,,,,,,,,,,,,,,,,,,,,,,,,,,,,,,,1[1],1[1],32[1],32[1],TILE,FLOAT32,DEV_1_DRAM_INTERLEAVED,,,,,,,,,,,,,,,,,['ttnn/cpp/ttnn/operations/reduction/generic/device/kernels/compute/reduce_h.cpp'],['reduce_h/14188229054242822864/'],['ttnn/cpp/ttnn/operations/eltwise/unary/device/kernels/dataflow/writer_unary_interleaved_start_id.cpp'; 'ttnn/cpp/ttnn/operations/reduction/generic/device/kernels/dataflow/reader_unary_transpose_wh_universal_input_cols_partitioned.cpp'],['writer_unary_interleaved_start_id/11046027572020512892/'; 'reader_unary_transpose_wh_universal_input_cols_partitioned/7891319267957717106/'],10112274478059562068,True,1000,932,1132,672,1168,0,0,0,0,1,1,1,[],[],0.081,,,,,
PermuteDeviceOperation,tt_dnn_device,141312,0,blackhole,{'dims': '{2; 1; 0; 3}'; 'output_mem_config': 'MemoryConfig(memory_layout=TensorMemoryLayout::INTERLEAVED;buffer_type=BufferType::DRAM;shard_spec=std::nullopt;nd_shard_spec=std::nullopt;created_with_nd_shard_spec=0)'; 'pad_value': '-inf'},,1,110,,93547762721,93547797267,34546,7624110171166,7624110175531,47694,47694,3233,2685,2685,,,,1,2684,600,,,,,,,,,1[1],1[1],32[1],32[1],TILE,FLOAT32,DEV_1_DRAM_INTERLEAVED,,,,,,,,,,,,,,,,,,,,,,,,,,,,,,,,,,,,,,,,,,,,,,,,,,,,,,,,,,,,,,,,1[1],1[1],32[1],32[1],TILE,FLOAT32,DEV_1_DRAM_INTERLEAVED,,,,,,,,,,,,,,,,,[],[],['ttnn/cpp/ttnn/operations/data_movement/permute/device/kernels/dataflow/writer_permute_interleaved_tiled_row_invariant.cpp'; 'ttnn/cpp/ttnn/operations/data_movement/transpose/device/kernels/dataflow/reader_unary_transpose_hc_interleaved_tiled_padding_aware.cpp'],['writer_permute_interleaved_tiled_row_invariant/10153863573293268065/'; 'reader_unary_transpose_hc_interleaved_tiled_padding_aware/15585265642199976774/'],2818190401539083759,True,1856,1012,0,0,0,0,0,0,0,538,538,7,[7.613382816314697],[7.613382816314697],20.037,,,,,
BinaryNgDeviceOperation,tt_dnn_device,142336,0,blackhole,{'binary_op_type': 'BinaryOpType::ADD'; 'compute_kernel_config': 'std::nullopt'; 'dtype': 'DataType::FLOAT32'; 'input_dtype': 'DataType::FLOAT32'; 'is_quant_op': 'false'; 'is_sfpu': 'true'; 'is_where_op': 'false'; 'lhs_activations': '{BasicUnaryWithParam<float; int; unsigned int>(base=BasicUnaryWithParam<float>(op_type=UnaryOpType::MUL_UNARY_SFPU;param={0.176777}))}'; 'memory_config': 'MemoryConfig(memory_layout=TensorMemoryLayout::INTERLEAVED;buffer_type=BufferType::DRAM;shard_spec=std::nullopt;nd_shard_spec=std::nullopt;created_with_nd_shard_spec=0)'; 'post_activations': '{}'; 'rhs_activations': '{}'; 'scalar': 'std::nullopt'; 'sub_core_grids': 'std::nullopt'; 'subtile_broadcast_type': 'SubtileBroadcastType::NONE'; 'worker_grid': '{[(x=0;y=0) - (x=10;y=9)]}'},HiFi4,110,110,,93548234005,93548333035,99030,7624110813869,7624110845947,473393,473396,23761,23217,23214,,,,553,23147,22161,22596,22692,22330,,,,,,1[1],8[8],288[288],288[288],TILE,FLOAT32,DEV_1_DRAM_INTERLEAVED,1[1],8[8],288[288],288[288],TILE,FLOAT32,DEV_1_DRAM_INTERLEAVED,,,,,,,,,,,,,,,,,,,,,,,,,,,,,,,,,,,,,,,,,,,,,,,,,,,,,,,,,1[1],8[8],288[288],288[288],TILE,FLOAT32,DEV_1_DRAM_INTERLEAVED,,,,,,,,,,,,,,,,,['ttnn/cpp/ttnn/operations/eltwise/binary_ng/device/kernels/compute/eltwise_binary_sfpu_no_bcast.cpp'],['eltwise_binary_sfpu_no_bcast/14546352100034836009/'],['ttnn/cpp/ttnn/operations/eltwise/binary_ng/device/kernels_ng/dataflow/reader_interleaved_no_bcast.cpp'; 'ttnn/cpp/ttnn/operations/eltwise/binary_ng/device/kernels_ng/dataflow/writer_interleaved_no_bcast.cpp'],['reader_interleaved_no_bcast/4062015061431556712/'; 'writer_interleaved_no_bcast/15687401595948906457/'],13275960590458526551,True,1108,1652,2504,1824,1556,0,0,0,0,1,1,1,[],[],0.004,,,,,
SoftmaxDeviceOperation,tt_dnn_device,143360,0,blackhole,{'compute_kernel_config': 'ComputeKernelConfig(math_fidelity=HiFi4;math_approx_mode=0;fp32_dest_acc_en=1;packer_l1_acc=1;dst_full_sync_en=0;throttle_level=ThrottleLevel::NO_THROTTLE)'; 'dim': '3'; 'inplace': 'false'; 'is_causal_mask': 'false'; 'is_scale_causal_mask_hw_dims_softmax': 'false'; 'numeric_stable': 'true'; 'output_mem_config': 'MemoryConfig(memory_layout=TensorMemoryLayout::INTERLEAVED;buffer_type=BufferType::DRAM;shard_spec=std::nullopt;nd_shard_spec=std::nullopt;created_with_nd_shard_spec=0)'; 'program_config': 'SoftmaxDefaultProgramConfig()'; 'scale': 'std::nullopt'; 'softmax_type': 'SoftmaxOperationType::Softmax'},HiFi4,110,110,,93553533833,93553609769,75936,7624117967824,7624118015393,5275953,5276034,35236,34687,34651,,,,578,34560,7499,26889,26974,33446,,,,,,1[1],8[8],288[288],288[288],TILE,FLOAT32,DEV_1_DRAM_INTERLEAVED,,,,,,,,,,,,,,,,,,,,,,,,,,,,,,,,,,,,,,,,,,,,,,,,,,,,,,,,,,,,,,,,1[1],8[8],288[288],288[288],TILE,FLOAT32,DEV_1_DRAM_INTERLEAVED,,,,,,,,,,,,,,,,,['ttnn/cpp/ttnn/operations/normalization/softmax/device/kernels/attention/compute/softmax.cpp'],['softmax/6083361266339700009/'],['ttnn/cpp/ttnn/operations/normalization/softmax/device/kernels/attention/dataflow/writer_unary_interleaved_start_id_blocked_sm.cpp'; 'ttnn/cpp/ttnn/operations/normalization/softmax/device/kernels/attention/dataflow/reader_unary_interleaved_sm.cpp'],['writer_unary_interleaved_start_id_blocked_sm/4285437211829840113/'; 'reader_unary_interleaved_sm/3032302961551347615/'],8498045760153638529,False,840,1032,5088,4248,3420,0,0,0,0,16047,16047,4827,[165.40213012695312],[165.40213012695312],46.262,,,,,
TypecastDeviceOperation,tt_dnn_device,144384,0,blackhole,{'bfp8_pack_precise': 'false'; 'fp32_dest_acc_en': 'true'; 'input_dtype': 'DataType::FLOAT32'; 'output_dtype': 'DataType::BFLOAT16'; 'output_memory_config': 'MemoryConfig(memory_layout=TensorMemoryLayout::INTERLEAVED;buffer_type=BufferType::DRAM;shard_spec=std::nullopt;nd_shard_spec=std::nullopt;created_with_nd_shard_spec=0)'; 'preserve_fp32_precision': 'true'; 'sub_core_grids': 'std::nullopt'},HiFi4,110,110,,93560398765,93560457347,58582,7624127234901,7624127253522,6831522,6831186,13793,11773,11765,,,,559,11759,11242,11312,11427,9730,,,,,,1[1],8[8],288[288],288[288],TILE,FLOAT32,DEV_1_DRAM_INTERLEAVED,,,,,,,,,,,,,,,,,,,,,,,,,,,,,,,,,,,,,,,,,,,,,,,,,,,,,,,,,,,,,,,,1[1],8[8],288[288],288[288],TILE,BFLOAT16,DEV_1_DRAM_INTERLEAVED,,,,,,,,,,,,,,,,,['ttnn/cpp/ttnn/operations/copy/typecast/device/kernels/compute/eltwise_typecast.cpp'],['eltwise_typecast/5014317627408711170/'],['ttnn/cpp/ttnn/operations/eltwise/unary/device/kernels/dataflow/writer_unary_interleaved_start_id.cpp'; 'ttnn/cpp/ttnn/operations/eltwise/unary/device/kernels/dataflow/reader_unary_interleaved_start_id.cpp'],['writer_unary_interleaved_start_id/15487931821133672948/'; 'reader_unary_interleaved_start_id/8137388031877499190/'],4060195799957936049,False,1000,928,1400,1116,1272,0,0,0,0,1,1,1,[],[],0.008,,,,,
MatmulDeviceOperation,tt_dnn_device,145408,0,blackhole,{'bcast_batch': 'false'; 'compute_kernel_config': 'ComputeKernelConfig(math_fidelity=HiFi4;math_approx_mode=0;fp32_dest_acc_en=1;packer_l1_acc=1;dst_full_sync_en=0;throttle_level=ThrottleLevel::NO_THROTTLE)'; 'global_cb': 'std::nullopt'; 'output_dtype': 'DataType::BFLOAT16'; 'output_mem_config': 'MemoryConfig(memory_layout=TensorMemoryLayout::INTERLEAVED;buffer_type=BufferType::DRAM;shard_spec=std::nullopt;nd_shard_spec=std::nullopt;created_with_nd_shard_spec=0)'; 'output_tile': 'Tile(tile_shape={32; 32};face_shape={16; 16};num_faces=4)'; 'program_config': 'MatmulMultiCoreReuseProgramConfig(compute_with_storage_grid_size=(x=8;y=8);in0_block_w=1;out_subblock_h=3;out_subblock_w=1;per_core_M=9;per_core_N=1)'; 'sub_device_id': 'std::nullopt'; 'transpose_a': 'false'; 'transpose_b': 'false'; 'untilize_out': 'false'; 'user_core_coord': '(x=8;y=8)'; 'user_fused_activation': 'std::nullopt'; 'user_run_batched': 'true'},HiFi4,8,110,,93565634170,93565750193,116023,7624134294737,7624134314841,5216430,5216316,14892,14307,14300,,,,84,14292,12501,13284,13341,13565,,,,,,1[1],8[8],288[288],288[288],TILE,BFLOAT16,DEV_1_DRAM_INTERLEAVED,1[1],8[8],288[288],32[32],TILE,BFLOAT16,DEV_1_DRAM_INTERLEAVED,,,,,,,,,,,,,,,,,,,,,,,,,,,,,,,,,,,,,,,,,,,,,,,,,,,,,,,,,1[1],8[8],288[288],32[32],TILE,BFLOAT16,DEV_1_DRAM_INTERLEAVED,,,,,,,,,,,,,,,,,['ttnn/cpp/ttnn/operations/matmul/device/kernels/compute/bmm_large_block_zm_fused_bias_activation.cpp'],['bmm_large_block_zm_fused_bias_activation/14247514301267054224/'],['ttnn/cpp/ttnn/operations/matmul/device/kernels/dataflow/reader_writer_bmm_tile_layout_in1.cpp'; 'ttnn/cpp/ttnn/operations/matmul/device/kernels/dataflow/reader_bmm_tile_layout_in0.cpp'],['reader_writer_bmm_tile_layout_in1/3363864358764037324/'; 'reader_bmm_tile_layout_in0/14041989064640360959/'],16394115088109621175,False,1036,752,2204,2408,2376,0,0,0,0,2413,280,2413,[549.98095703125; 61.10899353027344],[61.10899353027344],1.957,,,,,
NLPConcatHeadsDeviceOperation,tt_dnn_device,146432,0,blackhole,{'output_mem_config': 'MemoryConfig(memory_layout=TensorMemoryLayout::INTERLEAVED;buffer_type=BufferType::DRAM;shard_spec=std::nullopt;nd_shard_spec=std::nullopt;created_with_nd_shard_spec=0)'},,9,110,,93569106412,93569152210,45798,7624138982490,7624138988712,3458099,3458099,4609,4020,4020,,,,78,4017,3751,,,,,,,,,1[1],8[8],288[288],32[32],TILE,BFLOAT16,DEV_1_DRAM_INTERLEAVED,,,,,,,,,,,,,,,,,,,,,,,,,,,,,,,,,,,,,,,,,,,,,,,,,,,,,,,,,,,,,,,,1[1],1[1],288[288],256[256],TILE,BFLOAT16,DEV_1_DRAM_INTERLEAVED,,,,,,,,,,,,,,,,,[],[],['ttnn/cpp/ttnn/operations/eltwise/unary/device/kernels/dataflow/writer_unary_interleaved_start_id.cpp'; 'ttnn/cpp/ttnn/operations/experimental/transformer/nlp_concat_heads/device/kernels/dataflow/reader_tm_tile_layout_nlp_concat_heads.cpp'],['writer_unary_interleaved_start_id/9607551389675776825/'; 'reader_tm_tile_layout_nlp_concat_heads/1909738144826727770/'],9204059146385914614,False,1000,1016,0,0,0,0,0,0,0,1,1,1,[],[],0.025,,,,,
MatmulDeviceOperation,tt_dnn_device,147456,0,blackhole,{'bcast_batch': 'true'; 'compute_kernel_config': 'ComputeKernelConfig(math_fidelity=HiFi4;math_approx_mode=0;fp32_dest_acc_en=1;packer_l1_acc=1;dst_full_sync_en=0;throttle_level=ThrottleLevel::NO_THROTTLE)'; 'global_cb': 'std::nullopt'; 'output_dtype': 'DataType::BFLOAT16'; 'output_mem_config': 'MemoryConfig(memory_layout=TensorMemoryLayout::INTERLEAVED;buffer_type=BufferType::DRAM;shard_spec=std::nullopt;nd_shard_spec=std::nullopt;created_with_nd_shard_spec=0)'; 'output_tile': 'Tile(tile_shape={32; 32};face_shape={16; 16};num_faces=4)'; 'program_config': 'MatmulMultiCoreReuseMultiCastProgramConfig(compute_with_storage_grid_size=(x=11;y=10);in0_block_w=4;out_subblock_h=1;out_subblock_w=1;out_block_h=1;out_block_w=1;per_core_M=1;per_core_N=1;transpose_mcast=0;fused_activation=std::nullopt;fuse_batch=1)'; 'sub_device_id': 'std::nullopt'; 'transpose_a': 'false'; 'transpose_b': 'false'; 'untilize_out': 'false'; 'user_core_coord': '(x=11;y=10)'; 'user_fused_activation': 'std::nullopt'; 'user_run_batched': 'false'},HiFi4,72,110,,93576850210,93576950652,100442,7624149443229,7624149451304,7746603,7745455,5981,4213,4202,,,,559,4184,3021,3410,3258,3429,,,,,,1[1],1[1],288[288],256[256],TILE,BFLOAT16,DEV_1_DRAM_INTERLEAVED,1[1],1[1],256[256],256[256],TILE,BFLOAT16,DEV_1_DRAM_INTERLEAVED,1[1],1[1],32[1],256[256],TILE,BFLOAT16,DEV_1_DRAM_INTERLEAVED,,,,,,,,,,,,,,,,,,,,,,,,,,,,,,,,,,,,,,,,,,,,,,,,,,1[1],1[1],288[288],256[256],TILE,BFLOAT16,DEV_1_DRAM_INTERLEAVED,,,,,,,,,,,,,,,,,['ttnn/cpp/ttnn/operations/matmul/device/kernels/compute/bmm_large_block_zm_fused_bias_activation.cpp'],['bmm_large_block_zm_fused_bias_activation/3500914672714499483/'],['ttnn/cpp/ttnn/operations/matmul/device/kernels/dataflow/reader_bmm_tile_layout_in0_receiver.cpp'; 'ttnn/cpp/ttnn/operations/matmul/device/kernels/dataflow/reader_bmm_tile_layout_in1_receiver_writer_padding.cpp'; 'ttnn/cpp/ttnn/operations/matmul/device/kernels/dataflow/reader_bmm_tile_layout_in1_sender_writer_padding.cpp'; 'ttnn/cpp/ttnn/operations/matmul/device/kernels/dataflow/reader_bmm_tile_layout_in0_sender_padding.cpp'],['reader_bmm_tile_layout_in0_receiver/7000401374503455926/'; 'reader_bmm_tile_layout_in1_receiver_writer_padding/3182939560542937622/'; 'reader_bmm_tile_layout_in1_sender_writer_padding/5195339064142780160/'; 'reader_bmm_tile_layout_in0_sender_padding/17761131282111667046/'],3176040439755789137,False,2380,1104,2012,1584,2136,0,0,0,0,268,249,268,[550.208984375; 489.0746154785156],[550.208984375],5.91,,,,,
BinaryNgDeviceOperation,tt_dnn_device,148480,0,blackhole,{'binary_op_type': 'BinaryOpType::MUL'; 'compute_kernel_config': 'std::nullopt'; 'dtype': 'DataType::BFLOAT16'; 'input_dtype': 'DataType::BFLOAT16'; 'is_quant_op': 'false'; 'is_sfpu': 'true'; 'is_where_op': 'false'; 'lhs_activations': '{}'; 'memory_config': 'MemoryConfig(memory_layout=TensorMemoryLayout::INTERLEAVED;buffer_type=BufferType::DRAM;shard_spec=std::nullopt;nd_shard_spec=std::nullopt;created_with_nd_shard_spec=0)'; 'post_activations': '{}'; 'rhs_activations': '{BasicUnaryWithParam<float; int; unsigned int>(base=BasicUnaryWithParam<float>(op_type=UnaryOpType::SIGMOID;param={}))}'; 'scalar': 'std::nullopt'; 'sub_core_grids': 'std::nullopt'; 'subtile_broadcast_type': 'SubtileBroadcastType::NONE'; 'worker_grid': '{[(x=0;y=0) - (x=10;y=9)]}'},HiFi4,110,110,,93582106064,93582192390,86326,7624156539672,7624156545725,5250989,5250989,4484,3948,3948,,,,561,3886,1837,2981,3526,2782,,,,,,1[1],1[1],288[288],256[256],TILE,BFLOAT16,DEV_1_DRAM_INTERLEAVED,1[1],1[1],288[288],256[256],TILE,BFLOAT16,DEV_1_DRAM_INTERLEAVED,,,,,,,,,,,,,,,,,,,,,,,,,,,,,,,,,,,,,,,,,,,,,,,,,,,,,,,,,1[1],1[1],288[288],256[256],TILE,BFLOAT16,DEV_1_DRAM_INTERLEAVED,,,,,,,,,,,,,,,,,['ttnn/cpp/ttnn/operations/eltwise/binary_ng/device/kernels/compute/eltwise_binary_sfpu_no_bcast.cpp'],['eltwise_binary_sfpu_no_bcast/16161308948743346830/'],['ttnn/cpp/ttnn/operations/eltwise/binary_ng/device/kernels_ng/dataflow/reader_interleaved_no_bcast.cpp'; 'ttnn/cpp/ttnn/operations/eltwise/binary_ng/device/kernels_ng/dataflow/writer_interleaved_no_bcast.cpp'],['reader_interleaved_no_bcast/5406995968467651208/'; 'writer_interleaved_no_bcast/12304832950705642753/'],1422597016547192474,False,1120,1644,1768,2328,1552,0,0,0,0,1,1,1,[],[],0.025,,,,,
MatmulDeviceOperation,tt_dnn_device,149504,0,blackhole,{'bcast_batch': 'true'; 'compute_kernel_config': 'ComputeKernelConfig(math_fidelity=HiFi4;math_approx_mode=0;fp32_dest_acc_en=1;packer_l1_acc=1;dst_full_sync_en=0;throttle_level=ThrottleLevel::NO_THROTTLE)'; 'global_cb': 'std::nullopt'; 'output_dtype': 'DataType::BFLOAT16'; 'output_mem_config': 'MemoryConfig(memory_layout=TensorMemoryLayout::INTERLEAVED;buffer_type=BufferType::DRAM;shard_spec=std::nullopt;nd_shard_spec=std::nullopt;created_with_nd_shard_spec=0)'; 'output_tile': 'Tile(tile_shape={32; 32};face_shape={16; 16};num_faces=4)'; 'program_config': 'MatmulMultiCoreReuseMultiCastProgramConfig(compute_with_storage_grid_size=(x=11;y=10);in0_block_w=4;out_subblock_h=1;out_subblock_w=1;out_block_h=1;out_block_w=1;per_core_M=1;per_core_N=1;transpose_mcast=0;fused_activation=std::nullopt;fuse_batch=1)'; 'sub_device_id': 'std::nullopt'; 'transpose_a': 'false'; 'transpose_b': 'false'; 'untilize_out': 'false'; 'user_core_coord': '(x=11;y=10)'; 'user_fused_activation': 'std::nullopt'; 'user_run_batched': 'false'},HiFi4,72,110,,93582489420,93582564123,74703,7624157059162,7624157067070,382065,382087,5858,4088,4080,,,,557,4080,3044,3436,3286,3460,,,,,,1[1],1[1],288[288],256[256],TILE,BFLOAT16,DEV_1_DRAM_INTERLEAVED,1[1],1[1],256[256],256[256],TILE,BFLOAT16,DEV_1_DRAM_INTERLEAVED,1[1],1[1],32[1],256[256],TILE,BFLOAT16,DEV_1_DRAM_INTERLEAVED,,,,,,,,,,,,,,,,,,,,,,,,,,,,,,,,,,,,,,,,,,,,,,,,,,1[1],1[1],288[288],256[256],TILE,BFLOAT16,DEV_1_DRAM_INTERLEAVED,,,,,,,,,,,,,,,,,['ttnn/cpp/ttnn/operations/matmul/device/kernels/compute/bmm_large_block_zm_fused_bias_activation.cpp'],['bmm_large_block_zm_fused_bias_activation/3500914672714499483/'],['ttnn/cpp/ttnn/operations/matmul/device/kernels/dataflow/reader_bmm_tile_layout_in0_receiver.cpp'; 'ttnn/cpp/ttnn/operations/matmul/device/kernels/dataflow/reader_bmm_tile_layout_in1_receiver_writer_padding.cpp'; 'ttnn/cpp/ttnn/operations/matmul/device/kernels/dataflow/reader_bmm_tile_layout_in1_sender_writer_padding.cpp'; 'ttnn/cpp/ttnn/operations/matmul/device/kernels/dataflow/reader_bmm_tile_layout_in0_sender_padding.cpp'],['reader_bmm_tile_layout_in0_receiver/7000401374503455926/'; 'reader_bmm_tile_layout_in1_receiver_writer_padding/3182939560542937622/'; 'reader_bmm_tile_layout_in1_sender_writer_padding/5195339064142780160/'; 'reader_bmm_tile_layout_in0_sender_padding/17761131282111667046/'],3176040439755789137,True,2380,1104,2012,1584,2136,0,0,0,0,268,249,268,[550.208984375; 489.0746154785156],[550.208984375],6.091,,,,,
GenericOpDeviceOperation,tt_dnn_device,150528,0,blackhole,{'num_mesh_programs': '1'},HiFi4,72,110,,93588318904,93588379891,60987,7624164925138,7624164930092,5822395,5820734,3670,2724,2721,,,,577,2721,1688,1866,2359,799,,,,,,1[1],1[1],288[288],256[256],TILE,BFLOAT16,DEV_1_DRAM_INTERLEAVED,1[1],1[1],288[288],256[256],TILE,BFLOAT16,DEV_1_DRAM_INTERLEAVED,1[1],1[1],288[288],256[256],TILE,BFLOAT16,DEV_1_DRAM_INTERLEAVED,1[1],1[1],288[288],256[256],TILE,BFLOAT16,DEV_1_DRAM_INTERLEAVED,,,,,,,,,,,,,,,,,,,,,,,,,,,,,,,,,,,,,,,,,,,1[1],1[1],288[288],256[256],TILE,BFLOAT16,DEV_1_DRAM_INTERLEAVED,,,,,,,,,,,,,,,,,['/home/ttuser/.coworker/wt/bcp-evo/tt_bio/kernels/rne_add/compute_rne_add.cpp'],['compute_rne_add/15506775982570106819/'],['/home/ttuser/.coworker/wt/bcp-evo/tt_bio/kernels/rne_add/writer_rne_add.cpp'; '/home/ttuser/.coworker/wt/bcp-evo/tt_bio/kernels/rne_add/reader_rne_add.cpp'],['writer_rne_add/11689109000663956392/'; 'reader_rne_add/5462348467134491698/'],11998302437493887239,False,768,1412,1604,1376,1432,0,0,0,0,1,1,1,[],[],0.037,,,,,
TransposeDeviceOperation,tt_dnn_device,151552,0,blackhole,{'dim': 'TransposeOpDim::HC'; 'output_mem_config': 'MemoryConfig(memory_layout=TensorMemoryLayout::INTERLEAVED;buffer_type=BufferType::DRAM;shard_spec=std::nullopt;nd_shard_spec=std::nullopt;created_with_nd_shard_spec=0)'; 'pad_value': '0'},,110,110,,93591603977,93591673200,69223,7624169359037,7624169386417,3281196,3281196,20281,19751,19751,,,,552,19742,1593,,,,,,,,,1[1],1[1],288[288],256[256],TILE,BFLOAT16,DEV_1_DRAM_INTERLEAVED,,,,,,,,,,,,,,,,,,,,,,,,,,,,,,,,,,,,,,,,,,,,,,,,,,,,,,,,,,,,,,,,1[1],288[288],32[1],256[256],TILE,BFLOAT16,DEV_1_DRAM_INTERLEAVED,,,,,,,,,,,,,,,,,[],[],['ttnn/cpp/ttnn/operations/data_movement/transpose/device/kernels/dataflow/writer_unary_transpose_hc_interleaved_tiled_padding_aware.cpp'; 'ttnn/cpp/ttnn/operations/data_movement/transpose/device/kernels/dataflow/reader_unary_transpose_hc_interleaved_tiled_padding_aware.cpp'],['writer_unary_transpose_hc_interleaved_tiled_padding_aware/12073795627088921673/'; 'reader_unary_transpose_hc_interleaved_tiled_padding_aware/18058893178598846918/'],16461604712191519207,False,1260,1016,0,0,0,0,0,0,0,15056,15056,8583,[9.79383659362793],[313.40277099609375],76.229,,,,,
LayerNormDeviceOperation,tt_dnn_device,152576,0,blackhole,{'compute_kernel_config': 'ComputeKernelConfig(math_fidelity=HiFi4;math_approx_mode=0;fp32_dest_acc_en=1;packer_l1_acc=1;dst_full_sync_en=0;throttle_level=ThrottleLevel::NO_THROTTLE)'; 'distributed_norm_stage': 'DistributedLayerNormStage::NOT_DISTRIBUTED'; 'dtype': 'std::nullopt'; 'eps': '1e-05'; 'fused_activation': 'std::nullopt'; 'norm_type': 'LayerNormType::LAYERNORM'; 'output_mem_config': 'MemoryConfig(memory_layout=TensorMemoryLayout::INTERLEAVED;buffer_type=BufferType::DRAM;shard_spec=std::nullopt;nd_shard_spec=std::nullopt;created_with_nd_shard_spec=0)'; 'program_config': 'LayerNormDefaultProgramConfig(legacy_reduction=0;legacy_rsqrt=0;use_welford=0)'},HiFi4,110,110,,93592252161,93592314982,62821,7624170236303,7624170294766,630092,630262,43306,42762,42594,,,,707,42532,31759,42077,41973,42102,,,,,,1[1],288[288],32[1],256[256],TILE,BFLOAT16,DEV_1_DRAM_INTERLEAVED,1[1],1[1],32[1],256[256],TILE,BFLOAT16,DEV_1_DRAM_INTERLEAVED,1[1],1[1],32[1],256[256],TILE,BFLOAT16,DEV_1_DRAM_INTERLEAVED,,,,,,,,,,,,,,,,,,,,,,,,,,,,,,,,,,,,,,,,,,,,,,,,,,1[1],288[288],32[1],256[256],TILE,BFLOAT16,DEV_1_DRAM_INTERLEAVED,,,,,,,,,,,,,,,,,['ttnn/cpp/ttnn/operations/normalization/layernorm/device/kernels/compute/layernorm.cpp'],['layernorm/18319883958068211404/'],['ttnn/cpp/ttnn/operations/normalization/layernorm/device/kernels/dataflow/writer_unary_interleaved_start_id_blocked.cpp'; 'ttnn/cpp/ttnn/operations/normalization/layernorm/device/kernels/dataflow/reader_unary_interleaved_ln.cpp'],['writer_unary_interleaved_start_id_blocked/1072855677011524085/'; 'reader_unary_interleaved_ln/12670039668448626785/'],2628029868252573251,False,812,2112,4888,3956,6424,0,0,0,0,1,1,1,[],[],0.002,,,,,
MatmulDeviceOperation,tt_dnn_device,153600,0,blackhole,{'bcast_batch': 'true'; 'compute_kernel_config': 'ComputeKernelConfig(math_fidelity=HiFi4;math_approx_mode=0;fp32_dest_acc_en=1;packer_l1_acc=1;dst_full_sync_en=0;throttle_level=ThrottleLevel::NO_THROTTLE)'; 'global_cb': 'std::nullopt'; 'output_dtype': 'DataType::BFLOAT16'; 'output_mem_config': 'MemoryConfig(memory_layout=TensorMemoryLayout::INTERLEAVED;buffer_type=BufferType::DRAM;shard_spec=std::nullopt;nd_shard_spec=std::nullopt;created_with_nd_shard_spec=0)'; 'output_tile': 'Tile(tile_shape={32; 32};face_shape={16; 16};num_faces=4)'; 'program_config': 'MatmulMultiCoreReuseMultiCast1DProgramConfig(compute_with_storage_grid_size=(x=11;y=10);in0_block_w=1;out_subblock_h=1;out_subblock_w=4;out_block_h=3;out_block_w=24;per_core_M=3;per_core_N=24;fuse_batch=1;fused_activation=std::nullopt;mcast_in0=0;gather_in0=0;hop_cores={};num_global_cb_receivers=0;untilize_out=0)'; 'sub_device_id': 'std::nullopt'; 'transpose_a': 'false'; 'transpose_b': 'false'; 'untilize_out': 'false'; 'user_core_coord': '(x=11;y=10)'; 'user_fused_activation': 'std::nullopt'; 'user_run_batched': 'false'},HiFi4,96,110,,93598160267,93598248025,87758,7624178214410,7624178399810,5867960,5867961,137333,135790,135787,,,,594,135772,47912,57132,57149,57430,,,,,,1[1],288[288],32[1],256[256],TILE,BFLOAT16,DEV_1_DRAM_INTERLEAVED,1[1],1[1],256[256],768[768],TILE,BFLOAT16,DEV_1_DRAM_INTERLEAVED,,,,,,,,,,,,,,,,,,,,,,,,,,,,,,,,,,,,,,,,,,,,,,,,,,,,,,,,,1[1],288[288],32[1],768[768],TILE,BFLOAT16,DEV_1_DRAM_INTERLEAVED,,,,,,,,,,,,,,,,,['ttnn/cpp/ttnn/operations/matmul/device/kernels/compute/bmm_large_block_zm_fused_bias_activation.cpp'],['bmm_large_block_zm_fused_bias_activation/967129834102632603/'],['ttnn/cpp/ttnn/operations/matmul/device/kernels/dataflow/reader_bmm_tile_layout_in1_receiver_writer_padding.cpp'; 'ttnn/cpp/ttnn/operations/matmul/device/kernels/dataflow/reader_bmm_tile_layout_in1_sender_writer_padding.cpp'; 'ttnn/cpp/ttnn/operations/matmul/device/kernels/dataflow/reader_bmm_tile_layout_in0_sender_padding.cpp'],['reader_bmm_tile_layout_in1_receiver_writer_padding/3403426774406611820/'; 'reader_bmm_tile_layout_in1_sender_writer_padding/16788296208235144645/'; 'reader_bmm_tile_layout_in0_sender_padding/14698950015033945893/'],11815523566254623970,False,2100,752,2260,2468,2668,0,0,0,0,25749,746,25749,[183.25340270996094; 15.271117210388184],[549.76025390625],0.549,,,,,
NlpCreateHeadsDeviceOperation,tt_dnn_device,154624,0,blackhole,{'head_dim': '32'; 'num_kv_heads': '8'; 'num_q_heads': '8'; 'output_mem_config': 'MemoryConfig(memory_layout=TensorMemoryLayout::INTERLEAVED;buffer_type=BufferType::DRAM;shard_spec=std::nullopt;nd_shard_spec=std::nullopt;created_with_nd_shard_spec=0)'; 'transpose_k_heads': 'false'},,110,110,,93600784512,93600835029,50517,7624181753663,7624181857965,2484884,2484884,77261,76714,76714,,,,549,76706,76396,,,,,,,,,288[288],1[1],32[1],768[768],TILE,BFLOAT16,DEV_1_DRAM_INTERLEAVED,,,,,,,,,,,,,,,,,,,,,,,,,,,,,,,,,,,,,,,,,,,,,,,,,,,,,,,,,,,,,,,,288[288],8[8],32[1],32[32],TILE,BFLOAT16,DEV_1_DRAM_INTERLEAVED,288[288],8[8],32[1],32[32],TILE,BFLOAT16,DEV_1_DRAM_INTERLEAVED,288[288],8[8],32[1],32[32],TILE,BFLOAT16,DEV_1_DRAM_INTERLEAVED,,,[],[],['ttnn/cpp/ttnn/operations/experimental/transformer/nlp_create_qkv_heads/device/kernels/dataflow/writer_tm_tile_layout_nlp_create_qkv_heads.cpp'; 'ttnn/cpp/ttnn/operations/experimental/transformer/nlp_create_qkv_heads/device/kernels/dataflow/reader_tm_tile_layout_nlp_create_qkv_heads.cpp'],['writer_tm_tile_layout_nlp_create_qkv_heads/6339029172839813976/'; 'reader_tm_tile_layout_nlp_create_qkv_heads/14654666027295310639/'],4559058773513648580,False,2008,1728,0,0,0,0,0,0,0,1,1,1,[],[],0.001,,,,,
TransposeDeviceOperation,tt_dnn_device,155648,0,blackhole,{'dim': 'TransposeOpDim::WH'; 'output_mem_config': 'MemoryConfig(memory_layout=TensorMemoryLayout::INTERLEAVED;buffer_type=BufferType::DRAM;shard_spec=std::nullopt;nd_shard_spec=std::nullopt;created_with_nd_shard_spec=0)'; 'pad_value': '0'},HiFi4,110,110,,93601356088,93601420011,63923,7624182524955,7624182559900,494602,494622,25885,25345,25325,,,,557,25271,24929,24945,23670,24504,,,,,,288[288],8[8],32[1],32[32],TILE,BFLOAT16,DEV_1_DRAM_INTERLEAVED,,,,,,,,,,,,,,,,,,,,,,,,,,,,,,,,,,,,,,,,,,,,,,,,,,,,,,,,,,,,,,,,288[288],8[8],32[32],32[1],TILE,BFLOAT16,DEV_1_DRAM_INTERLEAVED,,,,,,,,,,,,,,,,,['ttnn/cpp/ttnn/operations/data_movement/transpose/device/kernels/compute/transpose_wh.cpp'],['transpose_wh/14581025993053660267/'],['ttnn/cpp/ttnn/operations/eltwise/unary/device/kernels/dataflow/writer_unary_interleaved_start_id.cpp'; 'ttnn/cpp/ttnn/operations/data_movement/transpose/device/kernels/dataflow/reader_unary_transpose_wh_interleaved_start_id.cpp'],['writer_unary_interleaved_start_id/6276820466797607771/'; 'reader_unary_transpose_wh_interleaved_start_id/890651917070584162/'],16461604749335509356,False,1000,1012,1140,648,1296,0,0,0,0,28831,28831,8583,[163.66383361816406],[163.66383361816406],113.754,,,,,
MatmulDeviceOperation,tt_dnn_device,156672,0,blackhole,{'bcast_batch': 'false'; 'compute_kernel_config': 'ComputeKernelConfig(math_fidelity=HiFi4;math_approx_mode=0;fp32_dest_acc_en=1;packer_l1_acc=1;dst_full_sync_en=0;throttle_level=ThrottleLevel::NO_THROTTLE)'; 'global_cb': 'std::nullopt'; 'output_dtype': 'DataType::BFLOAT16'; 'output_mem_config': 'MemoryConfig(memory_layout=TensorMemoryLayout::INTERLEAVED;buffer_type=BufferType::DRAM;shard_spec=std::nullopt;nd_shard_spec=std::nullopt;created_with_nd_shard_spec=0)'; 'output_tile': 'Tile(tile_shape={32; 32};face_shape={16; 16};num_faces=4)'; 'program_config': 'MatmulMultiCoreReuseProgramConfig(compute_with_storage_grid_size=(x=11;y=10);in0_block_w=1;out_subblock_h=1;out_subblock_w=1;per_core_M=1;per_core_N=1)'; 'sub_device_id': 'std::nullopt'; 'transpose_a': 'false'; 'transpose_b': 'false'; 'untilize_out': 'false'; 'user_core_coord': 'std::nullopt'; 'user_fused_activation': 'std::nullopt'; 'user_run_batched': 'true'},HiFi4,110,110,,93608399402,93608485187,85785,7624192034219,7624192082695,7019475,7019475,35908,34402,34402,,,,565,34400,32535,33998,34022,34046,,,,,,288[288],8[8],32[1],32[32],TILE,BFLOAT16,DEV_1_DRAM_INTERLEAVED,288[288],8[8],32[32],32[1],TILE,BFLOAT16,DEV_1_DRAM_INTERLEAVED,,,,,,,,,,,,,,,,,,,,,,,,,,,,,,,,,,,,,,,,,,,,,,,,,,,,,,,,,288[288],8[8],32[1],32[1],TILE,BFLOAT16,DEV_1_DRAM_INTERLEAVED,,,,,,,,,,,,,,,,,['ttnn/cpp/ttnn/operations/matmul/device/kernels/compute/bmm_large_block_zm_fused_bias_activation.cpp'],['bmm_large_block_zm_fused_bias_activation/6171249479130063200/'],['ttnn/cpp/ttnn/operations/matmul/device/kernels/dataflow/reader_writer_bmm_tile_layout_in1.cpp'; 'ttnn/cpp/ttnn/operations/matmul/device/kernels/dataflow/reader_bmm_tile_layout_in0.cpp'],['reader_writer_bmm_tile_layout_in1/2606604549083059180/'; 'reader_bmm_tile_layout_in0/1639249638953984223/'],4458138529861187807,False,928,632,1572,1300,1660,0,0,0,0,8583,2,8583,[549.76025390625; 549.76025390625],[549.76025390625],0.006,,,,,
BinaryNgDeviceOperation,tt_dnn_device,157696,0,blackhole,{'binary_op_type': 'BinaryOpType::MUL'; 'compute_kernel_config': 'std::nullopt'; 'dtype': 'DataType::BFLOAT16'; 'input_dtype': 'DataType::BFLOAT16'; 'is_quant_op': 'false'; 'is_sfpu': 'true'; 'is_where_op': 'false'; 'lhs_activations': '{}'; 'memory_config': 'MemoryConfig(memory_layout=TensorMemoryLayout::INTERLEAVED;buffer_type=BufferType::DRAM;shard_spec=std::nullopt;nd_shard_spec=std::nullopt;created_with_nd_shard_spec=0)'; 'post_activations': '{}'; 'rhs_activations': '{}'; 'scalar': '0.17677669'; 'sub_core_grids': 'std::nullopt'; 'subtile_broadcast_type': 'SubtileBroadcastType::NONE'; 'worker_grid': '{[(x=0;y=0) - (x=10;y=9)]}'},HiFi4,110,110,,93608643641,93608708636,64995,7624192367110,7624192406292,211213,211213,29024,28491,28491,,,,560,28443,26764,26977,28091,27483,,,,,,288[288],8[8],32[1],32[1],TILE,BFLOAT16,DEV_1_DRAM_INTERLEAVED,,,,,,,,,,,,,,,,,,,,,,,,,,,,,,,,,,,,,,,,,,,,,,,,,,,,,,,,,,,,,,,,288[288],8[8],32[1],32[1],TILE,BFLOAT16,DEV_1_DRAM_INTERLEAVED,,,,,,,,,,,,,,,,,['ttnn/cpp/ttnn/operations/eltwise/binary_ng/device/kernels/compute/eltwise_binary_sfpu_scalar.cpp'],['eltwise_binary_sfpu_scalar/6302317103236044736/'],['ttnn/cpp/ttnn/operations/eltwise/binary_ng/device/kernels/dataflow/reader_interleaved_no_bcast.cpp'; 'ttnn/cpp/ttnn/operations/eltwise/binary_ng/device/kernels/dataflow/writer_interleaved_scalar.cpp'],['reader_interleaved_no_bcast/15501400787415134526/'; 'writer_interleaved_scalar/13747915134593411132/'],15691238620557725211,True,1228,1256,1532,1264,1296,0,0,0,0,1,1,1,[],[],0.004,,,,,
SoftmaxDeviceOperation,tt_dnn_device,158720,0,blackhole,{'compute_kernel_config': 'ComputeKernelConfig(math_fidelity=HiFi4;math_approx_mode=0;fp32_dest_acc_en=1;packer_l1_acc=1;dst_full_sync_en=0;throttle_level=ThrottleLevel::NO_THROTTLE)'; 'dim': '3'; 'inplace': 'false'; 'is_causal_mask': 'false'; 'is_scale_causal_mask_hw_dims_softmax': 'false'; 'numeric_stable': 'true'; 'output_mem_config': 'MemoryConfig(memory_layout=TensorMemoryLayout::INTERLEAVED;buffer_type=BufferType::DRAM;shard_spec=std::nullopt;nd_shard_spec=std::nullopt;created_with_nd_shard_spec=0)'; 'program_config': 'SoftmaxDefaultProgramConfig()'; 'scale': 'std::nullopt'; 'softmax_type': 'SoftmaxOperationType::Softmax'},HiFi4,110,110,,93613622403,93613704050,81647,7624199085010,7624199199860,4947735,4947792,85074,84540,84489,,,,606,84418,77170,84067,83976,83955,,,,,,288[288],8[8],32[1],32[1],TILE,BFLOAT16,DEV_1_DRAM_INTERLEAVED,,,,,,,,,,,,,,,,,,,,,,,,,,,,,,,,,,,,,,,,,,,,,,,,,,,,,,,,,,,,,,,,288[288],8[8],32[1],32[1],TILE,BFLOAT16,DEV_1_DRAM_INTERLEAVED,,,,,,,,,,,,,,,,,['ttnn/cpp/ttnn/operations/normalization/softmax/device/kernels/attention/compute/softmax.cpp'],['softmax/6046299601752265851/'],['ttnn/cpp/ttnn/operations/normalization/softmax/device/kernels/attention/dataflow/writer_unary_interleaved_start_id_blocked_sm.cpp'; 'ttnn/cpp/ttnn/operations/normalization/softmax/device/kernels/attention/dataflow/reader_unary_interleaved_sm.cpp'],['writer_unary_interleaved_start_id_blocked_sm/6892677344859179542/'; 'reader_unary_interleaved_sm/9749543346036458505/'],1770874428758184147,False,988,1044,5072,4248,3428,0,0,0,0,28831,28831,8583,[163.66383361816406],[163.66383361816406],34.103,,,,,
MatmulDeviceOperation,tt_dnn_device,159744,0,blackhole,{'bcast_batch': 'false'; 'compute_kernel_config': 'ComputeKernelConfig(math_fidelity=HiFi4;math_approx_mode=0;fp32_dest_acc_en=1;packer_l1_acc=1;dst_full_sync_en=0;throttle_level=ThrottleLevel::NO_THROTTLE)'; 'global_cb': 'std::nullopt'; 'output_dtype': 'DataType::BFLOAT16'; 'output_mem_config': 'MemoryConfig(memory_layout=TensorMemoryLayout::INTERLEAVED;buffer_type=BufferType::DRAM;shard_spec=std::nullopt;nd_shard_spec=std::nullopt;created_with_nd_shard_spec=0)'; 'output_tile': 'Tile(tile_shape={32; 32};face_shape={16; 16};num_faces=4)'; 'program_config': 'MatmulMultiCoreReuseProgramConfig(compute_with_storage_grid_size=(x=11;y=10);in0_block_w=1;out_subblock_h=1;out_subblock_w=1;per_core_M=1;per_core_N=1)'; 'sub_device_id': 'std::nullopt'; 'transpose_a': 'false'; 'transpose_b': 'false'; 'untilize_out': 'false'; 'user_core_coord': 'std::nullopt'; 'user_fused_activation': 'std::nullopt'; 'user_run_batched': 'true'},HiFi4,110,110,,93616517909,93616594366,76457,7624202994494,7624203091051,2812314,2812328,71524,70033,70025,,,,567,70019,69522,69638,69654,69679,,,,,,288[288],8[8],32[1],32[1],TILE,BFLOAT16,DEV_1_DRAM_INTERLEAVED,288[288],8[8],32[1],32[32],TILE,BFLOAT16,DEV_1_DRAM_INTERLEAVED,,,,,,,,,,,,,,,,,,,,,,,,,,,,,,,,,,,,,,,,,,,,,,,,,,,,,,,,,288[288],8[8],32[1],32[32],TILE,BFLOAT16,DEV_1_DRAM_INTERLEAVED,,,,,,,,,,,,,,,,,['ttnn/cpp/ttnn/operations/matmul/device/kernels/compute/bmm_large_block_zm_fused_bias_activation.cpp'],['bmm_large_block_zm_fused_bias_activation/6171249479130063200/'],['ttnn/cpp/ttnn/operations/matmul/device/kernels/dataflow/reader_writer_bmm_tile_layout_in1.cpp'; 'ttnn/cpp/ttnn/operations/matmul/device/kernels/dataflow/reader_bmm_tile_layout_in0.cpp'],['reader_writer_bmm_tile_layout_in1/2606604549083059180/'; 'reader_bmm_tile_layout_in0/14891122895172806846/'],4458138529860887262,False,928,772,1572,1300,1660,0,0,0,0,8583,2,8583,[549.76025390625; 549.76025390625],[549.76025390625],0.003,,,,,
NLPConcatHeadsDeviceOperation,tt_dnn_device,160768,0,blackhole,{'output_mem_config': 'MemoryConfig(memory_layout=TensorMemoryLayout::INTERLEAVED;buffer_type=BufferType::DRAM;shard_spec=std::nullopt;nd_shard_spec=std::nullopt;created_with_nd_shard_spec=0)'},,110,110,,93619142625,93619188453,45828,7624206535780,7624206577518,2552209,2552209,30917,30384,30384,,,,549,30384,28239,,,,,,,,,288[288],8[8],32[1],32[32],TILE,BFLOAT16,DEV_1_DRAM_INTERLEAVED,,,,,,,,,,,,,,,,,,,,,,,,,,,,,,,,,,,,,,,,,,,,,,,,,,,,,,,,,,,,,,,,288[288],1[1],32[1],256[256],TILE,BFLOAT16,DEV_1_DRAM_INTERLEAVED,,,,,,,,,,,,,,,,,[],[],['ttnn/cpp/ttnn/operations/eltwise/unary/device/kernels/dataflow/writer_unary_interleaved_start_id.cpp'; 'ttnn/cpp/ttnn/operations/experimental/transformer/nlp_concat_heads/device/kernels/dataflow/reader_tm_tile_layout_nlp_concat_heads.cpp'],['writer_unary_interleaved_start_id/9607551389675776825/'; 'reader_tm_tile_layout_nlp_concat_heads/13160343082803479770/'],9204059178956302183,False,1000,1028,0,0,0,0,0,0,0,1,1,1,[],[],0.003,,,,,
MatmulDeviceOperation,tt_dnn_device,161792,0,blackhole,{'bcast_batch': 'true'; 'compute_kernel_config': 'ComputeKernelConfig(math_fidelity=HiFi4;math_approx_mode=0;fp32_dest_acc_en=1;packer_l1_acc=1;dst_full_sync_en=0;throttle_level=ThrottleLevel::NO_THROTTLE)'; 'global_cb': 'std::nullopt'; 'output_dtype': 'DataType::BFLOAT16'; 'output_mem_config': 'MemoryConfig(memory_layout=TensorMemoryLayout::INTERLEAVED;buffer_type=BufferType::DRAM;shard_spec=std::nullopt;nd_shard_spec=std::nullopt;created_with_nd_shard_spec=0)'; 'output_tile': 'Tile(tile_shape={32; 32};face_shape={16; 16};num_faces=4)'; 'program_config': 'MatmulMultiCoreReuseMultiCast1DProgramConfig(compute_with_storage_grid_size=(x=11;y=10);in0_block_w=1;out_subblock_h=1;out_subblock_w=4;out_block_h=3;out_block_w=8;per_core_M=3;per_core_N=8;fuse_batch=1;fused_activation=std::nullopt;mcast_in0=0;gather_in0=0;hop_cores={};num_global_cb_receivers=0;untilize_out=0)'; 'sub_device_id': 'std::nullopt'; 'transpose_a': 'false'; 'transpose_b': 'false'; 'untilize_out': 'false'; 'user_core_coord': '(x=11;y=10)'; 'user_fused_activation': 'std::nullopt'; 'user_run_batched': 'false'},HiFi4,96,110,,93625277295,93625383088,105793,7624214820766,7624214922316,6107625,6107625,75222,73700,73700,,,,587,73698,41720,44664,44474,44733,,,,,,1[1],288[288],32[1],256[256],TILE,BFLOAT16,DEV_1_DRAM_INTERLEAVED,1[1],1[1],256[256],256[256],TILE,BFLOAT16,DEV_1_DRAM_INTERLEAVED,1[1],1[1],32[1],256[256],TILE,BFLOAT16,DEV_1_DRAM_INTERLEAVED,,,,,,,,,,,,,,,,,,,,,,,,,,,,,,,,,,,,,,,,,,,,,,,,,,1[1],288[288],32[1],256[256],TILE,BFLOAT16,DEV_1_DRAM_INTERLEAVED,,,,,,,,,,,,,,,,,['ttnn/cpp/ttnn/operations/matmul/device/kernels/compute/bmm_large_block_zm_fused_bias_activation.cpp'],['bmm_large_block_zm_fused_bias_activation/18369262318261600387/'],['ttnn/cpp/ttnn/operations/matmul/device/kernels/dataflow/reader_bmm_tile_layout_in1_receiver_writer_padding.cpp'; 'ttnn/cpp/ttnn/operations/matmul/device/kernels/dataflow/reader_bmm_tile_layout_in1_sender_writer_padding.cpp'; 'ttnn/cpp/ttnn/operations/matmul/device/kernels/dataflow/reader_bmm_tile_layout_in0_sender_padding.cpp'],['reader_bmm_tile_layout_in1_receiver_writer_padding/3660654599154577488/'; 'reader_bmm_tile_layout_in1_sender_writer_padding/5905047603454325090/'; 'reader_bmm_tile_layout_in0_sender_padding/6809859234258625143/'],4416536916882163205,False,2400,752,2192,2168,3584,0,0,0,0,8583,249,8583,[549.76025390625; 15.271117210388184],[549.76025390625],0.338,,,,,
BinaryNgDeviceOperation,tt_dnn_device,162816,0,blackhole,{'binary_op_type': 'BinaryOpType::MUL'; 'compute_kernel_config': 'std::nullopt'; 'dtype': 'DataType::BFLOAT16'; 'input_dtype': 'DataType::BFLOAT16'; 'is_quant_op': 'false'; 'is_sfpu': 'true'; 'is_where_op': 'false'; 'lhs_activations': '{}'; 'memory_config': 'MemoryConfig(memory_layout=TensorMemoryLayout::INTERLEAVED;buffer_type=BufferType::DRAM;shard_spec=std::nullopt;nd_shard_spec=std::nullopt;created_with_nd_shard_spec=0)'; 'post_activations': '{}'; 'rhs_activations': '{BasicUnaryWithParam<float; int; unsigned int>(base=BasicUnaryWithParam<float>(op_type=UnaryOpType::SIGMOID;param={}))}'; 'scalar': 'std::nullopt'; 'sub_core_grids': 'std::nullopt'; 'subtile_broadcast_type': 'SubtileBroadcastType::NONE'; 'worker_grid': '{[(x=0;y=0) - (x=10;y=9)]}'},HiFi4,110,110,,93625603972,93625694376,90404,7624215261719,7624215314383,251951,251961,39010,38466,38453,,,,554,38424,35139,37479,38012,37322,,,,,,1[1],288[288],32[1],256[256],TILE,BFLOAT16,DEV_1_DRAM_INTERLEAVED,1[1],288[288],32[1],256[256],TILE,BFLOAT16,DEV_1_DRAM_INTERLEAVED,,,,,,,,,,,,,,,,,,,,,,,,,,,,,,,,,,,,,,,,,,,,,,,,,,,,,,,,,1[1],288[288],32[1],256[256],TILE,BFLOAT16,DEV_1_DRAM_INTERLEAVED,,,,,,,,,,,,,,,,,['ttnn/cpp/ttnn/operations/eltwise/binary_ng/device/kernels/compute/eltwise_binary_sfpu_no_bcast.cpp'],['eltwise_binary_sfpu_no_bcast/16161308948743346830/'],['ttnn/cpp/ttnn/operations/eltwise/binary_ng/device/kernels_ng/dataflow/reader_interleaved_no_bcast.cpp'; 'ttnn/cpp/ttnn/operations/eltwise/binary_ng/device/kernels_ng/dataflow/writer_interleaved_no_bcast.cpp'],['reader_interleaved_no_bcast/5406995968467651208/'; 'writer_interleaved_no_bcast/12304832950705642753/'],1422597016547192474,True,1120,1644,1768,2328,1552,0,0,0,0,1,1,1,[],[],0.003,,,,,
MatmulDeviceOperation,tt_dnn_device,163840,0,blackhole,{'bcast_batch': 'true'; 'compute_kernel_config': 'ComputeKernelConfig(math_fidelity=HiFi4;math_approx_mode=0;fp32_dest_acc_en=1;packer_l1_acc=1;dst_full_sync_en=0;throttle_level=ThrottleLevel::NO_THROTTLE)'; 'global_cb': 'std::nullopt'; 'output_dtype': 'DataType::BFLOAT16'; 'output_mem_config': 'MemoryConfig(memory_layout=TensorMemoryLayout::INTERLEAVED;buffer_type=BufferType::DRAM;shard_spec=std::nullopt;nd_shard_spec=std::nullopt;created_with_nd_shard_spec=0)'; 'output_tile': 'Tile(tile_shape={32; 32};face_shape={16; 16};num_faces=4)'; 'program_config': 'MatmulMultiCoreReuseMultiCast1DProgramConfig(compute_with_storage_grid_size=(x=11;y=10);in0_block_w=1;out_subblock_h=1;out_subblock_w=4;out_block_h=3;out_block_w=8;per_core_M=3;per_core_N=8;fuse_batch=1;fused_activation=std::nullopt;mcast_in0=0;gather_in0=0;hop_cores={};num_global_cb_receivers=0;untilize_out=0)'; 'sub_device_id': 'std::nullopt'; 'transpose_a': 'false'; 'transpose_b': 'false'; 'untilize_out': 'false'; 'user_core_coord': '(x=11;y=10)'; 'user_fused_activation': 'std::nullopt'; 'user_run_batched': 'false'},HiFi4,96,110,,93626047243,93626114672,67429,7624215862349,7624215964941,407468,407468,75994,74429,74429,,,,561,74429,41648,44722,44522,44784,,,,,,1[1],288[288],32[1],256[256],TILE,BFLOAT16,DEV_1_DRAM_INTERLEAVED,1[1],1[1],256[256],256[256],TILE,BFLOAT16,DEV_1_DRAM_INTERLEAVED,1[1],1[1],32[1],256[256],TILE,BFLOAT16,DEV_1_DRAM_INTERLEAVED,,,,,,,,,,,,,,,,,,,,,,,,,,,,,,,,,,,,,,,,,,,,,,,,,,1[1],288[288],32[1],256[256],TILE,BFLOAT16,DEV_1_DRAM_INTERLEAVED,,,,,,,,,,,,,,,,,['ttnn/cpp/ttnn/operations/matmul/device/kernels/compute/bmm_large_block_zm_fused_bias_activation.cpp'],['bmm_large_block_zm_fused_bias_activation/18369262318261600387/'],['ttnn/cpp/ttnn/operations/matmul/device/kernels/dataflow/reader_bmm_tile_layout_in1_receiver_writer_padding.cpp'; 'ttnn/cpp/ttnn/operations/matmul/device/kernels/dataflow/reader_bmm_tile_layout_in1_sender_writer_padding.cpp'; 'ttnn/cpp/ttnn/operations/matmul/device/kernels/dataflow/reader_bmm_tile_layout_in0_sender_padding.cpp'],['reader_bmm_tile_layout_in1_receiver_writer_padding/3660654599154577488/'; 'reader_bmm_tile_layout_in1_sender_writer_padding/5905047603454325090/'; 'reader_bmm_tile_layout_in0_sender_padding/6809859234258625143/'],4416536916882163205,True,2400,752,2192,2168,3584,0,0,0,0,8583,249,8583,[549.76025390625; 15.271117210388184],[549.76025390625],0.335,,,,,
TransposeDeviceOperation,tt_dnn_device,164864,0,blackhole,{'dim': 'TransposeOpDim::HC'; 'output_mem_config': 'MemoryConfig(memory_layout=TensorMemoryLayout::INTERLEAVED;buffer_type=BufferType::DRAM;shard_spec=std::nullopt;nd_shard_spec=std::nullopt;created_with_nd_shard_spec=0)'; 'pad_value': '0'},,110,110,,93629305324,93629363275,57951,7624220255583,7624220276633,3178888,3178888,15593,15056,15056,,,,553,15055,14737,,,,,,,,,1[1],288[288],32[1],256[256],TILE,BFLOAT16,DEV_1_DRAM_INTERLEAVED,,,,,,,,,,,,,,,,,,,,,,,,,,,,,,,,,,,,,,,,,,,,,,,,,,,,,,,,,,,,,,,,1[1],1[1],288[288],256[256],TILE,BFLOAT16,DEV_1_DRAM_INTERLEAVED,,,,,,,,,,,,,,,,,[],[],['ttnn/cpp/ttnn/operations/data_movement/transpose/device/kernels/dataflow/writer_unary_transpose_hc_interleaved_tiled_padding_aware.cpp'; 'ttnn/cpp/ttnn/operations/data_movement/transpose/device/kernels/dataflow/reader_unary_transpose_hc_interleaved_tiled_padding_aware.cpp'],['writer_unary_transpose_hc_interleaved_tiled_padding_aware/5586472296567324416/'; 'reader_unary_transpose_hc_interleaved_tiled_padding_aware/790041023213831019/'],16461604712183790755,False,800,900,0,0,0,0,0,0,0,15056,15056,8583,[313.40277099609375],[9.79383659362793],100.0,,,,,
GenericOpDeviceOperation,tt_dnn_device,165888,0,blackhole,{'num_mesh_programs': '1'},HiFi4,72,110,,93629715381,93629756039,40658,7624220810758,7624220815730,396633,396633,3683,2738,2738,,,,564,2738,1688,1868,2375,801,,,,,,1[1],1[1],288[288],256[256],TILE,BFLOAT16,DEV_1_DRAM_INTERLEAVED,1[1],1[1],288[288],256[256],TILE,BFLOAT16,DEV_1_DRAM_INTERLEAVED,1[1],1[1],288[288],256[256],TILE,BFLOAT16,DEV_1_DRAM_INTERLEAVED,1[1],1[1],288[288],256[256],TILE,BFLOAT16,DEV_1_DRAM_INTERLEAVED,,,,,,,,,,,,,,,,,,,,,,,,,,,,,,,,,,,,,,,,,,,1[1],1[1],288[288],256[256],TILE,BFLOAT16,DEV_1_DRAM_INTERLEAVED,,,,,,,,,,,,,,,,,['/home/ttuser/.coworker/wt/bcp-evo/tt_bio/kernels/rne_add/compute_rne_add.cpp'],['compute_rne_add/15506775982570106819/'],['/home/ttuser/.coworker/wt/bcp-evo/tt_bio/kernels/rne_add/writer_rne_add.cpp'; '/home/ttuser/.coworker/wt/bcp-evo/tt_bio/kernels/rne_add/reader_rne_add.cpp'],['writer_rne_add/11689109000663956392/'; 'reader_rne_add/5462348467134491698/'],11998302437493887239,True,768,1412,1604,1376,1432,0,0,0,0,1,1,1,[],[],0.037,,,,,
LayerNormDeviceOperation,tt_dnn_device,166912,0,blackhole,{'compute_kernel_config': 'ComputeKernelConfig(math_fidelity=HiFi4;math_approx_mode=0;fp32_dest_acc_en=1;packer_l1_acc=1;dst_full_sync_en=0;throttle_level=ThrottleLevel::NO_THROTTLE)'; 'distributed_norm_stage': 'DistributedLayerNormStage::NOT_DISTRIBUTED'; 'dtype': 'std::nullopt'; 'eps': '1e-05'; 'fused_activation': 'std::nullopt'; 'norm_type': 'LayerNormType::LAYERNORM'; 'output_mem_config': 'MemoryConfig(memory_layout=TensorMemoryLayout::INTERLEAVED;buffer_type=BufferType::DRAM;shard_spec=std::nullopt;nd_shard_spec=std::nullopt;created_with_nd_shard_spec=0)'; 'program_config': 'LayerNormDefaultProgramConfig(legacy_reduction=0;legacy_rsqrt=0;use_welford=0)'},HiFi4,9,110,,93629914372,93629971602,57230,7624221074720,7624221087559,192259,192537,9510,9095,8818,,,,707,8728,4644,8308,8286,8298,,,,,,1[1],1[1],288[288],256[256],TILE,BFLOAT16,DEV_1_DRAM_INTERLEAVED,1[1],1[1],32[1],256[256],TILE,BFLOAT16,DEV_1_DRAM_INTERLEAVED,1[1],1[1],32[1],256[256],TILE,BFLOAT16,DEV_1_DRAM_INTERLEAVED,,,,,,,,,,,,,,,,,,,,,,,,,,,,,,,,,,,,,,,,,,,,,,,,,,1[1],1[1],288[288],256[256],TILE,BFLOAT16,DEV_1_DRAM_INTERLEAVED,,,,,,,,,,,,,,,,,['ttnn/cpp/ttnn/operations/normalization/layernorm/device/kernels/compute/layernorm.cpp'],['layernorm/18319883958068211404/'],['ttnn/cpp/ttnn/operations/normalization/layernorm/device/kernels/dataflow/writer_unary_interleaved_start_id_blocked.cpp'; 'ttnn/cpp/ttnn/operations/normalization/layernorm/device/kernels/dataflow/reader_unary_interleaved_ln.cpp'],['writer_unary_interleaved_start_id_blocked/1072855677011524085/'; 'reader_unary_interleaved_ln/12670039668448626785/'],4103793129536580648,True,812,2112,4888,3956,6424,0,0,0,0,1,1,1,[],[],0.011,,,,,
MatmulDeviceOperation,tt_dnn_device,167936,0,blackhole,{'bcast_batch': 'true'; 'compute_kernel_config': 'ComputeKernelConfig(math_fidelity=HiFi4;math_approx_mode=0;fp32_dest_acc_en=1;packer_l1_acc=1;dst_full_sync_en=0;throttle_level=ThrottleLevel::NO_THROTTLE)'; 'global_cb': 'std::nullopt'; 'output_dtype': 'DataType::BFLOAT16'; 'output_mem_config': 'MemoryConfig(memory_layout=TensorMemoryLayout::INTERLEAVED;buffer_type=BufferType::DRAM;shard_spec=std::nullopt;nd_shard_spec=std::nullopt;created_with_nd_shard_spec=0)'; 'output_tile': 'Tile(tile_shape={32; 32};face_shape={16; 16};num_faces=4)'; 'program_config': 'MatmulMultiCoreReuseMultiCastProgramConfig(compute_with_storage_grid_size=(x=11;y=10);in0_block_w=4;out_subblock_h=1;out_subblock_w=3;out_block_h=1;out_block_w=3;per_core_M=1;per_core_N=3;transpose_mcast=0;fused_activation=std::nullopt;fuse_batch=1)'; 'sub_device_id': 'std::nullopt'; 'transpose_a': 'false'; 'transpose_b': 'false'; 'untilize_out': 'false'; 'user_core_coord': '(x=11;y=10)'; 'user_fused_activation': 'std::nullopt'; 'user_run_batched': 'false'},HiFi4,99,110,,93636518203,93636626962,108759,7624229996692,7624230008974,6600842,6600985,9098,7227,7219,,,,558,7219,3167,4539,4253,4597,,,,,,1[1],1[1],288[288],256[256],TILE,BFLOAT16,DEV_1_DRAM_INTERLEAVED,1[1],1[1],256[256],1024[1024],TILE,BFLOAT16,DEV_1_DRAM_INTERLEAVED,1[1],1[1],32[1],1024[1024],TILE,BFLOAT16,DEV_1_DRAM_INTERLEAVED,,,,,,,,,,,,,,,,,,,,,,,,,,,,,,,,,,,,,,,,,,,,,,,,,,1[1],1[1],288[288],1024[1024],TILE,BFLOAT16,DEV_1_DRAM_INTERLEAVED,,,,,,,,,,,,,,,,,['ttnn/cpp/ttnn/operations/matmul/device/kernels/compute/bmm_large_block_zm_fused_bias_activation.cpp'],['bmm_large_block_zm_fused_bias_activation/11832743512040634795/'],['ttnn/cpp/ttnn/operations/matmul/device/kernels/dataflow/reader_bmm_tile_layout_in0_receiver.cpp'; 'ttnn/cpp/ttnn/operations/matmul/device/kernels/dataflow/reader_bmm_tile_layout_in1_receiver_writer_padding.cpp'; 'ttnn/cpp/ttnn/operations/matmul/device/kernels/dataflow/reader_bmm_tile_layout_in1_sender_writer_padding.cpp'; 'ttnn/cpp/ttnn/operations/matmul/device/kernels/dataflow/reader_bmm_tile_layout_in0_sender_padding.cpp'],['reader_bmm_tile_layout_in0_receiver/7000401374503455926/'; 'reader_bmm_tile_layout_in1_receiver_writer_padding/16813644139627595748/'; 'reader_bmm_tile_layout_in1_sender_writer_padding/1663047398804248336/'; 'reader_bmm_tile_layout_in0_sender_padding/230837090348657336/'],16728705712178173509,False,2656,1104,2120,1736,2708,0,0,0,0,1072,994,1072,[137.55224609375; 489.0746154785156],[550.208984375],13.754,,,,,
UnaryNgDeviceOperation,tt_dnn_device,168960,0,blackhole,{'bfp8_pack_precise': 'false'; 'fp32_dest_acc_en': 'false'; 'memory_config': 'MemoryConfig(memory_layout=TensorMemoryLayout::INTERLEAVED;buffer_type=BufferType::DRAM;shard_spec=std::nullopt;nd_shard_spec=std::nullopt;created_with_nd_shard_spec=0)'; 'op_chain': '{BasicUnaryWithParam<float; int; unsigned int>(base=BasicUnaryWithParam<float>(op_type=UnaryOpType::RELU;param={}))}'; 'output_dtype': 'DataType::BFLOAT16'; 'preserve_fp32_precision': 'false'; 'sub_core_grids': 'std::nullopt'; 'worker_grid': '{[(x=0;y=0) - (x=10;y=9)]}'},HiFi4,110,110,,93641727257,93641809064,81807,7624237024209,7624237029814,5196966,5196764,4152,3617,3605,,,,561,3587,3016,3065,3174,2773,,,,,,1[1],1[1],288[288],1024[1024],TILE,BFLOAT16,DEV_1_DRAM_INTERLEAVED,,,,,,,,,,,,,,,,,,,,,,,,,,,,,,,,,,,,,,,,,,,,,,,,,,,,,,,,,,,,,,,,1[1],1[1],288[288],1024[1024],TILE,BFLOAT16,DEV_1_DRAM_INTERLEAVED,,,,,,,,,,,,,,,,,['ttnn/cpp/ttnn/operations/eltwise/unary_ng/device/kernels/compute/eltwise_sfpu.cpp'],['eltwise_sfpu/17300983965006119984/'],['ttnn/cpp/ttnn/operations/eltwise/unary_ng/device/kernels/dataflow/writer_unary_ng.cpp'; 'ttnn/cpp/ttnn/operations/eltwise/unary_ng/device/kernels/dataflow/reader_unary_ng.cpp'],['writer_unary_ng/13835163660338601625/'; 'reader_unary_ng/850304498476538194/'],9784030615441581399,False,1000,928,1096,784,1264,0,0,0,0,1,1,1,[],[],0.028,,,,,
MatmulDeviceOperation,tt_dnn_device,169984,0,blackhole,{'bcast_batch': 'true'; 'compute_kernel_config': 'ComputeKernelConfig(math_fidelity=HiFi4;math_approx_mode=0;fp32_dest_acc_en=1;packer_l1_acc=1;dst_full_sync_en=0;throttle_level=ThrottleLevel::NO_THROTTLE)'; 'global_cb': 'std::nullopt'; 'output_dtype': 'DataType::BFLOAT16'; 'output_mem_config': 'MemoryConfig(memory_layout=TensorMemoryLayout::INTERLEAVED;buffer_type=BufferType::DRAM;shard_spec=std::nullopt;nd_shard_spec=std::nullopt;created_with_nd_shard_spec=0)'; 'output_tile': 'Tile(tile_shape={32; 32};face_shape={16; 16};num_faces=4)'; 'program_config': 'MatmulMultiCoreReuseMultiCastProgramConfig(compute_with_storage_grid_size=(x=11;y=10);in0_block_w=4;out_subblock_h=1;out_subblock_w=1;out_block_h=1;out_block_w=1;per_core_M=1;per_core_N=1;transpose_mcast=0;fused_activation=std::nullopt;fuse_batch=1)'; 'sub_device_id': 'std::nullopt'; 'transpose_a': 'false'; 'transpose_b': 'false'; 'untilize_out': 'false'; 'user_core_coord': '(x=11;y=10)'; 'user_fused_activation': 'std::nullopt'; 'user_run_batched': 'false'},HiFi4,72,110,,93649654016,93649768446,114430,7624247728123,7624247743432,7926241,7926427,11340,9582,9580,,,,557,9580,8606,9001,8843,9004,,,,,,1[1],1[1],288[288],1024[1024],TILE,BFLOAT16,DEV_1_DRAM_INTERLEAVED,1[1],1[1],1024[1024],256[256],TILE,BFLOAT16,DEV_1_DRAM_INTERLEAVED,1[1],1[1],32[1],256[256],TILE,BFLOAT16,DEV_1_DRAM_INTERLEAVED,,,,,,,,,,,,,,,,,,,,,,,,,,,,,,,,,,,,,,,,,,,,,,,,,,1[1],1[1],288[288],256[256],TILE,BFLOAT16,DEV_1_DRAM_INTERLEAVED,,,,,,,,,,,,,,,,,['ttnn/cpp/ttnn/operations/matmul/device/kernels/compute/bmm_large_block_zm_fused_bias_activation.cpp'],['bmm_large_block_zm_fused_bias_activation/10308972690440573509/'],['ttnn/cpp/ttnn/operations/matmul/device/kernels/dataflow/reader_bmm_tile_layout_in0_receiver.cpp'; 'ttnn/cpp/ttnn/operations/matmul/device/kernels/dataflow/reader_bmm_tile_layout_in1_receiver_writer_padding.cpp'; 'ttnn/cpp/ttnn/operations/matmul/device/kernels/dataflow/reader_bmm_tile_layout_in1_sender_writer_padding.cpp'; 'ttnn/cpp/ttnn/operations/matmul/device/kernels/dataflow/reader_bmm_tile_layout_in0_sender_padding.cpp'],['reader_bmm_tile_layout_in0_receiver/9263361256393339100/'; 'reader_bmm_tile_layout_in1_receiver_writer_padding/4883398118879754740/'; 'reader_bmm_tile_layout_in1_sender_writer_padding/10156388445767237818/'; 'reader_bmm_tile_layout_in0_sender_padding/15189974851610810448/'],3176040432604373097,False,2340,1080,2012,1592,2408,0,0,0,0,1072,994,1072,[550.208984375; 489.0746154785156],[137.55224609375],10.374,,,,,
GenericOpDeviceOperation,tt_dnn_device,171008,0,blackhole,{'num_mesh_programs': '1'},HiFi4,72,110,,93650175056,93650217918,42862,7624248429481,7624248434469,509236,509188,3695,2733,2732,,,,586,2732,1704,1864,2367,819,,,,,,1[1],1[1],288[288],256[256],TILE,BFLOAT16,DEV_1_DRAM_INTERLEAVED,1[1],1[1],288[288],256[256],TILE,BFLOAT16,DEV_1_DRAM_INTERLEAVED,1[1],1[1],288[288],256[256],TILE,BFLOAT16,DEV_1_DRAM_INTERLEAVED,1[1],1[1],288[288],256[256],TILE,BFLOAT16,DEV_1_DRAM_INTERLEAVED,,,,,,,,,,,,,,,,,,,,,,,,,,,,,,,,,,,,,,,,,,,1[1],1[1],288[288],256[256],TILE,BFLOAT16,DEV_1_DRAM_INTERLEAVED,,,,,,,,,,,,,,,,,['/home/ttuser/.coworker/wt/bcp-evo/tt_bio/kernels/rne_add/compute_rne_add.cpp'],['compute_rne_add/15506775982570106819/'],['/home/ttuser/.coworker/wt/bcp-evo/tt_bio/kernels/rne_add/writer_rne_add.cpp'; '/home/ttuser/.coworker/wt/bcp-evo/tt_bio/kernels/rne_add/reader_rne_add.cpp'],['writer_rne_add/11689109000663956392/'; 'reader_rne_add/5462348467134491698/'],11998302437493887239,True,768,1412,1604,1376,1432,0,0,0,0,1,1,1,[],[],0.037,,,,,
LayerNormDeviceOperation,tt_dnn_device,172032,0,blackhole,{'compute_kernel_config': 'ComputeKernelConfig(math_fidelity=HiFi4;math_approx_mode=0;fp32_dest_acc_en=1;packer_l1_acc=1;dst_full_sync_en=0;throttle_level=ThrottleLevel::NO_THROTTLE)'; 'distributed_norm_stage': 'DistributedLayerNormStage::NOT_DISTRIBUTED'; 'dtype': 'std::nullopt'; 'eps': '1e-05'; 'fused_activation': 'std::nullopt'; 'norm_type': 'LayerNormType::LAYERNORM'; 'output_mem_config': 'MemoryConfig(memory_layout=TensorMemoryLayout::INTERLEAVED;buffer_type=BufferType::DRAM;shard_spec=std::nullopt;nd_shard_spec=std::nullopt;created_with_nd_shard_spec=0)'; 'program_config': 'LayerNormDefaultProgramConfig(legacy_reduction=0;legacy_rsqrt=0;use_welford=0)'},HiFi4,9,110,,93650458921,93650519366,60445,7624248809040,7624248821852,277854,278160,9490,9082,8799,,,,712,8739,4539,8273,8247,8259,,,,,,1[1],1[1],288[288],256[256],TILE,BFLOAT16,DEV_1_DRAM_INTERLEAVED,1[1],1[1],32[1],256[256],TILE,BFLOAT16,DEV_1_DRAM_INTERLEAVED,1[1],1[1],32[1],256[256],TILE,BFLOAT16,DEV_1_DRAM_INTERLEAVED,,,,,,,,,,,,,,,,,,,,,,,,,,,,,,,,,,,,,,,,,,,,,,,,,,1[1],1[1],288[288],256[256],TILE,BFLOAT16,DEV_1_DRAM_INTERLEAVED,,,,,,,,,,,,,,,,,['ttnn/cpp/ttnn/operations/normalization/layernorm/device/kernels/compute/layernorm.cpp'],['layernorm/18319883958068211404/'],['ttnn/cpp/ttnn/operations/normalization/layernorm/device/kernels/dataflow/writer_unary_interleaved_start_id_blocked.cpp'; 'ttnn/cpp/ttnn/operations/normalization/layernorm/device/kernels/dataflow/reader_unary_interleaved_ln.cpp'],['writer_unary_interleaved_start_id_blocked/1072855677011524085/'; 'reader_unary_interleaved_ln/12670039668448626785/'],4103793129536580648,True,812,2112,4888,3956,6424,0,0,0,0,1,1,1,[],[],0.011,,,,,
MatmulDeviceOperation,tt_dnn_device,173056,0,blackhole,{'bcast_batch': 'true'; 'compute_kernel_config': 'ComputeKernelConfig(math_fidelity=HiFi4;math_approx_mode=0;fp32_dest_acc_en=1;packer_l1_acc=1;dst_full_sync_en=0;throttle_level=ThrottleLevel::NO_THROTTLE)'; 'global_cb': 'std::nullopt'; 'output_dtype': 'DataType::BFLOAT16'; 'output_mem_config': 'MemoryConfig(memory_layout=TensorMemoryLayout::INTERLEAVED;buffer_type=BufferType::DRAM;shard_spec=std::nullopt;nd_shard_spec=std::nullopt;created_with_nd_shard_spec=0)'; 'output_tile': 'Tile(tile_shape={32; 32};face_shape={16; 16};num_faces=4)'; 'program_config': 'MatmulMultiCoreReuseMultiCast1DProgramConfig(compute_with_storage_grid_size=(x=11;y=10);in0_block_w=1;out_subblock_h=1;out_subblock_w=1;out_block_h=1;out_block_w=1;per_core_M=1;per_core_N=1;fuse_batch=1;fused_activation=std::nullopt;mcast_in0=0;gather_in0=0;hop_cores={};num_global_cb_receivers=0;untilize_out=0)'; 'sub_device_id': 'std::nullopt'; 'transpose_a': 'false'; 'transpose_b': 'false'; 'untilize_out': 'false'; 'user_core_coord': '(x=11;y=10)'; 'user_fused_activation': 'std::nullopt'; 'user_run_batched': 'false'},HiFi4,9,110,,93656096988,93656187291,90303,7624256420159,7624256430128,5628916,5629064,7384,6840,6723,,,,588,6653,4910,6144,5090,5696,,,,,,1[1],1[1],288[288],256[256],TILE,BFLOAT16,DEV_1_DRAM_INTERLEAVED,1[1],1[1],256[256],32[32],TILE,BFLOAT16,DEV_1_DRAM_INTERLEAVED,1[1],1[1],32[1],32[32],TILE,BFLOAT16,DEV_1_DRAM_INTERLEAVED,,,,,,,,,,,,,,,,,,,,,,,,,,,,,,,,,,,,,,,,,,,,,,,,,,1[1],1[1],288[288],32[32],TILE,BFLOAT16,DEV_1_DRAM_INTERLEAVED,,,,,,,,,,,,,,,,,['ttnn/cpp/ttnn/operations/matmul/device/kernels/compute/bmm_large_block_zm_fused_bias_activation.cpp'],['bmm_large_block_zm_fused_bias_activation/2168610931193228605/'],['ttnn/cpp/ttnn/operations/matmul/device/kernels/dataflow/reader_bmm_tile_layout_in1_receiver_writer_padding.cpp'; 'ttnn/cpp/ttnn/operations/matmul/device/kernels/dataflow/reader_bmm_tile_layout_in1_sender_writer_padding.cpp'; 'ttnn/cpp/ttnn/operations/matmul/device/kernels/dataflow/reader_bmm_tile_layout_in0_sender_padding.cpp'],['reader_bmm_tile_layout_in1_receiver_writer_padding/13553072436853913734/'; 'reader_bmm_tile_layout_in1_sender_writer_padding/17475428285067537154/'; 'reader_bmm_tile_layout_in0_sender_padding/8041300386083492419/'],16294053291500015348,False,2268,680,1980,1572,2408,0,0,0,0,268,32,268,[550.208984375; 61.13432693481445],[68.776123046875],0.468,,,,,
MatmulDeviceOperation,tt_dnn_device,174080,0,blackhole,{'bcast_batch': 'true'; 'compute_kernel_config': 'ComputeKernelConfig(math_fidelity=HiFi4;math_approx_mode=0;fp32_dest_acc_en=1;packer_l1_acc=1;dst_full_sync_en=0;throttle_level=ThrottleLevel::NO_THROTTLE)'; 'global_cb': 'std::nullopt'; 'output_dtype': 'DataType::BFLOAT16'; 'output_mem_config': 'MemoryConfig(memory_layout=TensorMemoryLayout::INTERLEAVED;buffer_type=BufferType::DRAM;shard_spec=std::nullopt;nd_shard_spec=std::nullopt;created_with_nd_shard_spec=0)'; 'output_tile': 'Tile(tile_shape={32; 32};face_shape={16; 16};num_faces=4)'; 'program_config': 'MatmulMultiCoreReuseMultiCast1DProgramConfig(compute_with_storage_grid_size=(x=11;y=10);in0_block_w=1;out_subblock_h=1;out_subblock_w=1;out_block_h=1;out_block_w=1;per_core_M=1;per_core_N=1;fuse_batch=1;fused_activation=std::nullopt;mcast_in0=0;gather_in0=0;hop_cores={};num_global_cb_receivers=0;untilize_out=0)'; 'sub_device_id': 'std::nullopt'; 'transpose_a': 'false'; 'transpose_b': 'false'; 'untilize_out': 'false'; 'user_core_coord': '(x=11;y=10)'; 'user_fused_activation': 'std::nullopt'; 'user_run_batched': 'false'},HiFi4,9,110,,93656317161,93656363840,46679,7624256719628,7624256729652,214998,215100,7425,6865,6775,,,,541,6674,4993,6113,5060,5653,,,,,,1[1],1[1],288[288],256[256],TILE,BFLOAT16,DEV_1_DRAM_INTERLEAVED,1[1],1[1],256[256],32[32],TILE,BFLOAT16,DEV_1_DRAM_INTERLEAVED,1[1],1[1],32[1],32[32],TILE,BFLOAT16,DEV_1_DRAM_INTERLEAVED,,,,,,,,,,,,,,,,,,,,,,,,,,,,,,,,,,,,,,,,,,,,,,,,,,1[1],1[1],288[288],32[32],TILE,BFLOAT16,DEV_1_DRAM_INTERLEAVED,,,,,,,,,,,,,,,,,['ttnn/cpp/ttnn/operations/matmul/device/kernels/compute/bmm_large_block_zm_fused_bias_activation.cpp'],['bmm_large_block_zm_fused_bias_activation/2168610931193228605/'],['ttnn/cpp/ttnn/operations/matmul/device/kernels/dataflow/reader_bmm_tile_layout_in1_receiver_writer_padding.cpp'; 'ttnn/cpp/ttnn/operations/matmul/device/kernels/dataflow/reader_bmm_tile_layout_in1_sender_writer_padding.cpp'; 'ttnn/cpp/ttnn/operations/matmul/device/kernels/dataflow/reader_bmm_tile_layout_in0_sender_padding.cpp'],['reader_bmm_tile_layout_in1_receiver_writer_padding/13553072436853913734/'; 'reader_bmm_tile_layout_in1_sender_writer_padding/17475428285067537154/'; 'reader_bmm_tile_layout_in0_sender_padding/8041300386083492419/'],16294053291500015348,True,2268,680,1980,1572,2408,0,0,0,0,268,32,268,[550.208984375; 61.13432693481445],[68.776123046875],0.466,,,,,
PermuteDeviceOperation,tt_dnn_device,175104,0,blackhole,{'dims': '{0; 2; 3; 1}'; 'output_mem_config': 'MemoryConfig(memory_layout=TensorMemoryLayout::INTERLEAVED;buffer_type=BufferType::DRAM;shard_spec=std::nullopt;nd_shard_spec=std::nullopt;created_with_nd_shard_spec=0)'; 'pad_value': '0'},HiFi4,110,110,,93661290262,93661358583,68321,7624263434994,7624263453116,4967420,4967321,13424,12894,12893,,,,559,12823,8261,8444,8399,8828,,,,,,1[1],1[1],288[288],32[32],TILE,BFLOAT16,DEV_1_DRAM_INTERLEAVED,,,,,,,,,,,,,,,,,,,,,,,,,,,,,,,,,,,,,,,,,,,,,,,,,,,,,,,,,,,,,,,,1[1],288[288],32[32],32[1],TILE,BFLOAT16,DEV_1_DRAM_INTERLEAVED,,,,,,,,,,,,,,,,,['ttnn/cpp/ttnn/operations/data_movement/permute/device/kernels/compute/transpose_xw_tiled.cpp'],['transpose_xw_tiled/3700826860125243985/'],['ttnn/cpp/ttnn/operations/data_movement/permute/device/kernels/dataflow/writer_permute_interleaved_tiled_generic.cpp'; 'ttnn/cpp/ttnn/operations/data_movement/permute/device/kernels/dataflow/reader_permute_interleaved_tiled_generic.cpp'],['writer_permute_interleaved_tiled_generic/7935463194172988025/'; 'reader_permute_interleaved_tiled_generic/16086757020757737515/'],6020671791344146520,False,1112,1144,1764,1080,2748,0,0,0,0,1072,651,1072,[17.19403076171875],[550.208984375],5.049,,,,,
PermuteDeviceOperation,tt_dnn_device,176128,0,blackhole,{'dims': '{0; 3; 2; 1}'; 'output_mem_config': 'MemoryConfig(memory_layout=TensorMemoryLayout::INTERLEAVED;buffer_type=BufferType::DRAM;shard_spec=std::nullopt;nd_shard_spec=std::nullopt;created_with_nd_shard_spec=0)'; 'pad_value': '0'},HiFi4,110,110,,93664016222,93664072230,56008,7624267116683,7624267137352,2714301,2714383,15310,14757,14750,,,,547,14718,10144,10338,10281,10717,,,,,,1[1],1[1],288[288],32[32],TILE,BFLOAT16,DEV_1_DRAM_INTERLEAVED,,,,,,,,,,,,,,,,,,,,,,,,,,,,,,,,,,,,,,,,,,,,,,,,,,,,,,,,,,,,,,,,1[1],32[32],288[288],32[1],TILE,BFLOAT16,DEV_1_DRAM_INTERLEAVED,,,,,,,,,,,,,,,,,['ttnn/cpp/ttnn/operations/data_movement/permute/device/kernels/compute/transpose_xw_tiled.cpp'],['transpose_xw_tiled/3700826860125243985/'],['ttnn/cpp/ttnn/operations/data_movement/permute/device/kernels/dataflow/writer_permute_interleaved_tiled_generic.cpp'; 'ttnn/cpp/ttnn/operations/data_movement/permute/device/kernels/dataflow/reader_permute_interleaved_tiled_generic.cpp'],['writer_permute_interleaved_tiled_generic/14811419382607311620/'; 'reader_permute_interleaved_tiled_generic/16086757020757737515/'],6020671883500918597,False,1080,1144,1764,1080,2748,0,0,0,0,2244,2244,1072,[8.213903427124023],[262.84490966796875],15.206,,,,,
UntilizeWithUnpaddingDeviceOperation,tt_dnn_device,177152,0,blackhole,{'enough_space_height': 'true'; 'enough_space_width': 'true'; 'fp32_dest_acc_en': 'false'; 'output_mem_config': 'MemoryConfig(memory_layout=TensorMemoryLayout::INTERLEAVED;buffer_type=BufferType::DRAM;shard_spec=std::nullopt;nd_shard_spec=std::nullopt;created_with_nd_shard_spec=0)'; 'output_tensor_end': 'Shape([31; 287; 0])'; 'sub_core_grids': 'std::nullopt'; 'use_multicore': 'true'},HiFi4,96,110,,93669305912,93669376287,70375,7624274256537,7624274295615,5274497,5274497,28947,27949,27949,,,,568,27949,2496,2541,697,19449,,,,,,1[1],32[32],288[288],32[1],TILE,BFLOAT16,DEV_1_DRAM_INTERLEAVED,,,,,,,,,,,,,,,,,,,,,,,,,,,,,,,,,,,,,,,,,,,,,,,,,,,,,,,,,,,,,,,,1[1],32[32],288[288],1[1],ROW_MAJOR,BFLOAT16,DEV_1_DRAM_INTERLEAVED,,,,,,,,,,,,,,,,,['ttnn/cpp/ttnn/operations/data_movement/untilize/device/kernels/compute/untilize.cpp'],['untilize/14598893515600315013/'],['ttnn/cpp/ttnn/operations/data_movement/untilize_with_unpadding/device/kernels/dataflow/writer_unary_stick_layout_split_rows_multicore.cpp'; 'ttnn/cpp/ttnn/operations/eltwise/unary/device/kernels/dataflow/reader_unary_interleaved_start_id.cpp'],['writer_unary_stick_layout_split_rows_multicore/16062909771743976108/'; 'reader_unary_interleaved_start_id/17828978230959924579/'],16953984852946803075,False,1340,928,1076,760,2268,0,0,0,0,3591,3591,1072,[164.25062561035156],[5.132832050323486],12.848,,,,,
TilizeWithValPaddingDeviceOperation,tt_dnn_device,178176,0,blackhole,{'enough_space_height': 'true'; 'enough_space_width': 'true'; 'output_dtype': 'DataType::BFLOAT16'; 'output_mem_config': 'MemoryConfig(memory_layout=TensorMemoryLayout::INTERLEAVED;buffer_type=BufferType::DRAM;shard_spec=std::nullopt;nd_shard_spec=std::nullopt;created_with_nd_shard_spec=0)'; 'output_padded_shape': 'Shape([9216; 32])'; 'pad_value': '0'; 'sub_core_grids': 'std::nullopt'; 'use_multicore': 'true'},HiFi4,96,110,,93673973417,93674034695,61278,7624280557070,7624280584352,4639015,4639195,20209,19207,19207,,,,558,19207,18910,18841,640,18878,,,,,,1[1],1[1],9216[9216],1[1],ROW_MAJOR,BFLOAT16,DEV_1_DRAM_INTERLEAVED,,,,,,,,,,,,,,,,,,,,,,,,,,,,,,,,,,,,,,,,,,,,,,,,,,,,,,,,,,,,,,,,1[1],1[1],9216[9216],32[1],TILE,BFLOAT16,DEV_1_DRAM_INTERLEAVED,,,,,,,,,,,,,,,,,['ttnn/cpp/ttnn/kernel/compute/tilize.cpp'],['tilize/7536982316202289583/'],['ttnn/cpp/ttnn/operations/eltwise/unary/device/kernels/dataflow/writer_unary_interleaved_start_id.cpp'; 'ttnn/cpp/ttnn/operations/data_movement/tilize_with_val_padding/device/kernels/dataflow/reader_unary_pad_dims_split_rows_multicore.cpp'],['writer_unary_interleaved_start_id/6276820466797607771/'; 'reader_unary_pad_dims_split_rows_multicore/14472615118499954527/'],17453325207707020084,False,1000,1836,1296,696,1672,0,0,0,0,1,1,1,[],[],0.005,,,,,
BinaryNgDeviceOperation,tt_dnn_device,179200,0,blackhole,{'binary_op_type': 'BinaryOpType::MUL'; 'compute_kernel_config': 'std::nullopt'; 'dtype': 'DataType::BFLOAT16'; 'input_dtype': 'DataType::BFLOAT16'; 'is_quant_op': 'false'; 'is_sfpu': 'true'; 'is_where_op': 'false'; 'lhs_activations': '{}'; 'memory_config': 'MemoryConfig(memory_layout=TensorMemoryLayout::INTERLEAVED;buffer_type=BufferType::DRAM;shard_spec=std::nullopt;nd_shard_spec=std::nullopt;created_with_nd_shard_spec=0)'; 'post_activations': '{}'; 'rhs_activations': '{}'; 'scalar': '1'; 'sub_core_grids': 'std::nullopt'; 'subtile_broadcast_type': 'SubtileBroadcastType::NONE'; 'worker_grid': '{[(x=0;y=0) - (x=10;y=9)]}'},HiFi4,110,110,,93674191846,93674247383,55537,7624280854902,7624280862231,200919,200930,5429,4901,4899,,,,564,4843,2759,2830,3761,3995,,,,,,1[1],288[288],32[32],32[1],TILE,BFLOAT16,DEV_1_DRAM_INTERLEAVED,,,,,,,,,,,,,,,,,,,,,,,,,,,,,,,,,,,,,,,,,,,,,,,,,,,,,,,,,,,,,,,,1[1],288[288],32[32],32[1],TILE,BFLOAT16,DEV_1_DRAM_INTERLEAVED,,,,,,,,,,,,,,,,,['ttnn/cpp/ttnn/operations/eltwise/binary_ng/device/kernels/compute/eltwise_binary_sfpu_scalar.cpp'],['eltwise_binary_sfpu_scalar/6302317103236044736/'],['ttnn/cpp/ttnn/operations/eltwise/binary_ng/device/kernels/dataflow/reader_interleaved_no_bcast.cpp'; 'ttnn/cpp/ttnn/operations/eltwise/binary_ng/device/kernels/dataflow/writer_interleaved_scalar.cpp'],['reader_interleaved_no_bcast/15501400787415134526/'; 'writer_interleaved_scalar/13747915134593411132/'],15691238620557725211,True,1228,1256,1532,1264,1296,0,0,0,0,1,1,1,[],[],0.02,,,,,
MatmulDeviceOperation,tt_dnn_device,180224,0,blackhole,{'bcast_batch': 'true'; 'compute_kernel_config': 'ComputeKernelConfig(math_fidelity=HiFi4;math_approx_mode=0;fp32_dest_acc_en=1;packer_l1_acc=1;dst_full_sync_en=0;throttle_level=ThrottleLevel::NO_THROTTLE)'; 'global_cb': 'std::nullopt'; 'output_dtype': 'DataType::BFLOAT16'; 'output_mem_config': 'MemoryConfig(memory_layout=TensorMemoryLayout::INTERLEAVED;buffer_type=BufferType::DRAM;shard_spec=std::nullopt;nd_shard_spec=std::nullopt;created_with_nd_shard_spec=0)'; 'output_tile': 'Tile(tile_shape={32; 32};face_shape={16; 16};num_faces=4)'; 'program_config': 'MatmulMultiCoreReuseMultiCastProgramConfig(compute_with_storage_grid_size=(x=11;y=10);in0_block_w=1;out_subblock_h=1;out_subblock_w=3;out_block_h=29;out_block_w=3;per_core_M=29;per_core_N=27;transpose_mcast=0;fused_activation=std::nullopt;fuse_batch=0)'; 'sub_device_id': 'std::nullopt'; 'transpose_a': 'false'; 'transpose_b': 'true'; 'untilize_out': 'false'; 'user_core_coord': 'std::nullopt'; 'user_fused_activation': 'std::nullopt'; 'user_run_batched': 'false'},HiFi4,110,110,,93681843557,93681937447,93890,7624291184944,7624292493839,7648337,7648349,969552,967653,967647,,,,567,967647,896159,900173,900791,900838,,,,,,1[1],1[1],9216[9216],32[1],TILE,BFLOAT16,DEV_1_DRAM_INTERLEAVED,1[1],1[1],9216[9216],32[1],TILE,BFLOAT16,DEV_1_DRAM_INTERLEAVED,,,,,,,,,,,,,,,,,,,,,,,,,,,,,,,,,,,,,,,,,,,,,,,,,,,,,,,,,1[1],1[1],9216[9216],9216[9216],TILE,BFLOAT16,DEV_1_DRAM_INTERLEAVED,,,,,,,,,,,,,,,,,['ttnn/cpp/ttnn/operations/matmul/device/kernels/compute/bmm_large_block_zm_fused_bias_activation.cpp'],['bmm_large_block_zm_fused_bias_activation/17011991442953904925/'],['ttnn/cpp/ttnn/operations/matmul/device/kernels/dataflow/reader_bmm_tile_layout_in0_receiver.cpp'; 'ttnn/cpp/ttnn/operations/matmul/device/kernels/dataflow/reader_bmm_tile_layout_in1_receiver_writer_padding.cpp'; 'ttnn/cpp/ttnn/operations/matmul/device/kernels/dataflow/reader_bmm_tile_layout_in1_sender_writer_padding.cpp'; 'ttnn/cpp/ttnn/operations/matmul/device/kernels/dataflow/reader_bmm_tile_layout_in0_sender_padding.cpp'],['reader_bmm_tile_layout_in0_receiver/845774383565853096/'; 'reader_bmm_tile_layout_in1_receiver_writer_padding/1689682983056826671/'; 'reader_bmm_tile_layout_in1_sender_writer_padding/14286486610988475284/'; 'reader_bmm_tile_layout_in0_sender_padding/1937095211725684913/'],11120590440074740615,False,2272,1468,1628,1628,1936,0,0,0,0,308990,1118,308990,[1.9088772535324097; 1.9088772535324097],[549.7566528320312],0.116,,,,,
UntilizeDeviceOperation,tt_dnn_device,181248,0,blackhole,{'enough_space_height': 'true'; 'enough_space_width': 'true'; 'fp32_dest_acc_en': 'false'; 'output_mem_config': 'MemoryConfig(memory_layout=TensorMemoryLayout::INTERLEAVED;buffer_type=BufferType::DRAM;shard_spec=std::nullopt;nd_shard_spec=std::nullopt;created_with_nd_shard_spec=0)'; 'pf_type': '1'; 'sub_core_grids': 'std::nullopt'; 'use_multicore': 'true'},HiFi4,100,110,,93692626737,93692721038,94301,7624305767088,7624306973275,9843112,9843110,893472,882403,882402,,,,558,882402,855326,871279,871208,872889,,,,,,1[1],1[1],9216[9216],9216[9216],TILE,BFLOAT16,DEV_1_DRAM_INTERLEAVED,,,,,,,,,,,,,,,,,,,,,,,,,,,,,,,,,,,,,,,,,,,,,,,,,,,,,,,,,,,,,,,,1[1],1[1],9216[9216],9216[9216],ROW_MAJOR,BFLOAT16,DEV_1_DRAM_INTERLEAVED,,,,,,,,,,,,,,,,,['ttnn/cpp/ttnn/operations/data_movement/untilize/device/kernels/compute/untilize_wh.cpp'],['untilize_wh/4502215952345497706/'],['ttnn/cpp/ttnn/operations/data_movement/untilize_with_unpadding/device/kernels/dataflow/writer_unary_stick_layout_wh_multicore.cpp'; 'ttnn/cpp/ttnn/operations/eltwise/unary/device/kernels/dataflow/reader_unary_interleaved_wh_multicore.cpp'],['writer_unary_stick_layout_wh_multicore/5982521402100270698/'; 'reader_unary_interleaved_wh_multicore/8397063767344784194/'],16364214799995266330,False,1480,688,1156,1204,2344,0,0,0,0,1009263,1009263,308990,[168.3102569580078],[168.3102569580078],114.377,,,,,
ReshapeViewDeviceOperation,tt_dnn_device,182272,0,blackhole,{'logical_output_shape': 'Shape([294912; 288])'; 'output_mem_config': 'MemoryConfig(memory_layout=TensorMemoryLayout::INTERLEAVED;buffer_type=BufferType::DRAM;shard_spec=std::nullopt;nd_shard_spec=std::nullopt;created_with_nd_shard_spec=0)'; 'padded_output_shape': 'Shape([294912; 288])'; 'recreate_mapping_tensor': 'false'; 'sub_core_grid': 'std::nullopt'},,110,110,,93695958489,93696013174,54685,7624310229610,7624311847706,2412637,2412637,1198590,1198052,1198052,,,,546,966461,1198052,,,,,,,,,1[1],1[1],9216[9216],9216[9216],ROW_MAJOR,BFLOAT16,DEV_1_DRAM_INTERLEAVED,,,,,,,,,,,,,,,,,,,,,,,,,,,,,,,,,,,,,,,,,,,,,,,,,,,,,,,,,,,,,,,,1[1],1[1],294912[294912],288[288],ROW_MAJOR,BFLOAT16,DEV_1_DRAM_INTERLEAVED,,,,,,,,,,,,,,,,,[],[],['ttnn/cpp/ttnn/operations/data_movement/reshape_view/device/device/rm_reshape_interleaved.cpp'],['rm_reshape_interleaved/9442750713519455817/'],13387720420309696525,False,1596,1592,0,0,0,0,0,0,0,1,1,1,[],[],0.0,,,,,
TilizeDeviceOperation,tt_dnn_device,183296,0,blackhole,{'enough_space_height': 'true'; 'enough_space_width': 'true'; 'output_dtype': 'DataType::BFLOAT16'; 'output_mem_config': 'MemoryConfig(memory_layout=TensorMemoryLayout::INTERLEAVED;buffer_type=BufferType::DRAM;shard_spec=std::nullopt;nd_shard_spec=std::nullopt;created_with_nd_shard_spec=0)'; 'sub_core_grids': 'std::nullopt'; 'use_low_perf': 'false'; 'use_multicore': 'true'},HiFi4,110,110,,93702434755,93702511703,76948,7624318973417,7624320244470,5279826,5279831,941521,939996,939996,,,,562,939996,938436,938613,938686,938906,,,,,,1[1],288[288],1024[1024],288[288],ROW_MAJOR,BFLOAT16,DEV_1_DRAM_INTERLEAVED,,,,,,,,,,,,,,,,,,,,,,,,,,,,,,,,,,,,,,,,,,,,,,,,,,,,,,,,,,,,,,,,1[1],288[288],1024[1024],288[288],TILE,BFLOAT16,DEV_1_DRAM_INTERLEAVED,,,,,,,,,,,,,,,,,['ttnn/cpp/ttnn/kernel/compute/tilize.cpp'],['tilize/12061752242369301704/'],['ttnn/cpp/ttnn/operations/eltwise/unary/device/kernels/dataflow/writer_unary_interleaved_start_id.cpp'; 'ttnn/cpp/ttnn/operations/data_movement/tilize/device/kernels/dataflow/reader_unary_stick_layout_split_rows_multicore.cpp'],['writer_unary_interleaved_start_id/6276820466797607771/'; 'reader_unary_stick_layout_split_rows_multicore/3375219457389867534/'],942223227813711344,False,1000,756,1356,900,1720,0,0,0,0,1,1,1,[],[],0.0,,,,,
TransposeDeviceOperation,tt_dnn_device,184320,0,blackhole,{'dim': 'TransposeOpDim::WH'; 'output_mem_config': 'MemoryConfig(memory_layout=TensorMemoryLayout::INTERLEAVED;buffer_type=BufferType::DRAM;shard_spec=std::nullopt;nd_shard_spec=std::nullopt;created_with_nd_shard_spec=0)'; 'pad_value': '0'},HiFi4,110,110,,93703195735,93703282572,86837,7624320253473,7624321429792,7213,7213,871347,870809,870809,,,,560,870687,870496,870481,869273,870096,,,,,,1[1],288[288],1024[1024],288[288],TILE,BFLOAT16,DEV_1_DRAM_INTERLEAVED,,,,,,,,,,,,,,,,,,,,,,,,,,,,,,,,,,,,,,,,,,,,,,,,,,,,,,,,,,,,,,,,1[1],288[288],288[288],1024[1024],TILE,BFLOAT16,DEV_1_DRAM_INTERLEAVED,,,,,,,,,,,,,,,,,['ttnn/cpp/ttnn/operations/data_movement/transpose/device/kernels/compute/transpose_wh.cpp'],['transpose_wh/14581025993053660267/'],['ttnn/cpp/ttnn/operations/eltwise/unary/device/kernels/dataflow/writer_unary_interleaved_start_id.cpp'; 'ttnn/cpp/ttnn/operations/data_movement/transpose/device/kernels/dataflow/reader_unary_transpose_wh_interleaved_start_id.cpp'],['writer_unary_interleaved_start_id/6276820466797607771/'; 'reader_unary_transpose_wh_interleaved_start_id/890651917070584162/'],16461604712198312856,False,1000,1012,1140,648,1296,0,0,0,0,1024143,1024143,308990,[165.86483764648438],[165.86483764648438],117.608,,,,,
BinaryNgDeviceOperation,tt_dnn_device,185344,0,blackhole,{'binary_op_type': 'BinaryOpType::MUL'; 'compute_kernel_config': 'std::nullopt'; 'dtype': 'DataType::BFLOAT16'; 'input_dtype': 'DataType::BFLOAT16'; 'is_quant_op': 'false'; 'is_sfpu': 'true'; 'is_where_op': 'false'; 'lhs_activations': '{}'; 'memory_config': 'MemoryConfig(memory_layout=TensorMemoryLayout::INTERLEAVED;buffer_type=BufferType::DRAM;shard_spec=std::nullopt;nd_shard_spec=std::nullopt;created_with_nd_shard_spec=0)'; 'post_activations': '{}'; 'rhs_activations': '{}'; 'scalar': '1'; 'sub_core_grids': 'std::nullopt'; 'subtile_broadcast_type': 'SubtileBroadcastType::NONE'; 'worker_grid': '{[(x=0;y=0) - (x=10;y=9)]}'},HiFi4,110,110,,93703540196,93703619197,79001,7624320947725,7624321434043,302,302,360236,2843,2843,,,,1369,2843,1360,2630,2422,1516,,,,,,1[1],1[1],32[1],128[128],TILE,BFLOAT16,DEV_1_DRAM_INTERLEAVED,,,,,,,,,,,,,,,,,,,,,,,,,,,,,,,,,,,,,,,,,,,,,,,,,,,,,,,,,,,,,,,,1[1],1[1],32[1],128[128],TILE,BFLOAT16,DEV_1_DRAM_INTERLEAVED,,,,,,,,,,,,,,,,,['ttnn/cpp/ttnn/operations/eltwise/binary_ng/device/kernels/compute/eltwise_binary_sfpu_scalar.cpp'],['eltwise_binary_sfpu_scalar/6302317103236044736/'],['ttnn/cpp/ttnn/operations/eltwise/binary_ng/device/kernels/dataflow/reader_interleaved_no_bcast.cpp'; 'ttnn/cpp/ttnn/operations/eltwise/binary_ng/device/kernels/dataflow/writer_interleaved_scalar.cpp'],['reader_interleaved_no_bcast/15501400787415134526/'; 'writer_interleaved_scalar/13747915134593411132/'],15691238620557725211,True,1228,1256,1532,1264,1296,0,0,0,0,1,1,1,[],[],0.035,,,,,
MatmulDeviceOperation,tt_dnn_device,186368,0,blackhole,{'bcast_batch': 'true'; 'compute_kernel_config': 'ComputeKernelConfig(math_fidelity=HiFi4;math_approx_mode=0;fp32_dest_acc_en=1;packer_l1_acc=1;dst_full_sync_en=0;throttle_level=ThrottleLevel::NO_THROTTLE)'; 'global_cb': 'std::nullopt'; 'output_dtype': 'DataType::BFLOAT16'; 'output_mem_config': 'MemoryConfig(memory_layout=TensorMemoryLayout::INTERLEAVED;buffer_type=BufferType::DRAM;shard_spec=std::nullopt;nd_shard_spec=std::nullopt;created_with_nd_shard_spec=0)'; 'output_tile': 'Tile(tile_shape={32; 32};face_shape={16; 16};num_faces=4)'; 'program_config': 'MatmulMultiCoreReuseMultiCast1DProgramConfig(compute_with_storage_grid_size=(x=11;y=10);in0_block_w=2;out_subblock_h=2;out_subblock_w=2;out_block_h=24;out_block_w=4;per_core_M=24;per_core_N=4;fuse_batch=0;fused_activation=std::nullopt;mcast_in0=0;gather_in0=0;hop_cores={};num_global_cb_receivers=0;untilize_out=0)'; 'sub_device_id': 'std::nullopt'; 'transpose_a': 'false'; 'transpose_b': 'false'; 'untilize_out': 'false'; 'user_core_coord': 'std::nullopt'; 'user_fused_activation': 'std::nullopt'; 'user_run_batched': 'false'},HiFi4,108,110,,93710024247,93710124619,100372,7624329221782,7624330751668,5770290,5770290,1133249,1131656,1131656,,,,591,1131656,1002207,1020122,1019895,1020184,,,,,,1[1],1[1],82944[82944],1024[1024],TILE,BFLOAT16,DEV_1_DRAM_INTERLEAVED,1[1],1[1],1024[1024],128[128],TILE,BFLOAT16,DEV_1_DRAM_INTERLEAVED,1[1],1[1],32[1],128[128],TILE,BFLOAT16,DEV_1_DRAM_INTERLEAVED,,,,,,,,,,,,,,,,,,,,,,,,,,,,,,,,,,,,,,,,,,,,,,,,,,1[1],1[1],82944[82944],128[128],TILE,BFLOAT16,DEV_1_DRAM_INTERLEAVED,,,,,,,,,,,,,,,,,['ttnn/cpp/ttnn/operations/matmul/device/kernels/compute/bmm_large_block_zm_fused_bias_activation.cpp'],['bmm_large_block_zm_fused_bias_activation/10122991816653124442/'],['ttnn/cpp/ttnn/operations/matmul/device/kernels/dataflow/reader_bmm_tile_layout_in1_receiver_writer_padding.cpp'; 'ttnn/cpp/ttnn/operations/matmul/device/kernels/dataflow/reader_bmm_tile_layout_in1_sender_writer_padding.cpp'; 'ttnn/cpp/ttnn/operations/matmul/device/kernels/dataflow/reader_bmm_tile_layout_in0_sender_padding.cpp'],['reader_bmm_tile_layout_in1_receiver_writer_padding/10933918222903490883/'; 'reader_bmm_tile_layout_in1_sender_writer_padding/661007060411339295/'; 'reader_bmm_tile_layout_in0_sender_padding/9748702780105566829/'],290524960780084260,False,2464,828,2316,1908,3512,0,0,0,0,308990,142989,308990,[549.7566528320312; 0.8483899235725403],[68.7195816040039],12.635,,,,,
GenericOpDeviceOperation,tt_dnn_device,187392,0,blackhole,{'num_mesh_programs': '1'},HiFi4,110,110,,93711670525,93711736211,65686,7624331426373,7624331630398,500326,500326,151130,150594,150594,,,,554,150516,147987,148739,150247,149620,,,,,,1[1],288[288],288[288],128[128],TILE,BFLOAT16,DEV_1_DRAM_INTERLEAVED,1[1],288[288],288[288],128[128],TILE,BFLOAT16,DEV_1_DRAM_INTERLEAVED,1[1],288[288],288[288],128[128],TILE,BFLOAT16,DEV_1_DRAM_INTERLEAVED,1[1],288[288],288[288],128[128],TILE,BFLOAT16,DEV_1_DRAM_INTERLEAVED,,,,,,,,,,,,,,,,,,,,,,,,,,,,,,,,,,,,,,,,,,,1[1],288[288],288[288],128[128],TILE,BFLOAT16,DEV_1_DRAM_INTERLEAVED,,,,,,,,,,,,,,,,,['/home/ttuser/.coworker/wt/bcp-evo/tt_bio/kernels/rne_add/compute_rne_add.cpp'],['compute_rne_add/15506775982570106819/'],['/home/ttuser/.coworker/wt/bcp-evo/tt_bio/kernels/rne_add/writer_rne_add.cpp'; '/home/ttuser/.coworker/wt/bcp-evo/tt_bio/kernels/rne_add/reader_rne_add.cpp'],['writer_rne_add/11689109000663956392/'; 'reader_rne_add/5462348467134491698/'],16281275380064118936,False,768,1412,1604,1376,1432,0,0,0,0,1,1,1,[],[],0.001,,,,,
LayerNormDeviceOperation,tt_dnn_device,188416,0,blackhole,{'compute_kernel_config': 'ComputeKernelConfig(math_fidelity=HiFi4;math_approx_mode=0;fp32_dest_acc_en=1;packer_l1_acc=1;dst_full_sync_en=0;throttle_level=ThrottleLevel::NO_THROTTLE)'; 'distributed_norm_stage': 'DistributedLayerNormStage::NOT_DISTRIBUTED'; 'dtype': 'std::nullopt'; 'eps': '1e-05'; 'fused_activation': 'std::nullopt'; 'norm_type': 'LayerNormType::LAYERNORM'; 'output_mem_config': 'MemoryConfig(memory_layout=TensorMemoryLayout::INTERLEAVED;buffer_type=BufferType::DRAM;shard_spec=std::nullopt;nd_shard_spec=std::nullopt;created_with_nd_shard_spec=0)'; 'program_config': 'LayerNormDefaultProgramConfig(legacy_reduction=0;legacy_rsqrt=0;use_welford=0)'},HiFi4,110,110,,93713483464,93713543068,59604,7624333867842,7624334034794,1657901,1658073,123668,123129,122954,,,,696,122896,115301,122480,122343,122457,,,,,,1[1],288[288],288[288],128[128],TILE,BFLOAT16,DEV_1_DRAM_INTERLEAVED,1[1],1[1],32[1],128[128],TILE,BFLOAT16,DEV_1_DRAM_INTERLEAVED,1[1],1[1],32[1],128[128],TILE,BFLOAT16,DEV_1_DRAM_INTERLEAVED,,,,,,,,,,,,,,,,,,,,,,,,,,,,,,,,,,,,,,,,,,,,,,,,,,1[1],288[288],288[288],128[128],TILE,BFLOAT16,DEV_1_DRAM_INTERLEAVED,,,,,,,,,,,,,,,,,['ttnn/cpp/ttnn/operations/normalization/layernorm/device/kernels/compute/layernorm.cpp'],['layernorm/14806225178095602344/'],['ttnn/cpp/ttnn/operations/normalization/layernorm/device/kernels/dataflow/writer_unary_interleaved_start_id_blocked.cpp'; 'ttnn/cpp/ttnn/operations/normalization/layernorm/device/kernels/dataflow/reader_unary_interleaved_ln.cpp'],['writer_unary_interleaved_start_id_blocked/1072855677011524085/'; 'reader_unary_interleaved_ln/12670039668448626785/'],2703445868539915113,True,812,2112,4672,4696,5564,0,0,0,0,1,1,1,[],[],0.001,,,,,
MinimalMatmulDeviceOperation,tt_dnn_device,189440,0,blackhole,{'chunks': '1'; 'compute_kernel_config': 'ComputeKernelConfig(math_fidelity=HiFi4;math_approx_mode=0;fp32_dest_acc_en=1;packer_l1_acc=1;dst_full_sync_en=0;throttle_level=ThrottleLevel::NO_THROTTLE)'; 'config': 'std::nullopt'; 'dim': '-1'; 'fused_activation': 'std::nullopt'; 'fused_ternary_scalar': 'std::nullopt'; 'output_dtype': 'DataType::BFLOAT16'; 'output_mem_config': 'MemoryConfig(memory_layout=TensorMemoryLayout::INTERLEAVED;buffer_type=BufferType::DRAM;shard_spec=std::nullopt;nd_shard_spec=std::nullopt;created_with_nd_shard_spec=0)'},HiFi4,110,110,,93721238052,93721313557,75505,7624344317302,7624344925192,7618154,7618166,450289,448787,448783,,,,562,441606,448778,448570,448541,448665,,,,,,1[1],288[288],288[288],128[128],TILE,BFLOAT16,DEV_1_DRAM_INTERLEAVED,1[1],1[1],128[128],512[512],TILE,BFLOAT16,DEV_1_DRAM_INTERLEAVED,1[1],1[1],32[1],512[512],TILE,BFLOAT16,DEV_1_DRAM_INTERLEAVED,,,,,,,,,,,,,,,,,,,,,,,,,,,,,,,,,,,,,,,,,,,,,,,,,,1[1],288[288],288[288],512[512],TILE,BFLOAT16,DEV_1_DRAM_INTERLEAVED,,,,,,,,,,,,,,,,,['ttnn/cpp/ttnn/operations/experimental/minimal_matmul/device/kernels/compute.cpp'],['compute/9886034342289370308/'],['ttnn/cpp/ttnn/operations/experimental/minimal_matmul/device/kernels/dm_in1_sender_out.cpp'; 'ttnn/cpp/ttnn/operations/experimental/minimal_matmul/device/kernels/dm_in0_sender.cpp'],['dm_in1_sender_out/1322033097880513244/'; 'dm_in0_sender/3817655575592439204/'],18006847517563646066,False,2540,2168,2892,2584,2768,0,0,0,0,1,1,1,[],[],0.0,,,,,
GenericOpDeviceOperation,tt_dnn_device,190464,0,blackhole,{'num_mesh_programs': '1'},HiFi4,110,110,,93727419322,93727476662,57340,7624352607434,7624352906090,5691094,5691208,221227,220698,220587,,,,605,220521,169902,176616,176570,176501,,,,,,1[1],288[288],288[288],512[512],TILE,BFLOAT16,DEV_1_DRAM_INTERLEAVED,1[1],128[128],288[288],288[288],TILE,BFLOAT16,DEV_1_DRAM_INTERLEAVED,1[1],128[128],288[288],288[288],TILE,BFLOAT16,DEV_1_DRAM_INTERLEAVED,,,,,,,,,,,,,,,,,,,,,,,,,,,,,,,,,,,,,,,,,,,,,,,,,,1[1],128[128],288[288],288[288],TILE,BFLOAT16,DEV_1_DRAM_INTERLEAVED,,,,,,,,,,,,,,,,,['/home/ttuser/.coworker/wt/bcp-evo/tt_bio/kernels/reblock_permute_gated/compute_reblock_permute_gated.cpp'],['compute_reblock_permute_gated/12593050776112047065/'],['/home/ttuser/.coworker/wt/bcp-evo/tt_bio/kernels/reblock_permute_gated/writer_reblock_permute_gated.cpp'; '/home/ttuser/.coworker/wt/bcp-evo/tt_bio/kernels/reblock_permute_gated/reader_reblock_permute_gated.cpp'],['writer_reblock_permute_gated/8552877936627637250/'; 'reader_reblock_permute_gated/5612551769286026/'],13432334433755954035,False,1652,2412,2632,2740,2660,0,0,0,0,1,1,1,[],[],0.0,,,,,
GenericOpDeviceOperation,tt_dnn_device,191488,0,blackhole,{'num_mesh_programs': '1'},HiFi4,110,110,,93727774393,93727805293,30900,7624353088412,7624353387378,135598,135681,221456,220921,220838,,,,630,220747,170068,176861,176800,176730,,,,,,1[1],288[288],288[288],512[512],TILE,BFLOAT16,DEV_1_DRAM_INTERLEAVED,1[1],128[128],288[288],288[288],TILE,BFLOAT16,DEV_1_DRAM_INTERLEAVED,1[1],128[128],288[288],288[288],TILE,BFLOAT16,DEV_1_DRAM_INTERLEAVED,,,,,,,,,,,,,,,,,,,,,,,,,,,,,,,,,,,,,,,,,,,,,,,,,,1[1],128[128],288[288],288[288],TILE,BFLOAT16,DEV_1_DRAM_INTERLEAVED,,,,,,,,,,,,,,,,,['/home/ttuser/.coworker/wt/bcp-evo/tt_bio/kernels/reblock_permute_gated/compute_reblock_permute_gated.cpp'],['compute_reblock_permute_gated/12593050776112047065/'],['/home/ttuser/.coworker/wt/bcp-evo/tt_bio/kernels/reblock_permute_gated/writer_reblock_permute_gated.cpp'; '/home/ttuser/.coworker/wt/bcp-evo/tt_bio/kernels/reblock_permute_gated/reader_reblock_permute_gated.cpp'],['writer_reblock_permute_gated/8552877936627637250/'; 'reader_reblock_permute_gated/5612551769286026/'],13432334433755954035,True,1652,2412,2632,2740,2660,0,0,0,0,1,1,1,[],[],0.0,,,,,
MatmulDeviceOperation,tt_dnn_device,192512,0,blackhole,{'bcast_batch': 'false'; 'compute_kernel_config': 'ComputeKernelConfig(math_fidelity=HiFi4;math_approx_mode=0;fp32_dest_acc_en=1;packer_l1_acc=1;dst_full_sync_en=0;throttle_level=ThrottleLevel::NO_THROTTLE)'; 'global_cb': 'std::nullopt'; 'output_dtype': 'DataType::BFLOAT16'; 'output_mem_config': 'MemoryConfig(memory_layout=TensorMemoryLayout::INTERLEAVED;buffer_type=BufferType::DRAM;shard_spec=std::nullopt;nd_shard_spec=std::nullopt;created_with_nd_shard_spec=0)'; 'output_tile': 'Tile(tile_shape={32; 32};face_shape={16; 16};num_faces=4)'; 'program_config': 'MatmulMultiCoreReuseMultiCastProgramConfig(compute_with_storage_grid_size=(x=11;y=10);in0_block_w=9;out_subblock_h=1;out_subblock_w=1;out_block_h=1;out_block_w=1;per_core_M=1;per_core_N=1;transpose_mcast=0;fused_activation=std::nullopt;fuse_batch=0)'; 'sub_device_id': 'std::nullopt'; 'transpose_a': 'false'; 'transpose_b': 'true'; 'untilize_out': 'false'; 'user_core_coord': 'std::nullopt'; 'user_fused_activation': 'std::nullopt'; 'user_run_batched': 'true'},HiFi4,81,110,,93735400575,93735500367,99792,7624363375831,7624363772484,7400641,7400657,293817,292010,292006,,,,558,292004,288607,291197,291461,291477,,,,,,1[1],128[128],288[288],288[288],TILE,BFLOAT16,DEV_1_DRAM_INTERLEAVED,1[1],128[128],288[288],288[288],TILE,BFLOAT16,DEV_1_DRAM_INTERLEAVED,,,,,,,,,,,,,,,,,,,,,,,,,,,,,,,,,,,,,,,,,,,,,,,,,,,,,,,,,1[1],128[128],288[288],288[288],TILE,BFLOAT16,DEV_1_DRAM_INTERLEAVED,,,,,,,,,,,,,,,,,['ttnn/cpp/ttnn/operations/matmul/device/kernels/compute/bmm_large_block_zm_fused_bias_activation.cpp'],['bmm_large_block_zm_fused_bias_activation/3198512849830083402/'],['ttnn/cpp/ttnn/operations/matmul/device/kernels/dataflow/reader_bmm_tile_layout_in0_receiver.cpp'; 'ttnn/cpp/ttnn/operations/matmul/device/kernels/dataflow/reader_bmm_tile_layout_in1_receiver_writer_padding.cpp'; 'ttnn/cpp/ttnn/operations/matmul/device/kernels/dataflow/reader_bmm_tile_layout_in1_sender_writer_padding.cpp'; 'ttnn/cpp/ttnn/operations/matmul/device/kernels/dataflow/reader_bmm_tile_layout_in0_sender_padding.cpp'],['reader_bmm_tile_layout_in0_receiver/11551938741952917079/'; 'reader_bmm_tile_layout_in1_receiver_writer_padding/9019629390541850968/'; 'reader_bmm_tile_layout_in1_sender_writer_padding/2735014010121070461/'; 'reader_bmm_tile_layout_in0_sender_padding/4577283022765865931/'],7381053692621358630,False,2148,1216,1640,1512,1660,0,0,0,0,40216,40216,38623,[527.990478515625; 527.990478515625],[527.990478515625],13.772,,,,,
GenericOpDeviceOperation,tt_dnn_device,193536,0,blackhole,{'num_mesh_programs': '1'},HiFi2,110,110,,93742483736,93742603786,120050,7624372908499,7624373130932,6767987,6768029,164765,164219,164154,,,,601,164088,161879,161948,160816,160784,,,,,,1[1],128[128],288[288],288[288],TILE,BFLOAT16,DEV_1_DRAM_INTERLEAVED,1[1],288[288],288[288],128[128],TILE,BFLOAT16,DEV_1_DRAM_INTERLEAVED,1[1],288[288],288[288],128[128],TILE,BFLOAT16,DEV_1_DRAM_INTERLEAVED,,,,,,,,,,,,,,,,,,,,,,,,,,,,,,,,,,,,,,,,,,,,,,,,,,1[1],288[288],288[288],128[128],TILE,BFLOAT16,DEV_1_DRAM_INTERLEAVED,,,,,,,,,,,,,,,,,['/home/ttuser/.coworker/wt/bcp-evo/tt_bio/kernels/reblock_permute/compute_reblock_permute.cpp'],['compute_reblock_permute/8664219691617291280/'],['/home/ttuser/.coworker/wt/bcp-evo/tt_bio/kernels/reblock_permute_back/writer_reblock_permute_back.cpp'; '/home/ttuser/.coworker/wt/bcp-evo/tt_bio/kernels/reblock_permute_back/reader_reblock_permute_back.cpp'],['writer_reblock_permute_back/16104139510508165148/'; 'reader_reblock_permute_back/16107670734854057122/'],5219768147295344545,False,876,1532,1604,900,1744,0,0,0,0,1,1,1,[],[],0.001,,,,,
LayerNormDeviceOperation,tt_dnn_device,194560,0,blackhole,{'compute_kernel_config': 'ComputeKernelConfig(math_fidelity=HiFi4;math_approx_mode=0;fp32_dest_acc_en=1;packer_l1_acc=1;dst_full_sync_en=0;throttle_level=ThrottleLevel::NO_THROTTLE)'; 'distributed_norm_stage': 'DistributedLayerNormStage::NOT_DISTRIBUTED'; 'dtype': 'std::nullopt'; 'eps': '1e-05'; 'fused_activation': 'std::nullopt'; 'norm_type': 'LayerNormType::LAYERNORM'; 'output_mem_config': 'MemoryConfig(memory_layout=TensorMemoryLayout::INTERLEAVED;buffer_type=BufferType::DRAM;shard_spec=std::nullopt;nd_shard_spec=std::nullopt;created_with_nd_shard_spec=0)'; 'program_config': 'LayerNormDefaultProgramConfig(legacy_reduction=0;legacy_rsqrt=0;use_welford=0)'},HiFi4,110,110,,93743236861,93743400555,163694,7624373929415,7624374094869,592007,592167,122559,122020,121861,,,,661,121789,114261,121374,121233,121361,,,,,,1[1],288[288],288[288],128[128],TILE,BFLOAT16,DEV_1_DRAM_INTERLEAVED,1[1],1[1],32[1],128[128],TILE,BFLOAT16,DEV_1_DRAM_INTERLEAVED,1[1],1[1],32[1],128[128],TILE,BFLOAT16,DEV_1_DRAM_INTERLEAVED,,,,,,,,,,,,,,,,,,,,,,,,,,,,,,,,,,,,,,,,,,,,,,,,,,1[1],288[288],288[288],128[128],TILE,BFLOAT16,DEV_1_DRAM_INTERLEAVED,,,,,,,,,,,,,,,,,['ttnn/cpp/ttnn/operations/normalization/layernorm/device/kernels/compute/layernorm.cpp'],['layernorm/14806225178095602344/'],['ttnn/cpp/ttnn/operations/normalization/layernorm/device/kernels/dataflow/writer_unary_interleaved_start_id_blocked.cpp'; 'ttnn/cpp/ttnn/operations/normalization/layernorm/device/kernels/dataflow/reader_unary_interleaved_ln.cpp'],['writer_unary_interleaved_start_id_blocked/1072855677011524085/'; 'reader_unary_interleaved_ln/12670039668448626785/'],2703445868539915113,True,812,2112,4672,4696,5564,0,0,0,0,1,1,1,[],[],0.001,,,,,
MatmulDeviceOperation,tt_dnn_device,195584,0,blackhole,{'bcast_batch': 'true'; 'compute_kernel_config': 'ComputeKernelConfig(math_fidelity=HiFi4;math_approx_mode=0;fp32_dest_acc_en=1;packer_l1_acc=1;dst_full_sync_en=0;throttle_level=ThrottleLevel::NO_THROTTLE)'; 'global_cb': 'std::nullopt'; 'output_dtype': 'DataType::BFLOAT16'; 'output_mem_config': 'MemoryConfig(memory_layout=TensorMemoryLayout::INTERLEAVED;buffer_type=BufferType::DRAM;shard_spec=std::nullopt;nd_shard_spec=std::nullopt;created_with_nd_shard_spec=0)'; 'output_tile': 'Tile(tile_shape={32; 32};face_shape={16; 16};num_faces=4)'; 'program_config': 'MatmulMultiCoreReuseMultiCast1DProgramConfig(compute_with_storage_grid_size=(x=11;y=10);in0_block_w=4;out_subblock_h=1;out_subblock_w=4;out_block_h=5;out_block_w=4;per_core_M=25;per_core_N=4;fuse_batch=1;fused_activation=std::nullopt;mcast_in0=0;gather_in0=0;hop_cores={};num_global_cb_receivers=1;untilize_out=0)'; 'sub_device_id': 'std::nullopt'; 'transpose_a': 'false'; 'transpose_b': 'false'; 'untilize_out': 'false'; 'user_core_coord': 'std::nullopt'; 'user_fused_activation': 'std::nullopt'; 'user_run_batched': 'false'},HiFi4,104,110,,93764093748,93764485720,391972,7624402070729,7624402308043,20724356,20724326,175788,174268,174267,,,,595,174267,133501,148120,148128,148181,,,,,,1[1],288[288],288[288],128[128],TILE,BFLOAT16,DEV_1_DRAM_INTERLEAVED,1[1],1[1],128[128],128[128],TILE,BFLOAT16,DEV_1_DRAM_INTERLEAVED,1[1],1[1],32[1],128[128],TILE,BFLOAT16,DEV_1_DRAM_INTERLEAVED,,,,,,,,,,,,,,,,,,,,,,,,,,,,,,,,,,,,,,,,,,,,,,,,,,1[1],288[288],288[288],128[128],TILE,BFLOAT16,DEV_1_DRAM_INTERLEAVED,,,,,,,,,,,,,,,,,['ttnn/cpp/ttnn/operations/matmul/device/kernels/compute/bmm_large_block_zm_fused_bias_activation.cpp'],['bmm_large_block_zm_fused_bias_activation/17608312779855468387/'],['ttnn/cpp/ttnn/operations/matmul/device/kernels/dataflow/reader_bmm_tile_layout_in1_receiver_writer_padding.cpp'; 'ttnn/cpp/ttnn/operations/matmul/device/kernels/dataflow/reader_bmm_tile_layout_in1_sender_writer_padding.cpp'; 'ttnn/cpp/ttnn/operations/matmul/device/kernels/dataflow/reader_bmm_tile_layout_in0_sender_padding.cpp'],['reader_bmm_tile_layout_in1_receiver_writer_padding/10711249484914055111/'; 'reader_bmm_tile_layout_in1_sender_writer_padding/5765851023675674821/'; 'reader_bmm_tile_layout_in0_sender_padding/10331777992099284703/'],9402424805738121639,False,2704,856,2216,2288,2852,0,0,0,0,38623,17875,38623,[549.767333984375; 0.8484063744544983],[549.767333984375],10.257,,,,,
MatmulDeviceOperation,tt_dnn_device,196608,0,blackhole,{'bcast_batch': 'true'; 'compute_kernel_config': 'ComputeKernelConfig(math_fidelity=HiFi4;math_approx_mode=0;fp32_dest_acc_en=1;packer_l1_acc=1;dst_full_sync_en=0;throttle_level=ThrottleLevel::NO_THROTTLE)'; 'global_cb': 'std::nullopt'; 'output_dtype': 'DataType::BFLOAT16'; 'output_mem_config': 'MemoryConfig(memory_layout=TensorMemoryLayout::INTERLEAVED;buffer_type=BufferType::DRAM;shard_spec=std::nullopt;nd_shard_spec=std::nullopt;created_with_nd_shard_spec=0)'; 'output_tile': 'Tile(tile_shape={32; 32};face_shape={16; 16};num_faces=4)'; 'program_config': 'MatmulMultiCoreReuseMultiCast1DProgramConfig(compute_with_storage_grid_size=(x=11;y=10);in0_block_w=4;out_subblock_h=1;out_subblock_w=4;out_block_h=5;out_block_w=4;per_core_M=25;per_core_N=4;fuse_batch=1;fused_activation=std::nullopt;mcast_in0=0;gather_in0=0;hop_cores={};num_global_cb_receivers=1;untilize_out=0)'; 'sub_device_id': 'std::nullopt'; 'transpose_a': 'false'; 'transpose_b': 'false'; 'untilize_out': 'false'; 'user_core_coord': 'std::nullopt'; 'user_fused_activation': 'std::nullopt'; 'user_run_batched': 'false'},HiFi4,104,110,,93765873062,93766148490,275428,7624404487398,7624404721452,1615851,1615857,173373,171853,171852,,,,599,171851,130584,146961,146958,147000,,,,,,1[1],288[288],288[288],128[128],TILE,BFLOAT16,DEV_1_DRAM_INTERLEAVED,1[1],1[1],128[128],128[128],TILE,BFLOAT16,DEV_1_DRAM_INTERLEAVED,1[1],1[1],32[1],128[128],TILE,BFLOAT16,DEV_1_DRAM_INTERLEAVED,,,,,,,,,,,,,,,,,,,,,,,,,,,,,,,,,,,,,,,,,,,,,,,,,,1[1],288[288],288[288],128[128],TILE,BFLOAT16,DEV_1_DRAM_INTERLEAVED,,,,,,,,,,,,,,,,,['ttnn/cpp/ttnn/operations/matmul/device/kernels/compute/bmm_large_block_zm_fused_bias_activation.cpp'],['bmm_large_block_zm_fused_bias_activation/17608312779855468387/'],['ttnn/cpp/ttnn/operations/matmul/device/kernels/dataflow/reader_bmm_tile_layout_in1_receiver_writer_padding.cpp'; 'ttnn/cpp/ttnn/operations/matmul/device/kernels/dataflow/reader_bmm_tile_layout_in1_sender_writer_padding.cpp'; 'ttnn/cpp/ttnn/operations/matmul/device/kernels/dataflow/reader_bmm_tile_layout_in0_sender_padding.cpp'],['reader_bmm_tile_layout_in1_receiver_writer_padding/10711249484914055111/'; 'reader_bmm_tile_layout_in1_sender_writer_padding/5765851023675674821/'; 'reader_bmm_tile_layout_in0_sender_padding/10331777992099284703/'],9402424805738121639,True,2704,856,2216,2288,2852,0,0,0,0,38623,17875,38623,[549.767333984375; 0.8484063744544983],[549.767333984375],10.401,,,,,
BinaryNgDeviceOperation,tt_dnn_device,197632,0,blackhole,{'binary_op_type': 'BinaryOpType::MUL'; 'compute_kernel_config': 'std::nullopt'; 'dtype': 'DataType::BFLOAT16'; 'input_dtype': 'DataType::BFLOAT16'; 'is_quant_op': 'false'; 'is_sfpu': 'true'; 'is_where_op': 'false'; 'lhs_activations': '{}'; 'memory_config': 'MemoryConfig(memory_layout=TensorMemoryLayout::INTERLEAVED;buffer_type=BufferType::DRAM;shard_spec=std::nullopt;nd_shard_spec=std::nullopt;created_with_nd_shard_spec=0)'; 'post_activations': '{}'; 'rhs_activations': '{BasicUnaryWithParam<float; int; unsigned int>(base=BasicUnaryWithParam<float>(op_type=UnaryOpType::SIGMOID;param={}))}'; 'scalar': 'std::nullopt'; 'sub_core_grids': 'std::nullopt'; 'subtile_broadcast_type': 'SubtileBroadcastType::NONE'; 'worker_grid': '{[(x=0;y=0) - (x=10;y=9)]}'},HiFi4,110,110,,93766820520,93767045922,225402,7624405765972,7624405988966,774263,774262,165181,164646,164645,,,,558,164579,160833,163668,164241,163510,,,,,,1[1],288[288],288[288],128[128],TILE,BFLOAT16,DEV_1_DRAM_INTERLEAVED,1[1],288[288],288[288],128[128],TILE,BFLOAT16,DEV_1_DRAM_INTERLEAVED,,,,,,,,,,,,,,,,,,,,,,,,,,,,,,,,,,,,,,,,,,,,,,,,,,,,,,,,,1[1],288[288],288[288],128[128],TILE,BFLOAT16,DEV_1_DRAM_INTERLEAVED,,,,,,,,,,,,,,,,,['ttnn/cpp/ttnn/operations/eltwise/binary_ng/device/kernels/compute/eltwise_binary_sfpu_no_bcast.cpp'],['eltwise_binary_sfpu_no_bcast/16161308948743346830/'],['ttnn/cpp/ttnn/operations/eltwise/binary_ng/device/kernels_ng/dataflow/reader_interleaved_no_bcast.cpp'; 'ttnn/cpp/ttnn/operations/eltwise/binary_ng/device/kernels_ng/dataflow/writer_interleaved_no_bcast.cpp'],['reader_interleaved_no_bcast/5406995968467651208/'; 'writer_interleaved_no_bcast/12304832950705642753/'],1422597016547192474,True,1120,1644,1768,2328,1552,0,0,0,0,1,1,1,[],[],0.001,,,,,
GenericOpDeviceOperation,tt_dnn_device,198656,0,blackhole,{'num_mesh_programs': '1'},HiFi4,110,110,,93768475325,93768618940,143615,7624407995061,7624408191211,1486533,1486532,145296,144769,144764,,,,554,144685,142156,142928,144413,143779,,,,,,1[1],288[288],288[288],128[128],TILE,BFLOAT16,DEV_1_DRAM_INTERLEAVED,1[1],288[288],288[288],128[128],TILE,BFLOAT16,DEV_1_DRAM_INTERLEAVED,1[1],288[288],288[288],128[128],TILE,BFLOAT16,DEV_1_DRAM_INTERLEAVED,1[1],288[288],288[288],128[128],TILE,BFLOAT16,DEV_1_DRAM_INTERLEAVED,,,,,,,,,,,,,,,,,,,,,,,,,,,,,,,,,,,,,,,,,,,1[1],288[288],288[288],128[128],TILE,BFLOAT16,DEV_1_DRAM_INTERLEAVED,,,,,,,,,,,,,,,,,['/home/ttuser/.coworker/wt/bcp-evo/tt_bio/kernels/rne_add/compute_rne_add.cpp'],['compute_rne_add/15506775982570106819/'],['/home/ttuser/.coworker/wt/bcp-evo/tt_bio/kernels/rne_add/writer_rne_add.cpp'; '/home/ttuser/.coworker/wt/bcp-evo/tt_bio/kernels/rne_add/reader_rne_add.cpp'],['writer_rne_add/11689109000663956392/'; 'reader_rne_add/5462348467134491698/'],16281275380064118936,True,768,1412,1604,1376,1432,0,0,0,0,1,1,1,[],[],0.001,,,,,
LayerNormDeviceOperation,tt_dnn_device,199680,0,blackhole,{'compute_kernel_config': 'ComputeKernelConfig(math_fidelity=HiFi4;math_approx_mode=0;fp32_dest_acc_en=1;packer_l1_acc=1;dst_full_sync_en=0;throttle_level=ThrottleLevel::NO_THROTTLE)'; 'distributed_norm_stage': 'DistributedLayerNormStage::NOT_DISTRIBUTED'; 'dtype': 'std::nullopt'; 'eps': '1e-05'; 'fused_activation': 'std::nullopt'; 'norm_type': 'LayerNormType::LAYERNORM'; 'output_mem_config': 'MemoryConfig(memory_layout=TensorMemoryLayout::INTERLEAVED;buffer_type=BufferType::DRAM;shard_spec=std::nullopt;nd_shard_spec=std::nullopt;created_with_nd_shard_spec=0)'; 'program_config': 'LayerNormDefaultProgramConfig(legacy_reduction=0;legacy_rsqrt=0;use_welford=0)'},HiFi4,110,110,,93769512535,93769683974,171439,7624409398584,7624409623296,894879,895016,166453,165917,165780,,,,681,165695,158147,165263,165131,165270,,,,,,1[1],288[288],288[288],128[128],TILE,BFLOAT16,DEV_1_DRAM_INTERLEAVED,1[1],1[1],32[1],128[128],TILE,BFLOAT16,DEV_1_DRAM_INTERLEAVED,1[1],1[1],32[1],128[128],TILE,BFLOAT16,DEV_1_DRAM_INTERLEAVED,,,,,,,,,,,,,,,,,,,,,,,,,,,,,,,,,,,,,,,,,,,,,,,,,,1[1],288[288],288[288],128[128],TILE,BFLOAT16,DEV_1_DRAM_INTERLEAVED,,,,,,,,,,,,,,,,,['ttnn/cpp/ttnn/operations/normalization/layernorm/device/kernels/compute/layernorm.cpp'],['layernorm/14806225178095602344/'],['ttnn/cpp/ttnn/operations/normalization/layernorm/device/kernels/dataflow/writer_unary_interleaved_start_id_blocked.cpp'; 'ttnn/cpp/ttnn/operations/normalization/layernorm/device/kernels/dataflow/reader_unary_interleaved_ln.cpp'],['writer_unary_interleaved_start_id_blocked/1072855677011524085/'; 'reader_unary_interleaved_ln/12670039668448626785/'],2703445868539915113,True,812,2112,4672,4696,5564,0,0,0,0,1,1,1,[],[],0.001,,,,,
MinimalMatmulDeviceOperation,tt_dnn_device,200704,0,blackhole,{'chunks': '1'; 'compute_kernel_config': 'ComputeKernelConfig(math_fidelity=HiFi4;math_approx_mode=0;fp32_dest_acc_en=1;packer_l1_acc=1;dst_full_sync_en=0;throttle_level=ThrottleLevel::NO_THROTTLE)'; 'config': 'std::nullopt'; 'dim': '-1'; 'fused_activation': 'std::nullopt'; 'fused_ternary_scalar': 'std::nullopt'; 'output_dtype': 'DataType::BFLOAT16'; 'output_mem_config': 'MemoryConfig(memory_layout=TensorMemoryLayout::INTERLEAVED;buffer_type=BufferType::DRAM;shard_spec=std::nullopt;nd_shard_spec=std::nullopt;created_with_nd_shard_spec=0)'},HiFi4,110,110,,93772525265,93772645486,120221,7624413457665,7624414107282,2841756,2841762,481198,479701,479701,,,,559,472670,479701,479493,479453,479584,,,,,,1[1],288[288],288[288],128[128],TILE,BFLOAT16,DEV_1_DRAM_INTERLEAVED,1[1],1[1],128[128],512[512],TILE,BFLOAT16,DEV_1_DRAM_INTERLEAVED,1[1],1[1],32[1],512[512],TILE,BFLOAT16,DEV_1_DRAM_INTERLEAVED,,,,,,,,,,,,,,,,,,,,,,,,,,,,,,,,,,,,,,,,,,,,,,,,,,1[1],288[288],288[288],512[512],TILE,BFLOAT16,DEV_1_DRAM_INTERLEAVED,,,,,,,,,,,,,,,,,['ttnn/cpp/ttnn/operations/experimental/minimal_matmul/device/kernels/compute.cpp'],['compute/9886034342289370308/'],['ttnn/cpp/ttnn/operations/experimental/minimal_matmul/device/kernels/dm_in1_sender_out.cpp'; 'ttnn/cpp/ttnn/operations/experimental/minimal_matmul/device/kernels/dm_in0_sender.cpp'],['dm_in1_sender_out/1322033097880513244/'; 'dm_in0_sender/3817655575592439204/'],18006847517563646066,True,2540,2168,2892,2584,2768,0,0,0,0,1,1,1,[],[],0.0,,,,,
GenericOpDeviceOperation,tt_dnn_device,201728,0,blackhole,{'num_mesh_programs': '1'},HiFi4,110,110,,93773226701,93773302507,75806,7624414393864,7624414692637,212830,212905,221313,220775,220699,,,,574,220644,169886,176724,176653,176610,,,,,,1[1],288[288],288[288],512[512],TILE,BFLOAT16,DEV_1_DRAM_INTERLEAVED,1[1],128[128],288[288],288[288],TILE,BFLOAT16,DEV_1_DRAM_INTERLEAVED,1[1],128[128],288[288],288[288],TILE,BFLOAT16,DEV_1_DRAM_INTERLEAVED,,,,,,,,,,,,,,,,,,,,,,,,,,,,,,,,,,,,,,,,,,,,,,,,,,1[1],128[128],288[288],288[288],TILE,BFLOAT16,DEV_1_DRAM_INTERLEAVED,,,,,,,,,,,,,,,,,['/home/ttuser/.coworker/wt/bcp-evo/tt_bio/kernels/reblock_permute_gated/compute_reblock_permute_gated.cpp'],['compute_reblock_permute_gated/12593050776112047065/'],['/home/ttuser/.coworker/wt/bcp-evo/tt_bio/kernels/reblock_permute_gated/writer_reblock_permute_gated.cpp'; '/home/ttuser/.coworker/wt/bcp-evo/tt_bio/kernels/reblock_permute_gated/reader_reblock_permute_gated.cpp'],['writer_reblock_permute_gated/8552877936627637250/'; 'reader_reblock_permute_gated/5612551769286026/'],13432334433755954035,True,1652,2412,2632,2740,2660,0,0,0,0,1,1,1,[],[],0.0,,,,,
GenericOpDeviceOperation,tt_dnn_device,202752,0,blackhole,{'num_mesh_programs': '1'},HiFi4,110,110,,93773646557,93773697364,50807,7624414947373,7624415246324,189222,189303,221445,220918,220836,,,,601,220736,169996,176762,176717,176647,,,,,,1[1],288[288],288[288],512[512],TILE,BFLOAT16,DEV_1_DRAM_INTERLEAVED,1[1],128[128],288[288],288[288],TILE,BFLOAT16,DEV_1_DRAM_INTERLEAVED,1[1],128[128],288[288],288[288],TILE,BFLOAT16,DEV_1_DRAM_INTERLEAVED,,,,,,,,,,,,,,,,,,,,,,,,,,,,,,,,,,,,,,,,,,,,,,,,,,1[1],128[128],288[288],288[288],TILE,BFLOAT16,DEV_1_DRAM_INTERLEAVED,,,,,,,,,,,,,,,,,['/home/ttuser/.coworker/wt/bcp-evo/tt_bio/kernels/reblock_permute_gated/compute_reblock_permute_gated.cpp'],['compute_reblock_permute_gated/12593050776112047065/'],['/home/ttuser/.coworker/wt/bcp-evo/tt_bio/kernels/reblock_permute_gated/writer_reblock_permute_gated.cpp'; '/home/ttuser/.coworker/wt/bcp-evo/tt_bio/kernels/reblock_permute_gated/reader_reblock_permute_gated.cpp'],['writer_reblock_permute_gated/8552877936627637250/'; 'reader_reblock_permute_gated/5612551769286026/'],13432334433755954035,True,1652,2412,2632,2740,2660,0,0,0,0,1,1,1,[],[],0.0,,,,,
MatmulDeviceOperation,tt_dnn_device,203776,0,blackhole,{'bcast_batch': 'false'; 'compute_kernel_config': 'ComputeKernelConfig(math_fidelity=HiFi4;math_approx_mode=0;fp32_dest_acc_en=1;packer_l1_acc=1;dst_full_sync_en=0;throttle_level=ThrottleLevel::NO_THROTTLE)'; 'global_cb': 'std::nullopt'; 'output_dtype': 'DataType::BFLOAT16'; 'output_mem_config': 'MemoryConfig(memory_layout=TensorMemoryLayout::INTERLEAVED;buffer_type=BufferType::DRAM;shard_spec=std::nullopt;nd_shard_spec=std::nullopt;created_with_nd_shard_spec=0)'; 'output_tile': 'Tile(tile_shape={32; 32};face_shape={16; 16};num_faces=4)'; 'program_config': 'MatmulMultiCoreReuseMultiCastProgramConfig(compute_with_storage_grid_size=(x=11;y=10);in0_block_w=9;out_subblock_h=1;out_subblock_w=1;out_block_h=1;out_block_w=1;per_core_M=1;per_core_N=1;transpose_mcast=0;fused_activation=std::nullopt;fuse_batch=0)'; 'sub_device_id': 'std::nullopt'; 'transpose_a': 'true'; 'transpose_b': 'false'; 'untilize_out': 'false'; 'user_core_coord': 'std::nullopt'; 'user_fused_activation': 'std::nullopt'; 'user_run_batched': 'true'},HiFi4,81,110,,93805996706,93806229833,233127,7624458575026,7624458982037,32097137,32097189,301490,299674,299670,,,,553,299649,293999,298895,299122,299139,,,,,,1[1],128[128],288[288],288[288],TILE,BFLOAT16,DEV_1_DRAM_INTERLEAVED,1[1],128[128],288[288],288[288],TILE,BFLOAT16,DEV_1_DRAM_INTERLEAVED,,,,,,,,,,,,,,,,,,,,,,,,,,,,,,,,,,,,,,,,,,,,,,,,,,,,,,,,,1[1],128[128],288[288],288[288],TILE,BFLOAT16,DEV_1_DRAM_INTERLEAVED,,,,,,,,,,,,,,,,,['ttnn/cpp/ttnn/operations/matmul/device/kernels/compute/bmm_large_block_zm_fused_bias_activation.cpp'],['bmm_large_block_zm_fused_bias_activation/7321852416526556787/'],['ttnn/cpp/ttnn/operations/matmul/device/kernels/dataflow/reader_bmm_tile_layout_in0_receiver.cpp'; 'ttnn/cpp/ttnn/operations/matmul/device/kernels/dataflow/reader_bmm_tile_layout_in1_receiver_writer_padding.cpp'; 'ttnn/cpp/ttnn/operations/matmul/device/kernels/dataflow/reader_bmm_tile_layout_in1_sender_writer_padding.cpp'; 'ttnn/cpp/ttnn/operations/matmul/device/kernels/dataflow/reader_bmm_tile_layout_in0_sender_padding.cpp'],['reader_bmm_tile_layout_in0_receiver/14608708573655620973/'; 'reader_bmm_tile_layout_in1_receiver_writer_padding/13707395826484893550/'; 'reader_bmm_tile_layout_in1_sender_writer_padding/12356538437570146439/'; 'reader_bmm_tile_layout_in0_sender_padding/7039446303454597425/'],7380596313474526905,False,2148,1224,2452,2128,2876,0,0,0,0,40216,40216,38623,[527.990478515625; 527.990478515625],[527.990478515625],13.42,,,,,
GenericOpDeviceOperation,tt_dnn_device,204800,0,blackhole,{'num_mesh_programs': '1'},HiFi2,110,110,,93807170208,93807245873,75665,7624460164534,7624460387543,876474,876527,165192,164645,164596,,,,599,164511,162570,162634,161466,161432,,,,,,1[1],128[128],288[288],288[288],TILE,BFLOAT16,DEV_1_DRAM_INTERLEAVED,1[1],288[288],288[288],128[128],TILE,BFLOAT16,DEV_1_DRAM_INTERLEAVED,1[1],288[288],288[288],128[128],TILE,BFLOAT16,DEV_1_DRAM_INTERLEAVED,,,,,,,,,,,,,,,,,,,,,,,,,,,,,,,,,,,,,,,,,,,,,,,,,,1[1],288[288],288[288],128[128],TILE,BFLOAT16,DEV_1_DRAM_INTERLEAVED,,,,,,,,,,,,,,,,,['/home/ttuser/.coworker/wt/bcp-evo/tt_bio/kernels/reblock_permute/compute_reblock_permute.cpp'],['compute_reblock_permute/8664219691617291280/'],['/home/ttuser/.coworker/wt/bcp-evo/tt_bio/kernels/reblock_permute_back/writer_reblock_permute_back.cpp'; '/home/ttuser/.coworker/wt/bcp-evo/tt_bio/kernels/reblock_permute_back/reader_reblock_permute_back.cpp'],['writer_reblock_permute_back/16104139510508165148/'; 'reader_reblock_permute_back/16107670734854057122/'],5219768147295344545,True,876,1532,1604,900,1744,0,0,0,0,1,1,1,[],[],0.001,,,,,
LayerNormDeviceOperation,tt_dnn_device,205824,0,blackhole,{'compute_kernel_config': 'ComputeKernelConfig(math_fidelity=HiFi4;math_approx_mode=0;fp32_dest_acc_en=1;packer_l1_acc=1;dst_full_sync_en=0;throttle_level=ThrottleLevel::NO_THROTTLE)'; 'distributed_norm_stage': 'DistributedLayerNormStage::NOT_DISTRIBUTED'; 'dtype': 'std::nullopt'; 'eps': '1e-05'; 'fused_activation': 'std::nullopt'; 'norm_type': 'LayerNormType::LAYERNORM'; 'output_mem_config': 'MemoryConfig(memory_layout=TensorMemoryLayout::INTERLEAVED;buffer_type=BufferType::DRAM;shard_spec=std::nullopt;nd_shard_spec=std::nullopt;created_with_nd_shard_spec=0)'; 'program_config': 'LayerNormDefaultProgramConfig(legacy_reduction=0;legacy_rsqrt=0;use_welford=0)'},HiFi4,110,110,,93807555126,93807649587,94461,7624460686282,7624460852611,221822,221985,123207,122678,122514,,,,676,122440,114888,122024,121887,122008,,,,,,1[1],288[288],288[288],128[128],TILE,BFLOAT16,DEV_1_DRAM_INTERLEAVED,1[1],1[1],32[1],128[128],TILE,BFLOAT16,DEV_1_DRAM_INTERLEAVED,1[1],1[1],32[1],128[128],TILE,BFLOAT16,DEV_1_DRAM_INTERLEAVED,,,,,,,,,,,,,,,,,,,,,,,,,,,,,,,,,,,,,,,,,,,,,,,,,,1[1],288[288],288[288],128[128],TILE,BFLOAT16,DEV_1_DRAM_INTERLEAVED,,,,,,,,,,,,,,,,,['ttnn/cpp/ttnn/operations/normalization/layernorm/device/kernels/compute/layernorm.cpp'],['layernorm/14806225178095602344/'],['ttnn/cpp/ttnn/operations/normalization/layernorm/device/kernels/dataflow/writer_unary_interleaved_start_id_blocked.cpp'; 'ttnn/cpp/ttnn/operations/normalization/layernorm/device/kernels/dataflow/reader_unary_interleaved_ln.cpp'],['writer_unary_interleaved_start_id_blocked/1072855677011524085/'; 'reader_unary_interleaved_ln/12670039668448626785/'],2703445868539915113,True,812,2112,4672,4696,5564,0,0,0,0,1,1,1,[],[],0.001,,,,,
MatmulDeviceOperation,tt_dnn_device,206848,0,blackhole,{'bcast_batch': 'true'; 'compute_kernel_config': 'ComputeKernelConfig(math_fidelity=HiFi4;math_approx_mode=0;fp32_dest_acc_en=1;packer_l1_acc=1;dst_full_sync_en=0;throttle_level=ThrottleLevel::NO_THROTTLE)'; 'global_cb': 'std::nullopt'; 'output_dtype': 'DataType::BFLOAT16'; 'output_mem_config': 'MemoryConfig(memory_layout=TensorMemoryLayout::INTERLEAVED;buffer_type=BufferType::DRAM;shard_spec=std::nullopt;nd_shard_spec=std::nullopt;created_with_nd_shard_spec=0)'; 'output_tile': 'Tile(tile_shape={32; 32};face_shape={16; 16};num_faces=4)'; 'program_config': 'MatmulMultiCoreReuseMultiCast1DProgramConfig(compute_with_storage_grid_size=(x=11;y=10);in0_block_w=4;out_subblock_h=1;out_subblock_w=4;out_block_h=5;out_block_w=4;per_core_M=25;per_core_N=4;fuse_batch=1;fused_activation=std::nullopt;mcast_in0=0;gather_in0=0;hop_cores={};num_global_cb_receivers=1;untilize_out=0)'; 'sub_device_id': 'std::nullopt'; 'transpose_a': 'false'; 'transpose_b': 'false'; 'untilize_out': 'false'; 'user_core_coord': 'std::nullopt'; 'user_fused_activation': 'std::nullopt'; 'user_run_batched': 'false'},HiFi4,104,110,,93807961846,93808072338,110492,7624461240488,7624461474065,288804,288805,173020,171524,171522,,,,592,171522,130771,145904,145897,145930,,,,,,1[1],288[288],288[288],128[128],TILE,BFLOAT16,DEV_1_DRAM_INTERLEAVED,1[1],1[1],128[128],128[128],TILE,BFLOAT16,DEV_1_DRAM_INTERLEAVED,1[1],1[1],32[1],128[128],TILE,BFLOAT16,DEV_1_DRAM_INTERLEAVED,,,,,,,,,,,,,,,,,,,,,,,,,,,,,,,,,,,,,,,,,,,,,,,,,,1[1],288[288],288[288],128[128],TILE,BFLOAT16,DEV_1_DRAM_INTERLEAVED,,,,,,,,,,,,,,,,,['ttnn/cpp/ttnn/operations/matmul/device/kernels/compute/bmm_large_block_zm_fused_bias_activation.cpp'],['bmm_large_block_zm_fused_bias_activation/17608312779855468387/'],['ttnn/cpp/ttnn/operations/matmul/device/kernels/dataflow/reader_bmm_tile_layout_in1_receiver_writer_padding.cpp'; 'ttnn/cpp/ttnn/operations/matmul/device/kernels/dataflow/reader_bmm_tile_layout_in1_sender_writer_padding.cpp'; 'ttnn/cpp/ttnn/operations/matmul/device/kernels/dataflow/reader_bmm_tile_layout_in0_sender_padding.cpp'],['reader_bmm_tile_layout_in1_receiver_writer_padding/10711249484914055111/'; 'reader_bmm_tile_layout_in1_sender_writer_padding/5765851023675674821/'; 'reader_bmm_tile_layout_in0_sender_padding/10331777992099284703/'],9402424805738121639,True,2704,856,2216,2288,2852,0,0,0,0,38623,17875,38623,[549.767333984375; 0.8484063744544983],[549.767333984375],10.421,,,,,
MatmulDeviceOperation,tt_dnn_device,207872,0,blackhole,{'bcast_batch': 'true'; 'compute_kernel_config': 'ComputeKernelConfig(math_fidelity=HiFi4;math_approx_mode=0;fp32_dest_acc_en=1;packer_l1_acc=1;dst_full_sync_en=0;throttle_level=ThrottleLevel::NO_THROTTLE)'; 'global_cb': 'std::nullopt'; 'output_dtype': 'DataType::BFLOAT16'; 'output_mem_config': 'MemoryConfig(memory_layout=TensorMemoryLayout::INTERLEAVED;buffer_type=BufferType::DRAM;shard_spec=std::nullopt;nd_shard_spec=std::nullopt;created_with_nd_shard_spec=0)'; 'output_tile': 'Tile(tile_shape={32; 32};face_shape={16; 16};num_faces=4)'; 'program_config': 'MatmulMultiCoreReuseMultiCast1DProgramConfig(compute_with_storage_grid_size=(x=11;y=10);in0_block_w=4;out_subblock_h=1;out_subblock_w=4;out_block_h=5;out_block_w=4;per_core_M=25;per_core_N=4;fuse_batch=1;fused_activation=std::nullopt;mcast_in0=0;gather_in0=0;hop_cores={};num_global_cb_receivers=1;untilize_out=0)'; 'sub_device_id': 'std::nullopt'; 'transpose_a': 'false'; 'transpose_b': 'false'; 'untilize_out': 'false'; 'user_core_coord': 'std::nullopt'; 'user_fused_activation': 'std::nullopt'; 'user_run_batched': 'false'},HiFi4,104,110,,93808281209,93808343489,62280,7624461669735,7624461905819,146471,146471,174877,173344,173344,,,,616,173339,133101,147787,147806,147848,,,,,,1[1],288[288],288[288],128[128],TILE,BFLOAT16,DEV_1_DRAM_INTERLEAVED,1[1],1[1],128[128],128[128],TILE,BFLOAT16,DEV_1_DRAM_INTERLEAVED,1[1],1[1],32[1],128[128],TILE,BFLOAT16,DEV_1_DRAM_INTERLEAVED,,,,,,,,,,,,,,,,,,,,,,,,,,,,,,,,,,,,,,,,,,,,,,,,,,1[1],288[288],288[288],128[128],TILE,BFLOAT16,DEV_1_DRAM_INTERLEAVED,,,,,,,,,,,,,,,,,['ttnn/cpp/ttnn/operations/matmul/device/kernels/compute/bmm_large_block_zm_fused_bias_activation.cpp'],['bmm_large_block_zm_fused_bias_activation/17608312779855468387/'],['ttnn/cpp/ttnn/operations/matmul/device/kernels/dataflow/reader_bmm_tile_layout_in1_receiver_writer_padding.cpp'; 'ttnn/cpp/ttnn/operations/matmul/device/kernels/dataflow/reader_bmm_tile_layout_in1_sender_writer_padding.cpp'; 'ttnn/cpp/ttnn/operations/matmul/device/kernels/dataflow/reader_bmm_tile_layout_in0_sender_padding.cpp'],['reader_bmm_tile_layout_in1_receiver_writer_padding/10711249484914055111/'; 'reader_bmm_tile_layout_in1_sender_writer_padding/5765851023675674821/'; 'reader_bmm_tile_layout_in0_sender_padding/10331777992099284703/'],9402424805738121639,True,2704,856,2216,2288,2852,0,0,0,0,38623,17875,38623,[549.767333984375; 0.8484063744544983],[549.767333984375],10.312,,,,,
BinaryNgDeviceOperation,tt_dnn_device,208896,0,blackhole,{'binary_op_type': 'BinaryOpType::MUL'; 'compute_kernel_config': 'std::nullopt'; 'dtype': 'DataType::BFLOAT16'; 'input_dtype': 'DataType::BFLOAT16'; 'is_quant_op': 'false'; 'is_sfpu': 'true'; 'is_where_op': 'false'; 'lhs_activations': '{}'; 'memory_config': 'MemoryConfig(memory_layout=TensorMemoryLayout::INTERLEAVED;buffer_type=BufferType::DRAM;shard_spec=std::nullopt;nd_shard_spec=std::nullopt;created_with_nd_shard_spec=0)'; 'post_activations': '{}'; 'rhs_activations': '{BasicUnaryWithParam<float; int; unsigned int>(base=BasicUnaryWithParam<float>(op_type=UnaryOpType::SIGMOID;param={}))}'; 'scalar': 'std::nullopt'; 'sub_core_grids': 'std::nullopt'; 'subtile_broadcast_type': 'SubtileBroadcastType::NONE'; 'worker_grid': '{[(x=0;y=0) - (x=10;y=9)]}'},HiFi4,110,110,,93808541479,93808617805,76326,7624462015678,7624462249889,81924,81924,173490,172951,172951,,,,558,172918,168930,171967,172628,171820,,,,,,1[1],288[288],288[288],128[128],TILE,BFLOAT16,DEV_1_DRAM_INTERLEAVED,1[1],288[288],288[288],128[128],TILE,BFLOAT16,DEV_1_DRAM_INTERLEAVED,,,,,,,,,,,,,,,,,,,,,,,,,,,,,,,,,,,,,,,,,,,,,,,,,,,,,,,,,1[1],288[288],288[288],128[128],TILE,BFLOAT16,DEV_1_DRAM_INTERLEAVED,,,,,,,,,,,,,,,,,['ttnn/cpp/ttnn/operations/eltwise/binary_ng/device/kernels/compute/eltwise_binary_sfpu_no_bcast.cpp'],['eltwise_binary_sfpu_no_bcast/16161308948743346830/'],['ttnn/cpp/ttnn/operations/eltwise/binary_ng/device/kernels_ng/dataflow/reader_interleaved_no_bcast.cpp'; 'ttnn/cpp/ttnn/operations/eltwise/binary_ng/device/kernels_ng/dataflow/writer_interleaved_no_bcast.cpp'],['reader_interleaved_no_bcast/5406995968467651208/'; 'writer_interleaved_no_bcast/12304832950705642753/'],1422597016547192474,True,1120,1644,1768,2328,1552,0,0,0,0,1,1,1,[],[],0.001,,,,,
GenericOpDeviceOperation,tt_dnn_device,209920,0,blackhole,{'num_mesh_programs': '1'},HiFi4,110,110,,93809119628,93809174203,54575,7624462786256,7624462995160,397848,397874,154744,154214,154189,,,,556,154119,151501,152353,153859,153226,,,,,,1[1],288[288],288[288],128[128],TILE,BFLOAT16,DEV_1_DRAM_INTERLEAVED,1[1],288[288],288[288],128[128],TILE,BFLOAT16,DEV_1_DRAM_INTERLEAVED,1[1],288[288],288[288],128[128],TILE,BFLOAT16,DEV_1_DRAM_INTERLEAVED,1[1],288[288],288[288],128[128],TILE,BFLOAT16,DEV_1_DRAM_INTERLEAVED,,,,,,,,,,,,,,,,,,,,,,,,,,,,,,,,,,,,,,,,,,,1[1],288[288],288[288],128[128],TILE,BFLOAT16,DEV_1_DRAM_INTERLEAVED,,,,,,,,,,,,,,,,,['/home/ttuser/.coworker/wt/bcp-evo/tt_bio/kernels/rne_add/compute_rne_add.cpp'],['compute_rne_add/15506775982570106819/'],['/home/ttuser/.coworker/wt/bcp-evo/tt_bio/kernels/rne_add/writer_rne_add.cpp'; '/home/ttuser/.coworker/wt/bcp-evo/tt_bio/kernels/rne_add/reader_rne_add.cpp'],['writer_rne_add/11689109000663956392/'; 'reader_rne_add/5462348467134491698/'],16281275380064118936,True,768,1412,1604,1376,1432,0,0,0,0,1,1,1,[],[],0.001,,,,,
LayerNormDeviceOperation,tt_dnn_device,210944,0,blackhole,{'compute_kernel_config': 'ComputeKernelConfig(math_fidelity=HiFi4;math_approx_mode=0;fp32_dest_acc_en=1;packer_l1_acc=1;dst_full_sync_en=0;throttle_level=ThrottleLevel::NO_THROTTLE)'; 'distributed_norm_stage': 'DistributedLayerNormStage::NOT_DISTRIBUTED'; 'dtype': 'std::nullopt'; 'eps': '1e-05'; 'fused_activation': 'std::nullopt'; 'norm_type': 'LayerNormType::LAYERNORM'; 'output_mem_config': 'MemoryConfig(memory_layout=TensorMemoryLayout::INTERLEAVED;buffer_type=BufferType::DRAM;shard_spec=std::nullopt;nd_shard_spec=std::nullopt;created_with_nd_shard_spec=0)'; 'program_config': 'LayerNormDefaultProgramConfig(legacy_reduction=0;legacy_rsqrt=0;use_welford=0)'},HiFi4,110,110,,93809545034,93809613926,68892,7624463359382,7624463526240,270310,270449,123599,123080,122941,,,,681,122847,115301,122423,122291,122419,,,,,,1[1],288[288],288[288],128[128],TILE,BFLOAT16,DEV_1_DRAM_INTERLEAVED,1[1],1[1],32[1],128[128],TILE,BFLOAT16,DEV_1_DRAM_INTERLEAVED,1[1],1[1],32[1],128[128],TILE,BFLOAT16,DEV_1_DRAM_INTERLEAVED,,,,,,,,,,,,,,,,,,,,,,,,,,,,,,,,,,,,,,,,,,,,,,,,,,1[1],288[288],288[288],128[128],TILE,BFLOAT16,DEV_1_DRAM_INTERLEAVED,,,,,,,,,,,,,,,,,['ttnn/cpp/ttnn/operations/normalization/layernorm/device/kernels/compute/layernorm.cpp'],['layernorm/14806225178095602344/'],['ttnn/cpp/ttnn/operations/normalization/layernorm/device/kernels/dataflow/writer_unary_interleaved_start_id_blocked.cpp'; 'ttnn/cpp/ttnn/operations/normalization/layernorm/device/kernels/dataflow/reader_unary_interleaved_ln.cpp'],['writer_unary_interleaved_start_id_blocked/1072855677011524085/'; 'reader_unary_interleaved_ln/12670039668448626785/'],2703445868539915113,True,812,2112,4672,4696,5564,0,0,0,0,1,1,1,[],[],0.001,,,,,
MatmulDeviceOperation,tt_dnn_device,211968,0,blackhole,{'bcast_batch': 'true'; 'compute_kernel_config': 'ComputeKernelConfig(math_fidelity=HiFi4;math_approx_mode=0;fp32_dest_acc_en=1;packer_l1_acc=1;dst_full_sync_en=0;throttle_level=ThrottleLevel::NO_THROTTLE)'; 'global_cb': 'std::nullopt'; 'output_dtype': 'DataType::BFLOAT16'; 'output_mem_config': 'MemoryConfig(memory_layout=TensorMemoryLayout::INTERLEAVED;buffer_type=BufferType::DRAM;shard_spec=std::nullopt;nd_shard_spec=std::nullopt;created_with_nd_shard_spec=0)'; 'output_tile': 'Tile(tile_shape={32; 32};face_shape={16; 16};num_faces=4)'; 'program_config': 'MatmulMultiCoreReuseMultiCast1DProgramConfig(compute_with_storage_grid_size=(x=11;y=10);in0_block_w=4;out_subblock_h=1;out_subblock_w=1;out_block_h=5;out_block_w=1;per_core_M=25;per_core_N=1;fuse_batch=1;fused_activation=std::nullopt;mcast_in0=0;gather_in0=0;hop_cores={};num_global_cb_receivers=1;untilize_out=0)'; 'sub_device_id': 'std::nullopt'; 'transpose_a': 'false'; 'transpose_b': 'false'; 'untilize_out': 'false'; 'user_core_coord': 'std::nullopt'; 'user_fused_activation': 'std::nullopt'; 'user_run_batched': 'false'},HiFi4,104,110,,93810554621,93810650946,96325,7624464714161,7624464842057,881439,881439,94738,93224,93224,,,,578,93217,88954,89646,90046,90072,,,,,,1[1],288[288],288[288],128[128],TILE,BFLOAT16,DEV_1_DRAM_INTERLEAVED,1[1],1[1],128[128],32[4],TILE,BFLOAT16,DEV_1_DRAM_INTERLEAVED,,,,,,,,,,,,,,,,,,,,,,,,,,,,,,,,,,,,,,,,,,,,,,,,,,,,,,,,,1[1],288[288],288[288],32[4],TILE,BFLOAT16,DEV_1_DRAM_INTERLEAVED,,,,,,,,,,,,,,,,,['ttnn/cpp/ttnn/operations/matmul/device/kernels/compute/bmm_large_block_zm_fused_bias_activation.cpp'],['bmm_large_block_zm_fused_bias_activation/110771084487296781/'],['ttnn/cpp/ttnn/operations/matmul/device/kernels/dataflow/reader_bmm_tile_layout_in1_receiver_writer_padding.cpp'; 'ttnn/cpp/ttnn/operations/matmul/device/kernels/dataflow/reader_bmm_tile_layout_in1_sender_writer_padding.cpp'; 'ttnn/cpp/ttnn/operations/matmul/device/kernels/dataflow/reader_bmm_tile_layout_in0_sender_padding.cpp'],['reader_bmm_tile_layout_in1_receiver_writer_padding/4950289860550707270/'; 'reader_bmm_tile_layout_in1_sender_writer_padding/13465886954871218074/'; 'reader_bmm_tile_layout_in0_sender_padding/5163765105817206461/'],5614644772281119957,False,1964,856,1676,1564,1748,0,0,0,0,38623,560,38623,[549.767333984375; 0.21210159361362457],[137.44183349609375],0.601,,,,,
PermuteDeviceOperation,tt_dnn_device,212992,0,blackhole,{'dims': '{0; 3; 1; 2}'; 'output_mem_config': 'MemoryConfig(memory_layout=TensorMemoryLayout::INTERLEAVED;buffer_type=BufferType::DRAM;shard_spec=std::nullopt;nd_shard_spec=std::nullopt;created_with_nd_shard_spec=0)'; 'pad_value': '0'},HiFi4,110,110,,93817149885,93817347464,197579,7624473597841,7624473634377,6486325,6486325,27064,26523,26523,,,,559,26457,25112,25136,23601,25133,,,,,,1[1],288[288],288[288],32[4],TILE,BFLOAT16,DEV_1_DRAM_INTERLEAVED,,,,,,,,,,,,,,,,,,,,,,,,,,,,,,,,,,,,,,,,,,,,,,,,,,,,,,,,,,,,,,,,1[1],4[4],288[288],288[288],TILE,BFLOAT16,DEV_1_DRAM_INTERLEAVED,,,,,,,,,,,,,,,,,['ttnn/cpp/ttnn/operations/data_movement/transpose/device/kernels/compute/transpose_wh.cpp'],['transpose_wh/14581025993053660267/'],['ttnn/cpp/ttnn/operations/data_movement/permute/device/kernels/dataflow/writer_permute_interleaved_tiled_row_invariant.cpp'; 'ttnn/cpp/ttnn/operations/data_movement/transpose/device/kernels/dataflow/reader_unary_transpose_hc_interleaved_tiled_padding_aware.cpp'],['writer_permute_interleaved_tiled_row_invariant/12882376229727892710/'; 'reader_unary_transpose_hc_interleaved_tiled_padding_aware/5433227001150697623/'],6020671882703957466,False,1340,944,1140,648,1296,0,0,0,0,18389,18389,9655,[288.6734313964844],[36.08417892456055],69.332,,,,,
MinimalMatmulDeviceOperation,tt_dnn_device,214016,0,blackhole,{'chunks': '1'; 'compute_kernel_config': 'ComputeKernelConfig(math_fidelity=HiFi4;math_approx_mode=0;fp32_dest_acc_en=1;packer_l1_acc=1;dst_full_sync_en=0;throttle_level=ThrottleLevel::NO_THROTTLE)'; 'config': 'MinimalMatmulConfig(M_block_size=4;K_block_size=4;N_block_size=1;subblock_h=4;subblock_w=1;compute_with_storage_grid_size=(x=11;y=10))'; 'dim': '-1'; 'fused_activation': 'std::nullopt'; 'fused_ternary_scalar': 'std::nullopt'; 'output_dtype': 'DataType::BFLOAT16'; 'output_mem_config': 'std::nullopt'},HiFi4,110,110,,93840965349,93841204929,239580,7624505739882,7624506133205,23783328,23783389,291350,289839,289839,,,,553,284287,289839,289443,289350,289453,,,,,,1[1],288[288],288[288],128[128],TILE,BFLOAT16,DEV_1_DRAM_INTERLEAVED,1[1],1[1],128[128],384[384],TILE,BFLOAT16,DEV_1_DRAM_INTERLEAVED,,,,,,,,,,,,,,,,,,,,,,,,,,,,,,,,,,,,,,,,,,,,,,,,,,,,,,,,,1[1],288[288],288[288],384[384],TILE,BFLOAT16,DEV_1_DRAM_INTERLEAVED,,,,,,,,,,,,,,,,,['ttnn/cpp/ttnn/operations/experimental/minimal_matmul/device/kernels/compute.cpp'],['compute/3115284922236065016/'],['ttnn/cpp/ttnn/operations/experimental/minimal_matmul/device/kernels/dm_in1_sender_out.cpp'; 'ttnn/cpp/ttnn/operations/experimental/minimal_matmul/device/kernels/dm_in0_sender.cpp'],['dm_in1_sender_out/4463326614624474887/'; 'dm_in0_sender/8758059186078402385/'],3181693430792813899,False,1832,2200,2600,2408,3292,0,0,0,0,1,1,1,[],[],0.0,,,,,
MinimalMatmulDeviceOperation,tt_dnn_device,215040,0,blackhole,{'chunks': '1'; 'compute_kernel_config': 'ComputeKernelConfig(math_fidelity=HiFi4;math_approx_mode=0;fp32_dest_acc_en=1;packer_l1_acc=1;dst_full_sync_en=0;throttle_level=ThrottleLevel::NO_THROTTLE)'; 'config': 'MinimalMatmulConfig(M_block_size=4;K_block_size=4;N_block_size=1;subblock_h=4;subblock_w=1;compute_with_storage_grid_size=(x=11;y=10))'; 'dim': '-1'; 'fused_activation': 'std::nullopt'; 'fused_ternary_scalar': 'std::nullopt'; 'output_dtype': 'DataType::BFLOAT16'; 'output_mem_config': 'std::nullopt'},HiFi4,110,110,,93897018647,93897263857,245210,7624581407046,7624581615175,55759909,55759992,154170,152660,152658,,,,552,150851,152658,152494,152434,152532,,,,,,1[1],288[288],288[288],128[128],TILE,BFLOAT16,DEV_1_DRAM_INTERLEAVED,1[1],1[1],128[128],128[128],TILE,BFLOAT16,DEV_1_DRAM_INTERLEAVED,1[1],1[1],32[1],128[128],TILE,BFLOAT16,DEV_1_DRAM_INTERLEAVED,,,,,,,,,,,,,,,,,,,,,,,,,,,,,,,,,,,,,,,,,,,,,,,,,,1[1],288[288],288[288],128[128],TILE,BFLOAT16,DEV_1_DRAM_INTERLEAVED,,,,,,,,,,,,,,,,,['ttnn/cpp/ttnn/operations/experimental/minimal_matmul/device/kernels/compute.cpp'],['compute/9683565378348403167/'],['ttnn/cpp/ttnn/operations/experimental/minimal_matmul/device/kernels/dm_in1_sender_out.cpp'; 'ttnn/cpp/ttnn/operations/experimental/minimal_matmul/device/kernels/dm_in0_sender.cpp'],['dm_in1_sender_out/11858185509760375404/'; 'dm_in0_sender/10937635939712819240/'],2564325879825607064,False,2312,2108,2672,2324,3120,0,0,0,0,1,1,1,[],[],0.001,,,,,
NlpCreateHeadsDeviceOperation,tt_dnn_device,216064,0,blackhole,{'head_dim': '32'; 'num_kv_heads': '4'; 'num_q_heads': '4'; 'output_mem_config': 'MemoryConfig(memory_layout=TensorMemoryLayout::INTERLEAVED;buffer_type=BufferType::DRAM;shard_spec=std::nullopt;nd_shard_spec=std::nullopt;created_with_nd_shard_spec=0)'; 'transpose_k_heads': 'false'},,110,110,,93918213162,93918428105,214943,7624610006930,7624610472552,21031470,21031470,344905,344383,344383,,,,549,344383,344052,,,,,,,,,288[288],1[1],288[288],384[384],TILE,BFLOAT16,DEV_1_DRAM_INTERLEAVED,,,,,,,,,,,,,,,,,,,,,,,,,,,,,,,,,,,,,,,,,,,,,,,,,,,,,,,,,,,,,,,,288[288],4[4],288[288],32[32],TILE,BFLOAT16,DEV_1_DRAM_INTERLEAVED,288[288],4[4],288[288],32[32],TILE,BFLOAT16,DEV_1_DRAM_INTERLEAVED,288[288],4[4],288[288],32[32],TILE,BFLOAT16,DEV_1_DRAM_INTERLEAVED,,,[],[],['ttnn/cpp/ttnn/operations/experimental/transformer/nlp_create_qkv_heads/device/kernels/dataflow/writer_tm_tile_layout_nlp_create_qkv_heads.cpp'; 'ttnn/cpp/ttnn/operations/experimental/transformer/nlp_create_qkv_heads/device/kernels/dataflow/reader_tm_tile_layout_nlp_create_qkv_heads.cpp'],['writer_tm_tile_layout_nlp_create_qkv_heads/11730341634691296032/'; 'reader_tm_tile_layout_nlp_create_qkv_heads/15066080694631099887/'],4559057150348919065,False,2016,1704,0,0,0,0,0,0,0,1,1,1,[],[],0.0,,,,,
BinaryNgDeviceOperation,tt_dnn_device,217088,0,blackhole,{'binary_op_type': 'BinaryOpType::MUL'; 'compute_kernel_config': 'std::nullopt'; 'dtype': 'DataType::BFLOAT16'; 'input_dtype': 'DataType::BFLOAT16'; 'is_quant_op': 'false'; 'is_sfpu': 'true'; 'is_where_op': 'false'; 'lhs_activations': '{}'; 'memory_config': 'MemoryConfig(memory_layout=TensorMemoryLayout::INTERLEAVED;buffer_type=BufferType::DRAM;shard_spec=std::nullopt;nd_shard_spec=std::nullopt;created_with_nd_shard_spec=0)'; 'post_activations': '{}'; 'rhs_activations': '{}'; 'scalar': '5.656854'; 'sub_core_grids': 'std::nullopt'; 'subtile_broadcast_type': 'SubtileBroadcastType::NONE'; 'worker_grid': '{[(x=0;y=0) - (x=10;y=9)]}'},HiFi4,110,110,,93919215956,93919409718,193762,7624611393179,7624611401155,682447,682443,5908,5373,5367,,,,556,5325,2767,2820,3775,4731,,,,,,1[1],4[4],288[288],288[288],TILE,BFLOAT16,DEV_1_DRAM_INTERLEAVED,,,,,,,,,,,,,,,,,,,,,,,,,,,,,,,,,,,,,,,,,,,,,,,,,,,,,,,,,,,,,,,,1[1],4[4],288[288],288[288],TILE,BFLOAT16,DEV_1_DRAM_INTERLEAVED,,,,,,,,,,,,,,,,,['ttnn/cpp/ttnn/operations/eltwise/binary_ng/device/kernels/compute/eltwise_binary_sfpu_scalar.cpp'],['eltwise_binary_sfpu_scalar/6302317103236044736/'],['ttnn/cpp/ttnn/operations/eltwise/binary_ng/device/kernels/dataflow/reader_interleaved_no_bcast.cpp'; 'ttnn/cpp/ttnn/operations/eltwise/binary_ng/device/kernels/dataflow/writer_interleaved_scalar.cpp'],['reader_interleaved_no_bcast/15501400787415134526/'; 'writer_interleaved_scalar/13747915134593411132/'],15691238620557725211,True,1228,1256,1532,1264,1296,0,0,0,0,1,1,1,[],[],0.019,,,,,
GenericOpDeviceOperation,tt_dnn_device,218112,0,blackhole,{'num_mesh_programs': '1'},HiFi4,110,110,,94610049778,94610139089,89311,7625543992713,7625544418004,690809348,690809274,315030,314489,314237,,,,1055,314190,297016,312819,313473,313280,,,,,,288[288],4[4],288[288],32[32],TILE,BFLOAT16,DEV_1_DRAM_INTERLEAVED,288[288],4[4],288[288],32[32],TILE,BFLOAT16,DEV_1_DRAM_INTERLEAVED,288[288],4[4],288[288],32[32],TILE,BFLOAT16,DEV_1_DRAM_INTERLEAVED,1[1],4[4],288[288],288[288],TILE,BFLOAT16,DEV_1_DRAM_INTERLEAVED,288[288],4[4],288[288],32[32],TILE,BFLOAT16,DEV_1_DRAM_INTERLEAVED,288[288],4[4],288[288],32[32],TILE,BFLOAT16,DEV_1_DRAM_INTERLEAVED,,,,,,,,,,,,,,,,,,,,,,,,,,,,,288[288],4[4],288[288],32[32],TILE,BFLOAT16,DEV_1_DRAM_INTERLEAVED,,,,,,,,,,,,,,,,,['/home/ttuser/.coworker/wt/bcp-evo/tt_bio/kernels/triatt_sdpa/compute/sdpa.cpp'],['sdpa/6443954416559138199/'],['/home/ttuser/tt-metal-b2z/ttnn/cpp/ttnn/operations/transformer/sdpa/device/kernels/dataflow/writer_interleaved.cpp'; '/home/ttuser/.coworker/wt/bcp-evo/tt_bio/kernels/triatt_sdpa/dataflow/reader_interleaved.cpp'],['writer_interleaved/14487806200429715675/'; 'reader_interleaved/8214456957785208752/'],8837759648348085067,False,1932,6012,7172,8348,7416,0,0,0,0,1,1,1,[],[],0.0,,,,,
BinaryNgDeviceOperation,tt_dnn_device,219136,0,blackhole,{'binary_op_type': 'BinaryOpType::MUL'; 'compute_kernel_config': 'std::nullopt'; 'dtype': 'DataType::BFLOAT16'; 'input_dtype': 'DataType::BFLOAT16'; 'is_quant_op': 'false'; 'is_sfpu': 'true'; 'is_where_op': 'false'; 'lhs_activations': '{}'; 'memory_config': 'MemoryConfig(memory_layout=TensorMemoryLayout::INTERLEAVED;buffer_type=BufferType::DRAM;shard_spec=std::nullopt;nd_shard_spec=std::nullopt;created_with_nd_shard_spec=0)'; 'post_activations': '{}'; 'rhs_activations': '{}'; 'scalar': '0.17677669'; 'sub_core_grids': 'std::nullopt'; 'subtile_broadcast_type': 'SubtileBroadcastType::NONE'; 'worker_grid': '{[(x=0;y=0) - (x=10;y=9)]}'},HiFi4,110,110,,94610306410,94610370774,64364,7625544342634,7625544425357,303,303,61276,5144,5144,,,,1336,5144,3227,3412,4537,4498,,,,,,1[1],4[4],288[288],288[288],TILE,BFLOAT16,DEV_1_DRAM_INTERLEAVED,,,,,,,,,,,,,,,,,,,,,,,,,,,,,,,,,,,,,,,,,,,,,,,,,,,,,,,,,,,,,,,,1[1],4[4],288[288],288[288],TILE,BFLOAT16,DEV_1_DRAM_INTERLEAVED,,,,,,,,,,,,,,,,,['ttnn/cpp/ttnn/operations/eltwise/binary_ng/device/kernels/compute/eltwise_binary_sfpu_scalar.cpp'],['eltwise_binary_sfpu_scalar/6302317103236044736/'],['ttnn/cpp/ttnn/operations/eltwise/binary_ng/device/kernels/dataflow/reader_interleaved_no_bcast.cpp'; 'ttnn/cpp/ttnn/operations/eltwise/binary_ng/device/kernels/dataflow/writer_interleaved_scalar.cpp'],['reader_interleaved_no_bcast/15501400787415134526/'; 'writer_interleaved_scalar/13747915134593411132/'],15691238620557725211,True,1228,1256,1532,1264,1296,0,0,0,0,1,1,1,[],[],0.019,,,,,
NLPConcatHeadsDeviceOperation,tt_dnn_device,220160,0,blackhole,{'output_mem_config': 'MemoryConfig(memory_layout=TensorMemoryLayout::INTERLEAVED;buffer_type=BufferType::DRAM;shard_spec=std::nullopt;nd_shard_spec=std::nullopt;created_with_nd_shard_spec=0)'},,110,110,,94613251411,94613294714,43303,7625548307660,7625548472530,2876284,2876284,122126,121601,121601,,,,546,121595,121327,,,,,,,,,288[288],4[4],288[288],32[32],TILE,BFLOAT16,DEV_1_DRAM_INTERLEAVED,,,,,,,,,,,,,,,,,,,,,,,,,,,,,,,,,,,,,,,,,,,,,,,,,,,,,,,,,,,,,,,,288[288],1[1],288[288],128[128],TILE,BFLOAT16,DEV_1_DRAM_INTERLEAVED,,,,,,,,,,,,,,,,,[],[],['ttnn/cpp/ttnn/operations/eltwise/unary/device/kernels/dataflow/writer_unary_interleaved_start_id.cpp'; 'ttnn/cpp/ttnn/operations/experimental/transformer/nlp_concat_heads/device/kernels/dataflow/reader_tm_tile_layout_nlp_concat_heads.cpp'],['writer_unary_interleaved_start_id/9607551389675776825/'; 'reader_tm_tile_layout_nlp_concat_heads/8147411415799185190/'],9204059178956250018,False,1000,1024,0,0,0,0,0,0,0,1,1,1,[],[],0.001,,,,,
BinaryNgDeviceOperation,tt_dnn_device,221184,0,blackhole,{'binary_op_type': 'BinaryOpType::MUL'; 'compute_kernel_config': 'std::nullopt'; 'dtype': 'DataType::BFLOAT16'; 'input_dtype': 'DataType::BFLOAT16'; 'is_quant_op': 'false'; 'is_sfpu': 'true'; 'is_where_op': 'false'; 'lhs_activations': '{}'; 'memory_config': 'MemoryConfig(memory_layout=TensorMemoryLayout::INTERLEAVED;buffer_type=BufferType::DRAM;shard_spec=std::nullopt;nd_shard_spec=std::nullopt;created_with_nd_shard_spec=0)'; 'post_activations': '{}'; 'rhs_activations': '{BasicUnaryWithParam<float; int; unsigned int>(base=BasicUnaryWithParam<float>(op_type=UnaryOpType::SIGMOID;param={}))}'; 'scalar': 'std::nullopt'; 'sub_core_grids': 'std::nullopt'; 'subtile_broadcast_type': 'SubtileBroadcastType::NONE'; 'worker_grid': '{[(x=0;y=0) - (x=10;y=9)]}'},HiFi4,110,110,,94613555093,94613618825,63732,7625548721624,7625548945061,185049,185049,165509,164976,164976,,,,566,164921,161304,163999,164571,163837,,,,,,1[1],288[288],288[288],128[128],TILE,BFLOAT16,DEV_1_DRAM_INTERLEAVED,1[1],288[288],288[288],128[128],TILE,BFLOAT16,DEV_1_DRAM_INTERLEAVED,,,,,,,,,,,,,,,,,,,,,,,,,,,,,,,,,,,,,,,,,,,,,,,,,,,,,,,,,1[1],288[288],288[288],128[128],TILE,BFLOAT16,DEV_1_DRAM_INTERLEAVED,,,,,,,,,,,,,,,,,['ttnn/cpp/ttnn/operations/eltwise/binary_ng/device/kernels/compute/eltwise_binary_sfpu_no_bcast.cpp'],['eltwise_binary_sfpu_no_bcast/16161308948743346830/'],['ttnn/cpp/ttnn/operations/eltwise/binary_ng/device/kernels_ng/dataflow/reader_interleaved_no_bcast.cpp'; 'ttnn/cpp/ttnn/operations/eltwise/binary_ng/device/kernels_ng/dataflow/writer_interleaved_no_bcast.cpp'],['reader_interleaved_no_bcast/5406995968467651208/'; 'writer_interleaved_no_bcast/12304832950705642753/'],1422597016547192474,True,1120,1644,1768,2328,1552,0,0,0,0,1,1,1,[],[],0.001,,,,,
MatmulDeviceOperation,tt_dnn_device,222208,0,blackhole,{'bcast_batch': 'true'; 'compute_kernel_config': 'ComputeKernelConfig(math_fidelity=HiFi4;math_approx_mode=0;fp32_dest_acc_en=1;packer_l1_acc=1;dst_full_sync_en=0;throttle_level=ThrottleLevel::NO_THROTTLE)'; 'global_cb': 'std::nullopt'; 'output_dtype': 'DataType::BFLOAT16'; 'output_mem_config': 'MemoryConfig(memory_layout=TensorMemoryLayout::INTERLEAVED;buffer_type=BufferType::DRAM;shard_spec=std::nullopt;nd_shard_spec=std::nullopt;created_with_nd_shard_spec=0)'; 'output_tile': 'Tile(tile_shape={32; 32};face_shape={16; 16};num_faces=4)'; 'program_config': 'MatmulMultiCoreReuseMultiCast1DProgramConfig(compute_with_storage_grid_size=(x=11;y=10);in0_block_w=4;out_subblock_h=1;out_subblock_w=4;out_block_h=5;out_block_w=4;per_core_M=25;per_core_N=4;fuse_batch=1;fused_activation=std::nullopt;mcast_in0=0;gather_in0=0;hop_cores={};num_global_cb_receivers=1;untilize_out=0)'; 'sub_device_id': 'std::nullopt'; 'transpose_a': 'false'; 'transpose_b': 'false'; 'untilize_out': 'false'; 'user_core_coord': 'std::nullopt'; 'user_fused_activation': 'std::nullopt'; 'user_run_batched': 'false'},HiFi4,104,110,,94613826053,94613909724,83671,7625549090292,7625549327304,109094,109094,175564,174042,174042,,,,576,174038,132301,147954,147954,148008,,,,,,1[1],288[288],288[288],128[128],TILE,BFLOAT16,DEV_1_DRAM_INTERLEAVED,1[1],1[1],128[128],128[128],TILE,BFLOAT16,DEV_1_DRAM_INTERLEAVED,1[1],1[1],32[1],128[128],TILE,BFLOAT16,DEV_1_DRAM_INTERLEAVED,,,,,,,,,,,,,,,,,,,,,,,,,,,,,,,,,,,,,,,,,,,,,,,,,,1[1],288[288],288[288],128[128],TILE,BFLOAT16,DEV_1_DRAM_INTERLEAVED,,,,,,,,,,,,,,,,,['ttnn/cpp/ttnn/operations/matmul/device/kernels/compute/bmm_large_block_zm_fused_bias_activation.cpp'],['bmm_large_block_zm_fused_bias_activation/17608312779855468387/'],['ttnn/cpp/ttnn/operations/matmul/device/kernels/dataflow/reader_bmm_tile_layout_in1_receiver_writer_padding.cpp'; 'ttnn/cpp/ttnn/operations/matmul/device/kernels/dataflow/reader_bmm_tile_layout_in1_sender_writer_padding.cpp'; 'ttnn/cpp/ttnn/operations/matmul/device/kernels/dataflow/reader_bmm_tile_layout_in0_sender_padding.cpp'],['reader_bmm_tile_layout_in1_receiver_writer_padding/10711249484914055111/'; 'reader_bmm_tile_layout_in1_sender_writer_padding/5765851023675674821/'; 'reader_bmm_tile_layout_in0_sender_padding/10331777992099284703/'],9402424805738121639,True,2704,856,2216,2288,2852,0,0,0,0,38623,17875,38623,[549.767333984375; 0.8484063744544983],[549.767333984375],10.271,,,,,
GenericOpDeviceOperation,tt_dnn_device,223232,0,blackhole,{'num_mesh_programs': '1'},HiFi4,110,110,,94614292678,94614329770,37092,7625549715084,7625549925450,287800,287825,155827,155281,155257,,,,553,155211,152587,153456,154933,154299,,,,,,1[1],288[288],288[288],128[128],TILE,BFLOAT16,DEV_1_DRAM_INTERLEAVED,1[1],288[288],288[288],128[128],TILE,BFLOAT16,DEV_1_DRAM_INTERLEAVED,1[1],288[288],288[288],128[128],TILE,BFLOAT16,DEV_1_DRAM_INTERLEAVED,1[1],288[288],288[288],128[128],TILE,BFLOAT16,DEV_1_DRAM_INTERLEAVED,,,,,,,,,,,,,,,,,,,,,,,,,,,,,,,,,,,,,,,,,,,1[1],288[288],288[288],128[128],TILE,BFLOAT16,DEV_1_DRAM_INTERLEAVED,,,,,,,,,,,,,,,,,['/home/ttuser/.coworker/wt/bcp-evo/tt_bio/kernels/rne_add/compute_rne_add.cpp'],['compute_rne_add/15506775982570106819/'],['/home/ttuser/.coworker/wt/bcp-evo/tt_bio/kernels/rne_add/writer_rne_add.cpp'; '/home/ttuser/.coworker/wt/bcp-evo/tt_bio/kernels/rne_add/reader_rne_add.cpp'],['writer_rne_add/11689109000663956392/'; 'reader_rne_add/5462348467134491698/'],16281275380064118936,True,768,1412,1604,1376,1432,0,0,0,0,1,1,1,[],[],0.001,,,,,
GenericOpDeviceOperation,tt_dnn_device,224256,0,blackhole,{'num_mesh_programs': '1'},,110,110,,94618159668,94618199114,39446,7625554934136,7625555205164,3710675,3710675,200761,200236,200236,,,,547,200158,93415,,,,,,,,,1[1],288[288],288[288],128[128],TILE,BFLOAT16,DEV_1_DRAM_INTERLEAVED,1[1],288[288],288[288],128[128],TILE,BFLOAT16,DEV_1_DRAM_INTERLEAVED,1[1],288[288],288[288],128[128],TILE,BFLOAT16,DEV_1_DRAM_INTERLEAVED,,,,,,,,,,,,,,,,,,,,,,,,,,,,,,,,,,,,,,,,,,,,,,,,,,1[1],288[288],288[288],128[128],TILE,BFLOAT16,DEV_1_DRAM_INTERLEAVED,,,,,,,,,,,,,,,,,[],[],['/home/ttuser/.coworker/wt/bcp-evo/tt_bio/kernels/pair_transpose/writer_pair_transpose.cpp'; '/home/ttuser/.coworker/wt/bcp-evo/tt_bio/kernels/pair_transpose/reader_pair_transpose.cpp'],['writer_pair_transpose/1148656286276345152/'; 'reader_pair_transpose/17721277455869609166/'],11664639922038897897,False,1180,1028,0,0,0,0,0,0,0,1,1,1,[],[],0.0,,,,,
LayerNormDeviceOperation,tt_dnn_device,225280,0,blackhole,{'compute_kernel_config': 'ComputeKernelConfig(math_fidelity=HiFi4;math_approx_mode=0;fp32_dest_acc_en=1;packer_l1_acc=1;dst_full_sync_en=0;throttle_level=ThrottleLevel::NO_THROTTLE)'; 'distributed_norm_stage': 'DistributedLayerNormStage::NOT_DISTRIBUTED'; 'dtype': 'std::nullopt'; 'eps': '1e-05'; 'fused_activation': 'std::nullopt'; 'norm_type': 'LayerNormType::LAYERNORM'; 'output_mem_config': 'MemoryConfig(memory_layout=TensorMemoryLayout::INTERLEAVED;buffer_type=BufferType::DRAM;shard_spec=std::nullopt;nd_shard_spec=std::nullopt;created_with_nd_shard_spec=0)'; 'program_config': 'LayerNormDefaultProgramConfig(legacy_reduction=0;legacy_rsqrt=0;use_welford=0)'},HiFi4,110,110,,94618340154,94618401662,61508,7625555180252,7625555372783,512,514,142616,123641,123639,,,,1361,123639,116055,123162,122853,123192,,,,,,1[1],288[288],288[288],128[128],TILE,BFLOAT16,DEV_1_DRAM_INTERLEAVED,1[1],1[1],32[1],128[128],TILE,BFLOAT16,DEV_1_DRAM_INTERLEAVED,1[1],1[1],32[1],128[128],TILE,BFLOAT16,DEV_1_DRAM_INTERLEAVED,,,,,,,,,,,,,,,,,,,,,,,,,,,,,,,,,,,,,,,,,,,,,,,,,,1[1],288[288],288[288],128[128],TILE,BFLOAT16,DEV_1_DRAM_INTERLEAVED,,,,,,,,,,,,,,,,,['ttnn/cpp/ttnn/operations/normalization/layernorm/device/kernels/compute/layernorm.cpp'],['layernorm/14806225178095602344/'],['ttnn/cpp/ttnn/operations/normalization/layernorm/device/kernels/dataflow/writer_unary_interleaved_start_id_blocked.cpp'; 'ttnn/cpp/ttnn/operations/normalization/layernorm/device/kernels/dataflow/reader_unary_interleaved_ln.cpp'],['writer_unary_interleaved_start_id_blocked/1072855677011524085/'; 'reader_unary_interleaved_ln/12670039668448626785/'],2703445868539915113,True,812,2112,4672,4696,5564,0,0,0,0,1,1,1,[],[],0.001,,,,,
MatmulDeviceOperation,tt_dnn_device,226304,0,blackhole,{'bcast_batch': 'true'; 'compute_kernel_config': 'ComputeKernelConfig(math_fidelity=HiFi4;math_approx_mode=0;fp32_dest_acc_en=1;packer_l1_acc=1;dst_full_sync_en=0;throttle_level=ThrottleLevel::NO_THROTTLE)'; 'global_cb': 'std::nullopt'; 'output_dtype': 'DataType::BFLOAT16'; 'output_mem_config': 'MemoryConfig(memory_layout=TensorMemoryLayout::INTERLEAVED;buffer_type=BufferType::DRAM;shard_spec=std::nullopt;nd_shard_spec=std::nullopt;created_with_nd_shard_spec=0)'; 'output_tile': 'Tile(tile_shape={32; 32};face_shape={16; 16};num_faces=4)'; 'program_config': 'MatmulMultiCoreReuseMultiCast1DProgramConfig(compute_with_storage_grid_size=(x=11;y=10);in0_block_w=4;out_subblock_h=1;out_subblock_w=1;out_block_h=5;out_block_w=1;per_core_M=25;per_core_N=1;fuse_batch=1;fused_activation=std::nullopt;mcast_in0=0;gather_in0=0;hop_cores={};num_global_cb_receivers=1;untilize_out=0)'; 'sub_device_id': 'std::nullopt'; 'transpose_a': 'false'; 'transpose_b': 'false'; 'untilize_out': 'false'; 'user_core_coord': 'std::nullopt'; 'user_fused_activation': 'std::nullopt'; 'user_run_batched': 'false'},HiFi4,104,110,,94618546570,94618615242,68672,7625555462390,7625555589750,67888,67889,94341,92822,92821,,,,569,92821,90623,91318,91719,91741,,,,,,1[1],288[288],288[288],128[128],TILE,BFLOAT16,DEV_1_DRAM_INTERLEAVED,1[1],1[1],128[128],32[4],TILE,BFLOAT16,DEV_1_DRAM_INTERLEAVED,,,,,,,,,,,,,,,,,,,,,,,,,,,,,,,,,,,,,,,,,,,,,,,,,,,,,,,,,1[1],288[288],288[288],32[4],TILE,BFLOAT16,DEV_1_DRAM_INTERLEAVED,,,,,,,,,,,,,,,,,['ttnn/cpp/ttnn/operations/matmul/device/kernels/compute/bmm_large_block_zm_fused_bias_activation.cpp'],['bmm_large_block_zm_fused_bias_activation/110771084487296781/'],['ttnn/cpp/ttnn/operations/matmul/device/kernels/dataflow/reader_bmm_tile_layout_in1_receiver_writer_padding.cpp'; 'ttnn/cpp/ttnn/operations/matmul/device/kernels/dataflow/reader_bmm_tile_layout_in1_sender_writer_padding.cpp'; 'ttnn/cpp/ttnn/operations/matmul/device/kernels/dataflow/reader_bmm_tile_layout_in0_sender_padding.cpp'],['reader_bmm_tile_layout_in1_receiver_writer_padding/4950289860550707270/'; 'reader_bmm_tile_layout_in1_sender_writer_padding/13465886954871218074/'; 'reader_bmm_tile_layout_in0_sender_padding/5163765105817206461/'],5614644772281119957,True,1964,856,1676,1564,1748,0,0,0,0,38623,560,38623,[549.767333984375; 0.21210159361362457],[137.44183349609375],0.603,,,,,
PermuteDeviceOperation,tt_dnn_device,227328,0,blackhole,{'dims': '{0; 3; 1; 2}'; 'output_mem_config': 'MemoryConfig(memory_layout=TensorMemoryLayout::INTERLEAVED;buffer_type=BufferType::DRAM;shard_spec=std::nullopt;nd_shard_spec=std::nullopt;created_with_nd_shard_spec=0)'; 'pad_value': '0'},HiFi4,110,110,,94618780509,94618829463,48954,7625555774757,7625555811341,137592,137592,27099,26550,26550,,,,558,26473,25601,25616,23518,25209,,,,,,1[1],288[288],288[288],32[4],TILE,BFLOAT16,DEV_1_DRAM_INTERLEAVED,,,,,,,,,,,,,,,,,,,,,,,,,,,,,,,,,,,,,,,,,,,,,,,,,,,,,,,,,,,,,,,,1[1],4[4],288[288],288[288],TILE,BFLOAT16,DEV_1_DRAM_INTERLEAVED,,,,,,,,,,,,,,,,,['ttnn/cpp/ttnn/operations/data_movement/transpose/device/kernels/compute/transpose_wh.cpp'],['transpose_wh/14581025993053660267/'],['ttnn/cpp/ttnn/operations/data_movement/permute/device/kernels/dataflow/writer_permute_interleaved_tiled_row_invariant.cpp'; 'ttnn/cpp/ttnn/operations/data_movement/transpose/device/kernels/dataflow/reader_unary_transpose_hc_interleaved_tiled_padding_aware.cpp'],['writer_permute_interleaved_tiled_row_invariant/12882376229727892710/'; 'reader_unary_transpose_hc_interleaved_tiled_padding_aware/5433227001150697623/'],6020671882703957466,True,1340,944,1140,648,1296,0,0,0,0,18389,18389,9655,[288.6734313964844],[36.08417892456055],69.262,,,,,
MinimalMatmulDeviceOperation,tt_dnn_device,228352,0,blackhole,{'chunks': '1'; 'compute_kernel_config': 'ComputeKernelConfig(math_fidelity=HiFi4;math_approx_mode=0;fp32_dest_acc_en=1;packer_l1_acc=1;dst_full_sync_en=0;throttle_level=ThrottleLevel::NO_THROTTLE)'; 'config': 'MinimalMatmulConfig(M_block_size=4;K_block_size=4;N_block_size=1;subblock_h=4;subblock_w=1;compute_with_storage_grid_size=(x=11;y=10))'; 'dim': '-1'; 'fused_activation': 'std::nullopt'; 'fused_ternary_scalar': 'std::nullopt'; 'output_dtype': 'DataType::BFLOAT16'; 'output_mem_config': 'std::nullopt'},HiFi4,110,110,,94619034346,94619080675,46329,7625556117768,7625556515605,228445,228445,294694,293226,293226,,,,561,288733,293226,292747,292655,292760,,,,,,1[1],288[288],288[288],128[128],TILE,BFLOAT16,DEV_1_DRAM_INTERLEAVED,1[1],1[1],128[128],384[384],TILE,BFLOAT16,DEV_1_DRAM_INTERLEAVED,,,,,,,,,,,,,,,,,,,,,,,,,,,,,,,,,,,,,,,,,,,,,,,,,,,,,,,,,1[1],288[288],288[288],384[384],TILE,BFLOAT16,DEV_1_DRAM_INTERLEAVED,,,,,,,,,,,,,,,,,['ttnn/cpp/ttnn/operations/experimental/minimal_matmul/device/kernels/compute.cpp'],['compute/3115284922236065016/'],['ttnn/cpp/ttnn/operations/experimental/minimal_matmul/device/kernels/dm_in1_sender_out.cpp'; 'ttnn/cpp/ttnn/operations/experimental/minimal_matmul/device/kernels/dm_in0_sender.cpp'],['dm_in1_sender_out/4463326614624474887/'; 'dm_in0_sender/8758059186078402385/'],3181693430792813899,True,1832,2200,2600,2408,3292,0,0,0,0,1,1,1,[],[],0.0,,,,,
MinimalMatmulDeviceOperation,tt_dnn_device,229376,0,blackhole,{'chunks': '1'; 'compute_kernel_config': 'ComputeKernelConfig(math_fidelity=HiFi4;math_approx_mode=0;fp32_dest_acc_en=1;packer_l1_acc=1;dst_full_sync_en=0;throttle_level=ThrottleLevel::NO_THROTTLE)'; 'config': 'MinimalMatmulConfig(M_block_size=4;K_block_size=4;N_block_size=1;subblock_h=4;subblock_w=1;compute_with_storage_grid_size=(x=11;y=10))'; 'dim': '-1'; 'fused_activation': 'std::nullopt'; 'fused_ternary_scalar': 'std::nullopt'; 'output_dtype': 'DataType::BFLOAT16'; 'output_mem_config': 'std::nullopt'},HiFi4,110,110,,94619188602,94619222868,34266,7625556493205,7625556724746,212,212,171512,154700,154700,,,,1487,152745,154700,154514,154450,154553,,,,,,1[1],288[288],288[288],128[128],TILE,BFLOAT16,DEV_1_DRAM_INTERLEAVED,1[1],1[1],128[128],128[128],TILE,BFLOAT16,DEV_1_DRAM_INTERLEAVED,1[1],1[1],32[1],128[128],TILE,BFLOAT16,DEV_1_DRAM_INTERLEAVED,,,,,,,,,,,,,,,,,,,,,,,,,,,,,,,,,,,,,,,,,,,,,,,,,,1[1],288[288],288[288],128[128],TILE,BFLOAT16,DEV_1_DRAM_INTERLEAVED,,,,,,,,,,,,,,,,,['ttnn/cpp/ttnn/operations/experimental/minimal_matmul/device/kernels/compute.cpp'],['compute/9683565378348403167/'],['ttnn/cpp/ttnn/operations/experimental/minimal_matmul/device/kernels/dm_in1_sender_out.cpp'; 'ttnn/cpp/ttnn/operations/experimental/minimal_matmul/device/kernels/dm_in0_sender.cpp'],['dm_in1_sender_out/11858185509760375404/'; 'dm_in0_sender/10937635939712819240/'],2564325879825607064,True,2312,2108,2672,2324,3120,0,0,0,0,1,1,1,[],[],0.001,,,,,
NlpCreateHeadsDeviceOperation,tt_dnn_device,230400,0,blackhole,{'head_dim': '32'; 'num_kv_heads': '4'; 'num_q_heads': '4'; 'output_mem_config': 'MemoryConfig(memory_layout=TensorMemoryLayout::INTERLEAVED;buffer_type=BufferType::DRAM;shard_spec=std::nullopt;nd_shard_spec=std::nullopt;created_with_nd_shard_spec=0)'; 'transpose_k_heads': 'false'},,110,110,,94619361945,94619402032,40087,7625556713157,7625557188936,177,177,352429,343688,343688,,,,1480,343681,343364,,,,,,,,,288[288],1[1],288[288],384[384],TILE,BFLOAT16,DEV_1_DRAM_INTERLEAVED,,,,,,,,,,,,,,,,,,,,,,,,,,,,,,,,,,,,,,,,,,,,,,,,,,,,,,,,,,,,,,,,288[288],4[4],288[288],32[32],TILE,BFLOAT16,DEV_1_DRAM_INTERLEAVED,288[288],4[4],288[288],32[32],TILE,BFLOAT16,DEV_1_DRAM_INTERLEAVED,288[288],4[4],288[288],32[32],TILE,BFLOAT16,DEV_1_DRAM_INTERLEAVED,,,[],[],['ttnn/cpp/ttnn/operations/experimental/transformer/nlp_create_qkv_heads/device/kernels/dataflow/writer_tm_tile_layout_nlp_create_qkv_heads.cpp'; 'ttnn/cpp/ttnn/operations/experimental/transformer/nlp_create_qkv_heads/device/kernels/dataflow/reader_tm_tile_layout_nlp_create_qkv_heads.cpp'],['writer_tm_tile_layout_nlp_create_qkv_heads/11730341634691296032/'; 'reader_tm_tile_layout_nlp_create_qkv_heads/15066080694631099887/'],4559057150348919065,True,2016,1704,0,0,0,0,0,0,0,1,1,1,[],[],0.0,,,,,
BinaryNgDeviceOperation,tt_dnn_device,231424,0,blackhole,{'binary_op_type': 'BinaryOpType::MUL'; 'compute_kernel_config': 'std::nullopt'; 'dtype': 'DataType::BFLOAT16'; 'input_dtype': 'DataType::BFLOAT16'; 'is_quant_op': 'false'; 'is_sfpu': 'true'; 'is_where_op': 'false'; 'lhs_activations': '{}'; 'memory_config': 'MemoryConfig(memory_layout=TensorMemoryLayout::INTERLEAVED;buffer_type=BufferType::DRAM;shard_spec=std::nullopt;nd_shard_spec=std::nullopt;created_with_nd_shard_spec=0)'; 'post_activations': '{}'; 'rhs_activations': '{}'; 'scalar': '5.656854'; 'sub_core_grids': 'std::nullopt'; 'subtile_broadcast_type': 'SubtileBroadcastType::NONE'; 'worker_grid': '{[(x=0;y=0) - (x=10;y=9)]}'},HiFi4,110,110,,94619515269,94619560035,44766,7625556953445,7625557196481,296,297,180027,5295,5294,,,,1376,5294,3239,3444,4570,4648,,,,,,1[1],4[4],288[288],288[288],TILE,BFLOAT16,DEV_1_DRAM_INTERLEAVED,,,,,,,,,,,,,,,,,,,,,,,,,,,,,,,,,,,,,,,,,,,,,,,,,,,,,,,,,,,,,,,,1[1],4[4],288[288],288[288],TILE,BFLOAT16,DEV_1_DRAM_INTERLEAVED,,,,,,,,,,,,,,,,,['ttnn/cpp/ttnn/operations/eltwise/binary_ng/device/kernels/compute/eltwise_binary_sfpu_scalar.cpp'],['eltwise_binary_sfpu_scalar/6302317103236044736/'],['ttnn/cpp/ttnn/operations/eltwise/binary_ng/device/kernels/dataflow/reader_interleaved_no_bcast.cpp'; 'ttnn/cpp/ttnn/operations/eltwise/binary_ng/device/kernels/dataflow/writer_interleaved_scalar.cpp'],['reader_interleaved_no_bcast/15501400787415134526/'; 'writer_interleaved_scalar/13747915134593411132/'],15691238620557725211,True,1228,1256,1532,1264,1296,0,0,0,0,1,1,1,[],[],0.019,,,,,
GenericOpDeviceOperation,tt_dnn_device,232448,0,blackhole,{'num_mesh_programs': '1'},HiFi4,110,110,,94620113517,94620151970,38453,7625557550098,7625557975407,262476,262739,315044,314502,314239,,,,1046,314211,297110,312827,313485,313299,,,,,,288[288],4[4],288[288],32[32],TILE,BFLOAT16,DEV_1_DRAM_INTERLEAVED,288[288],4[4],288[288],32[32],TILE,BFLOAT16,DEV_1_DRAM_INTERLEAVED,288[288],4[4],288[288],32[32],TILE,BFLOAT16,DEV_1_DRAM_INTERLEAVED,1[1],4[4],288[288],288[288],TILE,BFLOAT16,DEV_1_DRAM_INTERLEAVED,288[288],4[4],288[288],32[32],TILE,BFLOAT16,DEV_1_DRAM_INTERLEAVED,288[288],4[4],288[288],32[32],TILE,BFLOAT16,DEV_1_DRAM_INTERLEAVED,,,,,,,,,,,,,,,,,,,,,,,,,,,,,288[288],4[4],288[288],32[32],TILE,BFLOAT16,DEV_1_DRAM_INTERLEAVED,,,,,,,,,,,,,,,,,['/home/ttuser/.coworker/wt/bcp-evo/tt_bio/kernels/triatt_sdpa/compute/sdpa.cpp'],['sdpa/6443954416559138199/'],['/home/ttuser/tt-metal-b2z/ttnn/cpp/ttnn/operations/transformer/sdpa/device/kernels/dataflow/writer_interleaved.cpp'; '/home/ttuser/.coworker/wt/bcp-evo/tt_bio/kernels/triatt_sdpa/dataflow/reader_interleaved.cpp'],['writer_interleaved/14487806200429715675/'; 'reader_interleaved/8214456957785208752/'],8837759648348085067,True,1932,6012,7172,8348,7416,0,0,0,0,1,1,1,[],[],0.0,,,,,
BinaryNgDeviceOperation,tt_dnn_device,233472,0,blackhole,{'binary_op_type': 'BinaryOpType::MUL'; 'compute_kernel_config': 'std::nullopt'; 'dtype': 'DataType::BFLOAT16'; 'input_dtype': 'DataType::BFLOAT16'; 'is_quant_op': 'false'; 'is_sfpu': 'true'; 'is_where_op': 'false'; 'lhs_activations': '{}'; 'memory_config': 'MemoryConfig(memory_layout=TensorMemoryLayout::INTERLEAVED;buffer_type=BufferType::DRAM;shard_spec=std::nullopt;nd_shard_spec=std::nullopt;created_with_nd_shard_spec=0)'; 'post_activations': '{}'; 'rhs_activations': '{}'; 'scalar': '0.17677669'; 'sub_core_grids': 'std::nullopt'; 'subtile_broadcast_type': 'SubtileBroadcastType::NONE'; 'worker_grid': '{[(x=0;y=0) - (x=10;y=9)]}'},HiFi4,110,110,,94620198209,94620231693,33484,7625557659911,7625557982581,284,285,239015,5034,5033,,,,1406,5027,3292,3485,4611,4195,,,,,,1[1],4[4],288[288],288[288],TILE,BFLOAT16,DEV_1_DRAM_INTERLEAVED,,,,,,,,,,,,,,,,,,,,,,,,,,,,,,,,,,,,,,,,,,,,,,,,,,,,,,,,,,,,,,,,1[1],4[4],288[288],288[288],TILE,BFLOAT16,DEV_1_DRAM_INTERLEAVED,,,,,,,,,,,,,,,,,['ttnn/cpp/ttnn/operations/eltwise/binary_ng/device/kernels/compute/eltwise_binary_sfpu_scalar.cpp'],['eltwise_binary_sfpu_scalar/6302317103236044736/'],['ttnn/cpp/ttnn/operations/eltwise/binary_ng/device/kernels/dataflow/reader_interleaved_no_bcast.cpp'; 'ttnn/cpp/ttnn/operations/eltwise/binary_ng/device/kernels/dataflow/writer_interleaved_scalar.cpp'],['reader_interleaved_no_bcast/15501400787415134526/'; 'writer_interleaved_scalar/13747915134593411132/'],15691238620557725211,True,1228,1256,1532,1264,1296,0,0,0,0,1,1,1,[],[],0.02,,,,,
NLPConcatHeadsDeviceOperation,tt_dnn_device,234496,0,blackhole,{'output_mem_config': 'MemoryConfig(memory_layout=TensorMemoryLayout::INTERLEAVED;buffer_type=BufferType::DRAM;shard_spec=std::nullopt;nd_shard_spec=std::nullopt;created_with_nd_shard_spec=0)'},,110,110,,94620365430,94620389887,24457,7625557981818,7625558141879,345,345,118564,117647,117647,,,,1313,117647,117363,,,,,,,,,288[288],4[4],288[288],32[32],TILE,BFLOAT16,DEV_1_DRAM_INTERLEAVED,,,,,,,,,,,,,,,,,,,,,,,,,,,,,,,,,,,,,,,,,,,,,,,,,,,,,,,,,,,,,,,,288[288],1[1],288[288],128[128],TILE,BFLOAT16,DEV_1_DRAM_INTERLEAVED,,,,,,,,,,,,,,,,,[],[],['ttnn/cpp/ttnn/operations/eltwise/unary/device/kernels/dataflow/writer_unary_interleaved_start_id.cpp'; 'ttnn/cpp/ttnn/operations/experimental/transformer/nlp_concat_heads/device/kernels/dataflow/reader_tm_tile_layout_nlp_concat_heads.cpp'],['writer_unary_interleaved_start_id/9607551389675776825/'; 'reader_tm_tile_layout_nlp_concat_heads/8147411415799185190/'],9204059178956250018,True,1000,1024,0,0,0,0,0,0,0,1,1,1,[],[],0.001,,,,,
BinaryNgDeviceOperation,tt_dnn_device,235520,0,blackhole,{'binary_op_type': 'BinaryOpType::MUL'; 'compute_kernel_config': 'std::nullopt'; 'dtype': 'DataType::BFLOAT16'; 'input_dtype': 'DataType::BFLOAT16'; 'is_quant_op': 'false'; 'is_sfpu': 'true'; 'is_where_op': 'false'; 'lhs_activations': '{}'; 'memory_config': 'MemoryConfig(memory_layout=TensorMemoryLayout::INTERLEAVED;buffer_type=BufferType::DRAM;shard_spec=std::nullopt;nd_shard_spec=std::nullopt;created_with_nd_shard_spec=0)'; 'post_activations': '{}'; 'rhs_activations': '{BasicUnaryWithParam<float; int; unsigned int>(base=BasicUnaryWithParam<float>(op_type=UnaryOpType::SIGMOID;param={}))}'; 'scalar': 'std::nullopt'; 'sub_core_grids': 'std::nullopt'; 'subtile_broadcast_type': 'SubtileBroadcastType::NONE'; 'worker_grid': '{[(x=0;y=0) - (x=10;y=9)]}'},HiFi4,110,110,,94620546227,94620584460,38233,7625558119072,7625558364610,300,300,181880,164687,164687,,,,1381,164686,160979,163727,164281,163597,,,,,,1[1],288[288],288[288],128[128],TILE,BFLOAT16,DEV_1_DRAM_INTERLEAVED,1[1],288[288],288[288],128[128],TILE,BFLOAT16,DEV_1_DRAM_INTERLEAVED,,,,,,,,,,,,,,,,,,,,,,,,,,,,,,,,,,,,,,,,,,,,,,,,,,,,,,,,,1[1],288[288],288[288],128[128],TILE,BFLOAT16,DEV_1_DRAM_INTERLEAVED,,,,,,,,,,,,,,,,,['ttnn/cpp/ttnn/operations/eltwise/binary_ng/device/kernels/compute/eltwise_binary_sfpu_no_bcast.cpp'],['eltwise_binary_sfpu_no_bcast/16161308948743346830/'],['ttnn/cpp/ttnn/operations/eltwise/binary_ng/device/kernels_ng/dataflow/reader_interleaved_no_bcast.cpp'; 'ttnn/cpp/ttnn/operations/eltwise/binary_ng/device/kernels_ng/dataflow/writer_interleaved_no_bcast.cpp'],['reader_interleaved_no_bcast/5406995968467651208/'; 'writer_interleaved_no_bcast/12304832950705642753/'],1422597016547192474,True,1120,1644,1768,2328,1552,0,0,0,0,1,1,1,[],[],0.001,,,,,
MatmulDeviceOperation,tt_dnn_device,236544,0,blackhole,{'bcast_batch': 'true'; 'compute_kernel_config': 'ComputeKernelConfig(math_fidelity=HiFi4;math_approx_mode=0;fp32_dest_acc_en=1;packer_l1_acc=1;dst_full_sync_en=0;throttle_level=ThrottleLevel::NO_THROTTLE)'; 'global_cb': 'std::nullopt'; 'output_dtype': 'DataType::BFLOAT16'; 'output_mem_config': 'MemoryConfig(memory_layout=TensorMemoryLayout::INTERLEAVED;buffer_type=BufferType::DRAM;shard_spec=std::nullopt;nd_shard_spec=std::nullopt;created_with_nd_shard_spec=0)'; 'output_tile': 'Tile(tile_shape={32; 32};face_shape={16; 16};num_faces=4)'; 'program_config': 'MatmulMultiCoreReuseMultiCast1DProgramConfig(compute_with_storage_grid_size=(x=11;y=10);in0_block_w=4;out_subblock_h=1;out_subblock_w=4;out_block_h=5;out_block_w=4;per_core_M=25;per_core_N=4;fuse_batch=1;fused_activation=std::nullopt;mcast_in0=0;gather_in0=0;hop_cores={};num_global_cb_receivers=1;untilize_out=0)'; 'sub_device_id': 'std::nullopt'; 'transpose_a': 'false'; 'transpose_b': 'false'; 'untilize_out': 'false'; 'user_core_coord': 'std::nullopt'; 'user_fused_activation': 'std::nullopt'; 'user_run_batched': 'false'},HiFi4,104,110,,94620743475,94620802739,59264,7625558380831,7625558613438,13504,13504,172301,170806,170806,,,,594,170806,130940,145501,145496,145540,,,,,,1[1],288[288],288[288],128[128],TILE,BFLOAT16,DEV_1_DRAM_INTERLEAVED,1[1],1[1],128[128],128[128],TILE,BFLOAT16,DEV_1_DRAM_INTERLEAVED,1[1],1[1],32[1],128[128],TILE,BFLOAT16,DEV_1_DRAM_INTERLEAVED,,,,,,,,,,,,,,,,,,,,,,,,,,,,,,,,,,,,,,,,,,,,,,,,,,1[1],288[288],288[288],128[128],TILE,BFLOAT16,DEV_1_DRAM_INTERLEAVED,,,,,,,,,,,,,,,,,['ttnn/cpp/ttnn/operations/matmul/device/kernels/compute/bmm_large_block_zm_fused_bias_activation.cpp'],['bmm_large_block_zm_fused_bias_activation/17608312779855468387/'],['ttnn/cpp/ttnn/operations/matmul/device/kernels/dataflow/reader_bmm_tile_layout_in1_receiver_writer_padding.cpp'; 'ttnn/cpp/ttnn/operations/matmul/device/kernels/dataflow/reader_bmm_tile_layout_in1_sender_writer_padding.cpp'; 'ttnn/cpp/ttnn/operations/matmul/device/kernels/dataflow/reader_bmm_tile_layout_in0_sender_padding.cpp'],['reader_bmm_tile_layout_in1_receiver_writer_padding/10711249484914055111/'; 'reader_bmm_tile_layout_in1_sender_writer_padding/5765851023675674821/'; 'reader_bmm_tile_layout_in0_sender_padding/10331777992099284703/'],9402424805738121639,True,2704,856,2216,2288,2852,0,0,0,0,38623,17875,38623,[549.767333984375; 0.8484063744544983],[549.767333984375],10.465,,,,,
GenericOpDeviceOperation,tt_dnn_device,237568,0,blackhole,{'num_mesh_programs': '1'},,110,110,,94621113205,94621139014,25809,7625558863896,7625559134637,186061,186061,200549,200027,200027,,,,551,199957,92739,,,,,,,,,1[1],288[288],288[288],128[128],TILE,BFLOAT16,DEV_1_DRAM_INTERLEAVED,1[1],288[288],288[288],128[128],TILE,BFLOAT16,DEV_1_DRAM_INTERLEAVED,1[1],288[288],288[288],128[128],TILE,BFLOAT16,DEV_1_DRAM_INTERLEAVED,,,,,,,,,,,,,,,,,,,,,,,,,,,,,,,,,,,,,,,,,,,,,,,,,,1[1],288[288],288[288],128[128],TILE,BFLOAT16,DEV_1_DRAM_INTERLEAVED,,,,,,,,,,,,,,,,,[],[],['/home/ttuser/.coworker/wt/bcp-evo/tt_bio/kernels/pair_transpose/writer_pair_transpose.cpp'; '/home/ttuser/.coworker/wt/bcp-evo/tt_bio/kernels/pair_transpose/reader_pair_transpose.cpp'],['writer_pair_transpose/1148656286276345152/'; 'reader_pair_transpose/17721277455869609166/'],11664639922038897897,True,1180,1028,0,0,0,0,0,0,0,1,1,1,[],[],0.0,,,,,
GenericOpDeviceOperation,tt_dnn_device,238592,0,blackhole,{'num_mesh_programs': '1'},HiFi4,110,110,,94621422749,94621449209,26460,7625559275027,7625559482608,104527,104529,153764,153228,153227,,,,556,153151,150627,151367,152872,152240,,,,,,1[1],288[288],288[288],128[128],TILE,BFLOAT16,DEV_1_DRAM_INTERLEAVED,1[1],288[288],288[288],128[128],TILE,BFLOAT16,DEV_1_DRAM_INTERLEAVED,1[1],288[288],288[288],128[128],TILE,BFLOAT16,DEV_1_DRAM_INTERLEAVED,1[1],288[288],288[288],128[128],TILE,BFLOAT16,DEV_1_DRAM_INTERLEAVED,,,,,,,,,,,,,,,,,,,,,,,,,,,,,,,,,,,,,,,,,,,1[1],288[288],288[288],128[128],TILE,BFLOAT16,DEV_1_DRAM_INTERLEAVED,,,,,,,,,,,,,,,,,['/home/ttuser/.coworker/wt/bcp-evo/tt_bio/kernels/rne_add/compute_rne_add.cpp'],['compute_rne_add/15506775982570106819/'],['/home/ttuser/.coworker/wt/bcp-evo/tt_bio/kernels/rne_add/writer_rne_add.cpp'; '/home/ttuser/.coworker/wt/bcp-evo/tt_bio/kernels/rne_add/reader_rne_add.cpp'],['writer_rne_add/11689109000663956392/'; 'reader_rne_add/5462348467134491698/'],16281275380064118936,True,768,1412,1604,1376,1432,0,0,0,0,1,1,1,[],[],0.001,,,,,
LayerNormDeviceOperation,tt_dnn_device,239616,0,blackhole,{'compute_kernel_config': 'ComputeKernelConfig(math_fidelity=HiFi4;math_approx_mode=0;fp32_dest_acc_en=1;packer_l1_acc=1;dst_full_sync_en=0;throttle_level=ThrottleLevel::NO_THROTTLE)'; 'distributed_norm_stage': 'DistributedLayerNormStage::NOT_DISTRIBUTED'; 'dtype': 'std::nullopt'; 'eps': '1e-05'; 'fused_activation': 'std::nullopt'; 'norm_type': 'LayerNormType::LAYERNORM'; 'output_mem_config': 'MemoryConfig(memory_layout=TensorMemoryLayout::INTERLEAVED;buffer_type=BufferType::DRAM;shard_spec=std::nullopt;nd_shard_spec=std::nullopt;created_with_nd_shard_spec=0)'; 'program_config': 'LayerNormDefaultProgramConfig(legacy_reduction=0;legacy_rsqrt=0;use_welford=0)'},HiFi4,110,110,,94621576924,94621621790,44866,7625559480113,7625559649954,60,60,125808,123893,123893,,,,1776,123893,116275,123406,123091,123433,,,,,,1[1],288[288],288[288],128[128],TILE,BFLOAT16,DEV_1_DRAM_INTERLEAVED,1[1],1[1],32[1],128[128],TILE,BFLOAT16,DEV_1_DRAM_INTERLEAVED,1[1],1[1],32[1],128[128],TILE,BFLOAT16,DEV_1_DRAM_INTERLEAVED,,,,,,,,,,,,,,,,,,,,,,,,,,,,,,,,,,,,,,,,,,,,,,,,,,1[1],288[288],288[288],128[128],TILE,BFLOAT16,DEV_1_DRAM_INTERLEAVED,,,,,,,,,,,,,,,,,['ttnn/cpp/ttnn/operations/normalization/layernorm/device/kernels/compute/layernorm.cpp'],['layernorm/14806225178095602344/'],['ttnn/cpp/ttnn/operations/normalization/layernorm/device/kernels/dataflow/writer_unary_interleaved_start_id_blocked.cpp'; 'ttnn/cpp/ttnn/operations/normalization/layernorm/device/kernels/dataflow/reader_unary_interleaved_ln.cpp'],['writer_unary_interleaved_start_id_blocked/1072855677011524085/'; 'reader_unary_interleaved_ln/12670039668448626785/'],2703445868539915113,True,812,2112,4672,4696,5564,0,0,0,0,1,1,1,[],[],0.001,,,,,
MinimalMatmulDeviceOperation,tt_dnn_device,240640,0,blackhole,{'chunks': '1'; 'compute_kernel_config': 'ComputeKernelConfig(math_fidelity=HiFi4;math_approx_mode=0;fp32_dest_acc_en=1;packer_l1_acc=1;dst_full_sync_en=0;throttle_level=ThrottleLevel::NO_THROTTLE)'; 'config': 'MinimalMatmulConfig(M_block_size=4;K_block_size=4;N_block_size=4;subblock_h=1;subblock_w=4;compute_with_storage_grid_size=(x=11;y=10))'; 'dim': '-1'; 'fused_activation': 'std::nullopt'; 'fused_ternary_scalar': 'std::nullopt'; 'output_dtype': 'DataType::BFLOAT16'; 'output_mem_config': 'std::nullopt'},HiFi4,110,110,,95185719828,95185826352,106524,7626321040711,7626321605179,563994834,563994484,418124,416632,416631,,,,547,413287,416631,416112,416086,416217,,,,,,1[1],288[288],288[288],128[128],TILE,BFLOAT16,DEV_1_DRAM_INTERLEAVED,1[1],1[1],128[128],512[512],TILE,BFLOAT16,DEV_1_DRAM_INTERLEAVED,1[1],1[1],32[1],512[512],TILE,BFLOAT16,DEV_1_DRAM_INTERLEAVED,,,,,,,,,,,,,,,,,,,,,,,,,,,,,,,,,,,,,,,,,,,,,,,,,,1[1],288[288],288[288],512[512],TILE,BFLOAT16,DEV_1_DRAM_INTERLEAVED,,,,,,,,,,,,,,,,,['ttnn/cpp/ttnn/operations/experimental/minimal_matmul/device/kernels/compute.cpp'],['compute/4725294069868924064/'],['ttnn/cpp/ttnn/operations/experimental/minimal_matmul/device/kernels/dm_in1_sender_out.cpp'; 'ttnn/cpp/ttnn/operations/experimental/minimal_matmul/device/kernels/dm_in0_sender.cpp'],['dm_in1_sender_out/4870715828687916971/'; 'dm_in0_sender/1904493576305217761/'],17203579039559306632,False,2348,2168,2664,2872,3644,0,0,0,0,1,1,1,[],[],0.0,,,,,
UnaryNgDeviceOperation,tt_dnn_device,241664,0,blackhole,{'bfp8_pack_precise': 'false'; 'fp32_dest_acc_en': 'false'; 'memory_config': 'MemoryConfig(memory_layout=TensorMemoryLayout::INTERLEAVED;buffer_type=BufferType::DRAM;shard_spec=std::nullopt;nd_shard_spec=std::nullopt;created_with_nd_shard_spec=0)'; 'op_chain': '{BasicUnaryWithParam<float; int; unsigned int>(base=BasicUnaryWithParam<float>(op_type=UnaryOpType::RELU;param={}))}'; 'output_dtype': 'DataType::BFLOAT16'; 'preserve_fp32_precision': 'false'; 'sub_core_grids': 'std::nullopt'; 'worker_grid': '{[(x=0;y=0) - (x=10;y=9)]}'},HiFi4,110,110,,95185995457,95186054430,58973,7626321557289,7626322183484,186,195,463848,428201,428192,,,,1493,428190,427613,427664,427783,427460,,,,,,1[1],288[288],288[288],512[512],TILE,BFLOAT16,DEV_1_DRAM_INTERLEAVED,,,,,,,,,,,,,,,,,,,,,,,,,,,,,,,,,,,,,,,,,,,,,,,,,,,,,,,,,,,,,,,,1[1],288[288],288[288],512[512],TILE,BFLOAT16,DEV_1_DRAM_INTERLEAVED,,,,,,,,,,,,,,,,,['ttnn/cpp/ttnn/operations/eltwise/unary_ng/device/kernels/compute/eltwise_sfpu.cpp'],['eltwise_sfpu/17300983965006119984/'],['ttnn/cpp/ttnn/operations/eltwise/unary_ng/device/kernels/dataflow/writer_unary_ng.cpp'; 'ttnn/cpp/ttnn/operations/eltwise/unary_ng/device/kernels/dataflow/reader_unary_ng.cpp'],['writer_unary_ng/13835163660338601625/'; 'reader_unary_ng/850304498476538194/'],9784030615441581399,True,1000,928,1096,784,1264,0,0,0,0,1,1,1,[],[],0.0,,,,,
MinimalMatmulDeviceOperation,tt_dnn_device,242688,0,blackhole,{'chunks': '1'; 'compute_kernel_config': 'ComputeKernelConfig(math_fidelity=HiFi4;math_approx_mode=0;fp32_dest_acc_en=1;packer_l1_acc=1;dst_full_sync_en=0;throttle_level=ThrottleLevel::NO_THROTTLE)'; 'config': 'MinimalMatmulConfig(M_block_size=8;K_block_size=8;N_block_size=1;subblock_h=4;subblock_w=1;compute_with_storage_grid_size=(x=11;y=10))'; 'dim': '-1'; 'fused_activation': 'std::nullopt'; 'fused_ternary_scalar': 'std::nullopt'; 'output_dtype': 'DataType::BFLOAT16'; 'output_mem_config': 'std::nullopt'},HiFi4,110,110,,95937092944,95937221210,128266,7627335329160,7627335796159,750479265,750479265,345925,344442,344442,,,,551,339415,344442,344194,344159,344313,,,,,,1[1],288[288],288[288],512[512],TILE,BFLOAT16,DEV_1_DRAM_INTERLEAVED,1[1],1[1],512[512],128[128],TILE,BFLOAT16,DEV_1_DRAM_INTERLEAVED,1[1],1[1],32[1],128[128],TILE,BFLOAT16,DEV_1_DRAM_INTERLEAVED,,,,,,,,,,,,,,,,,,,,,,,,,,,,,,,,,,,,,,,,,,,,,,,,,,1[1],288[288],288[288],128[128],TILE,BFLOAT16,DEV_1_DRAM_INTERLEAVED,,,,,,,,,,,,,,,,,['ttnn/cpp/ttnn/operations/experimental/minimal_matmul/device/kernels/compute.cpp'],['compute/6793101631765766261/'],['ttnn/cpp/ttnn/operations/experimental/minimal_matmul/device/kernels/dm_in1_sender_out.cpp'; 'ttnn/cpp/ttnn/operations/experimental/minimal_matmul/device/kernels/dm_in0_sender.cpp'],['dm_in1_sender_out/15527958700704118379/'; 'dm_in0_sender/17482337906756607301/'],6353532519417692540,False,2600,2228,2740,2540,2836,0,0,0,0,1,1,1,[],[],0.0,,,,,
GenericOpDeviceOperation,tt_dnn_device,243712,0,blackhole,{'num_mesh_programs': '1'},HiFi4,110,110,,95937913118,95937984475,71357,7627336437226,7627336646045,475419,475428,154681,154145,154136,,,,558,154064,151548,152295,153792,153155,,,,,,1[1],288[288],288[288],128[128],TILE,BFLOAT16,DEV_1_DRAM_INTERLEAVED,1[1],288[288],288[288],128[128],TILE,BFLOAT16,DEV_1_DRAM_INTERLEAVED,1[1],288[288],288[288],128[128],TILE,BFLOAT16,DEV_1_DRAM_INTERLEAVED,1[1],288[288],288[288],128[128],TILE,BFLOAT16,DEV_1_DRAM_INTERLEAVED,,,,,,,,,,,,,,,,,,,,,,,,,,,,,,,,,,,,,,,,,,,1[1],288[288],288[288],128[128],TILE,BFLOAT16,DEV_1_DRAM_INTERLEAVED,,,,,,,,,,,,,,,,,['/home/ttuser/.coworker/wt/bcp-evo/tt_bio/kernels/rne_add/compute_rne_add.cpp'],['compute_rne_add/15506775982570106819/'],['/home/ttuser/.coworker/wt/bcp-evo/tt_bio/kernels/rne_add/writer_rne_add.cpp'; '/home/ttuser/.coworker/wt/bcp-evo/tt_bio/kernels/rne_add/reader_rne_add.cpp'],['writer_rne_add/11689109000663956392/'; 'reader_rne_add/5462348467134491698/'],16281275380064118936,True,768,1412,1604,1376,1432,0,0,0,0,1,1,1,[],[],0.001,,,,,
TransposeDeviceOperation,tt_dnn_device,244736,0,blackhole,{'dim': 'TransposeOpDim::WH'; 'output_mem_config': 'MemoryConfig(memory_layout=TensorMemoryLayout::INTERLEAVED;buffer_type=BufferType::DRAM;shard_spec=std::nullopt;nd_shard_spec=std::nullopt;created_with_nd_shard_spec=0)'; 'pad_value': '0'},HiFi4,110,110,,95952822734,95953031926,209192,7627356556328,7627356559478,14747363,14745532,2333,1805,1787,,,,553,1721,1318,1351,650,745,,,,,,1[1],1[1],512[512],128[128],TILE,BFLOAT16,DEV_1_DRAM_INTERLEAVED,,,,,,,,,,,,,,,,,,,,,,,,,,,,,,,,,,,,,,,,,,,,,,,,,,,,,,,,,,,,,,,,1[1],1[1],128[128],512[512],TILE,BFLOAT16,DEV_1_DRAM_INTERLEAVED,,,,,,,,,,,,,,,,,['ttnn/cpp/ttnn/operations/data_movement/transpose/device/kernels/compute/transpose_wh.cpp'],['transpose_wh/14581025993053660267/'],['ttnn/cpp/ttnn/operations/eltwise/unary/device/kernels/dataflow/writer_unary_interleaved_start_id.cpp'; 'ttnn/cpp/ttnn/operations/data_movement/transpose/device/kernels/dataflow/reader_unary_transpose_wh_interleaved_start_id.cpp'],['writer_unary_interleaved_start_id/6276820466797607771/'; 'reader_unary_transpose_wh_interleaved_start_id/890651917070584162/'],16461604712204101339,False,1000,1012,1140,648,1296,0,0,0,0,1207,1207,238,[108.59320831298828],[108.59320831298828],66.87,,,,,
MinimalMatmulDeviceOperation,tt_dnn_device,245760,0,blackhole,{'chunks': '1'; 'compute_kernel_config': 'ComputeKernelConfig(math_fidelity=HiFi4;math_approx_mode=0;fp32_dest_acc_en=1;packer_l1_acc=1;dst_full_sync_en=0;throttle_level=ThrottleLevel::NO_THROTTLE)'; 'config': 'MinimalMatmulConfig(M_block_size=4;K_block_size=4;N_block_size=4;subblock_h=1;subblock_w=4;compute_with_storage_grid_size=(x=11;y=10))'; 'dim': '-1'; 'fused_activation': 'std::nullopt'; 'fused_ternary_scalar': 'std::nullopt'; 'output_dtype': 'std::nullopt'; 'output_mem_config': 'std::nullopt'},HiFi4,110,110,,96664910054,96665098395,188341,7628317802764,7628318318621,712032929,712034315,382116,380613,380613,,,,551,374775,380613,380094,380058,380196,,,,,,1[1],1[1],82944[82944],128[128],TILE,BFLOAT16,DEV_1_DRAM_INTERLEAVED,1[1],1[1],128[128],512[512],TILE,BFLOAT16,DEV_1_DRAM_INTERLEAVED,,,,,,,,,,,,,,,,,,,,,,,,,,,,,,,,,,,,,,,,,,,,,,,,,,,,,,,,,1[1],1[1],82944[82944],512[512],TILE,BFLOAT16,DEV_1_DRAM_INTERLEAVED,,,,,,,,,,,,,,,,,['ttnn/cpp/ttnn/operations/experimental/minimal_matmul/device/kernels/compute.cpp'],['compute/11482367680686007888/'],['ttnn/cpp/ttnn/operations/experimental/minimal_matmul/device/kernels/dm_in1_sender_out.cpp'; 'ttnn/cpp/ttnn/operations/experimental/minimal_matmul/device/kernels/dm_in0_sender.cpp'],['dm_in1_sender_out/13228804342583796837/'; 'dm_in0_sender/11162455522657651991/'],8843222796269730785,False,1760,2168,2472,2876,3644,0,0,0,0,1,1,1,[],[],0.0,,,,,
UnaryNgDeviceOperation,tt_dnn_device,246784,0,blackhole,{'bfp8_pack_precise': 'false'; 'fp32_dest_acc_en': 'false'; 'memory_config': 'MemoryConfig(memory_layout=TensorMemoryLayout::INTERLEAVED;buffer_type=BufferType::DRAM;shard_spec=std::nullopt;nd_shard_spec=std::nullopt;created_with_nd_shard_spec=0)'; 'op_chain': '{BasicUnaryWithParam<float; int; unsigned int>(base=BasicUnaryWithParam<float>(op_type=UnaryOpType::GTZ;param={}))}'; 'output_dtype': 'DataType::BFLOAT16'; 'preserve_fp32_precision': 'false'; 'sub_core_grids': 'std::nullopt'; 'worker_grid': '{[(x=0;y=0) - (x=10;y=9)]}'},HiFi4,110,110,,96673767449,96673939198,171749,7628329728010,7628330312184,8451951,8451951,432721,432182,432182,,,,546,432159,431570,431588,431759,431450,,,,,,1[1],288[288],288[288],512[512],TILE,BFLOAT16,DEV_1_DRAM_INTERLEAVED,,,,,,,,,,,,,,,,,,,,,,,,,,,,,,,,,,,,,,,,,,,,,,,,,,,,,,,,,,,,,,,,1[1],288[288],288[288],512[512],TILE,BFLOAT16,DEV_1_DRAM_INTERLEAVED,,,,,,,,,,,,,,,,,['ttnn/cpp/ttnn/operations/eltwise/unary_ng/device/kernels/compute/eltwise_sfpu.cpp'],['eltwise_sfpu/9205010554989736738/'],['ttnn/cpp/ttnn/operations/eltwise/unary_ng/device/kernels/dataflow/writer_unary_ng.cpp'; 'ttnn/cpp/ttnn/operations/eltwise/unary_ng/device/kernels/dataflow/reader_unary_ng.cpp'],['writer_unary_ng/13835163660338601625/'; 'reader_unary_ng/850304498476538194/'],3124980364959531136,False,1000,928,1096,796,1264,0,0,0,0,1,1,1,[],[],0.0,,,,,
BinaryNgDeviceOperation,tt_dnn_device,247808,0,blackhole,{'binary_op_type': 'BinaryOpType::MUL'; 'compute_kernel_config': 'std::nullopt'; 'dtype': 'DataType::BFLOAT16'; 'input_dtype': 'DataType::BFLOAT16'; 'is_quant_op': 'false'; 'is_sfpu': 'true'; 'is_where_op': 'false'; 'lhs_activations': '{}'; 'memory_config': 'MemoryConfig(memory_layout=TensorMemoryLayout::INTERLEAVED;buffer_type=BufferType::DRAM;shard_spec=std::nullopt;nd_shard_spec=std::nullopt;created_with_nd_shard_spec=0)'; 'post_activations': '{}'; 'rhs_activations': '{}'; 'scalar': 'std::nullopt'; 'sub_core_grids': 'std::nullopt'; 'subtile_broadcast_type': 'SubtileBroadcastType::NONE'; 'worker_grid': '{[(x=0;y=0) - (x=10;y=9)]}'},HiFi4,110,110,,96680013092,96680131900,118808,7628338167375,7628338942871,5819192,5819192,574441,573904,573904,,,,563,573885,572304,572446,573576,572961,,,,,,1[1],288[288],288[288],512[512],TILE,BFLOAT16,DEV_1_DRAM_INTERLEAVED,1[1],288[288],288[288],512[512],TILE,BFLOAT16,DEV_1_DRAM_INTERLEAVED,,,,,,,,,,,,,,,,,,,,,,,,,,,,,,,,,,,,,,,,,,,,,,,,,,,,,,,,,1[1],288[288],288[288],512[512],TILE,BFLOAT16,DEV_1_DRAM_INTERLEAVED,,,,,,,,,,,,,,,,,['ttnn/cpp/ttnn/operations/eltwise/binary_ng/device/kernels/compute/eltwise_binary_sfpu_no_bcast.cpp'],['eltwise_binary_sfpu_no_bcast/12748254803204292867/'],['ttnn/cpp/ttnn/operations/eltwise/binary_ng/device/kernels_ng/dataflow/reader_interleaved_no_bcast.cpp'; 'ttnn/cpp/ttnn/operations/eltwise/binary_ng/device/kernels_ng/dataflow/writer_interleaved_no_bcast.cpp'],['reader_interleaved_no_bcast/13569263223077070646/'; 'writer_interleaved_no_bcast/17771707349566412835/'],2894756004430506998,False,1120,1644,1492,1264,1296,0,0,0,0,1,1,1,[],[],0.0,,,,,
TransposeDeviceOperation,tt_dnn_device,248832,0,blackhole,{'dim': 'TransposeOpDim::WH'; 'output_mem_config': 'MemoryConfig(memory_layout=TensorMemoryLayout::INTERLEAVED;buffer_type=BufferType::DRAM;shard_spec=std::nullopt;nd_shard_spec=std::nullopt;created_with_nd_shard_spec=0)'; 'pad_value': '0'},HiFi4,110,110,,96680894052,96680982442,88390,7628339357185,7628339360217,307367,307490,2246,1707,1698,,,,548,1618,1254,1278,640,765,,,,,,1[1],1[1],128[128],512[512],TILE,BFLOAT16,DEV_1_DRAM_INTERLEAVED,,,,,,,,,,,,,,,,,,,,,,,,,,,,,,,,,,,,,,,,,,,,,,,,,,,,,,,,,,,,,,,,1[1],1[1],512[512],128[128],TILE,BFLOAT16,DEV_1_DRAM_INTERLEAVED,,,,,,,,,,,,,,,,,['ttnn/cpp/ttnn/operations/data_movement/transpose/device/kernels/compute/transpose_wh.cpp'],['transpose_wh/14581025993053660267/'],['ttnn/cpp/ttnn/operations/eltwise/unary/device/kernels/dataflow/writer_unary_interleaved_start_id.cpp'; 'ttnn/cpp/ttnn/operations/data_movement/transpose/device/kernels/dataflow/reader_unary_transpose_wh_interleaved_start_id.cpp'],['writer_unary_interleaved_start_id/6276820466797607771/'; 'reader_unary_transpose_wh_interleaved_start_id/890651917070584162/'],16461604711964421779,False,1000,1012,1140,648,1296,0,0,0,0,1207,1207,238,[108.59320831298828],[108.59320831298828],70.709,,,,,
MinimalMatmulDeviceOperation,tt_dnn_device,249856,0,blackhole,{'chunks': '1'; 'compute_kernel_config': 'ComputeKernelConfig(math_fidelity=HiFi4;math_approx_mode=0;fp32_dest_acc_en=1;packer_l1_acc=1;dst_full_sync_en=0;throttle_level=ThrottleLevel::NO_THROTTLE)'; 'config': 'MinimalMatmulConfig(M_block_size=8;K_block_size=8;N_block_size=1;subblock_h=4;subblock_w=1;compute_with_storage_grid_size=(x=11;y=10))'; 'dim': '-1'; 'fused_activation': 'std::nullopt'; 'fused_ternary_scalar': 'std::nullopt'; 'output_dtype': 'std::nullopt'; 'output_mem_config': 'std::nullopt'},HiFi4,110,110,,97255339803,97255437431,97628,7629114832967,7629115275018,574425019,574425019,327445,325947,325947,,,,553,320357,325947,325755,325675,325820,,,,,,1[1],1[1],82944[82944],512[512],TILE,BFLOAT16,DEV_1_DRAM_INTERLEAVED,1[1],1[1],512[512],128[128],TILE,BFLOAT16,DEV_1_DRAM_INTERLEAVED,,,,,,,,,,,,,,,,,,,,,,,,,,,,,,,,,,,,,,,,,,,,,,,,,,,,,,,,,1[1],1[1],82944[82944],128[128],TILE,BFLOAT16,DEV_1_DRAM_INTERLEAVED,,,,,,,,,,,,,,,,,['ttnn/cpp/ttnn/operations/experimental/minimal_matmul/device/kernels/compute.cpp'],['compute/5998075262850610013/'],['ttnn/cpp/ttnn/operations/experimental/minimal_matmul/device/kernels/dm_in1_sender_out.cpp'; 'ttnn/cpp/ttnn/operations/experimental/minimal_matmul/device/kernels/dm_in0_sender.cpp'],['dm_in1_sender_out/5166567105002395201/'; 'dm_in0_sender/4851848071878234359/'],15276240844605585458,False,2072,2228,2592,2528,2836,0,0,0,0,1,1,1,[],[],0.0,,,,,
GenericOpDeviceOperation,tt_dnn_device,250880,0,blackhole,{'num_mesh_programs': '1'},HiFi4,110,110,,97266015847,97266104307,88460,7629129218407,7629129456628,10328970,10329121,176460,175933,175806,,,,816,175744,160536,175179,175338,175101,,,,,,1[1],288[288],288[288],128[128],TILE,BFLOAT16,DEV_1_DRAM_INTERLEAVED,1[1],288[288],288[288],128[128],TILE,BFLOAT16,DEV_1_DRAM_INTERLEAVED,1[1],1[1],32[1],128[128],TILE,BFLOAT16,DEV_1_DRAM_INTERLEAVED,1[1],288[288],288[288],128[128],TILE,BFLOAT16,DEV_1_DRAM_INTERLEAVED,1[1],288[288],288[288],128[128],TILE,BFLOAT16,DEV_1_DRAM_INTERLEAVED,,,,,,,,,,,,,,,,,,,,,,,,,,,,,,,,,,,,1[1],288[288],288[288],128[128],TILE,BFLOAT16,DEV_1_DRAM_INTERLEAVED,,,,,,,,,,,,,,,,,['/home/ttuser/.coworker/wt/bcp-evo/tt_bio/kernels/lnbw/compute_lnbw.cpp'],['compute_lnbw/7523916731524505336/'],['/home/ttuser/.coworker/wt/bcp-evo/tt_bio/kernels/lnbw/writer_lnbw.cpp'; '/home/ttuser/.coworker/wt/bcp-evo/tt_bio/kernels/lnbw/reader_lnbw.cpp'],['writer_lnbw/8051665203697858371/'; 'reader_lnbw/8486842166353870432/'],895543367223761992,False,764,2236,7708,7544,10412,0,0,0,0,1,1,1,[],[],0.001,,,,,
GenericOpDeviceOperation,tt_dnn_device,251904,0,blackhole,{'num_mesh_programs': '1'},HiFi4,110,110,,97266442676,97266489065,46389,7629129799087,7629130001364,254203,254235,149835,149306,149274,,,,560,149226,146767,147420,148949,148303,,,,,,1[1],288[288],288[288],128[128],TILE,BFLOAT16,DEV_1_DRAM_INTERLEAVED,1[1],288[288],288[288],128[128],TILE,BFLOAT16,DEV_1_DRAM_INTERLEAVED,1[1],288[288],288[288],128[128],TILE,BFLOAT16,DEV_1_DRAM_INTERLEAVED,1[1],288[288],288[288],128[128],TILE,BFLOAT16,DEV_1_DRAM_INTERLEAVED,,,,,,,,,,,,,,,,,,,,,,,,,,,,,,,,,,,,,,,,,,,1[1],288[288],288[288],128[128],TILE,BFLOAT16,DEV_1_DRAM_INTERLEAVED,,,,,,,,,,,,,,,,,['/home/ttuser/.coworker/wt/bcp-evo/tt_bio/kernels/rne_add/compute_rne_add.cpp'],['compute_rne_add/15506775982570106819/'],['/home/ttuser/.coworker/wt/bcp-evo/tt_bio/kernels/rne_add/writer_rne_add.cpp'; '/home/ttuser/.coworker/wt/bcp-evo/tt_bio/kernels/rne_add/reader_rne_add.cpp'],['writer_rne_add/11689109000663956392/'; 'reader_rne_add/5462348467134491698/'],16281275380064118936,True,768,1412,1604,1376,1432,0,0,0,0,1,1,1,[],[],0.001,,,,,
GenericOpDeviceOperation,tt_dnn_device,252928,0,blackhole,{'num_mesh_programs': '1'},,110,110,,97266674862,97266717413,42551,7629130113022,7629130384063,83233,83233,200771,200244,200244,,,,545,200183,93496,,,,,,,,,1[1],288[288],288[288],128[128],TILE,BFLOAT16,DEV_1_DRAM_INTERLEAVED,1[1],288[288],288[288],128[128],TILE,BFLOAT16,DEV_1_DRAM_INTERLEAVED,1[1],288[288],288[288],128[128],TILE,BFLOAT16,DEV_1_DRAM_INTERLEAVED,,,,,,,,,,,,,,,,,,,,,,,,,,,,,,,,,,,,,,,,,,,,,,,,,,1[1],288[288],288[288],128[128],TILE,BFLOAT16,DEV_1_DRAM_INTERLEAVED,,,,,,,,,,,,,,,,,[],[],['/home/ttuser/.coworker/wt/bcp-evo/tt_bio/kernels/pair_transpose/writer_pair_transpose.cpp'; '/home/ttuser/.coworker/wt/bcp-evo/tt_bio/kernels/pair_transpose/reader_pair_transpose.cpp'],['writer_pair_transpose/1148656286276345152/'; 'reader_pair_transpose/17721277455869609166/'],11664639922038897897,True,1180,1028,0,0,0,0,0,0,0,1,1,1,[],[],0.0,,,,,
TransposeDeviceOperation,tt_dnn_device,253952,0,blackhole,{'dim': 'TransposeOpDim::WH'; 'output_mem_config': 'MemoryConfig(memory_layout=TensorMemoryLayout::INTERLEAVED;buffer_type=BufferType::DRAM;shard_spec=std::nullopt;nd_shard_spec=std::nullopt;created_with_nd_shard_spec=0)'; 'pad_value': '0'},HiFi4,110,110,,97267345318,97267432465,87147,7629131017292,7629131020127,469478,469705,2100,1573,1547,,,,552,1463,1096,1120,642,722,,,,,,1[1],1[1],128[128],128[128],TILE,BFLOAT16,DEV_1_DRAM_INTERLEAVED,,,,,,,,,,,,,,,,,,,,,,,,,,,,,,,,,,,,,,,,,,,,,,,,,,,,,,,,,,,,,,,,1[1],1[1],128[128],128[128],TILE,BFLOAT16,DEV_1_DRAM_INTERLEAVED,,,,,,,,,,,,,,,,,['ttnn/cpp/ttnn/operations/data_movement/transpose/device/kernels/compute/transpose_wh.cpp'],['transpose_wh/14581025993053660267/'],['ttnn/cpp/ttnn/operations/eltwise/unary/device/kernels/dataflow/writer_unary_interleaved_start_id.cpp'; 'ttnn/cpp/ttnn/operations/data_movement/transpose/device/kernels/dataflow/reader_unary_transpose_wh_interleaved_start_id.cpp'],['writer_unary_interleaved_start_id/6276820466797607771/'; 'reader_unary_transpose_wh_interleaved_start_id/890651917070584162/'],16461604711964428211,False,1000,1012,1140,648,1296,0,0,0,0,615,615,59,[53.28129959106445],[53.28129959106445],39.097,,,,,
MinimalMatmulDeviceOperation,tt_dnn_device,254976,0,blackhole,{'chunks': '1'; 'compute_kernel_config': 'ComputeKernelConfig(math_fidelity=HiFi4;math_approx_mode=0;fp32_dest_acc_en=1;packer_l1_acc=1;dst_full_sync_en=0;throttle_level=ThrottleLevel::NO_THROTTLE)'; 'config': 'MinimalMatmulConfig(M_block_size=8;K_block_size=4;N_block_size=1;subblock_h=4;subblock_w=1;compute_with_storage_grid_size=(x=11;y=10))'; 'dim': '-1'; 'fused_activation': 'std::nullopt'; 'fused_ternary_scalar': 'std::nullopt'; 'output_dtype': 'std::nullopt'; 'output_mem_config': 'std::nullopt'},HiFi4,110,110,,97896091764,97896199781,108017,7629979802595,7629979963158,628727834,628727834,118936,117459,117459,,,,558,114077,117459,117263,117190,117334,,,,,,1[1],1[1],82944[82944],128[128],TILE,BFLOAT16,DEV_1_DRAM_INTERLEAVED,1[1],1[1],128[128],128[128],TILE,BFLOAT16,DEV_1_DRAM_INTERLEAVED,,,,,,,,,,,,,,,,,,,,,,,,,,,,,,,,,,,,,,,,,,,,,,,,,,,,,,,,,1[1],1[1],82944[82944],128[128],TILE,BFLOAT16,DEV_1_DRAM_INTERLEAVED,,,,,,,,,,,,,,,,,['ttnn/cpp/ttnn/operations/experimental/minimal_matmul/device/kernels/compute.cpp'],['compute/10962846500153687572/'],['ttnn/cpp/ttnn/operations/experimental/minimal_matmul/device/kernels/dm_in1_sender_out.cpp'; 'ttnn/cpp/ttnn/operations/experimental/minimal_matmul/device/kernels/dm_in0_sender.cpp'],['dm_in1_sender_out/14093766897615229597/'; 'dm_in0_sender/9234866853475417859/'],10196119227116094800,False,1764,2152,2524,2516,2624,0,0,0,0,1,1,1,[],[],0.001,,,,,
GenericOpDeviceOperation,tt_dnn_device,256000,0,blackhole,{'num_mesh_programs': '1'},HiFi4,110,110,,97903213398,97903299263,85865,7629989385412,7629989768372,6979993,6980045,283674,283139,283081,,,,585,283004,257793,277021,282482,282548,,,,,,1[1],288[288],288[288],128[128],TILE,BFLOAT16,DEV_1_DRAM_INTERLEAVED,1[1],288[288],288[288],128[128],TILE,BFLOAT16,DEV_1_DRAM_INTERLEAVED,1[1],288[288],288[288],128[128],TILE,BFLOAT16,DEV_1_DRAM_INTERLEAVED,1[1],288[288],288[288],128[128],TILE,BFLOAT16,DEV_1_DRAM_INTERLEAVED,1[1],288[288],288[288],128[128],TILE,BFLOAT16,DEV_1_DRAM_INTERLEAVED,1[1],288[288],288[288],128[128],TILE,BFLOAT16,DEV_1_DRAM_INTERLEAVED,,,,,,,,,,,,,,,,,,,,,,,,,,,,,1[1],288[288],288[288],128[128],TILE,BFLOAT16,DEV_1_DRAM_INTERLEAVED,,,,,,,,,,,,,,,,,['/home/ttuser/.coworker/wt/bcp-evo/tt_bio/kernels/gate_bw/compute_gate_bw.cpp'],['compute_gate_bw/7752279662899972872/'],['/home/ttuser/.coworker/wt/bcp-evo/tt_bio/kernels/gate_bw/writer_gate_bw.cpp'; '/home/ttuser/.coworker/wt/bcp-evo/tt_bio/kernels/gate_bw/reader_gate_bw.cpp'],['writer_gate_bw/8111932171875705432/'; 'reader_gate_bw/7533951476172066466/'],14448888073515459580,False,984,1804,1800,5476,1892,0,0,0,0,1,1,1,[],[],0.0,,,,,
TransposeDeviceOperation,tt_dnn_device,257024,0,blackhole,{'dim': 'TransposeOpDim::WH'; 'output_mem_config': 'MemoryConfig(memory_layout=TensorMemoryLayout::INTERLEAVED;buffer_type=BufferType::DRAM;shard_spec=std::nullopt;nd_shard_spec=std::nullopt;created_with_nd_shard_spec=0)'; 'pad_value': '0'},HiFi4,110,110,,97903974509,97904066425,91916,7629990409653,7629990559912,475549,475549,111303,110773,110773,,,,555,110683,110387,110384,109250,110001,,,,,,288[288],1[1],288[288],128[128],TILE,BFLOAT16,DEV_1_DRAM_INTERLEAVED,,,,,,,,,,,,,,,,,,,,,,,,,,,,,,,,,,,,,,,,,,,,,,,,,,,,,,,,,,,,,,,,288[288],1[1],128[128],288[288],TILE,BFLOAT16,DEV_1_DRAM_INTERLEAVED,,,,,,,,,,,,,,,,,['ttnn/cpp/ttnn/operations/data_movement/transpose/device/kernels/compute/transpose_wh.cpp'],['transpose_wh/14581025993053660267/'],['ttnn/cpp/ttnn/operations/eltwise/unary/device/kernels/dataflow/writer_unary_interleaved_start_id.cpp'; 'ttnn/cpp/ttnn/operations/data_movement/transpose/device/kernels/dataflow/reader_unary_transpose_wh_interleaved_start_id.cpp'],['writer_unary_interleaved_start_id/6276820466797607771/'; 'reader_unary_transpose_wh_interleaved_start_id/890651917070584162/'],16461604749335367939,False,1000,1012,1140,648,1296,0,0,0,0,128361,128361,38623,[165.4214630126953],[165.4214630126953],115.878,,,,,
TransposeDeviceOperation,tt_dnn_device,258048,0,blackhole,{'dim': 'TransposeOpDim::WH'; 'output_mem_config': 'MemoryConfig(memory_layout=TensorMemoryLayout::INTERLEAVED;buffer_type=BufferType::DRAM;shard_spec=std::nullopt;nd_shard_spec=std::nullopt;created_with_nd_shard_spec=0)'; 'pad_value': '0'},HiFi4,110,110,,97904584729,97904675013,90284,7629991226076,7629991375477,493994,493997,110667,110123,110120,,,,550,110050,109733,109736,108504,109346,,,,,,288[288],4[4],32[32],288[288],TILE,BFLOAT16,DEV_1_DRAM_INTERLEAVED,,,,,,,,,,,,,,,,,,,,,,,,,,,,,,,,,,,,,,,,,,,,,,,,,,,,,,,,,,,,,,,,288[288],4[4],288[288],32[32],TILE,BFLOAT16,DEV_1_DRAM_INTERLEAVED,,,,,,,,,,,,,,,,,['ttnn/cpp/ttnn/operations/data_movement/transpose/device/kernels/compute/transpose_wh.cpp'],['transpose_wh/14581025993053660267/'],['ttnn/cpp/ttnn/operations/eltwise/unary/device/kernels/dataflow/writer_unary_interleaved_start_id.cpp'; 'ttnn/cpp/ttnn/operations/data_movement/transpose/device/kernels/dataflow/reader_unary_transpose_wh_interleaved_start_id.cpp'],['writer_unary_interleaved_start_id/6276820466797607771/'; 'reader_unary_transpose_wh_interleaved_start_id/890651917070584162/'],16461604749334402497,False,1000,1012,1140,648,1296,0,0,0,0,128361,128361,38623,[165.4214630126953],[165.4214630126953],116.561,,,,,
GenericOpDeviceOperation,tt_dnn_device,259072,0,blackhole,{'num_mesh_programs': '1'},HiFi4,108,110,,98910986651,98911718095,731444,7631349769022,7631352218317,1006218648,1006218648,1814293,1813290,1813290,,,,1407,1813281,1448947,1749626,1749936,1750411,,,,,,288[288],4[4],288[288],32[32],TILE,BFLOAT16,DEV_1_DRAM_INTERLEAVED,288[288],4[4],288[288],32[32],TILE,BFLOAT16,DEV_1_DRAM_INTERLEAVED,288[288],4[4],288[288],32[32],TILE,BFLOAT16,DEV_1_DRAM_INTERLEAVED,288[288],4[4],288[288],32[32],TILE,BFLOAT16,DEV_1_DRAM_INTERLEAVED,1[1],4[4],288[288],288[288],TILE,BFLOAT16,DEV_1_DRAM_INTERLEAVED,288[288],1[1],288[288],384[384],TILE,BFLOAT16,DEV_1_DRAM_INTERLEAVED,288[288],1[1],288[288],384[384],TILE,BFLOAT16,DEV_1_DRAM_INTERLEAVED,288[288],1[1],288[288],384[384],TILE,BFLOAT16,DEV_1_DRAM_INTERLEAVED,27[27],4[4],288[288],288[288],TILE,FLOAT32,DEV_1_DRAM_INTERLEAVED,27[27],4[4],288[288],288[288],TILE,FLOAT32,DEV_1_DRAM_INTERLEAVED,27[27],4[4],288[288],288[288],TILE,FLOAT32,DEV_1_DRAM_INTERLEAVED,,,,,,,,,,,,,,,,,['/home/ttuser/.coworker/wt/bcp-evo/tt_bio/kernels/triatt_bw/compute/triatt_bw.cpp'],['triatt_bw/11322293862572115828/'],['/home/ttuser/.coworker/wt/bcp-evo/tt_bio/kernels/triatt_bw/dataflow/writer.cpp'; '/home/ttuser/.coworker/wt/bcp-evo/tt_bio/kernels/triatt_bw/dataflow/reader.cpp'],['writer/16389780824563323312/'; 'reader/3131828587854662785/'],7553554701607477628,False,3104,2668,12768,12448,16756,0,0,0,0,1,1,1,[],[],0.0,,,,,
GenericOpDeviceOperation,tt_dnn_device,260096,0,blackhole,{'num_mesh_programs': '1'},HiFi4,110,110,,98951151314,98951412976,261662,7631403944685,7631404070644,38316185,38316386,93303,92764,92763,,,,553,92692,91328,92249,92387,85317,,,,,,27[27],4[4],288[288],288[288],TILE,FLOAT32,DEV_1_DRAM_INTERLEAVED,1[1],4[4],288[288],288[288],TILE,FLOAT32,DEV_1_DRAM_INTERLEAVED,1[1],4[4],288[288],288[288],TILE,FLOAT32,DEV_1_DRAM_INTERLEAVED,,,,,,,,,,,,,,,,,,,,,,,,,,,,,,,,,,,,,,,,,,,,,,,,,,1[1],4[4],288[288],288[288],TILE,FLOAT32,DEV_1_DRAM_INTERLEAVED,,,,,,,,,,,,,,,,,['/home/ttuser/.coworker/wt/bcp-evo/tt_bio/kernels/lead_sum/compute_lead_sum.cpp'],['compute_lead_sum/4067854701688430489/'],['/home/ttuser/.coworker/wt/bcp-evo/tt_bio/kernels/rne_add/writer_rne_add.cpp'; '/home/ttuser/.coworker/wt/bcp-evo/tt_bio/kernels/lead_sum/reader_lead_sum.cpp'],['writer_rne_add/3656401552221671705/'; 'reader_lead_sum/3863039908359406338/'],18019050278127221404,False,668,1044,2096,1244,1292,0,0,0,0,1,1,1,[],[],0.001,,,,,
TransposeDeviceOperation,tt_dnn_device,261120,0,blackhole,{'dim': 'TransposeOpDim::WH'; 'output_mem_config': 'MemoryConfig(memory_layout=TensorMemoryLayout::INTERLEAVED;buffer_type=BufferType::DRAM;shard_spec=std::nullopt;nd_shard_spec=std::nullopt;created_with_nd_shard_spec=0)'; 'pad_value': '0'},HiFi4,110,110,,98954163173,98954491803,328630,7631408028875,7631408031914,2932497,2932497,2251,1717,1717,,,,556,1647,1214,1235,644,745,,,,,,1[1],1[1],128[128],384[384],TILE,BFLOAT16,DEV_1_DRAM_INTERLEAVED,,,,,,,,,,,,,,,,,,,,,,,,,,,,,,,,,,,,,,,,,,,,,,,,,,,,,,,,,,,,,,,,1[1],1[1],384[384],128[128],TILE,BFLOAT16,DEV_1_DRAM_INTERLEAVED,,,,,,,,,,,,,,,,,['ttnn/cpp/ttnn/operations/data_movement/transpose/device/kernels/compute/transpose_wh.cpp'],['transpose_wh/14581025993053660267/'],['ttnn/cpp/ttnn/operations/eltwise/unary/device/kernels/dataflow/writer_unary_interleaved_start_id.cpp'; 'ttnn/cpp/ttnn/operations/data_movement/transpose/device/kernels/dataflow/reader_unary_transpose_wh_interleaved_start_id.cpp'],['writer_unary_interleaved_start_id/6276820466797607771/'; 'reader_unary_transpose_wh_interleaved_start_id/890651917070584162/'],16461604711964442867,False,1000,1012,1140,648,1296,0,0,0,0,985,985,178,[99.80101776123047],[99.80101776123047],57.368,,,,,
MinimalMatmulDeviceOperation,tt_dnn_device,262144,0,blackhole,{'chunks': '1'; 'compute_kernel_config': 'ComputeKernelConfig(math_fidelity=HiFi4;math_approx_mode=0;fp32_dest_acc_en=1;packer_l1_acc=1;dst_full_sync_en=0;throttle_level=ThrottleLevel::NO_THROTTLE)'; 'config': 'MinimalMatmulConfig(M_block_size=8;K_block_size=4;N_block_size=1;subblock_h=4;subblock_w=1;compute_with_storage_grid_size=(x=11;y=10))'; 'dim': '-1'; 'fused_activation': 'std::nullopt'; 'fused_ternary_scalar': 'std::nullopt'; 'output_dtype': 'std::nullopt'; 'output_mem_config': 'std::nullopt'},HiFi4,110,110,,99667133156,99667241594,108438,7632370488270,7632370848926,712933215,712933215,267153,265653,265653,,,,547,264021,265653,265455,265384,265541,,,,,,1[1],1[1],82944[82944],384[384],TILE,BFLOAT16,DEV_1_DRAM_INTERLEAVED,1[1],1[1],384[384],128[128],TILE,BFLOAT16,DEV_1_DRAM_INTERLEAVED,,,,,,,,,,,,,,,,,,,,,,,,,,,,,,,,,,,,,,,,,,,,,,,,,,,,,,,,,1[1],1[1],82944[82944],128[128],TILE,BFLOAT16,DEV_1_DRAM_INTERLEAVED,,,,,,,,,,,,,,,,,['ttnn/cpp/ttnn/operations/experimental/minimal_matmul/device/kernels/compute.cpp'],['compute/7190504373151502522/'],['ttnn/cpp/ttnn/operations/experimental/minimal_matmul/device/kernels/dm_in1_sender_out.cpp'; 'ttnn/cpp/ttnn/operations/experimental/minimal_matmul/device/kernels/dm_in0_sender.cpp'],['dm_in1_sender_out/4530389825873579501/'; 'dm_in0_sender/4219651166496263459/'],10181611394860478160,False,1816,2244,2592,2504,2832,0,0,0,0,1,1,1,[],[],0.0,,,,,
TypecastDeviceOperation,tt_dnn_device,263168,0,blackhole,{'bfp8_pack_precise': 'false'; 'fp32_dest_acc_en': 'true'; 'input_dtype': 'DataType::FLOAT32'; 'output_dtype': 'DataType::BFLOAT16'; 'output_memory_config': 'MemoryConfig(memory_layout=TensorMemoryLayout::INTERLEAVED;buffer_type=BufferType::DRAM;shard_spec=std::nullopt;nd_shard_spec=std::nullopt;created_with_nd_shard_spec=0)'; 'preserve_fp32_precision': 'true'; 'sub_core_grids': 'std::nullopt'},HiFi4,110,110,,99674237377,99674322039,84662,7632380078484,7632380087929,6837848,6838084,6996,5496,5491,,,,551,5490,4964,5035,5152,4460,,,,,,1[1],4[4],288[288],288[288],TILE,FLOAT32,DEV_1_DRAM_INTERLEAVED,,,,,,,,,,,,,,,,,,,,,,,,,,,,,,,,,,,,,,,,,,,,,,,,,,,,,,,,,,,,,,,,1[1],4[4],288[288],288[288],TILE,BFLOAT16,DEV_1_DRAM_INTERLEAVED,,,,,,,,,,,,,,,,,['ttnn/cpp/ttnn/operations/copy/typecast/device/kernels/compute/eltwise_typecast.cpp'],['eltwise_typecast/9084048224073061541/'],['ttnn/cpp/ttnn/operations/eltwise/unary/device/kernels/dataflow/writer_unary_interleaved_start_id.cpp'; 'ttnn/cpp/ttnn/operations/eltwise/unary/device/kernels/dataflow/reader_unary_interleaved_start_id.cpp'],['writer_unary_interleaved_start_id/15487931821133672948/'; 'reader_unary_interleaved_start_id/8137388031877499190/'],4060195800005397425,False,1000,928,1404,1120,1272,0,0,0,0,1,1,1,[],[],0.018,,,,,
BinaryNgDeviceOperation,tt_dnn_device,264192,0,blackhole,{'binary_op_type': 'BinaryOpType::MUL'; 'compute_kernel_config': 'std::nullopt'; 'dtype': 'DataType::BFLOAT16'; 'input_dtype': 'DataType::BFLOAT16'; 'is_quant_op': 'false'; 'is_sfpu': 'true'; 'is_where_op': 'false'; 'lhs_activations': '{}'; 'memory_config': 'MemoryConfig(memory_layout=TensorMemoryLayout::INTERLEAVED;buffer_type=BufferType::DRAM;shard_spec=std::nullopt;nd_shard_spec=std::nullopt;created_with_nd_shard_spec=0)'; 'post_activations': '{}'; 'rhs_activations': '{}'; 'scalar': '0.17677669'; 'sub_core_grids': 'std::nullopt'; 'subtile_broadcast_type': 'SubtileBroadcastType::NONE'; 'worker_grid': '{[(x=0;y=0) - (x=10;y=9)]}'},HiFi4,110,110,,99674451277,99674514218,62941,7632380372126,7632380380237,211050,211042,6008,5480,5476,,,,560,5423,2740,2804,3787,4830,,,,,,1[1],4[4],288[288],288[288],TILE,BFLOAT16,DEV_1_DRAM_INTERLEAVED,,,,,,,,,,,,,,,,,,,,,,,,,,,,,,,,,,,,,,,,,,,,,,,,,,,,,,,,,,,,,,,,1[1],4[4],288[288],288[288],TILE,BFLOAT16,DEV_1_DRAM_INTERLEAVED,,,,,,,,,,,,,,,,,['ttnn/cpp/ttnn/operations/eltwise/binary_ng/device/kernels/compute/eltwise_binary_sfpu_scalar.cpp'],['eltwise_binary_sfpu_scalar/6302317103236044736/'],['ttnn/cpp/ttnn/operations/eltwise/binary_ng/device/kernels/dataflow/reader_interleaved_no_bcast.cpp'; 'ttnn/cpp/ttnn/operations/eltwise/binary_ng/device/kernels/dataflow/writer_interleaved_scalar.cpp'],['reader_interleaved_no_bcast/15501400787415134526/'; 'writer_interleaved_scalar/13747915134593411132/'],15691238620557725211,True,1228,1256,1532,1264,1296,0,0,0,0,1,1,1,[],[],0.018,,,,,
BinaryNgDeviceOperation,tt_dnn_device,265216,0,blackhole,{'binary_op_type': 'BinaryOpType::MUL'; 'compute_kernel_config': 'std::nullopt'; 'dtype': 'DataType::BFLOAT16'; 'input_dtype': 'DataType::BFLOAT16'; 'is_quant_op': 'false'; 'is_sfpu': 'true'; 'is_where_op': 'false'; 'lhs_activations': '{}'; 'memory_config': 'MemoryConfig(memory_layout=TensorMemoryLayout::INTERLEAVED;buffer_type=BufferType::DRAM;shard_spec=std::nullopt;nd_shard_spec=std::nullopt;created_with_nd_shard_spec=0)'; 'post_activations': '{}'; 'rhs_activations': '{}'; 'scalar': '5.656854'; 'sub_core_grids': 'std::nullopt'; 'subtile_broadcast_type': 'SubtileBroadcastType::NONE'; 'worker_grid': '{[(x=0;y=0) - (x=10;y=9)]}'},HiFi4,110,110,,99674611865,99674646672,34807,7632380589455,7632380597292,155511,155507,5805,5281,5274,,,,563,5247,2767,2830,3773,4641,,,,,,1[1],4[4],288[288],288[288],TILE,BFLOAT16,DEV_1_DRAM_INTERLEAVED,,,,,,,,,,,,,,,,,,,,,,,,,,,,,,,,,,,,,,,,,,,,,,,,,,,,,,,,,,,,,,,,1[1],4[4],288[288],288[288],TILE,BFLOAT16,DEV_1_DRAM_INTERLEAVED,,,,,,,,,,,,,,,,,['ttnn/cpp/ttnn/operations/eltwise/binary_ng/device/kernels/compute/eltwise_binary_sfpu_scalar.cpp'],['eltwise_binary_sfpu_scalar/6302317103236044736/'],['ttnn/cpp/ttnn/operations/eltwise/binary_ng/device/kernels/dataflow/reader_interleaved_no_bcast.cpp'; 'ttnn/cpp/ttnn/operations/eltwise/binary_ng/device/kernels/dataflow/writer_interleaved_scalar.cpp'],['reader_interleaved_no_bcast/15501400787415134526/'; 'writer_interleaved_scalar/13747915134593411132/'],15691238620557725211,True,1228,1256,1532,1264,1296,0,0,0,0,1,1,1,[],[],0.019,,,,,
PermuteDeviceOperation,tt_dnn_device,266240,0,blackhole,{'dims': '{0; 2; 3; 1}'; 'output_mem_config': 'MemoryConfig(memory_layout=TensorMemoryLayout::INTERLEAVED;buffer_type=BufferType::DRAM;shard_spec=std::nullopt;nd_shard_spec=std::nullopt;created_with_nd_shard_spec=0)'; 'pad_value': '0'},HiFi4,110,110,,99678407899,99678501618,93719,7632385710823,7632385917958,3788335,3788333,153433,152901,152894,,,,551,152861,150170,150359,150310,150739,,,,,,1[1],4[4],288[288],288[288],TILE,BFLOAT16,DEV_1_DRAM_INTERLEAVED,,,,,,,,,,,,,,,,,,,,,,,,,,,,,,,,,,,,,,,,,,,,,,,,,,,,,,,,,,,,,,,,1[1],288[288],288[288],32[4],TILE,BFLOAT16,DEV_1_DRAM_INTERLEAVED,,,,,,,,,,,,,,,,,['ttnn/cpp/ttnn/operations/data_movement/permute/device/kernels/compute/transpose_xw_tiled.cpp'],['transpose_xw_tiled/3700826860125243985/'],['ttnn/cpp/ttnn/operations/data_movement/permute/device/kernels/dataflow/writer_permute_interleaved_tiled_generic.cpp'; 'ttnn/cpp/ttnn/operations/data_movement/permute/device/kernels/dataflow/reader_permute_interleaved_tiled_generic.cpp'],['writer_permute_interleaved_tiled_generic/12978767909115892113/'; 'reader_permute_interleaved_tiled_generic/12490802708496418744/'],6020671804791083783,False,1172,1232,1764,1080,2748,0,0,0,0,18389,18389,9655,[36.08417892456055],[288.6734313964844],12.027,,,,,
MatmulDeviceOperation,tt_dnn_device,267264,0,blackhole,{'bcast_batch': 'true'; 'compute_kernel_config': 'ComputeKernelConfig(math_fidelity=HiFi4;math_approx_mode=0;fp32_dest_acc_en=1;packer_l1_acc=1;dst_full_sync_en=0;throttle_level=ThrottleLevel::NO_THROTTLE)'; 'global_cb': 'std::nullopt'; 'output_dtype': 'DataType::BFLOAT16'; 'output_mem_config': 'MemoryConfig(memory_layout=TensorMemoryLayout::INTERLEAVED;buffer_type=BufferType::DRAM;shard_spec=std::nullopt;nd_shard_spec=std::nullopt;created_with_nd_shard_spec=0)'; 'output_tile': 'Tile(tile_shape={32; 32};face_shape={16; 16};num_faces=4)'; 'program_config': 'MatmulMultiCoreReuseMultiCast1DProgramConfig(compute_with_storage_grid_size=(x=11;y=10);in0_block_w=1;out_subblock_h=2;out_subblock_w=2;out_block_h=24;out_block_w=4;per_core_M=24;per_core_N=4;fuse_batch=0;fused_activation=std::nullopt;mcast_in0=0;gather_in0=0;hop_cores={};num_global_cb_receivers=0;untilize_out=0)'; 'sub_device_id': 'std::nullopt'; 'transpose_a': 'false'; 'transpose_b': 'true'; 'untilize_out': 'false'; 'user_core_coord': 'std::nullopt'; 'user_fused_activation': 'std::nullopt'; 'user_run_batched': 'false'},HiFi4,108,110,,99685037058,99685149373,112315,7632394662569,7632394932253,6479071,6479088,199766,198180,198179,,,,597,198179,76876,81333,81513,81993,,,,,,1[1],1[1],82944[82944],32[4],TILE,BFLOAT16,DEV_1_DRAM_INTERLEAVED,1[1],1[1],128[128],32[4],TILE,BFLOAT16,DEV_1_DRAM_INTERLEAVED,,,,,,,,,,,,,,,,,,,,,,,,,,,,,,,,,,,,,,,,,,,,,,,,,,,,,,,,,1[1],1[1],82944[82944],128[128],TILE,BFLOAT16,DEV_1_DRAM_INTERLEAVED,,,,,,,,,,,,,,,,,['ttnn/cpp/ttnn/operations/matmul/device/kernels/compute/bmm_large_block_zm_fused_bias_activation.cpp'],['bmm_large_block_zm_fused_bias_activation/12403807181074774487/'],['ttnn/cpp/ttnn/operations/matmul/device/kernels/dataflow/reader_bmm_tile_layout_in1_receiver_writer_padding.cpp'; 'ttnn/cpp/ttnn/operations/matmul/device/kernels/dataflow/reader_bmm_tile_layout_in1_sender_writer_padding.cpp'; 'ttnn/cpp/ttnn/operations/matmul/device/kernels/dataflow/reader_bmm_tile_layout_in0_sender_padding.cpp'],['reader_bmm_tile_layout_in1_receiver_writer_padding/4816666628977820460/'; 'reader_bmm_tile_layout_in1_sender_writer_padding/15014427916231959280/'; 'reader_bmm_tile_layout_in0_sender_padding/397502495397229749/'],5349242496453281346,False,1888,896,1432,1508,1864,0,0,0,0,38623,560,38623,[137.44183349609375; 0.21210159361362457],[549.767333984375],0.283,,,,,
TransposeDeviceOperation,tt_dnn_device,268288,0,blackhole,{'dim': 'TransposeOpDim::WH'; 'output_mem_config': 'MemoryConfig(memory_layout=TensorMemoryLayout::INTERLEAVED;buffer_type=BufferType::DRAM;shard_spec=std::nullopt;nd_shard_spec=std::nullopt;created_with_nd_shard_spec=0)'; 'pad_value': '0'},HiFi4,110,110,,99685390005,99685453357,63352,7632395136698,7632395139569,151995,151995,2127,1595,1595,,,,559,1514,1134,1144,649,806,,,,,,1[1],1[1],128[128],128[128],TILE,BFLOAT16,DEV_1_DRAM_INTERLEAVED,,,,,,,,,,,,,,,,,,,,,,,,,,,,,,,,,,,,,,,,,,,,,,,,,,,,,,,,,,,,,,,,1[1],1[1],128[128],128[128],TILE,BFLOAT16,DEV_1_DRAM_INTERLEAVED,,,,,,,,,,,,,,,,,['ttnn/cpp/ttnn/operations/data_movement/transpose/device/kernels/compute/transpose_wh.cpp'],['transpose_wh/14581025993053660267/'],['ttnn/cpp/ttnn/operations/eltwise/unary/device/kernels/dataflow/writer_unary_interleaved_start_id.cpp'; 'ttnn/cpp/ttnn/operations/data_movement/transpose/device/kernels/dataflow/reader_unary_transpose_wh_interleaved_start_id.cpp'],['writer_unary_interleaved_start_id/6276820466797607771/'; 'reader_unary_transpose_wh_interleaved_start_id/890651917070584162/'],16461604711964428211,True,1000,1012,1140,648,1296,0,0,0,0,615,615,59,[53.28129959106445],[53.28129959106445],38.558,,,,,
MinimalMatmulDeviceOperation,tt_dnn_device,269312,0,blackhole,{'chunks': '1'; 'compute_kernel_config': 'ComputeKernelConfig(math_fidelity=HiFi4;math_approx_mode=0;fp32_dest_acc_en=1;packer_l1_acc=1;dst_full_sync_en=0;throttle_level=ThrottleLevel::NO_THROTTLE)'; 'config': 'MinimalMatmulConfig(M_block_size=8;K_block_size=4;N_block_size=1;subblock_h=4;subblock_w=1;compute_with_storage_grid_size=(x=11;y=10))'; 'dim': '-1'; 'fused_activation': 'std::nullopt'; 'fused_ternary_scalar': 'std::nullopt'; 'output_dtype': 'std::nullopt'; 'output_mem_config': 'std::nullopt'},HiFi4,110,110,,99685496119,99685549391,53272,7632395285549,7632395443839,109616,109616,117252,115755,115755,,,,558,112594,115755,115556,115483,115627,,,,,,1[1],1[1],82944[82944],128[128],TILE,BFLOAT16,DEV_1_DRAM_INTERLEAVED,1[1],1[1],128[128],128[128],TILE,BFLOAT16,DEV_1_DRAM_INTERLEAVED,,,,,,,,,,,,,,,,,,,,,,,,,,,,,,,,,,,,,,,,,,,,,,,,,,,,,,,,,1[1],1[1],82944[82944],128[128],TILE,BFLOAT16,DEV_1_DRAM_INTERLEAVED,,,,,,,,,,,,,,,,,['ttnn/cpp/ttnn/operations/experimental/minimal_matmul/device/kernels/compute.cpp'],['compute/10962846500153687572/'],['ttnn/cpp/ttnn/operations/experimental/minimal_matmul/device/kernels/dm_in1_sender_out.cpp'; 'ttnn/cpp/ttnn/operations/experimental/minimal_matmul/device/kernels/dm_in0_sender.cpp'],['dm_in1_sender_out/14093766897615229597/'; 'dm_in0_sender/9234866853475417859/'],10196119227116094800,True,1764,2152,2524,2516,2624,0,0,0,0,1,1,1,[],[],0.001,,,,,
GenericOpDeviceOperation,tt_dnn_device,270336,0,blackhole,{'num_mesh_programs': '1'},HiFi4,110,110,,99691988946,99692047789,58843,7632404043068,7632404328538,6370366,6370397,211459,210921,210883,,,,548,210837,209918,210107,210372,209890,,,,,,1[1],288[288],288[288],128[128],TILE,BFLOAT16,DEV_1_DRAM_INTERLEAVED,1[1],288[288],288[288],128[128],TILE,BFLOAT16,DEV_1_DRAM_INTERLEAVED,1[1],288[288],288[288],128[128],TILE,FLOAT32,DEV_1_DRAM_INTERLEAVED,1[1],288[288],288[288],128[128],TILE,FLOAT32,DEV_1_DRAM_INTERLEAVED,,,,,,,,,,,,,,,,,,,,,,,,,,,,,,,,,,,,,,,,,,,1[1],288[288],288[288],128[128],TILE,FLOAT32,DEV_1_DRAM_INTERLEAVED,,,,,,,,,,,,,,,,,['/home/ttuser/.coworker/wt/bcp-evo/tt_bio/kernels/rne_add/compute_rne_add.cpp'],['compute_rne_add/2992878184498688995/'],['/home/ttuser/.coworker/wt/bcp-evo/tt_bio/kernels/rne_add/writer_rne_add.cpp'; '/home/ttuser/.coworker/wt/bcp-evo/tt_bio/kernels/rne_add/reader_rne_add.cpp'],['writer_rne_add/1960461789912003921/'; 'reader_rne_add/9080596772748175215/'],17508131030540209524,False,756,1412,1604,1212,1428,0,0,0,0,1,1,1,[],[],0.0,,,,,
GenericOpDeviceOperation,tt_dnn_device,271360,0,blackhole,{'num_mesh_programs': '1'},HiFi4,110,110,,99698326486,99698384728,58242,7632412599230,7632412879395,6126965,6126965,207530,206990,206990,,,,560,206906,204068,206075,206643,205932,,,,,,1[1],288[288],288[288],128[128],TILE,FLOAT32,DEV_1_DRAM_INTERLEAVED,1[1],288[288],288[288],128[128],TILE,BFLOAT16,DEV_1_DRAM_INTERLEAVED,1[1],288[288],288[288],128[128],TILE,BFLOAT16,DEV_1_DRAM_INTERLEAVED,1[1],288[288],288[288],128[128],TILE,BFLOAT16,DEV_1_DRAM_INTERLEAVED,,,,,,,,,,,,,,,,,,,,,,,,,,,,,,,,,,,,,,,,,,,1[1],288[288],288[288],128[128],TILE,BFLOAT16,DEV_1_DRAM_INTERLEAVED,,,,,,,,,,,,,,,,,['/home/ttuser/.coworker/wt/bcp-evo/tt_bio/kernels/rne_add/compute_rne_add.cpp'],['compute_rne_add/1949524675310930412/'],['/home/ttuser/.coworker/wt/bcp-evo/tt_bio/kernels/rne_add/writer_rne_add.cpp'; '/home/ttuser/.coworker/wt/bcp-evo/tt_bio/kernels/rne_add/reader_rne_add.cpp'],['writer_rne_add/9924544566302932517/'; 'reader_rne_add/487084115699691163/'],6487815903460990456,False,768,1420,2152,1480,1432,0,0,0,0,1,1,1,[],[],0.0,,,,,
GenericOpDeviceOperation,tt_dnn_device,272384,0,blackhole,{'num_mesh_programs': '1'},HiFi4,110,110,,99699115409,99699161658,46249,7632413665793,7632413907506,583059,583182,179047,178497,178373,,,,803,178291,162928,177756,177903,177673,,,,,,1[1],288[288],288[288],128[128],TILE,BFLOAT16,DEV_1_DRAM_INTERLEAVED,1[1],288[288],288[288],128[128],TILE,BFLOAT16,DEV_1_DRAM_INTERLEAVED,1[1],1[1],32[1],128[128],TILE,BFLOAT16,DEV_1_DRAM_INTERLEAVED,1[1],288[288],288[288],128[128],TILE,BFLOAT16,DEV_1_DRAM_INTERLEAVED,1[1],288[288],288[288],128[128],TILE,BFLOAT16,DEV_1_DRAM_INTERLEAVED,,,,,,,,,,,,,,,,,,,,,,,,,,,,,,,,,,,,1[1],288[288],288[288],128[128],TILE,BFLOAT16,DEV_1_DRAM_INTERLEAVED,,,,,,,,,,,,,,,,,['/home/ttuser/.coworker/wt/bcp-evo/tt_bio/kernels/lnbw/compute_lnbw.cpp'],['compute_lnbw/7523916731524505336/'],['/home/ttuser/.coworker/wt/bcp-evo/tt_bio/kernels/lnbw/writer_lnbw.cpp'; '/home/ttuser/.coworker/wt/bcp-evo/tt_bio/kernels/lnbw/reader_lnbw.cpp'],['writer_lnbw/8051665203697858371/'; 'reader_lnbw/8486842166353870432/'],895543367223761992,True,764,2236,7708,7544,10412,0,0,0,0,1,1,1,[],[],0.001,,,,,
GenericOpDeviceOperation,tt_dnn_device,273408,0,blackhole,{'num_mesh_programs': '1'},,110,110,,99699302609,99699332155,29546,7632413918050,7632414190052,8356,8356,201483,200950,200950,,,,548,200896,93522,,,,,,,,,1[1],288[288],288[288],128[128],TILE,BFLOAT16,DEV_1_DRAM_INTERLEAVED,1[1],288[288],288[288],128[128],TILE,BFLOAT16,DEV_1_DRAM_INTERLEAVED,1[1],288[288],288[288],128[128],TILE,BFLOAT16,DEV_1_DRAM_INTERLEAVED,,,,,,,,,,,,,,,,,,,,,,,,,,,,,,,,,,,,,,,,,,,,,,,,,,1[1],288[288],288[288],128[128],TILE,BFLOAT16,DEV_1_DRAM_INTERLEAVED,,,,,,,,,,,,,,,,,[],[],['/home/ttuser/.coworker/wt/bcp-evo/tt_bio/kernels/pair_transpose/writer_pair_transpose.cpp'; '/home/ttuser/.coworker/wt/bcp-evo/tt_bio/kernels/pair_transpose/reader_pair_transpose.cpp'],['writer_pair_transpose/1148656286276345152/'; 'reader_pair_transpose/17721277455869609166/'],11664639922038897897,True,1180,1028,0,0,0,0,0,0,0,1,1,1,[],[],0.0,,,,,
GenericOpDeviceOperation,tt_dnn_device,274432,0,blackhole,{'num_mesh_programs': '1'},HiFi4,110,110,,99699474078,99699507642,33564,7632414150367,7632414389478,507,509,177119,147216,147214,,,,1271,147201,144606,145404,146858,146273,,,,,,1[1],288[288],288[288],128[128],TILE,BFLOAT16,DEV_1_DRAM_INTERLEAVED,1[1],288[288],288[288],128[128],TILE,BFLOAT16,DEV_1_DRAM_INTERLEAVED,1[1],288[288],288[288],128[128],TILE,BFLOAT16,DEV_1_DRAM_INTERLEAVED,1[1],288[288],288[288],128[128],TILE,BFLOAT16,DEV_1_DRAM_INTERLEAVED,,,,,,,,,,,,,,,,,,,,,,,,,,,,,,,,,,,,,,,,,,,1[1],288[288],288[288],128[128],TILE,BFLOAT16,DEV_1_DRAM_INTERLEAVED,,,,,,,,,,,,,,,,,['/home/ttuser/.coworker/wt/bcp-evo/tt_bio/kernels/rne_add/compute_rne_add.cpp'],['compute_rne_add/15506775982570106819/'],['/home/ttuser/.coworker/wt/bcp-evo/tt_bio/kernels/rne_add/writer_rne_add.cpp'; '/home/ttuser/.coworker/wt/bcp-evo/tt_bio/kernels/rne_add/reader_rne_add.cpp'],['writer_rne_add/11689109000663956392/'; 'reader_rne_add/5462348467134491698/'],16281275380064118936,True,768,1412,1604,1376,1432,0,0,0,0,1,1,1,[],[],0.001,,,,,
TransposeDeviceOperation,tt_dnn_device,275456,0,blackhole,{'dim': 'TransposeOpDim::WH'; 'output_mem_config': 'MemoryConfig(memory_layout=TensorMemoryLayout::INTERLEAVED;buffer_type=BufferType::DRAM;shard_spec=std::nullopt;nd_shard_spec=std::nullopt;created_with_nd_shard_spec=0)'; 'pad_value': '0'},HiFi4,110,110,,99699639826,99699740849,101023,7632414376134,7632414392636,183,184,12224,2144,2144,,,,1556,2144,1742,1761,1425,1694,,,,,,1[1],1[1],128[128],128[128],TILE,BFLOAT16,DEV_1_DRAM_INTERLEAVED,,,,,,,,,,,,,,,,,,,,,,,,,,,,,,,,,,,,,,,,,,,,,,,,,,,,,,,,,,,,,,,,1[1],1[1],128[128],128[128],TILE,BFLOAT16,DEV_1_DRAM_INTERLEAVED,,,,,,,,,,,,,,,,,['ttnn/cpp/ttnn/operations/data_movement/transpose/device/kernels/compute/transpose_wh.cpp'],['transpose_wh/14581025993053660267/'],['ttnn/cpp/ttnn/operations/eltwise/unary/device/kernels/dataflow/writer_unary_interleaved_start_id.cpp'; 'ttnn/cpp/ttnn/operations/data_movement/transpose/device/kernels/dataflow/reader_unary_transpose_wh_interleaved_start_id.cpp'],['writer_unary_interleaved_start_id/6276820466797607771/'; 'reader_unary_transpose_wh_interleaved_start_id/890651917070584162/'],16461604711964428211,True,1000,1012,1140,648,1296,0,0,0,0,615,615,59,[53.28129959106445],[53.28129959106445],28.685,,,,,
MinimalMatmulDeviceOperation,tt_dnn_device,276480,0,blackhole,{'chunks': '1'; 'compute_kernel_config': 'ComputeKernelConfig(math_fidelity=HiFi4;math_approx_mode=0;fp32_dest_acc_en=1;packer_l1_acc=1;dst_full_sync_en=0;throttle_level=ThrottleLevel::NO_THROTTLE)'; 'config': 'MinimalMatmulConfig(M_block_size=8;K_block_size=4;N_block_size=1;subblock_h=4;subblock_w=1;compute_with_storage_grid_size=(x=11;y=10))'; 'dim': '-1'; 'fused_activation': 'std::nullopt'; 'fused_ternary_scalar': 'std::nullopt'; 'output_dtype': 'std::nullopt'; 'output_mem_config': 'std::nullopt'},HiFi4,110,110,,99699785545,99699838647,53102,7632414576262,7632414735442,137514,137514,117911,116401,116401,,,,557,113167,116401,116196,116129,116274,,,,,,1[1],1[1],82944[82944],128[128],TILE,BFLOAT16,DEV_1_DRAM_INTERLEAVED,1[1],1[1],128[128],128[128],TILE,BFLOAT16,DEV_1_DRAM_INTERLEAVED,,,,,,,,,,,,,,,,,,,,,,,,,,,,,,,,,,,,,,,,,,,,,,,,,,,,,,,,,1[1],1[1],82944[82944],128[128],TILE,BFLOAT16,DEV_1_DRAM_INTERLEAVED,,,,,,,,,,,,,,,,,['ttnn/cpp/ttnn/operations/experimental/minimal_matmul/device/kernels/compute.cpp'],['compute/10962846500153687572/'],['ttnn/cpp/ttnn/operations/experimental/minimal_matmul/device/kernels/dm_in1_sender_out.cpp'; 'ttnn/cpp/ttnn/operations/experimental/minimal_matmul/device/kernels/dm_in0_sender.cpp'],['dm_in1_sender_out/14093766897615229597/'; 'dm_in0_sender/9234866853475417859/'],10196119227116094800,True,1764,2152,2524,2516,2624,0,0,0,0,1,1,1,[],[],0.001,,,,,
GenericOpDeviceOperation,tt_dnn_device,277504,0,blackhole,{'num_mesh_programs': '1'},HiFi4,110,110,,99700047207,99700091232,44025,7632414923746,7632415306945,140037,140095,283851,283320,283262,,,,581,283193,258005,277200,282654,282728,,,,,,1[1],288[288],288[288],128[128],TILE,BFLOAT16,DEV_1_DRAM_INTERLEAVED,1[1],288[288],288[288],128[128],TILE,BFLOAT16,DEV_1_DRAM_INTERLEAVED,1[1],288[288],288[288],128[128],TILE,BFLOAT16,DEV_1_DRAM_INTERLEAVED,1[1],288[288],288[288],128[128],TILE,BFLOAT16,DEV_1_DRAM_INTERLEAVED,1[1],288[288],288[288],128[128],TILE,BFLOAT16,DEV_1_DRAM_INTERLEAVED,1[1],288[288],288[288],128[128],TILE,BFLOAT16,DEV_1_DRAM_INTERLEAVED,,,,,,,,,,,,,,,,,,,,,,,,,,,,,1[1],288[288],288[288],128[128],TILE,BFLOAT16,DEV_1_DRAM_INTERLEAVED,,,,,,,,,,,,,,,,,['/home/ttuser/.coworker/wt/bcp-evo/tt_bio/kernels/gate_bw/compute_gate_bw.cpp'],['compute_gate_bw/7752279662899972872/'],['/home/ttuser/.coworker/wt/bcp-evo/tt_bio/kernels/gate_bw/writer_gate_bw.cpp'; '/home/ttuser/.coworker/wt/bcp-evo/tt_bio/kernels/gate_bw/reader_gate_bw.cpp'],['writer_gate_bw/8111932171875705432/'; 'reader_gate_bw/7533951476172066466/'],14448888073515459580,True,984,1804,1800,5476,1892,0,0,0,0,1,1,1,[],[],0.0,,,,,
TransposeDeviceOperation,tt_dnn_device,278528,0,blackhole,{'dim': 'TransposeOpDim::WH'; 'output_mem_config': 'MemoryConfig(memory_layout=TensorMemoryLayout::INTERLEAVED;buffer_type=BufferType::DRAM;shard_spec=std::nullopt;nd_shard_spec=std::nullopt;created_with_nd_shard_spec=0)'; 'pad_value': '0'},HiFi4,110,110,,99700178690,99700232172,53482,7632415288936,7632415454453,64,66,122605,109196,109194,,,,1642,109194,108884,108930,107631,108556,,,,,,288[288],1[1],288[288],128[128],TILE,BFLOAT16,DEV_1_DRAM_INTERLEAVED,,,,,,,,,,,,,,,,,,,,,,,,,,,,,,,,,,,,,,,,,,,,,,,,,,,,,,,,,,,,,,,,288[288],1[1],128[128],288[288],TILE,BFLOAT16,DEV_1_DRAM_INTERLEAVED,,,,,,,,,,,,,,,,,['ttnn/cpp/ttnn/operations/data_movement/transpose/device/kernels/compute/transpose_wh.cpp'],['transpose_wh/14581025993053660267/'],['ttnn/cpp/ttnn/operations/eltwise/unary/device/kernels/dataflow/writer_unary_interleaved_start_id.cpp'; 'ttnn/cpp/ttnn/operations/data_movement/transpose/device/kernels/dataflow/reader_unary_transpose_wh_interleaved_start_id.cpp'],['writer_unary_interleaved_start_id/6276820466797607771/'; 'reader_unary_transpose_wh_interleaved_start_id/890651917070584162/'],16461604749335367939,True,1000,1012,1140,648,1296,0,0,0,0,128361,128361,38623,[165.4214630126953],[165.4214630126953],117.551,,,,,
TransposeDeviceOperation,tt_dnn_device,279552,0,blackhole,{'dim': 'TransposeOpDim::WH'; 'output_mem_config': 'MemoryConfig(memory_layout=TensorMemoryLayout::INTERLEAVED;buffer_type=BufferType::DRAM;shard_spec=std::nullopt;nd_shard_spec=std::nullopt;created_with_nd_shard_spec=0)'; 'pad_value': '0'},HiFi4,110,110,,99700251850,99700284202,32352,7632415390327,7632415602584,304,304,157227,109423,109423,,,,1423,109416,109108,109136,107873,108755,,,,,,288[288],4[4],32[32],288[288],TILE,BFLOAT16,DEV_1_DRAM_INTERLEAVED,,,,,,,,,,,,,,,,,,,,,,,,,,,,,,,,,,,,,,,,,,,,,,,,,,,,,,,,,,,,,,,,288[288],4[4],288[288],32[32],TILE,BFLOAT16,DEV_1_DRAM_INTERLEAVED,,,,,,,,,,,,,,,,,['ttnn/cpp/ttnn/operations/data_movement/transpose/device/kernels/compute/transpose_wh.cpp'],['transpose_wh/14581025993053660267/'],['ttnn/cpp/ttnn/operations/eltwise/unary/device/kernels/dataflow/writer_unary_interleaved_start_id.cpp'; 'ttnn/cpp/ttnn/operations/data_movement/transpose/device/kernels/dataflow/reader_unary_transpose_wh_interleaved_start_id.cpp'],['writer_unary_interleaved_start_id/6276820466797607771/'; 'reader_unary_transpose_wh_interleaved_start_id/890651917070584162/'],16461604749334402497,True,1000,1012,1140,648,1296,0,0,0,0,128361,128361,38623,[165.4214630126953],[165.4214630126953],117.307,,,,,
GenericOpDeviceOperation,tt_dnn_device,280576,0,blackhole,{'num_mesh_programs': '1'},HiFi4,108,110,,99701626407,99701686823,60416,7632417009150,7632419461954,1042902,1042902,1816892,1815886,1815886,,,,1323,1815886,1449394,1749941,1750261,1750750,,,,,,288[288],4[4],288[288],32[32],TILE,BFLOAT16,DEV_1_DRAM_INTERLEAVED,288[288],4[4],288[288],32[32],TILE,BFLOAT16,DEV_1_DRAM_INTERLEAVED,288[288],4[4],288[288],32[32],TILE,BFLOAT16,DEV_1_DRAM_INTERLEAVED,288[288],4[4],288[288],32[32],TILE,BFLOAT16,DEV_1_DRAM_INTERLEAVED,1[1],4[4],288[288],288[288],TILE,BFLOAT16,DEV_1_DRAM_INTERLEAVED,288[288],1[1],288[288],384[384],TILE,BFLOAT16,DEV_1_DRAM_INTERLEAVED,288[288],1[1],288[288],384[384],TILE,BFLOAT16,DEV_1_DRAM_INTERLEAVED,288[288],1[1],288[288],384[384],TILE,BFLOAT16,DEV_1_DRAM_INTERLEAVED,27[27],4[4],288[288],288[288],TILE,FLOAT32,DEV_1_DRAM_INTERLEAVED,27[27],4[4],288[288],288[288],TILE,FLOAT32,DEV_1_DRAM_INTERLEAVED,27[27],4[4],288[288],288[288],TILE,FLOAT32,DEV_1_DRAM_INTERLEAVED,,,,,,,,,,,,,,,,,['/home/ttuser/.coworker/wt/bcp-evo/tt_bio/kernels/triatt_bw/compute/triatt_bw.cpp'],['triatt_bw/11322293862572115828/'],['/home/ttuser/.coworker/wt/bcp-evo/tt_bio/kernels/triatt_bw/dataflow/writer.cpp'; '/home/ttuser/.coworker/wt/bcp-evo/tt_bio/kernels/triatt_bw/dataflow/reader.cpp'],['writer/16389780824563323312/'; 'reader/3131828587854662785/'],7553554701607477628,True,3104,2668,12768,12448,16756,0,0,0,0,1,1,1,[],[],0.0,,,,,
GenericOpDeviceOperation,tt_dnn_device,281600,0,blackhole,{'num_mesh_programs': '1'},HiFi4,110,110,,99701780152,99701807966,27814,7632417213017,7632419588848,300,301,1759875,93702,93701,,,,1441,93693,92351,93187,93289,86589,,,,,,27[27],4[4],288[288],288[288],TILE,FLOAT32,DEV_1_DRAM_INTERLEAVED,1[1],4[4],288[288],288[288],TILE,FLOAT32,DEV_1_DRAM_INTERLEAVED,1[1],4[4],288[288],288[288],TILE,FLOAT32,DEV_1_DRAM_INTERLEAVED,,,,,,,,,,,,,,,,,,,,,,,,,,,,,,,,,,,,,,,,,,,,,,,,,,1[1],4[4],288[288],288[288],TILE,FLOAT32,DEV_1_DRAM_INTERLEAVED,,,,,,,,,,,,,,,,,['/home/ttuser/.coworker/wt/bcp-evo/tt_bio/kernels/lead_sum/compute_lead_sum.cpp'],['compute_lead_sum/4067854701688430489/'],['/home/ttuser/.coworker/wt/bcp-evo/tt_bio/kernels/rne_add/writer_rne_add.cpp'; '/home/ttuser/.coworker/wt/bcp-evo/tt_bio/kernels/lead_sum/reader_lead_sum.cpp'],['writer_rne_add/3656401552221671705/'; 'reader_lead_sum/3863039908359406338/'],18019050278127221404,True,668,1044,2096,1244,1292,0,0,0,0,1,1,1,[],[],0.001,,,,,
TransposeDeviceOperation,tt_dnn_device,282624,0,blackhole,{'dim': 'TransposeOpDim::WH'; 'output_mem_config': 'MemoryConfig(memory_layout=TensorMemoryLayout::INTERLEAVED;buffer_type=BufferType::DRAM;shard_spec=std::nullopt;nd_shard_spec=std::nullopt;created_with_nd_shard_spec=0)'; 'pad_value': '0'},HiFi4,110,110,,99701985667,99702045000,59333,7632419504835,7632419592252,122,122,64753,2399,2399,,,,1585,2394,1980,2016,1465,1759,,,,,,1[1],1[1],128[128],384[384],TILE,BFLOAT16,DEV_1_DRAM_INTERLEAVED,,,,,,,,,,,,,,,,,,,,,,,,,,,,,,,,,,,,,,,,,,,,,,,,,,,,,,,,,,,,,,,,1[1],1[1],384[384],128[128],TILE,BFLOAT16,DEV_1_DRAM_INTERLEAVED,,,,,,,,,,,,,,,,,['ttnn/cpp/ttnn/operations/data_movement/transpose/device/kernels/compute/transpose_wh.cpp'],['transpose_wh/14581025993053660267/'],['ttnn/cpp/ttnn/operations/eltwise/unary/device/kernels/dataflow/writer_unary_interleaved_start_id.cpp'; 'ttnn/cpp/ttnn/operations/data_movement/transpose/device/kernels/dataflow/reader_unary_transpose_wh_interleaved_start_id.cpp'],['writer_unary_interleaved_start_id/6276820466797607771/'; 'reader_unary_transpose_wh_interleaved_start_id/890651917070584162/'],16461604711964442867,True,1000,1012,1140,648,1296,0,0,0,0,985,985,178,[99.80101776123047],[99.80101776123047],41.059,,,,,
MinimalMatmulDeviceOperation,tt_dnn_device,283648,0,blackhole,{'chunks': '1'; 'compute_kernel_config': 'ComputeKernelConfig(math_fidelity=HiFi4;math_approx_mode=0;fp32_dest_acc_en=1;packer_l1_acc=1;dst_full_sync_en=0;throttle_level=ThrottleLevel::NO_THROTTLE)'; 'config': 'MinimalMatmulConfig(M_block_size=8;K_block_size=4;N_block_size=1;subblock_h=4;subblock_w=1;compute_with_storage_grid_size=(x=11;y=10))'; 'dim': '-1'; 'fused_activation': 'std::nullopt'; 'fused_ternary_scalar': 'std::nullopt'; 'output_dtype': 'std::nullopt'; 'output_mem_config': 'std::nullopt'},HiFi4,110,110,,99702079146,99702126998,47852,7632419590778,7632419950372,78,78,266366,265185,265185,,,,1597,263539,265185,264979,264907,265064,,,,,,1[1],1[1],82944[82944],384[384],TILE,BFLOAT16,DEV_1_DRAM_INTERLEAVED,1[1],1[1],384[384],128[128],TILE,BFLOAT16,DEV_1_DRAM_INTERLEAVED,,,,,,,,,,,,,,,,,,,,,,,,,,,,,,,,,,,,,,,,,,,,,,,,,,,,,,,,,1[1],1[1],82944[82944],128[128],TILE,BFLOAT16,DEV_1_DRAM_INTERLEAVED,,,,,,,,,,,,,,,,,['ttnn/cpp/ttnn/operations/experimental/minimal_matmul/device/kernels/compute.cpp'],['compute/7190504373151502522/'],['ttnn/cpp/ttnn/operations/experimental/minimal_matmul/device/kernels/dm_in1_sender_out.cpp'; 'ttnn/cpp/ttnn/operations/experimental/minimal_matmul/device/kernels/dm_in0_sender.cpp'],['dm_in1_sender_out/4530389825873579501/'; 'dm_in0_sender/4219651166496263459/'],10181611394860478160,True,1816,2244,2592,2504,2832,0,0,0,0,1,1,1,[],[],0.0,,,,,
TypecastDeviceOperation,tt_dnn_device,284672,0,blackhole,{'bfp8_pack_precise': 'false'; 'fp32_dest_acc_en': 'true'; 'input_dtype': 'DataType::FLOAT32'; 'output_dtype': 'DataType::BFLOAT16'; 'output_memory_config': 'MemoryConfig(memory_layout=TensorMemoryLayout::INTERLEAVED;buffer_type=BufferType::DRAM;shard_spec=std::nullopt;nd_shard_spec=std::nullopt;created_with_nd_shard_spec=0)'; 'preserve_fp32_precision': 'true'; 'sub_core_grids': 'std::nullopt'},HiFi4,110,110,,99702181502,99702223413,41911,7632419936481,7632419958114,167,167,16024,5578,5578,,,,1490,5578,5047,5113,5226,4416,,,,,,1[1],4[4],288[288],288[288],TILE,FLOAT32,DEV_1_DRAM_INTERLEAVED,,,,,,,,,,,,,,,,,,,,,,,,,,,,,,,,,,,,,,,,,,,,,,,,,,,,,,,,,,,,,,,,1[1],4[4],288[288],288[288],TILE,BFLOAT16,DEV_1_DRAM_INTERLEAVED,,,,,,,,,,,,,,,,,['ttnn/cpp/ttnn/operations/copy/typecast/device/kernels/compute/eltwise_typecast.cpp'],['eltwise_typecast/9084048224073061541/'],['ttnn/cpp/ttnn/operations/eltwise/unary/device/kernels/dataflow/writer_unary_interleaved_start_id.cpp'; 'ttnn/cpp/ttnn/operations/eltwise/unary/device/kernels/dataflow/reader_unary_interleaved_start_id.cpp'],['writer_unary_interleaved_start_id/15487931821133672948/'; 'reader_unary_interleaved_start_id/8137388031877499190/'],4060195800005397425,True,1000,928,1404,1120,1272,0,0,0,0,1,1,1,[],[],0.018,,,,,
BinaryNgDeviceOperation,tt_dnn_device,285696,0,blackhole,{'binary_op_type': 'BinaryOpType::MUL'; 'compute_kernel_config': 'std::nullopt'; 'dtype': 'DataType::BFLOAT16'; 'input_dtype': 'DataType::BFLOAT16'; 'is_quant_op': 'false'; 'is_sfpu': 'true'; 'is_where_op': 'false'; 'lhs_activations': '{}'; 'memory_config': 'MemoryConfig(memory_layout=TensorMemoryLayout::INTERLEAVED;buffer_type=BufferType::DRAM;shard_spec=std::nullopt;nd_shard_spec=std::nullopt;created_with_nd_shard_spec=0)'; 'post_activations': '{}'; 'rhs_activations': '{}'; 'scalar': '0.17677669'; 'sub_core_grids': 'std::nullopt'; 'subtile_broadcast_type': 'SubtileBroadcastType::NONE'; 'worker_grid': '{[(x=0;y=0) - (x=10;y=9)]}'},HiFi4,110,110,,99702275533,99702325879,50346,7632419955332,7632419965207,101,101,7315,5156,5156,,,,1542,5156,3413,3599,4736,4127,,,,,,1[1],4[4],288[288],288[288],TILE,BFLOAT16,DEV_1_DRAM_INTERLEAVED,,,,,,,,,,,,,,,,,,,,,,,,,,,,,,,,,,,,,,,,,,,,,,,,,,,,,,,,,,,,,,,,1[1],4[4],288[288],288[288],TILE,BFLOAT16,DEV_1_DRAM_INTERLEAVED,,,,,,,,,,,,,,,,,['ttnn/cpp/ttnn/operations/eltwise/binary_ng/device/kernels/compute/eltwise_binary_sfpu_scalar.cpp'],['eltwise_binary_sfpu_scalar/6302317103236044736/'],['ttnn/cpp/ttnn/operations/eltwise/binary_ng/device/kernels/dataflow/reader_interleaved_no_bcast.cpp'; 'ttnn/cpp/ttnn/operations/eltwise/binary_ng/device/kernels/dataflow/writer_interleaved_scalar.cpp'],['reader_interleaved_no_bcast/15501400787415134526/'; 'writer_interleaved_scalar/13747915134593411132/'],15691238620557725211,True,1228,1256,1532,1264,1296,0,0,0,0,1,1,1,[],[],0.019,,,,,
BinaryNgDeviceOperation,tt_dnn_device,286720,0,blackhole,{'binary_op_type': 'BinaryOpType::MUL'; 'compute_kernel_config': 'std::nullopt'; 'dtype': 'DataType::BFLOAT16'; 'input_dtype': 'DataType::BFLOAT16'; 'is_quant_op': 'false'; 'is_sfpu': 'true'; 'is_where_op': 'false'; 'lhs_activations': '{}'; 'memory_config': 'MemoryConfig(memory_layout=TensorMemoryLayout::INTERLEAVED;buffer_type=BufferType::DRAM;shard_spec=std::nullopt;nd_shard_spec=std::nullopt;created_with_nd_shard_spec=0)'; 'post_activations': '{}'; 'rhs_activations': '{}'; 'scalar': '5.656854'; 'sub_core_grids': 'std::nullopt'; 'subtile_broadcast_type': 'SubtileBroadcastType::NONE'; 'worker_grid': '{[(x=0;y=0) - (x=10;y=9)]}'},HiFi4,110,110,,99702369082,99702402607,33525,7632419963983,7632419972298,93,95,6159,5154,5152,,,,1551,5128,3452,3616,4750,4119,,,,,,1[1],4[4],288[288],288[288],TILE,BFLOAT16,DEV_1_DRAM_INTERLEAVED,,,,,,,,,,,,,,,,,,,,,,,,,,,,,,,,,,,,,,,,,,,,,,,,,,,,,,,,,,,,,,,,1[1],4[4],288[288],288[288],TILE,BFLOAT16,DEV_1_DRAM_INTERLEAVED,,,,,,,,,,,,,,,,,['ttnn/cpp/ttnn/operations/eltwise/binary_ng/device/kernels/compute/eltwise_binary_sfpu_scalar.cpp'],['eltwise_binary_sfpu_scalar/6302317103236044736/'],['ttnn/cpp/ttnn/operations/eltwise/binary_ng/device/kernels/dataflow/reader_interleaved_no_bcast.cpp'; 'ttnn/cpp/ttnn/operations/eltwise/binary_ng/device/kernels/dataflow/writer_interleaved_scalar.cpp'],['reader_interleaved_no_bcast/15501400787415134526/'; 'writer_interleaved_scalar/13747915134593411132/'],15691238620557725211,True,1228,1256,1532,1264,1296,0,0,0,0,1,1,1,[],[],0.019,,,,,
PermuteDeviceOperation,tt_dnn_device,287744,0,blackhole,{'dims': '{0; 2; 3; 1}'; 'output_mem_config': 'MemoryConfig(memory_layout=TensorMemoryLayout::INTERLEAVED;buffer_type=BufferType::DRAM;shard_spec=std::nullopt;nd_shard_spec=std::nullopt;created_with_nd_shard_spec=0)'; 'pad_value': '0'},HiFi4,110,110,,99702484033,99702527356,43323,7632419971046,7632420180818,101,122,155387,154361,154340,,,,1570,154339,151621,151787,151768,152188,,,,,,1[1],4[4],288[288],288[288],TILE,BFLOAT16,DEV_1_DRAM_INTERLEAVED,,,,,,,,,,,,,,,,,,,,,,,,,,,,,,,,,,,,,,,,,,,,,,,,,,,,,,,,,,,,,,,,1[1],288[288],288[288],32[4],TILE,BFLOAT16,DEV_1_DRAM_INTERLEAVED,,,,,,,,,,,,,,,,,['ttnn/cpp/ttnn/operations/data_movement/permute/device/kernels/compute/transpose_xw_tiled.cpp'],['transpose_xw_tiled/3700826860125243985/'],['ttnn/cpp/ttnn/operations/data_movement/permute/device/kernels/dataflow/writer_permute_interleaved_tiled_generic.cpp'; 'ttnn/cpp/ttnn/operations/data_movement/permute/device/kernels/dataflow/reader_permute_interleaved_tiled_generic.cpp'],['writer_permute_interleaved_tiled_generic/12978767909115892113/'; 'reader_permute_interleaved_tiled_generic/12490802708496418744/'],6020671804791083783,True,1172,1232,1764,1080,2748,0,0,0,0,18835,18835,9655,[35.229732513427734],[281.8378601074219],12.202,,,,,
MatmulDeviceOperation,tt_dnn_device,288768,0,blackhole,{'bcast_batch': 'true'; 'compute_kernel_config': 'ComputeKernelConfig(math_fidelity=HiFi4;math_approx_mode=0;fp32_dest_acc_en=1;packer_l1_acc=1;dst_full_sync_en=0;throttle_level=ThrottleLevel::NO_THROTTLE)'; 'global_cb': 'std::nullopt'; 'output_dtype': 'DataType::BFLOAT16'; 'output_mem_config': 'MemoryConfig(memory_layout=TensorMemoryLayout::INTERLEAVED;buffer_type=BufferType::DRAM;shard_spec=std::nullopt;nd_shard_spec=std::nullopt;created_with_nd_shard_spec=0)'; 'output_tile': 'Tile(tile_shape={32; 32};face_shape={16; 16};num_faces=4)'; 'program_config': 'MatmulMultiCoreReuseMultiCast1DProgramConfig(compute_with_storage_grid_size=(x=11;y=10);in0_block_w=1;out_subblock_h=2;out_subblock_w=2;out_block_h=24;out_block_w=4;per_core_M=24;per_core_N=4;fuse_batch=0;fused_activation=std::nullopt;mcast_in0=0;gather_in0=0;hop_cores={};num_global_cb_receivers=0;untilize_out=0)'; 'sub_device_id': 'std::nullopt'; 'transpose_a': 'false'; 'transpose_b': 'true'; 'untilize_out': 'false'; 'user_core_coord': 'std::nullopt'; 'user_fused_activation': 'std::nullopt'; 'user_run_batched': 'false'},HiFi4,108,110,,99702651534,99702722510,70976,7632420119781,7632420449886,321,321,244522,198981,198981,,,,1397,198981,76273,80719,80897,81389,,,,,,1[1],1[1],82944[82944],32[4],TILE,BFLOAT16,DEV_1_DRAM_INTERLEAVED,1[1],1[1],128[128],32[4],TILE,BFLOAT16,DEV_1_DRAM_INTERLEAVED,,,,,,,,,,,,,,,,,,,,,,,,,,,,,,,,,,,,,,,,,,,,,,,,,,,,,,,,,1[1],1[1],82944[82944],128[128],TILE,BFLOAT16,DEV_1_DRAM_INTERLEAVED,,,,,,,,,,,,,,,,,['ttnn/cpp/ttnn/operations/matmul/device/kernels/compute/bmm_large_block_zm_fused_bias_activation.cpp'],['bmm_large_block_zm_fused_bias_activation/12403807181074774487/'],['ttnn/cpp/ttnn/operations/matmul/device/kernels/dataflow/reader_bmm_tile_layout_in1_receiver_writer_padding.cpp'; 'ttnn/cpp/ttnn/operations/matmul/device/kernels/dataflow/reader_bmm_tile_layout_in1_sender_writer_padding.cpp'; 'ttnn/cpp/ttnn/operations/matmul/device/kernels/dataflow/reader_bmm_tile_layout_in0_sender_padding.cpp'],['reader_bmm_tile_layout_in1_receiver_writer_padding/4816666628977820460/'; 'reader_bmm_tile_layout_in1_sender_writer_padding/15014427916231959280/'; 'reader_bmm_tile_layout_in0_sender_padding/397502495397229749/'],5349242496453281346,True,1888,896,1432,1508,1864,0,0,0,0,38623,573,38623,[137.44183349609375; 0.21210159361362457],[549.767333984375],0.288,,,,,
TransposeDeviceOperation,tt_dnn_device,289792,0,blackhole,{'dim': 'TransposeOpDim::WH'; 'output_mem_config': 'MemoryConfig(memory_layout=TensorMemoryLayout::INTERLEAVED;buffer_type=BufferType::DRAM;shard_spec=std::nullopt;nd_shard_spec=std::nullopt;created_with_nd_shard_spec=0)'; 'pad_value': '0'},HiFi4,110,110,,99702817452,99702855656,38204,7632420182546,7632420453354,149,149,200599,2426,2426,,,,1615,2426,2015,2041,1453,1773,,,,,,1[1],1[1],128[128],128[128],TILE,BFLOAT16,DEV_1_DRAM_INTERLEAVED,,,,,,,,,,,,,,,,,,,,,,,,,,,,,,,,,,,,,,,,,,,,,,,,,,,,,,,,,,,,,,,,1[1],1[1],128[128],128[128],TILE,BFLOAT16,DEV_1_DRAM_INTERLEAVED,,,,,,,,,,,,,,,,,['ttnn/cpp/ttnn/operations/data_movement/transpose/device/kernels/compute/transpose_wh.cpp'],['transpose_wh/14581025993053660267/'],['ttnn/cpp/ttnn/operations/eltwise/unary/device/kernels/dataflow/writer_unary_interleaved_start_id.cpp'; 'ttnn/cpp/ttnn/operations/data_movement/transpose/device/kernels/dataflow/reader_unary_transpose_wh_interleaved_start_id.cpp'],['writer_unary_interleaved_start_id/6276820466797607771/'; 'reader_unary_transpose_wh_interleaved_start_id/890651917070584162/'],16461604711964428211,True,1000,1012,1140,648,1296,0,0,0,0,629,629,59,[52.09539031982422],[52.09539031982422],25.927,,,,,
MinimalMatmulDeviceOperation,tt_dnn_device,290816,0,blackhole,{'chunks': '1'; 'compute_kernel_config': 'ComputeKernelConfig(math_fidelity=HiFi4;math_approx_mode=0;fp32_dest_acc_en=1;packer_l1_acc=1;dst_full_sync_en=0;throttle_level=ThrottleLevel::NO_THROTTLE)'; 'config': 'MinimalMatmulConfig(M_block_size=8;K_block_size=4;N_block_size=1;subblock_h=4;subblock_w=1;compute_with_storage_grid_size=(x=11;y=10))'; 'dim': '-1'; 'fused_activation': 'std::nullopt'; 'fused_ternary_scalar': 'std::nullopt'; 'output_dtype': 'std::nullopt'; 'output_mem_config': 'std::nullopt'},HiFi4,110,110,,99702881696,99702919779,38083,7632420451859,7632420602746,136,136,111768,110514,110514,,,,1544,107361,110513,110299,110234,110388,,,,,,1[1],1[1],82944[82944],128[128],TILE,BFLOAT16,DEV_1_DRAM_INTERLEAVED,1[1],1[1],128[128],128[128],TILE,BFLOAT16,DEV_1_DRAM_INTERLEAVED,,,,,,,,,,,,,,,,,,,,,,,,,,,,,,,,,,,,,,,,,,,,,,,,,,,,,,,,,1[1],1[1],82944[82944],128[128],TILE,BFLOAT16,DEV_1_DRAM_INTERLEAVED,,,,,,,,,,,,,,,,,['ttnn/cpp/ttnn/operations/experimental/minimal_matmul/device/kernels/compute.cpp'],['compute/10962846500153687572/'],['ttnn/cpp/ttnn/operations/experimental/minimal_matmul/device/kernels/dm_in1_sender_out.cpp'; 'ttnn/cpp/ttnn/operations/experimental/minimal_matmul/device/kernels/dm_in0_sender.cpp'],['dm_in1_sender_out/14093766897615229597/'; 'dm_in0_sender/9234866853475417859/'],10196119227116094800,True,1764,2152,2524,2516,2624,0,0,0,0,1,1,1,[],[],0.001,,,,,
GenericOpDeviceOperation,tt_dnn_device,291840,0,blackhole,{'num_mesh_programs': '1'},HiFi4,110,110,,99703012647,99703047143,34496,7632420590128,7632420880515,169,172,215101,205604,205601,,,,1590,205601,204630,204837,205049,204619,,,,,,1[1],288[288],288[288],128[128],TILE,BFLOAT16,DEV_1_DRAM_INTERLEAVED,1[1],288[288],288[288],128[128],TILE,BFLOAT16,DEV_1_DRAM_INTERLEAVED,1[1],288[288],288[288],128[128],TILE,FLOAT32,DEV_1_DRAM_INTERLEAVED,1[1],288[288],288[288],128[128],TILE,FLOAT32,DEV_1_DRAM_INTERLEAVED,,,,,,,,,,,,,,,,,,,,,,,,,,,,,,,,,,,,,,,,,,,1[1],288[288],288[288],128[128],TILE,FLOAT32,DEV_1_DRAM_INTERLEAVED,,,,,,,,,,,,,,,,,['/home/ttuser/.coworker/wt/bcp-evo/tt_bio/kernels/rne_add/compute_rne_add.cpp'],['compute_rne_add/2992878184498688995/'],['/home/ttuser/.coworker/wt/bcp-evo/tt_bio/kernels/rne_add/writer_rne_add.cpp'; '/home/ttuser/.coworker/wt/bcp-evo/tt_bio/kernels/rne_add/reader_rne_add.cpp'],['writer_rne_add/1960461789912003921/'; 'reader_rne_add/9080596772748175215/'],17508131030540209524,True,756,1412,1604,1212,1428,0,0,0,0,1,1,1,[],[],0.0,,,,,
GenericOpDeviceOperation,tt_dnn_device,292864,0,blackhole,{'num_mesh_programs': '1'},HiFi4,110,110,,99703133479,99703160601,27122,7632420692882,7632421138781,393,394,330296,190916,190915,,,,1322,190903,188085,190049,190564,189889,,,,,,1[1],288[288],288[288],128[128],TILE,FLOAT32,DEV_1_DRAM_INTERLEAVED,1[1],288[288],288[288],128[128],TILE,BFLOAT16,DEV_1_DRAM_INTERLEAVED,1[1],288[288],288[288],128[128],TILE,BFLOAT16,DEV_1_DRAM_INTERLEAVED,1[1],288[288],288[288],128[128],TILE,BFLOAT16,DEV_1_DRAM_INTERLEAVED,,,,,,,,,,,,,,,,,,,,,,,,,,,,,,,,,,,,,,,,,,,1[1],288[288],288[288],128[128],TILE,BFLOAT16,DEV_1_DRAM_INTERLEAVED,,,,,,,,,,,,,,,,,['/home/ttuser/.coworker/wt/bcp-evo/tt_bio/kernels/rne_add/compute_rne_add.cpp'],['compute_rne_add/1949524675310930412/'],['/home/ttuser/.coworker/wt/bcp-evo/tt_bio/kernels/rne_add/writer_rne_add.cpp'; '/home/ttuser/.coworker/wt/bcp-evo/tt_bio/kernels/rne_add/reader_rne_add.cpp'],['writer_rne_add/9924544566302932517/'; 'reader_rne_add/487084115699691163/'],6487815903460990456,True,768,1420,2152,1480,1432,0,0,0,0,1,1,1,[],[],0.001,,,,,
GenericOpDeviceOperation,tt_dnn_device,293888,0,blackhole,{'num_mesh_programs': '1'},HiFi4,110,110,,99703263238,99703294307,31069,7632421015691,7632421375582,74,74,266586,175334,175334,,,,1899,175334,159877,174712,174727,174835,,,,,,1[1],288[288],288[288],128[128],TILE,BFLOAT16,DEV_1_DRAM_INTERLEAVED,1[1],288[288],288[288],128[128],TILE,BFLOAT16,DEV_1_DRAM_INTERLEAVED,1[1],1[1],32[1],128[128],TILE,BFLOAT16,DEV_1_DRAM_INTERLEAVED,1[1],288[288],288[288],128[128],TILE,BFLOAT16,DEV_1_DRAM_INTERLEAVED,1[1],288[288],288[288],128[128],TILE,BFLOAT16,DEV_1_DRAM_INTERLEAVED,,,,,,,,,,,,,,,,,,,,,,,,,,,,,,,,,,,,1[1],288[288],288[288],128[128],TILE,BFLOAT16,DEV_1_DRAM_INTERLEAVED,,,,,,,,,,,,,,,,,['/home/ttuser/.coworker/wt/bcp-evo/tt_bio/kernels/lnbw/compute_lnbw.cpp'],['compute_lnbw/7523916731524505336/'],['/home/ttuser/.coworker/wt/bcp-evo/tt_bio/kernels/lnbw/writer_lnbw.cpp'; '/home/ttuser/.coworker/wt/bcp-evo/tt_bio/kernels/lnbw/reader_lnbw.cpp'],['writer_lnbw/8051665203697858371/'; 'reader_lnbw/8486842166353870432/'],895543367223761992,True,764,2236,7708,7544,10412,0,0,0,0,1,1,1,[],[],0.001,,,,,
GenericOpDeviceOperation,tt_dnn_device,294912,0,blackhole,{'num_mesh_programs': '1'},HiFi4,110,110,,99703406633,99703437562,30929,7632421345417,7632421578181,187,188,172418,149884,149884,,,,1528,149884,147279,148070,149527,148948,,,,,,1[1],288[288],288[288],128[128],TILE,BFLOAT16,DEV_1_DRAM_INTERLEAVED,1[1],288[288],288[288],128[128],TILE,BFLOAT16,DEV_1_DRAM_INTERLEAVED,1[1],288[288],288[288],128[128],TILE,BFLOAT16,DEV_1_DRAM_INTERLEAVED,1[1],288[288],288[288],128[128],TILE,BFLOAT16,DEV_1_DRAM_INTERLEAVED,,,,,,,,,,,,,,,,,,,,,,,,,,,,,,,,,,,,,,,,,,,1[1],288[288],288[288],128[128],TILE,BFLOAT16,DEV_1_DRAM_INTERLEAVED,,,,,,,,,,,,,,,,,['/home/ttuser/.coworker/wt/bcp-evo/tt_bio/kernels/rne_add/compute_rne_add.cpp'],['compute_rne_add/15506775982570106819/'],['/home/ttuser/.coworker/wt/bcp-evo/tt_bio/kernels/rne_add/writer_rne_add.cpp'; '/home/ttuser/.coworker/wt/bcp-evo/tt_bio/kernels/rne_add/reader_rne_add.cpp'],['writer_rne_add/11689109000663956392/'; 'reader_rne_add/5462348467134491698/'],16281275380064118936,True,768,1412,1604,1376,1432,0,0,0,0,1,1,1,[],[],0.001,,,,,
GenericOpDeviceOperation,tt_dnn_device,295936,0,blackhole,{'num_mesh_programs': '1'},HiFi4,110,110,,99703559206,99703592540,33334,7632421489184,7632421958501,190,190,347642,281530,281530,,,,1613,281521,256256,275456,280852,280998,,,,,,1[1],288[288],288[288],128[128],TILE,BFLOAT16,DEV_1_DRAM_INTERLEAVED,1[1],288[288],288[288],128[128],TILE,BFLOAT16,DEV_1_DRAM_INTERLEAVED,1[1],288[288],288[288],128[128],TILE,BFLOAT16,DEV_1_DRAM_INTERLEAVED,1[1],288[288],288[288],128[128],TILE,BFLOAT16,DEV_1_DRAM_INTERLEAVED,1[1],288[288],288[288],128[128],TILE,BFLOAT16,DEV_1_DRAM_INTERLEAVED,1[1],288[288],288[288],128[128],TILE,BFLOAT16,DEV_1_DRAM_INTERLEAVED,,,,,,,,,,,,,,,,,,,,,,,,,,,,,1[1],288[288],288[288],128[128],TILE,BFLOAT16,DEV_1_DRAM_INTERLEAVED,,,,,,,,,,,,,,,,,['/home/ttuser/.coworker/wt/bcp-evo/tt_bio/kernels/gate_bw/compute_gate_bw.cpp'],['compute_gate_bw/7752279662899972872/'],['/home/ttuser/.coworker/wt/bcp-evo/tt_bio/kernels/gate_bw/writer_gate_bw.cpp'; '/home/ttuser/.coworker/wt/bcp-evo/tt_bio/kernels/gate_bw/reader_gate_bw.cpp'],['writer_gate_bw/8111932171875705432/'; 'reader_gate_bw/7533951476172066466/'],14448888073515459580,True,984,1804,1800,5476,1892,0,0,0,0,1,1,1,[],[],0.0,,,,,
TransposeDeviceOperation,tt_dnn_device,296960,0,blackhole,{'dim': 'TransposeOpDim::WH'; 'output_mem_config': 'MemoryConfig(memory_layout=TensorMemoryLayout::INTERLEAVED;buffer_type=BufferType::DRAM;shard_spec=std::nullopt;nd_shard_spec=std::nullopt;created_with_nd_shard_spec=0)'; 'pad_value': '0'},HiFi4,110,110,,99703661873,99703737588,75715,7632421942813,7632421961924,61,61,14156,2466,2466,,,,1636,2466,2050,2090,1540,1832,,,,,,1[1],1[1],128[128],128[128],TILE,BFLOAT16,DEV_1_DRAM_INTERLEAVED,,,,,,,,,,,,,,,,,,,,,,,,,,,,,,,,,,,,,,,,,,,,,,,,,,,,,,,,,,,,,,,,1[1],1[1],128[128],128[128],TILE,BFLOAT16,DEV_1_DRAM_INTERLEAVED,,,,,,,,,,,,,,,,,['ttnn/cpp/ttnn/operations/data_movement/transpose/device/kernels/compute/transpose_wh.cpp'],['transpose_wh/14581025993053660267/'],['ttnn/cpp/ttnn/operations/eltwise/unary/device/kernels/dataflow/writer_unary_interleaved_start_id.cpp'; 'ttnn/cpp/ttnn/operations/data_movement/transpose/device/kernels/dataflow/reader_unary_transpose_wh_interleaved_start_id.cpp'],['writer_unary_interleaved_start_id/6276820466797607771/'; 'reader_unary_transpose_wh_interleaved_start_id/890651917070584162/'],16461604711964428211,True,1000,1012,1140,648,1296,0,0,0,0,629,629,59,[52.09539031982422],[52.09539031982422],25.507,,,,,
MinimalMatmulDeviceOperation,tt_dnn_device,297984,0,blackhole,{'chunks': '1'; 'compute_kernel_config': 'ComputeKernelConfig(math_fidelity=HiFi4;math_approx_mode=0;fp32_dest_acc_en=1;packer_l1_acc=1;dst_full_sync_en=0;throttle_level=ThrottleLevel::NO_THROTTLE)'; 'config': 'MinimalMatmulConfig(M_block_size=8;K_block_size=4;N_block_size=1;subblock_h=4;subblock_w=1;compute_with_storage_grid_size=(x=11;y=10))'; 'dim': '-1'; 'fused_activation': 'std::nullopt'; 'fused_ternary_scalar': 'std::nullopt'; 'output_dtype': 'std::nullopt'; 'output_mem_config': 'std::nullopt'},HiFi4,110,110,,99703763047,99703800158,37111,7632421960370,7632422117390,67,68,116311,115079,115078,,,,1610,111926,115078,114874,114806,114956,,,,,,1[1],1[1],82944[82944],128[128],TILE,BFLOAT16,DEV_1_DRAM_INTERLEAVED,1[1],1[1],128[128],128[128],TILE,BFLOAT16,DEV_1_DRAM_INTERLEAVED,,,,,,,,,,,,,,,,,,,,,,,,,,,,,,,,,,,,,,,,,,,,,,,,,,,,,,,,,1[1],1[1],82944[82944],128[128],TILE,BFLOAT16,DEV_1_DRAM_INTERLEAVED,,,,,,,,,,,,,,,,,['ttnn/cpp/ttnn/operations/experimental/minimal_matmul/device/kernels/compute.cpp'],['compute/10962846500153687572/'],['ttnn/cpp/ttnn/operations/experimental/minimal_matmul/device/kernels/dm_in1_sender_out.cpp'; 'ttnn/cpp/ttnn/operations/experimental/minimal_matmul/device/kernels/dm_in0_sender.cpp'],['dm_in1_sender_out/14093766897615229597/'; 'dm_in0_sender/9234866853475417859/'],10196119227116094800,True,1764,2152,2524,2516,2624,0,0,0,0,1,1,1,[],[],0.001,,,,,
GenericOpDeviceOperation,tt_dnn_device,299008,0,blackhole,{'num_mesh_programs': '1'},HiFi4,110,110,,99703929306,99703960856,31550,7632422099177,7632422358423,169,169,192034,178393,178393,,,,1855,178393,162934,177773,177784,177896,,,,,,1[1],288[288],288[288],128[128],TILE,BFLOAT16,DEV_1_DRAM_INTERLEAVED,1[1],288[288],288[288],128[128],TILE,BFLOAT16,DEV_1_DRAM_INTERLEAVED,1[1],1[1],32[1],128[128],TILE,BFLOAT16,DEV_1_DRAM_INTERLEAVED,1[1],288[288],288[288],128[128],TILE,BFLOAT16,DEV_1_DRAM_INTERLEAVED,1[1],288[288],288[288],128[128],TILE,BFLOAT16,DEV_1_DRAM_INTERLEAVED,,,,,,,,,,,,,,,,,,,,,,,,,,,,,,,,,,,,1[1],288[288],288[288],128[128],TILE,BFLOAT16,DEV_1_DRAM_INTERLEAVED,,,,,,,,,,,,,,,,,['/home/ttuser/.coworker/wt/bcp-evo/tt_bio/kernels/lnbw/compute_lnbw.cpp'],['compute_lnbw/7523916731524505336/'],['/home/ttuser/.coworker/wt/bcp-evo/tt_bio/kernels/lnbw/writer_lnbw.cpp'; '/home/ttuser/.coworker/wt/bcp-evo/tt_bio/kernels/lnbw/reader_lnbw.cpp'],['writer_lnbw/8051665203697858371/'; 'reader_lnbw/8486842166353870432/'],895543367223761992,True,764,2236,7708,7544,10412,0,0,0,0,1,1,1,[],[],0.001,,,,,
GenericOpDeviceOperation,tt_dnn_device,300032,0,blackhole,{'num_mesh_programs': '1'},HiFi2,81,110,,99710384411,99710436441,52030,7632428704425,7632429027619,4701622,4701620,239403,238505,238501,,,,594,238483,193529,193599,193256,193314,,,,,,1[1],288[288],288[288],128[128],TILE,BFLOAT16,DEV_1_DRAM_INTERLEAVED,1[1],128[128],288[288],288[288],TILE,BFLOAT16,DEV_1_DRAM_INTERLEAVED,1[1],128[128],288[288],288[288],TILE,BFLOAT16,DEV_1_DRAM_INTERLEAVED,,,,,,,,,,,,,,,,,,,,,,,,,,,,,,,,,,,,,,,,,,,,,,,,,,1[1],128[128],288[288],288[288],TILE,BFLOAT16,DEV_1_DRAM_INTERLEAVED,,,,,,,,,,,,,,,,,['/home/ttuser/.coworker/wt/bcp-evo/tt_bio/kernels/reblock_permute/compute_reblock_permute.cpp'],['compute_reblock_permute/4463651639282670576/'],['/home/ttuser/.coworker/wt/bcp-evo/tt_bio/kernels/reblock_permute/writer_reblock_permute.cpp'; '/home/ttuser/.coworker/wt/bcp-evo/tt_bio/kernels/reblock_permute/reader_reblock_permute.cpp'],['writer_reblock_permute/18341476097452678202/'; 'reader_reblock_permute/8145120466937455894/'],13663216445211379391,False,1728,1608,1604,900,1744,0,0,0,0,1,1,1,[],[],0.0,,,,,
MatmulDeviceOperation,tt_dnn_device,301056,0,blackhole,{'bcast_batch': 'false'; 'compute_kernel_config': 'ComputeKernelConfig(math_fidelity=HiFi4;math_approx_mode=0;fp32_dest_acc_en=1;packer_l1_acc=1;dst_full_sync_en=0;throttle_level=ThrottleLevel::NO_THROTTLE)'; 'global_cb': 'std::nullopt'; 'output_dtype': 'DataType::BFLOAT16'; 'output_mem_config': 'MemoryConfig(memory_layout=TensorMemoryLayout::INTERLEAVED;buffer_type=BufferType::DRAM;shard_spec=std::nullopt;nd_shard_spec=std::nullopt;created_with_nd_shard_spec=0)'; 'output_tile': 'Tile(tile_shape={32; 32};face_shape={16; 16};num_faces=4)'; 'program_config': 'MatmulMultiCoreReuseProgramConfig(compute_with_storage_grid_size=(x=8;y=8);in0_block_w=1;out_subblock_h=1;out_subblock_w=3;per_core_M=9;per_core_N=9)'; 'sub_device_id': 'std::nullopt'; 'transpose_a': 'false'; 'transpose_b': 'true'; 'untilize_out': 'false'; 'user_core_coord': '(x=8;y=8)'; 'user_fused_activation': 'std::nullopt'; 'user_run_batched': 'true'},HiFi4,64,110,,99715323207,99715422838,99631,7632435367001,7632435581043,4696359,4696399,158550,158036,158009,,,,555,157930,143156,154035,154222,154213,,,,,,1[1],128[128],288[288],288[288],TILE,BFLOAT16,DEV_1_DRAM_INTERLEAVED,1[1],128[128],288[288],288[288],TILE,BFLOAT16,DEV_1_DRAM_INTERLEAVED,,,,,,,,,,,,,,,,,,,,,,,,,,,,,,,,,,,,,,,,,,,,,,,,,,,,,,,,,1[1],128[128],288[288],288[288],TILE,BFLOAT16,DEV_1_DRAM_INTERLEAVED,,,,,,,,,,,,,,,,,['ttnn/cpp/ttnn/operations/matmul/device/kernels/compute/bmm_large_block_zm_fused_bias_activation.cpp'],['bmm_large_block_zm_fused_bias_activation/10728359630391883171/'],['ttnn/cpp/ttnn/operations/matmul/device/kernels/dataflow/reader_writer_bmm_tile_layout_in1.cpp'; 'ttnn/cpp/ttnn/operations/matmul/device/kernels/dataflow/reader_bmm_tile_layout_in0.cpp'],['reader_writer_bmm_tile_layout_in1/14391687638420806576/'; 'reader_bmm_tile_layout_in0/14041989064640360959/'],7761915415407835732,False,1168,752,2496,2580,2648,0,0,0,0,41192,41192,38623,[515.4802856445312; 515.4802856445312],[515.4802856445312],26.065,,,,,
MatmulDeviceOperation,tt_dnn_device,302080,0,blackhole,{'bcast_batch': 'false'; 'compute_kernel_config': 'ComputeKernelConfig(math_fidelity=HiFi4;math_approx_mode=0;fp32_dest_acc_en=1;packer_l1_acc=1;dst_full_sync_en=0;throttle_level=ThrottleLevel::NO_THROTTLE)'; 'global_cb': 'std::nullopt'; 'output_dtype': 'DataType::BFLOAT16'; 'output_mem_config': 'MemoryConfig(memory_layout=TensorMemoryLayout::INTERLEAVED;buffer_type=BufferType::DRAM;shard_spec=std::nullopt;nd_shard_spec=std::nullopt;created_with_nd_shard_spec=0)'; 'output_tile': 'Tile(tile_shape={32; 32};face_shape={16; 16};num_faces=4)'; 'program_config': 'MatmulMultiCoreReuseProgramConfig(compute_with_storage_grid_size=(x=8;y=8);in0_block_w=1;out_subblock_h=1;out_subblock_w=3;per_core_M=9;per_core_N=9)'; 'sub_device_id': 'std::nullopt'; 'transpose_a': 'false'; 'transpose_b': 'false'; 'untilize_out': 'false'; 'user_core_coord': '(x=8;y=8)'; 'user_fused_activation': 'std::nullopt'; 'user_run_batched': 'true'},HiFi4,64,110,,99720738727,99720845272,106545,7632442676580,7632442894042,5256448,5256448,161083,160583,160583,,,,566,160497,145477,156269,156493,156462,,,,,,1[1],128[128],288[288],288[288],TILE,BFLOAT16,DEV_1_DRAM_INTERLEAVED,1[1],128[128],288[288],288[288],TILE,BFLOAT16,DEV_1_DRAM_INTERLEAVED,,,,,,,,,,,,,,,,,,,,,,,,,,,,,,,,,,,,,,,,,,,,,,,,,,,,,,,,,1[1],128[128],288[288],288[288],TILE,BFLOAT16,DEV_1_DRAM_INTERLEAVED,,,,,,,,,,,,,,,,,['ttnn/cpp/ttnn/operations/matmul/device/kernels/compute/bmm_large_block_zm_fused_bias_activation.cpp'],['bmm_large_block_zm_fused_bias_activation/14392671756721055929/'],['ttnn/cpp/ttnn/operations/matmul/device/kernels/dataflow/reader_writer_bmm_tile_layout_in1.cpp'; 'ttnn/cpp/ttnn/operations/matmul/device/kernels/dataflow/reader_bmm_tile_layout_in0.cpp'],['reader_writer_bmm_tile_layout_in1/13817810101887666520/'; 'reader_bmm_tile_layout_in0/14041989064640360959/'],7761915265023932966,False,1184,752,2500,2580,2648,0,0,0,0,41192,41192,38623,[515.4802856445312; 515.4802856445312],[515.4802856445312],25.652,,,,,
GenericOpDeviceOperation,tt_dnn_device,303104,0,blackhole,{'num_mesh_programs': '1'},HiFi4,110,110,,99727532703,99727601194,68491,7632451815325,7632452372417,6608903,6608991,412661,412126,412041,,,,643,411975,400856,402459,407944,407872,,,,,,1[1],128[128],288[288],288[288],TILE,BFLOAT16,DEV_1_DRAM_INTERLEAVED,1[1],288[288],288[288],512[512],TILE,BFLOAT16,DEV_1_DRAM_INTERLEAVED,1[1],288[288],288[288],512[512],TILE,BFLOAT16,DEV_1_DRAM_INTERLEAVED,1[1],288[288],288[288],512[512],TILE,BFLOAT16,DEV_1_DRAM_INTERLEAVED,,,,,,,,,,,,,,,,,,,,,,,,,,,,,,,,,,,,,,,,,,,1[1],288[288],288[288],512[512],TILE,BFLOAT16,DEV_1_DRAM_INTERLEAVED,,,,,,,,,,,,,,,,,['/home/ttuser/.coworker/wt/bcp-evo/tt_bio/kernels/reblock_permute_gated_bw/compute_reblock_permute_gated_bw.cpp'],['compute_reblock_permute_gated_bw/15463227523404628406/'],['/home/ttuser/.coworker/wt/bcp-evo/tt_bio/kernels/reblock_permute_gated_bw/writer_reblock_permute_gated_bw.cpp'; '/home/ttuser/.coworker/wt/bcp-evo/tt_bio/kernels/reblock_permute_back/reader_reblock_permute_back.cpp'],['writer_reblock_permute_gated_bw/12514840373719664582/'; 'reader_reblock_permute_back/5028479914719063664/'],16693092915661971138,False,2540,1532,1856,5604,1552,0,0,0,0,1,1,1,[],[],0.0,,,,,
GenericOpDeviceOperation,tt_dnn_device,304128,0,blackhole,{'num_mesh_programs': '1'},HiFi4,110,110,,99727891131,99727939093,47962,7632452300893,7632452932345,388,390,467742,414371,414370,,,,1449,414370,403188,404828,410187,410259,,,,,,1[1],128[128],288[288],288[288],TILE,BFLOAT16,DEV_1_DRAM_INTERLEAVED,1[1],288[288],288[288],512[512],TILE,BFLOAT16,DEV_1_DRAM_INTERLEAVED,1[1],288[288],288[288],512[512],TILE,BFLOAT16,DEV_1_DRAM_INTERLEAVED,1[1],288[288],288[288],512[512],TILE,BFLOAT16,DEV_1_DRAM_INTERLEAVED,,,,,,,,,,,,,,,,,,,,,,,,,,,,,,,,,,,,,,,,,,,1[1],288[288],288[288],512[512],TILE,BFLOAT16,DEV_1_DRAM_INTERLEAVED,,,,,,,,,,,,,,,,,['/home/ttuser/.coworker/wt/bcp-evo/tt_bio/kernels/reblock_permute_gated_bw/compute_reblock_permute_gated_bw.cpp'],['compute_reblock_permute_gated_bw/15463227523404628406/'],['/home/ttuser/.coworker/wt/bcp-evo/tt_bio/kernels/reblock_permute_gated_bw/writer_reblock_permute_gated_bw.cpp'; '/home/ttuser/.coworker/wt/bcp-evo/tt_bio/kernels/reblock_permute_back/reader_reblock_permute_back.cpp'],['writer_reblock_permute_gated_bw/12514840373719664582/'; 'reader_reblock_permute_back/5028479914719063664/'],16693092915661971138,True,2540,1532,1856,5604,1552,0,0,0,0,1,1,1,[],[],0.0,,,,,
TransposeDeviceOperation,tt_dnn_device,305152,0,blackhole,{'dim': 'TransposeOpDim::WH'; 'output_mem_config': 'MemoryConfig(memory_layout=TensorMemoryLayout::INTERLEAVED;buffer_type=BufferType::DRAM;shard_spec=std::nullopt;nd_shard_spec=std::nullopt;created_with_nd_shard_spec=0)'; 'pad_value': '0'},HiFi4,110,110,,99728138505,99728214471,75966,7632452744897,7632452935295,401,401,141036,1779,1779,,,,1329,1778,1289,1428,1204,1443,,,,,,1[1],1[1],128[128],512[512],TILE,BFLOAT16,DEV_1_DRAM_INTERLEAVED,,,,,,,,,,,,,,,,,,,,,,,,,,,,,,,,,,,,,,,,,,,,,,,,,,,,,,,,,,,,,,,,1[1],1[1],512[512],128[128],TILE,BFLOAT16,DEV_1_DRAM_INTERLEAVED,,,,,,,,,,,,,,,,,['ttnn/cpp/ttnn/operations/data_movement/transpose/device/kernels/compute/transpose_wh.cpp'],['transpose_wh/14581025993053660267/'],['ttnn/cpp/ttnn/operations/eltwise/unary/device/kernels/dataflow/writer_unary_interleaved_start_id.cpp'; 'ttnn/cpp/ttnn/operations/data_movement/transpose/device/kernels/dataflow/reader_unary_transpose_wh_interleaved_start_id.cpp'],['writer_unary_interleaved_start_id/6276820466797607771/'; 'reader_unary_transpose_wh_interleaved_start_id/890651917070584162/'],16461604711964421779,True,1000,1012,1140,648,1296,0,0,0,0,1236,1236,238,[106.0453109741211],[106.0453109741211],69.477,,,,,
MinimalMatmulDeviceOperation,tt_dnn_device,306176,0,blackhole,{'chunks': '1'; 'compute_kernel_config': 'ComputeKernelConfig(math_fidelity=HiFi4;math_approx_mode=0;fp32_dest_acc_en=1;packer_l1_acc=1;dst_full_sync_en=0;throttle_level=ThrottleLevel::NO_THROTTLE)'; 'config': 'MinimalMatmulConfig(M_block_size=8;K_block_size=8;N_block_size=1;subblock_h=4;subblock_w=1;compute_with_storage_grid_size=(x=11;y=10))'; 'dim': '-1'; 'fused_activation': 'std::nullopt'; 'fused_ternary_scalar': 'std::nullopt'; 'output_dtype': 'std::nullopt'; 'output_mem_config': 'std::nullopt'},HiFi4,110,110,,99728262934,99728316617,53683,7632452934696,7632453368836,203,203,321585,320924,320924,,,,1515,315889,320924,320722,320654,320809,,,,,,1[1],1[1],82944[82944],512[512],TILE,BFLOAT16,DEV_1_DRAM_INTERLEAVED,1[1],1[1],512[512],128[128],TILE,BFLOAT16,DEV_1_DRAM_INTERLEAVED,,,,,,,,,,,,,,,,,,,,,,,,,,,,,,,,,,,,,,,,,,,,,,,,,,,,,,,,,1[1],1[1],82944[82944],128[128],TILE,BFLOAT16,DEV_1_DRAM_INTERLEAVED,,,,,,,,,,,,,,,,,['ttnn/cpp/ttnn/operations/experimental/minimal_matmul/device/kernels/compute.cpp'],['compute/5998075262850610013/'],['ttnn/cpp/ttnn/operations/experimental/minimal_matmul/device/kernels/dm_in1_sender_out.cpp'; 'ttnn/cpp/ttnn/operations/experimental/minimal_matmul/device/kernels/dm_in0_sender.cpp'],['dm_in1_sender_out/5166567105002395201/'; 'dm_in0_sender/4851848071878234359/'],15276240844605585458,True,2072,2228,2592,2528,2836,0,0,0,0,1,1,1,[],[],0.0,,,,,
TransposeDeviceOperation,tt_dnn_device,307200,0,blackhole,{'dim': 'TransposeOpDim::WH'; 'output_mem_config': 'MemoryConfig(memory_layout=TensorMemoryLayout::INTERLEAVED;buffer_type=BufferType::DRAM;shard_spec=std::nullopt;nd_shard_spec=std::nullopt;created_with_nd_shard_spec=0)'; 'pad_value': '0'},HiFi4,110,110,,99728422811,99728465483,42672,7632453346241,7632453371325,166,166,18581,1686,1686,,,,1550,1605,1543,1660,1440,1684,,,,,,1[1],1[1],128[128],128[128],TILE,BFLOAT16,DEV_1_DRAM_INTERLEAVED,,,,,,,,,,,,,,,,,,,,,,,,,,,,,,,,,,,,,,,,,,,,,,,,,,,,,,,,,,,,,,,,1[1],1[1],128[128],128[128],TILE,BFLOAT16,DEV_1_DRAM_INTERLEAVED,,,,,,,,,,,,,,,,,['ttnn/cpp/ttnn/operations/data_movement/transpose/device/kernels/compute/transpose_wh.cpp'],['transpose_wh/14581025993053660267/'],['ttnn/cpp/ttnn/operations/eltwise/unary/device/kernels/dataflow/writer_unary_interleaved_start_id.cpp'; 'ttnn/cpp/ttnn/operations/data_movement/transpose/device/kernels/dataflow/reader_unary_transpose_wh_interleaved_start_id.cpp'],['writer_unary_interleaved_start_id/6276820466797607771/'; 'reader_unary_transpose_wh_interleaved_start_id/890651917070584162/'],16461604711964428211,True,1000,1012,1140,648,1296,0,0,0,0,629,629,59,[52.09539031982422],[52.09539031982422],37.307,,,,,
MinimalMatmulDeviceOperation,tt_dnn_device,308224,0,blackhole,{'chunks': '1'; 'compute_kernel_config': 'ComputeKernelConfig(math_fidelity=HiFi4;math_approx_mode=0;fp32_dest_acc_en=1;packer_l1_acc=1;dst_full_sync_en=0;throttle_level=ThrottleLevel::NO_THROTTLE)'; 'config': 'MinimalMatmulConfig(M_block_size=8;K_block_size=4;N_block_size=1;subblock_h=4;subblock_w=1;compute_with_storage_grid_size=(x=11;y=10))'; 'dim': '-1'; 'fused_activation': 'std::nullopt'; 'fused_ternary_scalar': 'std::nullopt'; 'output_dtype': 'std::nullopt'; 'output_mem_config': 'std::nullopt'},HiFi4,110,110,,99728497624,99728539475,41851,7632453370813,7632453524659,130,137,113960,113441,113433,,,,1573,110219,113433,113224,113168,113293,,,,,,1[1],1[1],82944[82944],128[128],TILE,BFLOAT16,DEV_1_DRAM_INTERLEAVED,1[1],1[1],128[128],128[128],TILE,BFLOAT16,DEV_1_DRAM_INTERLEAVED,,,,,,,,,,,,,,,,,,,,,,,,,,,,,,,,,,,,,,,,,,,,,,,,,,,,,,,,,1[1],1[1],82944[82944],128[128],TILE,BFLOAT16,DEV_1_DRAM_INTERLEAVED,,,,,,,,,,,,,,,,,['ttnn/cpp/ttnn/operations/experimental/minimal_matmul/device/kernels/compute.cpp'],['compute/10962846500153687572/'],['ttnn/cpp/ttnn/operations/experimental/minimal_matmul/device/kernels/dm_in1_sender_out.cpp'; 'ttnn/cpp/ttnn/operations/experimental/minimal_matmul/device/kernels/dm_in0_sender.cpp'],['dm_in1_sender_out/14093766897615229597/'; 'dm_in0_sender/9234866853475417859/'],10196119227116094800,True,1764,2152,2524,2516,2624,0,0,0,0,1,1,1,[],[],0.001,,,,,
GenericOpDeviceOperation,tt_dnn_device,309248,0,blackhole,{'num_mesh_programs': '1'},HiFi4,110,110,,99728704010,99728739037,35027,7632453511404,7632453718680,168,170,153538,143573,143571,,,,1579,143562,140983,141760,143209,142630,,,,,,1[1],288[288],288[288],128[128],TILE,BFLOAT16,DEV_1_DRAM_INTERLEAVED,1[1],288[288],288[288],128[128],TILE,BFLOAT16,DEV_1_DRAM_INTERLEAVED,1[1],288[288],288[288],128[128],TILE,BFLOAT16,DEV_1_DRAM_INTERLEAVED,1[1],288[288],288[288],128[128],TILE,BFLOAT16,DEV_1_DRAM_INTERLEAVED,,,,,,,,,,,,,,,,,,,,,,,,,,,,,,,,,,,,,,,,,,,1[1],288[288],288[288],128[128],TILE,BFLOAT16,DEV_1_DRAM_INTERLEAVED,,,,,,,,,,,,,,,,,['/home/ttuser/.coworker/wt/bcp-evo/tt_bio/kernels/rne_add/compute_rne_add.cpp'],['compute_rne_add/15506775982570106819/'],['/home/ttuser/.coworker/wt/bcp-evo/tt_bio/kernels/rne_add/writer_rne_add.cpp'; '/home/ttuser/.coworker/wt/bcp-evo/tt_bio/kernels/rne_add/reader_rne_add.cpp'],['writer_rne_add/11689109000663956392/'; 'reader_rne_add/5462348467134491698/'],16281275380064118936,True,768,1412,1604,1376,1432,0,0,0,0,1,1,1,[],[],0.001,,,,,
GenericOpDeviceOperation,tt_dnn_device,310272,0,blackhole,{'num_mesh_programs': '1'},HiFi4,110,110,,99728883394,99728916869,33475,7632453636330,7632453960342,152,152,240009,178856,178856,,,,1831,178856,163374,178231,178246,178361,,,,,,1[1],288[288],288[288],128[128],TILE,BFLOAT16,DEV_1_DRAM_INTERLEAVED,1[1],288[288],288[288],128[128],TILE,BFLOAT16,DEV_1_DRAM_INTERLEAVED,1[1],1[1],32[1],128[128],TILE,BFLOAT16,DEV_1_DRAM_INTERLEAVED,1[1],288[288],288[288],128[128],TILE,BFLOAT16,DEV_1_DRAM_INTERLEAVED,1[1],288[288],288[288],128[128],TILE,BFLOAT16,DEV_1_DRAM_INTERLEAVED,,,,,,,,,,,,,,,,,,,,,,,,,,,,,,,,,,,,1[1],288[288],288[288],128[128],TILE,BFLOAT16,DEV_1_DRAM_INTERLEAVED,,,,,,,,,,,,,,,,,['/home/ttuser/.coworker/wt/bcp-evo/tt_bio/kernels/lnbw/compute_lnbw.cpp'],['compute_lnbw/7523916731524505336/'],['/home/ttuser/.coworker/wt/bcp-evo/tt_bio/kernels/lnbw/writer_lnbw.cpp'; '/home/ttuser/.coworker/wt/bcp-evo/tt_bio/kernels/lnbw/reader_lnbw.cpp'],['writer_lnbw/8051665203697858371/'; 'reader_lnbw/8486842166353870432/'],895543367223761992,True,764,2236,7708,7544,10412,0,0,0,0,1,1,1,[],[],0.001,,,,,
GenericOpDeviceOperation,tt_dnn_device,311296,0,blackhole,{'num_mesh_programs': '1'},HiFi4,110,110,,99729011971,99729036388,24417,7632453925665,7632454155095,190,190,169948,144074,144074,,,,1544,144074,141510,142261,143716,143136,,,,,,1[1],288[288],288[288],128[128],TILE,BFLOAT16,DEV_1_DRAM_INTERLEAVED,1[1],288[288],288[288],128[128],TILE,BFLOAT16,DEV_1_DRAM_INTERLEAVED,1[1],288[288],288[288],128[128],TILE,BFLOAT16,DEV_1_DRAM_INTERLEAVED,1[1],288[288],288[288],128[128],TILE,BFLOAT16,DEV_1_DRAM_INTERLEAVED,,,,,,,,,,,,,,,,,,,,,,,,,,,,,,,,,,,,,,,,,,,1[1],288[288],288[288],128[128],TILE,BFLOAT16,DEV_1_DRAM_INTERLEAVED,,,,,,,,,,,,,,,,,['/home/ttuser/.coworker/wt/bcp-evo/tt_bio/kernels/rne_add/compute_rne_add.cpp'],['compute_rne_add/15506775982570106819/'],['/home/ttuser/.coworker/wt/bcp-evo/tt_bio/kernels/rne_add/writer_rne_add.cpp'; '/home/ttuser/.coworker/wt/bcp-evo/tt_bio/kernels/rne_add/reader_rne_add.cpp'],['writer_rne_add/11689109000663956392/'; 'reader_rne_add/5462348467134491698/'],16281275380064118936,True,768,1412,1604,1376,1432,0,0,0,0,1,1,1,[],[],0.001,,,,,
GenericOpDeviceOperation,tt_dnn_device,312320,0,blackhole,{'num_mesh_programs': '1'},HiFi4,110,110,,99729185614,99729217736,32122,7632454084888,7632454537084,76,76,334960,282879,282879,,,,1671,282879,257625,276814,282209,282373,,,,,,1[1],288[288],288[288],128[128],TILE,BFLOAT16,DEV_1_DRAM_INTERLEAVED,1[1],288[288],288[288],128[128],TILE,BFLOAT16,DEV_1_DRAM_INTERLEAVED,1[1],288[288],288[288],128[128],TILE,BFLOAT16,DEV_1_DRAM_INTERLEAVED,1[1],288[288],288[288],128[128],TILE,BFLOAT16,DEV_1_DRAM_INTERLEAVED,1[1],288[288],288[288],128[128],TILE,BFLOAT16,DEV_1_DRAM_INTERLEAVED,1[1],288[288],288[288],128[128],TILE,BFLOAT16,DEV_1_DRAM_INTERLEAVED,,,,,,,,,,,,,,,,,,,,,,,,,,,,,1[1],288[288],288[288],128[128],TILE,BFLOAT16,DEV_1_DRAM_INTERLEAVED,,,,,,,,,,,,,,,,,['/home/ttuser/.coworker/wt/bcp-evo/tt_bio/kernels/gate_bw/compute_gate_bw.cpp'],['compute_gate_bw/7752279662899972872/'],['/home/ttuser/.coworker/wt/bcp-evo/tt_bio/kernels/gate_bw/writer_gate_bw.cpp'; '/home/ttuser/.coworker/wt/bcp-evo/tt_bio/kernels/gate_bw/reader_gate_bw.cpp'],['writer_gate_bw/8111932171875705432/'; 'reader_gate_bw/7533951476172066466/'],14448888073515459580,True,984,1804,1800,5476,1892,0,0,0,0,1,1,1,[],[],0.0,,,,,
TransposeDeviceOperation,tt_dnn_device,313344,0,blackhole,{'dim': 'TransposeOpDim::WH'; 'output_mem_config': 'MemoryConfig(memory_layout=TensorMemoryLayout::INTERLEAVED;buffer_type=BufferType::DRAM;shard_spec=std::nullopt;nd_shard_spec=std::nullopt;created_with_nd_shard_spec=0)'; 'pad_value': '0'},HiFi4,110,110,,99729299302,99729346593,47291,7632454519495,7632454540549,60,64,15596,2501,2498,,,,1649,2498,2087,2133,1537,1829,,,,,,1[1],1[1],128[128],128[128],TILE,BFLOAT16,DEV_1_DRAM_INTERLEAVED,,,,,,,,,,,,,,,,,,,,,,,,,,,,,,,,,,,,,,,,,,,,,,,,,,,,,,,,,,,,,,,,1[1],1[1],128[128],128[128],TILE,BFLOAT16,DEV_1_DRAM_INTERLEAVED,,,,,,,,,,,,,,,,,['ttnn/cpp/ttnn/operations/data_movement/transpose/device/kernels/compute/transpose_wh.cpp'],['transpose_wh/14581025993053660267/'],['ttnn/cpp/ttnn/operations/eltwise/unary/device/kernels/dataflow/writer_unary_interleaved_start_id.cpp'; 'ttnn/cpp/ttnn/operations/data_movement/transpose/device/kernels/dataflow/reader_unary_transpose_wh_interleaved_start_id.cpp'],['writer_unary_interleaved_start_id/6276820466797607771/'; 'reader_unary_transpose_wh_interleaved_start_id/890651917070584162/'],16461604711964428211,True,1000,1012,1140,648,1296,0,0,0,0,629,629,59,[52.09539031982422],[52.09539031982422],25.15,,,,,
MinimalMatmulDeviceOperation,tt_dnn_device,314368,0,blackhole,{'chunks': '1'; 'compute_kernel_config': 'ComputeKernelConfig(math_fidelity=HiFi4;math_approx_mode=0;fp32_dest_acc_en=1;packer_l1_acc=1;dst_full_sync_en=0;throttle_level=ThrottleLevel::NO_THROTTLE)'; 'config': 'MinimalMatmulConfig(M_block_size=8;K_block_size=4;N_block_size=1;subblock_h=4;subblock_w=1;compute_with_storage_grid_size=(x=11;y=10))'; 'dim': '-1'; 'fused_activation': 'std::nullopt'; 'fused_ternary_scalar': 'std::nullopt'; 'output_dtype': 'std::nullopt'; 'output_mem_config': 'std::nullopt'},HiFi4,110,110,,99729374697,99729412870,38173,7632454539003,7632454696671,65,65,116791,115568,115568,,,,1604,112254,115564,115359,115287,115441,,,,,,1[1],1[1],82944[82944],128[128],TILE,BFLOAT16,DEV_1_DRAM_INTERLEAVED,1[1],1[1],128[128],128[128],TILE,BFLOAT16,DEV_1_DRAM_INTERLEAVED,,,,,,,,,,,,,,,,,,,,,,,,,,,,,,,,,,,,,,,,,,,,,,,,,,,,,,,,,1[1],1[1],82944[82944],128[128],TILE,BFLOAT16,DEV_1_DRAM_INTERLEAVED,,,,,,,,,,,,,,,,,['ttnn/cpp/ttnn/operations/experimental/minimal_matmul/device/kernels/compute.cpp'],['compute/10962846500153687572/'],['ttnn/cpp/ttnn/operations/experimental/minimal_matmul/device/kernels/dm_in1_sender_out.cpp'; 'ttnn/cpp/ttnn/operations/experimental/minimal_matmul/device/kernels/dm_in0_sender.cpp'],['dm_in1_sender_out/14093766897615229597/'; 'dm_in0_sender/9234866853475417859/'],10196119227116094800,True,1764,2152,2524,2516,2624,0,0,0,0,1,1,1,[],[],0.001,,,,,
GenericOpDeviceOperation,tt_dnn_device,315392,0,blackhole,{'num_mesh_programs': '1'},HiFi4,110,110,,99729546527,99729576234,29707,7632454678534,7632454935272,163,164,190176,176599,176599,,,,1844,176599,161239,175987,176001,176109,,,,,,1[1],288[288],288[288],128[128],TILE,BFLOAT16,DEV_1_DRAM_INTERLEAVED,1[1],288[288],288[288],128[128],TILE,BFLOAT16,DEV_1_DRAM_INTERLEAVED,1[1],1[1],32[1],128[128],TILE,BFLOAT16,DEV_1_DRAM_INTERLEAVED,1[1],288[288],288[288],128[128],TILE,BFLOAT16,DEV_1_DRAM_INTERLEAVED,1[1],288[288],288[288],128[128],TILE,BFLOAT16,DEV_1_DRAM_INTERLEAVED,,,,,,,,,,,,,,,,,,,,,,,,,,,,,,,,,,,,1[1],288[288],288[288],128[128],TILE,BFLOAT16,DEV_1_DRAM_INTERLEAVED,,,,,,,,,,,,,,,,,['/home/ttuser/.coworker/wt/bcp-evo/tt_bio/kernels/lnbw/compute_lnbw.cpp'],['compute_lnbw/7523916731524505336/'],['/home/ttuser/.coworker/wt/bcp-evo/tt_bio/kernels/lnbw/writer_lnbw.cpp'; '/home/ttuser/.coworker/wt/bcp-evo/tt_bio/kernels/lnbw/reader_lnbw.cpp'],['writer_lnbw/8051665203697858371/'; 'reader_lnbw/8486842166353870432/'],895543367223761992,True,764,2236,7708,7544,10412,0,0,0,0,1,1,1,[],[],0.001,,,,,
GenericOpDeviceOperation,tt_dnn_device,316416,0,blackhole,{'num_mesh_programs': '1'},HiFi2,81,110,,99729730139,99729756319,26180,7632454903815,7632455256030,58,58,260900,237516,237516,,,,1694,237516,191912,191983,191653,191722,,,,,,1[1],288[288],288[288],128[128],TILE,BFLOAT16,DEV_1_DRAM_INTERLEAVED,1[1],128[128],288[288],288[288],TILE,BFLOAT16,DEV_1_DRAM_INTERLEAVED,1[1],128[128],288[288],288[288],TILE,BFLOAT16,DEV_1_DRAM_INTERLEAVED,,,,,,,,,,,,,,,,,,,,,,,,,,,,,,,,,,,,,,,,,,,,,,,,,,1[1],128[128],288[288],288[288],TILE,BFLOAT16,DEV_1_DRAM_INTERLEAVED,,,,,,,,,,,,,,,,,['/home/ttuser/.coworker/wt/bcp-evo/tt_bio/kernels/reblock_permute/compute_reblock_permute.cpp'],['compute_reblock_permute/4463651639282670576/'],['/home/ttuser/.coworker/wt/bcp-evo/tt_bio/kernels/reblock_permute/writer_reblock_permute.cpp'; '/home/ttuser/.coworker/wt/bcp-evo/tt_bio/kernels/reblock_permute/reader_reblock_permute.cpp'],['writer_reblock_permute/18341476097452678202/'; 'reader_reblock_permute/8145120466937455894/'],13663216445211379391,True,1728,1608,1604,900,1744,0,0,0,0,1,1,1,[],[],0.0,,,,,
MatmulDeviceOperation,tt_dnn_device,317440,0,blackhole,{'bcast_batch': 'false'; 'compute_kernel_config': 'ComputeKernelConfig(math_fidelity=HiFi4;math_approx_mode=0;fp32_dest_acc_en=1;packer_l1_acc=1;dst_full_sync_en=0;throttle_level=ThrottleLevel::NO_THROTTLE)'; 'global_cb': 'std::nullopt'; 'output_dtype': 'DataType::BFLOAT16'; 'output_mem_config': 'MemoryConfig(memory_layout=TensorMemoryLayout::INTERLEAVED;buffer_type=BufferType::DRAM;shard_spec=std::nullopt;nd_shard_spec=std::nullopt;created_with_nd_shard_spec=0)'; 'output_tile': 'Tile(tile_shape={32; 32};face_shape={16; 16};num_faces=4)'; 'program_config': 'MatmulMultiCoreReuseProgramConfig(compute_with_storage_grid_size=(x=8;y=8);in0_block_w=1;out_subblock_h=1;out_subblock_w=3;per_core_M=9;per_core_N=9)'; 'sub_device_id': 'std::nullopt'; 'transpose_a': 'false'; 'transpose_b': 'false'; 'untilize_out': 'false'; 'user_core_coord': '(x=8;y=8)'; 'user_fused_activation': 'std::nullopt'; 'user_run_batched': 'true'},HiFi4,64,110,,99729873755,99729941354,67599,7632455244468,7632455472507,335,335,168918,160039,160039,,,,1406,160039,145304,156134,156267,156344,,,,,,1[1],128[128],288[288],288[288],TILE,BFLOAT16,DEV_1_DRAM_INTERLEAVED,1[1],128[128],288[288],288[288],TILE,BFLOAT16,DEV_1_DRAM_INTERLEAVED,,,,,,,,,,,,,,,,,,,,,,,,,,,,,,,,,,,,,,,,,,,,,,,,,,,,,,,,,1[1],128[128],288[288],288[288],TILE,BFLOAT16,DEV_1_DRAM_INTERLEAVED,,,,,,,,,,,,,,,,,['ttnn/cpp/ttnn/operations/matmul/device/kernels/compute/bmm_large_block_zm_fused_bias_activation.cpp'],['bmm_large_block_zm_fused_bias_activation/14392671756721055929/'],['ttnn/cpp/ttnn/operations/matmul/device/kernels/dataflow/reader_writer_bmm_tile_layout_in1.cpp'; 'ttnn/cpp/ttnn/operations/matmul/device/kernels/dataflow/reader_bmm_tile_layout_in0.cpp'],['reader_writer_bmm_tile_layout_in1/13817810101887666520/'; 'reader_bmm_tile_layout_in0/14041989064640360959/'],7761915265023932966,True,1184,752,2500,2580,2648,0,0,0,0,41192,41192,38623,[515.4802856445312; 515.4802856445312],[515.4802856445312],25.739,,,,,
MatmulDeviceOperation,tt_dnn_device,318464,0,blackhole,{'bcast_batch': 'false'; 'compute_kernel_config': 'ComputeKernelConfig(math_fidelity=HiFi4;math_approx_mode=0;fp32_dest_acc_en=1;packer_l1_acc=1;dst_full_sync_en=0;throttle_level=ThrottleLevel::NO_THROTTLE)'; 'global_cb': 'std::nullopt'; 'output_dtype': 'DataType::BFLOAT16'; 'output_mem_config': 'MemoryConfig(memory_layout=TensorMemoryLayout::INTERLEAVED;buffer_type=BufferType::DRAM;shard_spec=std::nullopt;nd_shard_spec=std::nullopt;created_with_nd_shard_spec=0)'; 'output_tile': 'Tile(tile_shape={32; 32};face_shape={16; 16};num_faces=4)'; 'program_config': 'MatmulMultiCoreReuseProgramConfig(compute_with_storage_grid_size=(x=8;y=8);in0_block_w=1;out_subblock_h=1;out_subblock_w=3;per_core_M=9;per_core_N=9)'; 'sub_device_id': 'std::nullopt'; 'transpose_a': 'true'; 'transpose_b': 'false'; 'untilize_out': 'false'; 'user_core_coord': '(x=8;y=8)'; 'user_fused_activation': 'std::nullopt'; 'user_run_batched': 'true'},HiFi4,64,110,,99735061067,99735143145,82078,7632461949275,7632462172607,4798128,4798148,165431,164903,164870,,,,564,164802,144940,161479,161654,161648,,,,,,1[1],128[128],288[288],288[288],TILE,BFLOAT16,DEV_1_DRAM_INTERLEAVED,1[1],128[128],288[288],288[288],TILE,BFLOAT16,DEV_1_DRAM_INTERLEAVED,,,,,,,,,,,,,,,,,,,,,,,,,,,,,,,,,,,,,,,,,,,,,,,,,,,,,,,,,1[1],128[128],288[288],288[288],TILE,BFLOAT16,DEV_1_DRAM_INTERLEAVED,,,,,,,,,,,,,,,,,['ttnn/cpp/ttnn/operations/matmul/device/kernels/compute/bmm_large_block_zm_fused_bias_activation.cpp'],['bmm_large_block_zm_fused_bias_activation/12074921893903732282/'],['ttnn/cpp/ttnn/operations/matmul/device/kernels/dataflow/reader_writer_bmm_tile_layout_in1.cpp'; 'ttnn/cpp/ttnn/operations/matmul/device/kernels/dataflow/reader_bmm_tile_layout_in0.cpp'],['reader_writer_bmm_tile_layout_in1/7868585631417882478/'; 'reader_bmm_tile_layout_in0/18394671280083270989/'],8379068791659967838,False,1184,736,3376,3124,4064,0,0,0,0,41192,41192,38623,[515.4802856445312; 515.4802856445312],[515.4802856445312],24.98,,,,,
GenericOpDeviceOperation,tt_dnn_device,319488,0,blackhole,{'num_mesh_programs': '1'},HiFi4,110,110,,99735319283,99735355542,36259,7632462302146,7632462855882,96481,96610,410175,409659,409530,,,,604,409504,398136,399819,405338,405236,,,,,,1[1],128[128],288[288],288[288],TILE,BFLOAT16,DEV_1_DRAM_INTERLEAVED,1[1],288[288],288[288],512[512],TILE,BFLOAT16,DEV_1_DRAM_INTERLEAVED,1[1],288[288],288[288],512[512],TILE,BFLOAT16,DEV_1_DRAM_INTERLEAVED,1[1],288[288],288[288],512[512],TILE,BFLOAT16,DEV_1_DRAM_INTERLEAVED,,,,,,,,,,,,,,,,,,,,,,,,,,,,,,,,,,,,,,,,,,,1[1],288[288],288[288],512[512],TILE,BFLOAT16,DEV_1_DRAM_INTERLEAVED,,,,,,,,,,,,,,,,,['/home/ttuser/.coworker/wt/bcp-evo/tt_bio/kernels/reblock_permute_gated_bw/compute_reblock_permute_gated_bw.cpp'],['compute_reblock_permute_gated_bw/15463227523404628406/'],['/home/ttuser/.coworker/wt/bcp-evo/tt_bio/kernels/reblock_permute_gated_bw/writer_reblock_permute_gated_bw.cpp'; '/home/ttuser/.coworker/wt/bcp-evo/tt_bio/kernels/reblock_permute_back/reader_reblock_permute_back.cpp'],['writer_reblock_permute_gated_bw/12514840373719664582/'; 'reader_reblock_permute_back/5028479914719063664/'],16693092915661971138,True,2540,1532,1856,5604,1552,0,0,0,0,1,1,1,[],[],0.0,,,,,
GenericOpDeviceOperation,tt_dnn_device,320512,0,blackhole,{'num_mesh_programs': '1'},HiFi4,110,110,,99735447709,99735471014,23305,7632462666756,7632463412690,393,393,552544,412054,412054,,,,1407,412048,400882,402513,407876,407940,,,,,,1[1],128[128],288[288],288[288],TILE,BFLOAT16,DEV_1_DRAM_INTERLEAVED,1[1],288[288],288[288],512[512],TILE,BFLOAT16,DEV_1_DRAM_INTERLEAVED,1[1],288[288],288[288],512[512],TILE,BFLOAT16,DEV_1_DRAM_INTERLEAVED,1[1],288[288],288[288],512[512],TILE,BFLOAT16,DEV_1_DRAM_INTERLEAVED,,,,,,,,,,,,,,,,,,,,,,,,,,,,,,,,,,,,,,,,,,,1[1],288[288],288[288],512[512],TILE,BFLOAT16,DEV_1_DRAM_INTERLEAVED,,,,,,,,,,,,,,,,,['/home/ttuser/.coworker/wt/bcp-evo/tt_bio/kernels/reblock_permute_gated_bw/compute_reblock_permute_gated_bw.cpp'],['compute_reblock_permute_gated_bw/15463227523404628406/'],['/home/ttuser/.coworker/wt/bcp-evo/tt_bio/kernels/reblock_permute_gated_bw/writer_reblock_permute_gated_bw.cpp'; '/home/ttuser/.coworker/wt/bcp-evo/tt_bio/kernels/reblock_permute_back/reader_reblock_permute_back.cpp'],['writer_reblock_permute_gated_bw/12514840373719664582/'; 'reader_reblock_permute_back/5028479914719063664/'],16693092915661971138,True,2540,1532,1856,5604,1552,0,0,0,0,1,1,1,[],[],0.0,,,,,
TransposeDeviceOperation,tt_dnn_device,321536,0,blackhole,{'dim': 'TransposeOpDim::WH'; 'output_mem_config': 'MemoryConfig(memory_layout=TensorMemoryLayout::INTERLEAVED;buffer_type=BufferType::DRAM;shard_spec=std::nullopt;nd_shard_spec=std::nullopt;created_with_nd_shard_spec=0)'; 'pad_value': '0'},HiFi4,110,110,,99735594711,99735649957,55246,7632463220219,7632463415624,396,396,144744,1770,1770,,,,1313,1770,1276,1426,1178,1387,,,,,,1[1],1[1],128[128],512[512],TILE,BFLOAT16,DEV_1_DRAM_INTERLEAVED,,,,,,,,,,,,,,,,,,,,,,,,,,,,,,,,,,,,,,,,,,,,,,,,,,,,,,,,,,,,,,,,1[1],1[1],512[512],128[128],TILE,BFLOAT16,DEV_1_DRAM_INTERLEAVED,,,,,,,,,,,,,,,,,['ttnn/cpp/ttnn/operations/data_movement/transpose/device/kernels/compute/transpose_wh.cpp'],['transpose_wh/14581025993053660267/'],['ttnn/cpp/ttnn/operations/eltwise/unary/device/kernels/dataflow/writer_unary_interleaved_start_id.cpp'; 'ttnn/cpp/ttnn/operations/data_movement/transpose/device/kernels/dataflow/reader_unary_transpose_wh_interleaved_start_id.cpp'],['writer_unary_interleaved_start_id/6276820466797607771/'; 'reader_unary_transpose_wh_interleaved_start_id/890651917070584162/'],16461604711964421779,True,1000,1012,1140,648,1296,0,0,0,0,1236,1236,238,[106.0453109741211],[106.0453109741211],69.831,,,,,
MinimalMatmulDeviceOperation,tt_dnn_device,322560,0,blackhole,{'chunks': '1'; 'compute_kernel_config': 'ComputeKernelConfig(math_fidelity=HiFi4;math_approx_mode=0;fp32_dest_acc_en=1;packer_l1_acc=1;dst_full_sync_en=0;throttle_level=ThrottleLevel::NO_THROTTLE)'; 'config': 'MinimalMatmulConfig(M_block_size=8;K_block_size=8;N_block_size=1;subblock_h=4;subblock_w=1;compute_with_storage_grid_size=(x=11;y=10))'; 'dim': '-1'; 'fused_activation': 'std::nullopt'; 'fused_ternary_scalar': 'std::nullopt'; 'output_dtype': 'std::nullopt'; 'output_mem_config': 'std::nullopt'},HiFi4,110,110,,99735693972,99735741823,47851,7632463415018,7632463856198,161,161,326800,326174,326173,,,,1559,321013,326167,325984,325914,326065,,,,,,1[1],1[1],82944[82944],512[512],TILE,BFLOAT16,DEV_1_DRAM_INTERLEAVED,1[1],1[1],512[512],128[128],TILE,BFLOAT16,DEV_1_DRAM_INTERLEAVED,,,,,,,,,,,,,,,,,,,,,,,,,,,,,,,,,,,,,,,,,,,,,,,,,,,,,,,,,1[1],1[1],82944[82944],128[128],TILE,BFLOAT16,DEV_1_DRAM_INTERLEAVED,,,,,,,,,,,,,,,,,['ttnn/cpp/ttnn/operations/experimental/minimal_matmul/device/kernels/compute.cpp'],['compute/5998075262850610013/'],['ttnn/cpp/ttnn/operations/experimental/minimal_matmul/device/kernels/dm_in1_sender_out.cpp'; 'ttnn/cpp/ttnn/operations/experimental/minimal_matmul/device/kernels/dm_in0_sender.cpp'],['dm_in1_sender_out/5166567105002395201/'; 'dm_in0_sender/4851848071878234359/'],15276240844605585458,True,2072,2228,2592,2528,2836,0,0,0,0,1,1,1,[],[],0.0,,,,,
TransposeDeviceOperation,tt_dnn_device,323584,0,blackhole,{'dim': 'TransposeOpDim::WH'; 'output_mem_config': 'MemoryConfig(memory_layout=TensorMemoryLayout::INTERLEAVED;buffer_type=BufferType::DRAM;shard_spec=std::nullopt;nd_shard_spec=std::nullopt;created_with_nd_shard_spec=0)'; 'pad_value': '0'},HiFi4,110,110,,99735827348,99735863166,35818,7632463833885,7632463858656,176,176,18349,1657,1656,,,,1542,1597,1515,1655,1399,1641,,,,,,1[1],1[1],128[128],128[128],TILE,BFLOAT16,DEV_1_DRAM_INTERLEAVED,,,,,,,,,,,,,,,,,,,,,,,,,,,,,,,,,,,,,,,,,,,,,,,,,,,,,,,,,,,,,,,,1[1],1[1],128[128],128[128],TILE,BFLOAT16,DEV_1_DRAM_INTERLEAVED,,,,,,,,,,,,,,,,,['ttnn/cpp/ttnn/operations/data_movement/transpose/device/kernels/compute/transpose_wh.cpp'],['transpose_wh/14581025993053660267/'],['ttnn/cpp/ttnn/operations/eltwise/unary/device/kernels/dataflow/writer_unary_interleaved_start_id.cpp'; 'ttnn/cpp/ttnn/operations/data_movement/transpose/device/kernels/dataflow/reader_unary_transpose_wh_interleaved_start_id.cpp'],['writer_unary_interleaved_start_id/6276820466797607771/'; 'reader_unary_transpose_wh_interleaved_start_id/890651917070584162/'],16461604711964428211,True,1000,1012,1140,648,1296,0,0,0,0,629,629,59,[52.09539031982422],[52.09539031982422],37.96,,,,,
MinimalMatmulDeviceOperation,tt_dnn_device,324608,0,blackhole,{'chunks': '1'; 'compute_kernel_config': 'ComputeKernelConfig(math_fidelity=HiFi4;math_approx_mode=0;fp32_dest_acc_en=1;packer_l1_acc=1;dst_full_sync_en=0;throttle_level=ThrottleLevel::NO_THROTTLE)'; 'config': 'MinimalMatmulConfig(M_block_size=8;K_block_size=4;N_block_size=1;subblock_h=4;subblock_w=1;compute_with_storage_grid_size=(x=11;y=10))'; 'dim': '-1'; 'fused_activation': 'std::nullopt'; 'fused_ternary_scalar': 'std::nullopt'; 'output_dtype': 'std::nullopt'; 'output_mem_config': 'std::nullopt'},HiFi4,110,110,,99735884187,99735917110,32923,7632463858163,7632464014028,125,129,115456,114944,114941,,,,1572,111701,114941,114730,114675,114769,,,,,,1[1],1[1],82944[82944],128[128],TILE,BFLOAT16,DEV_1_DRAM_INTERLEAVED,1[1],1[1],128[128],128[128],TILE,BFLOAT16,DEV_1_DRAM_INTERLEAVED,,,,,,,,,,,,,,,,,,,,,,,,,,,,,,,,,,,,,,,,,,,,,,,,,,,,,,,,,1[1],1[1],82944[82944],128[128],TILE,BFLOAT16,DEV_1_DRAM_INTERLEAVED,,,,,,,,,,,,,,,,,['ttnn/cpp/ttnn/operations/experimental/minimal_matmul/device/kernels/compute.cpp'],['compute/10962846500153687572/'],['ttnn/cpp/ttnn/operations/experimental/minimal_matmul/device/kernels/dm_in1_sender_out.cpp'; 'ttnn/cpp/ttnn/operations/experimental/minimal_matmul/device/kernels/dm_in0_sender.cpp'],['dm_in1_sender_out/14093766897615229597/'; 'dm_in0_sender/9234866853475417859/'],10196119227116094800,True,1764,2152,2524,2516,2624,0,0,0,0,1,1,1,[],[],0.001,,,,,
GenericOpDeviceOperation,tt_dnn_device,325632,0,blackhole,{'num_mesh_programs': '1'},HiFi4,110,110,,99736022993,99736052770,29777,7632463995945,7632464206732,185,187,156139,142592,142590,,,,1553,142584,139987,140785,142236,141653,,,,,,1[1],288[288],288[288],128[128],TILE,BFLOAT16,DEV_1_DRAM_INTERLEAVED,1[1],288[288],288[288],128[128],TILE,BFLOAT16,DEV_1_DRAM_INTERLEAVED,1[1],288[288],288[288],128[128],TILE,BFLOAT16,DEV_1_DRAM_INTERLEAVED,1[1],288[288],288[288],128[128],TILE,BFLOAT16,DEV_1_DRAM_INTERLEAVED,,,,,,,,,,,,,,,,,,,,,,,,,,,,,,,,,,,,,,,,,,,1[1],288[288],288[288],128[128],TILE,BFLOAT16,DEV_1_DRAM_INTERLEAVED,,,,,,,,,,,,,,,,,['/home/ttuser/.coworker/wt/bcp-evo/tt_bio/kernels/rne_add/compute_rne_add.cpp'],['compute_rne_add/15506775982570106819/'],['/home/ttuser/.coworker/wt/bcp-evo/tt_bio/kernels/rne_add/writer_rne_add.cpp'; '/home/ttuser/.coworker/wt/bcp-evo/tt_bio/kernels/rne_add/reader_rne_add.cpp'],['writer_rne_add/11689109000663956392/'; 'reader_rne_add/5462348467134491698/'],16281275380064118936,True,768,1412,1604,1376,1432,0,0,0,0,1,1,1,[],[],0.001,,,,,
GenericOpDeviceOperation,tt_dnn_device,326656,0,blackhole,{'num_mesh_programs': '1'},HiFi4,110,110,,99736157010,99736185334,28324,7632464119633,7632464449730,189,189,244516,179811,179811,,,,1813,179811,164350,179196,179212,179325,,,,,,1[1],288[288],288[288],128[128],TILE,BFLOAT16,DEV_1_DRAM_INTERLEAVED,1[1],288[288],288[288],128[128],TILE,BFLOAT16,DEV_1_DRAM_INTERLEAVED,1[1],1[1],32[1],128[128],TILE,BFLOAT16,DEV_1_DRAM_INTERLEAVED,1[1],288[288],288[288],128[128],TILE,BFLOAT16,DEV_1_DRAM_INTERLEAVED,1[1],288[288],288[288],128[128],TILE,BFLOAT16,DEV_1_DRAM_INTERLEAVED,,,,,,,,,,,,,,,,,,,,,,,,,,,,,,,,,,,,1[1],288[288],288[288],128[128],TILE,BFLOAT16,DEV_1_DRAM_INTERLEAVED,,,,,,,,,,,,,,,,,['/home/ttuser/.coworker/wt/bcp-evo/tt_bio/kernels/lnbw/compute_lnbw.cpp'],['compute_lnbw/7523916731524505336/'],['/home/ttuser/.coworker/wt/bcp-evo/tt_bio/kernels/lnbw/writer_lnbw.cpp'; '/home/ttuser/.coworker/wt/bcp-evo/tt_bio/kernels/lnbw/reader_lnbw.cpp'],['writer_lnbw/8051665203697858371/'; 'reader_lnbw/8486842166353870432/'],895543367223761992,True,764,2236,7708,7544,10412,0,0,0,0,1,1,1,[],[],0.001,,,,,
GenericOpDeviceOperation,tt_dnn_device,327680,0,blackhole,{'num_mesh_programs': '1'},HiFi4,110,110,,99736281739,99736306567,24828,7632464413706,7632464645671,187,187,171826,144954,144954,,,,1524,144952,142461,143141,144604,144025,,,,,,1[1],288[288],288[288],128[128],TILE,BFLOAT16,DEV_1_DRAM_INTERLEAVED,1[1],288[288],288[288],128[128],TILE,BFLOAT16,DEV_1_DRAM_INTERLEAVED,1[1],288[288],288[288],128[128],TILE,BFLOAT16,DEV_1_DRAM_INTERLEAVED,1[1],288[288],288[288],128[128],TILE,BFLOAT16,DEV_1_DRAM_INTERLEAVED,,,,,,,,,,,,,,,,,,,,,,,,,,,,,,,,,,,,,,,,,,,1[1],288[288],288[288],128[128],TILE,BFLOAT16,DEV_1_DRAM_INTERLEAVED,,,,,,,,,,,,,,,,,['/home/ttuser/.coworker/wt/bcp-evo/tt_bio/kernels/rne_add/compute_rne_add.cpp'],['compute_rne_add/15506775982570106819/'],['/home/ttuser/.coworker/wt/bcp-evo/tt_bio/kernels/rne_add/writer_rne_add.cpp'; '/home/ttuser/.coworker/wt/bcp-evo/tt_bio/kernels/rne_add/reader_rne_add.cpp'],['writer_rne_add/11689109000663956392/'; 'reader_rne_add/5462348467134491698/'],16281275380064118936,True,768,1412,1604,1376,1432,0,0,0,0,1,1,1,[],[],0.001,,,,,
TransposeDeviceOperation,tt_dnn_device,328704,0,blackhole,{'dim': 'TransposeOpDim::WH'; 'output_mem_config': 'MemoryConfig(memory_layout=TensorMemoryLayout::INTERLEAVED;buffer_type=BufferType::DRAM;shard_spec=std::nullopt;nd_shard_spec=std::nullopt;created_with_nd_shard_spec=0)'; 'pad_value': '0'},HiFi4,110,110,,99736891379,99736948759,57380,7632464654819,7632464659151,7299,7299,3209,2676,2676,,,,559,2590,2271,2292,660,1532,,,,,,1[1],1[1],1024[1024],128[128],TILE,BFLOAT16,DEV_1_DRAM_INTERLEAVED,,,,,,,,,,,,,,,,,,,,,,,,,,,,,,,,,,,,,,,,,,,,,,,,,,,,,,,,,,,,,,,,1[1],1[1],128[128],1024[1024],TILE,BFLOAT16,DEV_1_DRAM_INTERLEAVED,,,,,,,,,,,,,,,,,['ttnn/cpp/ttnn/operations/data_movement/transpose/device/kernels/compute/transpose_wh.cpp'],['transpose_wh/14581025993053660267/'],['ttnn/cpp/ttnn/operations/eltwise/unary/device/kernels/dataflow/writer_unary_interleaved_start_id.cpp'; 'ttnn/cpp/ttnn/operations/data_movement/transpose/device/kernels/dataflow/reader_unary_transpose_wh_interleaved_start_id.cpp'],['writer_unary_interleaved_start_id/6276820466797607771/'; 'reader_unary_transpose_wh_interleaved_start_id/890651917070584162/'],16461604712203771195,False,1000,1012,1140,648,1296,0,0,0,0,2071,2071,476,[126.5784683227539],[126.5784683227539],77.392,,,,,
MinimalMatmulDeviceOperation,tt_dnn_device,329728,0,blackhole,{'chunks': '1'; 'compute_kernel_config': 'ComputeKernelConfig(math_fidelity=HiFi4;math_approx_mode=0;fp32_dest_acc_en=1;packer_l1_acc=1;dst_full_sync_en=0;throttle_level=ThrottleLevel::NO_THROTTLE)'; 'config': 'MinimalMatmulConfig(M_block_size=8;K_block_size=4;N_block_size=4;subblock_h=1;subblock_w=4;compute_with_storage_grid_size=(x=11;y=10))'; 'dim': '-1'; 'fused_activation': 'std::nullopt'; 'fused_ternary_scalar': 'std::nullopt'; 'output_dtype': 'std::nullopt'; 'output_mem_config': 'std::nullopt'},HiFi4,110,110,,100604537615,100604668005,130390,7633635653556,7633636663498,867405290,867404309,748105,746619,746610,,,,557,726929,746610,746403,746371,746496,,,,,,1[1],1[1],82944[82944],128[128],TILE,BFLOAT16,DEV_1_DRAM_INTERLEAVED,1[1],1[1],128[128],1024[1024],TILE,BFLOAT16,DEV_1_DRAM_INTERLEAVED,,,,,,,,,,,,,,,,,,,,,,,,,,,,,,,,,,,,,,,,,,,,,,,,,,,,,,,,,1[1],1[1],82944[82944],1024[1024],TILE,BFLOAT16,DEV_1_DRAM_INTERLEAVED,,,,,,,,,,,,,,,,,['ttnn/cpp/ttnn/operations/experimental/minimal_matmul/device/kernels/compute.cpp'],['compute/8276669237523153087/'],['ttnn/cpp/ttnn/operations/experimental/minimal_matmul/device/kernels/dm_in1_sender_out.cpp'; 'ttnn/cpp/ttnn/operations/experimental/minimal_matmul/device/kernels/dm_in0_sender.cpp'],['dm_in1_sender_out/13722871689125091342/'; 'dm_in0_sender/2456680948234619666/'],12456396872550624148,False,1764,2176,2460,2544,3096,0,0,0,0,1,1,1,[],[],0.0,,,,,
TransposeDeviceOperation,tt_dnn_device,330752,0,blackhole,{'dim': 'TransposeOpDim::WH'; 'output_mem_config': 'MemoryConfig(memory_layout=TensorMemoryLayout::INTERLEAVED;buffer_type=BufferType::DRAM;shard_spec=std::nullopt;nd_shard_spec=std::nullopt;created_with_nd_shard_spec=0)'; 'pad_value': '0'},HiFi4,110,110,,100605586287,100605705225,118938,7633637057556,7633638215656,292442,292442,857852,857325,857325,,,,561,857219,857018,857024,855799,856621,,,,,,1[1],288[288],288[288],1024[1024],TILE,BFLOAT16,DEV_1_DRAM_INTERLEAVED,,,,,,,,,,,,,,,,,,,,,,,,,,,,,,,,,,,,,,,,,,,,,,,,,,,,,,,,,,,,,,,,1[1],288[288],1024[1024],288[288],TILE,BFLOAT16,DEV_1_DRAM_INTERLEAVED,,,,,,,,,,,,,,,,,['ttnn/cpp/ttnn/operations/data_movement/transpose/device/kernels/compute/transpose_wh.cpp'],['transpose_wh/14581025993053660267/'],['ttnn/cpp/ttnn/operations/eltwise/unary/device/kernels/dataflow/writer_unary_interleaved_start_id.cpp'; 'ttnn/cpp/ttnn/operations/data_movement/transpose/device/kernels/dataflow/reader_unary_transpose_wh_interleaved_start_id.cpp'],['writer_unary_interleaved_start_id/6276820466797607771/'; 'reader_unary_transpose_wh_interleaved_start_id/890651917070584162/'],16461604712195776742,False,1000,1012,1140,648,1296,0,0,0,0,1024143,1024143,308990,[165.86483764648438],[165.86483764648438],119.458,,,,,
UntilizeDeviceOperation,tt_dnn_device,331776,0,blackhole,{'enough_space_height': 'true'; 'enough_space_width': 'true'; 'fp32_dest_acc_en': 'false'; 'output_mem_config': 'MemoryConfig(memory_layout=TensorMemoryLayout::INTERLEAVED;buffer_type=BufferType::DRAM;shard_spec=std::nullopt;nd_shard_spec=std::nullopt;created_with_nd_shard_spec=0)'; 'pf_type': '2'; 'sub_core_grids': 'std::nullopt'; 'use_multicore': 'true'},HiFi4,110,110,,100612438494,100612578012,139518,7633646277328,7633647518173,5973110,5973110,919144,917650,917650,,,,560,917649,915371,915488,913104,915931,,,,,,1[1],288[288],1024[1024],288[288],TILE,BFLOAT16,DEV_1_DRAM_INTERLEAVED,,,,,,,,,,,,,,,,,,,,,,,,,,,,,,,,,,,,,,,,,,,,,,,,,,,,,,,,,,,,,,,,1[1],288[288],1024[1024],288[288],ROW_MAJOR,BFLOAT16,DEV_1_DRAM_INTERLEAVED,,,,,,,,,,,,,,,,,['ttnn/cpp/ttnn/operations/data_movement/untilize/device/kernels/compute/untilize_variable_num_blocks.cpp'],['untilize_variable_num_blocks/8046174886120674883/'],['ttnn/cpp/ttnn/operations/data_movement/untilize/device/kernels/dataflow/writer_unary_stick_layout_split_rows_multi_core.cpp'; 'ttnn/cpp/ttnn/operations/data_movement/untilize/device/kernels/dataflow/reader_unary_start_id.cpp'],['writer_unary_stick_layout_split_rows_multi_core/13726517367008709323/'; 'reader_unary_start_id/17954513282066156707/'],16364214800764071391,False,1088,624,1176,880,2624,0,0,0,0,2548173,2548173,308990,[66.66317749023438],[66.66317749023438],277.685,,,,,
ReshapeViewDeviceOperation,tt_dnn_device,332800,0,blackhole,{'logical_output_shape': 'Shape([9216; 9216])'; 'output_mem_config': 'MemoryConfig(memory_layout=TensorMemoryLayout::INTERLEAVED;buffer_type=BufferType::DRAM;shard_spec=std::nullopt;nd_shard_spec=std::nullopt;created_with_nd_shard_spec=0)'; 'padded_output_shape': 'Shape([9216; 9216])'; 'recreate_mapping_tensor': 'false'; 'sub_core_grid': 'std::nullopt'},,110,110,,100617895254,100618046764,151510,7633653628771,7633655020820,4526891,4526891,1031147,1030616,1030616,,,,546,965921,1030616,,,,,,,,,1[1],1[1],294912[294912],288[288],ROW_MAJOR,BFLOAT16,DEV_1_DRAM_INTERLEAVED,,,,,,,,,,,,,,,,,,,,,,,,,,,,,,,,,,,,,,,,,,,,,,,,,,,,,,,,,,,,,,,,1[1],1[1],9216[9216],9216[9216],ROW_MAJOR,BFLOAT16,DEV_1_DRAM_INTERLEAVED,,,,,,,,,,,,,,,,,[],[],['ttnn/cpp/ttnn/operations/data_movement/reshape_view/device/device/rm_reshape_interleaved.cpp'],['rm_reshape_interleaved/10101160344467352393/'],6809976610032435387,False,2132,2128,0,0,0,0,0,0,0,1,1,1,[],[],0.0,,,,,
TilizeDeviceOperation,tt_dnn_device,333824,0,blackhole,{'enough_space_height': 'true'; 'enough_space_width': 'true'; 'output_dtype': 'DataType::BFLOAT16'; 'output_mem_config': 'MemoryConfig(memory_layout=TensorMemoryLayout::INTERLEAVED;buffer_type=BufferType::DRAM;shard_spec=std::nullopt;nd_shard_spec=std::nullopt;created_with_nd_shard_spec=0)'; 'sub_core_grids': 'std::nullopt'; 'use_low_perf': 'false'; 'use_multicore': 'true'},HiFi4,100,110,,100634624261,100634834465,210204,7633676209048,7633677575007,15696976,15696976,1011821,1009832,1009832,,,,565,1009832,1005579,1006511,1006790,1007010,,,,,,1[1],1[1],9216[9216],9216[9216],ROW_MAJOR,BFLOAT16,DEV_1_DRAM_INTERLEAVED,,,,,,,,,,,,,,,,,,,,,,,,,,,,,,,,,,,,,,,,,,,,,,,,,,,,,,,,,,,,,,,,1[1],1[1],9216[9216],9216[9216],TILE,BFLOAT16,DEV_1_DRAM_INTERLEAVED,,,,,,,,,,,,,,,,,['ttnn/cpp/ttnn/operations/data_movement/tilize/device/kernels/compute/tilize_wh.cpp'],['tilize_wh/12958507796178471826/'],['ttnn/cpp/ttnn/operations/eltwise/unary/device/kernels/dataflow/writer_unary_interleaved_start_id_wh.cpp'; 'ttnn/cpp/ttnn/operations/data_movement/tilize_with_val_padding/device/kernels/dataflow/reader_unary_pad_multicore_both_dims.cpp'],['writer_unary_interleaved_start_id_wh/14568387395061096584/'; 'reader_unary_pad_multicore_both_dims/16869729060810258356/'],942223220967048263,False,744,1568,1364,656,1728,0,0,0,0,1,1,1,[],[],0.0,,,,,
MatmulDeviceOperation,tt_dnn_device,334848,0,blackhole,{'bcast_batch': 'true'; 'compute_kernel_config': 'ComputeKernelConfig(math_fidelity=HiFi4;math_approx_mode=0;fp32_dest_acc_en=1;packer_l1_acc=1;dst_full_sync_en=0;throttle_level=ThrottleLevel::NO_THROTTLE)'; 'global_cb': 'std::nullopt'; 'output_dtype': 'DataType::BFLOAT16'; 'output_mem_config': 'MemoryConfig(memory_layout=TensorMemoryLayout::INTERLEAVED;buffer_type=BufferType::DRAM;shard_spec=std::nullopt;nd_shard_spec=std::nullopt;created_with_nd_shard_spec=0)'; 'output_tile': 'Tile(tile_shape={32; 32};face_shape={16; 16};num_faces=4)'; 'program_config': 'MatmulMultiCoreReuseMultiCast1DProgramConfig(compute_with_storage_grid_size=(x=11;y=10);in0_block_w=2;out_subblock_h=3;out_subblock_w=1;out_block_h=3;out_block_w=1;per_core_M=3;per_core_N=1;fuse_batch=0;fused_activation=std::nullopt;mcast_in0=0;gather_in0=0;hop_cores={};num_global_cb_receivers=0;untilize_out=0)'; 'sub_device_id': 'std::nullopt'; 'transpose_a': 'false'; 'transpose_b': 'false'; 'untilize_out': 'false'; 'user_core_coord': 'std::nullopt'; 'user_fused_activation': 'std::nullopt'; 'user_run_batched': 'false'},HiFi4,96,110,,100648339125,100648631987,292862,7633694711838,7633695759323,12695475,12695477,775915,774386,774383,,,,565,774382,773172,773540,773456,773844,,,,,,1[1],1[1],9216[9216],9216[9216],TILE,BFLOAT16,DEV_1_DRAM_INTERLEAVED,1[1],1[1],9216[9216],32[1],TILE,BFLOAT16,DEV_1_DRAM_INTERLEAVED,,,,,,,,,,,,,,,,,,,,,,,,,,,,,,,,,,,,,,,,,,,,,,,,,,,,,,,,,1[1],1[1],9216[9216],32[1],TILE,BFLOAT16,DEV_1_DRAM_INTERLEAVED,,,,,,,,,,,,,,,,,['ttnn/cpp/ttnn/operations/matmul/device/kernels/compute/bmm_large_block_zm_fused_bias_activation.cpp'],['bmm_large_block_zm_fused_bias_activation/11676955660384533667/'],['ttnn/cpp/ttnn/operations/matmul/device/kernels/dataflow/reader_bmm_tile_layout_in1_receiver_writer_padding.cpp'; 'ttnn/cpp/ttnn/operations/matmul/device/kernels/dataflow/reader_bmm_tile_layout_in1_sender_writer_padding.cpp'; 'ttnn/cpp/ttnn/operations/matmul/device/kernels/dataflow/reader_bmm_tile_layout_in0_sender_padding.cpp'],['reader_bmm_tile_layout_in1_receiver_writer_padding/4593044969022897259/'; 'reader_bmm_tile_layout_in1_sender_writer_padding/4674454234512329358/'; 'reader_bmm_tile_layout_in0_sender_padding/7224506516927653266/'],11798307930951322203,False,1916,824,2224,1868,2292,0,0,0,0,308990,1118,308990,[549.7566528320312; 1.9088772535324097],[1.9088772535324097],0.144,,,,,
MatmulDeviceOperation,tt_dnn_device,335872,0,blackhole,{'bcast_batch': 'true'; 'compute_kernel_config': 'ComputeKernelConfig(math_fidelity=HiFi4;math_approx_mode=0;fp32_dest_acc_en=1;packer_l1_acc=1;dst_full_sync_en=0;throttle_level=ThrottleLevel::NO_THROTTLE)'; 'global_cb': 'std::nullopt'; 'output_dtype': 'DataType::BFLOAT16'; 'output_mem_config': 'MemoryConfig(memory_layout=TensorMemoryLayout::INTERLEAVED;buffer_type=BufferType::DRAM;shard_spec=std::nullopt;nd_shard_spec=std::nullopt;created_with_nd_shard_spec=0)'; 'output_tile': 'Tile(tile_shape={32; 32};face_shape={16; 16};num_faces=4)'; 'program_config': 'MatmulMultiCoreReuseMultiCast1DProgramConfig(compute_with_storage_grid_size=(x=11;y=10);in0_block_w=2;out_subblock_h=3;out_subblock_w=1;out_block_h=3;out_block_w=1;per_core_M=3;per_core_N=1;fuse_batch=0;fused_activation=std::nullopt;mcast_in0=0;gather_in0=0;hop_cores={};num_global_cb_receivers=0;untilize_out=0)'; 'sub_device_id': 'std::nullopt'; 'transpose_a': 'true'; 'transpose_b': 'false'; 'untilize_out': 'false'; 'user_core_coord': 'std::nullopt'; 'user_fused_activation': 'std::nullopt'; 'user_run_batched': 'false'},HiFi4,96,110,,100664795690,100665060799,265109,7633716923695,7633717896510,15678859,15678856,720604,719073,719069,,,,624,719069,713390,714741,714656,715036,,,,,,1[1],1[1],9216[9216],9216[9216],TILE,BFLOAT16,DEV_1_DRAM_INTERLEAVED,1[1],1[1],9216[9216],32[1],TILE,BFLOAT16,DEV_1_DRAM_INTERLEAVED,,,,,,,,,,,,,,,,,,,,,,,,,,,,,,,,,,,,,,,,,,,,,,,,,,,,,,,,,1[1],1[1],9216[9216],32[1],TILE,BFLOAT16,DEV_1_DRAM_INTERLEAVED,,,,,,,,,,,,,,,,,['ttnn/cpp/ttnn/operations/matmul/device/kernels/compute/bmm_large_block_zm_fused_bias_activation.cpp'],['bmm_large_block_zm_fused_bias_activation/10371762773193374432/'],['ttnn/cpp/ttnn/operations/matmul/device/kernels/dataflow/reader_bmm_tile_layout_in1_receiver_writer_padding.cpp'; 'ttnn/cpp/ttnn/operations/matmul/device/kernels/dataflow/reader_bmm_tile_layout_in1_sender_writer_padding.cpp'; 'ttnn/cpp/ttnn/operations/matmul/device/kernels/dataflow/reader_bmm_tile_layout_in0_sender_padding.cpp'],['reader_bmm_tile_layout_in1_receiver_writer_padding/46216822836682369/'; 'reader_bmm_tile_layout_in1_sender_writer_padding/16869443857621687160/'; 'reader_bmm_tile_layout_in0_sender_padding/11630255965531955095/'],11798689719694060044,False,1916,800,2940,2344,3608,0,0,0,0,308990,1118,308990,[549.7566528320312; 1.9088772535324097],[1.9088772535324097],0.155,,,,,
BinaryNgDeviceOperation,tt_dnn_device,336896,0,blackhole,{'binary_op_type': 'BinaryOpType::MUL'; 'compute_kernel_config': 'std::nullopt'; 'dtype': 'DataType::BFLOAT16'; 'input_dtype': 'DataType::BFLOAT16'; 'is_quant_op': 'false'; 'is_sfpu': 'true'; 'is_where_op': 'false'; 'lhs_activations': '{}'; 'memory_config': 'MemoryConfig(memory_layout=TensorMemoryLayout::INTERLEAVED;buffer_type=BufferType::DRAM;shard_spec=std::nullopt;nd_shard_spec=std::nullopt;created_with_nd_shard_spec=0)'; 'post_activations': '{}'; 'rhs_activations': '{}'; 'scalar': '1'; 'sub_core_grids': 'std::nullopt'; 'subtile_broadcast_type': 'SubtileBroadcastType::NONE'; 'worker_grid': '{[(x=0;y=0) - (x=10;y=9)]}'},HiFi4,110,110,,100665685467,100665849111,163644,7633718133607,7633718140869,176157,176159,5379,4836,4833,,,,562,4830,2664,2733,3776,3969,,,,,,1[1],288[288],32[32],32[1],TILE,BFLOAT16,DEV_1_DRAM_INTERLEAVED,,,,,,,,,,,,,,,,,,,,,,,,,,,,,,,,,,,,,,,,,,,,,,,,,,,,,,,,,,,,,,,,1[1],288[288],32[32],32[1],TILE,BFLOAT16,DEV_1_DRAM_INTERLEAVED,,,,,,,,,,,,,,,,,['ttnn/cpp/ttnn/operations/eltwise/binary_ng/device/kernels/compute/eltwise_binary_sfpu_scalar.cpp'],['eltwise_binary_sfpu_scalar/6302317103236044736/'],['ttnn/cpp/ttnn/operations/eltwise/binary_ng/device/kernels/dataflow/reader_interleaved_no_bcast.cpp'; 'ttnn/cpp/ttnn/operations/eltwise/binary_ng/device/kernels/dataflow/writer_interleaved_scalar.cpp'],['reader_interleaved_no_bcast/15501400787415134526/'; 'writer_interleaved_scalar/13747915134593411132/'],15691238620557725211,True,1228,1256,1532,1264,1296,0,0,0,0,1,1,1,[],[],0.021,,,,,
PermuteDeviceOperation,tt_dnn_device,337920,0,blackhole,{'dims': '{0; 3; 1; 2}'; 'output_mem_config': 'MemoryConfig(memory_layout=TensorMemoryLayout::INTERLEAVED;buffer_type=BufferType::DRAM;shard_spec=std::nullopt;nd_shard_spec=std::nullopt;created_with_nd_shard_spec=0)'; 'pad_value': '0'},HiFi4,110,110,,100678949206,100679201450,252244,7633736027111,7633736032389,13251348,13250331,3910,3376,3375,,,,567,3290,2927,2941,678,2449,,,,,,1[1],288[288],32[32],32[1],TILE,BFLOAT16,DEV_1_DRAM_INTERLEAVED,,,,,,,,,,,,,,,,,,,,,,,,,,,,,,,,,,,,,,,,,,,,,,,,,,,,,,,,,,,,,,,,1[1],1[1],288[288],32[32],TILE,BFLOAT16,DEV_1_DRAM_INTERLEAVED,,,,,,,,,,,,,,,,,['ttnn/cpp/ttnn/operations/data_movement/transpose/device/kernels/compute/transpose_wh.cpp'],['transpose_wh/14581025993053660267/'],['ttnn/cpp/ttnn/operations/data_movement/permute/device/kernels/dataflow/writer_permute_interleaved_tiled_row_invariant.cpp'; 'ttnn/cpp/ttnn/operations/data_movement/transpose/device/kernels/dataflow/reader_unary_transpose_hc_interleaved_tiled_padding_aware.cpp'],['writer_permute_interleaved_tiled_row_invariant/10035339569382962743/'; 'reader_unary_transpose_hc_interleaved_tiled_padding_aware/11653448181110011090/'],6020671882690411745,False,1332,924,1140,648,1296,0,0,0,0,5708,5708,1072,[103.3328628540039],[3.229151964187622],169.076,,,,,
MatmulDeviceOperation,tt_dnn_device,338944,0,blackhole,{'bcast_batch': 'true'; 'compute_kernel_config': 'ComputeKernelConfig(math_fidelity=HiFi4;math_approx_mode=0;fp32_dest_acc_en=1;packer_l1_acc=1;dst_full_sync_en=0;throttle_level=ThrottleLevel::NO_THROTTLE)'; 'global_cb': 'std::nullopt'; 'output_dtype': 'DataType::BFLOAT16'; 'output_mem_config': 'MemoryConfig(memory_layout=TensorMemoryLayout::INTERLEAVED;buffer_type=BufferType::DRAM;shard_spec=std::nullopt;nd_shard_spec=std::nullopt;created_with_nd_shard_spec=0)'; 'output_tile': 'Tile(tile_shape={32; 32};face_shape={16; 16};num_faces=4)'; 'program_config': 'MatmulMultiCoreReuseMultiCast1DProgramConfig(compute_with_storage_grid_size=(x=11;y=10);in0_block_w=1;out_subblock_h=1;out_subblock_w=4;out_block_h=1;out_block_w=8;per_core_M=1;per_core_N=8;fuse_batch=0;fused_activation=std::nullopt;mcast_in0=0;gather_in0=0;hop_cores={};num_global_cb_receivers=0;untilize_out=0)'; 'sub_device_id': 'std::nullopt'; 'transpose_a': 'false'; 'transpose_b': 'true'; 'untilize_out': 'false'; 'user_core_coord': 'std::nullopt'; 'user_fused_activation': 'std::nullopt'; 'user_run_batched': 'false'},HiFi4,9,110,,100687502938,100687678174,175236,7633747582164,7633747588905,8556509,8555331,4993,4424,4290,,,,560,4218,890,1593,672,2033,,,,,,1[1],1[1],288[288],32[32],TILE,BFLOAT16,DEV_1_DRAM_INTERLEAVED,1[1],1[1],256[256],32[32],TILE,BFLOAT16,DEV_1_DRAM_INTERLEAVED,,,,,,,,,,,,,,,,,,,,,,,,,,,,,,,,,,,,,,,,,,,,,,,,,,,,,,,,,1[1],1[1],288[288],256[256],TILE,BFLOAT16,DEV_1_DRAM_INTERLEAVED,,,,,,,,,,,,,,,,,['ttnn/cpp/ttnn/operations/matmul/device/kernels/compute/bmm_large_block_zm_fused_bias_activation.cpp'],['bmm_large_block_zm_fused_bias_activation/14489720710837825477/'],['ttnn/cpp/ttnn/operations/matmul/device/kernels/dataflow/reader_bmm_tile_layout_in1_receiver_writer_padding.cpp'; 'ttnn/cpp/ttnn/operations/matmul/device/kernels/dataflow/reader_bmm_tile_layout_in1_sender_writer_padding.cpp'; 'ttnn/cpp/ttnn/operations/matmul/device/kernels/dataflow/reader_bmm_tile_layout_in0_sender_padding.cpp'],['reader_bmm_tile_layout_in1_receiver_writer_padding/8699361306040904659/'; 'reader_bmm_tile_layout_in1_sender_writer_padding/16290715274855184317/'; 'reader_bmm_tile_layout_in0_sender_padding/13219938150511008239/'],3969529032051505131,False,1888,656,1336,1460,1804,0,0,0,0,268,32,268,[68.776123046875; 61.13432693481445],[550.208984375],0.723,,,,,
UntilizeWithUnpaddingDeviceOperation,tt_dnn_device,339968,0,blackhole,{'enough_space_height': 'true'; 'enough_space_width': 'true'; 'fp32_dest_acc_en': 'false'; 'output_mem_config': 'MemoryConfig(memory_layout=TensorMemoryLayout::INTERLEAVED;buffer_type=BufferType::DRAM;shard_spec=std::nullopt;nd_shard_spec=std::nullopt;created_with_nd_shard_spec=0)'; 'output_tensor_end': 'Shape([9215; 0])'; 'sub_core_grids': 'std::nullopt'; 'use_multicore': 'true'},HiFi4,96,110,,100688624259,100688733719,109460,7633749103150,7633749142183,1122708,1122708,28913,27910,27910,,,,575,27910,2624,2671,689,19407,,,,,,1[1],1[1],9216[9216],32[1],TILE,BFLOAT16,DEV_1_DRAM_INTERLEAVED,,,,,,,,,,,,,,,,,,,,,,,,,,,,,,,,,,,,,,,,,,,,,,,,,,,,,,,,,,,,,,,,1[1],1[1],9216[9216],1[1],ROW_MAJOR,BFLOAT16,DEV_1_DRAM_INTERLEAVED,,,,,,,,,,,,,,,,,['ttnn/cpp/ttnn/operations/data_movement/untilize/device/kernels/compute/untilize.cpp'],['untilize/14598893515600315013/'],['ttnn/cpp/ttnn/operations/data_movement/untilize_with_unpadding/device/kernels/dataflow/writer_unary_stick_layout_split_rows_multicore.cpp'; 'ttnn/cpp/ttnn/operations/eltwise/unary/device/kernels/dataflow/reader_unary_interleaved_start_id.cpp'],['writer_unary_stick_layout_split_rows_multicore/16062909771743976108/'; 'reader_unary_interleaved_start_id/17828978230959924579/'],2323525405351511273,False,1340,928,1076,760,2268,0,0,0,0,3591,3591,1072,[164.25062561035156],[5.132832050323486],12.866,,,,,
TilizeWithValPaddingDeviceOperation,tt_dnn_device,340992,0,blackhole,{'enough_space_height': 'true'; 'enough_space_width': 'true'; 'output_dtype': 'DataType::BFLOAT16'; 'output_mem_config': 'MemoryConfig(memory_layout=TensorMemoryLayout::INTERLEAVED;buffer_type=BufferType::DRAM;shard_spec=std::nullopt;nd_shard_spec=std::nullopt;created_with_nd_shard_spec=0)'; 'output_padded_shape': 'Shape([32; 288; 32])'; 'pad_value': '0'; 'sub_core_grids': 'std::nullopt'; 'use_multicore': 'true'},HiFi4,96,110,,100689465604,100689544154,78550,7633750239860,7633750267737,814066,814088,20650,19662,19661,,,,570,19661,19353,19298,673,19336,,,,,,1[1],32[32],288[288],1[1],ROW_MAJOR,BFLOAT16,DEV_1_DRAM_INTERLEAVED,,,,,,,,,,,,,,,,,,,,,,,,,,,,,,,,,,,,,,,,,,,,,,,,,,,,,,,,,,,,,,,,1[1],32[32],288[288],32[1],TILE,BFLOAT16,DEV_1_DRAM_INTERLEAVED,,,,,,,,,,,,,,,,,['ttnn/cpp/ttnn/kernel/compute/tilize.cpp'],['tilize/7536982316202289583/'],['ttnn/cpp/ttnn/operations/eltwise/unary/device/kernels/dataflow/writer_unary_interleaved_start_id.cpp'; 'ttnn/cpp/ttnn/operations/data_movement/tilize_with_val_padding/device/kernels/dataflow/reader_unary_pad_dims_split_rows_multicore.cpp'],['writer_unary_interleaved_start_id/6276820466797607771/'; 'reader_unary_pad_dims_split_rows_multicore/14472615118499954527/'],5875773644302910042,False,1000,1836,1296,696,1672,0,0,0,0,1,1,1,[],[],0.005,,,,,
PermuteDeviceOperation,tt_dnn_device,342016,0,blackhole,{'dims': '{0; 3; 2; 1}'; 'output_mem_config': 'MemoryConfig(memory_layout=TensorMemoryLayout::INTERLEAVED;buffer_type=BufferType::DRAM;shard_spec=std::nullopt;nd_shard_spec=std::nullopt;created_with_nd_shard_spec=0)'; 'pad_value': '0'},HiFi4,110,110,,100693392909,100693486318,93409,7633755541470,7633755604409,3907034,3907013,46621,46099,46095,,,,567,46033,45213,45404,45347,45781,,,,,,1[1],32[32],288[288],32[1],TILE,BFLOAT16,DEV_1_DRAM_INTERLEAVED,,,,,,,,,,,,,,,,,,,,,,,,,,,,,,,,,,,,,,,,,,,,,,,,,,,,,,,,,,,,,,,,1[1],1[1],288[288],32[32],TILE,BFLOAT16,DEV_1_DRAM_INTERLEAVED,,,,,,,,,,,,,,,,,['ttnn/cpp/ttnn/operations/data_movement/permute/device/kernels/compute/transpose_xw_tiled.cpp'],['transpose_xw_tiled/3700826860125243985/'],['ttnn/cpp/ttnn/operations/data_movement/permute/device/kernels/dataflow/writer_permute_interleaved_tiled_generic.cpp'; 'ttnn/cpp/ttnn/operations/data_movement/permute/device/kernels/dataflow/reader_permute_interleaved_tiled_generic.cpp'],['writer_permute_interleaved_tiled_generic/7113338942912669473/'; 'reader_permute_interleaved_tiled_generic/1147746296162973548/'],6020671878533715554,False,1080,1032,1764,1080,2748,0,0,0,0,2244,2244,1072,[262.84490966796875],[8.213903427124023],4.868,,,,,
MatmulDeviceOperation,tt_dnn_device,343040,0,blackhole,{'bcast_batch': 'true'; 'compute_kernel_config': 'ComputeKernelConfig(math_fidelity=HiFi4;math_approx_mode=0;fp32_dest_acc_en=1;packer_l1_acc=1;dst_full_sync_en=0;throttle_level=ThrottleLevel::NO_THROTTLE)'; 'global_cb': 'std::nullopt'; 'output_dtype': 'DataType::BFLOAT16'; 'output_mem_config': 'MemoryConfig(memory_layout=TensorMemoryLayout::INTERLEAVED;buffer_type=BufferType::DRAM;shard_spec=std::nullopt;nd_shard_spec=std::nullopt;created_with_nd_shard_spec=0)'; 'output_tile': 'Tile(tile_shape={32; 32};face_shape={16; 16};num_faces=4)'; 'program_config': 'MatmulMultiCoreReuseMultiCast1DProgramConfig(compute_with_storage_grid_size=(x=11;y=10);in0_block_w=1;out_subblock_h=1;out_subblock_w=4;out_block_h=1;out_block_w=8;per_core_M=1;per_core_N=8;fuse_batch=0;fused_activation=std::nullopt;mcast_in0=0;gather_in0=0;hop_cores={};num_global_cb_receivers=0;untilize_out=0)'; 'sub_device_id': 'std::nullopt'; 'transpose_a': 'false'; 'transpose_b': 'true'; 'untilize_out': 'false'; 'user_core_coord': 'std::nullopt'; 'user_fused_activation': 'std::nullopt'; 'user_run_batched': 'false'},HiFi4,9,110,,100693762959,100693876587,113628,7633756036922,7633756043720,320986,321051,5036,4456,4342,,,,552,4266,890,1600,676,2022,,,,,,1[1],1[1],288[288],32[32],TILE,BFLOAT16,DEV_1_DRAM_INTERLEAVED,1[1],1[1],256[256],32[32],TILE,BFLOAT16,DEV_1_DRAM_INTERLEAVED,,,,,,,,,,,,,,,,,,,,,,,,,,,,,,,,,,,,,,,,,,,,,,,,,,,,,,,,,1[1],1[1],288[288],256[256],TILE,BFLOAT16,DEV_1_DRAM_INTERLEAVED,,,,,,,,,,,,,,,,,['ttnn/cpp/ttnn/operations/matmul/device/kernels/compute/bmm_large_block_zm_fused_bias_activation.cpp'],['bmm_large_block_zm_fused_bias_activation/14489720710837825477/'],['ttnn/cpp/ttnn/operations/matmul/device/kernels/dataflow/reader_bmm_tile_layout_in1_receiver_writer_padding.cpp'; 'ttnn/cpp/ttnn/operations/matmul/device/kernels/dataflow/reader_bmm_tile_layout_in1_sender_writer_padding.cpp'; 'ttnn/cpp/ttnn/operations/matmul/device/kernels/dataflow/reader_bmm_tile_layout_in0_sender_padding.cpp'],['reader_bmm_tile_layout_in1_receiver_writer_padding/8699361306040904659/'; 'reader_bmm_tile_layout_in1_sender_writer_padding/16290715274855184317/'; 'reader_bmm_tile_layout_in0_sender_padding/13219938150511008239/'],3969529032051505131,True,1888,656,1336,1460,1804,0,0,0,0,268,32,268,[68.776123046875; 61.13432693481445],[550.208984375],0.718,,,,,
GenericOpDeviceOperation,tt_dnn_device,344064,0,blackhole,{'num_mesh_programs': '1'},HiFi4,72,110,,100694138219,100694203203,64984,7633756552420,7633756557488,377781,377781,3754,2797,2797,,,,593,2797,1770,1931,2428,816,,,,,,1[1],1[1],288[288],256[256],TILE,BFLOAT16,DEV_1_DRAM_INTERLEAVED,1[1],1[1],288[288],256[256],TILE,BFLOAT16,DEV_1_DRAM_INTERLEAVED,1[1],1[1],288[288],256[256],TILE,BFLOAT16,DEV_1_DRAM_INTERLEAVED,1[1],1[1],288[288],256[256],TILE,BFLOAT16,DEV_1_DRAM_INTERLEAVED,,,,,,,,,,,,,,,,,,,,,,,,,,,,,,,,,,,,,,,,,,,1[1],1[1],288[288],256[256],TILE,BFLOAT16,DEV_1_DRAM_INTERLEAVED,,,,,,,,,,,,,,,,,['/home/ttuser/.coworker/wt/bcp-evo/tt_bio/kernels/rne_add/compute_rne_add.cpp'],['compute_rne_add/15506775982570106819/'],['/home/ttuser/.coworker/wt/bcp-evo/tt_bio/kernels/rne_add/writer_rne_add.cpp'; '/home/ttuser/.coworker/wt/bcp-evo/tt_bio/kernels/rne_add/reader_rne_add.cpp'],['writer_rne_add/11689109000663956392/'; 'reader_rne_add/5462348467134491698/'],11998302437493887239,True,768,1412,1604,1376,1432,0,0,0,0,1,1,1,[],[],0.036,,,,,
GenericOpDeviceOperation,tt_dnn_device,345088,0,blackhole,{'num_mesh_programs': '1'},HiFi4,9,110,,100707257460,100707500917,243457,7633774235871,7633774261915,13095460,13095605,19292,18716,18622,,,,404,18535,7091,17545,17757,17580,,,,,,1[1],1[1],288[288],256[256],TILE,BFLOAT16,DEV_1_DRAM_INTERLEAVED,1[1],1[1],288[288],256[256],TILE,BFLOAT16,DEV_1_DRAM_INTERLEAVED,1[1],1[1],32[1],256[256],TILE,BFLOAT16,DEV_1_DRAM_INTERLEAVED,1[1],1[1],288[288],256[256],TILE,BFLOAT16,DEV_1_DRAM_INTERLEAVED,1[1],1[1],288[288],256[256],TILE,BFLOAT16,DEV_1_DRAM_INTERLEAVED,,,,,,,,,,,,,,,,,,,,,,,,,,,,,,,,,,,,1[1],1[1],288[288],256[256],TILE,BFLOAT16,DEV_1_DRAM_INTERLEAVED,,,,,,,,,,,,,,,,,['/home/ttuser/.coworker/wt/bcp-evo/tt_bio/kernels/lnbw/compute_lnbw.cpp'],['compute_lnbw/2414198757789453252/'],['/home/ttuser/.coworker/wt/bcp-evo/tt_bio/kernels/lnbw/writer_lnbw.cpp'; '/home/ttuser/.coworker/wt/bcp-evo/tt_bio/kernels/lnbw/reader_lnbw.cpp'],['writer_lnbw/2864312284307755311/'; 'reader_lnbw/179600140981458844/'],11226655930517690592,False,776,2204,7732,6568,7912,0,0,0,0,1,1,1,[],[],0.005,,,,,
GenericOpDeviceOperation,tt_dnn_device,346112,0,blackhole,{'num_mesh_programs': '1'},HiFi4,72,110,,100708230297,100708316312,86015,7633775569574,7633775574563,969497,969667,3696,2762,2761,,,,572,2756,1763,1938,2427,808,,,,,,1[1],1[1],288[288],256[256],TILE,BFLOAT16,DEV_1_DRAM_INTERLEAVED,1[1],1[1],288[288],256[256],TILE,BFLOAT16,DEV_1_DRAM_INTERLEAVED,1[1],1[1],288[288],256[256],TILE,BFLOAT16,DEV_1_DRAM_INTERLEAVED,1[1],1[1],288[288],256[256],TILE,BFLOAT16,DEV_1_DRAM_INTERLEAVED,,,,,,,,,,,,,,,,,,,,,,,,,,,,,,,,,,,,,,,,,,,1[1],1[1],288[288],256[256],TILE,BFLOAT16,DEV_1_DRAM_INTERLEAVED,,,,,,,,,,,,,,,,,['/home/ttuser/.coworker/wt/bcp-evo/tt_bio/kernels/rne_add/compute_rne_add.cpp'],['compute_rne_add/15506775982570106819/'],['/home/ttuser/.coworker/wt/bcp-evo/tt_bio/kernels/rne_add/writer_rne_add.cpp'; '/home/ttuser/.coworker/wt/bcp-evo/tt_bio/kernels/rne_add/reader_rne_add.cpp'],['writer_rne_add/11689109000663956392/'; 'reader_rne_add/5462348467134491698/'],11998302437493887239,True,768,1412,1604,1376,1432,0,0,0,0,1,1,1,[],[],0.036,,,,,
MatmulDeviceOperation,tt_dnn_device,347136,0,blackhole,{'bcast_batch': 'true'; 'compute_kernel_config': 'ComputeKernelConfig(math_fidelity=HiFi4;math_approx_mode=0;fp32_dest_acc_en=1;packer_l1_acc=1;dst_full_sync_en=0;throttle_level=ThrottleLevel::NO_THROTTLE)'; 'global_cb': 'std::nullopt'; 'output_dtype': 'DataType::BFLOAT16'; 'output_mem_config': 'MemoryConfig(memory_layout=TensorMemoryLayout::INTERLEAVED;buffer_type=BufferType::DRAM;shard_spec=std::nullopt;nd_shard_spec=std::nullopt;created_with_nd_shard_spec=0)'; 'output_tile': 'Tile(tile_shape={32; 32};face_shape={16; 16};num_faces=4)'; 'program_config': 'MatmulMultiCoreReuseMultiCastProgramConfig(compute_with_storage_grid_size=(x=11;y=10);in0_block_w=1;out_subblock_h=1;out_subblock_w=3;out_block_h=1;out_block_w=3;per_core_M=1;per_core_N=3;transpose_mcast=0;fused_activation=std::nullopt;fuse_batch=0)'; 'sub_device_id': 'std::nullopt'; 'transpose_a': 'false'; 'transpose_b': 'true'; 'untilize_out': 'false'; 'user_core_coord': 'std::nullopt'; 'user_fused_activation': 'std::nullopt'; 'user_run_batched': 'false'},HiFi4,99,110,,100723402397,100723621287,218890,7633796045662,7633796063442,15165099,15165955,13170,11287,11278,,,,565,11278,8473,9084,8998,9299,,,,,,1[1],1[1],288[288],256[256],TILE,BFLOAT16,DEV_1_DRAM_INTERLEAVED,1[1],1[1],1024[1024],256[256],TILE,BFLOAT16,DEV_1_DRAM_INTERLEAVED,,,,,,,,,,,,,,,,,,,,,,,,,,,,,,,,,,,,,,,,,,,,,,,,,,,,,,,,,1[1],1[1],288[288],1024[1024],TILE,BFLOAT16,DEV_1_DRAM_INTERLEAVED,,,,,,,,,,,,,,,,,['ttnn/cpp/ttnn/operations/matmul/device/kernels/compute/bmm_large_block_zm_fused_bias_activation.cpp'],['bmm_large_block_zm_fused_bias_activation/16721305734473715161/'],['ttnn/cpp/ttnn/operations/matmul/device/kernels/dataflow/reader_bmm_tile_layout_in0_receiver.cpp'; 'ttnn/cpp/ttnn/operations/matmul/device/kernels/dataflow/reader_bmm_tile_layout_in1_receiver_writer_padding.cpp'; 'ttnn/cpp/ttnn/operations/matmul/device/kernels/dataflow/reader_bmm_tile_layout_in1_sender_writer_padding.cpp'; 'ttnn/cpp/ttnn/operations/matmul/device/kernels/dataflow/reader_bmm_tile_layout_in0_sender_padding.cpp'],['reader_bmm_tile_layout_in0_receiver/4719514205604703201/'; 'reader_bmm_tile_layout_in1_receiver_writer_padding/3836835921275945332/'; 'reader_bmm_tile_layout_in1_sender_writer_padding/17921597959548187607/'; 'reader_bmm_tile_layout_in0_sender_padding/645902752684699339/'],14067762741310137474,False,1888,1000,2164,1888,2284,0,0,0,0,1072,994,1072,[137.55224609375; 489.0746154785156],[550.208984375],8.807,,,,,
UnaryNgDeviceOperation,tt_dnn_device,348160,0,blackhole,{'bfp8_pack_precise': 'false'; 'fp32_dest_acc_en': 'false'; 'memory_config': 'MemoryConfig(memory_layout=TensorMemoryLayout::INTERLEAVED;buffer_type=BufferType::DRAM;shard_spec=std::nullopt;nd_shard_spec=std::nullopt;created_with_nd_shard_spec=0)'; 'op_chain': '{BasicUnaryWithParam<float; int; unsigned int>(base=BasicUnaryWithParam<float>(op_type=UnaryOpType::GTZ;param={}))}'; 'output_dtype': 'DataType::BFLOAT16'; 'preserve_fp32_precision': 'false'; 'sub_core_grids': 'std::nullopt'; 'worker_grid': '{[(x=0;y=0) - (x=10;y=9)]}'},HiFi4,110,110,,100724035882,100724140834,104952,7633796905568,7633796911338,624282,624401,4274,3727,3721,,,,556,3689,3073,3122,3272,2524,,,,,,1[1],1[1],288[288],1024[1024],TILE,BFLOAT16,DEV_1_DRAM_INTERLEAVED,,,,,,,,,,,,,,,,,,,,,,,,,,,,,,,,,,,,,,,,,,,,,,,,,,,,,,,,,,,,,,,,1[1],1[1],288[288],1024[1024],TILE,BFLOAT16,DEV_1_DRAM_INTERLEAVED,,,,,,,,,,,,,,,,,['ttnn/cpp/ttnn/operations/eltwise/unary_ng/device/kernels/compute/eltwise_sfpu.cpp'],['eltwise_sfpu/9205010554989736738/'],['ttnn/cpp/ttnn/operations/eltwise/unary_ng/device/kernels/dataflow/writer_unary_ng.cpp'; 'ttnn/cpp/ttnn/operations/eltwise/unary_ng/device/kernels/dataflow/reader_unary_ng.cpp'],['writer_unary_ng/13835163660338601625/'; 'reader_unary_ng/850304498476538194/'],3124980364959531136,True,1000,928,1096,796,1264,0,0,0,0,1,1,1,[],[],0.027,,,,,
BinaryNgDeviceOperation,tt_dnn_device,349184,0,blackhole,{'binary_op_type': 'BinaryOpType::MUL'; 'compute_kernel_config': 'std::nullopt'; 'dtype': 'DataType::BFLOAT16'; 'input_dtype': 'DataType::BFLOAT16'; 'is_quant_op': 'false'; 'is_sfpu': 'true'; 'is_where_op': 'false'; 'lhs_activations': '{}'; 'memory_config': 'MemoryConfig(memory_layout=TensorMemoryLayout::INTERLEAVED;buffer_type=BufferType::DRAM;shard_spec=std::nullopt;nd_shard_spec=std::nullopt;created_with_nd_shard_spec=0)'; 'post_activations': '{}'; 'rhs_activations': '{}'; 'scalar': 'std::nullopt'; 'sub_core_grids': 'std::nullopt'; 'subtile_broadcast_type': 'SubtileBroadcastType::NONE'; 'worker_grid': '{[(x=0;y=0) - (x=10;y=9)]}'},HiFi4,110,110,,100724242820,100724360235,117415,7633797189376,7633797198102,206505,206505,6464,5912,5912,,,,548,5872,4950,4984,5534,4778,,,,,,1[1],1[1],288[288],1024[1024],TILE,BFLOAT16,DEV_1_DRAM_INTERLEAVED,1[1],1[1],288[288],1024[1024],TILE,BFLOAT16,DEV_1_DRAM_INTERLEAVED,,,,,,,,,,,,,,,,,,,,,,,,,,,,,,,,,,,,,,,,,,,,,,,,,,,,,,,,,1[1],1[1],288[288],1024[1024],TILE,BFLOAT16,DEV_1_DRAM_INTERLEAVED,,,,,,,,,,,,,,,,,['ttnn/cpp/ttnn/operations/eltwise/binary_ng/device/kernels/compute/eltwise_binary_sfpu_no_bcast.cpp'],['eltwise_binary_sfpu_no_bcast/12748254803204292867/'],['ttnn/cpp/ttnn/operations/eltwise/binary_ng/device/kernels_ng/dataflow/reader_interleaved_no_bcast.cpp'; 'ttnn/cpp/ttnn/operations/eltwise/binary_ng/device/kernels_ng/dataflow/writer_interleaved_no_bcast.cpp'],['reader_interleaved_no_bcast/13569263223077070646/'; 'writer_interleaved_no_bcast/17771707349566412835/'],2894756004430506998,True,1120,1644,1492,1264,1296,0,0,0,0,1,1,1,[],[],0.017,,,,,
MatmulDeviceOperation,tt_dnn_device,350208,0,blackhole,{'bcast_batch': 'true'; 'compute_kernel_config': 'ComputeKernelConfig(math_fidelity=HiFi4;math_approx_mode=0;fp32_dest_acc_en=1;packer_l1_acc=1;dst_full_sync_en=0;throttle_level=ThrottleLevel::NO_THROTTLE)'; 'global_cb': 'std::nullopt'; 'output_dtype': 'DataType::BFLOAT16'; 'output_mem_config': 'MemoryConfig(memory_layout=TensorMemoryLayout::INTERLEAVED;buffer_type=BufferType::DRAM;shard_spec=std::nullopt;nd_shard_spec=std::nullopt;created_with_nd_shard_spec=0)'; 'output_tile': 'Tile(tile_shape={32; 32};face_shape={16; 16};num_faces=4)'; 'program_config': 'MatmulMultiCoreReuseMultiCast1DProgramConfig(compute_with_storage_grid_size=(x=11;y=10);in0_block_w=2;out_subblock_h=1;out_subblock_w=4;out_block_h=1;out_block_w=8;per_core_M=1;per_core_N=8;fuse_batch=0;fused_activation=std::nullopt;mcast_in0=0;gather_in0=0;hop_cores={};num_global_cb_receivers=0;untilize_out=0)'; 'sub_device_id': 'std::nullopt'; 'transpose_a': 'false'; 'transpose_b': 'true'; 'untilize_out': 'false'; 'user_core_coord': 'std::nullopt'; 'user_fused_activation': 'std::nullopt'; 'user_run_batched': 'false'},HiFi4,9,110,,100731825208,100732024660,199452,7633807416264,7633807454502,7569552,7569637,28324,27751,27645,,,,584,27559,22987,25149,25311,25604,,,,,,1[1],1[1],288[288],1024[1024],TILE,BFLOAT16,DEV_1_DRAM_INTERLEAVED,1[1],1[1],256[256],1024[1024],TILE,BFLOAT16,DEV_1_DRAM_INTERLEAVED,,,,,,,,,,,,,,,,,,,,,,,,,,,,,,,,,,,,,,,,,,,,,,,,,,,,,,,,,1[1],1[1],288[288],256[256],TILE,BFLOAT16,DEV_1_DRAM_INTERLEAVED,,,,,,,,,,,,,,,,,['ttnn/cpp/ttnn/operations/matmul/device/kernels/compute/bmm_large_block_zm_fused_bias_activation.cpp'],['bmm_large_block_zm_fused_bias_activation/6282514076406986486/'],['ttnn/cpp/ttnn/operations/matmul/device/kernels/dataflow/reader_bmm_tile_layout_in1_receiver_writer_padding.cpp'; 'ttnn/cpp/ttnn/operations/matmul/device/kernels/dataflow/reader_bmm_tile_layout_in1_sender_writer_padding.cpp'; 'ttnn/cpp/ttnn/operations/matmul/device/kernels/dataflow/reader_bmm_tile_layout_in0_sender_padding.cpp'],['reader_bmm_tile_layout_in1_receiver_writer_padding/13111619059037728116/'; 'reader_bmm_tile_layout_in1_sender_writer_padding/14366895441599596385/'; 'reader_bmm_tile_layout_in0_sender_padding/5814679561988057560/'],5729168373587257821,False,2088,728,2236,1976,2580,0,0,0,0,1072,994,1072,[550.208984375; 489.0746154785156],[137.55224609375],3.582,,,,,
GenericOpDeviceOperation,tt_dnn_device,351232,0,blackhole,{'num_mesh_programs': '1'},HiFi4,9,110,,100733146974,100733218341,71367,7633809203348,7633809229472,1296001,1296174,19351,18773,18647,,,,407,18587,6967,17452,17660,17452,,,,,,1[1],1[1],288[288],256[256],TILE,BFLOAT16,DEV_1_DRAM_INTERLEAVED,1[1],1[1],288[288],256[256],TILE,BFLOAT16,DEV_1_DRAM_INTERLEAVED,1[1],1[1],32[1],256[256],TILE,BFLOAT16,DEV_1_DRAM_INTERLEAVED,1[1],1[1],288[288],256[256],TILE,BFLOAT16,DEV_1_DRAM_INTERLEAVED,1[1],1[1],288[288],256[256],TILE,BFLOAT16,DEV_1_DRAM_INTERLEAVED,,,,,,,,,,,,,,,,,,,,,,,,,,,,,,,,,,,,1[1],1[1],288[288],256[256],TILE,BFLOAT16,DEV_1_DRAM_INTERLEAVED,,,,,,,,,,,,,,,,,['/home/ttuser/.coworker/wt/bcp-evo/tt_bio/kernels/lnbw/compute_lnbw.cpp'],['compute_lnbw/2414198757789453252/'],['/home/ttuser/.coworker/wt/bcp-evo/tt_bio/kernels/lnbw/writer_lnbw.cpp'; '/home/ttuser/.coworker/wt/bcp-evo/tt_bio/kernels/lnbw/reader_lnbw.cpp'],['writer_lnbw/2864312284307755311/'; 'reader_lnbw/179600140981458844/'],11226655930517690592,True,776,2204,7732,6568,7912,0,0,0,0,1,1,1,[],[],0.005,,,,,
GenericOpDeviceOperation,tt_dnn_device,352256,0,blackhole,{'num_mesh_programs': '1'},HiFi4,72,110,,100733966737,100734169365,202628,7633810306455,7633810311439,798572,798572,3692,2764,2764,,,,573,2764,1717,1869,2384,814,,,,,,1[1],1[1],288[288],256[256],TILE,BFLOAT16,DEV_1_DRAM_INTERLEAVED,1[1],1[1],288[288],256[256],TILE,BFLOAT16,DEV_1_DRAM_INTERLEAVED,1[1],1[1],288[288],256[256],TILE,BFLOAT16,DEV_1_DRAM_INTERLEAVED,1[1],1[1],288[288],256[256],TILE,BFLOAT16,DEV_1_DRAM_INTERLEAVED,,,,,,,,,,,,,,,,,,,,,,,,,,,,,,,,,,,,,,,,,,,1[1],1[1],288[288],256[256],TILE,BFLOAT16,DEV_1_DRAM_INTERLEAVED,,,,,,,,,,,,,,,,,['/home/ttuser/.coworker/wt/bcp-evo/tt_bio/kernels/rne_add/compute_rne_add.cpp'],['compute_rne_add/15506775982570106819/'],['/home/ttuser/.coworker/wt/bcp-evo/tt_bio/kernels/rne_add/writer_rne_add.cpp'; '/home/ttuser/.coworker/wt/bcp-evo/tt_bio/kernels/rne_add/reader_rne_add.cpp'],['writer_rne_add/11689109000663956392/'; 'reader_rne_add/5462348467134491698/'],11998302437493887239,True,768,1412,1604,1376,1432,0,0,0,0,1,1,1,[],[],0.036,,,,,
TransposeDeviceOperation,tt_dnn_device,353280,0,blackhole,{'dim': 'TransposeOpDim::HC'; 'output_mem_config': 'MemoryConfig(memory_layout=TensorMemoryLayout::INTERLEAVED;buffer_type=BufferType::DRAM;shard_spec=std::nullopt;nd_shard_spec=std::nullopt;created_with_nd_shard_spec=0)'; 'pad_value': '0'},,110,110,,100735325453,100735666758,341305,7633812134783,7633812162178,1351114,1351114,20293,19767,19767,,,,544,19743,1591,,,,,,,,,1[1],1[1],288[288],256[256],TILE,BFLOAT16,DEV_1_DRAM_INTERLEAVED,,,,,,,,,,,,,,,,,,,,,,,,,,,,,,,,,,,,,,,,,,,,,,,,,,,,,,,,,,,,,,,,1[1],288[288],32[1],256[256],TILE,BFLOAT16,DEV_1_DRAM_INTERLEAVED,,,,,,,,,,,,,,,,,[],[],['ttnn/cpp/ttnn/operations/data_movement/transpose/device/kernels/dataflow/writer_unary_transpose_hc_interleaved_tiled_padding_aware.cpp'; 'ttnn/cpp/ttnn/operations/data_movement/transpose/device/kernels/dataflow/reader_unary_transpose_hc_interleaved_tiled_padding_aware.cpp'],['writer_unary_transpose_hc_interleaved_tiled_padding_aware/12073795627088921673/'; 'reader_unary_transpose_hc_interleaved_tiled_padding_aware/18058893178598846918/'],16461604712191519207,True,1260,1016,0,0,0,0,0,0,0,15056,15056,8583,[9.79383659362793],[313.40277099609375],76.167,,,,,
ReshapeViewDeviceOperation,tt_dnn_device,354304,0,blackhole,{'logical_output_shape': 'Shape([1; 288; 256])'; 'output_mem_config': 'MemoryConfig(memory_layout=TensorMemoryLayout::INTERLEAVED;buffer_type=BufferType::DRAM;shard_spec=std::nullopt;nd_shard_spec=std::nullopt;created_with_nd_shard_spec=0)'; 'padded_output_shape': 'Shape([1; 288; 256])'; 'recreate_mapping_tensor': 'false'; 'sub_core_grid': 'std::nullopt'},,72,110,,100751062788,100751209219,146431,7633833382808,7633833411479,15720297,15720297,21238,20299,20299,,,,551,20295,19803,,,,,,,,,1[1],288[288],32[1],256[256],TILE,BFLOAT16,DEV_1_DRAM_INTERLEAVED,,,,,,,,,,,,,,,,,,,,,,,,,,,,,,,,,,,,,,,,,,,,,,,,,,,,,,,,,,,,,,,,1[1],1[1],288[288],256[256],TILE,BFLOAT16,DEV_1_DRAM_INTERLEAVED,,,,,,,,,,,,,,,,,[],[],['ttnn/cpp/ttnn/operations/data_movement/reshape_view/device/device/dataflow/writer_reshape_tiled.cpp'; 'ttnn/cpp/ttnn/operations/data_movement/reshape_view/device/device/dataflow/reader_reshape_tiled.cpp'],['writer_reshape_tiled/10233859783596735604/'; 'reader_reshape_tiled/12672329859594754840/'],6816877232042109598,False,1732,948,0,0,0,0,0,0,0,1,1,1,[],[],0.005,,,,,
MatmulDeviceOperation,tt_dnn_device,355328,0,blackhole,{'bcast_batch': 'true'; 'compute_kernel_config': 'ComputeKernelConfig(math_fidelity=HiFi4;math_approx_mode=0;fp32_dest_acc_en=1;packer_l1_acc=1;dst_full_sync_en=0;throttle_level=ThrottleLevel::NO_THROTTLE)'; 'global_cb': 'std::nullopt'; 'output_dtype': 'DataType::BFLOAT16'; 'output_mem_config': 'MemoryConfig(memory_layout=TensorMemoryLayout::INTERLEAVED;buffer_type=BufferType::DRAM;shard_spec=std::nullopt;nd_shard_spec=std::nullopt;created_with_nd_shard_spec=0)'; 'output_tile': 'Tile(tile_shape={32; 32};face_shape={16; 16};num_faces=4)'; 'program_config': 'MatmulMultiCoreReuseMultiCast1DProgramConfig(compute_with_storage_grid_size=(x=11;y=10);in0_block_w=2;out_subblock_h=1;out_subblock_w=4;out_block_h=1;out_block_w=8;per_core_M=1;per_core_N=8;fuse_batch=0;fused_activation=std::nullopt;mcast_in0=0;gather_in0=0;hop_cores={};num_global_cb_receivers=0;untilize_out=0)'; 'sub_device_id': 'std::nullopt'; 'transpose_a': 'false'; 'transpose_b': 'true'; 'untilize_out': 'false'; 'user_core_coord': 'std::nullopt'; 'user_fused_activation': 'std::nullopt'; 'user_run_batched': 'false'},HiFi4,9,110,,100768168168,100768425742,257574,7633856468305,7633856482864,17079548,17080401,10784,10234,10130,,,,571,10024,5252,7726,7872,8176,,,,,,1[1],1[1],288[288],256[256],TILE,BFLOAT16,DEV_1_DRAM_INTERLEAVED,1[1],1[1],256[256],256[256],TILE,BFLOAT16,DEV_1_DRAM_INTERLEAVED,,,,,,,,,,,,,,,,,,,,,,,,,,,,,,,,,,,,,,,,,,,,,,,,,,,,,,,,,1[1],1[1],288[288],256[256],TILE,BFLOAT16,DEV_1_DRAM_INTERLEAVED,,,,,,,,,,,,,,,,,['ttnn/cpp/ttnn/operations/matmul/device/kernels/compute/bmm_large_block_zm_fused_bias_activation.cpp'],['bmm_large_block_zm_fused_bias_activation/10560588865599254586/'],['ttnn/cpp/ttnn/operations/matmul/device/kernels/dataflow/reader_bmm_tile_layout_in1_receiver_writer_padding.cpp'; 'ttnn/cpp/ttnn/operations/matmul/device/kernels/dataflow/reader_bmm_tile_layout_in1_sender_writer_padding.cpp'; 'ttnn/cpp/ttnn/operations/matmul/device/kernels/dataflow/reader_bmm_tile_layout_in0_sender_padding.cpp'],['reader_bmm_tile_layout_in1_receiver_writer_padding/6256039447678154272/'; 'reader_bmm_tile_layout_in1_sender_writer_padding/3884429638124265397/'; 'reader_bmm_tile_layout_in0_sender_padding/9820741442600851932/'],5729168373540146701,False,2136,752,2236,1976,2544,0,0,0,0,268,249,268,[550.208984375; 489.0746154785156],[550.208984375],2.433,,,,,
ReshapeViewDeviceOperation,tt_dnn_device,356352,0,blackhole,{'logical_output_shape': 'Shape([288; 1; 256])'; 'output_mem_config': 'MemoryConfig(memory_layout=TensorMemoryLayout::INTERLEAVED;buffer_type=BufferType::DRAM;shard_spec=std::nullopt;nd_shard_spec=std::nullopt;created_with_nd_shard_spec=0)'; 'padded_output_shape': 'Shape([288; 32; 256])'; 'recreate_mapping_tensor': 'false'; 'sub_core_grid': 'std::nullopt'},,110,110,,100779266432,100779432280,165848,7633871452489,7633871495492,11089116,11089116,31854,31331,31331,,,,547,31289,30871,,,,,,,,,1[1],1[1],288[288],256[256],TILE,BFLOAT16,DEV_1_DRAM_INTERLEAVED,,,,,,,,,,,,,,,,,,,,,,,,,,,,,,,,,,,,,,,,,,,,,,,,,,,,,,,,,,,,,,,,1[1],288[288],32[1],256[256],TILE,BFLOAT16,DEV_1_DRAM_INTERLEAVED,,,,,,,,,,,,,,,,,[],[],['ttnn/cpp/ttnn/operations/data_movement/reshape_view/device/device/dataflow/writer_reshape_tiled.cpp'; 'ttnn/cpp/ttnn/operations/data_movement/reshape_view/device/device/dataflow/reader_reshape_tiled.cpp'],['writer_reshape_tiled/17030411512468554936/'; 'reader_reshape_tiled/14182050078885912600/'],6817828670409232879,False,1716,948,0,0,0,0,0,0,0,1,1,1,[],[],0.003,,,,,
GenericOpDeviceOperation,tt_dnn_device,357376,0,blackhole,{'num_mesh_programs': '1'},HiFi4,110,110,,100781129376,100781270847,141471,7633873976352,7633874076587,1838202,1838256,74248,73714,73663,,,,563,73596,48309,67696,73150,73225,,,,,,1[1],288[288],32[1],256[256],TILE,BFLOAT16,DEV_1_DRAM_INTERLEAVED,1[1],288[288],32[1],256[256],TILE,BFLOAT16,DEV_1_DRAM_INTERLEAVED,1[1],288[288],32[1],256[256],TILE,BFLOAT16,DEV_1_DRAM_INTERLEAVED,1[1],288[288],32[1],256[256],TILE,BFLOAT16,DEV_1_DRAM_INTERLEAVED,1[1],288[288],32[1],256[256],TILE,BFLOAT16,DEV_1_DRAM_INTERLEAVED,1[1],288[288],32[1],256[256],TILE,BFLOAT16,DEV_1_DRAM_INTERLEAVED,,,,,,,,,,,,,,,,,,,,,,,,,,,,,1[1],288[288],32[1],256[256],TILE,BFLOAT16,DEV_1_DRAM_INTERLEAVED,,,,,,,,,,,,,,,,,['/home/ttuser/.coworker/wt/bcp-evo/tt_bio/kernels/gate_bw/compute_gate_bw.cpp'],['compute_gate_bw/7752279662899972872/'],['/home/ttuser/.coworker/wt/bcp-evo/tt_bio/kernels/gate_bw/writer_gate_bw.cpp'; '/home/ttuser/.coworker/wt/bcp-evo/tt_bio/kernels/gate_bw/reader_gate_bw.cpp'],['writer_gate_bw/8111932171875705432/'; 'reader_gate_bw/7533951476172066466/'],14448888073515459580,True,984,1804,1800,5476,1892,0,0,0,0,1,1,1,[],[],0.001,,,,,
TransposeDeviceOperation,tt_dnn_device,358400,0,blackhole,{'dim': 'TransposeOpDim::WH'; 'output_mem_config': 'MemoryConfig(memory_layout=TensorMemoryLayout::INTERLEAVED;buffer_type=BufferType::DRAM;shard_spec=std::nullopt;nd_shard_spec=std::nullopt;created_with_nd_shard_spec=0)'; 'pad_value': '0'},HiFi4,110,110,,100782566463,100782736129,169666,7633875917882,7633875952605,1364473,1364464,25721,25181,25165,,,,555,25105,24770,24781,23512,24389,,,,,,288[288],1[1],32[1],256[256],TILE,BFLOAT16,DEV_1_DRAM_INTERLEAVED,,,,,,,,,,,,,,,,,,,,,,,,,,,,,,,,,,,,,,,,,,,,,,,,,,,,,,,,,,,,,,,,288[288],1[1],256[256],32[1],TILE,BFLOAT16,DEV_1_DRAM_INTERLEAVED,,,,,,,,,,,,,,,,,['ttnn/cpp/ttnn/operations/data_movement/transpose/device/kernels/compute/transpose_wh.cpp'],['transpose_wh/14581025993053660267/'],['ttnn/cpp/ttnn/operations/eltwise/unary/device/kernels/dataflow/writer_unary_interleaved_start_id.cpp'; 'ttnn/cpp/ttnn/operations/data_movement/transpose/device/kernels/dataflow/reader_unary_transpose_wh_interleaved_start_id.cpp'],['writer_unary_interleaved_start_id/6276820466797607771/'; 'reader_unary_transpose_wh_interleaved_start_id/890651917070584162/'],16461604749336081303,False,1000,1012,1140,648,1296,0,0,0,0,28831,28831,8583,[163.66383361816406],[163.66383361816406],114.495,,,,,
TransposeDeviceOperation,tt_dnn_device,359424,0,blackhole,{'dim': 'TransposeOpDim::WH'; 'output_mem_config': 'MemoryConfig(memory_layout=TensorMemoryLayout::INTERLEAVED;buffer_type=BufferType::DRAM;shard_spec=std::nullopt;nd_shard_spec=std::nullopt;created_with_nd_shard_spec=0)'; 'pad_value': '0'},HiFi4,110,110,,100783659731,100783820339,160608,7633877393045,7633877427349,1067522,1067522,25410,24883,24883,,,,561,24800,24490,24483,23198,24105,,,,,,288[288],8[8],32[32],32[1],TILE,BFLOAT16,DEV_1_DRAM_INTERLEAVED,,,,,,,,,,,,,,,,,,,,,,,,,,,,,,,,,,,,,,,,,,,,,,,,,,,,,,,,,,,,,,,,288[288],8[8],32[1],32[32],TILE,BFLOAT16,DEV_1_DRAM_INTERLEAVED,,,,,,,,,,,,,,,,,['ttnn/cpp/ttnn/operations/data_movement/transpose/device/kernels/compute/transpose_wh.cpp'],['transpose_wh/14581025993053660267/'],['ttnn/cpp/ttnn/operations/eltwise/unary/device/kernels/dataflow/writer_unary_interleaved_start_id.cpp'; 'ttnn/cpp/ttnn/operations/data_movement/transpose/device/kernels/dataflow/reader_unary_transpose_wh_interleaved_start_id.cpp'],['writer_unary_interleaved_start_id/6276820466797607771/'; 'reader_unary_transpose_wh_interleaved_start_id/890651917070584162/'],16461604749335441118,False,1000,1012,1140,648,1296,0,0,0,0,28831,28831,8583,[163.66383361816406],[163.66383361816406],115.866,,,,,
MatmulDeviceOperation,tt_dnn_device,360448,0,blackhole,{'bcast_batch': 'false'; 'compute_kernel_config': 'ComputeKernelConfig(math_fidelity=HiFi4;math_approx_mode=0;fp32_dest_acc_en=1;packer_l1_acc=1;dst_full_sync_en=0;throttle_level=ThrottleLevel::NO_THROTTLE)'; 'global_cb': 'std::nullopt'; 'output_dtype': 'DataType::BFLOAT16'; 'output_mem_config': 'MemoryConfig(memory_layout=TensorMemoryLayout::INTERLEAVED;buffer_type=BufferType::DRAM;shard_spec=std::nullopt;nd_shard_spec=std::nullopt;created_with_nd_shard_spec=0)'; 'output_tile': 'Tile(tile_shape={32; 32};face_shape={16; 16};num_faces=4)'; 'program_config': 'MatmulMultiCoreReuseProgramConfig(compute_with_storage_grid_size=(x=11;y=10);in0_block_w=1;out_subblock_h=1;out_subblock_w=1;per_core_M=1;per_core_N=1)'; 'sub_device_id': 'std::nullopt'; 'transpose_a': 'false'; 'transpose_b': 'true'; 'untilize_out': 'false'; 'user_core_coord': 'std::nullopt'; 'user_fused_activation': 'std::nullopt'; 'user_run_batched': 'true'},HiFi4,110,110,,100804345500,100804646427,300927,7633905306907,7633905355925,20653224,20653224,36310,34807,34807,,,,562,34804,32976,34396,34427,34453,,,,,,288[288],8[8],32[1],32[32],TILE,BFLOAT16,DEV_1_DRAM_INTERLEAVED,288[288],8[8],32[1],32[32],TILE,BFLOAT16,DEV_1_DRAM_INTERLEAVED,,,,,,,,,,,,,,,,,,,,,,,,,,,,,,,,,,,,,,,,,,,,,,,,,,,,,,,,,288[288],8[8],32[1],32[1],TILE,BFLOAT16,DEV_1_DRAM_INTERLEAVED,,,,,,,,,,,,,,,,,['ttnn/cpp/ttnn/operations/matmul/device/kernels/compute/bmm_large_block_zm_fused_bias_activation.cpp'],['bmm_large_block_zm_fused_bias_activation/17755025034713765454/'],['ttnn/cpp/ttnn/operations/matmul/device/kernels/dataflow/reader_writer_bmm_tile_layout_in1.cpp'; 'ttnn/cpp/ttnn/operations/matmul/device/kernels/dataflow/reader_bmm_tile_layout_in0.cpp'],['reader_writer_bmm_tile_layout_in1/2606604549083059180/'; 'reader_bmm_tile_layout_in0/1639249638953984223/'],4458139209322410895,False,928,632,1572,1300,1660,0,0,0,0,8583,2,8583,[549.76025390625; 549.76025390625],[549.76025390625],0.006,,,,,
MatmulDeviceOperation,tt_dnn_device,361472,0,blackhole,{'bcast_batch': 'false'; 'compute_kernel_config': 'ComputeKernelConfig(math_fidelity=HiFi4;math_approx_mode=0;fp32_dest_acc_en=1;packer_l1_acc=1;dst_full_sync_en=0;throttle_level=ThrottleLevel::NO_THROTTLE)'; 'global_cb': 'std::nullopt'; 'output_dtype': 'DataType::BFLOAT16'; 'output_mem_config': 'MemoryConfig(memory_layout=TensorMemoryLayout::INTERLEAVED;buffer_type=BufferType::DRAM;shard_spec=std::nullopt;nd_shard_spec=std::nullopt;created_with_nd_shard_spec=0)'; 'output_tile': 'Tile(tile_shape={32; 32};face_shape={16; 16};num_faces=4)'; 'program_config': 'MatmulMultiCoreReuseProgramConfig(compute_with_storage_grid_size=(x=11;y=10);in0_block_w=1;out_subblock_h=1;out_subblock_w=1;per_core_M=1;per_core_N=1)'; 'sub_device_id': 'std::nullopt'; 'transpose_a': 'true'; 'transpose_b': 'false'; 'untilize_out': 'false'; 'user_core_coord': 'std::nullopt'; 'user_fused_activation': 'std::nullopt'; 'user_run_batched': 'true'},HiFi4,110,110,,100814195148,100814339595,144447,7633918617735,7633918713844,9825085,9825050,71192,69695,69694,,,,561,69690,69049,69269,69284,69308,,,,,,288[288],8[8],32[1],32[1],TILE,BFLOAT16,DEV_1_DRAM_INTERLEAVED,288[288],8[8],32[1],32[32],TILE,BFLOAT16,DEV_1_DRAM_INTERLEAVED,,,,,,,,,,,,,,,,,,,,,,,,,,,,,,,,,,,,,,,,,,,,,,,,,,,,,,,,,288[288],8[8],32[1],32[32],TILE,BFLOAT16,DEV_1_DRAM_INTERLEAVED,,,,,,,,,,,,,,,,,['ttnn/cpp/ttnn/operations/matmul/device/kernels/compute/bmm_large_block_zm_fused_bias_activation.cpp'],['bmm_large_block_zm_fused_bias_activation/1810550547295428247/'],['ttnn/cpp/ttnn/operations/matmul/device/kernels/dataflow/reader_writer_bmm_tile_layout_in1.cpp'; 'ttnn/cpp/ttnn/operations/matmul/device/kernels/dataflow/reader_bmm_tile_layout_in0.cpp'],['reader_writer_bmm_tile_layout_in1/7782424874039784962/'; 'reader_bmm_tile_layout_in0/3652130819312092106/'],4456735765215784114,False,928,776,2036,1692,2160,0,0,0,0,8583,2,8583,[549.76025390625; 549.76025390625],[549.76025390625],0.003,,,,,
BinaryNgDeviceOperation,tt_dnn_device,362496,0,blackhole,{'binary_op_type': 'BinaryOpType::MUL'; 'compute_kernel_config': 'std::nullopt'; 'dtype': 'DataType::BFLOAT16'; 'input_dtype': 'DataType::BFLOAT16'; 'is_quant_op': 'false'; 'is_sfpu': 'true'; 'is_where_op': 'false'; 'lhs_activations': '{}'; 'memory_config': 'MemoryConfig(memory_layout=TensorMemoryLayout::INTERLEAVED;buffer_type=BufferType::DRAM;shard_spec=std::nullopt;nd_shard_spec=std::nullopt;created_with_nd_shard_spec=0)'; 'post_activations': '{}'; 'rhs_activations': '{}'; 'scalar': 'std::nullopt'; 'sub_core_grids': 'std::nullopt'; 'subtile_broadcast_type': 'SubtileBroadcastType::NONE'; 'worker_grid': '{[(x=0;y=0) - (x=10;y=9)]}'},HiFi4,110,110,,100814602470,100814693835,91365,7633919172755,7633919219089,340479,340479,34321,33773,33773,,,,556,33724,32670,32728,33384,32756,,,,,,288[288],8[8],32[1],32[1],TILE,BFLOAT16,DEV_1_DRAM_INTERLEAVED,288[288],8[8],32[1],32[1],TILE,BFLOAT16,DEV_1_DRAM_INTERLEAVED,,,,,,,,,,,,,,,,,,,,,,,,,,,,,,,,,,,,,,,,,,,,,,,,,,,,,,,,,288[288],8[8],32[1],32[1],TILE,BFLOAT16,DEV_1_DRAM_INTERLEAVED,,,,,,,,,,,,,,,,,['ttnn/cpp/ttnn/operations/eltwise/binary_ng/device/kernels/compute/eltwise_binary_sfpu_no_bcast.cpp'],['eltwise_binary_sfpu_no_bcast/12748254803204292867/'],['ttnn/cpp/ttnn/operations/eltwise/binary_ng/device/kernels_ng/dataflow/reader_interleaved_no_bcast.cpp'; 'ttnn/cpp/ttnn/operations/eltwise/binary_ng/device/kernels_ng/dataflow/writer_interleaved_no_bcast.cpp'],['reader_interleaved_no_bcast/13569263223077070646/'; 'writer_interleaved_no_bcast/17771707349566412835/'],2894756004430506998,True,1120,1644,1492,1264,1296,0,0,0,0,1,1,1,[],[],0.003,,,,,
FillPadDeviceOperation,tt_dnn_device,363520,0,blackhole,{'fill_value': '0'; 'output_mem_config': 'MemoryConfig(memory_layout=TensorMemoryLayout::INTERLEAVED;buffer_type=BufferType::DRAM;shard_spec=std::nullopt;nd_shard_spec=std::nullopt;created_with_nd_shard_spec=0)'},,110,110,,100817313291,100817363397,50106,7633922829506,7633922933441,2674905,2674905,76989,76465,76465,,,,541,76465,,,,,,,,,,1[1],2304[2304],32[1],32[1],TILE,BFLOAT16,DEV_1_DRAM_INTERLEAVED,,,,,,,,,,,,,,,,,,,,,,,,,,,,,,,,,,,,,,,,,,,,,,,,,,,,,,,,,,,,,,,,1[1],2304[2304],32[1],32[1],TILE,BFLOAT16,DEV_1_DRAM_INTERLEAVED,,,,,,,,,,,,,,,,,[],[],['ttnn/cpp/ttnn/operations/data_movement/fill_pad/device/kernels/dataflow/fill_pad_writer.cpp'],['fill_pad_writer/13144009699929246296/'],9204063088700965458,False,908,0,0,0,0,0,0,0,0,1,1,1,[],[],0.001,,,,,
ReduceDeviceOperation,tt_dnn_device,364544,0,blackhole,{'compute_kernel_config': 'ComputeKernelConfig(math_fidelity=HiFi4;math_approx_mode=0;fp32_dest_acc_en=1;packer_l1_acc=0;dst_full_sync_en=0;throttle_level=ThrottleLevel::NO_THROTTLE)'; 'dim': 'ReduceOpDim::W'; 'math_op': 'ReduceOpMath::SUM'; 'negate': 'false'; 'output_dtype': 'DataType::BFLOAT16'; 'output_mem_config': 'MemoryConfig(memory_layout=TensorMemoryLayout::INTERLEAVED;buffer_type=BufferType::DRAM;shard_spec=std::nullopt;nd_shard_spec=std::nullopt;created_with_nd_shard_spec=0)'; 'scaler': '1'; 'sub_core_grids': 'std::nullopt'},HiFi4,110,110,,100826647681,100827122772,475091,7633935399848,7633935435477,9236033,9235747,26392,24896,24893,,,,561,24893,24451,24482,23312,24171,,,,,,288[288],8[8],32[1],32[1],TILE,BFLOAT16,DEV_1_DRAM_INTERLEAVED,,,,,,,,,,,,,,,,,,,,,,,,,,,,,,,,,,,,,,,,,,,,,,,,,,,,,,,,,,,,,,,,288[288],8[8],32[1],32[1],TILE,BFLOAT16,DEV_1_DRAM_INTERLEAVED,,,,,,,,,,,,,,,,,['ttnn/cpp/ttnn/operations/reduction/generic/device/kernels/compute/reduce_w.cpp'],['reduce_w/2704880154411101675/'],['ttnn/cpp/ttnn/operations/eltwise/unary/device/kernels/dataflow/writer_unary_interleaved_start_id.cpp'; 'ttnn/cpp/ttnn/operations/reduction/generic/device/kernels/dataflow/reader_unary_reduce_universal_start_id.cpp'],['writer_unary_interleaved_start_id/7610405289054196905/'; 'reader_unary_reduce_universal_start_id/2917012571179936195/'],5729171537560000615,False,1000,900,1248,724,1248,0,0,0,0,1,1,1,[],[],0.004,,,,,
FillPadDeviceOperation,tt_dnn_device,365568,0,blackhole,{'fill_value': '0'; 'output_mem_config': 'MemoryConfig(memory_layout=TensorMemoryLayout::INTERLEAVED;buffer_type=BufferType::DRAM;shard_spec=std::nullopt;nd_shard_spec=std::nullopt;created_with_nd_shard_spec=0)'},,110,110,,100827688628,100827884464,195836,7633936808131,7633936924664,1017313,1017313,86321,85791,85791,,,,546,85791,,,,,,,,,,1[1],2304[2304],32[1],32[1],TILE,BFLOAT16,DEV_1_DRAM_INTERLEAVED,,,,,,,,,,,,,,,,,,,,,,,,,,,,,,,,,,,,,,,,,,,,,,,,,,,,,,,,,,,,,,,,1[1],2304[2304],32[1],32[1],TILE,BFLOAT16,DEV_1_DRAM_INTERLEAVED,,,,,,,,,,,,,,,,,[],[],['ttnn/cpp/ttnn/operations/data_movement/fill_pad/device/kernels/dataflow/fill_pad_writer.cpp'],['fill_pad_writer/13144009699929246296/'],9204063088700965458,True,908,0,0,0,0,0,0,0,0,1,1,1,[],[],0.001,,,,,
ReduceDeviceOperation,tt_dnn_device,366592,0,blackhole,{'compute_kernel_config': 'ComputeKernelConfig(math_fidelity=HiFi4;math_approx_mode=0;fp32_dest_acc_en=1;packer_l1_acc=1;dst_full_sync_en=0;throttle_level=ThrottleLevel::NO_THROTTLE)'; 'dim': 'ReduceOpDim::W'; 'math_op': 'ReduceOpMath::SUM'; 'negate': 'false'; 'output_dtype': 'DataType::BFLOAT16'; 'output_mem_config': 'MemoryConfig(memory_layout=TensorMemoryLayout::INTERLEAVED;buffer_type=BufferType::DRAM;shard_spec=std::nullopt;nd_shard_spec=std::nullopt;created_with_nd_shard_spec=0)'; 'scaler': '1'; 'sub_core_grids': 'std::nullopt'},HiFi4,110,110,,100829196822,100829352701,155879,7633938865669,7633938901775,1439272,1439315,26745,25221,25221,,,,562,25221,24779,24813,23631,24491,,,,,,288[288],8[8],32[1],32[1],TILE,BFLOAT16,DEV_1_DRAM_INTERLEAVED,,,,,,,,,,,,,,,,,,,,,,,,,,,,,,,,,,,,,,,,,,,,,,,,,,,,,,,,,,,,,,,,288[288],8[8],32[1],32[1],TILE,BFLOAT16,DEV_1_DRAM_INTERLEAVED,,,,,,,,,,,,,,,,,['ttnn/cpp/ttnn/operations/reduction/generic/device/kernels/compute/reduce_w.cpp'],['reduce_w/2704880154411101675/'],['ttnn/cpp/ttnn/operations/eltwise/unary/device/kernels/dataflow/writer_unary_interleaved_start_id.cpp'; 'ttnn/cpp/ttnn/operations/reduction/generic/device/kernels/dataflow/reader_unary_reduce_universal_start_id.cpp'],['writer_unary_interleaved_start_id/7610405289054196905/'; 'reader_unary_reduce_universal_start_id/2917012571179936195/'],4781595923585201638,False,1000,900,1248,724,1248,0,0,0,0,1,1,1,[],[],0.004,,,,,
BinaryNgDeviceOperation,tt_dnn_device,367616,0,blackhole,{'binary_op_type': 'BinaryOpType::DIV'; 'compute_kernel_config': 'std::nullopt'; 'dtype': 'DataType::BFLOAT16'; 'input_dtype': 'DataType::BFLOAT16'; 'is_quant_op': 'false'; 'is_sfpu': 'true'; 'is_where_op': 'false'; 'lhs_activations': '{}'; 'memory_config': 'MemoryConfig(memory_layout=TensorMemoryLayout::INTERLEAVED;buffer_type=BufferType::DRAM;shard_spec=std::nullopt;nd_shard_spec=std::nullopt;created_with_nd_shard_spec=0)'; 'post_activations': '{}'; 'rhs_activations': '{}'; 'scalar': 'std::nullopt'; 'sub_core_grids': 'std::nullopt'; 'subtile_broadcast_type': 'SubtileBroadcastType::NONE'; 'worker_grid': '{[(x=0;y=0) - (x=10;y=9)]}'},HiFi4,110,110,,100837795490,100837924828,129338,7633950477134,7633950524648,8574974,8574835,35196,34676,34668,,,,551,34620,31779,32256,34272,33182,,,,,,288[288],8[8],32[1],32[1],TILE,BFLOAT16,DEV_1_DRAM_INTERLEAVED,288[288],8[8],32[1],32[1],TILE,BFLOAT16,DEV_1_DRAM_INTERLEAVED,,,,,,,,,,,,,,,,,,,,,,,,,,,,,,,,,,,,,,,,,,,,,,,,,,,,,,,,,288[288],8[8],32[1],32[1],TILE,BFLOAT16,DEV_1_DRAM_INTERLEAVED,,,,,,,,,,,,,,,,,['ttnn/cpp/ttnn/operations/eltwise/binary_ng/device/kernels/compute/eltwise_binary_sfpu_no_bcast.cpp'],['eltwise_binary_sfpu_no_bcast/11307325579817166369/'],['ttnn/cpp/ttnn/operations/eltwise/binary_ng/device/kernels_ng/dataflow/reader_interleaved_no_bcast.cpp'; 'ttnn/cpp/ttnn/operations/eltwise/binary_ng/device/kernels_ng/dataflow/writer_interleaved_no_bcast.cpp'],['reader_interleaved_no_bcast/13569263223077070646/'; 'writer_interleaved_no_bcast/17771707349566412835/'],12334435838624983150,False,1120,1644,1492,1424,1296,0,0,0,0,1,1,1,[],[],0.003,,,,,
BinaryNgDeviceOperation,tt_dnn_device,368640,0,blackhole,{'binary_op_type': 'BinaryOpType::SUB'; 'compute_kernel_config': 'std::nullopt'; 'dtype': 'DataType::BFLOAT16'; 'input_dtype': 'DataType::BFLOAT16'; 'is_quant_op': 'false'; 'is_sfpu': 'false'; 'is_where_op': 'false'; 'lhs_activations': '{}'; 'memory_config': 'MemoryConfig(memory_layout=TensorMemoryLayout::INTERLEAVED;buffer_type=BufferType::DRAM;shard_spec=std::nullopt;nd_shard_spec=std::nullopt;created_with_nd_shard_spec=0)'; 'post_activations': '{}'; 'rhs_activations': '{}'; 'scalar': 'std::nullopt'; 'sub_core_grids': 'std::nullopt'; 'subtile_broadcast_type': 'SubtileBroadcastType::NONE'; 'worker_grid': '{[(x=0;y=0) - (x=10;y=9)]}'},HiFi4,110,110,,100842887079,100843013511,126432,7633957350618,7633957396276,5056798,5056798,33821,33274,33274,,,,558,33234,32959,32944,30430,32476,,,,,,288[288],8[8],32[1],32[1],TILE,BFLOAT16,DEV_1_DRAM_INTERLEAVED,288[288],8[8],32[1],32[1],TILE,BFLOAT16,DEV_1_DRAM_INTERLEAVED,,,,,,,,,,,,,,,,,,,,,,,,,,,,,,,,,,,,,,,,,,,,,,,,,,,,,,,,,288[288],8[8],32[1],32[1],TILE,BFLOAT16,DEV_1_DRAM_INTERLEAVED,,,,,,,,,,,,,,,,,['ttnn/cpp/ttnn/operations/eltwise/binary_ng/device/kernels/compute/eltwise_binary_no_bcast.cpp'],['eltwise_binary_no_bcast/12765106541863638414/'],['ttnn/cpp/ttnn/operations/eltwise/binary_ng/device/kernels_ng/dataflow/reader_interleaved_no_bcast.cpp'; 'ttnn/cpp/ttnn/operations/eltwise/binary_ng/device/kernels_ng/dataflow/writer_interleaved_no_bcast.cpp'],['reader_interleaved_no_bcast/13569263223077070646/'; 'writer_interleaved_no_bcast/17771707349566412835/'],16580198881536174177,False,1120,1644,1344,672,1296,0,0,0,0,1,1,1,[],[],0.003,,,,,
BinaryNgDeviceOperation,tt_dnn_device,369664,0,blackhole,{'binary_op_type': 'BinaryOpType::MUL'; 'compute_kernel_config': 'std::nullopt'; 'dtype': 'DataType::BFLOAT16'; 'input_dtype': 'DataType::BFLOAT16'; 'is_quant_op': 'false'; 'is_sfpu': 'true'; 'is_where_op': 'false'; 'lhs_activations': '{}'; 'memory_config': 'MemoryConfig(memory_layout=TensorMemoryLayout::INTERLEAVED;buffer_type=BufferType::DRAM;shard_spec=std::nullopt;nd_shard_spec=std::nullopt;created_with_nd_shard_spec=0)'; 'post_activations': '{}'; 'rhs_activations': '{}'; 'scalar': 'std::nullopt'; 'sub_core_grids': 'std::nullopt'; 'subtile_broadcast_type': 'SubtileBroadcastType::NONE'; 'worker_grid': '{[(x=0;y=0) - (x=10;y=9)]}'},HiFi4,110,110,,100843154902,100843199228,44326,7633957718096,7633957763517,238926,238925,33645,33115,33114,,,,560,33076,32059,32113,32790,32185,,,,,,288[288],8[8],32[1],32[1],TILE,BFLOAT16,DEV_1_DRAM_INTERLEAVED,288[288],8[8],32[1],32[1],TILE,BFLOAT16,DEV_1_DRAM_INTERLEAVED,,,,,,,,,,,,,,,,,,,,,,,,,,,,,,,,,,,,,,,,,,,,,,,,,,,,,,,,,288[288],8[8],32[1],32[1],TILE,BFLOAT16,DEV_1_DRAM_INTERLEAVED,,,,,,,,,,,,,,,,,['ttnn/cpp/ttnn/operations/eltwise/binary_ng/device/kernels/compute/eltwise_binary_sfpu_no_bcast.cpp'],['eltwise_binary_sfpu_no_bcast/12748254803204292867/'],['ttnn/cpp/ttnn/operations/eltwise/binary_ng/device/kernels_ng/dataflow/reader_interleaved_no_bcast.cpp'; 'ttnn/cpp/ttnn/operations/eltwise/binary_ng/device/kernels_ng/dataflow/writer_interleaved_no_bcast.cpp'],['reader_interleaved_no_bcast/13569263223077070646/'; 'writer_interleaved_no_bcast/17771707349566412835/'],2894756004430506998,True,1120,1644,1492,1264,1296,0,0,0,0,1,1,1,[],[],0.003,,,,,
BinaryNgDeviceOperation,tt_dnn_device,370688,0,blackhole,{'binary_op_type': 'BinaryOpType::MUL'; 'compute_kernel_config': 'std::nullopt'; 'dtype': 'DataType::BFLOAT16'; 'input_dtype': 'DataType::BFLOAT16'; 'is_quant_op': 'false'; 'is_sfpu': 'true'; 'is_where_op': 'false'; 'lhs_activations': '{}'; 'memory_config': 'MemoryConfig(memory_layout=TensorMemoryLayout::INTERLEAVED;buffer_type=BufferType::DRAM;shard_spec=std::nullopt;nd_shard_spec=std::nullopt;created_with_nd_shard_spec=0)'; 'post_activations': '{}'; 'rhs_activations': '{}'; 'scalar': '0.17677669'; 'sub_core_grids': 'std::nullopt'; 'subtile_broadcast_type': 'SubtileBroadcastType::NONE'; 'worker_grid': '{[(x=0;y=0) - (x=10;y=9)]}'},HiFi4,110,110,,100843343955,100843382890,38935,7633957974558,7633958012161,156858,156858,27854,27330,27329,,,,553,27299,25560,25798,26925,26310,,,,,,288[288],8[8],32[1],32[1],TILE,BFLOAT16,DEV_1_DRAM_INTERLEAVED,,,,,,,,,,,,,,,,,,,,,,,,,,,,,,,,,,,,,,,,,,,,,,,,,,,,,,,,,,,,,,,,288[288],8[8],32[1],32[1],TILE,BFLOAT16,DEV_1_DRAM_INTERLEAVED,,,,,,,,,,,,,,,,,['ttnn/cpp/ttnn/operations/eltwise/binary_ng/device/kernels/compute/eltwise_binary_sfpu_scalar.cpp'],['eltwise_binary_sfpu_scalar/6302317103236044736/'],['ttnn/cpp/ttnn/operations/eltwise/binary_ng/device/kernels/dataflow/reader_interleaved_no_bcast.cpp'; 'ttnn/cpp/ttnn/operations/eltwise/binary_ng/device/kernels/dataflow/writer_interleaved_scalar.cpp'],['reader_interleaved_no_bcast/15501400787415134526/'; 'writer_interleaved_scalar/13747915134593411132/'],15691238620557725211,True,1228,1256,1532,1264,1296,0,0,0,0,1,1,1,[],[],0.004,,,,,
MatmulDeviceOperation,tt_dnn_device,371712,0,blackhole,{'bcast_batch': 'false'; 'compute_kernel_config': 'ComputeKernelConfig(math_fidelity=HiFi4;math_approx_mode=0;fp32_dest_acc_en=1;packer_l1_acc=1;dst_full_sync_en=0;throttle_level=ThrottleLevel::NO_THROTTLE)'; 'global_cb': 'std::nullopt'; 'output_dtype': 'DataType::BFLOAT16'; 'output_mem_config': 'MemoryConfig(memory_layout=TensorMemoryLayout::INTERLEAVED;buffer_type=BufferType::DRAM;shard_spec=std::nullopt;nd_shard_spec=std::nullopt;created_with_nd_shard_spec=0)'; 'output_tile': 'Tile(tile_shape={32; 32};face_shape={16; 16};num_faces=4)'; 'program_config': 'MatmulMultiCoreReuseProgramConfig(compute_with_storage_grid_size=(x=11;y=10);in0_block_w=1;out_subblock_h=1;out_subblock_w=1;per_core_M=1;per_core_N=1)'; 'sub_device_id': 'std::nullopt'; 'transpose_a': 'false'; 'transpose_b': 'true'; 'untilize_out': 'false'; 'user_core_coord': 'std::nullopt'; 'user_fused_activation': 'std::nullopt'; 'user_run_batched': 'true'},HiFi4,110,110,,100844137388,100844269721,132333,7633959040703,7633959136978,763375,763375,71315,69821,69821,,,,566,69821,69309,69417,69444,69462,,,,,,288[288],8[8],32[1],32[1],TILE,BFLOAT16,DEV_1_DRAM_INTERLEAVED,288[288],8[8],32[32],32[1],TILE,BFLOAT16,DEV_1_DRAM_INTERLEAVED,,,,,,,,,,,,,,,,,,,,,,,,,,,,,,,,,,,,,,,,,,,,,,,,,,,,,,,,,288[288],8[8],32[1],32[32],TILE,BFLOAT16,DEV_1_DRAM_INTERLEAVED,,,,,,,,,,,,,,,,,['ttnn/cpp/ttnn/operations/matmul/device/kernels/compute/bmm_large_block_zm_fused_bias_activation.cpp'],['bmm_large_block_zm_fused_bias_activation/17755025034713765454/'],['ttnn/cpp/ttnn/operations/matmul/device/kernels/dataflow/reader_writer_bmm_tile_layout_in1.cpp'; 'ttnn/cpp/ttnn/operations/matmul/device/kernels/dataflow/reader_bmm_tile_layout_in0.cpp'],['reader_writer_bmm_tile_layout_in1/2606604549083059180/'; 'reader_bmm_tile_layout_in0/14891122895172806846/'],4458139209322233881,False,928,772,1572,1300,1660,0,0,0,0,8583,2,8583,[549.76025390625; 549.76025390625],[549.76025390625],0.003,,,,,
MatmulDeviceOperation,tt_dnn_device,372736,0,blackhole,{'bcast_batch': 'false'; 'compute_kernel_config': 'ComputeKernelConfig(math_fidelity=HiFi4;math_approx_mode=0;fp32_dest_acc_en=1;packer_l1_acc=1;dst_full_sync_en=0;throttle_level=ThrottleLevel::NO_THROTTLE)'; 'global_cb': 'std::nullopt'; 'output_dtype': 'DataType::BFLOAT16'; 'output_mem_config': 'MemoryConfig(memory_layout=TensorMemoryLayout::INTERLEAVED;buffer_type=BufferType::DRAM;shard_spec=std::nullopt;nd_shard_spec=std::nullopt;created_with_nd_shard_spec=0)'; 'output_tile': 'Tile(tile_shape={32; 32};face_shape={16; 16};num_faces=4)'; 'program_config': 'MatmulMultiCoreReuseProgramConfig(compute_with_storage_grid_size=(x=11;y=10);in0_block_w=1;out_subblock_h=1;out_subblock_w=1;per_core_M=1;per_core_N=1)'; 'sub_device_id': 'std::nullopt'; 'transpose_a': 'true'; 'transpose_b': 'false'; 'untilize_out': 'false'; 'user_core_coord': 'std::nullopt'; 'user_fused_activation': 'std::nullopt'; 'user_run_batched': 'true'},HiFi4,110,110,,100844953243,100845049137,95894,7633960143758,7633960239860,747260,747260,71187,69683,69683,,,,575,69683,69064,69270,69296,69313,,,,,,288[288],8[8],32[1],32[32],TILE,BFLOAT16,DEV_1_DRAM_INTERLEAVED,288[288],8[8],32[1],32[1],TILE,BFLOAT16,DEV_1_DRAM_INTERLEAVED,,,,,,,,,,,,,,,,,,,,,,,,,,,,,,,,,,,,,,,,,,,,,,,,,,,,,,,,,288[288],8[8],32[32],32[1],TILE,BFLOAT16,DEV_1_DRAM_INTERLEAVED,,,,,,,,,,,,,,,,,['ttnn/cpp/ttnn/operations/matmul/device/kernels/compute/bmm_large_block_zm_fused_bias_activation.cpp'],['bmm_large_block_zm_fused_bias_activation/1810550547295428247/'],['ttnn/cpp/ttnn/operations/matmul/device/kernels/dataflow/reader_writer_bmm_tile_layout_in1.cpp'; 'ttnn/cpp/ttnn/operations/matmul/device/kernels/dataflow/reader_bmm_tile_layout_in0.cpp'],['reader_writer_bmm_tile_layout_in1/7782424874039784962/'; 'reader_bmm_tile_layout_in0/3652130819312092106/'],4456735765214691313,False,928,776,2036,1692,2160,0,0,0,0,8583,32,8583,[549.76025390625; 549.76025390625],[549.76025390625],0.046,,,,,
NLPConcatHeadsDeviceOperation,tt_dnn_device,373760,0,blackhole,{'output_mem_config': 'MemoryConfig(memory_layout=TensorMemoryLayout::INTERLEAVED;buffer_type=BufferType::DRAM;shard_spec=std::nullopt;nd_shard_spec=std::nullopt;created_with_nd_shard_spec=0)'},,110,110,,100845222039,100845259270,37231,7633960507004,7633960549157,198424,198424,31224,30682,30682,,,,550,30676,30304,,,,,,,,,288[288],8[8],32[1],32[32],TILE,BFLOAT16,DEV_1_DRAM_INTERLEAVED,,,,,,,,,,,,,,,,,,,,,,,,,,,,,,,,,,,,,,,,,,,,,,,,,,,,,,,,,,,,,,,,288[288],1[1],32[1],256[256],TILE,BFLOAT16,DEV_1_DRAM_INTERLEAVED,,,,,,,,,,,,,,,,,[],[],['ttnn/cpp/ttnn/operations/eltwise/unary/device/kernels/dataflow/writer_unary_interleaved_start_id.cpp'; 'ttnn/cpp/ttnn/operations/experimental/transformer/nlp_concat_heads/device/kernels/dataflow/reader_tm_tile_layout_nlp_concat_heads.cpp'],['writer_unary_interleaved_start_id/9607551389675776825/'; 'reader_tm_tile_layout_nlp_concat_heads/13160343082803479770/'],9204059178956302183,True,1000,1028,0,0,0,0,0,0,0,1,1,1,[],[],0.003,,,,,
TransposeDeviceOperation,tt_dnn_device,374784,0,blackhole,{'dim': 'TransposeOpDim::WH'; 'output_mem_config': 'MemoryConfig(memory_layout=TensorMemoryLayout::INTERLEAVED;buffer_type=BufferType::DRAM;shard_spec=std::nullopt;nd_shard_spec=std::nullopt;created_with_nd_shard_spec=0)'; 'pad_value': '0'},HiFi4,110,110,,100845381625,100845438163,56538,7633960723249,7633960757743,129507,129512,25551,25012,25006,,,,552,24930,24616,24624,23393,24219,,,,,,288[288],8[8],32[32],32[1],TILE,BFLOAT16,DEV_1_DRAM_INTERLEAVED,,,,,,,,,,,,,,,,,,,,,,,,,,,,,,,,,,,,,,,,,,,,,,,,,,,,,,,,,,,,,,,,288[288],8[8],32[1],32[32],TILE,BFLOAT16,DEV_1_DRAM_INTERLEAVED,,,,,,,,,,,,,,,,,['ttnn/cpp/ttnn/operations/data_movement/transpose/device/kernels/compute/transpose_wh.cpp'],['transpose_wh/14581025993053660267/'],['ttnn/cpp/ttnn/operations/eltwise/unary/device/kernels/dataflow/writer_unary_interleaved_start_id.cpp'; 'ttnn/cpp/ttnn/operations/data_movement/transpose/device/kernels/dataflow/reader_unary_transpose_wh_interleaved_start_id.cpp'],['writer_unary_interleaved_start_id/6276820466797607771/'; 'reader_unary_transpose_wh_interleaved_start_id/890651917070584162/'],16461604749335441118,True,1000,1012,1140,648,1296,0,0,0,0,28831,28831,8583,[163.66383361816406],[163.66383361816406],115.269,,,,,
NLPConcatHeadsDeviceOperation,tt_dnn_device,375808,0,blackhole,{'output_mem_config': 'MemoryConfig(memory_layout=TensorMemoryLayout::INTERLEAVED;buffer_type=BufferType::DRAM;shard_spec=std::nullopt;nd_shard_spec=std::nullopt;created_with_nd_shard_spec=0)'},,110,110,,100845500072,100845522625,22553,7633960882786,7633960925263,93144,93144,31464,30940,30940,,,,547,30928,28118,,,,,,,,,288[288],8[8],32[1],32[32],TILE,BFLOAT16,DEV_1_DRAM_INTERLEAVED,,,,,,,,,,,,,,,,,,,,,,,,,,,,,,,,,,,,,,,,,,,,,,,,,,,,,,,,,,,,,,,,288[288],1[1],32[1],256[256],TILE,BFLOAT16,DEV_1_DRAM_INTERLEAVED,,,,,,,,,,,,,,,,,[],[],['ttnn/cpp/ttnn/operations/eltwise/unary/device/kernels/dataflow/writer_unary_interleaved_start_id.cpp'; 'ttnn/cpp/ttnn/operations/experimental/transformer/nlp_concat_heads/device/kernels/dataflow/reader_tm_tile_layout_nlp_concat_heads.cpp'],['writer_unary_interleaved_start_id/9607551389675776825/'; 'reader_tm_tile_layout_nlp_concat_heads/13160343082803479770/'],9204059178956302183,True,1000,1028,0,0,0,0,0,0,0,1,1,1,[],[],0.003,,,,,
NLPConcatHeadsDeviceOperation,tt_dnn_device,376832,0,blackhole,{'output_mem_config': 'MemoryConfig(memory_layout=TensorMemoryLayout::INTERLEAVED;buffer_type=BufferType::DRAM;shard_spec=std::nullopt;nd_shard_spec=std::nullopt;created_with_nd_shard_spec=0)'},,110,110,,100845568283,100845584504,16221,7633960975083,7633961017219,37436,37436,31212,30681,30681,,,,544,30681,29292,,,,,,,,,288[288],8[8],32[1],32[32],TILE,BFLOAT16,DEV_1_DRAM_INTERLEAVED,,,,,,,,,,,,,,,,,,,,,,,,,,,,,,,,,,,,,,,,,,,,,,,,,,,,,,,,,,,,,,,,288[288],1[1],32[1],256[256],TILE,BFLOAT16,DEV_1_DRAM_INTERLEAVED,,,,,,,,,,,,,,,,,[],[],['ttnn/cpp/ttnn/operations/eltwise/unary/device/kernels/dataflow/writer_unary_interleaved_start_id.cpp'; 'ttnn/cpp/ttnn/operations/experimental/transformer/nlp_concat_heads/device/kernels/dataflow/reader_tm_tile_layout_nlp_concat_heads.cpp'],['writer_unary_interleaved_start_id/9607551389675776825/'; 'reader_tm_tile_layout_nlp_concat_heads/13160343082803479770/'],9204059178956302183,True,1000,1028,0,0,0,0,0,0,0,1,1,1,[],[],0.003,,,,,
ConcatDeviceOperation,tt_dnn_device,377856,0,blackhole,{'dim': '3'; 'groups': '1'; 'output_mem_config': 'MemoryConfig(memory_layout=TensorMemoryLayout::INTERLEAVED;buffer_type=BufferType::DRAM;shard_spec=std::nullopt;nd_shard_spec=std::nullopt;created_with_nd_shard_spec=0)'; 'sub_core_grids': 'std::nullopt'},,110,110,,100851866066,100852064066,198000,7633969461187,7633969562737,6255357,6255357,75222,74687,74687,,,,548,74687,74404,,,,,,,,,288[288],1[1],32[1],256[256],TILE,BFLOAT16,DEV_1_DRAM_INTERLEAVED,288[288],1[1],32[1],256[256],TILE,BFLOAT16,DEV_1_DRAM_INTERLEAVED,288[288],1[1],32[1],256[256],TILE,BFLOAT16,DEV_1_DRAM_INTERLEAVED,,,,,,,,,,,,,,,,,,,,,,,,,,,,,,,,,,,,,,,,,,,,,,,,,,288[288],1[1],32[1],768[768],TILE,BFLOAT16,DEV_1_DRAM_INTERLEAVED,,,,,,,,,,,,,,,,,[],[],['ttnn/cpp/ttnn/operations/eltwise/unary/device/kernels/dataflow/writer_unary_interleaved_start_id.cpp'; 'ttnn/cpp/ttnn/operations/data_movement/concat/device/kernels/dataflow/reader_concat_interleaved_start_id.cpp'],['writer_unary_interleaved_start_id/9607551389675776825/'; 'reader_concat_interleaved_start_id/14011537912641755161/'],1986044876256750933,False,1000,1028,0,0,0,0,0,0,0,25749,1,25749,[183.25340270996094; 183.25340270996094; 183.25340270996094],[549.76025390625],0.001,,,,,
ReshapeViewDeviceOperation,tt_dnn_device,378880,0,blackhole,{'logical_output_shape': 'Shape([1; 288; 768])'; 'output_mem_config': 'MemoryConfig(memory_layout=TensorMemoryLayout::INTERLEAVED;buffer_type=BufferType::DRAM;shard_spec=std::nullopt;nd_shard_spec=std::nullopt;created_with_nd_shard_spec=0)'; 'padded_output_shape': 'Shape([1; 288; 768])'; 'recreate_mapping_tensor': 'false'; 'sub_core_grid': 'std::nullopt'},,110,110,,100857285655,100857435642,149987,7633976788361,7633976879178,5352808,5352808,67272,66724,66724,,,,548,66684,66279,,,,,,,,,1[1],288[288],32[1],768[768],TILE,BFLOAT16,DEV_1_DRAM_INTERLEAVED,,,,,,,,,,,,,,,,,,,,,,,,,,,,,,,,,,,,,,,,,,,,,,,,,,,,,,,,,,,,,,,,1[1],1[1],288[288],768[768],TILE,BFLOAT16,DEV_1_DRAM_INTERLEAVED,,,,,,,,,,,,,,,,,[],[],['ttnn/cpp/ttnn/operations/data_movement/reshape_view/device/device/dataflow/writer_reshape_tiled.cpp'; 'ttnn/cpp/ttnn/operations/data_movement/reshape_view/device/device/dataflow/reader_reshape_tiled.cpp'],['writer_reshape_tiled/10233859783596735604/'; 'reader_reshape_tiled/12672329859594754840/'],6816895109479067270,False,1732,948,0,0,0,0,0,0,0,1,1,1,[],[],0.001,,,,,
MatmulDeviceOperation,tt_dnn_device,379904,0,blackhole,{'bcast_batch': 'true'; 'compute_kernel_config': 'ComputeKernelConfig(math_fidelity=HiFi4;math_approx_mode=0;fp32_dest_acc_en=1;packer_l1_acc=1;dst_full_sync_en=0;throttle_level=ThrottleLevel::NO_THROTTLE)'; 'global_cb': 'std::nullopt'; 'output_dtype': 'DataType::BFLOAT16'; 'output_mem_config': 'MemoryConfig(memory_layout=TensorMemoryLayout::INTERLEAVED;buffer_type=BufferType::DRAM;shard_spec=std::nullopt;nd_shard_spec=std::nullopt;created_with_nd_shard_spec=0)'; 'output_tile': 'Tile(tile_shape={32; 32};face_shape={16; 16};num_faces=4)'; 'program_config': 'MatmulMultiCoreReuseMultiCast1DProgramConfig(compute_with_storage_grid_size=(x=11;y=10);in0_block_w=2;out_subblock_h=1;out_subblock_w=4;out_block_h=1;out_block_w=8;per_core_M=1;per_core_N=8;fuse_batch=0;fused_activation=std::nullopt;mcast_in0=0;gather_in0=0;hop_cores={};num_global_cb_receivers=0;untilize_out=0)'; 'sub_device_id': 'std::nullopt'; 'transpose_a': 'false'; 'transpose_b': 'true'; 'untilize_out': 'false'; 'user_core_coord': 'std::nullopt'; 'user_fused_activation': 'std::nullopt'; 'user_run_batched': 'false'},HiFi4,9,110,,100871677408,100871932417,255009,7633996197419,7633996228999,14310518,14310355,23393,22815,22722,,,,503,22627,17799,20221,20379,20679,,,,,,1[1],1[1],288[288],768[768],TILE,BFLOAT16,DEV_1_DRAM_INTERLEAVED,1[1],1[1],256[256],768[768],TILE,BFLOAT16,DEV_1_DRAM_INTERLEAVED,,,,,,,,,,,,,,,,,,,,,,,,,,,,,,,,,,,,,,,,,,,,,,,,,,,,,,,,,1[1],1[1],288[288],256[256],TILE,BFLOAT16,DEV_1_DRAM_INTERLEAVED,,,,,,,,,,,,,,,,,['ttnn/cpp/ttnn/operations/matmul/device/kernels/compute/bmm_large_block_zm_fused_bias_activation.cpp'],['bmm_large_block_zm_fused_bias_activation/2286946594852536290/'],['ttnn/cpp/ttnn/operations/matmul/device/kernels/dataflow/reader_bmm_tile_layout_in1_receiver_writer_padding.cpp'; 'ttnn/cpp/ttnn/operations/matmul/device/kernels/dataflow/reader_bmm_tile_layout_in1_sender_writer_padding.cpp'; 'ttnn/cpp/ttnn/operations/matmul/device/kernels/dataflow/reader_bmm_tile_layout_in0_sender_padding.cpp'],['reader_bmm_tile_layout_in1_receiver_writer_padding/16359546352991987240/'; 'reader_bmm_tile_layout_in1_sender_writer_padding/6694614555187315709/'; 'reader_bmm_tile_layout_in0_sender_padding/11781439013745131380/'],5729168373541275629,False,2104,728,2240,1976,2580,0,0,0,0,804,746,804,[550.208984375; 489.0746154785156],[183.40298461914062],3.27,,,,,
ReshapeViewDeviceOperation,tt_dnn_device,380928,0,blackhole,{'logical_output_shape': 'Shape([288; 1; 256])'; 'output_mem_config': 'MemoryConfig(memory_layout=TensorMemoryLayout::INTERLEAVED;buffer_type=BufferType::DRAM;shard_spec=std::nullopt;nd_shard_spec=std::nullopt;created_with_nd_shard_spec=0)'; 'padded_output_shape': 'Shape([288; 32; 256])'; 'recreate_mapping_tensor': 'false'; 'sub_core_grid': 'std::nullopt'},,110,110,,100872214618,100872317045,102427,7633996941226,7633996984319,528098,528098,31921,31397,31397,,,,545,31357,30935,,,,,,,,,1[1],1[1],288[288],256[256],TILE,BFLOAT16,DEV_1_DRAM_INTERLEAVED,,,,,,,,,,,,,,,,,,,,,,,,,,,,,,,,,,,,,,,,,,,,,,,,,,,,,,,,,,,,,,,,1[1],288[288],32[1],256[256],TILE,BFLOAT16,DEV_1_DRAM_INTERLEAVED,,,,,,,,,,,,,,,,,[],[],['ttnn/cpp/ttnn/operations/data_movement/reshape_view/device/device/dataflow/writer_reshape_tiled.cpp'; 'ttnn/cpp/ttnn/operations/data_movement/reshape_view/device/device/dataflow/reader_reshape_tiled.cpp'],['writer_reshape_tiled/17030411512468554936/'; 'reader_reshape_tiled/14182050078885912600/'],6817828670409232879,True,1716,948,0,0,0,0,0,0,0,1,1,1,[],[],0.003,,,,,
ReshapeViewDeviceOperation,tt_dnn_device,381952,0,blackhole,{'logical_output_shape': 'Shape([1; 288; 256])'; 'output_mem_config': 'MemoryConfig(memory_layout=TensorMemoryLayout::INTERLEAVED;buffer_type=BufferType::DRAM;shard_spec=std::nullopt;nd_shard_spec=std::nullopt;created_with_nd_shard_spec=0)'; 'padded_output_shape': 'Shape([1; 288; 256])'; 'recreate_mapping_tensor': 'false'; 'sub_core_grid': 'std::nullopt'},,72,110,,100875485574,100875613470,127896,7634001359805,7634001388225,3242050,3242050,21052,20106,20106,,,,554,20106,19732,,,,,,,,,1[1],288[288],32[1],256[256],TILE,BFLOAT16,DEV_1_DRAM_INTERLEAVED,,,,,,,,,,,,,,,,,,,,,,,,,,,,,,,,,,,,,,,,,,,,,,,,,,,,,,,,,,,,,,,,1[1],1[1],288[288],256[256],TILE,BFLOAT16,DEV_1_DRAM_INTERLEAVED,,,,,,,,,,,,,,,,,[],[],['ttnn/cpp/ttnn/operations/data_movement/reshape_view/device/device/dataflow/writer_reshape_tiled.cpp'; 'ttnn/cpp/ttnn/operations/data_movement/reshape_view/device/device/dataflow/reader_reshape_tiled.cpp'],['writer_reshape_tiled/10233859783596735604/'; 'reader_reshape_tiled/12672329859594754840/'],6816877232042530198,False,1732,948,0,0,0,0,0,0,0,1,1,1,[],[],0.005,,,,,
MatmulDeviceOperation,tt_dnn_device,382976,0,blackhole,{'bcast_batch': 'true'; 'compute_kernel_config': 'ComputeKernelConfig(math_fidelity=HiFi4;math_approx_mode=0;fp32_dest_acc_en=1;packer_l1_acc=1;dst_full_sync_en=0;throttle_level=ThrottleLevel::NO_THROTTLE)'; 'global_cb': 'std::nullopt'; 'output_dtype': 'DataType::BFLOAT16'; 'output_mem_config': 'MemoryConfig(memory_layout=TensorMemoryLayout::INTERLEAVED;buffer_type=BufferType::DRAM;shard_spec=std::nullopt;nd_shard_spec=std::nullopt;created_with_nd_shard_spec=0)'; 'output_tile': 'Tile(tile_shape={32; 32};face_shape={16; 16};num_faces=4)'; 'program_config': 'MatmulMultiCoreReuseMultiCast1DProgramConfig(compute_with_storage_grid_size=(x=11;y=10);in0_block_w=2;out_subblock_h=1;out_subblock_w=4;out_block_h=1;out_block_w=8;per_core_M=1;per_core_N=8;fuse_batch=0;fused_activation=std::nullopt;mcast_in0=0;gather_in0=0;hop_cores={};num_global_cb_receivers=0;untilize_out=0)'; 'sub_device_id': 'std::nullopt'; 'transpose_a': 'false'; 'transpose_b': 'true'; 'untilize_out': 'false'; 'user_core_coord': 'std::nullopt'; 'user_fused_activation': 'std::nullopt'; 'user_run_batched': 'false'},HiFi4,9,110,,100876008297,100876198332,190035,7634002059073,7634002073583,497509,497592,10748,10184,10095,,,,580,10000,5324,7661,7811,8108,,,,,,1[1],1[1],288[288],256[256],TILE,BFLOAT16,DEV_1_DRAM_INTERLEAVED,1[1],1[1],256[256],256[256],TILE,BFLOAT16,DEV_1_DRAM_INTERLEAVED,,,,,,,,,,,,,,,,,,,,,,,,,,,,,,,,,,,,,,,,,,,,,,,,,,,,,,,,,1[1],1[1],288[288],256[256],TILE,BFLOAT16,DEV_1_DRAM_INTERLEAVED,,,,,,,,,,,,,,,,,['ttnn/cpp/ttnn/operations/matmul/device/kernels/compute/bmm_large_block_zm_fused_bias_activation.cpp'],['bmm_large_block_zm_fused_bias_activation/10560588865599254586/'],['ttnn/cpp/ttnn/operations/matmul/device/kernels/dataflow/reader_bmm_tile_layout_in1_receiver_writer_padding.cpp'; 'ttnn/cpp/ttnn/operations/matmul/device/kernels/dataflow/reader_bmm_tile_layout_in1_sender_writer_padding.cpp'; 'ttnn/cpp/ttnn/operations/matmul/device/kernels/dataflow/reader_bmm_tile_layout_in0_sender_padding.cpp'],['reader_bmm_tile_layout_in1_receiver_writer_padding/6256039447678154272/'; 'reader_bmm_tile_layout_in1_sender_writer_padding/3884429638124265397/'; 'reader_bmm_tile_layout_in0_sender_padding/9820741442600851932/'],5729168373540146701,True,2136,752,2236,1976,2544,0,0,0,0,268,249,268,[550.208984375; 489.0746154785156],[550.208984375],2.445,,,,,
ReshapeViewDeviceOperation,tt_dnn_device,384000,0,blackhole,{'logical_output_shape': 'Shape([288; 1; 256])'; 'output_mem_config': 'MemoryConfig(memory_layout=TensorMemoryLayout::INTERLEAVED;buffer_type=BufferType::DRAM;shard_spec=std::nullopt;nd_shard_spec=std::nullopt;created_with_nd_shard_spec=0)'; 'padded_output_shape': 'Shape([288; 32; 256])'; 'recreate_mapping_tensor': 'false'; 'sub_core_grid': 'std::nullopt'},,110,110,,100876353359,100876436499,83140,7634002529352,7634002572135,338157,338157,31691,31152,31152,,,,556,31099,30761,,,,,,,,,1[1],1[1],288[288],256[256],TILE,BFLOAT16,DEV_1_DRAM_INTERLEAVED,,,,,,,,,,,,,,,,,,,,,,,,,,,,,,,,,,,,,,,,,,,,,,,,,,,,,,,,,,,,,,,,1[1],288[288],32[1],256[256],TILE,BFLOAT16,DEV_1_DRAM_INTERLEAVED,,,,,,,,,,,,,,,,,[],[],['ttnn/cpp/ttnn/operations/data_movement/reshape_view/device/device/dataflow/writer_reshape_tiled.cpp'; 'ttnn/cpp/ttnn/operations/data_movement/reshape_view/device/device/dataflow/reader_reshape_tiled.cpp'],['writer_reshape_tiled/17030411512468554936/'; 'reader_reshape_tiled/14182050078885912600/'],6817828670409232879,True,1716,948,0,0,0,0,0,0,0,1,1,1,[],[],0.003,,,,,
GenericOpDeviceOperation,tt_dnn_device,385024,0,blackhole,{'num_mesh_programs': '1'},HiFi4,110,110,,100877844961,100877948109,103148,7634004543585,7634004588815,1460851,1460852,33504,32970,32967,,,,561,32886,31330,31383,32697,32052,,,,,,1[1],288[288],32[1],256[256],TILE,BFLOAT16,DEV_1_DRAM_INTERLEAVED,1[1],288[288],32[1],256[256],TILE,BFLOAT16,DEV_1_DRAM_INTERLEAVED,1[1],288[288],32[1],256[256],TILE,BFLOAT16,DEV_1_DRAM_INTERLEAVED,1[1],288[288],32[1],256[256],TILE,BFLOAT16,DEV_1_DRAM_INTERLEAVED,,,,,,,,,,,,,,,,,,,,,,,,,,,,,,,,,,,,,,,,,,,1[1],288[288],32[1],256[256],TILE,BFLOAT16,DEV_1_DRAM_INTERLEAVED,,,,,,,,,,,,,,,,,['/home/ttuser/.coworker/wt/bcp-evo/tt_bio/kernels/rne_add/compute_rne_add.cpp'],['compute_rne_add/15506775982570106819/'],['/home/ttuser/.coworker/wt/bcp-evo/tt_bio/kernels/rne_add/writer_rne_add.cpp'; '/home/ttuser/.coworker/wt/bcp-evo/tt_bio/kernels/rne_add/reader_rne_add.cpp'],['writer_rne_add/11689109000663956392/'; 'reader_rne_add/5462348467134491698/'],16281275380064118936,True,768,1412,1604,1376,1432,0,0,0,0,1,1,1,[],[],0.003,,,,,
FillPadDeviceOperation,tt_dnn_device,386048,0,blackhole,{'fill_value': '0'; 'output_mem_config': 'MemoryConfig(memory_layout=TensorMemoryLayout::INTERLEAVED;buffer_type=BufferType::DRAM;shard_spec=std::nullopt;nd_shard_spec=std::nullopt;created_with_nd_shard_spec=0)'},,110,110,,100885512743,100885724449,211706,7634014875977,7634014971879,7620630,7620630,71039,70508,70508,,,,550,70508,,,,,,,,,,1[1],288[288],32[1],256[256],TILE,BFLOAT16,DEV_1_DRAM_INTERLEAVED,,,,,,,,,,,,,,,,,,,,,,,,,,,,,,,,,,,,,,,,,,,,,,,,,,,,,,,,,,,,,,,,1[1],288[288],32[1],256[256],TILE,BFLOAT16,DEV_1_DRAM_INTERLEAVED,,,,,,,,,,,,,,,,,[],[],['ttnn/cpp/ttnn/operations/data_movement/fill_pad/device/kernels/dataflow/fill_pad_writer.cpp'],['fill_pad_writer/10166880304201182191/'],9204063423563486726,False,876,0,0,0,0,0,0,0,0,1,1,1,[],[],0.001,,,,,
ReduceDeviceOperation,tt_dnn_device,387072,0,blackhole,{'compute_kernel_config': 'ComputeKernelConfig(math_fidelity=HiFi4;math_approx_mode=0;fp32_dest_acc_en=1;packer_l1_acc=1;dst_full_sync_en=0;throttle_level=ThrottleLevel::NO_THROTTLE)'; 'dim': 'ReduceOpDim::W'; 'math_op': 'ReduceOpMath::SUM'; 'negate': 'false'; 'output_dtype': 'DataType::BFLOAT16'; 'output_mem_config': 'MemoryConfig(memory_layout=TensorMemoryLayout::INTERLEAVED;buffer_type=BufferType::DRAM;shard_spec=std::nullopt;nd_shard_spec=std::nullopt;created_with_nd_shard_spec=0)'; 'scaler': '1'; 'sub_core_grids': 'std::nullopt'},HiFi4,110,110,,100897191180,100897310930,119750,7634030660447,7634030690672,11622944,11622944,22389,20413,20413,,,,555,20413,19970,20002,16693,16719,,,,,,1[1],288[288],32[1],256[256],TILE,BFLOAT16,DEV_1_DRAM_INTERLEAVED,,,,,,,,,,,,,,,,,,,,,,,,,,,,,,,,,,,,,,,,,,,,,,,,,,,,,,,,,,,,,,,,1[1],288[288],32[1],32[1],TILE,BFLOAT16,DEV_1_DRAM_INTERLEAVED,,,,,,,,,,,,,,,,,['ttnn/cpp/ttnn/operations/reduction/generic/device/kernels/compute/reduce_w.cpp'],['reduce_w/15521362311364376162/'],['ttnn/cpp/ttnn/operations/eltwise/unary/device/kernels/dataflow/writer_unary_interleaved_start_id.cpp'; 'ttnn/cpp/ttnn/operations/reduction/generic/device/kernels/dataflow/reader_unary_reduce_universal_start_id.cpp'],['writer_unary_interleaved_start_id/7610405289054196905/'; 'reader_unary_reduce_universal_start_id/2917012571179936195/'],4781595924051160396,False,1000,900,1308,1012,1248,0,0,0,0,1,1,1,[],[],0.005,,,,,
BinaryNgDeviceOperation,tt_dnn_device,388096,0,blackhole,{'binary_op_type': 'BinaryOpType::DIV'; 'compute_kernel_config': 'std::nullopt'; 'dtype': 'DataType::BFLOAT16'; 'input_dtype': 'DataType::BFLOAT16'; 'is_quant_op': 'false'; 'is_sfpu': 'true'; 'is_where_op': 'false'; 'lhs_activations': '{}'; 'memory_config': 'MemoryConfig(memory_layout=TensorMemoryLayout::INTERLEAVED;buffer_type=BufferType::DRAM;shard_spec=std::nullopt;nd_shard_spec=std::nullopt;created_with_nd_shard_spec=0)'; 'post_activations': '{}'; 'rhs_activations': '{}'; 'scalar': '256'; 'sub_core_grids': 'std::nullopt'; 'subtile_broadcast_type': 'SubtileBroadcastType::NONE'; 'worker_grid': '{[(x=0;y=0) - (x=10;y=9)]}'},HiFi4,110,110,,100902260356,100902384114,123758,7634037508393,7634037516799,5051140,5050650,6227,5679,5674,,,,555,5664,2660,3119,5143,4163,,,,,,1[1],288[288],32[1],32[1],TILE,BFLOAT16,DEV_1_DRAM_INTERLEAVED,,,,,,,,,,,,,,,,,,,,,,,,,,,,,,,,,,,,,,,,,,,,,,,,,,,,,,,,,,,,,,,,1[1],288[288],32[1],32[1],TILE,BFLOAT16,DEV_1_DRAM_INTERLEAVED,,,,,,,,,,,,,,,,,['ttnn/cpp/ttnn/operations/eltwise/binary_ng/device/kernels/compute/eltwise_binary_sfpu_scalar.cpp'],['eltwise_binary_sfpu_scalar/9867426687322542370/'],['ttnn/cpp/ttnn/operations/eltwise/binary_ng/device/kernels/dataflow/reader_interleaved_no_bcast.cpp'; 'ttnn/cpp/ttnn/operations/eltwise/binary_ng/device/kernels/dataflow/writer_interleaved_scalar.cpp'],['reader_interleaved_no_bcast/15501400787415134526/'; 'writer_interleaved_scalar/13747915134593411132/'],16483906638997270715,False,1228,1256,1532,1424,1296,0,0,0,0,1,1,1,[],[],0.018,,,,,
BinaryNgDeviceOperation,tt_dnn_device,389120,0,blackhole,{'binary_op_type': 'BinaryOpType::SUB'; 'compute_kernel_config': 'std::nullopt'; 'dtype': 'DataType::BFLOAT16'; 'input_dtype': 'DataType::BFLOAT16'; 'is_quant_op': 'false'; 'is_sfpu': 'false'; 'is_where_op': 'false'; 'lhs_activations': '{}'; 'memory_config': 'MemoryConfig(memory_layout=TensorMemoryLayout::INTERLEAVED;buffer_type=BufferType::DRAM;shard_spec=std::nullopt;nd_shard_spec=std::nullopt;created_with_nd_shard_spec=0)'; 'post_activations': '{}'; 'rhs_activations': '{}'; 'scalar': 'std::nullopt'; 'sub_core_grids': 'std::nullopt'; 'subtile_broadcast_type': 'SubtileBroadcastType::SCALAR_B'; 'worker_grid': '{[(x=0;y=0) - (x=10;y=9)]}'},HiFi4,110,110,,100907612014,100907738757,126743,7634044731045,7634044767115,5344365,5344365,26719,26173,26173,,,,551,26171,25770,25769,23195,25121,,,,,,1[1],288[288],32[1],256[256],TILE,BFLOAT16,DEV_1_DRAM_INTERLEAVED,1[1],288[288],32[1],32[1],TILE,BFLOAT16,DEV_1_DRAM_INTERLEAVED,,,,,,,,,,,,,,,,,,,,,,,,,,,,,,,,,,,,,,,,,,,,,,,,,,,,,,,,,1[1],288[288],32[1],256[256],TILE,BFLOAT16,DEV_1_DRAM_INTERLEAVED,,,,,,,,,,,,,,,,,['ttnn/cpp/ttnn/operations/eltwise/binary_ng/device/kernels/compute/eltwise_binary.cpp'],['eltwise_binary/5724872279242879469/'],['ttnn/cpp/ttnn/operations/eltwise/binary_ng/device/kernels_ng/dataflow/reader_interleaved_scalar_bcast.cpp'; 'ttnn/cpp/ttnn/operations/eltwise/binary_ng/device/kernels_ng/dataflow/writer_interleaved_no_bcast.cpp'],['reader_interleaved_scalar_bcast/1617799814458805741/'; 'writer_interleaved_no_bcast/17771707349566412835/'],4287946743756687886,False,1120,1648,1772,840,1832,0,0,0,0,1,1,1,[],[],0.004,,,,,
BinaryNgDeviceOperation,tt_dnn_device,390144,0,blackhole,{'binary_op_type': 'BinaryOpType::MUL'; 'compute_kernel_config': 'std::nullopt'; 'dtype': 'DataType::BFLOAT16'; 'input_dtype': 'DataType::BFLOAT16'; 'is_quant_op': 'false'; 'is_sfpu': 'true'; 'is_where_op': 'false'; 'lhs_activations': '{}'; 'memory_config': 'MemoryConfig(memory_layout=TensorMemoryLayout::INTERLEAVED;buffer_type=BufferType::DRAM;shard_spec=std::nullopt;nd_shard_spec=std::nullopt;created_with_nd_shard_spec=0)'; 'post_activations': '{}'; 'rhs_activations': '{}'; 'scalar': 'std::nullopt'; 'sub_core_grids': 'std::nullopt'; 'subtile_broadcast_type': 'SubtileBroadcastType::NONE'; 'worker_grid': '{[(x=0;y=0) - (x=10;y=9)]}'},HiFi4,110,110,,100907883555,100907959491,75936,7634045099123,7634045144645,246461,246466,33720,33191,33184,,,,550,33154,31960,32010,32770,32166,,,,,,1[1],288[288],32[1],256[256],TILE,BFLOAT16,DEV_1_DRAM_INTERLEAVED,1[1],288[288],32[1],256[256],TILE,BFLOAT16,DEV_1_DRAM_INTERLEAVED,,,,,,,,,,,,,,,,,,,,,,,,,,,,,,,,,,,,,,,,,,,,,,,,,,,,,,,,,1[1],288[288],32[1],256[256],TILE,BFLOAT16,DEV_1_DRAM_INTERLEAVED,,,,,,,,,,,,,,,,,['ttnn/cpp/ttnn/operations/eltwise/binary_ng/device/kernels/compute/eltwise_binary_sfpu_no_bcast.cpp'],['eltwise_binary_sfpu_no_bcast/12748254803204292867/'],['ttnn/cpp/ttnn/operations/eltwise/binary_ng/device/kernels_ng/dataflow/reader_interleaved_no_bcast.cpp'; 'ttnn/cpp/ttnn/operations/eltwise/binary_ng/device/kernels_ng/dataflow/writer_interleaved_no_bcast.cpp'],['reader_interleaved_no_bcast/13569263223077070646/'; 'writer_interleaved_no_bcast/17771707349566412835/'],2894756004430506998,True,1120,1644,1492,1264,1296,0,0,0,0,1,1,1,[],[],0.003,,,,,
FillPadDeviceOperation,tt_dnn_device,391168,0,blackhole,{'fill_value': '0'; 'output_mem_config': 'MemoryConfig(memory_layout=TensorMemoryLayout::INTERLEAVED;buffer_type=BufferType::DRAM;shard_spec=std::nullopt;nd_shard_spec=std::nullopt;created_with_nd_shard_spec=0)'},,110,110,,100908423331,100908509907,86576,7634045823546,7634045916903,503430,503430,69153,68616,68616,,,,545,68616,,,,,,,,,,1[1],288[288],32[1],256[256],TILE,BFLOAT16,DEV_1_DRAM_INTERLEAVED,,,,,,,,,,,,,,,,,,,,,,,,,,,,,,,,,,,,,,,,,,,,,,,,,,,,,,,,,,,,,,,,1[1],288[288],32[1],256[256],TILE,BFLOAT16,DEV_1_DRAM_INTERLEAVED,,,,,,,,,,,,,,,,,[],[],['ttnn/cpp/ttnn/operations/data_movement/fill_pad/device/kernels/dataflow/fill_pad_writer.cpp'],['fill_pad_writer/10166880304201182191/'],9204063423563475878,False,876,0,0,0,0,0,0,0,0,1,1,1,[],[],0.001,,,,,
ReduceDeviceOperation,tt_dnn_device,392192,0,blackhole,{'compute_kernel_config': 'ComputeKernelConfig(math_fidelity=HiFi4;math_approx_mode=0;fp32_dest_acc_en=1;packer_l1_acc=1;dst_full_sync_en=0;throttle_level=ThrottleLevel::NO_THROTTLE)'; 'dim': 'ReduceOpDim::W'; 'math_op': 'ReduceOpMath::SUM'; 'negate': 'false'; 'output_dtype': 'DataType::BFLOAT16'; 'output_mem_config': 'MemoryConfig(memory_layout=TensorMemoryLayout::INTERLEAVED;buffer_type=BufferType::DRAM;shard_spec=std::nullopt;nd_shard_spec=std::nullopt;created_with_nd_shard_spec=0)'; 'scaler': '1'; 'sub_core_grids': 'std::nullopt'},HiFi4,110,110,,100908608837,100908706594,97757,7634046080088,7634046109807,122855,122855,22014,20033,20033,,,,562,20033,19593,19636,16174,16201,,,,,,1[1],288[288],32[1],256[256],TILE,BFLOAT16,DEV_1_DRAM_INTERLEAVED,,,,,,,,,,,,,,,,,,,,,,,,,,,,,,,,,,,,,,,,,,,,,,,,,,,,,,,,,,,,,,,,1[1],288[288],32[1],32[1],TILE,BFLOAT16,DEV_1_DRAM_INTERLEAVED,,,,,,,,,,,,,,,,,['ttnn/cpp/ttnn/operations/reduction/generic/device/kernels/compute/reduce_w.cpp'],['reduce_w/15521362311364376162/'],['ttnn/cpp/ttnn/operations/eltwise/unary/device/kernels/dataflow/writer_unary_interleaved_start_id.cpp'; 'ttnn/cpp/ttnn/operations/reduction/generic/device/kernels/dataflow/reader_unary_reduce_universal_start_id.cpp'],['writer_unary_interleaved_start_id/7610405289054196905/'; 'reader_unary_reduce_universal_start_id/2917012571179936195/'],4781595924051160396,True,1000,900,1308,1012,1248,0,0,0,0,1,1,1,[],[],0.005,,,,,
BinaryNgDeviceOperation,tt_dnn_device,393216,0,blackhole,{'binary_op_type': 'BinaryOpType::DIV'; 'compute_kernel_config': 'std::nullopt'; 'dtype': 'DataType::BFLOAT16'; 'input_dtype': 'DataType::BFLOAT16'; 'is_quant_op': 'false'; 'is_sfpu': 'true'; 'is_where_op': 'false'; 'lhs_activations': '{}'; 'memory_config': 'MemoryConfig(memory_layout=TensorMemoryLayout::INTERLEAVED;buffer_type=BufferType::DRAM;shard_spec=std::nullopt;nd_shard_spec=std::nullopt;created_with_nd_shard_spec=0)'; 'post_activations': '{}'; 'rhs_activations': '{}'; 'scalar': '256'; 'sub_core_grids': 'std::nullopt'; 'subtile_broadcast_type': 'SubtileBroadcastType::NONE'; 'worker_grid': '{[(x=0;y=0) - (x=10;y=9)]}'},HiFi4,110,110,,100908852444,100908936005,83561,7634046407174,7634046415554,220828,220812,6207,5676,5668,,,,561,5616,2670,3103,5116,4061,,,,,,1[1],288[288],32[1],32[1],TILE,BFLOAT16,DEV_1_DRAM_INTERLEAVED,,,,,,,,,,,,,,,,,,,,,,,,,,,,,,,,,,,,,,,,,,,,,,,,,,,,,,,,,,,,,,,,1[1],288[288],32[1],32[1],TILE,BFLOAT16,DEV_1_DRAM_INTERLEAVED,,,,,,,,,,,,,,,,,['ttnn/cpp/ttnn/operations/eltwise/binary_ng/device/kernels/compute/eltwise_binary_sfpu_scalar.cpp'],['eltwise_binary_sfpu_scalar/9867426687322542370/'],['ttnn/cpp/ttnn/operations/eltwise/binary_ng/device/kernels/dataflow/reader_interleaved_no_bcast.cpp'; 'ttnn/cpp/ttnn/operations/eltwise/binary_ng/device/kernels/dataflow/writer_interleaved_scalar.cpp'],['reader_interleaved_no_bcast/15501400787415134526/'; 'writer_interleaved_scalar/13747915134593411132/'],16483906638997270715,True,1228,1256,1532,1424,1296,0,0,0,0,1,1,1,[],[],0.018,,,,,
BinaryNgDeviceOperation,tt_dnn_device,394240,0,blackhole,{'binary_op_type': 'BinaryOpType::ADD'; 'compute_kernel_config': 'std::nullopt'; 'dtype': 'DataType::BFLOAT16'; 'input_dtype': 'DataType::BFLOAT16'; 'is_quant_op': 'false'; 'is_sfpu': 'false'; 'is_where_op': 'false'; 'lhs_activations': '{}'; 'memory_config': 'MemoryConfig(memory_layout=TensorMemoryLayout::INTERLEAVED;buffer_type=BufferType::DRAM;shard_spec=std::nullopt;nd_shard_spec=std::nullopt;created_with_nd_shard_spec=0)'; 'post_activations': '{}'; 'rhs_activations': '{}'; 'scalar': '1e-05'; 'sub_core_grids': 'std::nullopt'; 'subtile_broadcast_type': 'SubtileBroadcastType::NONE'; 'worker_grid': '{[(x=0;y=0) - (x=10;y=9)]}'},HiFi4,110,110,,100922941166,100923087867,146701,7634065422446,7634065428770,14079331,14079331,4684,4151,4151,,,,559,4138,2734,2738,670,3424,,,,,,1[1],288[288],32[1],32[1],TILE,BFLOAT16,DEV_1_DRAM_INTERLEAVED,,,,,,,,,,,,,,,,,,,,,,,,,,,,,,,,,,,,,,,,,,,,,,,,,,,,,,,,,,,,,,,,1[1],288[288],32[1],32[1],TILE,BFLOAT16,DEV_1_DRAM_INTERLEAVED,,,,,,,,,,,,,,,,,['ttnn/cpp/ttnn/operations/eltwise/binary_ng/device/kernels/compute/eltwise_binary_scalar.cpp'],['eltwise_binary_scalar/8596587809846614635/'],['ttnn/cpp/ttnn/operations/eltwise/binary_ng/device/kernels/dataflow/reader_interleaved_no_bcast.cpp'; 'ttnn/cpp/ttnn/operations/eltwise/binary_ng/device/kernels/dataflow/writer_interleaved_scalar.cpp'],['reader_interleaved_no_bcast/15501400787415134526/'; 'writer_interleaved_scalar/13747915134593411132/'],10842531335710259163,False,1228,1256,1320,672,1296,0,0,0,0,1,1,1,[],[],0.024,,,,,
UnaryDeviceOperation,tt_dnn_device,395264,0,blackhole,{'bfp8_pack_precise': 'false'; 'fp32_dest_acc_en': 'false'; 'op_chain': '{BasicUnaryWithParam<float; int; unsigned int>(base=BasicUnaryWithParam<float>(op_type=UnaryOpType::RSQRT;param={0}))}'; 'output_dtype': 'DataType::BFLOAT16'; 'output_memory_config': 'MemoryConfig(memory_layout=TensorMemoryLayout::INTERLEAVED;buffer_type=BufferType::DRAM;shard_spec=std::nullopt;nd_shard_spec=std::nullopt;created_with_nd_shard_spec=0)'; 'preserve_fp32_precision': 'false'; 'sub_core_grids': 'std::nullopt'},HiFi4,110,110,,100932812586,100932961832,149246,7634078744808,7634078753303,9864865,9866561,6293,4310,4310,,,,565,4310,2729,2779,3874,3281,,,,,,1[1],288[288],32[1],32[1],TILE,BFLOAT16,DEV_1_DRAM_INTERLEAVED,,,,,,,,,,,,,,,,,,,,,,,,,,,,,,,,,,,,,,,,,,,,,,,,,,,,,,,,,,,,,,,,1[1],288[288],32[1],32[1],TILE,BFLOAT16,DEV_1_DRAM_INTERLEAVED,,,,,,,,,,,,,,,,,['ttnn/cpp/ttnn/operations/eltwise/unary/device/kernels/compute//eltwise_sfpu.cpp'],['eltwise_sfpu/3916153648187848777/'],['ttnn/cpp/ttnn/operations/eltwise/unary/device/kernels/dataflow/writer_unary_interleaved_start_id.cpp'; 'ttnn/cpp/ttnn/operations/eltwise/unary/device/kernels/dataflow/reader_unary_interleaved_start_id.cpp'],['writer_unary_interleaved_start_id/18420985178371572401/'; 'reader_unary_interleaved_start_id/8108632240641757375/'],7481878991383641429,False,1000,928,1084,1080,1272,0,0,0,0,1,1,1,[],[],0.023,,,,,
BinaryNgDeviceOperation,tt_dnn_device,396288,0,blackhole,{'binary_op_type': 'BinaryOpType::MUL'; 'compute_kernel_config': 'std::nullopt'; 'dtype': 'DataType::BFLOAT16'; 'input_dtype': 'DataType::BFLOAT16'; 'is_quant_op': 'false'; 'is_sfpu': 'true'; 'is_where_op': 'false'; 'lhs_activations': '{}'; 'memory_config': 'MemoryConfig(memory_layout=TensorMemoryLayout::INTERLEAVED;buffer_type=BufferType::DRAM;shard_spec=std::nullopt;nd_shard_spec=std::nullopt;created_with_nd_shard_spec=0)'; 'post_activations': '{}'; 'rhs_activations': '{}'; 'scalar': 'std::nullopt'; 'sub_core_grids': 'std::nullopt'; 'subtile_broadcast_type': 'SubtileBroadcastType::SCALAR_B'; 'worker_grid': '{[(x=0;y=0) - (x=10;y=9)]}'},HiFi4,110,110,,100943069986,100943280029,210043,7634092589215,7634092627655,10249181,10249244,28474,27941,27933,,,,561,27893,26518,26578,27532,26913,,,,,,1[1],288[288],32[1],256[256],TILE,BFLOAT16,DEV_1_DRAM_INTERLEAVED,1[1],288[288],32[1],32[1],TILE,BFLOAT16,DEV_1_DRAM_INTERLEAVED,,,,,,,,,,,,,,,,,,,,,,,,,,,,,,,,,,,,,,,,,,,,,,,,,,,,,,,,,1[1],288[288],32[1],256[256],TILE,BFLOAT16,DEV_1_DRAM_INTERLEAVED,,,,,,,,,,,,,,,,,['ttnn/cpp/ttnn/operations/eltwise/binary_ng/device/kernels/compute/eltwise_binary_sfpu.cpp'],['eltwise_binary_sfpu/2622353004832616796/'],['ttnn/cpp/ttnn/operations/eltwise/binary_ng/device/kernels_ng/dataflow/reader_interleaved_scalar_bcast.cpp'; 'ttnn/cpp/ttnn/operations/eltwise/binary_ng/device/kernels_ng/dataflow/writer_interleaved_no_bcast.cpp'],['reader_interleaved_scalar_bcast/1617799814458805741/'; 'writer_interleaved_no_bcast/17771707349566412835/'],2900594943603824612,False,1120,1648,2184,1876,1832,0,0,0,0,1,1,1,[],[],0.004,,,,,
BinaryNgDeviceOperation,tt_dnn_device,397312,0,blackhole,{'binary_op_type': 'BinaryOpType::MUL'; 'compute_kernel_config': 'std::nullopt'; 'dtype': 'DataType::BFLOAT16'; 'input_dtype': 'DataType::BFLOAT16'; 'is_quant_op': 'false'; 'is_sfpu': 'true'; 'is_where_op': 'false'; 'lhs_activations': '{}'; 'memory_config': 'MemoryConfig(memory_layout=TensorMemoryLayout::INTERLEAVED;buffer_type=BufferType::DRAM;shard_spec=std::nullopt;nd_shard_spec=std::nullopt;created_with_nd_shard_spec=0)'; 'post_activations': '{}'; 'rhs_activations': '{}'; 'scalar': 'std::nullopt'; 'sub_core_grids': 'std::nullopt'; 'subtile_broadcast_type': 'SubtileBroadcastType::NONE'; 'worker_grid': '{[(x=0;y=0) - (x=10;y=9)]}'},HiFi4,110,110,,100943532273,100943649538,117265,7634093222843,7634093270413,441419,441419,35237,34698,34698,,,,564,34682,33457,33512,34290,33681,,,,,,1[1],288[288],32[1],256[256],TILE,BFLOAT16,DEV_1_DRAM_INTERLEAVED,1[1],1[1],32[1],256[256],TILE,BFLOAT16,DEV_1_DRAM_INTERLEAVED,,,,,,,,,,,,,,,,,,,,,,,,,,,,,,,,,,,,,,,,,,,,,,,,,,,,,,,,,1[1],288[288],32[1],256[256],TILE,BFLOAT16,DEV_1_DRAM_INTERLEAVED,,,,,,,,,,,,,,,,,['ttnn/cpp/ttnn/operations/eltwise/binary_ng/device/kernels/compute/eltwise_binary_sfpu_no_bcast.cpp'],['eltwise_binary_sfpu_no_bcast/12748254803204292867/'],['ttnn/cpp/ttnn/operations/eltwise/binary_ng/device/kernels_ng/dataflow/reader_interleaved_no_bcast.cpp'; 'ttnn/cpp/ttnn/operations/eltwise/binary_ng/device/kernels_ng/dataflow/writer_interleaved_no_bcast.cpp'],['reader_interleaved_no_bcast/13569263223077070646/'; 'writer_interleaved_no_bcast/17771707349566412835/'],2894756004430506998,True,1120,1644,1492,1264,1296,0,0,0,0,1,1,1,[],[],0.003,,,,,
FillPadDeviceOperation,tt_dnn_device,398336,0,blackhole,{'fill_value': '0'; 'output_mem_config': 'MemoryConfig(memory_layout=TensorMemoryLayout::INTERLEAVED;buffer_type=BufferType::DRAM;shard_spec=std::nullopt;nd_shard_spec=std::nullopt;created_with_nd_shard_spec=0)'},,110,110,,100943748849,100943810968,62119,7634093511016,7634093606826,178758,178758,70970,70438,70438,,,,541,70438,,,,,,,,,,1[1],288[288],32[1],256[256],TILE,BFLOAT16,DEV_1_DRAM_INTERLEAVED,,,,,,,,,,,,,,,,,,,,,,,,,,,,,,,,,,,,,,,,,,,,,,,,,,,,,,,,,,,,,,,,1[1],288[288],32[1],256[256],TILE,BFLOAT16,DEV_1_DRAM_INTERLEAVED,,,,,,,,,,,,,,,,,[],[],['ttnn/cpp/ttnn/operations/data_movement/fill_pad/device/kernels/dataflow/fill_pad_writer.cpp'],['fill_pad_writer/10166880304201182191/'],9204063423563475878,True,876,0,0,0,0,0,0,0,0,1,1,1,[],[],0.001,,,,,
ReduceDeviceOperation,tt_dnn_device,399360,0,blackhole,{'compute_kernel_config': 'ComputeKernelConfig(math_fidelity=HiFi4;math_approx_mode=0;fp32_dest_acc_en=1;packer_l1_acc=1;dst_full_sync_en=0;throttle_level=ThrottleLevel::NO_THROTTLE)'; 'dim': 'ReduceOpDim::W'; 'math_op': 'ReduceOpMath::SUM'; 'negate': 'false'; 'output_dtype': 'DataType::BFLOAT16'; 'output_mem_config': 'MemoryConfig(memory_layout=TensorMemoryLayout::INTERLEAVED;buffer_type=BufferType::DRAM;shard_spec=std::nullopt;nd_shard_spec=std::nullopt;created_with_nd_shard_spec=0)'; 'scaler': '1'; 'sub_core_grids': 'std::nullopt'},HiFi4,110,110,,100943894478,100943964433,69955,7634093714496,7634093745088,81738,81738,22661,20678,20678,,,,557,20676,20237,20267,16974,16987,,,,,,1[1],288[288],32[1],256[256],TILE,BFLOAT16,DEV_1_DRAM_INTERLEAVED,,,,,,,,,,,,,,,,,,,,,,,,,,,,,,,,,,,,,,,,,,,,,,,,,,,,,,,,,,,,,,,,1[1],288[288],32[1],32[1],TILE,BFLOAT16,DEV_1_DRAM_INTERLEAVED,,,,,,,,,,,,,,,,,['ttnn/cpp/ttnn/operations/reduction/generic/device/kernels/compute/reduce_w.cpp'],['reduce_w/15521362311364376162/'],['ttnn/cpp/ttnn/operations/eltwise/unary/device/kernels/dataflow/writer_unary_interleaved_start_id.cpp'; 'ttnn/cpp/ttnn/operations/reduction/generic/device/kernels/dataflow/reader_unary_reduce_universal_start_id.cpp'],['writer_unary_interleaved_start_id/7610405289054196905/'; 'reader_unary_reduce_universal_start_id/2917012571179936195/'],4781595924051160396,True,1000,900,1308,1012,1248,0,0,0,0,1,1,1,[],[],0.005,,,,,
BinaryNgDeviceOperation,tt_dnn_device,400384,0,blackhole,{'binary_op_type': 'BinaryOpType::DIV'; 'compute_kernel_config': 'std::nullopt'; 'dtype': 'DataType::BFLOAT16'; 'input_dtype': 'DataType::BFLOAT16'; 'is_quant_op': 'false'; 'is_sfpu': 'true'; 'is_where_op': 'false'; 'lhs_activations': '{}'; 'memory_config': 'MemoryConfig(memory_layout=TensorMemoryLayout::INTERLEAVED;buffer_type=BufferType::DRAM;shard_spec=std::nullopt;nd_shard_spec=std::nullopt;created_with_nd_shard_spec=0)'; 'post_activations': '{}'; 'rhs_activations': '{}'; 'scalar': '256'; 'sub_core_grids': 'std::nullopt'; 'subtile_broadcast_type': 'SubtileBroadcastType::NONE'; 'worker_grid': '{[(x=0;y=0) - (x=10;y=9)]}'},HiFi4,110,110,,100944085264,100944166651,81387,7634093971254,7634093979720,168079,168083,6271,5735,5729,,,,556,5696,2679,3105,5130,4078,,,,,,1[1],288[288],32[1],32[1],TILE,BFLOAT16,DEV_1_DRAM_INTERLEAVED,,,,,,,,,,,,,,,,,,,,,,,,,,,,,,,,,,,,,,,,,,,,,,,,,,,,,,,,,,,,,,,,1[1],288[288],32[1],32[1],TILE,BFLOAT16,DEV_1_DRAM_INTERLEAVED,,,,,,,,,,,,,,,,,['ttnn/cpp/ttnn/operations/eltwise/binary_ng/device/kernels/compute/eltwise_binary_sfpu_scalar.cpp'],['eltwise_binary_sfpu_scalar/9867426687322542370/'],['ttnn/cpp/ttnn/operations/eltwise/binary_ng/device/kernels/dataflow/reader_interleaved_no_bcast.cpp'; 'ttnn/cpp/ttnn/operations/eltwise/binary_ng/device/kernels/dataflow/writer_interleaved_scalar.cpp'],['reader_interleaved_no_bcast/15501400787415134526/'; 'writer_interleaved_scalar/13747915134593411132/'],16483906638997270715,True,1228,1256,1532,1424,1296,0,0,0,0,1,1,1,[],[],0.017,,,,,
BinaryNgDeviceOperation,tt_dnn_device,401408,0,blackhole,{'binary_op_type': 'BinaryOpType::MUL'; 'compute_kernel_config': 'std::nullopt'; 'dtype': 'DataType::BFLOAT16'; 'input_dtype': 'DataType::BFLOAT16'; 'is_quant_op': 'false'; 'is_sfpu': 'true'; 'is_where_op': 'false'; 'lhs_activations': '{}'; 'memory_config': 'MemoryConfig(memory_layout=TensorMemoryLayout::INTERLEAVED;buffer_type=BufferType::DRAM;shard_spec=std::nullopt;nd_shard_spec=std::nullopt;created_with_nd_shard_spec=0)'; 'post_activations': '{}'; 'rhs_activations': '{}'; 'scalar': 'std::nullopt'; 'sub_core_grids': 'std::nullopt'; 'subtile_broadcast_type': 'SubtileBroadcastType::NONE'; 'worker_grid': '{[(x=0;y=0) - (x=10;y=9)]}'},HiFi4,110,110,,100944249479,100944301048,51569,7634094195475,7634094240322,160353,160358,33220,32679,32673,,,,557,32658,31669,31719,32344,31741,,,,,,1[1],288[288],32[1],256[256],TILE,BFLOAT16,DEV_1_DRAM_INTERLEAVED,1[1],288[288],32[1],256[256],TILE,BFLOAT16,DEV_1_DRAM_INTERLEAVED,,,,,,,,,,,,,,,,,,,,,,,,,,,,,,,,,,,,,,,,,,,,,,,,,,,,,,,,,1[1],288[288],32[1],256[256],TILE,BFLOAT16,DEV_1_DRAM_INTERLEAVED,,,,,,,,,,,,,,,,,['ttnn/cpp/ttnn/operations/eltwise/binary_ng/device/kernels/compute/eltwise_binary_sfpu_no_bcast.cpp'],['eltwise_binary_sfpu_no_bcast/12748254803204292867/'],['ttnn/cpp/ttnn/operations/eltwise/binary_ng/device/kernels_ng/dataflow/reader_interleaved_no_bcast.cpp'; 'ttnn/cpp/ttnn/operations/eltwise/binary_ng/device/kernels_ng/dataflow/writer_interleaved_no_bcast.cpp'],['reader_interleaved_no_bcast/13569263223077070646/'; 'writer_interleaved_no_bcast/17771707349566412835/'],2894756004430506998,True,1120,1644,1492,1264,1296,0,0,0,0,1,1,1,[],[],0.003,,,,,
FillPadDeviceOperation,tt_dnn_device,402432,0,blackhole,{'fill_value': '0'; 'output_mem_config': 'MemoryConfig(memory_layout=TensorMemoryLayout::INTERLEAVED;buffer_type=BufferType::DRAM;shard_spec=std::nullopt;nd_shard_spec=std::nullopt;created_with_nd_shard_spec=0)'},,110,110,,100944329673,100944367827,38154,7634094299850,7634094396731,44632,44632,71764,71221,71221,,,,550,71221,,,,,,,,,,1[1],288[288],32[1],256[256],TILE,BFLOAT16,DEV_1_DRAM_INTERLEAVED,,,,,,,,,,,,,,,,,,,,,,,,,,,,,,,,,,,,,,,,,,,,,,,,,,,,,,,,,,,,,,,,1[1],288[288],32[1],256[256],TILE,BFLOAT16,DEV_1_DRAM_INTERLEAVED,,,,,,,,,,,,,,,,,[],[],['ttnn/cpp/ttnn/operations/data_movement/fill_pad/device/kernels/dataflow/fill_pad_writer.cpp'],['fill_pad_writer/10166880304201182191/'],9204063423563475878,True,876,0,0,0,0,0,0,0,0,1,1,1,[],[],0.001,,,,,
ReduceDeviceOperation,tt_dnn_device,403456,0,blackhole,{'compute_kernel_config': 'ComputeKernelConfig(math_fidelity=HiFi4;math_approx_mode=0;fp32_dest_acc_en=1;packer_l1_acc=1;dst_full_sync_en=0;throttle_level=ThrottleLevel::NO_THROTTLE)'; 'dim': 'ReduceOpDim::W'; 'math_op': 'ReduceOpMath::SUM'; 'negate': 'false'; 'output_dtype': 'DataType::BFLOAT16'; 'output_mem_config': 'MemoryConfig(memory_layout=TensorMemoryLayout::INTERLEAVED;buffer_type=BufferType::DRAM;shard_spec=std::nullopt;nd_shard_spec=std::nullopt;created_with_nd_shard_spec=0)'; 'scaler': '1'; 'sub_core_grids': 'std::nullopt'},HiFi4,110,110,,100944416500,100944471596,55096,7634094420558,7634094451020,19622,19622,22564,20595,20595,,,,563,20595,20153,20189,16848,16874,,,,,,1[1],288[288],32[1],256[256],TILE,BFLOAT16,DEV_1_DRAM_INTERLEAVED,,,,,,,,,,,,,,,,,,,,,,,,,,,,,,,,,,,,,,,,,,,,,,,,,,,,,,,,,,,,,,,,1[1],288[288],32[1],32[1],TILE,BFLOAT16,DEV_1_DRAM_INTERLEAVED,,,,,,,,,,,,,,,,,['ttnn/cpp/ttnn/operations/reduction/generic/device/kernels/compute/reduce_w.cpp'],['reduce_w/15521362311364376162/'],['ttnn/cpp/ttnn/operations/eltwise/unary/device/kernels/dataflow/writer_unary_interleaved_start_id.cpp'; 'ttnn/cpp/ttnn/operations/reduction/generic/device/kernels/dataflow/reader_unary_reduce_universal_start_id.cpp'],['writer_unary_interleaved_start_id/7610405289054196905/'; 'reader_unary_reduce_universal_start_id/2917012571179936195/'],4781595924051160396,True,1000,900,1308,1012,1248,0,0,0,0,1,1,1,[],[],0.005,,,,,
BinaryNgDeviceOperation,tt_dnn_device,404480,0,blackhole,{'binary_op_type': 'BinaryOpType::DIV'; 'compute_kernel_config': 'std::nullopt'; 'dtype': 'DataType::BFLOAT16'; 'input_dtype': 'DataType::BFLOAT16'; 'is_quant_op': 'false'; 'is_sfpu': 'true'; 'is_where_op': 'false'; 'lhs_activations': '{}'; 'memory_config': 'MemoryConfig(memory_layout=TensorMemoryLayout::INTERLEAVED;buffer_type=BufferType::DRAM;shard_spec=std::nullopt;nd_shard_spec=std::nullopt;created_with_nd_shard_spec=0)'; 'post_activations': '{}'; 'rhs_activations': '{}'; 'scalar': '256'; 'sub_core_grids': 'std::nullopt'; 'subtile_broadcast_type': 'SubtileBroadcastType::NONE'; 'worker_grid': '{[(x=0;y=0) - (x=10;y=9)]}'},HiFi4,110,110,,100944536971,100944593269,56298,7634094582981,7634094591376,98284,98307,6219,5685,5673,,,,559,5640,2617,3117,5128,4061,,,,,,1[1],288[288],32[1],32[1],TILE,BFLOAT16,DEV_1_DRAM_INTERLEAVED,,,,,,,,,,,,,,,,,,,,,,,,,,,,,,,,,,,,,,,,,,,,,,,,,,,,,,,,,,,,,,,,1[1],288[288],32[1],32[1],TILE,BFLOAT16,DEV_1_DRAM_INTERLEAVED,,,,,,,,,,,,,,,,,['ttnn/cpp/ttnn/operations/eltwise/binary_ng/device/kernels/compute/eltwise_binary_sfpu_scalar.cpp'],['eltwise_binary_sfpu_scalar/9867426687322542370/'],['ttnn/cpp/ttnn/operations/eltwise/binary_ng/device/kernels/dataflow/reader_interleaved_no_bcast.cpp'; 'ttnn/cpp/ttnn/operations/eltwise/binary_ng/device/kernels/dataflow/writer_interleaved_scalar.cpp'],['reader_interleaved_no_bcast/15501400787415134526/'; 'writer_interleaved_scalar/13747915134593411132/'],16483906638997270715,True,1228,1256,1532,1424,1296,0,0,0,0,1,1,1,[],[],0.018,,,,,
BinaryNgDeviceOperation,tt_dnn_device,405504,0,blackhole,{'binary_op_type': 'BinaryOpType::SUB'; 'compute_kernel_config': 'std::nullopt'; 'dtype': 'DataType::BFLOAT16'; 'input_dtype': 'DataType::BFLOAT16'; 'is_quant_op': 'false'; 'is_sfpu': 'false'; 'is_where_op': 'false'; 'lhs_activations': '{}'; 'memory_config': 'MemoryConfig(memory_layout=TensorMemoryLayout::INTERLEAVED;buffer_type=BufferType::DRAM;shard_spec=std::nullopt;nd_shard_spec=std::nullopt;created_with_nd_shard_spec=0)'; 'post_activations': '{}'; 'rhs_activations': '{}'; 'scalar': 'std::nullopt'; 'sub_core_grids': 'std::nullopt'; 'subtile_broadcast_type': 'SubtileBroadcastType::SCALAR_B'; 'worker_grid': '{[(x=0;y=0) - (x=10;y=9)]}'},HiFi4,110,110,,100944662632,100944719612,56980,7634094753403,7634094789901,120559,120559,27036,26491,26491,,,,553,26457,26084,26075,23109,24961,,,,,,1[1],288[288],32[1],256[256],TILE,BFLOAT16,DEV_1_DRAM_INTERLEAVED,1[1],288[288],32[1],32[1],TILE,BFLOAT16,DEV_1_DRAM_INTERLEAVED,,,,,,,,,,,,,,,,,,,,,,,,,,,,,,,,,,,,,,,,,,,,,,,,,,,,,,,,,1[1],288[288],32[1],256[256],TILE,BFLOAT16,DEV_1_DRAM_INTERLEAVED,,,,,,,,,,,,,,,,,['ttnn/cpp/ttnn/operations/eltwise/binary_ng/device/kernels/compute/eltwise_binary.cpp'],['eltwise_binary/5724872279242879469/'],['ttnn/cpp/ttnn/operations/eltwise/binary_ng/device/kernels_ng/dataflow/reader_interleaved_scalar_bcast.cpp'; 'ttnn/cpp/ttnn/operations/eltwise/binary_ng/device/kernels_ng/dataflow/writer_interleaved_no_bcast.cpp'],['reader_interleaved_scalar_bcast/1617799814458805741/'; 'writer_interleaved_no_bcast/17771707349566412835/'],4287946743756687886,True,1120,1648,1772,840,1832,0,0,0,0,1,1,1,[],[],0.004,,,,,
BinaryNgDeviceOperation,tt_dnn_device,406528,0,blackhole,{'binary_op_type': 'BinaryOpType::MUL'; 'compute_kernel_config': 'std::nullopt'; 'dtype': 'DataType::BFLOAT16'; 'input_dtype': 'DataType::BFLOAT16'; 'is_quant_op': 'false'; 'is_sfpu': 'true'; 'is_where_op': 'false'; 'lhs_activations': '{}'; 'memory_config': 'MemoryConfig(memory_layout=TensorMemoryLayout::INTERLEAVED;buffer_type=BufferType::DRAM;shard_spec=std::nullopt;nd_shard_spec=std::nullopt;created_with_nd_shard_spec=0)'; 'post_activations': '{}'; 'rhs_activations': '{}'; 'scalar': 'std::nullopt'; 'sub_core_grids': 'std::nullopt'; 'subtile_broadcast_type': 'SubtileBroadcastType::SCALAR_B'; 'worker_grid': '{[(x=0;y=0) - (x=10;y=9)]}'},HiFi4,110,110,,100944761001,100944802621,41620,7634094886621,7634094925672,72178,72187,28927,28390,28382,,,,551,28344,27365,27465,27984,27240,,,,,,1[1],288[288],32[1],256[256],TILE,BFLOAT16,DEV_1_DRAM_INTERLEAVED,1[1],288[288],32[1],32[1],TILE,BFLOAT16,DEV_1_DRAM_INTERLEAVED,,,,,,,,,,,,,,,,,,,,,,,,,,,,,,,,,,,,,,,,,,,,,,,,,,,,,,,,,1[1],288[288],32[1],256[256],TILE,BFLOAT16,DEV_1_DRAM_INTERLEAVED,,,,,,,,,,,,,,,,,['ttnn/cpp/ttnn/operations/eltwise/binary_ng/device/kernels/compute/eltwise_binary_sfpu.cpp'],['eltwise_binary_sfpu/2622353004832616796/'],['ttnn/cpp/ttnn/operations/eltwise/binary_ng/device/kernels_ng/dataflow/reader_interleaved_scalar_bcast.cpp'; 'ttnn/cpp/ttnn/operations/eltwise/binary_ng/device/kernels_ng/dataflow/writer_interleaved_no_bcast.cpp'],['reader_interleaved_scalar_bcast/1617799814458805741/'; 'writer_interleaved_no_bcast/17771707349566412835/'],2900594943603824612,True,1120,1648,2184,1876,1832,0,0,0,0,1,1,1,[],[],0.004,,,,,
BinaryNgDeviceOperation,tt_dnn_device,407552,0,blackhole,{'binary_op_type': 'BinaryOpType::SUB'; 'compute_kernel_config': 'std::nullopt'; 'dtype': 'DataType::BFLOAT16'; 'input_dtype': 'DataType::BFLOAT16'; 'is_quant_op': 'false'; 'is_sfpu': 'false'; 'is_where_op': 'false'; 'lhs_activations': '{}'; 'memory_config': 'MemoryConfig(memory_layout=TensorMemoryLayout::INTERLEAVED;buffer_type=BufferType::DRAM;shard_spec=std::nullopt;nd_shard_spec=std::nullopt;created_with_nd_shard_spec=0)'; 'post_activations': '{}'; 'rhs_activations': '{}'; 'scalar': 'std::nullopt'; 'sub_core_grids': 'std::nullopt'; 'subtile_broadcast_type': 'SubtileBroadcastType::NONE'; 'worker_grid': '{[(x=0;y=0) - (x=10;y=9)]}'},HiFi4,110,110,,100944852807,100944905709,52902,7634095009572,7634095055045,62673,62676,33684,33163,33160,,,,562,33152,32761,32745,30211,32093,,,,,,1[1],288[288],32[1],256[256],TILE,BFLOAT16,DEV_1_DRAM_INTERLEAVED,1[1],288[288],32[1],256[256],TILE,BFLOAT16,DEV_1_DRAM_INTERLEAVED,,,,,,,,,,,,,,,,,,,,,,,,,,,,,,,,,,,,,,,,,,,,,,,,,,,,,,,,,1[1],288[288],32[1],256[256],TILE,BFLOAT16,DEV_1_DRAM_INTERLEAVED,,,,,,,,,,,,,,,,,['ttnn/cpp/ttnn/operations/eltwise/binary_ng/device/kernels/compute/eltwise_binary_no_bcast.cpp'],['eltwise_binary_no_bcast/12765106541863638414/'],['ttnn/cpp/ttnn/operations/eltwise/binary_ng/device/kernels_ng/dataflow/reader_interleaved_no_bcast.cpp'; 'ttnn/cpp/ttnn/operations/eltwise/binary_ng/device/kernels_ng/dataflow/writer_interleaved_no_bcast.cpp'],['reader_interleaved_no_bcast/13569263223077070646/'; 'writer_interleaved_no_bcast/17771707349566412835/'],16580198881536174177,True,1120,1644,1344,672,1296,0,0,0,0,1,1,1,[],[],0.003,,,,,
BinaryNgDeviceOperation,tt_dnn_device,408576,0,blackhole,{'binary_op_type': 'BinaryOpType::MUL'; 'compute_kernel_config': 'std::nullopt'; 'dtype': 'DataType::BFLOAT16'; 'input_dtype': 'DataType::BFLOAT16'; 'is_quant_op': 'false'; 'is_sfpu': 'true'; 'is_where_op': 'false'; 'lhs_activations': '{}'; 'memory_config': 'MemoryConfig(memory_layout=TensorMemoryLayout::INTERLEAVED;buffer_type=BufferType::DRAM;shard_spec=std::nullopt;nd_shard_spec=std::nullopt;created_with_nd_shard_spec=0)'; 'post_activations': '{}'; 'rhs_activations': '{}'; 'scalar': 'std::nullopt'; 'sub_core_grids': 'std::nullopt'; 'subtile_broadcast_type': 'SubtileBroadcastType::SCALAR_B'; 'worker_grid': '{[(x=0;y=0) - (x=10;y=9)]}'},HiFi4,110,110,,100944952729,100944997294,44565,7634095150568,7634095186860,71285,71294,26883,26349,26340,,,,556,26326,25320,25424,25950,25225,,,,,,1[1],288[288],32[1],256[256],TILE,BFLOAT16,DEV_1_DRAM_INTERLEAVED,1[1],288[288],32[1],32[1],TILE,BFLOAT16,DEV_1_DRAM_INTERLEAVED,,,,,,,,,,,,,,,,,,,,,,,,,,,,,,,,,,,,,,,,,,,,,,,,,,,,,,,,,1[1],288[288],32[1],256[256],TILE,BFLOAT16,DEV_1_DRAM_INTERLEAVED,,,,,,,,,,,,,,,,,['ttnn/cpp/ttnn/operations/eltwise/binary_ng/device/kernels/compute/eltwise_binary_sfpu.cpp'],['eltwise_binary_sfpu/2622353004832616796/'],['ttnn/cpp/ttnn/operations/eltwise/binary_ng/device/kernels_ng/dataflow/reader_interleaved_scalar_bcast.cpp'; 'ttnn/cpp/ttnn/operations/eltwise/binary_ng/device/kernels_ng/dataflow/writer_interleaved_no_bcast.cpp'],['reader_interleaved_scalar_bcast/1617799814458805741/'; 'writer_interleaved_no_bcast/17771707349566412835/'],2900594943603824612,True,1120,1648,2184,1876,1832,0,0,0,0,1,1,1,[],[],0.004,,,,,
TransposeDeviceOperation,tt_dnn_device,409600,0,blackhole,{'dim': 'TransposeOpDim::HC'; 'output_mem_config': 'MemoryConfig(memory_layout=TensorMemoryLayout::INTERLEAVED;buffer_type=BufferType::DRAM;shard_spec=std::nullopt;nd_shard_spec=std::nullopt;created_with_nd_shard_spec=0)'; 'pad_value': '0'},,110,110,,100945262092,100945348027,85935,7634095559334,7634095580603,276447,276447,15755,15210,15210,,,,551,15210,14969,,,,,,,,,1[1],288[288],32[1],256[256],TILE,BFLOAT16,DEV_1_DRAM_INTERLEAVED,,,,,,,,,,,,,,,,,,,,,,,,,,,,,,,,,,,,,,,,,,,,,,,,,,,,,,,,,,,,,,,,1[1],1[1],288[288],256[256],TILE,BFLOAT16,DEV_1_DRAM_INTERLEAVED,,,,,,,,,,,,,,,,,[],[],['ttnn/cpp/ttnn/operations/data_movement/transpose/device/kernels/dataflow/writer_unary_transpose_hc_interleaved_tiled_padding_aware.cpp'; 'ttnn/cpp/ttnn/operations/data_movement/transpose/device/kernels/dataflow/reader_unary_transpose_hc_interleaved_tiled_padding_aware.cpp'],['writer_unary_transpose_hc_interleaved_tiled_padding_aware/5586472296567324416/'; 'reader_unary_transpose_hc_interleaved_tiled_padding_aware/790041023213831019/'],16461604712183790755,True,800,900,0,0,0,0,0,0,0,15056,15056,8583,[313.40277099609375],[9.79383659362793],98.988,,,,,
GenericOpDeviceOperation,tt_dnn_device,410624,0,blackhole,{'num_mesh_programs': '1'},HiFi4,72,110,,100945663252,100945739649,76397,7634096101460,7634096106420,386717,386823,3674,2730,2730,,,,563,2730,1673,1857,2355,802,,,,,,1[1],1[1],288[288],256[256],TILE,BFLOAT16,DEV_1_DRAM_INTERLEAVED,1[1],1[1],288[288],256[256],TILE,BFLOAT16,DEV_1_DRAM_INTERLEAVED,1[1],1[1],288[288],256[256],TILE,BFLOAT16,DEV_1_DRAM_INTERLEAVED,1[1],1[1],288[288],256[256],TILE,BFLOAT16,DEV_1_DRAM_INTERLEAVED,,,,,,,,,,,,,,,,,,,,,,,,,,,,,,,,,,,,,,,,,,,1[1],1[1],288[288],256[256],TILE,BFLOAT16,DEV_1_DRAM_INTERLEAVED,,,,,,,,,,,,,,,,,['/home/ttuser/.coworker/wt/bcp-evo/tt_bio/kernels/rne_add/compute_rne_add.cpp'],['compute_rne_add/15506775982570106819/'],['/home/ttuser/.coworker/wt/bcp-evo/tt_bio/kernels/rne_add/writer_rne_add.cpp'; '/home/ttuser/.coworker/wt/bcp-evo/tt_bio/kernels/rne_add/reader_rne_add.cpp'],['writer_rne_add/11689109000663956392/'; 'reader_rne_add/5462348467134491698/'],11998302437493887239,True,768,1412,1604,1376,1432,0,0,0,0,1,1,1,[],[],0.037,,,,,
MatmulDeviceOperation,tt_dnn_device,411648,0,blackhole,{'bcast_batch': 'true'; 'compute_kernel_config': 'ComputeKernelConfig(math_fidelity=HiFi4;math_approx_mode=0;fp32_dest_acc_en=1;packer_l1_acc=1;dst_full_sync_en=0;throttle_level=ThrottleLevel::NO_THROTTLE)'; 'global_cb': 'std::nullopt'; 'output_dtype': 'DataType::BFLOAT16'; 'output_mem_config': 'MemoryConfig(memory_layout=TensorMemoryLayout::INTERLEAVED;buffer_type=BufferType::DRAM;shard_spec=std::nullopt;nd_shard_spec=std::nullopt;created_with_nd_shard_spec=0)'; 'output_tile': 'Tile(tile_shape={32; 32};face_shape={16; 16};num_faces=4)'; 'program_config': 'MatmulMultiCoreReuseMultiCast1DProgramConfig(compute_with_storage_grid_size=(x=11;y=10);in0_block_w=2;out_subblock_h=1;out_subblock_w=4;out_block_h=1;out_block_w=8;per_core_M=1;per_core_N=8;fuse_batch=0;fused_activation=std::nullopt;mcast_in0=0;gather_in0=0;hop_cores={};num_global_cb_receivers=0;untilize_out=0)'; 'sub_device_id': 'std::nullopt'; 'transpose_a': 'false'; 'transpose_b': 'true'; 'untilize_out': 'false'; 'user_core_coord': 'std::nullopt'; 'user_fused_activation': 'std::nullopt'; 'user_run_batched': 'false'},HiFi4,9,110,,100946015077,100946146529,131452,7634096572825,7634096587322,346055,346154,10739,10154,10054,,,,550,9955,5290,7602,7782,8090,,,,,,1[1],1[1],288[288],256[256],TILE,BFLOAT16,DEV_1_DRAM_INTERLEAVED,1[1],1[1],256[256],256[256],TILE,BFLOAT16,DEV_1_DRAM_INTERLEAVED,,,,,,,,,,,,,,,,,,,,,,,,,,,,,,,,,,,,,,,,,,,,,,,,,,,,,,,,,1[1],1[1],288[288],256[256],TILE,BFLOAT16,DEV_1_DRAM_INTERLEAVED,,,,,,,,,,,,,,,,,['ttnn/cpp/ttnn/operations/matmul/device/kernels/compute/bmm_large_block_zm_fused_bias_activation.cpp'],['bmm_large_block_zm_fused_bias_activation/10560588865599254586/'],['ttnn/cpp/ttnn/operations/matmul/device/kernels/dataflow/reader_bmm_tile_layout_in1_receiver_writer_padding.cpp'; 'ttnn/cpp/ttnn/operations/matmul/device/kernels/dataflow/reader_bmm_tile_layout_in1_sender_writer_padding.cpp'; 'ttnn/cpp/ttnn/operations/matmul/device/kernels/dataflow/reader_bmm_tile_layout_in0_sender_padding.cpp'],['reader_bmm_tile_layout_in1_receiver_writer_padding/6256039447678154272/'; 'reader_bmm_tile_layout_in1_sender_writer_padding/3884429638124265397/'; 'reader_bmm_tile_layout_in0_sender_padding/9820741442600851932/'],5729168373540146701,True,2136,752,2236,1976,2544,0,0,0,0,268,249,268,[550.208984375; 489.0746154785156],[550.208984375],2.452,,,,,
GenericOpDeviceOperation,tt_dnn_device,412672,0,blackhole,{'num_mesh_programs': '1'},HiFi4,72,110,,100947765896,100947852773,86877,7634098936325,7634098945297,1741058,1741058,6646,5707,5707,,,,621,5705,2220,2419,5079,5253,,,,,,1[1],1[1],288[288],256[256],TILE,BFLOAT16,DEV_1_DRAM_INTERLEAVED,1[1],1[1],288[288],256[256],TILE,BFLOAT16,DEV_1_DRAM_INTERLEAVED,1[1],1[1],288[288],256[256],TILE,BFLOAT16,DEV_1_DRAM_INTERLEAVED,1[1],1[1],288[288],256[256],TILE,BFLOAT16,DEV_1_DRAM_INTERLEAVED,1[1],1[1],288[288],256[256],TILE,BFLOAT16,DEV_1_DRAM_INTERLEAVED,1[1],1[1],288[288],256[256],TILE,BFLOAT16,DEV_1_DRAM_INTERLEAVED,,,,,,,,,,,,,,,,,,,,,,,,,,,,,1[1],1[1],288[288],256[256],TILE,BFLOAT16,DEV_1_DRAM_INTERLEAVED,,,,,,,,,,,,,,,,,['/home/ttuser/.coworker/wt/bcp-evo/tt_bio/kernels/gate_bw/compute_gate_bw.cpp'],['compute_gate_bw/7752279662899972872/'],['/home/ttuser/.coworker/wt/bcp-evo/tt_bio/kernels/gate_bw/writer_gate_bw.cpp'; '/home/ttuser/.coworker/wt/bcp-evo/tt_bio/kernels/gate_bw/reader_gate_bw.cpp'],['writer_gate_bw/8111932171875705432/'; 'reader_gate_bw/7533951476172066466/'],15599129151628805248,False,984,1804,1800,5476,1892,0,0,0,0,1,1,1,[],[],0.018,,,,,
TransposeDeviceOperation,tt_dnn_device,413696,0,blackhole,{'dim': 'TransposeOpDim::WH'; 'output_mem_config': 'MemoryConfig(memory_layout=TensorMemoryLayout::INTERLEAVED;buffer_type=BufferType::DRAM;shard_spec=std::nullopt;nd_shard_spec=std::nullopt;created_with_nd_shard_spec=0)'; 'pad_value': '0'},HiFi4,110,110,,100948730517,100948845347,114830,7634100239919,7634100243056,959254,959586,2324,1781,1769,,,,556,1702,1325,1344,638,743,,,,,,1[1],1[1],288[288],256[256],TILE,BFLOAT16,DEV_1_DRAM_INTERLEAVED,,,,,,,,,,,,,,,,,,,,,,,,,,,,,,,,,,,,,,,,,,,,,,,,,,,,,,,,,,,,,,,,1[1],1[1],256[256],288[288],TILE,BFLOAT16,DEV_1_DRAM_INTERLEAVED,,,,,,,,,,,,,,,,,['ttnn/cpp/ttnn/operations/data_movement/transpose/device/kernels/compute/transpose_wh.cpp'],['transpose_wh/14581025993053660267/'],['ttnn/cpp/ttnn/operations/eltwise/unary/device/kernels/dataflow/writer_unary_interleaved_start_id.cpp'; 'ttnn/cpp/ttnn/operations/data_movement/transpose/device/kernels/dataflow/reader_unary_transpose_wh_interleaved_start_id.cpp'],['writer_unary_interleaved_start_id/6276820466797607771/'; 'reader_unary_transpose_wh_interleaved_start_id/890651917070584162/'],16461604712202393769,False,1000,1012,1140,648,1296,0,0,0,0,1281,1281,268,[115.11006927490234],[115.11006927490234],71.926,,,,,
TransposeDeviceOperation,tt_dnn_device,414720,0,blackhole,{'dim': 'TransposeOpDim::WH'; 'output_mem_config': 'MemoryConfig(memory_layout=TensorMemoryLayout::INTERLEAVED;buffer_type=BufferType::DRAM;shard_spec=std::nullopt;nd_shard_spec=std::nullopt;created_with_nd_shard_spec=0)'; 'pad_value': '0'},HiFi4,110,110,,100949480576,100949578654,98078,7634101252554,7634101255651,748106,748106,2294,1761,1761,,,,556,1669,1264,1259,664,818,,,,,,1[1],8[8],32[32],288[288],TILE,BFLOAT16,DEV_1_DRAM_INTERLEAVED,,,,,,,,,,,,,,,,,,,,,,,,,,,,,,,,,,,,,,,,,,,,,,,,,,,,,,,,,,,,,,,,1[1],8[8],288[288],32[32],TILE,BFLOAT16,DEV_1_DRAM_INTERLEAVED,,,,,,,,,,,,,,,,,['ttnn/cpp/ttnn/operations/data_movement/transpose/device/kernels/compute/transpose_wh.cpp'],['transpose_wh/14581025993053660267/'],['ttnn/cpp/ttnn/operations/eltwise/unary/device/kernels/dataflow/writer_unary_interleaved_start_id.cpp'; 'ttnn/cpp/ttnn/operations/data_movement/transpose/device/kernels/dataflow/reader_unary_transpose_wh_interleaved_start_id.cpp'],['writer_unary_interleaved_start_id/6276820466797607771/'; 'reader_unary_transpose_wh_interleaved_start_id/890651917070584162/'],16461604711959819789,False,1000,1012,1140,648,1296,0,0,0,0,1281,1281,268,[115.11006927490234],[115.11006927490234],72.743,,,,,
MatmulDeviceOperation,tt_dnn_device,415744,0,blackhole,{'bcast_batch': 'false'; 'compute_kernel_config': 'ComputeKernelConfig(math_fidelity=HiFi4;math_approx_mode=0;fp32_dest_acc_en=1;packer_l1_acc=1;dst_full_sync_en=0;throttle_level=ThrottleLevel::NO_THROTTLE)'; 'global_cb': 'std::nullopt'; 'output_dtype': 'DataType::BFLOAT16'; 'output_mem_config': 'MemoryConfig(memory_layout=TensorMemoryLayout::INTERLEAVED;buffer_type=BufferType::DRAM;shard_spec=std::nullopt;nd_shard_spec=std::nullopt;created_with_nd_shard_spec=0)'; 'output_tile': 'Tile(tile_shape={32; 32};face_shape={16; 16};num_faces=4)'; 'program_config': 'MatmulMultiCoreReuseProgramConfig(compute_with_storage_grid_size=(x=8;y=8);in0_block_w=1;out_subblock_h=1;out_subblock_w=3;per_core_M=9;per_core_N=9)'; 'sub_device_id': 'std::nullopt'; 'transpose_a': 'false'; 'transpose_b': 'true'; 'untilize_out': 'false'; 'user_core_coord': '(x=8;y=8)'; 'user_fused_activation': 'std::nullopt'; 'user_run_batched': 'true'},HiFi4,8,110,,100960005290,100960218809,213519,7634115444664,7634115469048,10510735,10511026,18062,17490,17489,,,,102,17475,1721,5336,5652,6083,,,,,,1[1],8[8],288[288],32[32],TILE,BFLOAT16,DEV_1_DRAM_INTERLEAVED,1[1],8[8],288[288],32[32],TILE,BFLOAT16,DEV_1_DRAM_INTERLEAVED,,,,,,,,,,,,,,,,,,,,,,,,,,,,,,,,,,,,,,,,,,,,,,,,,,,,,,,,,1[1],8[8],288[288],288[288],TILE,BFLOAT16,DEV_1_DRAM_INTERLEAVED,,,,,,,,,,,,,,,,,['ttnn/cpp/ttnn/operations/matmul/device/kernels/compute/bmm_large_block_zm_fused_bias_activation.cpp'],['bmm_large_block_zm_fused_bias_activation/1998490354852809073/'],['ttnn/cpp/ttnn/operations/matmul/device/kernels/dataflow/reader_writer_bmm_tile_layout_in1.cpp'; 'ttnn/cpp/ttnn/operations/matmul/device/kernels/dataflow/reader_bmm_tile_layout_in0.cpp'],['reader_writer_bmm_tile_layout_in1/11478004149248429752/'; 'reader_bmm_tile_layout_in0/3077350800227034951/'],7761915254463196228,False,1116,712,1388,1464,1804,0,0,0,0,2413,280,2413,[61.10899353027344; 61.10899353027344],[549.98095703125],1.601,,,,,
MatmulDeviceOperation,tt_dnn_device,416768,0,blackhole,{'bcast_batch': 'false'; 'compute_kernel_config': 'ComputeKernelConfig(math_fidelity=HiFi4;math_approx_mode=0;fp32_dest_acc_en=1;packer_l1_acc=1;dst_full_sync_en=0;throttle_level=ThrottleLevel::NO_THROTTLE)'; 'global_cb': 'std::nullopt'; 'output_dtype': 'DataType::BFLOAT16'; 'output_mem_config': 'MemoryConfig(memory_layout=TensorMemoryLayout::INTERLEAVED;buffer_type=BufferType::DRAM;shard_spec=std::nullopt;nd_shard_spec=std::nullopt;created_with_nd_shard_spec=0)'; 'output_tile': 'Tile(tile_shape={32; 32};face_shape={16; 16};num_faces=4)'; 'program_config': 'MatmulMultiCoreReuseProgramConfig(compute_with_storage_grid_size=(x=11;y=10);in0_block_w=3;out_subblock_h=3;out_subblock_w=1;per_core_M=9;per_core_N=1)'; 'sub_device_id': 'std::nullopt'; 'transpose_a': 'true'; 'transpose_b': 'false'; 'untilize_out': 'false'; 'user_core_coord': 'std::nullopt'; 'user_fused_activation': 'std::nullopt'; 'user_run_batched': 'true'},HiFi4,8,110,,100971494373,100971747870,253497,7634130956262,7634130978370,11472380,11472380,16376,15776,15776,,,,122,15729,12193,14746,14727,15173,,,,,,1[1],8[8],288[288],288[288],TILE,BFLOAT16,DEV_1_DRAM_INTERLEAVED,1[1],8[8],288[288],32[32],TILE,BFLOAT16,DEV_1_DRAM_INTERLEAVED,,,,,,,,,,,,,,,,,,,,,,,,,,,,,,,,,,,,,,,,,,,,,,,,,,,,,,,,,1[1],8[8],288[288],32[32],TILE,BFLOAT16,DEV_1_DRAM_INTERLEAVED,,,,,,,,,,,,,,,,,['ttnn/cpp/ttnn/operations/matmul/device/kernels/compute/bmm_large_block_zm_fused_bias_activation.cpp'],['bmm_large_block_zm_fused_bias_activation/12293092993260999945/'],['ttnn/cpp/ttnn/operations/matmul/device/kernels/dataflow/reader_writer_bmm_tile_layout_in1.cpp'; 'ttnn/cpp/ttnn/operations/matmul/device/kernels/dataflow/reader_bmm_tile_layout_in0.cpp'],['reader_writer_bmm_tile_layout_in1/4118269817250320978/'; 'reader_bmm_tile_layout_in0/1866397331654740913/'],3888553095927999343,False,1084,800,3024,2760,3956,0,0,0,0,2413,280,2413,[549.98095703125; 61.10899353027344],[61.10899353027344],1.775,,,,,
TypecastDeviceOperation,tt_dnn_device,417792,0,blackhole,{'bfp8_pack_precise': 'false'; 'fp32_dest_acc_en': 'true'; 'input_dtype': 'DataType::BFLOAT16'; 'output_dtype': 'DataType::FLOAT32'; 'output_memory_config': 'MemoryConfig(memory_layout=TensorMemoryLayout::INTERLEAVED;buffer_type=BufferType::DRAM;shard_spec=std::nullopt;nd_shard_spec=std::nullopt;created_with_nd_shard_spec=0)'; 'preserve_fp32_precision': 'false'; 'sub_core_grids': 'std::nullopt'},HiFi4,110,110,,100972154750,100972272607,117857,7634131860854,7634131880131,655707,655707,14279,12250,12250,,,,557,12250,5857,5915,11313,11844,,,,,,1[1],8[8],288[288],288[288],TILE,BFLOAT16,DEV_1_DRAM_INTERLEAVED,,,,,,,,,,,,,,,,,,,,,,,,,,,,,,,,,,,,,,,,,,,,,,,,,,,,,,,,,,,,,,,,1[1],8[8],288[288],288[288],TILE,FLOAT32,DEV_1_DRAM_INTERLEAVED,,,,,,,,,,,,,,,,,['ttnn/cpp/ttnn/operations/copy/typecast/device/kernels/compute/eltwise_typecast.cpp'],['eltwise_typecast/9531996397938577704/'],['ttnn/cpp/ttnn/operations/eltwise/unary/device/kernels/dataflow/writer_unary_interleaved_start_id.cpp'; 'ttnn/cpp/ttnn/operations/eltwise/unary/device/kernels/dataflow/reader_unary_interleaved_start_id.cpp'],['writer_unary_interleaved_start_id/808015986803896428/'; 'reader_unary_interleaved_start_id/10624578204480920158/'],1717763057158984236,True,1000,928,1076,952,1268,0,0,0,0,1,1,1,[],[],0.008,,,,,
BinaryNgDeviceOperation,tt_dnn_device,418816,0,blackhole,{'binary_op_type': 'BinaryOpType::MUL'; 'compute_kernel_config': 'std::nullopt'; 'dtype': 'DataType::FLOAT32'; 'input_dtype': 'DataType::FLOAT32'; 'is_quant_op': 'false'; 'is_sfpu': 'true'; 'is_where_op': 'false'; 'lhs_activations': '{}'; 'memory_config': 'MemoryConfig(memory_layout=TensorMemoryLayout::INTERLEAVED;buffer_type=BufferType::DRAM;shard_spec=std::nullopt;nd_shard_spec=std::nullopt;created_with_nd_shard_spec=0)'; 'post_activations': '{}'; 'rhs_activations': '{}'; 'scalar': 'std::nullopt'; 'sub_core_grids': 'std::nullopt'; 'subtile_broadcast_type': 'SubtileBroadcastType::NONE'; 'worker_grid': '{[(x=0;y=0) - (x=10;y=9)]}'},HiFi4,110,110,,100981682501,100981858559,176058,7634144707410,7634144737937,9502198,9502160,22613,22074,22065,,,,558,22019,21318,21463,21542,19279,,,,,,1[1],8[8],288[288],288[288],TILE,FLOAT32,DEV_1_DRAM_INTERLEAVED,1[1],8[8],288[288],288[288],TILE,FLOAT32,DEV_1_DRAM_INTERLEAVED,,,,,,,,,,,,,,,,,,,,,,,,,,,,,,,,,,,,,,,,,,,,,,,,,,,,,,,,,1[1],8[8],288[288],288[288],TILE,FLOAT32,DEV_1_DRAM_INTERLEAVED,,,,,,,,,,,,,,,,,['ttnn/cpp/ttnn/operations/eltwise/binary_ng/device/kernels/compute/eltwise_binary_sfpu_no_bcast.cpp'],['eltwise_binary_sfpu_no_bcast/5537555678379483735/'],['ttnn/cpp/ttnn/operations/eltwise/binary_ng/device/kernels_ng/dataflow/reader_interleaved_no_bcast.cpp'; 'ttnn/cpp/ttnn/operations/eltwise/binary_ng/device/kernels_ng/dataflow/writer_interleaved_no_bcast.cpp'],['reader_interleaved_no_bcast/1658512407459465037/'; 'writer_interleaved_no_bcast/17590832996174141580/'],3252264271911891812,False,1108,1652,2016,1348,1292,0,0,0,0,1,1,1,[],[],0.005,,,,,
ReduceDeviceOperation,tt_dnn_device,419840,0,blackhole,{'compute_kernel_config': 'ComputeKernelConfig(math_fidelity=HiFi4;math_approx_mode=0;fp32_dest_acc_en=1;packer_l1_acc=0;dst_full_sync_en=0;throttle_level=ThrottleLevel::NO_THROTTLE)'; 'dim': 'ReduceOpDim::W'; 'math_op': 'ReduceOpMath::SUM'; 'negate': 'false'; 'output_dtype': 'DataType::FLOAT32'; 'output_mem_config': 'MemoryConfig(memory_layout=TensorMemoryLayout::INTERLEAVED;buffer_type=BufferType::DRAM;shard_spec=std::nullopt;nd_shard_spec=std::nullopt;created_with_nd_shard_spec=0)'; 'scaler': '1'; 'sub_core_grids': 'std::nullopt'},HiFi4,72,110,,100989940846,100990095192,154346,7634155861328,7634155876025,8240814,8240814,10887,9930,9930,,,,552,9924,9419,9455,2135,755,,,,,,1[1],8[8],288[288],288[288],TILE,FLOAT32,DEV_1_DRAM_INTERLEAVED,,,,,,,,,,,,,,,,,,,,,,,,,,,,,,,,,,,,,,,,,,,,,,,,,,,,,,,,,,,,,,,,1[1],8[8],288[288],32[1],TILE,FLOAT32,DEV_1_DRAM_INTERLEAVED,,,,,,,,,,,,,,,,,['ttnn/cpp/ttnn/operations/reduction/generic/device/kernels/compute/reduce_w.cpp'],['reduce_w/508412957723592336/'],['ttnn/cpp/ttnn/operations/eltwise/unary/device/kernels/dataflow/writer_unary_interleaved_start_id.cpp'; 'ttnn/cpp/ttnn/operations/reduction/generic/device/kernels/dataflow/reader_unary_reduce_universal_start_id.cpp'],['writer_unary_interleaved_start_id/5035091759692777027/'; 'reader_unary_reduce_universal_start_id/16845533789846977577/'],5729168796560798724,False,1000,896,1256,792,1124,0,0,0,0,1,1,1,[],[],0.01,,,,,
ReduceDeviceOperation,tt_dnn_device,420864,0,blackhole,{'compute_kernel_config': 'ComputeKernelConfig(math_fidelity=HiFi4;math_approx_mode=0;fp32_dest_acc_en=1;packer_l1_acc=1;dst_full_sync_en=0;throttle_level=ThrottleLevel::NO_THROTTLE)'; 'dim': 'ReduceOpDim::W'; 'math_op': 'ReduceOpMath::SUM'; 'negate': 'false'; 'output_dtype': 'DataType::FLOAT32'; 'output_mem_config': 'MemoryConfig(memory_layout=TensorMemoryLayout::INTERLEAVED;buffer_type=BufferType::DRAM;shard_spec=std::nullopt;nd_shard_spec=std::nullopt;created_with_nd_shard_spec=0)'; 'scaler': '1'; 'sub_core_grids': 'std::nullopt'},HiFi4,72,110,,100990896500,100990981292,84792,7634157160642,7634157175836,952474,952474,11255,10316,10316,,,,556,10311,9809,9844,1985,759,,,,,,1[1],8[8],288[288],288[288],TILE,FLOAT32,DEV_1_DRAM_INTERLEAVED,,,,,,,,,,,,,,,,,,,,,,,,,,,,,,,,,,,,,,,,,,,,,,,,,,,,,,,,,,,,,,,,1[1],8[8],288[288],32[1],TILE,FLOAT32,DEV_1_DRAM_INTERLEAVED,,,,,,,,,,,,,,,,,['ttnn/cpp/ttnn/operations/reduction/generic/device/kernels/compute/reduce_w.cpp'],['reduce_w/508412957723592336/'],['ttnn/cpp/ttnn/operations/eltwise/unary/device/kernels/dataflow/writer_unary_interleaved_start_id.cpp'; 'ttnn/cpp/ttnn/operations/reduction/generic/device/kernels/dataflow/reader_unary_reduce_universal_start_id.cpp'],['writer_unary_interleaved_start_id/5035091759692777027/'; 'reader_unary_reduce_universal_start_id/16845533789846977577/'],4775039155606183400,False,1000,896,1256,792,1124,0,0,0,0,1,1,1,[],[],0.01,,,,,
BinaryNgDeviceOperation,tt_dnn_device,421888,0,blackhole,{'binary_op_type': 'BinaryOpType::DIV'; 'compute_kernel_config': 'std::nullopt'; 'dtype': 'DataType::FLOAT32'; 'input_dtype': 'DataType::FLOAT32'; 'is_quant_op': 'false'; 'is_sfpu': 'true'; 'is_where_op': 'false'; 'lhs_activations': '{}'; 'memory_config': 'MemoryConfig(memory_layout=TensorMemoryLayout::INTERLEAVED;buffer_type=BufferType::DRAM;shard_spec=std::nullopt;nd_shard_spec=std::nullopt;created_with_nd_shard_spec=0)'; 'post_activations': '{}'; 'rhs_activations': '{}'; 'scalar': 'std::nullopt'; 'sub_core_grids': 'std::nullopt'; 'subtile_broadcast_type': 'SubtileBroadcastType::NONE'; 'worker_grid': '{[(x=0;y=0) - (x=10;y=9)]}'},HiFi4,110,110,,100996759679,100996873918,114239,7634165077796,7634165084036,5853582,5853582,4622,4065,4065,,,,558,4056,2639,2802,3581,790,,,,,,1[1],8[8],288[288],32[1],TILE,FLOAT32,DEV_1_DRAM_INTERLEAVED,1[1],8[8],288[288],32[1],TILE,FLOAT32,DEV_1_DRAM_INTERLEAVED,,,,,,,,,,,,,,,,,,,,,,,,,,,,,,,,,,,,,,,,,,,,,,,,,,,,,,,,,1[1],8[8],288[288],32[1],TILE,FLOAT32,DEV_1_DRAM_INTERLEAVED,,,,,,,,,,,,,,,,,['ttnn/cpp/ttnn/operations/eltwise/binary_ng/device/kernels/compute/eltwise_binary_sfpu_no_bcast.cpp'],['eltwise_binary_sfpu_no_bcast/14197780090577967221/'],['ttnn/cpp/ttnn/operations/eltwise/binary_ng/device/kernels_ng/dataflow/reader_interleaved_no_bcast.cpp'; 'ttnn/cpp/ttnn/operations/eltwise/binary_ng/device/kernels_ng/dataflow/writer_interleaved_no_bcast.cpp'],['reader_interleaved_no_bcast/1658512407459465037/'; 'writer_interleaved_no_bcast/17590832996174141580/'],17116078768321473786,False,1108,1652,2016,1488,1292,0,0,0,0,1,1,1,[],[],0.025,,,,,
BinaryNgDeviceOperation,tt_dnn_device,422912,0,blackhole,{'binary_op_type': 'BinaryOpType::SUB'; 'compute_kernel_config': 'std::nullopt'; 'dtype': 'DataType::FLOAT32'; 'input_dtype': 'DataType::FLOAT32'; 'is_quant_op': 'false'; 'is_sfpu': 'true'; 'is_where_op': 'false'; 'lhs_activations': '{}'; 'memory_config': 'MemoryConfig(memory_layout=TensorMemoryLayout::INTERLEAVED;buffer_type=BufferType::DRAM;shard_spec=std::nullopt;nd_shard_spec=std::nullopt;created_with_nd_shard_spec=0)'; 'post_activations': '{}'; 'rhs_activations': '{}'; 'scalar': 'std::nullopt'; 'sub_core_grids': 'std::nullopt'; 'subtile_broadcast_type': 'SubtileBroadcastType::COL_B'; 'worker_grid': '{[(x=0;y=0) - (x=10;y=9)]}'},HiFi4,110,110,,101003359422,101003478230,118808,7634173985286,7634174012848,6594165,6594165,20416,19884,19884,,,,552,19847,18537,18667,18754,19113,,,,,,1[1],8[8],288[288],288[288],TILE,FLOAT32,DEV_1_DRAM_INTERLEAVED,1[1],8[8],288[288],32[1],TILE,FLOAT32,DEV_1_DRAM_INTERLEAVED,,,,,,,,,,,,,,,,,,,,,,,,,,,,,,,,,,,,,,,,,,,,,,,,,,,,,,,,,1[1],8[8],288[288],288[288],TILE,FLOAT32,DEV_1_DRAM_INTERLEAVED,,,,,,,,,,,,,,,,,['ttnn/cpp/ttnn/operations/eltwise/binary_ng/device/kernels/compute/eltwise_binary_sfpu.cpp'],['eltwise_binary_sfpu/14251714759221731478/'],['ttnn/cpp/ttnn/operations/eltwise/binary_ng/device/kernels_ng/dataflow/reader_interleaved_col_bcast.cpp'; 'ttnn/cpp/ttnn/operations/eltwise/binary_ng/device/kernels_ng/dataflow/writer_interleaved_no_bcast.cpp'],['reader_interleaved_col_bcast/4842469920714562178/'; 'writer_interleaved_no_bcast/17590832996174141580/'],9930023804724140875,False,1108,1780,3248,2068,1832,0,0,0,0,1,1,1,[],[],0.005,,,,,
BinaryNgDeviceOperation,tt_dnn_device,423936,0,blackhole,{'binary_op_type': 'BinaryOpType::MUL'; 'compute_kernel_config': 'std::nullopt'; 'dtype': 'DataType::FLOAT32'; 'input_dtype': 'DataType::FLOAT32'; 'is_quant_op': 'false'; 'is_sfpu': 'true'; 'is_where_op': 'false'; 'lhs_activations': '{}'; 'memory_config': 'MemoryConfig(memory_layout=TensorMemoryLayout::INTERLEAVED;buffer_type=BufferType::DRAM;shard_spec=std::nullopt;nd_shard_spec=std::nullopt;created_with_nd_shard_spec=0)'; 'post_activations': '{}'; 'rhs_activations': '{}'; 'scalar': 'std::nullopt'; 'sub_core_grids': 'std::nullopt'; 'subtile_broadcast_type': 'SubtileBroadcastType::NONE'; 'worker_grid': '{[(x=0;y=0) - (x=10;y=9)]}'},HiFi4,110,110,,101003591257,101003635492,44235,7634174304213,7634174335503,216372,216377,23178,22639,22633,,,,547,22601,21886,22011,22113,19910,,,,,,1[1],8[8],288[288],288[288],TILE,FLOAT32,DEV_1_DRAM_INTERLEAVED,1[1],8[8],288[288],288[288],TILE,FLOAT32,DEV_1_DRAM_INTERLEAVED,,,,,,,,,,,,,,,,,,,,,,,,,,,,,,,,,,,,,,,,,,,,,,,,,,,,,,,,,1[1],8[8],288[288],288[288],TILE,FLOAT32,DEV_1_DRAM_INTERLEAVED,,,,,,,,,,,,,,,,,['ttnn/cpp/ttnn/operations/eltwise/binary_ng/device/kernels/compute/eltwise_binary_sfpu_no_bcast.cpp'],['eltwise_binary_sfpu_no_bcast/5537555678379483735/'],['ttnn/cpp/ttnn/operations/eltwise/binary_ng/device/kernels_ng/dataflow/reader_interleaved_no_bcast.cpp'; 'ttnn/cpp/ttnn/operations/eltwise/binary_ng/device/kernels_ng/dataflow/writer_interleaved_no_bcast.cpp'],['reader_interleaved_no_bcast/1658512407459465037/'; 'writer_interleaved_no_bcast/17590832996174141580/'],3252264271911891812,True,1108,1652,2016,1348,1292,0,0,0,0,1,1,1,[],[],0.004,,,,,
BinaryNgDeviceOperation,tt_dnn_device,424960,0,blackhole,{'binary_op_type': 'BinaryOpType::MUL'; 'compute_kernel_config': 'std::nullopt'; 'dtype': 'DataType::FLOAT32'; 'input_dtype': 'DataType::FLOAT32'; 'is_quant_op': 'false'; 'is_sfpu': 'true'; 'is_where_op': 'false'; 'lhs_activations': '{}'; 'memory_config': 'MemoryConfig(memory_layout=TensorMemoryLayout::INTERLEAVED;buffer_type=BufferType::DRAM;shard_spec=std::nullopt;nd_shard_spec=std::nullopt;created_with_nd_shard_spec=0)'; 'post_activations': '{}'; 'rhs_activations': '{}'; 'scalar': '0.17677669'; 'sub_core_grids': 'std::nullopt'; 'subtile_broadcast_type': 'SubtileBroadcastType::NONE'; 'worker_grid': '{[(x=0;y=0) - (x=10;y=9)]}'},HiFi4,110,110,,101003795689,101003847749,52060,7634174580328,7634174603101,181892,181892,16869,16324,16324,,,,550,16318,10567,15113,15193,15621,,,,,,1[1],8[8],288[288],288[288],TILE,FLOAT32,DEV_1_DRAM_INTERLEAVED,,,,,,,,,,,,,,,,,,,,,,,,,,,,,,,,,,,,,,,,,,,,,,,,,,,,,,,,,,,,,,,,1[1],8[8],288[288],288[288],TILE,FLOAT32,DEV_1_DRAM_INTERLEAVED,,,,,,,,,,,,,,,,,['ttnn/cpp/ttnn/operations/eltwise/binary_ng/device/kernels/compute/eltwise_binary_sfpu_scalar.cpp'],['eltwise_binary_sfpu_scalar/3587141111786362306/'],['ttnn/cpp/ttnn/operations/eltwise/binary_ng/device/kernels/dataflow/reader_interleaved_no_bcast.cpp'; 'ttnn/cpp/ttnn/operations/eltwise/binary_ng/device/kernels/dataflow/writer_interleaved_scalar.cpp'],['reader_interleaved_no_bcast/1193013300382676517/'; 'writer_interleaved_scalar/11954420667241610979/'],15813396155379461253,True,1228,1224,2100,1348,1292,0,0,0,0,1,1,1,[],[],0.006,,,,,
TypecastDeviceOperation,tt_dnn_device,425984,0,blackhole,{'bfp8_pack_precise': 'false'; 'fp32_dest_acc_en': 'true'; 'input_dtype': 'DataType::FLOAT32'; 'output_dtype': 'DataType::BFLOAT16'; 'output_memory_config': 'MemoryConfig(memory_layout=TensorMemoryLayout::INTERLEAVED;buffer_type=BufferType::DRAM;shard_spec=std::nullopt;nd_shard_spec=std::nullopt;created_with_nd_shard_spec=0)'; 'preserve_fp32_precision': 'true'; 'sub_core_grids': 'std::nullopt'},HiFi4,110,110,,101003922723,101003963751,41028,7634174752422,7634174770534,112617,112619,13416,11410,11402,,,,554,11397,10869,10939,11059,9944,,,,,,1[1],8[8],288[288],288[288],TILE,FLOAT32,DEV_1_DRAM_INTERLEAVED,,,,,,,,,,,,,,,,,,,,,,,,,,,,,,,,,,,,,,,,,,,,,,,,,,,,,,,,,,,,,,,,1[1],8[8],288[288],288[288],TILE,BFLOAT16,DEV_1_DRAM_INTERLEAVED,,,,,,,,,,,,,,,,,['ttnn/cpp/ttnn/operations/copy/typecast/device/kernels/compute/eltwise_typecast.cpp'],['eltwise_typecast/5014317627408711170/'],['ttnn/cpp/ttnn/operations/eltwise/unary/device/kernels/dataflow/writer_unary_interleaved_start_id.cpp'; 'ttnn/cpp/ttnn/operations/eltwise/unary/device/kernels/dataflow/reader_unary_interleaved_start_id.cpp'],['writer_unary_interleaved_start_id/15487931821133672948/'; 'reader_unary_interleaved_start_id/8137388031877499190/'],4060195799957936049,True,1000,928,1400,1116,1272,0,0,0,0,1,1,1,[],[],0.009,,,,,
MatmulDeviceOperation,tt_dnn_device,427008,0,blackhole,{'bcast_batch': 'false'; 'compute_kernel_config': 'ComputeKernelConfig(math_fidelity=HiFi4;math_approx_mode=0;fp32_dest_acc_en=1;packer_l1_acc=1;dst_full_sync_en=0;throttle_level=ThrottleLevel::NO_THROTTLE)'; 'global_cb': 'std::nullopt'; 'output_dtype': 'DataType::BFLOAT16'; 'output_mem_config': 'MemoryConfig(memory_layout=TensorMemoryLayout::INTERLEAVED;buffer_type=BufferType::DRAM;shard_spec=std::nullopt;nd_shard_spec=std::nullopt;created_with_nd_shard_spec=0)'; 'output_tile': 'Tile(tile_shape={32; 32};face_shape={16; 16};num_faces=4)'; 'program_config': 'MatmulMultiCoreReuseProgramConfig(compute_with_storage_grid_size=(x=11;y=10);in0_block_w=3;out_subblock_h=3;out_subblock_w=1;per_core_M=9;per_core_N=1)'; 'sub_device_id': 'std::nullopt'; 'transpose_a': 'false'; 'transpose_b': 'true'; 'untilize_out': 'false'; 'user_core_coord': 'std::nullopt'; 'user_fused_activation': 'std::nullopt'; 'user_run_batched': 'true'},HiFi4,8,110,,101010279159,101010553124,273965,7634183314818,7634183335251,6329761,6329649,15136,14555,14554,,,,101,14546,12096,13599,13564,14019,,,,,,1[1],8[8],288[288],288[288],TILE,BFLOAT16,DEV_1_DRAM_INTERLEAVED,1[1],8[8],32[32],288[288],TILE,BFLOAT16,DEV_1_DRAM_INTERLEAVED,,,,,,,,,,,,,,,,,,,,,,,,,,,,,,,,,,,,,,,,,,,,,,,,,,,,,,,,,1[1],8[8],288[288],32[32],TILE,BFLOAT16,DEV_1_DRAM_INTERLEAVED,,,,,,,,,,,,,,,,,['ttnn/cpp/ttnn/operations/matmul/device/kernels/compute/bmm_large_block_zm_fused_bias_activation.cpp'],['bmm_large_block_zm_fused_bias_activation/15923273047020816292/'],['ttnn/cpp/ttnn/operations/matmul/device/kernels/dataflow/reader_writer_bmm_tile_layout_in1.cpp'; 'ttnn/cpp/ttnn/operations/matmul/device/kernels/dataflow/reader_bmm_tile_layout_in0.cpp'],['reader_writer_bmm_tile_layout_in1/16101434431888271764/'; 'reader_bmm_tile_layout_in0/13998510900049716899/'],3888436816101377139,False,1084,800,2256,1940,2352,0,0,0,0,2413,280,2413,[549.98095703125; 61.10899353027344],[61.10899353027344],1.924,,,,,
MatmulDeviceOperation,tt_dnn_device,428032,0,blackhole,{'bcast_batch': 'false'; 'compute_kernel_config': 'ComputeKernelConfig(math_fidelity=HiFi4;math_approx_mode=0;fp32_dest_acc_en=1;packer_l1_acc=1;dst_full_sync_en=0;throttle_level=ThrottleLevel::NO_THROTTLE)'; 'global_cb': 'std::nullopt'; 'output_dtype': 'DataType::BFLOAT16'; 'output_mem_config': 'MemoryConfig(memory_layout=TensorMemoryLayout::INTERLEAVED;buffer_type=BufferType::DRAM;shard_spec=std::nullopt;nd_shard_spec=std::nullopt;created_with_nd_shard_spec=0)'; 'output_tile': 'Tile(tile_shape={32; 32};face_shape={16; 16};num_faces=4)'; 'program_config': 'MatmulMultiCoreReuseProgramConfig(compute_with_storage_grid_size=(x=11;y=10);in0_block_w=3;out_subblock_h=1;out_subblock_w=3;per_core_M=1;per_core_N=9)'; 'sub_device_id': 'std::nullopt'; 'transpose_a': 'true'; 'transpose_b': 'false'; 'untilize_out': 'false'; 'user_core_coord': 'std::nullopt'; 'user_fused_activation': 'std::nullopt'; 'user_run_batched': 'true'},HiFi4,8,110,,101022353275,101022561534,208259,7634199606671,7634199620506,12053554,12053554,10248,9643,9643,,,,99,9630,2106,8530,8488,8956,,,,,,1[1],8[8],288[288],32[32],TILE,BFLOAT16,DEV_1_DRAM_INTERLEAVED,1[1],8[8],288[288],288[288],TILE,BFLOAT16,DEV_1_DRAM_INTERLEAVED,,,,,,,,,,,,,,,,,,,,,,,,,,,,,,,,,,,,,,,,,,,,,,,,,,,,,,,,,1[1],8[8],32[32],288[288],TILE,BFLOAT16,DEV_1_DRAM_INTERLEAVED,,,,,,,,,,,,,,,,,['ttnn/cpp/ttnn/operations/matmul/device/kernels/compute/bmm_large_block_zm_fused_bias_activation.cpp'],['bmm_large_block_zm_fused_bias_activation/11197632308700902991/'],['ttnn/cpp/ttnn/operations/matmul/device/kernels/dataflow/reader_writer_bmm_tile_layout_in1.cpp'; 'ttnn/cpp/ttnn/operations/matmul/device/kernels/dataflow/reader_bmm_tile_layout_in0.cpp'],['reader_writer_bmm_tile_layout_in1/10361319516426643118/'; 'reader_bmm_tile_layout_in0/9405139548822318921/'],17370991085061612004,False,1196,748,2812,2312,3300,0,0,0,0,2413,32,2413,[61.10899353027344; 549.98095703125],[61.10899353027344],0.332,,,,,
NLPConcatHeadsDeviceOperation,tt_dnn_device,429056,0,blackhole,{'output_mem_config': 'MemoryConfig(memory_layout=TensorMemoryLayout::INTERLEAVED;buffer_type=BufferType::DRAM;shard_spec=std::nullopt;nd_shard_spec=std::nullopt;created_with_nd_shard_spec=0)'},,9,110,,101022936975,101023000116,63141,7634200402023,7634200408248,579557,579557,4611,4013,4013,,,,75,4010,3696,,,,,,,,,1[1],8[8],288[288],32[32],TILE,BFLOAT16,DEV_1_DRAM_INTERLEAVED,,,,,,,,,,,,,,,,,,,,,,,,,,,,,,,,,,,,,,,,,,,,,,,,,,,,,,,,,,,,,,,,1[1],1[1],288[288],256[256],TILE,BFLOAT16,DEV_1_DRAM_INTERLEAVED,,,,,,,,,,,,,,,,,[],[],['ttnn/cpp/ttnn/operations/eltwise/unary/device/kernels/dataflow/writer_unary_interleaved_start_id.cpp'; 'ttnn/cpp/ttnn/operations/experimental/transformer/nlp_concat_heads/device/kernels/dataflow/reader_tm_tile_layout_nlp_concat_heads.cpp'],['writer_unary_interleaved_start_id/9607551389675776825/'; 'reader_tm_tile_layout_nlp_concat_heads/1909738144826727770/'],9204059146385914614,True,1000,1016,0,0,0,0,0,0,0,1,1,1,[],[],0.025,,,,,
TransposeDeviceOperation,tt_dnn_device,430080,0,blackhole,{'dim': 'TransposeOpDim::WH'; 'output_mem_config': 'MemoryConfig(memory_layout=TensorMemoryLayout::INTERLEAVED;buffer_type=BufferType::DRAM;shard_spec=std::nullopt;nd_shard_spec=std::nullopt;created_with_nd_shard_spec=0)'; 'pad_value': '0'},HiFi4,110,110,,101023171164,101023251779,80615,7634200727861,7634200730953,237244,237335,2290,1753,1738,,,,563,1639,1215,1203,645,724,,,,,,1[1],8[8],32[32],288[288],TILE,BFLOAT16,DEV_1_DRAM_INTERLEAVED,,,,,,,,,,,,,,,,,,,,,,,,,,,,,,,,,,,,,,,,,,,,,,,,,,,,,,,,,,,,,,,,1[1],8[8],288[288],32[32],TILE,BFLOAT16,DEV_1_DRAM_INTERLEAVED,,,,,,,,,,,,,,,,,['ttnn/cpp/ttnn/operations/data_movement/transpose/device/kernels/compute/transpose_wh.cpp'],['transpose_wh/14581025993053660267/'],['ttnn/cpp/ttnn/operations/eltwise/unary/device/kernels/dataflow/writer_unary_interleaved_start_id.cpp'; 'ttnn/cpp/ttnn/operations/data_movement/transpose/device/kernels/dataflow/reader_unary_transpose_wh_interleaved_start_id.cpp'],['writer_unary_interleaved_start_id/6276820466797607771/'; 'reader_unary_transpose_wh_interleaved_start_id/890651917070584162/'],16461604711959819789,True,1000,1012,1140,648,1296,0,0,0,0,1281,1281,268,[115.11006927490234],[115.11006927490234],73.075,,,,,
NLPConcatHeadsDeviceOperation,tt_dnn_device,431104,0,blackhole,{'output_mem_config': 'MemoryConfig(memory_layout=TensorMemoryLayout::INTERLEAVED;buffer_type=BufferType::DRAM;shard_spec=std::nullopt;nd_shard_spec=std::nullopt;created_with_nd_shard_spec=0)'},,9,110,,101023324408,101023353574,29166,7634200929306,7634200935499,147525,147525,4587,3995,3995,,,,71,3994,3704,,,,,,,,,1[1],8[8],288[288],32[32],TILE,BFLOAT16,DEV_1_DRAM_INTERLEAVED,,,,,,,,,,,,,,,,,,,,,,,,,,,,,,,,,,,,,,,,,,,,,,,,,,,,,,,,,,,,,,,,1[1],1[1],288[288],256[256],TILE,BFLOAT16,DEV_1_DRAM_INTERLEAVED,,,,,,,,,,,,,,,,,[],[],['ttnn/cpp/ttnn/operations/eltwise/unary/device/kernels/dataflow/writer_unary_interleaved_start_id.cpp'; 'ttnn/cpp/ttnn/operations/experimental/transformer/nlp_concat_heads/device/kernels/dataflow/reader_tm_tile_layout_nlp_concat_heads.cpp'],['writer_unary_interleaved_start_id/9607551389675776825/'; 'reader_tm_tile_layout_nlp_concat_heads/1909738144826727770/'],9204059146385914614,True,1000,1016,0,0,0,0,0,0,0,1,1,1,[],[],0.025,,,,,
BinaryNgDeviceOperation,tt_dnn_device,432128,0,blackhole,{'binary_op_type': 'BinaryOpType::MUL'; 'compute_kernel_config': 'std::nullopt'; 'dtype': 'DataType::FLOAT32'; 'input_dtype': 'DataType::FLOAT32'; 'is_quant_op': 'false'; 'is_sfpu': 'true'; 'is_where_op': 'false'; 'lhs_activations': '{}'; 'memory_config': 'MemoryConfig(memory_layout=TensorMemoryLayout::INTERLEAVED;buffer_type=BufferType::DRAM;shard_spec=std::nullopt;nd_shard_spec=std::nullopt;created_with_nd_shard_spec=0)'; 'post_activations': '{}'; 'rhs_activations': '{}'; 'scalar': '1'; 'sub_core_grids': 'std::nullopt'; 'subtile_broadcast_type': 'SubtileBroadcastType::NONE'; 'worker_grid': '{[(x=0;y=0) - (x=10;y=9)]}'},HiFi4,110,110,,101023496398,101023586621,90223,7634201169123,7634201192637,173612,173612,17418,16867,16867,,,,549,16828,10888,15439,15518,16164,,,,,,1[1],8[8],288[288],288[288],TILE,FLOAT32,DEV_1_DRAM_INTERLEAVED,,,,,,,,,,,,,,,,,,,,,,,,,,,,,,,,,,,,,,,,,,,,,,,,,,,,,,,,,,,,,,,,1[1],8[8],288[288],288[288],TILE,FLOAT32,DEV_1_DRAM_INTERLEAVED,,,,,,,,,,,,,,,,,['ttnn/cpp/ttnn/operations/eltwise/binary_ng/device/kernels/compute/eltwise_binary_sfpu_scalar.cpp'],['eltwise_binary_sfpu_scalar/3587141111786362306/'],['ttnn/cpp/ttnn/operations/eltwise/binary_ng/device/kernels/dataflow/reader_interleaved_no_bcast.cpp'; 'ttnn/cpp/ttnn/operations/eltwise/binary_ng/device/kernels/dataflow/writer_interleaved_scalar.cpp'],['reader_interleaved_no_bcast/1193013300382676517/'; 'writer_interleaved_scalar/11954420667241610979/'],15813396155379461253,True,1228,1224,2100,1348,1292,0,0,0,0,1,1,1,[],[],0.006,,,,,
TypecastDeviceOperation,tt_dnn_device,433152,0,blackhole,{'bfp8_pack_precise': 'false'; 'fp32_dest_acc_en': 'true'; 'input_dtype': 'DataType::FLOAT32'; 'output_dtype': 'DataType::BFLOAT16'; 'output_memory_config': 'MemoryConfig(memory_layout=TensorMemoryLayout::INTERLEAVED;buffer_type=BufferType::DRAM;shard_spec=std::nullopt;nd_shard_spec=std::nullopt;created_with_nd_shard_spec=0)'; 'preserve_fp32_precision': 'true'; 'sub_core_grids': 'std::nullopt'},HiFi4,110,110,,101023683607,101023740466,56859,7634201403365,7634201422410,158116,158124,14107,12069,12060,,,,564,12059,11534,11605,11717,10146,,,,,,1[1],8[8],288[288],288[288],TILE,FLOAT32,DEV_1_DRAM_INTERLEAVED,,,,,,,,,,,,,,,,,,,,,,,,,,,,,,,,,,,,,,,,,,,,,,,,,,,,,,,,,,,,,,,,1[1],8[8],288[288],288[288],TILE,BFLOAT16,DEV_1_DRAM_INTERLEAVED,,,,,,,,,,,,,,,,,['ttnn/cpp/ttnn/operations/copy/typecast/device/kernels/compute/eltwise_typecast.cpp'],['eltwise_typecast/5014317627408711170/'],['ttnn/cpp/ttnn/operations/eltwise/unary/device/kernels/dataflow/writer_unary_interleaved_start_id.cpp'; 'ttnn/cpp/ttnn/operations/eltwise/unary/device/kernels/dataflow/reader_unary_interleaved_start_id.cpp'],['writer_unary_interleaved_start_id/15487931821133672948/'; 'reader_unary_interleaved_start_id/8137388031877499190/'],4060195799957936049,True,1000,928,1400,1116,1272,0,0,0,0,1,1,1,[],[],0.008,,,,,
PermuteDeviceOperation,tt_dnn_device,434176,0,blackhole,{'dims': '{0; 2; 3; 1}'; 'output_mem_config': 'MemoryConfig(memory_layout=TensorMemoryLayout::INTERLEAVED;buffer_type=BufferType::DRAM;shard_spec=std::nullopt;nd_shard_spec=std::nullopt;created_with_nd_shard_spec=0)'; 'pad_value': '0'},HiFi4,110,110,,101030327495,101030469838,142343,7634210382572,7634210764425,6637689,6637707,282854,282333,282333,,,,553,282273,279610,279759,279737,280139,,,,,,1[1],8[8],288[288],288[288],TILE,BFLOAT16,DEV_1_DRAM_INTERLEAVED,,,,,,,,,,,,,,,,,,,,,,,,,,,,,,,,,,,,,,,,,,,,,,,,,,,,,,,,,,,,,,,,1[1],288[288],288[288],32[8],TILE,BFLOAT16,DEV_1_DRAM_INTERLEAVED,,,,,,,,,,,,,,,,,['ttnn/cpp/ttnn/operations/data_movement/permute/device/kernels/compute/transpose_xw_tiled.cpp'],['transpose_xw_tiled/3700826860125243985/'],['ttnn/cpp/ttnn/operations/data_movement/permute/device/kernels/dataflow/writer_permute_interleaved_tiled_generic.cpp'; 'ttnn/cpp/ttnn/operations/data_movement/permute/device/kernels/dataflow/reader_permute_interleaved_tiled_generic.cpp'],['writer_permute_interleaved_tiled_generic/754230794385754289/'; 'reader_permute_interleaved_tiled_generic/5155413502768121676/'],6020671791565931647,False,1172,1236,1764,1080,2748,0,0,0,0,20388,20388,9655,[65.0924072265625],[260.36962890625],7.221,,,,,
MatmulDeviceOperation,tt_dnn_device,435200,0,blackhole,{'bcast_batch': 'true'; 'compute_kernel_config': 'ComputeKernelConfig(math_fidelity=HiFi4;math_approx_mode=0;fp32_dest_acc_en=1;packer_l1_acc=1;dst_full_sync_en=0;throttle_level=ThrottleLevel::NO_THROTTLE)'; 'global_cb': 'std::nullopt'; 'output_dtype': 'DataType::BFLOAT16'; 'output_mem_config': 'MemoryConfig(memory_layout=TensorMemoryLayout::INTERLEAVED;buffer_type=BufferType::DRAM;shard_spec=std::nullopt;nd_shard_spec=std::nullopt;created_with_nd_shard_spec=0)'; 'output_tile': 'Tile(tile_shape={32; 32};face_shape={16; 16};num_faces=4)'; 'program_config': 'MatmulMultiCoreReuseMultiCast1DProgramConfig(compute_with_storage_grid_size=(x=11;y=10);in0_block_w=1;out_subblock_h=2;out_subblock_w=2;out_block_h=24;out_block_w=4;per_core_M=24;per_core_N=4;fuse_batch=0;fused_activation=std::nullopt;mcast_in0=0;gather_in0=0;hop_cores={};num_global_cb_receivers=0;untilize_out=0)'; 'sub_device_id': 'std::nullopt'; 'transpose_a': 'false'; 'transpose_b': 'true'; 'untilize_out': 'false'; 'user_core_coord': 'std::nullopt'; 'user_fused_activation': 'std::nullopt'; 'user_run_batched': 'false'},HiFi4,108,110,,101046148801,101046382799,233998,7634231736150,7634231998518,15536178,15536198,194347,192765,192763,,,,567,192747,70700,75153,75329,75811,,,,,,1[1],1[1],82944[82944],32[8],TILE,BFLOAT16,DEV_1_DRAM_INTERLEAVED,1[1],1[1],128[128],32[8],TILE,BFLOAT16,DEV_1_DRAM_INTERLEAVED,,,,,,,,,,,,,,,,,,,,,,,,,,,,,,,,,,,,,,,,,,,,,,,,,,,,,,,,,1[1],1[1],82944[82944],128[128],TILE,BFLOAT16,DEV_1_DRAM_INTERLEAVED,,,,,,,,,,,,,,,,,['ttnn/cpp/ttnn/operations/matmul/device/kernels/compute/bmm_large_block_zm_fused_bias_activation.cpp'],['bmm_large_block_zm_fused_bias_activation/12403807181074774487/'],['ttnn/cpp/ttnn/operations/matmul/device/kernels/dataflow/reader_bmm_tile_layout_in1_receiver_writer_padding.cpp'; 'ttnn/cpp/ttnn/operations/matmul/device/kernels/dataflow/reader_bmm_tile_layout_in1_sender_writer_padding.cpp'; 'ttnn/cpp/ttnn/operations/matmul/device/kernels/dataflow/reader_bmm_tile_layout_in0_sender_padding.cpp'],['reader_bmm_tile_layout_in1_receiver_writer_padding/4816666628977820460/'; 'reader_bmm_tile_layout_in1_sender_writer_padding/15014427916231959280/'; 'reader_bmm_tile_layout_in0_sender_padding/16796949441573500121/'],5349242496453136325,False,1888,904,1432,1508,1864,0,0,0,0,38623,1118,38623,[137.44183349609375; 0.21210159361362457],[549.767333984375],0.58,,,,,
GenericOpDeviceOperation,tt_dnn_device,436224,0,blackhole,{'num_mesh_programs': '1'},HiFi4,110,110,,101047072833,101047159269,86436,7634232989337,7634233230853,734484,734622,178901,178350,178215,,,,794,178153,162765,177593,177746,177521,,,,,,1[1],288[288],288[288],128[128],TILE,BFLOAT16,DEV_1_DRAM_INTERLEAVED,1[1],288[288],288[288],128[128],TILE,BFLOAT16,DEV_1_DRAM_INTERLEAVED,1[1],1[1],32[1],128[128],TILE,BFLOAT16,DEV_1_DRAM_INTERLEAVED,1[1],288[288],288[288],128[128],TILE,BFLOAT16,DEV_1_DRAM_INTERLEAVED,1[1],288[288],288[288],128[128],TILE,BFLOAT16,DEV_1_DRAM_INTERLEAVED,,,,,,,,,,,,,,,,,,,,,,,,,,,,,,,,,,,,1[1],288[288],288[288],128[128],TILE,BFLOAT16,DEV_1_DRAM_INTERLEAVED,,,,,,,,,,,,,,,,,['/home/ttuser/.coworker/wt/bcp-evo/tt_bio/kernels/lnbw/compute_lnbw.cpp'],['compute_lnbw/7523916731524505336/'],['/home/ttuser/.coworker/wt/bcp-evo/tt_bio/kernels/lnbw/writer_lnbw.cpp'; '/home/ttuser/.coworker/wt/bcp-evo/tt_bio/kernels/lnbw/reader_lnbw.cpp'],['writer_lnbw/8051665203697858371/'; 'reader_lnbw/8486842166353870432/'],895543367223761992,True,764,2236,7708,7544,10412,0,0,0,0,1,1,1,[],[],0.001,,,,,
NLPConcatHeadsDeviceOperation,tt_dnn_device,437248,0,blackhole,{'output_mem_config': 'MemoryConfig(memory_layout=TensorMemoryLayout::INTERLEAVED;buffer_type=BufferType::DRAM;shard_spec=std::nullopt;nd_shard_spec=std::nullopt;created_with_nd_shard_spec=0)'},,9,110,,101047365685,101047427464,61779,7634233382157,7634233388308,112673,112673,4556,3979,3979,,,,76,3979,3710,,,,,,,,,1[1],8[8],288[288],32[32],TILE,BFLOAT16,DEV_1_DRAM_INTERLEAVED,,,,,,,,,,,,,,,,,,,,,,,,,,,,,,,,,,,,,,,,,,,,,,,,,,,,,,,,,,,,,,,,1[1],1[1],288[288],256[256],TILE,BFLOAT16,DEV_1_DRAM_INTERLEAVED,,,,,,,,,,,,,,,,,[],[],['ttnn/cpp/ttnn/operations/eltwise/unary/device/kernels/dataflow/writer_unary_interleaved_start_id.cpp'; 'ttnn/cpp/ttnn/operations/experimental/transformer/nlp_concat_heads/device/kernels/dataflow/reader_tm_tile_layout_nlp_concat_heads.cpp'],['writer_unary_interleaved_start_id/9607551389675776825/'; 'reader_tm_tile_layout_nlp_concat_heads/1909738144826727770/'],9204059146385914614,True,1000,1016,0,0,0,0,0,0,0,1,1,1,[],[],0.025,,,,,
ConcatDeviceOperation,tt_dnn_device,438272,0,blackhole,{'dim': '3'; 'groups': '1'; 'output_mem_config': 'MemoryConfig(memory_layout=TensorMemoryLayout::INTERLEAVED;buffer_type=BufferType::DRAM;shard_spec=std::nullopt;nd_shard_spec=std::nullopt;created_with_nd_shard_spec=0)'; 'sub_core_grids': 'std::nullopt'},,110,110,,101048370674,101048502557,131883,7634234738496,7634234743591,1000725,1000725,3774,3235,3235,,,,544,3235,2923,,,,,,,,,1[1],1[1],288[288],256[256],TILE,BFLOAT16,DEV_1_DRAM_INTERLEAVED,1[1],1[1],288[288],256[256],TILE,BFLOAT16,DEV_1_DRAM_INTERLEAVED,1[1],1[1],288[288],256[256],TILE,BFLOAT16,DEV_1_DRAM_INTERLEAVED,,,,,,,,,,,,,,,,,,,,,,,,,,,,,,,,,,,,,,,,,,,,,,,,,,1[1],1[1],288[288],768[768],TILE,BFLOAT16,DEV_1_DRAM_INTERLEAVED,,,,,,,,,,,,,,,,,[],[],['ttnn/cpp/ttnn/operations/eltwise/unary/device/kernels/dataflow/writer_unary_interleaved_start_id.cpp'; 'ttnn/cpp/ttnn/operations/data_movement/concat/device/kernels/dataflow/reader_concat_interleaved_start_id.cpp'],['writer_unary_interleaved_start_id/9607551389675776825/'; 'reader_concat_interleaved_start_id/14011537912641755161/'],1985852818362346826,False,1000,1028,0,0,0,0,0,0,0,804,1,804,[183.40298461914062; 183.40298461914062; 183.40298461914062],[550.208984375],0.031,,,,,
MatmulDeviceOperation,tt_dnn_device,439296,0,blackhole,{'bcast_batch': 'true'; 'compute_kernel_config': 'ComputeKernelConfig(math_fidelity=HiFi4;math_approx_mode=0;fp32_dest_acc_en=1;packer_l1_acc=1;dst_full_sync_en=0;throttle_level=ThrottleLevel::NO_THROTTLE)'; 'global_cb': 'std::nullopt'; 'output_dtype': 'DataType::BFLOAT16'; 'output_mem_config': 'MemoryConfig(memory_layout=TensorMemoryLayout::INTERLEAVED;buffer_type=BufferType::DRAM;shard_spec=std::nullopt;nd_shard_spec=std::nullopt;created_with_nd_shard_spec=0)'; 'output_tile': 'Tile(tile_shape={32; 32};face_shape={16; 16};num_faces=4)'; 'program_config': 'MatmulMultiCoreReuseMultiCast1DProgramConfig(compute_with_storage_grid_size=(x=11;y=10);in0_block_w=2;out_subblock_h=1;out_subblock_w=4;out_block_h=1;out_block_w=8;per_core_M=1;per_core_N=8;fuse_batch=0;fused_activation=std::nullopt;mcast_in0=0;gather_in0=0;hop_cores={};num_global_cb_receivers=0;untilize_out=0)'; 'sub_device_id': 'std::nullopt'; 'transpose_a': 'false'; 'transpose_b': 'true'; 'untilize_out': 'false'; 'user_core_coord': 'std::nullopt'; 'user_fused_activation': 'std::nullopt'; 'user_run_batched': 'false'},HiFi4,9,110,,101048929115,101049100324,171209,7634235488290,7634235519751,552233,552332,23304,22707,22600,,,,527,22513,17881,20184,20360,20647,,,,,,1[1],1[1],288[288],768[768],TILE,BFLOAT16,DEV_1_DRAM_INTERLEAVED,1[1],1[1],256[256],768[768],TILE,BFLOAT16,DEV_1_DRAM_INTERLEAVED,,,,,,,,,,,,,,,,,,,,,,,,,,,,,,,,,,,,,,,,,,,,,,,,,,,,,,,,,1[1],1[1],288[288],256[256],TILE,BFLOAT16,DEV_1_DRAM_INTERLEAVED,,,,,,,,,,,,,,,,,['ttnn/cpp/ttnn/operations/matmul/device/kernels/compute/bmm_large_block_zm_fused_bias_activation.cpp'],['bmm_large_block_zm_fused_bias_activation/2286946594852536290/'],['ttnn/cpp/ttnn/operations/matmul/device/kernels/dataflow/reader_bmm_tile_layout_in1_receiver_writer_padding.cpp'; 'ttnn/cpp/ttnn/operations/matmul/device/kernels/dataflow/reader_bmm_tile_layout_in1_sender_writer_padding.cpp'; 'ttnn/cpp/ttnn/operations/matmul/device/kernels/dataflow/reader_bmm_tile_layout_in0_sender_padding.cpp'],['reader_bmm_tile_layout_in1_receiver_writer_padding/16359546352991987240/'; 'reader_bmm_tile_layout_in1_sender_writer_padding/6694614555187315709/'; 'reader_bmm_tile_layout_in0_sender_padding/11781439013745131380/'],5729168373541275629,True,2104,728,2240,1976,2580,0,0,0,0,804,746,804,[550.208984375; 489.0746154785156],[183.40298461914062],3.285,,,,,
MatmulDeviceOperation,tt_dnn_device,440320,0,blackhole,{'bcast_batch': 'true'; 'compute_kernel_config': 'ComputeKernelConfig(math_fidelity=HiFi4;math_approx_mode=0;fp32_dest_acc_en=1;packer_l1_acc=1;dst_full_sync_en=0;throttle_level=ThrottleLevel::NO_THROTTLE)'; 'global_cb': 'std::nullopt'; 'output_dtype': 'DataType::BFLOAT16'; 'output_mem_config': 'MemoryConfig(memory_layout=TensorMemoryLayout::INTERLEAVED;buffer_type=BufferType::DRAM;shard_spec=std::nullopt;nd_shard_spec=std::nullopt;created_with_nd_shard_spec=0)'; 'output_tile': 'Tile(tile_shape={32; 32};face_shape={16; 16};num_faces=4)'; 'program_config': 'MatmulMultiCoreReuseMultiCast1DProgramConfig(compute_with_storage_grid_size=(x=11;y=10);in0_block_w=2;out_subblock_h=1;out_subblock_w=4;out_block_h=1;out_block_w=8;per_core_M=1;per_core_N=8;fuse_batch=0;fused_activation=std::nullopt;mcast_in0=0;gather_in0=0;hop_cores={};num_global_cb_receivers=0;untilize_out=0)'; 'sub_device_id': 'std::nullopt'; 'transpose_a': 'false'; 'transpose_b': 'true'; 'untilize_out': 'false'; 'user_core_coord': 'std::nullopt'; 'user_fused_activation': 'std::nullopt'; 'user_run_batched': 'false'},HiFi4,9,110,,101049395310,101049546099,150789,7634236116770,7634236131433,442781,442877,10861,10307,10216,,,,553,10117,5283,7706,7864,8164,,,,,,1[1],1[1],288[288],256[256],TILE,BFLOAT16,DEV_1_DRAM_INTERLEAVED,1[1],1[1],256[256],256[256],TILE,BFLOAT16,DEV_1_DRAM_INTERLEAVED,,,,,,,,,,,,,,,,,,,,,,,,,,,,,,,,,,,,,,,,,,,,,,,,,,,,,,,,,1[1],1[1],288[288],256[256],TILE,BFLOAT16,DEV_1_DRAM_INTERLEAVED,,,,,,,,,,,,,,,,,['ttnn/cpp/ttnn/operations/matmul/device/kernels/compute/bmm_large_block_zm_fused_bias_activation.cpp'],['bmm_large_block_zm_fused_bias_activation/10560588865599254586/'],['ttnn/cpp/ttnn/operations/matmul/device/kernels/dataflow/reader_bmm_tile_layout_in1_receiver_writer_padding.cpp'; 'ttnn/cpp/ttnn/operations/matmul/device/kernels/dataflow/reader_bmm_tile_layout_in1_sender_writer_padding.cpp'; 'ttnn/cpp/ttnn/operations/matmul/device/kernels/dataflow/reader_bmm_tile_layout_in0_sender_padding.cpp'],['reader_bmm_tile_layout_in1_receiver_writer_padding/6256039447678154272/'; 'reader_bmm_tile_layout_in1_sender_writer_padding/3884429638124265397/'; 'reader_bmm_tile_layout_in0_sender_padding/9820741442600851932/'],5729168373540146701,True,2136,752,2236,1976,2544,0,0,0,0,268,249,268,[550.208984375; 489.0746154785156],[550.208984375],2.416,,,,,
GenericOpDeviceOperation,tt_dnn_device,441344,0,blackhole,{'num_mesh_programs': '1'},HiFi4,72,110,,101049914947,101049992325,77378,7634236823368,7634236828337,513449,513541,3681,2739,2738,,,,574,2731,1707,1871,2381,812,,,,,,1[1],1[1],288[288],256[256],TILE,BFLOAT16,DEV_1_DRAM_INTERLEAVED,1[1],1[1],288[288],256[256],TILE,BFLOAT16,DEV_1_DRAM_INTERLEAVED,1[1],1[1],288[288],256[256],TILE,BFLOAT16,DEV_1_DRAM_INTERLEAVED,1[1],1[1],288[288],256[256],TILE,BFLOAT16,DEV_1_DRAM_INTERLEAVED,,,,,,,,,,,,,,,,,,,,,,,,,,,,,,,,,,,,,,,,,,,1[1],1[1],288[288],256[256],TILE,BFLOAT16,DEV_1_DRAM_INTERLEAVED,,,,,,,,,,,,,,,,,['/home/ttuser/.coworker/wt/bcp-evo/tt_bio/kernels/rne_add/compute_rne_add.cpp'],['compute_rne_add/15506775982570106819/'],['/home/ttuser/.coworker/wt/bcp-evo/tt_bio/kernels/rne_add/writer_rne_add.cpp'; '/home/ttuser/.coworker/wt/bcp-evo/tt_bio/kernels/rne_add/reader_rne_add.cpp'],['writer_rne_add/11689109000663956392/'; 'reader_rne_add/5462348467134491698/'],11998302437493887239,True,768,1412,1604,1376,1432,0,0,0,0,1,1,1,[],[],0.037,,,,,
GenericOpDeviceOperation,tt_dnn_device,442368,0,blackhole,{'num_mesh_programs': '1'},HiFi4,9,110,,101050251703,101050312890,61187,7634237274925,7634237301048,331382,331467,19350,18759,18684,,,,384,18633,7237,17673,17873,17704,,,,,,1[1],1[1],288[288],256[256],TILE,BFLOAT16,DEV_1_DRAM_INTERLEAVED,1[1],1[1],288[288],256[256],TILE,BFLOAT16,DEV_1_DRAM_INTERLEAVED,1[1],1[1],32[1],256[256],TILE,BFLOAT16,DEV_1_DRAM_INTERLEAVED,1[1],1[1],288[288],256[256],TILE,BFLOAT16,DEV_1_DRAM_INTERLEAVED,1[1],1[1],288[288],256[256],TILE,BFLOAT16,DEV_1_DRAM_INTERLEAVED,,,,,,,,,,,,,,,,,,,,,,,,,,,,,,,,,,,,1[1],1[1],288[288],256[256],TILE,BFLOAT16,DEV_1_DRAM_INTERLEAVED,,,,,,,,,,,,,,,,,['/home/ttuser/.coworker/wt/bcp-evo/tt_bio/kernels/lnbw/compute_lnbw.cpp'],['compute_lnbw/2414198757789453252/'],['/home/ttuser/.coworker/wt/bcp-evo/tt_bio/kernels/lnbw/writer_lnbw.cpp'; '/home/ttuser/.coworker/wt/bcp-evo/tt_bio/kernels/lnbw/reader_lnbw.cpp'],['writer_lnbw/2864312284307755311/'; 'reader_lnbw/179600140981458844/'],11226655930517690592,True,776,2204,7732,6568,7912,0,0,0,0,1,1,1,[],[],0.005,,,,,
GenericOpDeviceOperation,tt_dnn_device,443392,0,blackhole,{'num_mesh_programs': '1'},HiFi4,110,110,,101050621933,101050685806,63873,7634237778558,7634238058682,354255,354270,207499,206956,206940,,,,574,206830,205971,206143,206406,205921,,,,,,1[1],288[288],288[288],128[128],TILE,BFLOAT16,DEV_1_DRAM_INTERLEAVED,1[1],288[288],288[288],128[128],TILE,BFLOAT16,DEV_1_DRAM_INTERLEAVED,1[1],288[288],288[288],128[128],TILE,FLOAT32,DEV_1_DRAM_INTERLEAVED,1[1],288[288],288[288],128[128],TILE,FLOAT32,DEV_1_DRAM_INTERLEAVED,,,,,,,,,,,,,,,,,,,,,,,,,,,,,,,,,,,,,,,,,,,1[1],288[288],288[288],128[128],TILE,FLOAT32,DEV_1_DRAM_INTERLEAVED,,,,,,,,,,,,,,,,,['/home/ttuser/.coworker/wt/bcp-evo/tt_bio/kernels/rne_add/compute_rne_add.cpp'],['compute_rne_add/2992878184498688995/'],['/home/ttuser/.coworker/wt/bcp-evo/tt_bio/kernels/rne_add/writer_rne_add.cpp'; '/home/ttuser/.coworker/wt/bcp-evo/tt_bio/kernels/rne_add/reader_rne_add.cpp'],['writer_rne_add/1960461789912003921/'; 'reader_rne_add/9080596772748175215/'],17508131030540209524,True,756,1412,1604,1212,1428,0,0,0,0,1,1,1,[],[],0.0,,,,,
GenericOpDeviceOperation,tt_dnn_device,444416,0,blackhole,{'num_mesh_programs': '1'},HiFi4,72,110,,101083786445,101083899562,113117,7634282544464,7634282549353,32955667,32955667,3621,2675,2675,,,,558,2675,1688,1859,1900,790,,,,,,1[1],1[1],288[288],256[256],TILE,BFLOAT16,DEV_1_DRAM_INTERLEAVED,1[1],1[1],288[288],256[256],TILE,BFLOAT16,DEV_1_DRAM_INTERLEAVED,1[1],1[1],288[288],256[256],TILE,FLOAT32,DEV_1_DRAM_INTERLEAVED,1[1],1[1],288[288],256[256],TILE,FLOAT32,DEV_1_DRAM_INTERLEAVED,,,,,,,,,,,,,,,,,,,,,,,,,,,,,,,,,,,,,,,,,,,1[1],1[1],288[288],256[256],TILE,FLOAT32,DEV_1_DRAM_INTERLEAVED,,,,,,,,,,,,,,,,,['/home/ttuser/.coworker/wt/bcp-evo/tt_bio/kernels/rne_add/compute_rne_add.cpp'],['compute_rne_add/2992878184498688995/'],['/home/ttuser/.coworker/wt/bcp-evo/tt_bio/kernels/rne_add/writer_rne_add.cpp'; '/home/ttuser/.coworker/wt/bcp-evo/tt_bio/kernels/rne_add/reader_rne_add.cpp'],['writer_rne_add/1960461789912003921/'; 'reader_rne_add/9080596772748175215/'],8700201667667314388,False,756,1412,1604,1212,1428,0,0,0,0,1,1,1,[],[],0.037,,,,,
