{
  "target": "affinity_tryp",
  "n_seeds": 5,
  "metrics": {
    "affinity_pred_value": {
      "R": {
        "n": 10,
        "mean": 0.02068920135498047,
        "std": 0.010731223251839846,
        "min": 0.007048130035400391,
        "max": 0.04003262519836426
      }
    },
    "affinity_probability_binary": {
      "R": {
        "n": 10,
        "mean": 0.018293881416320802,
        "std": 0.019975571287828092,
        "min": 0.00021898746490478516,
        "max": 0.04391324520111084
      }
    },
    "ligand_rmsd": {
      "R": {
        "n": 10,
        "mean": 0.4442664795518551,
        "std": 0.502880514588764,
        "min": 0.01618515923810765,
        "max": 1.062575650578293
      }
    },
    "1-pocket_lddt": {
      "R": {
        "n": 10,
        "mean": 0.012127583373365636,
        "std": 0.01485425773222245,
        "min": 0.0,
        "max": 0.030804470316208477
      }
    }
  }
}