{
  "mode": "affinity",
  "target": "affinity_dhfr",
  "metrics": {
    "affinity_pred_value": {
      "metric": "affinity_pred_value",
      "cross": {
        "n": 9,
        "mean": 0.04513333333333325,
        "std": 0.032457469857577546,
        "min": 0.008054999999999923,
        "max": 0.0871059999999999
      },
      "ref_floor": {
        "n": 3,
        "mean": 0.0,
        "std": 0.0,
        "min": 0.0,
        "max": 0.0
      },
      "dev_floor": {
        "n": 3,
        "mean": 0.05270066666666665,
        "std": 0.019572986015310885,
        "min": 0.03218399999999999,
        "max": 0.07905099999999998
      },
      "floor_mean": 0.05270066666666665,
      "cross_over_floor": 0.8564091535843935,
      "within_noise_floor": true
    },
    "affinity_probability_binary": {
      "metric": "affinity_probability_binary",
      "cross": {
        "n": 9,
        "mean": 0.0019329722222222179,
        "std": 0.0011394077253144474,
        "min": 0.0004842499999999639,
        "max": 0.003422000000000036
      },
      "ref_floor": {
        "n": 3,
        "mean": 0.0026041666666666665,
        "std": 0.0018414239093399675,
        "min": 0.0,
        "max": 0.00390625
      },
      "dev_floor": {
        "n": 3,
        "mean": 0.001818666666666709,
        "std": 0.0007599040875151784,
        "min": 0.0008679999999999799,
        "max": 0.0027280000000000637
      },
      "floor_mean": 0.0026041666666666665,
      "cross_over_floor": 0.7422613333333317,
      "within_noise_floor": true
    },
    "ligand_rmsd": {
      "metric": "ligand_rmsd",
      "cross": {
        "n": 9,
        "mean": 0.4770716909297955,
        "std": 0.07745849859803032,
        "min": 0.3874771104887748,
        "max": 0.6164683249338664
      },
      "ref_floor": {
        "n": 3,
        "mean": 0.2339682620987904,
        "std": 0.012999425531214975,
        "min": 0.22417220192854,
        "max": 0.25233868989434677
      },
      "dev_floor": {
        "n": 3,
        "mean": 0.23317085134069793,
        "std": 0.10524513032801833,
        "min": 0.08487488024050095,
        "max": 0.3183204232868349
      },
      "floor_mean": 0.2339682620987904,
      "cross_over_floor": 2.039044469751019,
      "within_noise_floor": false
    },
    "1-pocket_lddt": {
      "metric": "1-pocket_lddt",
      "cross": {
        "n": 9,
        "mean": 0.11334885344675004,
        "std": 0.014601238402677854,
        "min": 0.09355886276177483,
        "max": 0.13286687544655162
      },
      "ref_floor": {
        "n": 3,
        "mean": 0.011802428989746075,
        "std": 0.0022792691769483713,
        "min": 0.00876356547828705,
        "max": 0.01425276535418829
      },
      "dev_floor": {
        "n": 3,
        "mean": 0.004077178917187803,
        "std": 0.0028892659422434753,
        "min": 9.186635375491026e-05,
        "max": 0.006850699691835049
      },
      "floor_mean": 0.011802428989746075,
      "cross_over_floor": 9.603858116429024,
      "within_noise_floor": false
    }
  }
}