{
  "target": "affinity_fkg",
  "n_seeds": 5,
  "metrics": {
    "affinity_pred_value": {
      "R": {
        "n": 10,
        "mean": 0.04201974868774414,
        "std": 0.024861591803417352,
        "min": 0.00961446762084961,
        "max": 0.09327840805053711
      }
    },
    "affinity_probability_binary": {
      "R": {
        "n": 10,
        "mean": 0.0009955525398254394,
        "std": 0.0005758076672902391,
        "min": 7.939338684082031e-05,
        "max": 0.0017663836479187012
      }
    },
    "ligand_rmsd": {
      "R": {
        "n": 10,
        "mean": 0.2618115323169706,
        "std": 0.11236352833593058,
        "min": 0.06640512153155607,
        "max": 0.42344500187663037
      }
    },
    "1-pocket_lddt": {
      "R": {
        "n": 10,
        "mean": 0.011376781985173213,
        "std": 0.00767128009016851,
        "min": 0.002164020510694864,
        "max": 0.02357297585345519
      }
    }
  }
}