{
  "mode": "affinity",
  "target": "affinity_tryp",
  "metrics": {
    "affinity_pred_value": {
      "metric": "affinity_pred_value",
      "cross": {
        "n": 25,
        "mean": 0.042176160000000046,
        "std": 0.023917860808492068,
        "min": 0.002152000000000154,
        "max": 0.08525099999999997
      },
      "ref_floor": {
        "n": 10,
        "mean": 0.046875,
        "std": 0.029646353064078555,
        "min": 0.0,
        "max": 0.09375
      },
      "dev_floor": {
        "n": 10,
        "mean": 0.017992600000000004,
        "std": 0.010339055606775732,
        "min": 0.0003210000000000157,
        "max": 0.037760000000000016
      },
      "floor_mean": 0.046875,
      "cross_over_floor": 0.899758080000001,
      "within_noise_floor": true
    },
    "affinity_probability_binary": {
      "metric": "affinity_probability_binary",
      "cross": {
        "n": 25,
        "mean": 0.022234240000000006,
        "std": 0.015262250173136337,
        "min": 1.6000000000016e-05,
        "max": 0.050339750000000016
      },
      "ref_floor": {
        "n": 10,
        "mean": 0.02109375,
        "std": 0.0120017902310447,
        "min": 0.00390625,
        "max": 0.04296875
      },
      "dev_floor": {
        "n": 10,
        "mean": 0.024792199999999997,
        "std": 0.015175672201256867,
        "min": 0.0020129999999999315,
        "max": 0.04827199999999998
      },
      "floor_mean": 0.024792199999999997,
      "cross_over_floor": 0.8968240010971196,
      "within_noise_floor": true
    },
    "ligand_rmsd": {
      "metric": "ligand_rmsd",
      "cross": {
        "n": 25,
        "mean": 0.12017706538625057,
        "std": 0.026964483312783102,
        "min": 0.07382049191652092,
        "max": 0.1783147546565895
      },
      "ref_floor": {
        "n": 10,
        "mean": 0.13375293483938225,
        "std": 0.026224792928636134,
        "min": 0.0915630866553516,
        "max": 0.16620076433802394
      },
      "dev_floor": {
        "n": 10,
        "mean": 0.04582173420006952,
        "std": 0.031589826305719236,
        "min": 0.013816820370573803,
        "max": 0.09582014345486084
      },
      "floor_mean": 0.13375293483938225,
      "cross_over_floor": 0.8985003994907902,
      "within_noise_floor": true
    },
    "1-pocket_lddt": {
      "metric": "1-pocket_lddt",
      "cross": {
        "n": 25,
        "mean": 0.07034282766370566,
        "std": 0.014013663299601195,
        "min": 0.0513693924095302,
        "max": 0.10251324820163277
      },
      "ref_floor": {
        "n": 10,
        "mean": 0.006591641753034716,
        "std": 0.003778761057512712,
        "min": 0.0021672427285768237,
        "max": 0.012723363736051874
      },
      "dev_floor": {
        "n": 10,
        "mean": 0.0,
        "std": 0.0,
        "min": 0.0,
        "max": 0.0
      },
      "floor_mean": 0.006591641753034716,
      "cross_over_floor": 10.671518613905349,
      "within_noise_floor": false
    }
  }
}