{
  "mode": "structures",
  "targets": {
    "hsa_no_msa": {
      "rmsd": {
        "metric": "kabsch_rmsd",
        "cross": {
          "n": 25,
          "mean": 1.4649760824997977,
          "std": 0.21469589509978615,
          "min": 1.1285290135332875,
          "max": 1.930697754969898
        },
        "ref_floor": {
          "n": 10,
          "mean": 1.181271662555036,
          "std": 0.17647736429781932,
          "min": 0.8485606472064113,
          "max": 1.4620515897358548
        },
        "dev_floor": {
          "n": 10,
          "mean": 1.5019202770609352,
          "std": 0.21685765391224468,
          "min": 1.2288484063804748,
          "max": 2.0235672842265076
        },
        "floor_mean": 1.5019202770609352,
        "cross_over_floor": 0.9754020269082241,
        "within_noise_floor": true
      },
      "pcc": {
        "metric": "1-coord_pcc",
        "cross": {
          "n": 25,
          "mean": 0.0014408560196328413,
          "std": 0.0004311286713417346,
          "min": 0.0008383360299041298,
          "max": 0.0024718408063294506
        },
        "ref_floor": {
          "n": 10,
          "mean": 0.0009689396672540873,
          "std": 0.0003001302431593369,
          "min": 0.0004843997790834331,
          "max": 0.0014845901880280454
        },
        "dev_floor": {
          "n": 10,
          "mean": 0.0016558273052509121,
          "std": 0.0005035085018068016,
          "min": 0.0010981957591532643,
          "max": 0.002938271140164428
        },
        "floor_mean": 0.0016558273052509121,
        "cross_over_floor": 0.8701728828022343,
        "within_noise_floor": true
      }
    }
  }
}