{
  "mode": "structures",
  "targets": {
    "ubiquitin_no_msa": {
      "kabsch_rmsd": {
        "metric": "kabsch_rmsd",
        "cross": {
          "n": 25,
          "mean": 1.2077224433830025,
          "std": 0.6386124490352448,
          "min": 2.5711857423281765e-15,
          "max": 1.8605221033501527
        },
        "ref_floor": {
          "n": 10,
          "mean": 1.509653054228752,
          "std": 0.23231843717202944,
          "min": 1.2001771223722482,
          "max": 1.8605221033501516
        },
        "dev_floor": {
          "n": 10,
          "mean": 1.509653054228752,
          "std": 0.23231843717202944,
          "min": 1.2001771223722482,
          "max": 1.8605221033501516
        },
        "floor_mean": 1.509653054228752,
        "cross_over_floor": 0.8000000000000006,
        "within_noise_floor": true
      },
      "coord_pcc": {
        "metric": "1-coord_pcc",
        "cross": {
          "n": 25,
          "mean": 0.007005315875967959,
          "std": 0.004236077550923228,
          "min": 0.0,
          "max": 0.013102933766310332
        },
        "ref_floor": {
          "n": 10,
          "mean": 0.008756644844959582,
          "std": 0.002663583203814763,
          "min": 0.0053666387573264585,
          "max": 0.013102933766310332
        },
        "dev_floor": {
          "n": 10,
          "mean": 0.008756644844959582,
          "std": 0.002663583203814763,
          "min": 0.0053666387573264585,
          "max": 0.013102933766310332
        },
        "floor_mean": 0.008756644844959582,
        "cross_over_floor": 0.8000000000000336,
        "within_noise_floor": true
      },
      "tm_score": {
        "metric": "1-tm_score",
        "cross": {
          "n": 25,
          "mean": 0.015378897280577685,
          "std": 0.008323372604234896,
          "min": 0.0,
          "max": 0.02478791724798235
        },
        "ref_floor": {
          "n": 10,
          "mean": 0.019223621600722097,
          "std": 0.0035621115783492944,
          "min": 0.013084699824522206,
          "max": 0.02478791724798235
        },
        "dev_floor": {
          "n": 10,
          "mean": 0.019223621600722097,
          "std": 0.0035621115783492944,
          "min": 0.013084699824522206,
          "max": 0.02478791724798235
        },
        "floor_mean": 0.019223621600722097,
        "cross_over_floor": 0.8000000000000004,
        "within_noise_floor": true
      },
      "lddt": {
        "metric": "1-lddt",
        "cross": {
          "n": 25,
          "mean": 0.054601412077460144,
          "std": 0.02796351023865442,
          "min": 0.0,
          "max": 0.07988613176473869
        },
        "ref_floor": {
          "n": 10,
          "mean": 0.06854579353591196,
          "std": 0.006858059763085954,
          "min": 0.05687458786868005,
          "max": 0.07988613176473869
        },
        "dev_floor": {
          "n": 10,
          "mean": 0.06854579353591196,
          "std": 0.006858059763085954,
          "min": 0.05687458786868005,
          "max": 0.07988613176473869
        },
        "floor_mean": 0.06854579353591196,
        "cross_over_floor": 0.7965683853211767,
        "within_noise_floor": true
      }
    }
  }
}