{
  "mode": "structures",
  "targets": {
    "ubiquitin_no_msa": {
      "rmsd": {
        "metric": "kabsch_rmsd",
        "cross": {
          "n": 25,
          "mean": 1.6848125728455625,
          "std": 0.388155665253961,
          "min": 1.1618298436611618,
          "max": 2.4260629281556656
        },
        "ref_floor": {
          "n": 10,
          "mean": 1.8378476507807087,
          "std": 0.3485856524024113,
          "min": 1.2697621260302465,
          "max": 2.4487098215487135
        },
        "dev_floor": {
          "n": 10,
          "mean": 1.5458511588518888,
          "std": 0.2329655783815756,
          "min": 1.0430067647990882,
          "max": 1.8059997694918273
        },
        "floor_mean": 1.8378476507807087,
        "cross_over_floor": 0.9167313580806671,
        "within_noise_floor": true
      },
      "pcc": {
        "metric": "1-coord_pcc",
        "cross": {
          "n": 25,
          "mean": 0.011008811521348662,
          "std": 0.005450206842769969,
          "min": 0.004411174517249594,
          "max": 0.02236159305091867
        },
        "ref_floor": {
          "n": 10,
          "mean": 0.01412556532228224,
          "std": 0.005423337323885823,
          "min": 0.006455495433539515,
          "max": 0.024512182045026587
        },
        "dev_floor": {
          "n": 10,
          "mean": 0.009182297112822525,
          "std": 0.002559468443812027,
          "min": 0.004058020307315058,
          "max": 0.012209677237789984
        },
        "floor_mean": 0.01412556532228224,
        "cross_over_floor": 0.7793536945373022,
        "within_noise_floor": true
      }
    }
  }
}