{
  "mode": "affinity",
  "target": "affinity_tryp",
  "metrics": {
    "affinity_pred_value": {
      "metric": "affinity_pred_value",
      "cross": {
        "n": 9,
        "mean": 0.03814011111111107,
        "std": 0.019325116929037905,
        "min": 0.006479999999999819,
        "max": 0.0714579999999998
      },
      "ref_floor": {
        "n": 3,
        "mean": 0.0625,
        "std": 0.02551551815399144,
        "min": 0.03125,
        "max": 0.09375
      },
      "dev_floor": {
        "n": 3,
        "mean": 0.02248533333333332,
        "std": 0.010299987259970457,
        "min": 0.008843000000000156,
        "max": 0.03372799999999998
      },
      "floor_mean": 0.0625,
      "cross_over_floor": 0.6102417777777771,
      "within_noise_floor": true
    },
    "affinity_probability_binary": {
      "metric": "affinity_probability_binary",
      "cross": {
        "n": 9,
        "mean": 0.025362222222222223,
        "std": 0.01708454754361559,
        "min": 0.003967000000000054,
        "max": 0.055024749999999956
      },
      "ref_floor": {
        "n": 3,
        "mean": 0.028645833333333332,
        "std": 0.010252614419286212,
        "min": 0.01953125,
        "max": 0.04296875
      },
      "dev_floor": {
        "n": 3,
        "mean": 0.012909999999999977,
        "std": 0.004746192228162147,
        "min": 0.008088999999999902,
        "max": 0.019364999999999966
      },
      "floor_mean": 0.028645833333333332,
      "cross_over_floor": 0.8853721212121213,
      "within_noise_floor": true
    },
    "ligand_rmsd": {
      "metric": "ligand_rmsd",
      "cross": {
        "n": 9,
        "mean": 0.44910660841594857,
        "std": 0.43299462951910833,
        "min": 0.12044303073308968,
        "max": 1.0667764431425764
      },
      "ref_floor": {
        "n": 3,
        "mean": 0.13414270013190438,
        "std": 0.01869545628393073,
        "min": 0.1181176703863943,
        "max": 0.16036726993369435
      },
      "dev_floor": {
        "n": 3,
        "mean": 0.7246468891591841,
        "std": 0.48706880496326105,
        "min": 0.03583414921915485,
        "max": 1.0716586621193638
      },
      "floor_mean": 0.7246468891591841,
      "cross_over_floor": 0.6197592443087032,
      "within_noise_floor": true
    },
    "1-pocket_lddt": {
      "metric": "1-pocket_lddt",
      "cross": {
        "n": 9,
        "mean": 0.08780429777406433,
        "std": 0.02533718143360696,
        "min": 0.06089821776990134,
        "max": 0.12899405876553582
      },
      "ref_floor": {
        "n": 3,
        "mean": 0.006080128436216896,
        "std": 0.0030088956440636454,
        "min": 0.003599552840961584,
        "max": 0.010314616967340151
      },
      "dev_floor": {
        "n": 3,
        "mean": 0.05887484399368722,
        "std": 0.023155674820347777,
        "min": 0.0298474138533954,
        "max": 0.08651616886784508
      },
      "floor_mean": 0.05887484399368722,
      "cross_over_floor": 1.4913720668793455,
      "within_noise_floor": false
    }
  }
}