{
  "mode": "affinity",
  "target": "affinity_dhfr",
  "metrics": {
    "affinity_pred_value": {
      "metric": "affinity_pred_value",
      "cross": {
        "n": 25,
        "mean": 0.05444011999999998,
        "std": 0.03603642257752007,
        "min": 0.009713000000000083,
        "max": 0.13311399999999995
      },
      "ref_floor": {
        "n": 10,
        "mean": 0.03125,
        "std": 0.024206145913796356,
        "min": 0.0,
        "max": 0.0625
      },
      "dev_floor": {
        "n": 10,
        "mean": 0.0423044,
        "std": 0.022701191216321664,
        "min": 0.006672000000000011,
        "max": 0.08032700000000004
      },
      "floor_mean": 0.0423044,
      "cross_over_floor": 1.2868666143474434,
      "within_noise_floor": true
    },
    "affinity_probability_binary": {
      "metric": "affinity_probability_binary",
      "cross": {
        "n": 25,
        "mean": 0.00241903000000002,
        "std": 0.0017188458908814386,
        "min": 0.00021000000000004349,
        "max": 0.005214000000000052
      },
      "ref_floor": {
        "n": 10,
        "mean": 0.00234375,
        "std": 0.0019136638615493578,
        "min": 0.0,
        "max": 0.00390625
      },
      "dev_floor": {
        "n": 10,
        "mean": 0.0030312000000000338,
        "std": 0.0017411720075856997,
        "min": 6.700000000003925e-05,
        "max": 0.005424000000000095
      },
      "floor_mean": 0.0030312000000000338,
      "cross_over_floor": 0.7980436790709926,
      "within_noise_floor": true
    },
    "ligand_rmsd": {
      "metric": "ligand_rmsd",
      "cross": {
        "n": 25,
        "mean": 0.5821112506696683,
        "std": 0.19318934048050854,
        "min": 0.2831545601761268,
        "max": 0.9476076519684961
      },
      "ref_floor": {
        "n": 10,
        "mean": 0.2433068783901616,
        "std": 0.03964592495679809,
        "min": 0.1775789235038534,
        "max": 0.30572786297092297
      },
      "dev_floor": {
        "n": 10,
        "mean": 0.6141756403669828,
        "std": 0.2590273188539973,
        "min": 0.1920267460817373,
        "max": 0.9891211990622347
      },
      "floor_mean": 0.6141756403669828,
      "cross_over_floor": 0.9477928012935267,
      "within_noise_floor": true
    },
    "1-pocket_lddt": {
      "metric": "1-pocket_lddt",
      "cross": {
        "n": 25,
        "mean": 0.15089073703174066,
        "std": 0.04081005056465376,
        "min": 0.10463664036220988,
        "max": 0.23714599587001683
      },
      "ref_floor": {
        "n": 10,
        "mean": 0.028596331422838073,
        "std": 0.01846364255130324,
        "min": 0.00876356547828705,
        "max": 0.06301372479389045
      },
      "dev_floor": {
        "n": 10,
        "mean": 0.026267174753700585,
        "std": 0.01920321808399687,
        "min": 0.004211577822314072,
        "max": 0.05844653148622403
      },
      "floor_mean": 0.028596331422838073,
      "cross_over_floor": 5.2765767328893745,
      "within_noise_floor": false
    }
  }
}