{
  "mode": "structures",
  "targets": {
    "prot": {
      "rmsd": {
        "metric": "kabsch_rmsd",
        "cross": {
          "n": 4,
          "mean": 5.506483951606337,
          "std": 0.7017327634229467,
          "min": 4.452932817800348,
          "max": 6.418344470715105
        },
        "ref_floor": {
          "n": 1,
          "mean": 3.3691128494905276,
          "std": 0.0,
          "min": 3.3691128494905276,
          "max": 3.3691128494905276
        },
        "dev_floor": {
          "n": 1,
          "mean": 4.352374069823206,
          "std": 0.0,
          "min": 4.352374069823206,
          "max": 4.352374069823206
        },
        "floor_mean": 4.352374069823206,
        "cross_over_floor": 1.2651678976274232,
        "within_noise_floor": false
      },
      "pcc": {
        "metric": "1-coord_pcc",
        "cross": {
          "n": 4,
          "mean": 0.09053949609317785,
          "std": 0.021422251378441937,
          "min": 0.059538309188441385,
          "max": 0.1184237662413592
        },
        "ref_floor": {
          "n": 1,
          "mean": 0.03162942896434906,
          "std": 0.0,
          "min": 0.03162942896434906,
          "max": 0.03162942896434906
        },
        "dev_floor": {
          "n": 1,
          "mean": 0.056369863034723355,
          "std": 0.0,
          "min": 0.056369863034723355,
          "max": 0.056369863034723355
        },
        "floor_mean": 0.056369863034723355,
        "cross_over_floor": 1.6061684598631416,
        "within_noise_floor": false
      }
    },
    "trpcage": {
      "rmsd": {
        "metric": "kabsch_rmsd",
        "cross": {
          "n": 4,
          "mean": 0.601816290071475,
          "std": 0.23990372621147146,
          "min": 0.35643339925688095,
          "max": 0.8685502107630169
        },
        "ref_floor": {
          "n": 1,
          "mean": 0.7946294681540192,
          "std": 0.0,
          "min": 0.7946294681540192,
          "max": 0.7946294681540192
        },
        "dev_floor": {
          "n": 1,
          "mean": 0.3720776512134338,
          "std": 0.0,
          "min": 0.3720776512134338,
          "max": 0.3720776512134338
        },
        "floor_mean": 0.7946294681540192,
        "cross_over_floor": 0.7573546088965678,
        "within_noise_floor": true
      },
      "pcc": {
        "metric": "1-coord_pcc",
        "cross": {
          "n": 4,
          "mean": 0.004117054528680553,
          "std": 0.0029982329077013646,
          "min": 0.0011116276610397824,
          "max": 0.007606310161479168
        },
        "ref_floor": {
          "n": 1,
          "mean": 0.006743938763936752,
          "std": 0.0,
          "min": 0.006743938763936752,
          "max": 0.006743938763936752
        },
        "dev_floor": {
          "n": 1,
          "mean": 0.0014113894919277614,
          "std": 0.0,
          "min": 0.0014113894919277614,
          "max": 0.0014113894919277614
        },
        "floor_mean": 0.006743938763936752,
        "cross_over_floor": 0.6104821933877163,
        "within_noise_floor": true
      }
    }
  }
}