{
  "mode": "structures",
  "targets": {
    "ubiquitin_no_msa": {
      "rmsd": {
        "metric": "kabsch_rmsd",
        "cross": {
          "n": 4,
          "mean": 1.6253543458688005,
          "std": 0.24968520811637798,
          "min": 1.4507779807489911,
          "max": 2.0560738973841035
        },
        "ref_floor": {
          "n": 1,
          "mean": 1.8514119486617053,
          "std": 0.0,
          "min": 1.8514119486617053,
          "max": 1.8514119486617053
        },
        "dev_floor": {
          "n": 1,
          "mean": 1.6309999383220486,
          "std": 0.0,
          "min": 1.6309999383220486,
          "max": 1.6309999383220486
        },
        "floor_mean": 1.8514119486617053,
        "cross_over_floor": 0.8778998898887356,
        "within_noise_floor": true
      },
      "pcc": {
        "metric": "1-coord_pcc",
        "cross": {
          "n": 4,
          "mean": 0.009762253034254625,
          "std": 0.003437792613132423,
          "min": 0.007534804979975052,
          "max": 0.015706785471489626
        },
        "ref_floor": {
          "n": 1,
          "mean": 0.013691458788602673,
          "std": 0.0,
          "min": 0.013691458788602673,
          "max": 0.013691458788602673
        },
        "dev_floor": {
          "n": 1,
          "mean": 0.009877152206393847,
          "std": 0.0,
          "min": 0.009877152206393847,
          "max": 0.009877152206393847
        },
        "floor_mean": 0.013691458788602673,
        "cross_over_floor": 0.7130177423008512,
        "within_noise_floor": true
      }
    }
  }
}