{
  "mode": "embeddings",
  "model": "esmc-600m",
  "fast": false,
  "targets": {
    "trpcage": {
      "length": 20,
      "dev_vs_ref_pcc": 0.9996145310335867,
      "dev_vs_dev_pcc": 1.0
    },
    "gb1": {
      "length": 56,
      "dev_vs_ref_pcc": 0.999555134800036,
      "dev_vs_dev_pcc": 0.9999999999999999
    },
    "ubiquitin": {
      "length": 76,
      "dev_vs_ref_pcc": 0.9995995095382942,
      "dev_vs_dev_pcc": 1.0
    },
    "lysozyme": {
      "length": 129,
      "dev_vs_ref_pcc": 0.9993863894676365,
      "dev_vs_dev_pcc": 1.0
    }
  }
}