{
  "mode": "structures",
  "targets": {
    "trpcage": {
      "rmsd": {
        "metric": "kabsch_rmsd",
        "cross": {
          "n": 25,
          "mean": 0.5086180669637403,
          "std": 0.1563513887837198,
          "min": 0.2918936304892063,
          "max": 0.7236596754836152
        },
        "ref_floor": {
          "n": 10,
          "mean": 0.3736225417927575,
          "std": 0.17801440859213705,
          "min": 0.09022486599619002,
          "max": 0.6660480194777169
        },
        "dev_floor": {
          "n": 10,
          "mean": 0.5172599091806063,
          "std": 0.20138770631583847,
          "min": 0.22694653235503254,
          "max": 0.7367127244001341
        },
        "floor_mean": 0.5172599091806063,
        "cross_over_floor": 0.9832930368979195,
        "within_noise_floor": true
      },
      "pcc": {
        "metric": "1-coord_pcc",
        "cross": {
          "n": 25,
          "mean": 0.0027690289086758613,
          "std": 0.0015568201798932624,
          "min": 0.0008295354372355179,
          "max": 0.005238428372996484
        },
        "ref_floor": {
          "n": 10,
          "mean": 0.0016816814143307934,
          "std": 0.0012659081542532983,
          "min": 7.936218019422014e-05,
          "max": 0.004341684992390182
        },
        "dev_floor": {
          "n": 10,
          "mean": 0.0031045748999051883,
          "std": 0.0019391191307716943,
          "min": 0.0005058064669958284,
          "max": 0.005454009245569935
        },
        "floor_mean": 0.0031045748999051883,
        "cross_over_floor": 0.8919188610203689,
        "within_noise_floor": true
      },
      "tm_score": {
        "metric": "1-tm_score",
        "cross": {
          "n": 25,
          "mean": 0.009919564305116028,
          "std": 0.004755990837392578,
          "min": 0.0038129379404929775,
          "max": 0.0176071299650854
        },
        "ref_floor": {
          "n": 10,
          "mean": 0.006049236423158832,
          "std": 0.0042597434651504016,
          "min": 0.0003783960731758018,
          "max": 0.014438081293535743
        },
        "dev_floor": {
          "n": 10,
          "mean": 0.010385630279633485,
          "std": 0.006011450510617189,
          "min": 0.0023239915378175935,
          "max": 0.01819453641530211
        },
        "floor_mean": 0.010385630279633485,
        "cross_over_floor": 0.9551239585881056,
        "within_noise_floor": true
      },
      "lddt": {
        "metric": "1-lddt",
        "cross": {
          "n": 25,
          "mean": 0.0266563784831081,
          "std": 0.014655964835888692,
          "min": 0.006113945807241339,
          "max": 0.051316999290192844
        },
        "ref_floor": {
          "n": 10,
          "mean": 0.019789490860620727,
          "std": 0.0132138332922066,
          "min": 0.0004348405838275893,
          "max": 0.04296249717451506
        },
        "dev_floor": {
          "n": 10,
          "mean": 0.028373965026564342,
          "std": 0.017791376806824282,
          "min": 0.004573319194466796,
          "max": 0.053288624832353415
        },
        "floor_mean": 0.028373965026564342,
        "cross_over_floor": 0.9394661076854011,
        "within_noise_floor": true
      },
      "settings": {
        "recycling_steps": 4,
        "sampling_steps": 20,
        "diffusion_samples": 1,
        "seeds": [
          0,
          1,
          2,
          3,
          4
        ],
        "length": 20
      }
    },
    "prot": {
      "rmsd": {
        "metric": "kabsch_rmsd",
        "cross": {
          "n": 9,
          "mean": 7.652477726907506,
          "std": 0.21026263000776427,
          "min": 7.341593927124657,
          "max": 7.972964045244564
        },
        "ref_floor": {
          "n": 3,
          "mean": 1.9621041868733935,
          "std": 0.7466183985021864,
          "min": 0.9098663956101167,
          "max": 2.564086594491954
        },
        "dev_floor": {
          "n": 3,
          "mean": 2.6838217922238354,
          "std": 0.3798926207189772,
          "min": 2.364169075259581,
          "max": 3.217605648716267
        },
        "floor_mean": 2.6838217922238354,
        "cross_over_floor": 2.851336012353713,
        "within_noise_floor": false
      },
      "pcc": {
        "metric": "1-coord_pcc",
        "cross": {
          "n": 9,
          "mean": 0.15975628447417037,
          "std": 0.008142154161479193,
          "min": 0.14909651355448572,
          "max": 0.17799615753118914
        },
        "ref_floor": {
          "n": 3,
          "mean": 0.01291086794154972,
          "std": 0.007481218823486582,
          "min": 0.0024107818712791884,
          "max": 0.019285231667154568
        },
        "dev_floor": {
          "n": 3,
          "mean": 0.01849151357736112,
          "std": 0.005189001920476153,
          "min": 0.013515732781242407,
          "max": 0.02565057251207059
        },
        "floor_mean": 0.01849151357736112,
        "cross_over_floor": 8.639437967358042,
        "within_noise_floor": false
      },
      "settings": {
        "recycling_steps": 4,
        "sampling_steps": 20,
        "diffusion_samples": 1,
        "seeds": [
          0,
          1,
          2
        ],
        "length": 117
      }
    }
  },
  "note_5x5": "trpcage extended 3+3 -> 5+5 (seeds 0-4) on 2026-07-20; prot (reduced 4c/20s) left at 3+3 as the resolved artifact (see opendde-prod-leg.json for the production 7ROA leg, now 5+5)."
}