{
  "chain_map": {
    "A": "C",
    "B": "B",
    "C": "A"
  },
  "global_dockq": 0.8635819794330976,
  "interfaces": {
    "AB": {
      "DockQ": 0.8301378872515075,
      "fnat": 0.9,
      "iRMSD": 1.1971261641186723,
      "LRMSD": 1.2291616263171183,
      "fnonnat": 0.18181818181818182,
      "clashes": 0
    },
    "AC": {
      "DockQ": 0.898200022566973,
      "fnat": 1.0,
      "iRMSD": 0.7037074277260756,
      "LRMSD": 3.212861179576316,
      "fnonnat": 0.2222222222222222,
      "clashes": 0
    },
    "BC": {
      "DockQ": 0.8624080284808123,
      "fnat": 0.8846153846153846,
      "iRMSD": 0.6505866364388487,
      "LRMSD": 3.416114296030641,
      "fnonnat": 0.1320754716981132,
      "clashes": 0
    }
  }
}