{
  "mode": "structures",
  "targets": {
    "trpcage": {
      "rmsd": {
        "metric": "kabsch_rmsd",
        "cross": {
          "n": 9,
          "mean": 0.38660424734839693,
          "std": 0.10511303909759766,
          "min": 0.2918945096821427,
          "max": 0.5441188074354681
        },
        "ref_floor": {
          "n": 3,
          "mean": 0.3124754555632707,
          "std": 0.11890002839826379,
          "min": 0.14506332507074987,
          "max": 0.4098090316837986
        },
        "dev_floor": {
          "n": 3,
          "mean": 0.23954479322562228,
          "std": 0.012921422617966883,
          "min": 0.22694653235503254,
          "max": 0.2573072395418298
        },
        "floor_mean": 0.3124754555632707,
        "cross_over_floor": 1.2372307663381146,
        "within_noise_floor": true
      },
      "pcc": {
        "metric": "1-coord_pcc",
        "cross": {
          "n": 9,
          "mean": 0.0015693024402454953,
          "std": 0.0009042348658528022,
          "min": 0.0008295411946455111,
          "max": 0.0029590087754359784
        },
        "ref_floor": {
          "n": 3,
          "mean": 0.0011072945379820471,
          "std": 0.0006416418537578343,
          "min": 0.0002085028369007702,
          "max": 0.0016647945572270118
        },
        "dev_floor": {
          "n": 3,
          "mean": 0.0005736630500333684,
          "std": 6.382854981050717e-05,
          "min": 0.0005058064669958284,
          "max": 0.0006591446029448056
        },
        "floor_mean": 0.0011072945379820471,
        "cross_over_floor": 1.4172402973335527,
        "within_noise_floor": true
      },
      "settings": {
        "recycling_steps": 4,
        "sampling_steps": 20,
        "diffusion_samples": 1,
        "seeds": [
          0,
          1,
          2
        ],
        "length": 20
      }
    },
    "prot": {
      "rmsd": {
        "metric": "kabsch_rmsd",
        "cross": {
          "n": 9,
          "mean": 7.652477726907506,
          "std": 0.21026263000776427,
          "min": 7.341593927124657,
          "max": 7.972964045244564
        },
        "ref_floor": {
          "n": 3,
          "mean": 1.9621041868733935,
          "std": 0.7466183985021864,
          "min": 0.9098663956101167,
          "max": 2.564086594491954
        },
        "dev_floor": {
          "n": 3,
          "mean": 2.6838217922238354,
          "std": 0.3798926207189772,
          "min": 2.364169075259581,
          "max": 3.217605648716267
        },
        "floor_mean": 2.6838217922238354,
        "cross_over_floor": 2.851336012353713,
        "within_noise_floor": false
      },
      "pcc": {
        "metric": "1-coord_pcc",
        "cross": {
          "n": 9,
          "mean": 0.15975628447417037,
          "std": 0.008142154161479193,
          "min": 0.14909651355448572,
          "max": 0.17799615753118914
        },
        "ref_floor": {
          "n": 3,
          "mean": 0.01291086794154972,
          "std": 0.007481218823486582,
          "min": 0.0024107818712791884,
          "max": 0.019285231667154568
        },
        "dev_floor": {
          "n": 3,
          "mean": 0.01849151357736112,
          "std": 0.005189001920476153,
          "min": 0.013515732781242407,
          "max": 0.02565057251207059
        },
        "floor_mean": 0.01849151357736112,
        "cross_over_floor": 8.639437967358042,
        "within_noise_floor": false
      },
      "settings": {
        "recycling_steps": 4,
        "sampling_steps": 20,
        "diffusion_samples": 1,
        "seeds": [
          0,
          1,
          2
        ],
        "length": 117
      }
    }
  }
}