{
  "mode": "structures",
  "targets": {
    "ubq": {
      "rmsd": {
        "metric": "kabsch_rmsd",
        "cross": {
          "n": 25,
          "mean": 1.733597000777182,
          "std": 0.35888551558141085,
          "min": 1.1192370538602567,
          "max": 2.5194863256033204
        },
        "ref_floor": {
          "n": 10,
          "mean": 1.923438845247358,
          "std": 0.7165428905294948,
          "min": 0.8945205000738519,
          "max": 2.9925190720329264
        },
        "dev_floor": {
          "n": 10,
          "mean": 0.9105818954409589,
          "std": 0.33887280748038995,
          "min": 0.07550883582384667,
          "max": 1.2841865770958354
        },
        "floor_mean": 1.923438845247358,
        "cross_over_floor": 0.9013008160154101,
        "within_noise_floor": true
      },
      "pcc": {
        "metric": "1-coord_pcc",
        "cross": {
          "n": 25,
          "mean": 0.011765969360893145,
          "std": 0.004898815678100623,
          "min": 0.004690792260487853,
          "max": 0.023751406893010807
        },
        "ref_floor": {
          "n": 10,
          "mean": 0.016124786478558452,
          "std": 0.010695862407799057,
          "min": 0.0030467584774918066,
          "max": 0.03428456707459815
        },
        "dev_floor": {
          "n": 10,
          "mean": 0.0035048321791895875,
          "std": 0.0018888408682468621,
          "min": 2.090249326147653e-05,
          "max": 0.006105453401458627
        },
        "floor_mean": 0.016124786478558452,
        "cross_over_floor": 0.7296821806935961,
        "within_noise_floor": true
      }
    }
  }
}