{
  "mode": "structures",
  "targets": {
    "ubq": {
      "rmsd": {
        "metric": "kabsch_rmsd",
        "cross": {
          "n": 4,
          "mean": 2.0887642593071867,
          "std": 0.3973975680680996,
          "min": 1.6853091562552402,
          "max": 2.503501456300174
        },
        "ref_floor": {
          "n": 1,
          "mean": 2.667218849799145,
          "std": 0.0,
          "min": 2.667218849799145,
          "max": 2.667218849799145
        },
        "dev_floor": {
          "n": 1,
          "mean": 0.12042470424811476,
          "std": 0.0,
          "min": 0.12042470424811476,
          "max": 0.12042470424811476
        },
        "floor_mean": 2.667218849799145,
        "cross_over_floor": 0.7831244367009783,
        "within_noise_floor": true
      },
      "pcc": {
        "metric": "1-coord_pcc",
        "cross": {
          "n": 4,
          "mean": 0.017403678445914034,
          "std": 0.006459203205081108,
          "min": 0.01086715602366517,
          "max": 0.02419975424739651
        },
        "ref_floor": {
          "n": 1,
          "mean": 0.027225417133479146,
          "std": 0.0,
          "min": 0.027225417133479146,
          "max": 0.027225417133479146
        },
        "dev_floor": {
          "n": 1,
          "mean": 5.602388773751077e-05,
          "std": 0.0,
          "min": 5.602388773751077e-05,
          "max": 5.602388773751077e-05
        },
        "floor_mean": 0.027225417133479146,
        "cross_over_floor": 0.6392437757918756,
        "within_noise_floor": true
      }
    }
  }
}