{
    "affinity_pred_value": -1.7431564331054688,
    "affinity_probability_binary": 0.964104175567627,
    "affinity_pred_value1": -0.4286568760871887,
    "affinity_probability_binary1": 0.9504432082176208,
    "affinity_pred_value2": -1.1452398300170898,
    "affinity_probability_binary2": 0.9777651429176331
}