{
  "seed": 0,
  "target_id": "hsa_no_msa",
  "harvested_from": "/home/ttuser/hsa_ref_boltz/ref_boltz_harness_s0",
  "selected_record": {
    "confidence_score": 0.8675837516784668,
    "ptm": 0.7021204233169556,
    "iptm": 0.0,
    "ligand_iptm": 0.0,
    "protein_iptm": 0.0,
    "complex_plddt": 0.9089495539665222,
    "complex_iplddt": 0.9089495539665222,
    "complex_pde": 0.6550313234329224,
    "complex_ipde": 0.0,
    "chains_ptm": {
      "0": 0.7021204233169556
    },
    "pair_chains_iptm": {
      "0": {
        "0": 0.7021204233169556
      }
    },
    "id": "hsa_no_msa"
  },
  "note": "real reference output copied verbatim; not regenerated or edited"
}
