{
    "confidence_score": 0.9070523381233215,
    "ptm": 0.8577879667282104,
    "iptm": 0.8442460894584656,
    "ligand_iptm": 0.8442460894584656,
    "protein_iptm": 0.0,
    "complex_plddt": 0.9227539300918579,
    "complex_iplddt": 0.8804712295532227,
    "complex_pde": 0.6181262135505676,
    "complex_ipde": 1.0854336023330688,
    "chains_ptm": {
        "0": 0.8632258772850037,
        "1": 0.8346582651138306
    },
    "pair_chains_iptm": {
        "0": {
            "0": 0.8632258772850037,
            "1": 0.5257554650306702
        },
        "1": {
            "0": 0.8442460894584656,
            "1": 0.8346582651138306
        }
    }
}