{
    "affinity_pred_value": -1.5496811866760254,
    "affinity_probability_binary": 0.9647327661514282,
    "affinity_pred_value1": -0.20659634470939636,
    "affinity_probability_binary1": 0.9512329697608948,
    "affinity_pred_value2": -0.9935280680656433,
    "affinity_probability_binary2": 0.9782326221466064
}