{
  "seed": 2,
  "target_id": "prot",
  "harvested_from": "/home/ttuser/pharma_seedbump2/boltz2_prot_msa/ref_harness_s2",
  "selected_record": {
    "confidence_score": 0.7736101746559143,
    "ptm": 0.6907598376274109,
    "iptm": 0.0,
    "ligand_iptm": 0.0,
    "protein_iptm": 0.0,
    "complex_plddt": 0.7943227291107178,
    "complex_iplddt": 0.7943227291107178,
    "complex_pde": 0.8378047347068787,
    "complex_ipde": 0.0,
    "chains_ptm": {
      "0": 0.6907598376274109
    },
    "pair_chains_iptm": {
      "0": {
        "0": 0.6907598376274109
      }
    },
    "id": "prot"
  },
  "note": "real reference output copied verbatim; not regenerated or edited"
}
