{
    "affinity_pred_value": -0.41319942474365234,
    "affinity_probability_binary": 0.9291340112686157,
    "affinity_pred_value1": 0.3206714987754822,
    "affinity_probability_binary1": 0.9279682040214539,
    "affinity_pred_value2": 0.6513717770576477,
    "affinity_probability_binary2": 0.9302998781204224
}