{
    "affinity_pred_value": 2.61399245262146,
    "affinity_probability_binary": 0.845893144607544,
    "affinity_pred_value1": 2.4960861206054688,
    "affinity_probability_binary1": 0.8986611366271973,
    "affinity_pred_value2": 1.9685773849487305,
    "affinity_probability_binary2": 0.7931252121925354
}