{
    "affinity_pred_value": -1.5123109817504883,
    "affinity_probability_binary": 0.9672362208366394,
    "affinity_pred_value1": -0.13141894340515137,
    "affinity_probability_binary1": 0.9565955996513367,
    "affinity_pred_value2": -0.9965103268623352,
    "affinity_probability_binary2": 0.9778768420219421
}