{
    "affinity_pred_value": -1.931840419769287,
    "affinity_probability_binary": 0.9738519191741943,
    "affinity_pred_value1": -0.5821490287780762,
    "affinity_probability_binary1": 0.9669793844223022,
    "affinity_pred_value2": -1.3562626838684082,
    "affinity_probability_binary2": 0.9807244539260864
}