{
    "confidence_score": 0.9175033569335938,
    "ptm": 0.857501208782196,
    "iptm": 0.843259871006012,
    "ligand_iptm": 0.843259871006012,
    "protein_iptm": 0.0,
    "complex_plddt": 0.9360642433166504,
    "complex_iplddt": 0.8990106582641602,
    "complex_pde": 0.619795560836792,
    "complex_ipde": 1.0725407600402832,
    "chains_ptm": {
        "0": 0.866787850856781,
        "1": 0.8239445686340332
    },
    "pair_chains_iptm": {
        "0": {
            "0": 0.866787850856781,
            "1": 0.502884566783905
        },
        "1": {
            "0": 0.843259871006012,
            "1": 0.8239445686340332
        }
    }
}