OP CODE,OP TYPE,GLOBAL CALL COUNT,DEVICE ID,DEVICE ARCH,ATTRIBUTES,MATH FIDELITY,CORE COUNT,AVAILABLE WORKER CORE COUNT,PARALLELIZATION STRATEGY,HOST START TS,HOST END TS,HOST DURATION [ns],DEVICE FW START CYCLE,DEVICE FW END CYCLE,OP TO OP LATENCY [ns],OP TO OP LATENCY BR/NRISC START [ns],DEVICE FW DURATION [ns],DEVICE KERNEL DURATION [ns],DEVICE KERNEL DURATION DM START [ns],DEVICE KERNEL DURATION PER CORE MIN [ns],DEVICE KERNEL DURATION PER CORE MAX [ns],DEVICE KERNEL DURATION PER CORE AVG [ns],DEVICE KERNEL FIRST TO LAST START [ns],DEVICE BRISC KERNEL DURATION [ns],DEVICE NCRISC KERNEL DURATION [ns],DEVICE TRISC0 KERNEL DURATION [ns],DEVICE TRISC1 KERNEL DURATION [ns],DEVICE TRISC2 KERNEL DURATION [ns],DEVICE ERISC KERNEL DURATION [ns],DEVICE COMPUTE CB WAIT FRONT [ns],DEVICE COMPUTE CB RESERVE BACK [ns],DEVICE DM CB RESERVE BACK BRISC [ns],DEVICE DM CB RESERVE BACK NCRISC [ns],DEVICE DM CB WAIT FRONT BRISC [ns],DEVICE DM CB WAIT FRONT NCRISC [ns],DEVICE DM NOC READ BARRIER BRISC [ns],DEVICE DM NOC READ BARRIER NCRISC [ns],DEVICE DM NOC WRITE WAIT BRISC [ns],DEVICE DM NOC WRITE WAIT NCRISC [ns],DEVICE DM SEM WAIT BRISC [ns],DEVICE DM SEM WAIT NCRISC [ns],DISPATCH TOTAL CQ CMD OP TIME [ns],DISPATCH GO SEND WAIT TIME [ns],INPUT_0_W_PAD[LOGICAL],INPUT_0_Z_PAD[LOGICAL],INPUT_0_Y_PAD[LOGICAL],INPUT_0_X_PAD[LOGICAL],INPUT_0_LAYOUT,INPUT_0_DATATYPE,INPUT_0_MEMORY,INPUT_1_W_PAD[LOGICAL],INPUT_1_Z_PAD[LOGICAL],INPUT_1_Y_PAD[LOGICAL],INPUT_1_X_PAD[LOGICAL],INPUT_1_LAYOUT,INPUT_1_DATATYPE,INPUT_1_MEMORY,OUTPUT_0_W_PAD[LOGICAL],OUTPUT_0_Z_PAD[LOGICAL],OUTPUT_0_Y_PAD[LOGICAL],OUTPUT_0_X_PAD[LOGICAL],OUTPUT_0_LAYOUT,OUTPUT_0_DATATYPE,OUTPUT_0_MEMORY,METAL TRACE ID,METAL TRACE REPLAY SESSION ID,COMPUTE KERNEL SOURCE,COMPUTE KERNEL HASH,DATA MOVEMENT KERNEL SOURCE,DATA MOVEMENT KERNEL HASH,PROGRAM HASH,PROGRAM CACHE HIT,TENSIX DM 0 MAX KERNEL SIZE [B],TENSIX DM 1 MAX KERNEL SIZE [B],TENSIX COMPUTE 0 MAX KERNEL SIZE [B],TENSIX COMPUTE 1 MAX KERNEL SIZE [B],TENSIX COMPUTE 2 MAX KERNEL SIZE [B],ACTIVE ETH DM 0 MAX KERNEL SIZE [B],ACTIVE ETH DM 1 MAX KERNEL SIZE [B],IDLE ETH DM 0 MAX KERNEL SIZE [B],IDLE ETH DM 1 MAX KERNEL SIZE [B],PM IDEAL [ns],PM COMPUTE [ns],PM BANDWIDTH [ns],PM REQ I BW,PM REQ O BW,PM FPU UTIL (%),NOC UTIL (%),MULTICAST NOC UTIL (%),DRAM BW UTIL (%),ETH BW UTIL (%),NPE CONG IMPACT (%)
BinaryNgDeviceOperation,tt_dnn_device,1024,0,,{'binary_op_type': 'BinaryOpType::ADD'; 'compute_kernel_config': 'std::nullopt'; 'dtype': 'DataType::BFLOAT16'; 'input_dtype': 'DataType::BFLOAT16'; 'is_quant_op': 'false'; 'is_sfpu': 'false'; 'is_where_op': 'false'; 'lhs_activations': '{}'; 'memory_config': 'MemoryConfig(memory_layout=TensorMemoryLayout::INTERLEAVED;buffer_type=BufferType::DRAM;shard_spec=std::nullopt;nd_shard_spec=std::nullopt;created_with_nd_shard_spec=0)'; 'post_activations': '{}'; 'rhs_activations': '{}'; 'scalar': 'std::nullopt'; 'sub_core_grids': 'std::nullopt'; 'subtile_broadcast_type': 'SubtileBroadcastType::NONE'; 'worker_grid': '{[(x=0;y=0) - (x=10;y=9)]}'},HiFi4,110,,,2028387207,2028490465,103258,1623996365652,1623996368735,0,0,2284,1834,1711,190,1388,296,595,1693,1247,1280,561,707,,529,13,,56,736,,,348,262,,,,,,1[1],1[1],32[32],32[32],TILE,BFLOAT16,DEV_1_DRAM_INTERLEAVED,1[1],1[1],32[32],32[32],TILE,BFLOAT16,DEV_1_DRAM_INTERLEAVED,1[1],1[1],32[32],32[32],TILE,BFLOAT16,DEV_1_DRAM_INTERLEAVED,,,['ttnn/cpp/ttnn/operations/eltwise/binary_ng/device/kernels/compute/eltwise_binary_no_bcast.cpp'],['eltwise_binary_no_bcast/14288279633599727612/'],['ttnn/cpp/ttnn/operations/eltwise/binary_ng/device/kernels_ng/dataflow/reader_interleaved_no_bcast.cpp'; 'ttnn/cpp/ttnn/operations/eltwise/binary_ng/device/kernels_ng/dataflow/writer_interleaved_no_bcast.cpp'],['reader_interleaved_no_bcast/17691247497470902086/'; 'writer_interleaved_no_bcast/10311599973615775795/'],18417575360683381351,False,1300,1908,1460,672,1372,0,0,0,0,1,1,1,[],[],0.055,,,,,
MatmulDeviceOperation,tt_dnn_device,2048,0,,{'bcast_batch': 'true'; 'compute_kernel_config': 'ComputeKernelConfig(math_fidelity=HiFi4;math_approx_mode=0;fp32_dest_acc_en=1;packer_l1_acc=1;dst_full_sync_en=0;throttle_level=ThrottleLevel::NO_THROTTLE)'; 'global_cb': 'std::nullopt'; 'output_dtype': 'DataType::BFLOAT16'; 'output_mem_config': 'MemoryConfig(memory_layout=TensorMemoryLayout::INTERLEAVED;buffer_type=BufferType::DRAM;shard_spec=std::nullopt;nd_shard_spec=std::nullopt;created_with_nd_shard_spec=0)'; 'output_tile': 'Tile(tile_shape={32; 32};face_shape={16; 16};num_faces=4)'; 'program_config': 'MatmulMultiCoreReuseMultiCastProgramConfig(compute_with_storage_grid_size=(x=11;y=10);in0_block_w=1;out_subblock_h=2;out_subblock_w=2;out_block_h=26;out_block_w=8;per_core_M=26;per_core_N=24;transpose_mcast=0;fused_activation=std::nullopt;fuse_batch=0)'; 'sub_device_id': 'std::nullopt'; 'transpose_a': 'false'; 'transpose_b': 'false'; 'untilize_out': 'false'; 'user_core_coord': 'std::nullopt'; 'user_fused_activation': 'std::nullopt'; 'user_run_batched': 'false'},HiFi4,110,,,2731328983,2731461928,132945,1624945326476,1624957496594,702933507,702933510,9014902,9013048,9013044,8861281,9012581,8921517,548,9013033,8844736,8864446,8864604,8864684,,104192192,91949914,758912042,425177319,3349728,,4412444,33129908,16678004,1521,175840200,492644013,,,1[1],1[1],8192[8192],8192[8192],TILE,BFLOAT16,DEV_1_DRAM_INTERLEAVED,1[1],1[1],8192[8192],8192[8192],TILE,BFLOAT16,DEV_1_DRAM_INTERLEAVED,1[1],1[1],8192[8192],8192[8192],TILE,BFLOAT16,DEV_1_DRAM_INTERLEAVED,,,['ttnn/cpp/ttnn/operations/matmul/device/kernels/compute/bmm_large_block_zm_fused_bias_activation.cpp'],['bmm_large_block_zm_fused_bias_activation/8896750212803990874/'],['ttnn/cpp/ttnn/operations/matmul/device/kernels/dataflow/reader_bmm_tile_layout_in0_receiver.cpp'; 'ttnn/cpp/ttnn/operations/matmul/device/kernels/dataflow/reader_bmm_tile_layout_in1_receiver_writer_padding.cpp'; 'ttnn/cpp/ttnn/operations/matmul/device/kernels/dataflow/reader_bmm_tile_layout_in1_sender_writer_padding.cpp'; 'ttnn/cpp/ttnn/operations/matmul/device/kernels/dataflow/reader_bmm_tile_layout_in0_sender_padding.cpp'],['reader_bmm_tile_layout_in0_receiver/17549925269117916326/'; 'reader_bmm_tile_layout_in1_receiver_writer_padding/479746060096707698/'; 'reader_bmm_tile_layout_in1_sender_writer_padding/1872132351813595663/'; 'reader_bmm_tile_layout_in0_sender_padding/7701191991075505075/'],12179114295055136880,False,2744,1544,2756,2696,3048,0,0,0,0,7230585,7230585,244140,[18.5625; 18.5625],[18.5625],80.224,,,,,
MatmulDeviceOperation,tt_dnn_device,3072,0,,{'bcast_batch': 'true'; 'compute_kernel_config': 'ComputeKernelConfig(math_fidelity=HiFi4;math_approx_mode=0;fp32_dest_acc_en=1;packer_l1_acc=1;dst_full_sync_en=0;throttle_level=ThrottleLevel::NO_THROTTLE)'; 'global_cb': 'std::nullopt'; 'output_dtype': 'DataType::BFLOAT16'; 'output_mem_config': 'MemoryConfig(memory_layout=TensorMemoryLayout::INTERLEAVED;buffer_type=BufferType::DRAM;shard_spec=std::nullopt;nd_shard_spec=std::nullopt;created_with_nd_shard_spec=0)'; 'output_tile': 'Tile(tile_shape={32; 32};face_shape={16; 16};num_faces=4)'; 'program_config': 'MatmulMultiCoreReuseMultiCastProgramConfig(compute_with_storage_grid_size=(x=11;y=10);in0_block_w=1;out_subblock_h=2;out_subblock_w=2;out_block_h=26;out_block_w=8;per_core_M=26;per_core_N=24;transpose_mcast=0;fused_activation=std::nullopt;fuse_batch=0)'; 'sub_device_id': 'std::nullopt'; 'transpose_a': 'false'; 'transpose_b': 'false'; 'untilize_out': 'false'; 'user_core_coord': 'std::nullopt'; 'user_fused_activation': 'std::nullopt'; 'user_run_batched': 'false'},HiFi4,110,,,2740500132,2740504340,4208,1624957709360,1624969890495,159467,159473,9023063,9021202,9021196,8868888,9020733,8929200,550,9021180,8852199,8871942,8872104,8872174,,105021965,91995112,752645814,438510096,3330656,,4482109,32103965,16696639,1462,182782945,481371341,,,1[1],1[1],8192[8192],8192[8192],TILE,BFLOAT16,DEV_1_DRAM_INTERLEAVED,1[1],1[1],8192[8192],8192[8192],TILE,BFLOAT16,DEV_1_DRAM_INTERLEAVED,1[1],1[1],8192[8192],8192[8192],TILE,BFLOAT16,DEV_1_DRAM_INTERLEAVED,,,['ttnn/cpp/ttnn/operations/matmul/device/kernels/compute/bmm_large_block_zm_fused_bias_activation.cpp'],['bmm_large_block_zm_fused_bias_activation/8896750212803990874/'],['ttnn/cpp/ttnn/operations/matmul/device/kernels/dataflow/reader_bmm_tile_layout_in0_receiver.cpp'; 'ttnn/cpp/ttnn/operations/matmul/device/kernels/dataflow/reader_bmm_tile_layout_in1_receiver_writer_padding.cpp'; 'ttnn/cpp/ttnn/operations/matmul/device/kernels/dataflow/reader_bmm_tile_layout_in1_sender_writer_padding.cpp'; 'ttnn/cpp/ttnn/operations/matmul/device/kernels/dataflow/reader_bmm_tile_layout_in0_sender_padding.cpp'],['reader_bmm_tile_layout_in0_receiver/17549925269117916326/'; 'reader_bmm_tile_layout_in1_receiver_writer_padding/479746060096707698/'; 'reader_bmm_tile_layout_in1_sender_writer_padding/1872132351813595663/'; 'reader_bmm_tile_layout_in0_sender_padding/7701191991075505075/'],12179114295055136880,False,2744,1544,2756,2696,3048,0,0,0,0,7230585,7230585,244140,[18.5625; 18.5625],[18.5625],80.151,,,,,
MatmulDeviceOperation,tt_dnn_device,4096,0,,{'bcast_batch': 'true'; 'compute_kernel_config': 'ComputeKernelConfig(math_fidelity=HiFi4;math_approx_mode=0;fp32_dest_acc_en=1;packer_l1_acc=1;dst_full_sync_en=0;throttle_level=ThrottleLevel::NO_THROTTLE)'; 'global_cb': 'std::nullopt'; 'output_dtype': 'DataType::BFLOAT16'; 'output_mem_config': 'MemoryConfig(memory_layout=TensorMemoryLayout::INTERLEAVED;buffer_type=BufferType::DRAM;shard_spec=std::nullopt;nd_shard_spec=std::nullopt;created_with_nd_shard_spec=0)'; 'output_tile': 'Tile(tile_shape={32; 32};face_shape={16; 16};num_faces=4)'; 'program_config': 'MatmulMultiCoreReuseMultiCastProgramConfig(compute_with_storage_grid_size=(x=11;y=10);in0_block_w=1;out_subblock_h=2;out_subblock_w=2;out_block_h=26;out_block_w=8;per_core_M=26;per_core_N=24;transpose_mcast=0;fused_activation=std::nullopt;fuse_batch=0)'; 'sub_device_id': 'std::nullopt'; 'transpose_a': 'false'; 'transpose_b': 'false'; 'untilize_out': 'false'; 'user_core_coord': 'std::nullopt'; 'user_fused_activation': 'std::nullopt'; 'user_run_batched': 'false'},HiFi4,110,,,2749611636,2749614402,2766,1624970015178,1624982191241,94204,94209,9019306,9017460,9017455,8865844,9016989,8926889,553,9017455,8849493,8868507,8868667,8868745,,104671836,91876275,762180296,425273501,3371219,,4283138,33084259,16888492,1553,172982279,493196880,,,1[1],1[1],8192[8192],8192[8192],TILE,BFLOAT16,DEV_1_DRAM_INTERLEAVED,1[1],1[1],8192[8192],8192[8192],TILE,BFLOAT16,DEV_1_DRAM_INTERLEAVED,1[1],1[1],8192[8192],8192[8192],TILE,BFLOAT16,DEV_1_DRAM_INTERLEAVED,,,['ttnn/cpp/ttnn/operations/matmul/device/kernels/compute/bmm_large_block_zm_fused_bias_activation.cpp'],['bmm_large_block_zm_fused_bias_activation/8896750212803990874/'],['ttnn/cpp/ttnn/operations/matmul/device/kernels/dataflow/reader_bmm_tile_layout_in0_receiver.cpp'; 'ttnn/cpp/ttnn/operations/matmul/device/kernels/dataflow/reader_bmm_tile_layout_in1_receiver_writer_padding.cpp'; 'ttnn/cpp/ttnn/operations/matmul/device/kernels/dataflow/reader_bmm_tile_layout_in1_sender_writer_padding.cpp'; 'ttnn/cpp/ttnn/operations/matmul/device/kernels/dataflow/reader_bmm_tile_layout_in0_sender_padding.cpp'],['reader_bmm_tile_layout_in0_receiver/17549925269117916326/'; 'reader_bmm_tile_layout_in1_receiver_writer_padding/479746060096707698/'; 'reader_bmm_tile_layout_in1_sender_writer_padding/1872132351813595663/'; 'reader_bmm_tile_layout_in0_sender_padding/7701191991075505075/'],12179114295055136880,False,2744,1544,2756,2696,3048,0,0,0,0,7230585,7230585,244140,[18.5625; 18.5625],[18.5625],80.184,,,,,
UnaryDeviceOperation,tt_dnn_device,5120,0,,{'bfp8_pack_precise': 'false'; 'fp32_dest_acc_en': 'false'; 'op_chain': '{BasicUnaryWithParam<float; int; unsigned int>(base=BasicUnaryWithParam<float>(op_type=UnaryOpType::EXP;param={0}))}'; 'output_dtype': 'DataType::BFLOAT16'; 'output_memory_config': 'MemoryConfig(memory_layout=TensorMemoryLayout::INTERLEAVED;buffer_type=BufferType::DRAM;shard_spec=std::nullopt;nd_shard_spec=std::nullopt;created_with_nd_shard_spec=0)'; 'preserve_fp32_precision': 'false'; 'sub_core_grids': 'std::nullopt'},HiFi4,1,,,2794296943,2794388088,91145,1625030324340,1625030327528,35654621,35654663,2361,1896,1854,1896,1896,1896,74,1821,568,639,1513,215,,431,16,,27,1432,,,353,204,,,,,,1[1],1[1],32[32],32[32],TILE,BFLOAT16,DEV_1_DRAM_INTERLEAVED,,,,,,,,1[1],1[1],32[32],32[32],TILE,BFLOAT16,DEV_1_DRAM_INTERLEAVED,,,['ttnn/cpp/ttnn/operations/eltwise/unary/device/kernels/compute//eltwise_sfpu.cpp'],['eltwise_sfpu/10029552010278408165/'],['ttnn/cpp/ttnn/operations/eltwise/unary/device/kernels/dataflow/writer_unary_interleaved_start_id.cpp'; 'ttnn/cpp/ttnn/operations/eltwise/unary/device/kernels/dataflow/reader_unary_interleaved_start_id.cpp'],['writer_unary_interleaved_start_id/4894176828902453217/'; 'reader_unary_interleaved_start_id/1030765248970988015/'],6951186318373350250,False,1160,1076,1128,828,1180,0,0,0,0,1,1,1,[],[],0.053,,,,,
UnaryDeviceOperation,tt_dnn_device,6144,0,,{'bfp8_pack_precise': 'false'; 'fp32_dest_acc_en': 'false'; 'op_chain': '{BasicUnaryWithParam<float; int; unsigned int>(base=BasicUnaryWithParam<float>(op_type=UnaryOpType::EXP;param={0}))}'; 'output_dtype': 'DataType::BFLOAT16'; 'output_memory_config': 'MemoryConfig(memory_layout=TensorMemoryLayout::INTERLEAVED;buffer_type=BufferType::DRAM;shard_spec=std::nullopt;nd_shard_spec=std::nullopt;created_with_nd_shard_spec=0)'; 'preserve_fp32_precision': 'false'; 'sub_core_grids': 'std::nullopt'},HiFi4,1,,,2794452622,2794453915,1293,1625030536470,1625030539595,155245,155277,2315,1843,1811,1843,1843,1843,69,1774,528,616,1461,300,,404,16,,21,1381,,,359,198,,,,,,1[1],1[1],32[32],32[32],TILE,BFLOAT16,DEV_1_DRAM_INTERLEAVED,,,,,,,,1[1],1[1],32[32],32[32],TILE,BFLOAT16,DEV_1_DRAM_INTERLEAVED,,,['ttnn/cpp/ttnn/operations/eltwise/unary/device/kernels/compute//eltwise_sfpu.cpp'],['eltwise_sfpu/10029552010278408165/'],['ttnn/cpp/ttnn/operations/eltwise/unary/device/kernels/dataflow/writer_unary_interleaved_start_id.cpp'; 'ttnn/cpp/ttnn/operations/eltwise/unary/device/kernels/dataflow/reader_unary_interleaved_start_id.cpp'],['writer_unary_interleaved_start_id/4894176828902453217/'; 'reader_unary_interleaved_start_id/1030765248970988015/'],6951186318373350250,False,1160,1076,1128,828,1180,0,0,0,0,1,1,1,[],[],0.054,,,,,
UnaryDeviceOperation,tt_dnn_device,7168,0,,{'bfp8_pack_precise': 'false'; 'fp32_dest_acc_en': 'false'; 'op_chain': '{BasicUnaryWithParam<float; int; unsigned int>(base=BasicUnaryWithParam<float>(op_type=UnaryOpType::EXP;param={0}))}'; 'output_dtype': 'DataType::BFLOAT16'; 'output_memory_config': 'MemoryConfig(memory_layout=TensorMemoryLayout::INTERLEAVED;buffer_type=BufferType::DRAM;shard_spec=std::nullopt;nd_shard_spec=std::nullopt;created_with_nd_shard_spec=0)'; 'preserve_fp32_precision': 'false'; 'sub_core_grids': 'std::nullopt'},HiFi4,1,,,2794466930,2794467881,951,1625030557416,1625030560538,13685,13702,2313,1824,1807,1824,1824,1824,79,1745,528,584,1442,221,,369,16,,21,1358,,,355,204,,,,,,1[1],1[1],32[32],32[32],TILE,BFLOAT16,DEV_1_DRAM_INTERLEAVED,,,,,,,,1[1],1[1],32[32],32[32],TILE,BFLOAT16,DEV_1_DRAM_INTERLEAVED,,,['ttnn/cpp/ttnn/operations/eltwise/unary/device/kernels/compute//eltwise_sfpu.cpp'],['eltwise_sfpu/10029552010278408165/'],['ttnn/cpp/ttnn/operations/eltwise/unary/device/kernels/dataflow/writer_unary_interleaved_start_id.cpp'; 'ttnn/cpp/ttnn/operations/eltwise/unary/device/kernels/dataflow/reader_unary_interleaved_start_id.cpp'],['writer_unary_interleaved_start_id/4894176828902453217/'; 'reader_unary_interleaved_start_id/1030765248970988015/'],6951186318373350250,False,1160,1076,1128,828,1180,0,0,0,0,1,1,1,[],[],0.055,,,,,
MatmulDeviceOperation,tt_dnn_device,8192,0,,{'bcast_batch': 'true'; 'compute_kernel_config': 'ComputeKernelConfig(math_fidelity=HiFi4;math_approx_mode=0;fp32_dest_acc_en=1;packer_l1_acc=1;dst_full_sync_en=0;throttle_level=ThrottleLevel::NO_THROTTLE)'; 'global_cb': 'std::nullopt'; 'output_dtype': 'DataType::BFLOAT16'; 'output_mem_config': 'MemoryConfig(memory_layout=TensorMemoryLayout::INTERLEAVED;buffer_type=BufferType::DRAM;shard_spec=std::nullopt;nd_shard_spec=std::nullopt;created_with_nd_shard_spec=0)'; 'output_tile': 'Tile(tile_shape={32; 32};face_shape={16; 16};num_faces=4)'; 'program_config': 'MatmulMultiCoreReuseMultiCastProgramConfig(compute_with_storage_grid_size=(x=11;y=10);in0_block_w=1;out_subblock_h=2;out_subblock_w=2;out_block_h=26;out_block_w=8;per_core_M=26;per_core_N=24;transpose_mcast=0;fused_activation=std::nullopt;fuse_batch=0)'; 'sub_device_id': 'std::nullopt'; 'transpose_a': 'false'; 'transpose_b': 'false'; 'untilize_out': 'false'; 'user_core_coord': 'std::nullopt'; 'user_fused_activation': 'std::nullopt'; 'user_run_batched': 'false'},HiFi4,110,,,2804176513,2804180851,4338,1625043673153,1625055845488,9714885,9714888,9016544,9014708,9014705,8865296,9014240,8925338,576,9014705,8848941,8868273,8868434,8868508,,104621311,91911441,754976383,405468250,3331727,,4421950,34999247,16795802,1559,180164110,511134950,,,1[1],1[1],8192[8192],8192[8192],TILE,BFLOAT16,DEV_1_DRAM_INTERLEAVED,1[1],1[1],8192[8192],8192[8192],TILE,BFLOAT16,DEV_1_DRAM_INTERLEAVED,1[1],1[1],8192[8192],8192[8192],TILE,BFLOAT16,DEV_1_DRAM_INTERLEAVED,,,['ttnn/cpp/ttnn/operations/matmul/device/kernels/compute/bmm_large_block_zm_fused_bias_activation.cpp'],['bmm_large_block_zm_fused_bias_activation/8896750212803990874/'],['ttnn/cpp/ttnn/operations/matmul/device/kernels/dataflow/reader_bmm_tile_layout_in0_receiver.cpp'; 'ttnn/cpp/ttnn/operations/matmul/device/kernels/dataflow/reader_bmm_tile_layout_in1_receiver_writer_padding.cpp'; 'ttnn/cpp/ttnn/operations/matmul/device/kernels/dataflow/reader_bmm_tile_layout_in1_sender_writer_padding.cpp'; 'ttnn/cpp/ttnn/operations/matmul/device/kernels/dataflow/reader_bmm_tile_layout_in0_sender_padding.cpp'],['reader_bmm_tile_layout_in0_receiver/17549925269117916326/'; 'reader_bmm_tile_layout_in1_receiver_writer_padding/479746060096707698/'; 'reader_bmm_tile_layout_in1_sender_writer_padding/1872132351813595663/'; 'reader_bmm_tile_layout_in0_sender_padding/7701191991075505075/'],12179114295055136880,False,2744,1544,2756,2696,3048,0,0,0,0,7230585,7230585,244140,[18.5625; 18.5625],[18.5625],80.209,,,,,
UnaryDeviceOperation,tt_dnn_device,9216,0,,{'bfp8_pack_precise': 'false'; 'fp32_dest_acc_en': 'false'; 'op_chain': '{BasicUnaryWithParam<float; int; unsigned int>(base=BasicUnaryWithParam<float>(op_type=UnaryOpType::EXP;param={0}))}'; 'output_dtype': 'DataType::BFLOAT16'; 'output_memory_config': 'MemoryConfig(memory_layout=TensorMemoryLayout::INTERLEAVED;buffer_type=BufferType::DRAM;shard_spec=std::nullopt;nd_shard_spec=std::nullopt;created_with_nd_shard_spec=0)'; 'preserve_fp32_precision': 'false'; 'sub_core_grids': 'std::nullopt'},HiFi4,1,,,2816730421,2816734869,4448,1625060608397,1625060611526,3528556,3528595,2318,1854,1815,1854,1854,1854,72,1782,531,615,1472,227,,403,22,,21,1389,,,359,204,,,,,,1[1],1[1],32[32],32[32],TILE,BFLOAT16,DEV_1_DRAM_INTERLEAVED,,,,,,,,1[1],1[1],32[32],32[32],TILE,BFLOAT16,DEV_1_DRAM_INTERLEAVED,,,['ttnn/cpp/ttnn/operations/eltwise/unary/device/kernels/compute//eltwise_sfpu.cpp'],['eltwise_sfpu/10029552010278408165/'],['ttnn/cpp/ttnn/operations/eltwise/unary/device/kernels/dataflow/writer_unary_interleaved_start_id.cpp'; 'ttnn/cpp/ttnn/operations/eltwise/unary/device/kernels/dataflow/reader_unary_interleaved_start_id.cpp'],['writer_unary_interleaved_start_id/4894176828902453217/'; 'reader_unary_interleaved_start_id/1030765248970988015/'],6951186318373350250,False,1160,1076,1128,828,1180,0,0,0,0,1,1,1,[],[],0.054,,,,,
UnaryDeviceOperation,tt_dnn_device,10240,0,,{'bfp8_pack_precise': 'false'; 'fp32_dest_acc_en': 'false'; 'op_chain': '{BasicUnaryWithParam<float; int; unsigned int>(base=BasicUnaryWithParam<float>(op_type=UnaryOpType::EXP;param={0}))}'; 'output_dtype': 'DataType::BFLOAT16'; 'output_memory_config': 'MemoryConfig(memory_layout=TensorMemoryLayout::INTERLEAVED;buffer_type=BufferType::DRAM;shard_spec=std::nullopt;nd_shard_spec=std::nullopt;created_with_nd_shard_spec=0)'; 'preserve_fp32_precision': 'false'; 'sub_core_grids': 'std::nullopt'},HiFi4,1,,,2816745380,2816746071,691,1625060632699,1625060635860,16149,16196,2341,1876,1828,1876,1876,1876,79,1796,546,647,1494,225,,436,21,,21,1404,,,370,204,,,,,,1[1],1[1],32[32],32[32],TILE,BFLOAT16,DEV_1_DRAM_INTERLEAVED,,,,,,,,1[1],1[1],32[32],32[32],TILE,BFLOAT16,DEV_1_DRAM_INTERLEAVED,,,['ttnn/cpp/ttnn/operations/eltwise/unary/device/kernels/compute//eltwise_sfpu.cpp'],['eltwise_sfpu/10029552010278408165/'],['ttnn/cpp/ttnn/operations/eltwise/unary/device/kernels/dataflow/writer_unary_interleaved_start_id.cpp'; 'ttnn/cpp/ttnn/operations/eltwise/unary/device/kernels/dataflow/reader_unary_interleaved_start_id.cpp'],['writer_unary_interleaved_start_id/4894176828902453217/'; 'reader_unary_interleaved_start_id/1030765248970988015/'],6951186318373350250,False,1160,1076,1128,828,1180,0,0,0,0,1,1,1,[],[],0.053,,,,,
UnaryDeviceOperation,tt_dnn_device,11264,0,,{'bfp8_pack_precise': 'false'; 'fp32_dest_acc_en': 'false'; 'op_chain': '{BasicUnaryWithParam<float; int; unsigned int>(base=BasicUnaryWithParam<float>(op_type=UnaryOpType::EXP;param={0}))}'; 'output_dtype': 'DataType::BFLOAT16'; 'output_memory_config': 'MemoryConfig(memory_layout=TensorMemoryLayout::INTERLEAVED;buffer_type=BufferType::DRAM;shard_spec=std::nullopt;nd_shard_spec=std::nullopt;created_with_nd_shard_spec=0)'; 'preserve_fp32_precision': 'false'; 'sub_core_grids': 'std::nullopt'},HiFi4,1,,,2816753826,2816754196,370,1625060645213,1625060648389,7413,7450,2353,1856,1819,1856,1856,1856,67,1790,535,626,1481,215,,381,16,,21,1399,,,367,204,,,,,,1[1],1[1],32[32],32[32],TILE,BFLOAT16,DEV_1_DRAM_INTERLEAVED,,,,,,,,1[1],1[1],32[32],32[32],TILE,BFLOAT16,DEV_1_DRAM_INTERLEAVED,,,['ttnn/cpp/ttnn/operations/eltwise/unary/device/kernels/compute//eltwise_sfpu.cpp'],['eltwise_sfpu/10029552010278408165/'],['ttnn/cpp/ttnn/operations/eltwise/unary/device/kernels/dataflow/writer_unary_interleaved_start_id.cpp'; 'ttnn/cpp/ttnn/operations/eltwise/unary/device/kernels/dataflow/reader_unary_interleaved_start_id.cpp'],['writer_unary_interleaved_start_id/4894176828902453217/'; 'reader_unary_interleaved_start_id/1030765248970988015/'],6951186318373350250,False,1160,1076,1128,828,1180,0,0,0,0,1,1,1,[],[],0.054,,,,,
BinaryNgDeviceOperation,tt_dnn_device,12288,0,,{'binary_op_type': 'BinaryOpType::ADD'; 'compute_kernel_config': 'std::nullopt'; 'dtype': 'DataType::BFLOAT16'; 'input_dtype': 'DataType::BFLOAT16'; 'is_quant_op': 'false'; 'is_sfpu': 'false'; 'is_where_op': 'false'; 'lhs_activations': '{}'; 'memory_config': 'MemoryConfig(memory_layout=TensorMemoryLayout::INTERLEAVED;buffer_type=BufferType::DRAM;shard_spec=std::nullopt;nd_shard_spec=std::nullopt;created_with_nd_shard_spec=0)'; 'post_activations': '{}'; 'rhs_activations': '{}'; 'scalar': 'std::nullopt'; 'sub_core_grids': 'std::nullopt'; 'subtile_broadcast_type': 'SubtileBroadcastType::NONE'; 'worker_grid': '{[(x=0;y=0) - (x=10;y=9)]}'},HiFi4,110,,,2846245183,2846251815,6632,1625101476444,1625102700646,30243527,30243570,906816,906287,906244,741461,905891,852326,550,906228,905870,905898,904254,905384,,89330741,28404910,,3738661,68880691,,,80737081,20352707,,,,,,1[1],1[1],32[32],32[32],TILE,BFLOAT16,DEV_1_DRAM_INTERLEAVED,1[1],1[1],32[32],32[32],TILE,BFLOAT16,DEV_1_DRAM_INTERLEAVED,1[1],1[1],32[32],32[32],TILE,BFLOAT16,DEV_1_DRAM_INTERLEAVED,,,['ttnn/cpp/ttnn/operations/eltwise/binary_ng/device/kernels/compute/eltwise_binary_no_bcast.cpp'],['eltwise_binary_no_bcast/14288279633599727612/'],['ttnn/cpp/ttnn/operations/eltwise/binary_ng/device/kernels_ng/dataflow/reader_interleaved_no_bcast.cpp'; 'ttnn/cpp/ttnn/operations/eltwise/binary_ng/device/kernels_ng/dataflow/writer_interleaved_no_bcast.cpp'],['reader_interleaved_no_bcast/17691247497470902086/'; 'writer_interleaved_no_bcast/10311599973615775795/'],18417575360683381351,False,1300,1908,1460,672,1372,0,0,0,0,1,1,1,[],[],0.0,,,,,
MatmulDeviceOperation,tt_dnn_device,13312,0,,{'bcast_batch': 'true'; 'compute_kernel_config': 'ComputeKernelConfig(math_fidelity=HiFi4;math_approx_mode=1;fp32_dest_acc_en=0;packer_l1_acc=0;dst_full_sync_en=0;throttle_level=ThrottleLevel::NO_THROTTLE)'; 'global_cb': 'std::nullopt'; 'output_dtype': 'DataType::BFLOAT16'; 'output_mem_config': 'MemoryConfig(memory_layout=TensorMemoryLayout::INTERLEAVED;buffer_type=BufferType::DRAM;shard_spec=std::nullopt;nd_shard_spec=std::nullopt;created_with_nd_shard_spec=0)'; 'output_tile': 'Tile(tile_shape={32; 32};face_shape={16; 16};num_faces=4)'; 'program_config': 'MatmulMultiCoreReuseMultiCastProgramConfig(compute_with_storage_grid_size=(x=11;y=10);in0_block_w=1;out_subblock_h=7;out_subblock_w=1;out_block_h=7;out_block_w=6;per_core_M=7;per_core_N=6;transpose_mcast=0;fused_activation=std::nullopt;fuse_batch=0)'; 'sub_device_id': 'std::nullopt'; 'transpose_a': 'false'; 'transpose_b': 'false'; 'untilize_out': 'false'; 'user_core_coord': 'std::nullopt'; 'user_fused_activation': 'std::nullopt'; 'user_run_batched': 'false'},HiFi4,110,,,2860135748,2860245519,109771,1625119217725,1625119550770,12236706,12236713,246700,244867,244860,208310,244396,223857,551,244844,206316,210532,210487,210945,,1123380,1379353,14266828,10888676,324419,,318161,633889,636463,1305,7161139,10284079,,,1[1],1[1],2048[2048],2048[2048],TILE,BFLOAT16,DEV_1_DRAM_INTERLEAVED,1[1],1[1],2048[2048],2048[2048],TILE,BFLOAT16,DEV_1_DRAM_INTERLEAVED,1[1],1[1],2048[2048],2048[2048],TILE,BFLOAT16,DEV_1_DRAM_INTERLEAVED,,,['ttnn/cpp/ttnn/operations/matmul/device/kernels/compute/bmm_large_block_zm_fused_bias_activation.cpp'],['bmm_large_block_zm_fused_bias_activation/11192068228048673779/'],['ttnn/cpp/ttnn/operations/matmul/device/kernels/dataflow/reader_bmm_tile_layout_in0_receiver.cpp'; 'ttnn/cpp/ttnn/operations/matmul/device/kernels/dataflow/reader_bmm_tile_layout_in1_receiver_writer_padding.cpp'; 'ttnn/cpp/ttnn/operations/matmul/device/kernels/dataflow/reader_bmm_tile_layout_in1_sender_writer_padding.cpp'; 'ttnn/cpp/ttnn/operations/matmul/device/kernels/dataflow/reader_bmm_tile_layout_in0_sender_padding.cpp'],['reader_bmm_tile_layout_in0_receiver/17102645427523872040/'; 'reader_bmm_tile_layout_in1_receiver_writer_padding/6891074587381327447/'; 'reader_bmm_tile_layout_in1_sender_writer_padding/16442118699542722342/'; 'reader_bmm_tile_layout_in0_sender_padding/10830808842372326572/'],10238499019388009662,False,2300,1304,2092,2744,2888,0,0,0,0,112979,112979,15258,[74.249267578125; 74.249267578125],[74.249267578125],46.139,,,,,
BinaryNgDeviceOperation,tt_dnn_device,14336,0,,{'binary_op_type': 'BinaryOpType::ADD'; 'compute_kernel_config': 'std::nullopt'; 'dtype': 'DataType::BFLOAT16'; 'input_dtype': 'DataType::BFLOAT16'; 'is_quant_op': 'false'; 'is_sfpu': 'false'; 'is_where_op': 'false'; 'lhs_activations': '{}'; 'memory_config': 'MemoryConfig(memory_layout=TensorMemoryLayout::INTERLEAVED;buffer_type=BufferType::DRAM;shard_spec=std::nullopt;nd_shard_spec=std::nullopt;created_with_nd_shard_spec=0)'; 'post_activations': '{}'; 'rhs_activations': '{}'; 'scalar': 'std::nullopt'; 'sub_core_grids': 'std::nullopt'; 'subtile_broadcast_type': 'SubtileBroadcastType::NONE'; 'worker_grid': '{[(x=0;y=0) - (x=10;y=9)]}'},HiFi4,110,,,2860471774,2860474689,2915,1625119666363,1625120884484,86141,86184,902312,901801,901757,736907,901461,846157,561,901745,901383,901411,899781,900903,,88647079,28332943,,3738597,68273756,,,80056617,20282645,,,,,,1[1],1[1],32[32],32[32],TILE,BFLOAT16,DEV_1_DRAM_INTERLEAVED,1[1],1[1],32[32],32[32],TILE,BFLOAT16,DEV_1_DRAM_INTERLEAVED,1[1],1[1],32[32],32[32],TILE,BFLOAT16,DEV_1_DRAM_INTERLEAVED,,,['ttnn/cpp/ttnn/operations/eltwise/binary_ng/device/kernels/compute/eltwise_binary_no_bcast.cpp'],['eltwise_binary_no_bcast/14288279633599727612/'],['ttnn/cpp/ttnn/operations/eltwise/binary_ng/device/kernels_ng/dataflow/reader_interleaved_no_bcast.cpp'; 'ttnn/cpp/ttnn/operations/eltwise/binary_ng/device/kernels_ng/dataflow/writer_interleaved_no_bcast.cpp'],['reader_interleaved_no_bcast/17691247497470902086/'; 'writer_interleaved_no_bcast/10311599973615775795/'],18417575360683381351,False,1300,1908,1460,672,1372,0,0,0,0,1,1,1,[],[],0.0,,,,,
MatmulDeviceOperation,tt_dnn_device,15360,0,,{'bcast_batch': 'true'; 'compute_kernel_config': 'ComputeKernelConfig(math_fidelity=HiFi4;math_approx_mode=1;fp32_dest_acc_en=0;packer_l1_acc=0;dst_full_sync_en=0;throttle_level=ThrottleLevel::NO_THROTTLE)'; 'global_cb': 'std::nullopt'; 'output_dtype': 'DataType::BFLOAT16'; 'output_mem_config': 'MemoryConfig(memory_layout=TensorMemoryLayout::INTERLEAVED;buffer_type=BufferType::DRAM;shard_spec=std::nullopt;nd_shard_spec=std::nullopt;created_with_nd_shard_spec=0)'; 'output_tile': 'Tile(tile_shape={32; 32};face_shape={16; 16};num_faces=4)'; 'program_config': 'MatmulMultiCoreReuseMultiCastProgramConfig(compute_with_storage_grid_size=(x=11;y=10);in0_block_w=1;out_subblock_h=7;out_subblock_w=1;out_block_h=7;out_block_w=6;per_core_M=7;per_core_N=6;transpose_mcast=0;fused_activation=std::nullopt;fuse_batch=0)'; 'sub_device_id': 'std::nullopt'; 'transpose_a': 'false'; 'transpose_b': 'false'; 'untilize_out': 'false'; 'user_core_coord': 'std::nullopt'; 'user_fused_activation': 'std::nullopt'; 'user_run_batched': 'false'},HiFi4,110,,,2861421559,2861423041,1482,1625120960450,1625121292219,58124,58130,245755,243896,243890,208192,243545,222876,549,243890,206231,210393,210360,210824,,1106279,1364590,15108416,10557696,338667,,325407,667401,575010,1321,6285805,10578573,,,1[1],1[1],2048[2048],2048[2048],TILE,BFLOAT16,DEV_1_DRAM_INTERLEAVED,1[1],1[1],2048[2048],2048[2048],TILE,BFLOAT16,DEV_1_DRAM_INTERLEAVED,1[1],1[1],2048[2048],2048[2048],TILE,BFLOAT16,DEV_1_DRAM_INTERLEAVED,,,['ttnn/cpp/ttnn/operations/matmul/device/kernels/compute/bmm_large_block_zm_fused_bias_activation.cpp'],['bmm_large_block_zm_fused_bias_activation/11192068228048673779/'],['ttnn/cpp/ttnn/operations/matmul/device/kernels/dataflow/reader_bmm_tile_layout_in0_receiver.cpp'; 'ttnn/cpp/ttnn/operations/matmul/device/kernels/dataflow/reader_bmm_tile_layout_in1_receiver_writer_padding.cpp'; 'ttnn/cpp/ttnn/operations/matmul/device/kernels/dataflow/reader_bmm_tile_layout_in1_sender_writer_padding.cpp'; 'ttnn/cpp/ttnn/operations/matmul/device/kernels/dataflow/reader_bmm_tile_layout_in0_sender_padding.cpp'],['reader_bmm_tile_layout_in0_receiver/17102645427523872040/'; 'reader_bmm_tile_layout_in1_receiver_writer_padding/6891074587381327447/'; 'reader_bmm_tile_layout_in1_sender_writer_padding/16442118699542722342/'; 'reader_bmm_tile_layout_in0_sender_padding/10830808842372326572/'],10238499019388009662,False,2300,1304,2092,2744,2888,0,0,0,0,112979,112979,15258,[74.249267578125; 74.249267578125],[74.249267578125],46.323,,,,,
BinaryNgDeviceOperation,tt_dnn_device,16384,0,,{'binary_op_type': 'BinaryOpType::ADD'; 'compute_kernel_config': 'std::nullopt'; 'dtype': 'DataType::BFLOAT16'; 'input_dtype': 'DataType::BFLOAT16'; 'is_quant_op': 'false'; 'is_sfpu': 'false'; 'is_where_op': 'false'; 'lhs_activations': '{}'; 'memory_config': 'MemoryConfig(memory_layout=TensorMemoryLayout::INTERLEAVED;buffer_type=BufferType::DRAM;shard_spec=std::nullopt;nd_shard_spec=std::nullopt;created_with_nd_shard_spec=0)'; 'post_activations': '{}'; 'rhs_activations': '{}'; 'scalar': 'std::nullopt'; 'sub_core_grids': 'std::nullopt'; 'subtile_broadcast_type': 'SubtileBroadcastType::NONE'; 'worker_grid': '{[(x=0;y=0) - (x=10;y=9)]}'},HiFi4,110,,,2861705434,2861706275,841,1625121336406,1625122566942,33253,33253,911508,910993,910993,756785,910919,852051,553,910947,910624,910621,908968,910093,,89256170,28316204,,3767398,68927810,,,80780704,20280153,,,,,,1[1],1[1],32[32],32[32],TILE,BFLOAT16,DEV_1_DRAM_INTERLEAVED,1[1],1[1],32[32],32[32],TILE,BFLOAT16,DEV_1_DRAM_INTERLEAVED,1[1],1[1],32[32],32[32],TILE,BFLOAT16,DEV_1_DRAM_INTERLEAVED,,,['ttnn/cpp/ttnn/operations/eltwise/binary_ng/device/kernels/compute/eltwise_binary_no_bcast.cpp'],['eltwise_binary_no_bcast/14288279633599727612/'],['ttnn/cpp/ttnn/operations/eltwise/binary_ng/device/kernels_ng/dataflow/reader_interleaved_no_bcast.cpp'; 'ttnn/cpp/ttnn/operations/eltwise/binary_ng/device/kernels_ng/dataflow/writer_interleaved_no_bcast.cpp'],['reader_interleaved_no_bcast/17691247497470902086/'; 'writer_interleaved_no_bcast/10311599973615775795/'],18417575360683381351,False,1300,1908,1460,672,1372,0,0,0,0,1,1,1,[],[],0.0,,,,,
MatmulDeviceOperation,tt_dnn_device,17408,0,,{'bcast_batch': 'true'; 'compute_kernel_config': 'ComputeKernelConfig(math_fidelity=HiFi4;math_approx_mode=1;fp32_dest_acc_en=0;packer_l1_acc=0;dst_full_sync_en=0;throttle_level=ThrottleLevel::NO_THROTTLE)'; 'global_cb': 'std::nullopt'; 'output_dtype': 'DataType::BFLOAT16'; 'output_mem_config': 'MemoryConfig(memory_layout=TensorMemoryLayout::INTERLEAVED;buffer_type=BufferType::DRAM;shard_spec=std::nullopt;nd_shard_spec=std::nullopt;created_with_nd_shard_spec=0)'; 'output_tile': 'Tile(tile_shape={32; 32};face_shape={16; 16};num_faces=4)'; 'program_config': 'MatmulMultiCoreReuseMultiCastProgramConfig(compute_with_storage_grid_size=(x=11;y=10);in0_block_w=1;out_subblock_h=7;out_subblock_w=1;out_block_h=7;out_block_w=6;per_core_M=7;per_core_N=6;transpose_mcast=0;fused_activation=std::nullopt;fuse_batch=0)'; 'sub_device_id': 'std::nullopt'; 'transpose_a': 'false'; 'transpose_b': 'false'; 'untilize_out': 'false'; 'user_core_coord': 'std::nullopt'; 'user_fused_activation': 'std::nullopt'; 'user_run_batched': 'false'},HiFi4,110,,,2862644708,2862645289,581,1625122606392,1625122937349,31060,31064,245153,243302,243298,208316,242833,223367,550,243296,206461,211359,211322,211793,,1121198,1378035,14753816,11642301,332747,,309217,461921,576716,1331,6686675,9702219,,,1[1],1[1],2048[2048],2048[2048],TILE,BFLOAT16,DEV_1_DRAM_INTERLEAVED,1[1],1[1],2048[2048],2048[2048],TILE,BFLOAT16,DEV_1_DRAM_INTERLEAVED,1[1],1[1],2048[2048],2048[2048],TILE,BFLOAT16,DEV_1_DRAM_INTERLEAVED,,,['ttnn/cpp/ttnn/operations/matmul/device/kernels/compute/bmm_large_block_zm_fused_bias_activation.cpp'],['bmm_large_block_zm_fused_bias_activation/11192068228048673779/'],['ttnn/cpp/ttnn/operations/matmul/device/kernels/dataflow/reader_bmm_tile_layout_in0_receiver.cpp'; 'ttnn/cpp/ttnn/operations/matmul/device/kernels/dataflow/reader_bmm_tile_layout_in1_receiver_writer_padding.cpp'; 'ttnn/cpp/ttnn/operations/matmul/device/kernels/dataflow/reader_bmm_tile_layout_in1_sender_writer_padding.cpp'; 'ttnn/cpp/ttnn/operations/matmul/device/kernels/dataflow/reader_bmm_tile_layout_in0_sender_padding.cpp'],['reader_bmm_tile_layout_in0_receiver/17102645427523872040/'; 'reader_bmm_tile_layout_in1_receiver_writer_padding/6891074587381327447/'; 'reader_bmm_tile_layout_in1_sender_writer_padding/16442118699542722342/'; 'reader_bmm_tile_layout_in0_sender_padding/10830808842372326572/'],10238499019388009662,False,2300,1304,2092,2744,2888,0,0,0,0,112979,112979,15258,[74.249267578125; 74.249267578125],[74.249267578125],46.436,,,,,
UnaryDeviceOperation,tt_dnn_device,18432,0,,{'bfp8_pack_precise': 'false'; 'fp32_dest_acc_en': 'false'; 'op_chain': '{BasicUnaryWithParam<float; int; unsigned int>(base=BasicUnaryWithParam<float>(op_type=UnaryOpType::EXP;param={0}))}'; 'output_dtype': 'DataType::BFLOAT16'; 'output_memory_config': 'MemoryConfig(memory_layout=TensorMemoryLayout::INTERLEAVED;buffer_type=BufferType::DRAM;shard_spec=std::nullopt;nd_shard_spec=std::nullopt;created_with_nd_shard_spec=0)'; 'preserve_fp32_precision': 'false'; 'sub_core_grids': 'std::nullopt'},HiFi4,1,,,2888824884,2888829393,4509,1625157928761,1625157931927,25920058,25920102,2345,1874,1830,1874,1874,1874,71,1803,544,633,1493,223,,413,16,,21,1416,,,361,204,,,,,,1[1],1[1],32[32],32[32],TILE,BFLOAT16,DEV_1_DRAM_INTERLEAVED,,,,,,,,1[1],1[1],32[32],32[32],TILE,BFLOAT16,DEV_1_DRAM_INTERLEAVED,,,['ttnn/cpp/ttnn/operations/eltwise/unary/device/kernels/compute//eltwise_sfpu.cpp'],['eltwise_sfpu/10029552010278408165/'],['ttnn/cpp/ttnn/operations/eltwise/unary/device/kernels/dataflow/writer_unary_interleaved_start_id.cpp'; 'ttnn/cpp/ttnn/operations/eltwise/unary/device/kernels/dataflow/reader_unary_interleaved_start_id.cpp'],['writer_unary_interleaved_start_id/4894176828902453217/'; 'reader_unary_interleaved_start_id/1030765248970988015/'],6951186318373350250,False,1160,1076,1128,828,1180,0,0,0,0,1,1,1,[],[],0.053,,,,,
UnaryDeviceOperation,tt_dnn_device,19456,0,,{'bfp8_pack_precise': 'false'; 'fp32_dest_acc_en': 'false'; 'op_chain': '{BasicUnaryWithParam<float; int; unsigned int>(base=BasicUnaryWithParam<float>(op_type=UnaryOpType::EXP;param={0}))}'; 'output_dtype': 'DataType::BFLOAT16'; 'output_memory_config': 'MemoryConfig(memory_layout=TensorMemoryLayout::INTERLEAVED;buffer_type=BufferType::DRAM;shard_spec=std::nullopt;nd_shard_spec=std::nullopt;created_with_nd_shard_spec=0)'; 'preserve_fp32_precision': 'false'; 'sub_core_grids': 'std::nullopt'},HiFi4,1,,,2888848369,2888849191,822,1625157966079,1625157969266,25764,25801,2361,1888,1852,1888,1888,1888,83,1805,562,646,1502,230,,430,23,,21,1411,,,379,193,,,,,,1[1],1[1],32[32],32[32],TILE,BFLOAT16,DEV_1_DRAM_INTERLEAVED,,,,,,,,1[1],1[1],32[32],32[32],TILE,BFLOAT16,DEV_1_DRAM_INTERLEAVED,,,['ttnn/cpp/ttnn/operations/eltwise/unary/device/kernels/compute//eltwise_sfpu.cpp'],['eltwise_sfpu/10029552010278408165/'],['ttnn/cpp/ttnn/operations/eltwise/unary/device/kernels/dataflow/writer_unary_interleaved_start_id.cpp'; 'ttnn/cpp/ttnn/operations/eltwise/unary/device/kernels/dataflow/reader_unary_interleaved_start_id.cpp'],['writer_unary_interleaved_start_id/4894176828902453217/'; 'reader_unary_interleaved_start_id/1030765248970988015/'],6951186318373350250,False,1160,1076,1128,828,1180,0,0,0,0,1,1,1,[],[],0.053,,,,,
UnaryDeviceOperation,tt_dnn_device,20480,0,,{'bfp8_pack_precise': 'false'; 'fp32_dest_acc_en': 'false'; 'op_chain': '{BasicUnaryWithParam<float; int; unsigned int>(base=BasicUnaryWithParam<float>(op_type=UnaryOpType::EXP;param={0}))}'; 'output_dtype': 'DataType::BFLOAT16'; 'output_memory_config': 'MemoryConfig(memory_layout=TensorMemoryLayout::INTERLEAVED;buffer_type=BufferType::DRAM;shard_spec=std::nullopt;nd_shard_spec=std::nullopt;created_with_nd_shard_spec=0)'; 'preserve_fp32_precision': 'false'; 'sub_core_grids': 'std::nullopt'},HiFi4,1,,,2888857386,2888857767,381,1625157983659,1625157986797,11150,11166,2324,1834,1818,1834,1834,1834,79,1755,533,587,1452,219,,374,16,,21,1371,,,357,204,,,,,,1[1],1[1],32[32],32[32],TILE,BFLOAT16,DEV_1_DRAM_INTERLEAVED,,,,,,,,1[1],1[1],32[32],32[32],TILE,BFLOAT16,DEV_1_DRAM_INTERLEAVED,,,['ttnn/cpp/ttnn/operations/eltwise/unary/device/kernels/compute//eltwise_sfpu.cpp'],['eltwise_sfpu/10029552010278408165/'],['ttnn/cpp/ttnn/operations/eltwise/unary/device/kernels/dataflow/writer_unary_interleaved_start_id.cpp'; 'ttnn/cpp/ttnn/operations/eltwise/unary/device/kernels/dataflow/reader_unary_interleaved_start_id.cpp'],['writer_unary_interleaved_start_id/4894176828902453217/'; 'reader_unary_interleaved_start_id/1030765248970988015/'],6951186318373350250,False,1160,1076,1128,828,1180,0,0,0,0,1,1,1,[],[],0.055,,,,,
BinaryNgDeviceOperation,tt_dnn_device,21504,0,,{'binary_op_type': 'BinaryOpType::ADD'; 'compute_kernel_config': 'std::nullopt'; 'dtype': 'DataType::BFLOAT16'; 'input_dtype': 'DataType::BFLOAT16'; 'is_quant_op': 'false'; 'is_sfpu': 'false'; 'is_where_op': 'false'; 'lhs_activations': '{}'; 'memory_config': 'MemoryConfig(memory_layout=TensorMemoryLayout::INTERLEAVED;buffer_type=BufferType::DRAM;shard_spec=std::nullopt;nd_shard_spec=std::nullopt;created_with_nd_shard_spec=0)'; 'post_activations': '{}'; 'rhs_activations': '{}'; 'scalar': 'std::nullopt'; 'sub_core_grids': 'std::nullopt'; 'subtile_broadcast_type': 'SubtileBroadcastType::NONE'; 'worker_grid': '{[(x=0;y=0) - (x=10;y=9)]}'},HiFi4,110,,,2895395868,2895399465,3597,1625166809877,1625168022354,6536141,6536197,898131,897610,897554,731902,897111,844052,538,897536,897100,897136,895444,896581,,88418750,28487051,,3738863,67887404,,,79828730,20435294,,,,,,1[1],1[1],32[32],32[32],TILE,BFLOAT16,DEV_1_DRAM_INTERLEAVED,1[1],1[1],32[32],32[32],TILE,BFLOAT16,DEV_1_DRAM_INTERLEAVED,1[1],1[1],32[32],32[32],TILE,BFLOAT16,DEV_1_DRAM_INTERLEAVED,,,['ttnn/cpp/ttnn/operations/eltwise/binary_ng/device/kernels/compute/eltwise_binary_no_bcast.cpp'],['eltwise_binary_no_bcast/14288279633599727612/'],['ttnn/cpp/ttnn/operations/eltwise/binary_ng/device/kernels_ng/dataflow/reader_interleaved_no_bcast.cpp'; 'ttnn/cpp/ttnn/operations/eltwise/binary_ng/device/kernels_ng/dataflow/writer_interleaved_no_bcast.cpp'],['reader_interleaved_no_bcast/17691247497470902086/'; 'writer_interleaved_no_bcast/10311599973615775795/'],18417575360683381351,False,1300,1908,1460,672,1372,0,0,0,0,1,1,1,[],[],0.0,,,,,
BinaryNgDeviceOperation,tt_dnn_device,22528,0,,{'binary_op_type': 'BinaryOpType::ADD'; 'compute_kernel_config': 'std::nullopt'; 'dtype': 'DataType::BFLOAT16'; 'input_dtype': 'DataType::BFLOAT16'; 'is_quant_op': 'false'; 'is_sfpu': 'false'; 'is_where_op': 'false'; 'lhs_activations': '{}'; 'memory_config': 'MemoryConfig(memory_layout=TensorMemoryLayout::INTERLEAVED;buffer_type=BufferType::DRAM;shard_spec=std::nullopt;nd_shard_spec=std::nullopt;created_with_nd_shard_spec=0)'; 'post_activations': '{}'; 'rhs_activations': '{}'; 'scalar': 'std::nullopt'; 'sub_core_grids': 'std::nullopt'; 'subtile_broadcast_type': 'SubtileBroadcastType::NONE'; 'worker_grid': '{[(x=0;y=0) - (x=10;y=9)]}'},HiFi4,110,,,2909181492,2909185049,3557,1625185419121,1625186653447,12887019,12887036,914316,913770,913752,749088,913726,852999,547,913720,913367,913395,911733,912879,,89405128,28264736,,3738435,69096176,,,80812019,20214446,,,,,,1[1],1[1],32[32],32[32],TILE,BFLOAT16,DEV_1_DRAM_INTERLEAVED,1[1],1[1],32[32],32[32],TILE,BFLOAT16,DEV_1_DRAM_INTERLEAVED,1[1],1[1],32[32],32[32],TILE,BFLOAT16,DEV_1_DRAM_INTERLEAVED,,,['ttnn/cpp/ttnn/operations/eltwise/binary_ng/device/kernels/compute/eltwise_binary_no_bcast.cpp'],['eltwise_binary_no_bcast/14288279633599727612/'],['ttnn/cpp/ttnn/operations/eltwise/binary_ng/device/kernels_ng/dataflow/reader_interleaved_no_bcast.cpp'; 'ttnn/cpp/ttnn/operations/eltwise/binary_ng/device/kernels_ng/dataflow/writer_interleaved_no_bcast.cpp'],['reader_interleaved_no_bcast/17691247497470902086/'; 'writer_interleaved_no_bcast/10311599973615775795/'],18417575360683381351,False,1300,1908,1460,672,1372,0,0,0,0,1,1,1,[],[],0.0,,,,,
BinaryNgDeviceOperation,tt_dnn_device,23552,0,,{'binary_op_type': 'BinaryOpType::ADD'; 'compute_kernel_config': 'std::nullopt'; 'dtype': 'DataType::BFLOAT16'; 'input_dtype': 'DataType::BFLOAT16'; 'is_quant_op': 'false'; 'is_sfpu': 'false'; 'is_where_op': 'false'; 'lhs_activations': '{}'; 'memory_config': 'MemoryConfig(memory_layout=TensorMemoryLayout::INTERLEAVED;buffer_type=BufferType::DRAM;shard_spec=std::nullopt;nd_shard_spec=std::nullopt;created_with_nd_shard_spec=0)'; 'post_activations': '{}'; 'rhs_activations': '{}'; 'scalar': 'std::nullopt'; 'sub_core_grids': 'std::nullopt'; 'subtile_broadcast_type': 'SubtileBroadcastType::NONE'; 'worker_grid': '{[(x=0;y=0) - (x=10;y=9)]}'},HiFi4,110,,,2922058480,2922061256,2776,1625202806624,1625204031535,11965860,11965862,907341,906819,906817,747430,906301,848697,553,906804,906447,906431,904798,905946,,88926507,28375262,,3738499,68513133,,,80336241,20321461,,,,,,1[1],1[1],32[32],32[32],TILE,BFLOAT16,DEV_1_DRAM_INTERLEAVED,1[1],1[1],32[32],32[32],TILE,BFLOAT16,DEV_1_DRAM_INTERLEAVED,1[1],1[1],32[32],32[32],TILE,BFLOAT16,DEV_1_DRAM_INTERLEAVED,,,['ttnn/cpp/ttnn/operations/eltwise/binary_ng/device/kernels/compute/eltwise_binary_no_bcast.cpp'],['eltwise_binary_no_bcast/14288279633599727612/'],['ttnn/cpp/ttnn/operations/eltwise/binary_ng/device/kernels_ng/dataflow/reader_interleaved_no_bcast.cpp'; 'ttnn/cpp/ttnn/operations/eltwise/binary_ng/device/kernels_ng/dataflow/writer_interleaved_no_bcast.cpp'],['reader_interleaved_no_bcast/17691247497470902086/'; 'writer_interleaved_no_bcast/10311599973615775795/'],18417575360683381351,False,1300,1908,1460,672,1372,0,0,0,0,1,1,1,[],[],0.0,,,,,
BinaryNgDeviceOperation,tt_dnn_device,24576,0,,{'binary_op_type': 'BinaryOpType::ADD'; 'compute_kernel_config': 'std::nullopt'; 'dtype': 'DataType::BFLOAT16'; 'input_dtype': 'DataType::BFLOAT16'; 'is_quant_op': 'false'; 'is_sfpu': 'false'; 'is_where_op': 'false'; 'lhs_activations': '{}'; 'memory_config': 'MemoryConfig(memory_layout=TensorMemoryLayout::INTERLEAVED;buffer_type=BufferType::DRAM;shard_spec=std::nullopt;nd_shard_spec=std::nullopt;created_with_nd_shard_spec=0)'; 'post_activations': '{}'; 'rhs_activations': '{}'; 'scalar': 'std::nullopt'; 'sub_core_grids': 'std::nullopt'; 'subtile_broadcast_type': 'SubtileBroadcastType::NONE'; 'worker_grid': '{[(x=0;y=0) - (x=10;y=9)]}'},HiFi4,110,,,2934787174,2934788807,1633,1625219991051,1625221216002,11822396,11822402,907371,906839,906832,733061,906326,852838,545,906806,906444,906464,904801,905949,,89385636,28470265,,3738523,68868436,,,80794105,20420343,,,,,,1[1],1[1],32[32],32[32],TILE,BFLOAT16,DEV_1_DRAM_INTERLEAVED,1[1],1[1],32[32],32[32],TILE,BFLOAT16,DEV_1_DRAM_INTERLEAVED,1[1],1[1],32[32],32[32],TILE,BFLOAT16,DEV_1_DRAM_INTERLEAVED,,,['ttnn/cpp/ttnn/operations/eltwise/binary_ng/device/kernels/compute/eltwise_binary_no_bcast.cpp'],['eltwise_binary_no_bcast/14288279633599727612/'],['ttnn/cpp/ttnn/operations/eltwise/binary_ng/device/kernels_ng/dataflow/reader_interleaved_no_bcast.cpp'; 'ttnn/cpp/ttnn/operations/eltwise/binary_ng/device/kernels_ng/dataflow/writer_interleaved_no_bcast.cpp'],['reader_interleaved_no_bcast/17691247497470902086/'; 'writer_interleaved_no_bcast/10311599973615775795/'],18417575360683381351,False,1300,1908,1460,672,1372,0,0,0,0,1,1,1,[],[],0.0,,,,,
BinaryNgDeviceOperation,tt_dnn_device,25600,0,,{'binary_op_type': 'BinaryOpType::ADD'; 'compute_kernel_config': 'std::nullopt'; 'dtype': 'DataType::BFLOAT16'; 'input_dtype': 'DataType::BFLOAT16'; 'is_quant_op': 'false'; 'is_sfpu': 'false'; 'is_where_op': 'false'; 'lhs_activations': '{}'; 'memory_config': 'MemoryConfig(memory_layout=TensorMemoryLayout::INTERLEAVED;buffer_type=BufferType::DRAM;shard_spec=std::nullopt;nd_shard_spec=std::nullopt;created_with_nd_shard_spec=0)'; 'post_activations': '{}'; 'rhs_activations': '{}'; 'scalar': 'std::nullopt'; 'sub_core_grids': 'std::nullopt'; 'subtile_broadcast_type': 'SubtileBroadcastType::NONE'; 'worker_grid': '{[(x=0;y=0) - (x=10;y=9)]}'},HiFi4,110,,,2947438609,2947440412,1803,1625237070492,1625238282045,11744587,11744606,897447,896924,896906,724361,896641,845490,557,896879,896536,896552,894910,896049,,88580813,28414514,,3738484,68120899,,,79986817,20361839,,,,,,1[1],1[1],32[32],32[32],TILE,BFLOAT16,DEV_1_DRAM_INTERLEAVED,1[1],1[1],32[32],32[32],TILE,BFLOAT16,DEV_1_DRAM_INTERLEAVED,1[1],1[1],32[32],32[32],TILE,BFLOAT16,DEV_1_DRAM_INTERLEAVED,,,['ttnn/cpp/ttnn/operations/eltwise/binary_ng/device/kernels/compute/eltwise_binary_no_bcast.cpp'],['eltwise_binary_no_bcast/14288279633599727612/'],['ttnn/cpp/ttnn/operations/eltwise/binary_ng/device/kernels_ng/dataflow/reader_interleaved_no_bcast.cpp'; 'ttnn/cpp/ttnn/operations/eltwise/binary_ng/device/kernels_ng/dataflow/writer_interleaved_no_bcast.cpp'],['reader_interleaved_no_bcast/17691247497470902086/'; 'writer_interleaved_no_bcast/10311599973615775795/'],18417575360683381351,False,1300,1908,1460,672,1372,0,0,0,0,1,1,1,[],[],0.0,,,,,
BinaryNgDeviceOperation,tt_dnn_device,26624,0,,{'binary_op_type': 'BinaryOpType::ADD'; 'compute_kernel_config': 'std::nullopt'; 'dtype': 'DataType::BFLOAT16'; 'input_dtype': 'DataType::BFLOAT16'; 'is_quant_op': 'false'; 'is_sfpu': 'false'; 'is_where_op': 'false'; 'lhs_activations': '{}'; 'memory_config': 'MemoryConfig(memory_layout=TensorMemoryLayout::INTERLEAVED;buffer_type=BufferType::DRAM;shard_spec=std::nullopt;nd_shard_spec=std::nullopt;created_with_nd_shard_spec=0)'; 'post_activations': '{}'; 'rhs_activations': '{}'; 'scalar': 'std::nullopt'; 'sub_core_grids': 'std::nullopt'; 'subtile_broadcast_type': 'SubtileBroadcastType::NONE'; 'worker_grid': '{[(x=0;y=0) - (x=10;y=9)]}'},HiFi4,110,,,2960123669,2960125322,1653,1625254194263,1625255426250,11787338,11787338,912583,912070,912070,751821,911927,854015,553,912066,911690,911696,910034,911194,,89495210,28360592,,3783630,69161664,,,80918795,20261801,,,,,,1[1],1[1],32[32],32[32],TILE,BFLOAT16,DEV_1_DRAM_INTERLEAVED,1[1],1[1],32[32],32[32],TILE,BFLOAT16,DEV_1_DRAM_INTERLEAVED,1[1],1[1],32[32],32[32],TILE,BFLOAT16,DEV_1_DRAM_INTERLEAVED,,,['ttnn/cpp/ttnn/operations/eltwise/binary_ng/device/kernels/compute/eltwise_binary_no_bcast.cpp'],['eltwise_binary_no_bcast/14288279633599727612/'],['ttnn/cpp/ttnn/operations/eltwise/binary_ng/device/kernels_ng/dataflow/reader_interleaved_no_bcast.cpp'; 'ttnn/cpp/ttnn/operations/eltwise/binary_ng/device/kernels_ng/dataflow/writer_interleaved_no_bcast.cpp'],['reader_interleaved_no_bcast/17691247497470902086/'; 'writer_interleaved_no_bcast/10311599973615775795/'],18417575360683381351,False,1300,1908,1460,672,1372,0,0,0,0,1,1,1,[],[],0.0,,,,,
BinaryNgDeviceOperation,tt_dnn_device,27648,0,,{'binary_op_type': 'BinaryOpType::ADD'; 'compute_kernel_config': 'std::nullopt'; 'dtype': 'DataType::BFLOAT16'; 'input_dtype': 'DataType::BFLOAT16'; 'is_quant_op': 'false'; 'is_sfpu': 'false'; 'is_where_op': 'false'; 'lhs_activations': '{}'; 'memory_config': 'MemoryConfig(memory_layout=TensorMemoryLayout::INTERLEAVED;buffer_type=BufferType::DRAM;shard_spec=std::nullopt;nd_shard_spec=std::nullopt;created_with_nd_shard_spec=0)'; 'post_activations': '{}'; 'rhs_activations': '{}'; 'scalar': 'std::nullopt'; 'sub_core_grids': 'std::nullopt'; 'subtile_broadcast_type': 'SubtileBroadcastType::NONE'; 'worker_grid': '{[(x=0;y=0) - (x=10;y=9)]}'},HiFi4,110,,,2972791495,2972793038,1543,1625271296650,1625272513592,11756372,11756402,901439,900914,900884,747721,900490,847722,547,900866,900513,900539,898907,900018,,88778485,28456595,,3792079,68315006,,,80246981,20409376,,,,,,1[1],1[1],32[32],32[32],TILE,BFLOAT16,DEV_1_DRAM_INTERLEAVED,1[1],1[1],32[32],32[32],TILE,BFLOAT16,DEV_1_DRAM_INTERLEAVED,1[1],1[1],32[32],32[32],TILE,BFLOAT16,DEV_1_DRAM_INTERLEAVED,,,['ttnn/cpp/ttnn/operations/eltwise/binary_ng/device/kernels/compute/eltwise_binary_no_bcast.cpp'],['eltwise_binary_no_bcast/14288279633599727612/'],['ttnn/cpp/ttnn/operations/eltwise/binary_ng/device/kernels_ng/dataflow/reader_interleaved_no_bcast.cpp'; 'ttnn/cpp/ttnn/operations/eltwise/binary_ng/device/kernels_ng/dataflow/writer_interleaved_no_bcast.cpp'],['reader_interleaved_no_bcast/17691247497470902086/'; 'writer_interleaved_no_bcast/10311599973615775795/'],18417575360683381351,False,1300,1908,1460,672,1372,0,0,0,0,1,1,1,[],[],0.0,,,,,
BinaryNgDeviceOperation,tt_dnn_device,28672,0,,{'binary_op_type': 'BinaryOpType::ADD'; 'compute_kernel_config': 'std::nullopt'; 'dtype': 'DataType::BFLOAT16'; 'input_dtype': 'DataType::BFLOAT16'; 'is_quant_op': 'false'; 'is_sfpu': 'false'; 'is_where_op': 'false'; 'lhs_activations': '{}'; 'memory_config': 'MemoryConfig(memory_layout=TensorMemoryLayout::INTERLEAVED;buffer_type=BufferType::DRAM;shard_spec=std::nullopt;nd_shard_spec=std::nullopt;created_with_nd_shard_spec=0)'; 'post_activations': '{}'; 'rhs_activations': '{}'; 'scalar': 'std::nullopt'; 'sub_core_grids': 'std::nullopt'; 'subtile_broadcast_type': 'SubtileBroadcastType::NONE'; 'worker_grid': '{[(x=0;y=0) - (x=10;y=9)]}'},HiFi4,110,,,2985464742,2985466135,1393,1625288405530,1625289632790,11772340,11772370,909081,908556,908525,724541,908041,849326,550,908513,908152,908171,906537,907651,,89001264,28367321,,3738456,68590951,,,80407661,20313294,,,,,,1[1],1[1],32[32],32[32],TILE,BFLOAT16,DEV_1_DRAM_INTERLEAVED,1[1],1[1],32[32],32[32],TILE,BFLOAT16,DEV_1_DRAM_INTERLEAVED,1[1],1[1],32[32],32[32],TILE,BFLOAT16,DEV_1_DRAM_INTERLEAVED,,,['ttnn/cpp/ttnn/operations/eltwise/binary_ng/device/kernels/compute/eltwise_binary_no_bcast.cpp'],['eltwise_binary_no_bcast/14288279633599727612/'],['ttnn/cpp/ttnn/operations/eltwise/binary_ng/device/kernels_ng/dataflow/reader_interleaved_no_bcast.cpp'; 'ttnn/cpp/ttnn/operations/eltwise/binary_ng/device/kernels_ng/dataflow/writer_interleaved_no_bcast.cpp'],['reader_interleaved_no_bcast/17691247497470902086/'; 'writer_interleaved_no_bcast/10311599973615775795/'],18417575360683381351,False,1300,1908,1460,672,1372,0,0,0,0,1,1,1,[],[],0.0,,,,,
BinaryNgDeviceOperation,tt_dnn_device,29696,0,,{'binary_op_type': 'BinaryOpType::ADD'; 'compute_kernel_config': 'std::nullopt'; 'dtype': 'DataType::BFLOAT16'; 'input_dtype': 'DataType::BFLOAT16'; 'is_quant_op': 'false'; 'is_sfpu': 'false'; 'is_where_op': 'false'; 'lhs_activations': '{}'; 'memory_config': 'MemoryConfig(memory_layout=TensorMemoryLayout::INTERLEAVED;buffer_type=BufferType::DRAM;shard_spec=std::nullopt;nd_shard_spec=std::nullopt;created_with_nd_shard_spec=0)'; 'post_activations': '{}'; 'rhs_activations': '{}'; 'scalar': 'std::nullopt'; 'sub_core_grids': 'std::nullopt'; 'subtile_broadcast_type': 'SubtileBroadcastType::NONE'; 'worker_grid': '{[(x=0;y=0) - (x=10;y=9)]}'},HiFi4,110,,,2998017408,2998018850,1442,1625305351780,1625306577657,11644216,11644226,908057,907540,907530,746950,907147,852618,541,907507,907144,907146,905437,906642,,89356349,28432987,,3741564,68881629,,,80782516,20384922,,,,,,1[1],1[1],32[32],32[32],TILE,BFLOAT16,DEV_1_DRAM_INTERLEAVED,1[1],1[1],32[32],32[32],TILE,BFLOAT16,DEV_1_DRAM_INTERLEAVED,1[1],1[1],32[32],32[32],TILE,BFLOAT16,DEV_1_DRAM_INTERLEAVED,,,['ttnn/cpp/ttnn/operations/eltwise/binary_ng/device/kernels/compute/eltwise_binary_no_bcast.cpp'],['eltwise_binary_no_bcast/14288279633599727612/'],['ttnn/cpp/ttnn/operations/eltwise/binary_ng/device/kernels_ng/dataflow/reader_interleaved_no_bcast.cpp'; 'ttnn/cpp/ttnn/operations/eltwise/binary_ng/device/kernels_ng/dataflow/writer_interleaved_no_bcast.cpp'],['reader_interleaved_no_bcast/17691247497470902086/'; 'writer_interleaved_no_bcast/10311599973615775795/'],18417575360683381351,False,1300,1908,1460,672,1372,0,0,0,0,1,1,1,[],[],0.0,,,,,
BinaryNgDeviceOperation,tt_dnn_device,30720,0,,{'binary_op_type': 'BinaryOpType::ADD'; 'compute_kernel_config': 'std::nullopt'; 'dtype': 'DataType::BFLOAT16'; 'input_dtype': 'DataType::BFLOAT16'; 'is_quant_op': 'false'; 'is_sfpu': 'false'; 'is_where_op': 'false'; 'lhs_activations': '{}'; 'memory_config': 'MemoryConfig(memory_layout=TensorMemoryLayout::INTERLEAVED;buffer_type=BufferType::DRAM;shard_spec=std::nullopt;nd_shard_spec=std::nullopt;created_with_nd_shard_spec=0)'; 'post_activations': '{}'; 'rhs_activations': '{}'; 'scalar': 'std::nullopt'; 'sub_core_grids': 'std::nullopt'; 'subtile_broadcast_type': 'SubtileBroadcastType::NONE'; 'worker_grid': '{[(x=0;y=0) - (x=10;y=9)]}'},HiFi4,110,,,3010520869,3010522612,1743,1625322231742,1625323461921,11596136,11596168,911244,910724,910692,732108,910333,851912,547,910679,910319,910353,908713,909825,,89286003,28316956,,3738436,68925447,,,80692285,20264115,,,,,,1[1],1[1],32[32],32[32],TILE,BFLOAT16,DEV_1_DRAM_INTERLEAVED,1[1],1[1],32[32],32[32],TILE,BFLOAT16,DEV_1_DRAM_INTERLEAVED,1[1],1[1],32[32],32[32],TILE,BFLOAT16,DEV_1_DRAM_INTERLEAVED,,,['ttnn/cpp/ttnn/operations/eltwise/binary_ng/device/kernels/compute/eltwise_binary_no_bcast.cpp'],['eltwise_binary_no_bcast/14288279633599727612/'],['ttnn/cpp/ttnn/operations/eltwise/binary_ng/device/kernels_ng/dataflow/reader_interleaved_no_bcast.cpp'; 'ttnn/cpp/ttnn/operations/eltwise/binary_ng/device/kernels_ng/dataflow/writer_interleaved_no_bcast.cpp'],['reader_interleaved_no_bcast/17691247497470902086/'; 'writer_interleaved_no_bcast/10311599973615775795/'],18417575360683381351,False,1300,1908,1460,672,1372,0,0,0,0,1,1,1,[],[],0.0,,,,,
BinaryNgDeviceOperation,tt_dnn_device,31744,0,,{'binary_op_type': 'BinaryOpType::ADD'; 'compute_kernel_config': 'std::nullopt'; 'dtype': 'DataType::BFLOAT16'; 'input_dtype': 'DataType::BFLOAT16'; 'is_quant_op': 'false'; 'is_sfpu': 'false'; 'is_where_op': 'false'; 'lhs_activations': '{}'; 'memory_config': 'MemoryConfig(memory_layout=TensorMemoryLayout::INTERLEAVED;buffer_type=BufferType::DRAM;shard_spec=std::nullopt;nd_shard_spec=std::nullopt;created_with_nd_shard_spec=0)'; 'post_activations': '{}'; 'rhs_activations': '{}'; 'scalar': 'std::nullopt'; 'sub_core_grids': 'std::nullopt'; 'subtile_broadcast_type': 'SubtileBroadcastType::NONE'; 'worker_grid': '{[(x=0;y=0) - (x=10;y=9)]}'},HiFi4,110,,,3023221638,3023223262,1624,1625339375387,1625340602162,11788273,11788308,908722,908201,908166,745735,907736,849352,547,908160,907797,907839,906200,907320,,89001703,28372151,,3738276,68586961,,,80409331,20318419,,,,,,1[1],1[1],32[32],32[32],TILE,BFLOAT16,DEV_1_DRAM_INTERLEAVED,1[1],1[1],32[32],32[32],TILE,BFLOAT16,DEV_1_DRAM_INTERLEAVED,1[1],1[1],32[32],32[32],TILE,BFLOAT16,DEV_1_DRAM_INTERLEAVED,,,['ttnn/cpp/ttnn/operations/eltwise/binary_ng/device/kernels/compute/eltwise_binary_no_bcast.cpp'],['eltwise_binary_no_bcast/14288279633599727612/'],['ttnn/cpp/ttnn/operations/eltwise/binary_ng/device/kernels_ng/dataflow/reader_interleaved_no_bcast.cpp'; 'ttnn/cpp/ttnn/operations/eltwise/binary_ng/device/kernels_ng/dataflow/writer_interleaved_no_bcast.cpp'],['reader_interleaved_no_bcast/17691247497470902086/'; 'writer_interleaved_no_bcast/10311599973615775795/'],18417575360683381351,False,1300,1908,1460,672,1372,0,0,0,0,1,1,1,[],[],0.0,,,,,
BinaryNgDeviceOperation,tt_dnn_device,32768,0,,{'binary_op_type': 'BinaryOpType::ADD'; 'compute_kernel_config': 'std::nullopt'; 'dtype': 'DataType::BFLOAT16'; 'input_dtype': 'DataType::BFLOAT16'; 'is_quant_op': 'false'; 'is_sfpu': 'false'; 'is_where_op': 'false'; 'lhs_activations': '{}'; 'memory_config': 'MemoryConfig(memory_layout=TensorMemoryLayout::INTERLEAVED;buffer_type=BufferType::DRAM;shard_spec=std::nullopt;nd_shard_spec=std::nullopt;created_with_nd_shard_spec=0)'; 'post_activations': '{}'; 'rhs_activations': '{}'; 'scalar': 'std::nullopt'; 'sub_core_grids': 'std::nullopt'; 'subtile_broadcast_type': 'SubtileBroadcastType::NONE'; 'worker_grid': '{[(x=0;y=0) - (x=10;y=9)]}'},HiFi4,110,,,3036080492,3036081985,1493,1625356735195,1625357965263,11950919,11950947,911161,910629,910601,756598,910140,853792,543,910570,910210,910247,908601,909711,,89491296,28342713,,3738313,69102992,,,80898272,20289821,,,,,,1[1],1[1],32[32],32[32],TILE,BFLOAT16,DEV_1_DRAM_INTERLEAVED,1[1],1[1],32[32],32[32],TILE,BFLOAT16,DEV_1_DRAM_INTERLEAVED,1[1],1[1],32[32],32[32],TILE,BFLOAT16,DEV_1_DRAM_INTERLEAVED,,,['ttnn/cpp/ttnn/operations/eltwise/binary_ng/device/kernels/compute/eltwise_binary_no_bcast.cpp'],['eltwise_binary_no_bcast/14288279633599727612/'],['ttnn/cpp/ttnn/operations/eltwise/binary_ng/device/kernels_ng/dataflow/reader_interleaved_no_bcast.cpp'; 'ttnn/cpp/ttnn/operations/eltwise/binary_ng/device/kernels_ng/dataflow/writer_interleaved_no_bcast.cpp'],['reader_interleaved_no_bcast/17691247497470902086/'; 'writer_interleaved_no_bcast/10311599973615775795/'],18417575360683381351,False,1300,1908,1460,672,1372,0,0,0,0,1,1,1,[],[],0.0,,,,,
BinaryNgDeviceOperation,tt_dnn_device,33792,0,,{'binary_op_type': 'BinaryOpType::ADD'; 'compute_kernel_config': 'std::nullopt'; 'dtype': 'DataType::BFLOAT16'; 'input_dtype': 'DataType::BFLOAT16'; 'is_quant_op': 'false'; 'is_sfpu': 'false'; 'is_where_op': 'false'; 'lhs_activations': '{}'; 'memory_config': 'MemoryConfig(memory_layout=TensorMemoryLayout::INTERLEAVED;buffer_type=BufferType::DRAM;shard_spec=std::nullopt;nd_shard_spec=std::nullopt;created_with_nd_shard_spec=0)'; 'post_activations': '{}'; 'rhs_activations': '{}'; 'scalar': 'std::nullopt'; 'sub_core_grids': 'std::nullopt'; 'subtile_broadcast_type': 'SubtileBroadcastType::NONE'; 'worker_grid': '{[(x=0;y=0) - (x=10;y=9)]}'},HiFi4,110,,,3048961148,3048962721,1573,1625374123546,1625375353455,11969646,11969673,911044,910506,910479,741924,910456,853986,536,910461,910104,910138,908468,909625,,89507345,28377402,,3738561,69090567,,,80919949,20325347,,,,,,1[1],1[1],32[32],32[32],TILE,BFLOAT16,DEV_1_DRAM_INTERLEAVED,1[1],1[1],32[32],32[32],TILE,BFLOAT16,DEV_1_DRAM_INTERLEAVED,1[1],1[1],32[32],32[32],TILE,BFLOAT16,DEV_1_DRAM_INTERLEAVED,,,['ttnn/cpp/ttnn/operations/eltwise/binary_ng/device/kernels/compute/eltwise_binary_no_bcast.cpp'],['eltwise_binary_no_bcast/14288279633599727612/'],['ttnn/cpp/ttnn/operations/eltwise/binary_ng/device/kernels_ng/dataflow/reader_interleaved_no_bcast.cpp'; 'ttnn/cpp/ttnn/operations/eltwise/binary_ng/device/kernels_ng/dataflow/writer_interleaved_no_bcast.cpp'],['reader_interleaved_no_bcast/17691247497470902086/'; 'writer_interleaved_no_bcast/10311599973615775795/'],18417575360683381351,False,1300,1908,1460,672,1372,0,0,0,0,1,1,1,[],[],0.0,,,,,
BinaryNgDeviceOperation,tt_dnn_device,34816,0,,{'binary_op_type': 'BinaryOpType::ADD'; 'compute_kernel_config': 'std::nullopt'; 'dtype': 'DataType::BFLOAT16'; 'input_dtype': 'DataType::BFLOAT16'; 'is_quant_op': 'false'; 'is_sfpu': 'false'; 'is_where_op': 'false'; 'lhs_activations': '{}'; 'memory_config': 'MemoryConfig(memory_layout=TensorMemoryLayout::INTERLEAVED;buffer_type=BufferType::DRAM;shard_spec=std::nullopt;nd_shard_spec=std::nullopt;created_with_nd_shard_spec=0)'; 'post_activations': '{}'; 'rhs_activations': '{}'; 'scalar': 'std::nullopt'; 'sub_core_grids': 'std::nullopt'; 'subtile_broadcast_type': 'SubtileBroadcastType::NONE'; 'worker_grid': '{[(x=0;y=0) - (x=10;y=9)]}'},HiFi4,110,,,3061821213,3061823017,1804,1625391485415,1625392717807,11950108,11950156,912883,912373,912325,738386,912322,852943,564,912318,911951,911977,910353,911459,,89397926,28297433,,3738649,69056372,,,80804396,20244073,,,,,,1[1],1[1],32[32],32[32],TILE,BFLOAT16,DEV_1_DRAM_INTERLEAVED,1[1],1[1],32[32],32[32],TILE,BFLOAT16,DEV_1_DRAM_INTERLEAVED,1[1],1[1],32[32],32[32],TILE,BFLOAT16,DEV_1_DRAM_INTERLEAVED,,,['ttnn/cpp/ttnn/operations/eltwise/binary_ng/device/kernels/compute/eltwise_binary_no_bcast.cpp'],['eltwise_binary_no_bcast/14288279633599727612/'],['ttnn/cpp/ttnn/operations/eltwise/binary_ng/device/kernels_ng/dataflow/reader_interleaved_no_bcast.cpp'; 'ttnn/cpp/ttnn/operations/eltwise/binary_ng/device/kernels_ng/dataflow/writer_interleaved_no_bcast.cpp'],['reader_interleaved_no_bcast/17691247497470902086/'; 'writer_interleaved_no_bcast/10311599973615775795/'],18417575360683381351,False,1300,1908,1460,672,1372,0,0,0,0,1,1,1,[],[],0.0,,,,,
BinaryNgDeviceOperation,tt_dnn_device,35840,0,,{'binary_op_type': 'BinaryOpType::ADD'; 'compute_kernel_config': 'std::nullopt'; 'dtype': 'DataType::BFLOAT16'; 'input_dtype': 'DataType::BFLOAT16'; 'is_quant_op': 'false'; 'is_sfpu': 'false'; 'is_where_op': 'false'; 'lhs_activations': '{}'; 'memory_config': 'MemoryConfig(memory_layout=TensorMemoryLayout::INTERLEAVED;buffer_type=BufferType::DRAM;shard_spec=std::nullopt;nd_shard_spec=std::nullopt;created_with_nd_shard_spec=0)'; 'post_activations': '{}'; 'rhs_activations': '{}'; 'scalar': 'std::nullopt'; 'sub_core_grids': 'std::nullopt'; 'subtile_broadcast_type': 'SubtileBroadcastType::NONE'; 'worker_grid': '{[(x=0;y=0) - (x=10;y=9)]}'},HiFi4,110,,,3074671120,3074672883,1763,1625408831299,1625410053429,11936453,11936479,905281,904748,904722,731953,904237,850130,537,904709,904349,904384,902713,903869,,89087689,28459639,,3738504,68585236,,,80494239,20406609,,,,,,1[1],1[1],32[32],32[32],TILE,BFLOAT16,DEV_1_DRAM_INTERLEAVED,1[1],1[1],32[32],32[32],TILE,BFLOAT16,DEV_1_DRAM_INTERLEAVED,1[1],1[1],32[32],32[32],TILE,BFLOAT16,DEV_1_DRAM_INTERLEAVED,,,['ttnn/cpp/ttnn/operations/eltwise/binary_ng/device/kernels/compute/eltwise_binary_no_bcast.cpp'],['eltwise_binary_no_bcast/14288279633599727612/'],['ttnn/cpp/ttnn/operations/eltwise/binary_ng/device/kernels_ng/dataflow/reader_interleaved_no_bcast.cpp'; 'ttnn/cpp/ttnn/operations/eltwise/binary_ng/device/kernels_ng/dataflow/writer_interleaved_no_bcast.cpp'],['reader_interleaved_no_bcast/17691247497470902086/'; 'writer_interleaved_no_bcast/10311599973615775795/'],18417575360683381351,False,1300,1908,1460,672,1372,0,0,0,0,1,1,1,[],[],0.0,,,,,
BinaryNgDeviceOperation,tt_dnn_device,36864,0,,{'binary_op_type': 'BinaryOpType::ADD'; 'compute_kernel_config': 'std::nullopt'; 'dtype': 'DataType::BFLOAT16'; 'input_dtype': 'DataType::BFLOAT16'; 'is_quant_op': 'false'; 'is_sfpu': 'false'; 'is_where_op': 'false'; 'lhs_activations': '{}'; 'memory_config': 'MemoryConfig(memory_layout=TensorMemoryLayout::INTERLEAVED;buffer_type=BufferType::DRAM;shard_spec=std::nullopt;nd_shard_spec=std::nullopt;created_with_nd_shard_spec=0)'; 'post_activations': '{}'; 'rhs_activations': '{}'; 'scalar': 'std::nullopt'; 'sub_core_grids': 'std::nullopt'; 'subtile_broadcast_type': 'SubtileBroadcastType::NONE'; 'worker_grid': '{[(x=0;y=0) - (x=10;y=9)]}'},HiFi4,110,,,3087485428,3087487061,1633,1625426132160,1625427364464,11910692,11910728,912818,912297,912261,763700,912250,855253,544,912250,911884,911916,910279,911393,,89649293,28408120,,3746938,69208446,,,81069349,20349573,,,,,,1[1],1[1],32[32],32[32],TILE,BFLOAT16,DEV_1_DRAM_INTERLEAVED,1[1],1[1],32[32],32[32],TILE,BFLOAT16,DEV_1_DRAM_INTERLEAVED,1[1],1[1],32[32],32[32],TILE,BFLOAT16,DEV_1_DRAM_INTERLEAVED,,,['ttnn/cpp/ttnn/operations/eltwise/binary_ng/device/kernels/compute/eltwise_binary_no_bcast.cpp'],['eltwise_binary_no_bcast/14288279633599727612/'],['ttnn/cpp/ttnn/operations/eltwise/binary_ng/device/kernels_ng/dataflow/reader_interleaved_no_bcast.cpp'; 'ttnn/cpp/ttnn/operations/eltwise/binary_ng/device/kernels_ng/dataflow/writer_interleaved_no_bcast.cpp'],['reader_interleaved_no_bcast/17691247497470902086/'; 'writer_interleaved_no_bcast/10311599973615775795/'],18417575360683381351,False,1300,1908,1460,672,1372,0,0,0,0,1,1,1,[],[],0.0,,,,,
BinaryNgDeviceOperation,tt_dnn_device,37888,0,,{'binary_op_type': 'BinaryOpType::ADD'; 'compute_kernel_config': 'std::nullopt'; 'dtype': 'DataType::BFLOAT16'; 'input_dtype': 'DataType::BFLOAT16'; 'is_quant_op': 'false'; 'is_sfpu': 'false'; 'is_where_op': 'false'; 'lhs_activations': '{}'; 'memory_config': 'MemoryConfig(memory_layout=TensorMemoryLayout::INTERLEAVED;buffer_type=BufferType::DRAM;shard_spec=std::nullopt;nd_shard_spec=std::nullopt;created_with_nd_shard_spec=0)'; 'post_activations': '{}'; 'rhs_activations': '{}'; 'scalar': 'std::nullopt'; 'sub_core_grids': 'std::nullopt'; 'subtile_broadcast_type': 'SubtileBroadcastType::NONE'; 'worker_grid': '{[(x=0;y=0) - (x=10;y=9)]}'},HiFi4,110,,,3100346756,3100348129,1373,1625443493635,1625444701041,11948061,11948082,894375,893850,893829,719311,893336,842290,547,893816,893454,893466,891819,892946,,88222202,28447604,,3746667,67742110,,,79643241,20389744,,,,,,1[1],1[1],32[32],32[32],TILE,BFLOAT16,DEV_1_DRAM_INTERLEAVED,1[1],1[1],32[32],32[32],TILE,BFLOAT16,DEV_1_DRAM_INTERLEAVED,1[1],1[1],32[32],32[32],TILE,BFLOAT16,DEV_1_DRAM_INTERLEAVED,,,['ttnn/cpp/ttnn/operations/eltwise/binary_ng/device/kernels/compute/eltwise_binary_no_bcast.cpp'],['eltwise_binary_no_bcast/14288279633599727612/'],['ttnn/cpp/ttnn/operations/eltwise/binary_ng/device/kernels_ng/dataflow/reader_interleaved_no_bcast.cpp'; 'ttnn/cpp/ttnn/operations/eltwise/binary_ng/device/kernels_ng/dataflow/writer_interleaved_no_bcast.cpp'],['reader_interleaved_no_bcast/17691247497470902086/'; 'writer_interleaved_no_bcast/10311599973615775795/'],18417575360683381351,False,1300,1908,1460,672,1372,0,0,0,0,1,1,1,[],[],0.0,,,,,
BinaryNgDeviceOperation,tt_dnn_device,38912,0,,{'binary_op_type': 'BinaryOpType::ADD'; 'compute_kernel_config': 'std::nullopt'; 'dtype': 'DataType::BFLOAT16'; 'input_dtype': 'DataType::BFLOAT16'; 'is_quant_op': 'false'; 'is_sfpu': 'false'; 'is_where_op': 'false'; 'lhs_activations': '{}'; 'memory_config': 'MemoryConfig(memory_layout=TensorMemoryLayout::INTERLEAVED;buffer_type=BufferType::DRAM;shard_spec=std::nullopt;nd_shard_spec=std::nullopt;created_with_nd_shard_spec=0)'; 'post_activations': '{}'; 'rhs_activations': '{}'; 'scalar': 'std::nullopt'; 'sub_core_grids': 'std::nullopt'; 'subtile_broadcast_type': 'SubtileBroadcastType::NONE'; 'worker_grid': '{[(x=0;y=0) - (x=10;y=9)]}'},HiFi4,110,,,3113133952,3113135515,1563,1625460756242,1625461991164,11893264,11893277,914757,914232,914219,748429,914048,855229,542,914189,913847,913881,912204,913368,,89653971,28338430,,3737267,69271505,,,81061211,20284714,,,,,,1[1],1[1],32[32],32[32],TILE,BFLOAT16,DEV_1_DRAM_INTERLEAVED,1[1],1[1],32[32],32[32],TILE,BFLOAT16,DEV_1_DRAM_INTERLEAVED,1[1],1[1],32[32],32[32],TILE,BFLOAT16,DEV_1_DRAM_INTERLEAVED,,,['ttnn/cpp/ttnn/operations/eltwise/binary_ng/device/kernels/compute/eltwise_binary_no_bcast.cpp'],['eltwise_binary_no_bcast/14288279633599727612/'],['ttnn/cpp/ttnn/operations/eltwise/binary_ng/device/kernels_ng/dataflow/reader_interleaved_no_bcast.cpp'; 'ttnn/cpp/ttnn/operations/eltwise/binary_ng/device/kernels_ng/dataflow/writer_interleaved_no_bcast.cpp'],['reader_interleaved_no_bcast/17691247497470902086/'; 'writer_interleaved_no_bcast/10311599973615775795/'],18417575360683381351,False,1300,1908,1460,672,1372,0,0,0,0,1,1,1,[],[],0.0,,,,,
BinaryNgDeviceOperation,tt_dnn_device,39936,0,,{'binary_op_type': 'BinaryOpType::ADD'; 'compute_kernel_config': 'std::nullopt'; 'dtype': 'DataType::BFLOAT16'; 'input_dtype': 'DataType::BFLOAT16'; 'is_quant_op': 'false'; 'is_sfpu': 'false'; 'is_where_op': 'false'; 'lhs_activations': '{}'; 'memory_config': 'MemoryConfig(memory_layout=TensorMemoryLayout::INTERLEAVED;buffer_type=BufferType::DRAM;shard_spec=std::nullopt;nd_shard_spec=std::nullopt;created_with_nd_shard_spec=0)'; 'post_activations': '{}'; 'rhs_activations': '{}'; 'scalar': 'std::nullopt'; 'sub_core_grids': 'std::nullopt'; 'subtile_broadcast_type': 'SubtileBroadcastType::NONE'; 'worker_grid': '{[(x=0;y=0) - (x=10;y=9)]}'},HiFi4,110,,,3125910828,3125912361,1533,1625478005160,1625479227976,11862722,11862744,905790,905291,905269,750640,904894,850276,551,905247,904890,904946,903245,904407,,89106873,28444224,,3738634,68617914,,,80520644,20392639,,,,,,1[1],1[1],32[32],32[32],TILE,BFLOAT16,DEV_1_DRAM_INTERLEAVED,1[1],1[1],32[32],32[32],TILE,BFLOAT16,DEV_1_DRAM_INTERLEAVED,1[1],1[1],32[32],32[32],TILE,BFLOAT16,DEV_1_DRAM_INTERLEAVED,,,['ttnn/cpp/ttnn/operations/eltwise/binary_ng/device/kernels/compute/eltwise_binary_no_bcast.cpp'],['eltwise_binary_no_bcast/14288279633599727612/'],['ttnn/cpp/ttnn/operations/eltwise/binary_ng/device/kernels_ng/dataflow/reader_interleaved_no_bcast.cpp'; 'ttnn/cpp/ttnn/operations/eltwise/binary_ng/device/kernels_ng/dataflow/writer_interleaved_no_bcast.cpp'],['reader_interleaved_no_bcast/17691247497470902086/'; 'writer_interleaved_no_bcast/10311599973615775795/'],18417575360683381351,False,1300,1908,1460,672,1372,0,0,0,0,1,1,1,[],[],0.0,,,,,
BinaryNgDeviceOperation,tt_dnn_device,40960,0,,{'binary_op_type': 'BinaryOpType::ADD'; 'compute_kernel_config': 'std::nullopt'; 'dtype': 'DataType::BFLOAT16'; 'input_dtype': 'DataType::BFLOAT16'; 'is_quant_op': 'false'; 'is_sfpu': 'false'; 'is_where_op': 'false'; 'lhs_activations': '{}'; 'memory_config': 'MemoryConfig(memory_layout=TensorMemoryLayout::INTERLEAVED;buffer_type=BufferType::DRAM;shard_spec=std::nullopt;nd_shard_spec=std::nullopt;created_with_nd_shard_spec=0)'; 'post_activations': '{}'; 'rhs_activations': '{}'; 'scalar': 'std::nullopt'; 'sub_core_grids': 'std::nullopt'; 'subtile_broadcast_type': 'SubtileBroadcastType::NONE'; 'worker_grid': '{[(x=0;y=0) - (x=10;y=9)]}'},HiFi4,110,,,3138632458,3138634893,2435,1625495177850,1625496404075,11815226,11815226,908315,907807,907807,744729,907284,849161,556,907797,907427,907454,905803,906935,,88987274,28383662,,3738141,68557855,,,80393711,20330244,,,,,,1[1],1[1],32[32],32[32],TILE,BFLOAT16,DEV_1_DRAM_INTERLEAVED,1[1],1[1],32[32],32[32],TILE,BFLOAT16,DEV_1_DRAM_INTERLEAVED,1[1],1[1],32[32],32[32],TILE,BFLOAT16,DEV_1_DRAM_INTERLEAVED,,,['ttnn/cpp/ttnn/operations/eltwise/binary_ng/device/kernels/compute/eltwise_binary_no_bcast.cpp'],['eltwise_binary_no_bcast/14288279633599727612/'],['ttnn/cpp/ttnn/operations/eltwise/binary_ng/device/kernels_ng/dataflow/reader_interleaved_no_bcast.cpp'; 'ttnn/cpp/ttnn/operations/eltwise/binary_ng/device/kernels_ng/dataflow/writer_interleaved_no_bcast.cpp'],['reader_interleaved_no_bcast/17691247497470902086/'; 'writer_interleaved_no_bcast/10311599973615775795/'],18417575360683381351,False,1300,1908,1460,672,1372,0,0,0,0,1,1,1,[],[],0.0,,,,,
BinaryNgDeviceOperation,tt_dnn_device,41984,0,,{'binary_op_type': 'BinaryOpType::ADD'; 'compute_kernel_config': 'std::nullopt'; 'dtype': 'DataType::BFLOAT16'; 'input_dtype': 'DataType::BFLOAT16'; 'is_quant_op': 'false'; 'is_sfpu': 'false'; 'is_where_op': 'false'; 'lhs_activations': '{}'; 'memory_config': 'MemoryConfig(memory_layout=TensorMemoryLayout::INTERLEAVED;buffer_type=BufferType::DRAM;shard_spec=std::nullopt;nd_shard_spec=std::nullopt;created_with_nd_shard_spec=0)'; 'post_activations': '{}'; 'rhs_activations': '{}'; 'scalar': 'std::nullopt'; 'sub_core_grids': 'std::nullopt'; 'subtile_broadcast_type': 'SubtileBroadcastType::NONE'; 'worker_grid': '{[(x=0;y=0) - (x=10;y=9)]}'},HiFi4,110,,,3151544845,3151546628,1783,1625512610188,1625513831555,12005047,12005047,904716,904198,904198,742586,904151,848692,542,904164,903819,903852,902173,903327,,88936087,28370324,,3737876,68521086,,,80342697,20314922,,,,,,1[1],1[1],32[32],32[32],TILE,BFLOAT16,DEV_1_DRAM_INTERLEAVED,1[1],1[1],32[32],32[32],TILE,BFLOAT16,DEV_1_DRAM_INTERLEAVED,1[1],1[1],32[32],32[32],TILE,BFLOAT16,DEV_1_DRAM_INTERLEAVED,,,['ttnn/cpp/ttnn/operations/eltwise/binary_ng/device/kernels/compute/eltwise_binary_no_bcast.cpp'],['eltwise_binary_no_bcast/14288279633599727612/'],['ttnn/cpp/ttnn/operations/eltwise/binary_ng/device/kernels_ng/dataflow/reader_interleaved_no_bcast.cpp'; 'ttnn/cpp/ttnn/operations/eltwise/binary_ng/device/kernels_ng/dataflow/writer_interleaved_no_bcast.cpp'],['reader_interleaved_no_bcast/17691247497470902086/'; 'writer_interleaved_no_bcast/10311599973615775795/'],18417575360683381351,False,1300,1908,1460,672,1372,0,0,0,0,1,1,1,[],[],0.0,,,,,
BinaryNgDeviceOperation,tt_dnn_device,43008,0,,{'binary_op_type': 'BinaryOpType::ADD'; 'compute_kernel_config': 'std::nullopt'; 'dtype': 'DataType::BFLOAT16'; 'input_dtype': 'DataType::BFLOAT16'; 'is_quant_op': 'false'; 'is_sfpu': 'false'; 'is_where_op': 'false'; 'lhs_activations': '{}'; 'memory_config': 'MemoryConfig(memory_layout=TensorMemoryLayout::INTERLEAVED;buffer_type=BufferType::DRAM;shard_spec=std::nullopt;nd_shard_spec=std::nullopt;created_with_nd_shard_spec=0)'; 'post_activations': '{}'; 'rhs_activations': '{}'; 'scalar': 'std::nullopt'; 'sub_core_grids': 'std::nullopt'; 'subtile_broadcast_type': 'SubtileBroadcastType::NONE'; 'worker_grid': '{[(x=0;y=0) - (x=10;y=9)]}'},HiFi4,110,,,3164453183,3164455307,2124,1625530036762,1625531257812,12004365,12004396,904481,903961,903930,747754,903452,849262,552,903913,903544,903587,901923,903079,,88998793,28424301,,3737710,68523433,,,80405203,20371742,,,,,,1[1],1[1],32[32],32[32],TILE,BFLOAT16,DEV_1_DRAM_INTERLEAVED,1[1],1[1],32[32],32[32],TILE,BFLOAT16,DEV_1_DRAM_INTERLEAVED,1[1],1[1],32[32],32[32],TILE,BFLOAT16,DEV_1_DRAM_INTERLEAVED,,,['ttnn/cpp/ttnn/operations/eltwise/binary_ng/device/kernels/compute/eltwise_binary_no_bcast.cpp'],['eltwise_binary_no_bcast/14288279633599727612/'],['ttnn/cpp/ttnn/operations/eltwise/binary_ng/device/kernels_ng/dataflow/reader_interleaved_no_bcast.cpp'; 'ttnn/cpp/ttnn/operations/eltwise/binary_ng/device/kernels_ng/dataflow/writer_interleaved_no_bcast.cpp'],['reader_interleaved_no_bcast/17691247497470902086/'; 'writer_interleaved_no_bcast/10311599973615775795/'],18417575360683381351,False,1300,1908,1460,672,1372,0,0,0,0,1,1,1,[],[],0.0,,,,,
BinaryNgDeviceOperation,tt_dnn_device,44032,0,,{'binary_op_type': 'BinaryOpType::ADD'; 'compute_kernel_config': 'std::nullopt'; 'dtype': 'DataType::BFLOAT16'; 'input_dtype': 'DataType::BFLOAT16'; 'is_quant_op': 'false'; 'is_sfpu': 'false'; 'is_where_op': 'false'; 'lhs_activations': '{}'; 'memory_config': 'MemoryConfig(memory_layout=TensorMemoryLayout::INTERLEAVED;buffer_type=BufferType::DRAM;shard_spec=std::nullopt;nd_shard_spec=std::nullopt;created_with_nd_shard_spec=0)'; 'post_activations': '{}'; 'rhs_activations': '{}'; 'scalar': 'std::nullopt'; 'sub_core_grids': 'std::nullopt'; 'subtile_broadcast_type': 'SubtileBroadcastType::NONE'; 'worker_grid': '{[(x=0;y=0) - (x=10;y=9)]}'},HiFi4,110,,,3177440193,3177442828,2635,1625547569572,1625548789672,12083305,12083307,903778,903270,903267,748547,902766,849269,541,903211,902812,902830,901153,902287,,88991588,28358534,,3736797,68594353,,,80406980,20305495,,,,,,1[1],1[1],32[32],32[32],TILE,BFLOAT16,DEV_1_DRAM_INTERLEAVED,1[1],1[1],32[32],32[32],TILE,BFLOAT16,DEV_1_DRAM_INTERLEAVED,1[1],1[1],32[32],32[32],TILE,BFLOAT16,DEV_1_DRAM_INTERLEAVED,,,['ttnn/cpp/ttnn/operations/eltwise/binary_ng/device/kernels/compute/eltwise_binary_no_bcast.cpp'],['eltwise_binary_no_bcast/14288279633599727612/'],['ttnn/cpp/ttnn/operations/eltwise/binary_ng/device/kernels_ng/dataflow/reader_interleaved_no_bcast.cpp'; 'ttnn/cpp/ttnn/operations/eltwise/binary_ng/device/kernels_ng/dataflow/writer_interleaved_no_bcast.cpp'],['reader_interleaved_no_bcast/17691247497470902086/'; 'writer_interleaved_no_bcast/10311599973615775795/'],18417575360683381351,False,1300,1908,1460,672,1372,0,0,0,0,1,1,1,[],[],0.0,,,,,
BinaryNgDeviceOperation,tt_dnn_device,45056,0,,{'binary_op_type': 'BinaryOpType::ADD'; 'compute_kernel_config': 'std::nullopt'; 'dtype': 'DataType::BFLOAT16'; 'input_dtype': 'DataType::BFLOAT16'; 'is_quant_op': 'false'; 'is_sfpu': 'false'; 'is_where_op': 'false'; 'lhs_activations': '{}'; 'memory_config': 'MemoryConfig(memory_layout=TensorMemoryLayout::INTERLEAVED;buffer_type=BufferType::DRAM;shard_spec=std::nullopt;nd_shard_spec=std::nullopt;created_with_nd_shard_spec=0)'; 'post_activations': '{}'; 'rhs_activations': '{}'; 'scalar': 'std::nullopt'; 'sub_core_grids': 'std::nullopt'; 'subtile_broadcast_type': 'SubtileBroadcastType::NONE'; 'worker_grid': '{[(x=0;y=0) - (x=10;y=9)]}'},HiFi4,110,,,3190479554,3190481868,2314,1625565172426,1625566400054,12135887,12135928,909354,908841,908801,731648,908509,851798,553,908794,908430,908497,906849,907958,,89276710,28338374,,3737593,68893482,,,80683684,20284530,,,,,,1[1],1[1],32[32],32[32],TILE,BFLOAT16,DEV_1_DRAM_INTERLEAVED,1[1],1[1],32[32],32[32],TILE,BFLOAT16,DEV_1_DRAM_INTERLEAVED,1[1],1[1],32[32],32[32],TILE,BFLOAT16,DEV_1_DRAM_INTERLEAVED,,,['ttnn/cpp/ttnn/operations/eltwise/binary_ng/device/kernels/compute/eltwise_binary_no_bcast.cpp'],['eltwise_binary_no_bcast/14288279633599727612/'],['ttnn/cpp/ttnn/operations/eltwise/binary_ng/device/kernels_ng/dataflow/reader_interleaved_no_bcast.cpp'; 'ttnn/cpp/ttnn/operations/eltwise/binary_ng/device/kernels_ng/dataflow/writer_interleaved_no_bcast.cpp'],['reader_interleaved_no_bcast/17691247497470902086/'; 'writer_interleaved_no_bcast/10311599973615775795/'],18417575360683381351,False,1300,1908,1460,672,1372,0,0,0,0,1,1,1,[],[],0.0,,,,,
BinaryNgDeviceOperation,tt_dnn_device,46080,0,,{'binary_op_type': 'BinaryOpType::ADD'; 'compute_kernel_config': 'std::nullopt'; 'dtype': 'DataType::BFLOAT16'; 'input_dtype': 'DataType::BFLOAT16'; 'is_quant_op': 'false'; 'is_sfpu': 'false'; 'is_where_op': 'false'; 'lhs_activations': '{}'; 'memory_config': 'MemoryConfig(memory_layout=TensorMemoryLayout::INTERLEAVED;buffer_type=BufferType::DRAM;shard_spec=std::nullopt;nd_shard_spec=std::nullopt;created_with_nd_shard_spec=0)'; 'post_activations': '{}'; 'rhs_activations': '{}'; 'scalar': 'std::nullopt'; 'sub_core_grids': 'std::nullopt'; 'subtile_broadcast_type': 'SubtileBroadcastType::NONE'; 'worker_grid': '{[(x=0;y=0) - (x=10;y=9)]}'},HiFi4,110,,,3203418772,3203420565,1793,1625582639698,1625583867666,12029887,12029894,909606,909085,909078,770363,908953,857009,550,909055,908704,908734,907066,908210,,89849763,28411948,,3737962,69393005,,,81256341,20358199,,,,,,1[1],1[1],32[32],32[32],TILE,BFLOAT16,DEV_1_DRAM_INTERLEAVED,1[1],1[1],32[32],32[32],TILE,BFLOAT16,DEV_1_DRAM_INTERLEAVED,1[1],1[1],32[32],32[32],TILE,BFLOAT16,DEV_1_DRAM_INTERLEAVED,,,['ttnn/cpp/ttnn/operations/eltwise/binary_ng/device/kernels/compute/eltwise_binary_no_bcast.cpp'],['eltwise_binary_no_bcast/14288279633599727612/'],['ttnn/cpp/ttnn/operations/eltwise/binary_ng/device/kernels_ng/dataflow/reader_interleaved_no_bcast.cpp'; 'ttnn/cpp/ttnn/operations/eltwise/binary_ng/device/kernels_ng/dataflow/writer_interleaved_no_bcast.cpp'],['reader_interleaved_no_bcast/17691247497470902086/'; 'writer_interleaved_no_bcast/10311599973615775795/'],18417575360683381351,False,1300,1908,1460,672,1372,0,0,0,0,1,1,1,[],[],0.0,,,,,
BinaryNgDeviceOperation,tt_dnn_device,47104,0,,{'binary_op_type': 'BinaryOpType::ADD'; 'compute_kernel_config': 'std::nullopt'; 'dtype': 'DataType::BFLOAT16'; 'input_dtype': 'DataType::BFLOAT16'; 'is_quant_op': 'false'; 'is_sfpu': 'false'; 'is_where_op': 'false'; 'lhs_activations': '{}'; 'memory_config': 'MemoryConfig(memory_layout=TensorMemoryLayout::INTERLEAVED;buffer_type=BufferType::DRAM;shard_spec=std::nullopt;nd_shard_spec=std::nullopt;created_with_nd_shard_spec=0)'; 'post_activations': '{}'; 'rhs_activations': '{}'; 'scalar': 'std::nullopt'; 'sub_core_grids': 'std::nullopt'; 'subtile_broadcast_type': 'SubtileBroadcastType::NONE'; 'worker_grid': '{[(x=0;y=0) - (x=10;y=9)]}'},HiFi4,110,,,3216417464,3216419828,2364,1625600186986,1625601417795,12088905,12088928,911710,911193,911170,753546,910681,853353,547,911153,910783,910839,909170,910314,,89446031,28321482,,3739955,69084444,,,80852713,20264897,,,,,,1[1],1[1],32[32],32[32],TILE,BFLOAT16,DEV_1_DRAM_INTERLEAVED,1[1],1[1],32[32],32[32],TILE,BFLOAT16,DEV_1_DRAM_INTERLEAVED,1[1],1[1],32[32],32[32],TILE,BFLOAT16,DEV_1_DRAM_INTERLEAVED,,,['ttnn/cpp/ttnn/operations/eltwise/binary_ng/device/kernels/compute/eltwise_binary_no_bcast.cpp'],['eltwise_binary_no_bcast/14288279633599727612/'],['ttnn/cpp/ttnn/operations/eltwise/binary_ng/device/kernels_ng/dataflow/reader_interleaved_no_bcast.cpp'; 'ttnn/cpp/ttnn/operations/eltwise/binary_ng/device/kernels_ng/dataflow/writer_interleaved_no_bcast.cpp'],['reader_interleaved_no_bcast/17691247497470902086/'; 'writer_interleaved_no_bcast/10311599973615775795/'],18417575360683381351,False,1300,1908,1460,672,1372,0,0,0,0,1,1,1,[],[],0.0,,,,,
BinaryNgDeviceOperation,tt_dnn_device,48128,0,,{'binary_op_type': 'BinaryOpType::ADD'; 'compute_kernel_config': 'std::nullopt'; 'dtype': 'DataType::BFLOAT16'; 'input_dtype': 'DataType::BFLOAT16'; 'is_quant_op': 'false'; 'is_sfpu': 'false'; 'is_where_op': 'false'; 'lhs_activations': '{}'; 'memory_config': 'MemoryConfig(memory_layout=TensorMemoryLayout::INTERLEAVED;buffer_type=BufferType::DRAM;shard_spec=std::nullopt;nd_shard_spec=std::nullopt;created_with_nd_shard_spec=0)'; 'post_activations': '{}'; 'rhs_activations': '{}'; 'scalar': 'std::nullopt'; 'sub_core_grids': 'std::nullopt'; 'subtile_broadcast_type': 'SubtileBroadcastType::NONE'; 'worker_grid': '{[(x=0;y=0) - (x=10;y=9)]}'},HiFi4,110,,,3229378945,3229380718,1773,1625617685486,1625618920326,12050643,12050660,914696,914190,914173,721392,913670,849714,562,914149,913810,913838,912176,913316,,89044799,28263665,,3741885,68744493,,,80451506,20204149,,,,,,1[1],1[1],32[32],32[32],TILE,BFLOAT16,DEV_1_DRAM_INTERLEAVED,1[1],1[1],32[32],32[32],TILE,BFLOAT16,DEV_1_DRAM_INTERLEAVED,1[1],1[1],32[32],32[32],TILE,BFLOAT16,DEV_1_DRAM_INTERLEAVED,,,['ttnn/cpp/ttnn/operations/eltwise/binary_ng/device/kernels/compute/eltwise_binary_no_bcast.cpp'],['eltwise_binary_no_bcast/14288279633599727612/'],['ttnn/cpp/ttnn/operations/eltwise/binary_ng/device/kernels_ng/dataflow/reader_interleaved_no_bcast.cpp'; 'ttnn/cpp/ttnn/operations/eltwise/binary_ng/device/kernels_ng/dataflow/writer_interleaved_no_bcast.cpp'],['reader_interleaved_no_bcast/17691247497470902086/'; 'writer_interleaved_no_bcast/10311599973615775795/'],18417575360683381351,False,1300,1908,1460,672,1372,0,0,0,0,1,1,1,[],[],0.0,,,,,
BinaryNgDeviceOperation,tt_dnn_device,49152,0,,{'binary_op_type': 'BinaryOpType::ADD'; 'compute_kernel_config': 'std::nullopt'; 'dtype': 'DataType::BFLOAT16'; 'input_dtype': 'DataType::BFLOAT16'; 'is_quant_op': 'false'; 'is_sfpu': 'false'; 'is_where_op': 'false'; 'lhs_activations': '{}'; 'memory_config': 'MemoryConfig(memory_layout=TensorMemoryLayout::INTERLEAVED;buffer_type=BufferType::DRAM;shard_spec=std::nullopt;nd_shard_spec=std::nullopt;created_with_nd_shard_spec=0)'; 'post_activations': '{}'; 'rhs_activations': '{}'; 'scalar': 'std::nullopt'; 'sub_core_grids': 'std::nullopt'; 'subtile_broadcast_type': 'SubtileBroadcastType::NONE'; 'worker_grid': '{[(x=0;y=0) - (x=10;y=9)]}'},HiFi4,110,,,3242349613,3242351497,1884,1625635189049,1625636416173,12051424,12051424,908981,908460,908460,755895,908059,852202,556,908443,908087,908116,906471,907595,,89323081,28363787,,3737725,68913036,,,80729298,20310002,,,,,,1[1],1[1],32[32],32[32],TILE,BFLOAT16,DEV_1_DRAM_INTERLEAVED,1[1],1[1],32[32],32[32],TILE,BFLOAT16,DEV_1_DRAM_INTERLEAVED,1[1],1[1],32[32],32[32],TILE,BFLOAT16,DEV_1_DRAM_INTERLEAVED,,,['ttnn/cpp/ttnn/operations/eltwise/binary_ng/device/kernels/compute/eltwise_binary_no_bcast.cpp'],['eltwise_binary_no_bcast/14288279633599727612/'],['ttnn/cpp/ttnn/operations/eltwise/binary_ng/device/kernels_ng/dataflow/reader_interleaved_no_bcast.cpp'; 'ttnn/cpp/ttnn/operations/eltwise/binary_ng/device/kernels_ng/dataflow/writer_interleaved_no_bcast.cpp'],['reader_interleaved_no_bcast/17691247497470902086/'; 'writer_interleaved_no_bcast/10311599973615775795/'],18417575360683381351,False,1300,1908,1460,672,1372,0,0,0,0,1,1,1,[],[],0.0,,,,,
BinaryNgDeviceOperation,tt_dnn_device,50176,0,,{'binary_op_type': 'BinaryOpType::ADD'; 'compute_kernel_config': 'std::nullopt'; 'dtype': 'DataType::BFLOAT16'; 'input_dtype': 'DataType::BFLOAT16'; 'is_quant_op': 'false'; 'is_sfpu': 'false'; 'is_where_op': 'false'; 'lhs_activations': '{}'; 'memory_config': 'MemoryConfig(memory_layout=TensorMemoryLayout::INTERLEAVED;buffer_type=BufferType::DRAM;shard_spec=std::nullopt;nd_shard_spec=std::nullopt;created_with_nd_shard_spec=0)'; 'post_activations': '{}'; 'rhs_activations': '{}'; 'scalar': 'std::nullopt'; 'sub_core_grids': 'std::nullopt'; 'subtile_broadcast_type': 'SubtileBroadcastType::NONE'; 'worker_grid': '{[(x=0;y=0) - (x=10;y=9)]}'},HiFi4,110,,,3255250197,3255252281,2084,1625652617225,1625653837493,12001302,12001320,903902,903381,903364,757968,902982,849945,550,903342,902991,903042,901364,902518,,89071419,28404364,,3738639,68621401,,,80485772,20353367,,,,,,1[1],1[1],32[32],32[32],TILE,BFLOAT16,DEV_1_DRAM_INTERLEAVED,1[1],1[1],32[32],32[32],TILE,BFLOAT16,DEV_1_DRAM_INTERLEAVED,1[1],1[1],32[32],32[32],TILE,BFLOAT16,DEV_1_DRAM_INTERLEAVED,,,['ttnn/cpp/ttnn/operations/eltwise/binary_ng/device/kernels/compute/eltwise_binary_no_bcast.cpp'],['eltwise_binary_no_bcast/14288279633599727612/'],['ttnn/cpp/ttnn/operations/eltwise/binary_ng/device/kernels_ng/dataflow/reader_interleaved_no_bcast.cpp'; 'ttnn/cpp/ttnn/operations/eltwise/binary_ng/device/kernels_ng/dataflow/writer_interleaved_no_bcast.cpp'],['reader_interleaved_no_bcast/17691247497470902086/'; 'writer_interleaved_no_bcast/10311599973615775795/'],18417575360683381351,False,1300,1908,1460,672,1372,0,0,0,0,1,1,1,[],[],0.0,,,,,
BinaryNgDeviceOperation,tt_dnn_device,51200,0,,{'binary_op_type': 'BinaryOpType::ADD'; 'compute_kernel_config': 'std::nullopt'; 'dtype': 'DataType::BFLOAT16'; 'input_dtype': 'DataType::BFLOAT16'; 'is_quant_op': 'false'; 'is_sfpu': 'false'; 'is_where_op': 'false'; 'lhs_activations': '{}'; 'memory_config': 'MemoryConfig(memory_layout=TensorMemoryLayout::INTERLEAVED;buffer_type=BufferType::DRAM;shard_spec=std::nullopt;nd_shard_spec=std::nullopt;created_with_nd_shard_spec=0)'; 'post_activations': '{}'; 'rhs_activations': '{}'; 'scalar': 'std::nullopt'; 'sub_core_grids': 'std::nullopt'; 'subtile_broadcast_type': 'SubtileBroadcastType::NONE'; 'worker_grid': '{[(x=0;y=0) - (x=10;y=9)]}'},HiFi4,110,,,3268122757,3268125813,3056,1625669994381,1625671221965,11968564,11968602,909321,908826,908787,738291,908307,847018,560,908776,908416,908488,906706,907845,,88752756,28313703,,3737610,68392933,,,80158833,20260130,,,,,,1[1],1[1],32[32],32[32],TILE,BFLOAT16,DEV_1_DRAM_INTERLEAVED,1[1],1[1],32[32],32[32],TILE,BFLOAT16,DEV_1_DRAM_INTERLEAVED,1[1],1[1],32[32],32[32],TILE,BFLOAT16,DEV_1_DRAM_INTERLEAVED,,,['ttnn/cpp/ttnn/operations/eltwise/binary_ng/device/kernels/compute/eltwise_binary_no_bcast.cpp'],['eltwise_binary_no_bcast/14288279633599727612/'],['ttnn/cpp/ttnn/operations/eltwise/binary_ng/device/kernels_ng/dataflow/reader_interleaved_no_bcast.cpp'; 'ttnn/cpp/ttnn/operations/eltwise/binary_ng/device/kernels_ng/dataflow/writer_interleaved_no_bcast.cpp'],['reader_interleaved_no_bcast/17691247497470902086/'; 'writer_interleaved_no_bcast/10311599973615775795/'],18417575360683381351,False,1300,1908,1460,672,1372,0,0,0,0,1,1,1,[],[],0.0,,,,,
BinaryNgDeviceOperation,tt_dnn_device,52224,0,,{'binary_op_type': 'BinaryOpType::ADD'; 'compute_kernel_config': 'std::nullopt'; 'dtype': 'DataType::BFLOAT16'; 'input_dtype': 'DataType::BFLOAT16'; 'is_quant_op': 'false'; 'is_sfpu': 'false'; 'is_where_op': 'false'; 'lhs_activations': '{}'; 'memory_config': 'MemoryConfig(memory_layout=TensorMemoryLayout::INTERLEAVED;buffer_type=BufferType::DRAM;shard_spec=std::nullopt;nd_shard_spec=std::nullopt;created_with_nd_shard_spec=0)'; 'post_activations': '{}'; 'rhs_activations': '{}'; 'scalar': 'std::nullopt'; 'sub_core_grids': 'std::nullopt'; 'subtile_broadcast_type': 'SubtileBroadcastType::NONE'; 'worker_grid': '{[(x=0;y=0) - (x=10;y=9)]}'},HiFi4,110,,,3281098074,3281100980,2906,1625687503664,1625688727430,12061036,12061041,906493,905973,905967,739971,905456,851912,547,905939,905589,905628,903977,905103,,89289171,28448907,,3737839,68792984,,,80695920,20397657,,,,,,1[1],1[1],32[32],32[32],TILE,BFLOAT16,DEV_1_DRAM_INTERLEAVED,1[1],1[1],32[32],32[32],TILE,BFLOAT16,DEV_1_DRAM_INTERLEAVED,1[1],1[1],32[32],32[32],TILE,BFLOAT16,DEV_1_DRAM_INTERLEAVED,,,['ttnn/cpp/ttnn/operations/eltwise/binary_ng/device/kernels/compute/eltwise_binary_no_bcast.cpp'],['eltwise_binary_no_bcast/14288279633599727612/'],['ttnn/cpp/ttnn/operations/eltwise/binary_ng/device/kernels_ng/dataflow/reader_interleaved_no_bcast.cpp'; 'ttnn/cpp/ttnn/operations/eltwise/binary_ng/device/kernels_ng/dataflow/writer_interleaved_no_bcast.cpp'],['reader_interleaved_no_bcast/17691247497470902086/'; 'writer_interleaved_no_bcast/10311599973615775795/'],18417575360683381351,False,1300,1908,1460,672,1372,0,0,0,0,1,1,1,[],[],0.0,,,,,
BinaryNgDeviceOperation,tt_dnn_device,53248,0,,{'binary_op_type': 'BinaryOpType::ADD'; 'compute_kernel_config': 'std::nullopt'; 'dtype': 'DataType::BFLOAT16'; 'input_dtype': 'DataType::BFLOAT16'; 'is_quant_op': 'false'; 'is_sfpu': 'false'; 'is_where_op': 'false'; 'lhs_activations': '{}'; 'memory_config': 'MemoryConfig(memory_layout=TensorMemoryLayout::INTERLEAVED;buffer_type=BufferType::DRAM;shard_spec=std::nullopt;nd_shard_spec=std::nullopt;created_with_nd_shard_spec=0)'; 'post_activations': '{}'; 'rhs_activations': '{}'; 'scalar': 'std::nullopt'; 'sub_core_grids': 'std::nullopt'; 'subtile_broadcast_type': 'SubtileBroadcastType::NONE'; 'worker_grid': '{[(x=0;y=0) - (x=10;y=9)]}'},HiFi4,110,,,3294039907,3294042753,2846,1625704976554,1625706212655,12036906,12036907,915630,915101,915100,769240,914584,859953,556,915047,914725,914740,912986,914206,,90174873,28370104,,3737443,69755618,,,81580813,20316112,,,,,,1[1],1[1],32[32],32[32],TILE,BFLOAT16,DEV_1_DRAM_INTERLEAVED,1[1],1[1],32[32],32[32],TILE,BFLOAT16,DEV_1_DRAM_INTERLEAVED,1[1],1[1],32[32],32[32],TILE,BFLOAT16,DEV_1_DRAM_INTERLEAVED,,,['ttnn/cpp/ttnn/operations/eltwise/binary_ng/device/kernels/compute/eltwise_binary_no_bcast.cpp'],['eltwise_binary_no_bcast/14288279633599727612/'],['ttnn/cpp/ttnn/operations/eltwise/binary_ng/device/kernels_ng/dataflow/reader_interleaved_no_bcast.cpp'; 'ttnn/cpp/ttnn/operations/eltwise/binary_ng/device/kernels_ng/dataflow/writer_interleaved_no_bcast.cpp'],['reader_interleaved_no_bcast/17691247497470902086/'; 'writer_interleaved_no_bcast/10311599973615775795/'],18417575360683381351,False,1300,1908,1460,672,1372,0,0,0,0,1,1,1,[],[],0.0,,,,,
BinaryNgDeviceOperation,tt_dnn_device,54272,0,,{'binary_op_type': 'BinaryOpType::ADD'; 'compute_kernel_config': 'std::nullopt'; 'dtype': 'DataType::BFLOAT16'; 'input_dtype': 'DataType::BFLOAT16'; 'is_quant_op': 'false'; 'is_sfpu': 'false'; 'is_where_op': 'false'; 'lhs_activations': '{}'; 'memory_config': 'MemoryConfig(memory_layout=TensorMemoryLayout::INTERLEAVED;buffer_type=BufferType::DRAM;shard_spec=std::nullopt;nd_shard_spec=std::nullopt;created_with_nd_shard_spec=0)'; 'post_activations': '{}'; 'rhs_activations': '{}'; 'scalar': 'std::nullopt'; 'sub_core_grids': 'std::nullopt'; 'subtile_broadcast_type': 'SubtileBroadcastType::NONE'; 'worker_grid': '{[(x=0;y=0) - (x=10;y=9)]}'},HiFi4,110,,,3306863012,3306865086,2074,1625722287527,1625723519526,11907847,11907847,912592,912070,912070,729721,911550,851461,547,912016,911697,911731,910049,911187,,89233689,28287170,,3737286,68907306,,,80648286,20233794,,,,,,1[1],1[1],32[32],32[32],TILE,BFLOAT16,DEV_1_DRAM_INTERLEAVED,1[1],1[1],32[32],32[32],TILE,BFLOAT16,DEV_1_DRAM_INTERLEAVED,1[1],1[1],32[32],32[32],TILE,BFLOAT16,DEV_1_DRAM_INTERLEAVED,,,['ttnn/cpp/ttnn/operations/eltwise/binary_ng/device/kernels/compute/eltwise_binary_no_bcast.cpp'],['eltwise_binary_no_bcast/14288279633599727612/'],['ttnn/cpp/ttnn/operations/eltwise/binary_ng/device/kernels_ng/dataflow/reader_interleaved_no_bcast.cpp'; 'ttnn/cpp/ttnn/operations/eltwise/binary_ng/device/kernels_ng/dataflow/writer_interleaved_no_bcast.cpp'],['reader_interleaved_no_bcast/17691247497470902086/'; 'writer_interleaved_no_bcast/10311599973615775795/'],18417575360683381351,False,1300,1908,1460,672,1372,0,0,0,0,1,1,1,[],[],0.0,,,,,
BinaryNgDeviceOperation,tt_dnn_device,55296,0,,{'binary_op_type': 'BinaryOpType::ADD'; 'compute_kernel_config': 'std::nullopt'; 'dtype': 'DataType::BFLOAT16'; 'input_dtype': 'DataType::BFLOAT16'; 'is_quant_op': 'false'; 'is_sfpu': 'false'; 'is_where_op': 'false'; 'lhs_activations': '{}'; 'memory_config': 'MemoryConfig(memory_layout=TensorMemoryLayout::INTERLEAVED;buffer_type=BufferType::DRAM;shard_spec=std::nullopt;nd_shard_spec=std::nullopt;created_with_nd_shard_spec=0)'; 'post_activations': '{}'; 'rhs_activations': '{}'; 'scalar': 'std::nullopt'; 'sub_core_grids': 'std::nullopt'; 'subtile_broadcast_type': 'SubtileBroadcastType::NONE'; 'worker_grid': '{[(x=0;y=0) - (x=10;y=9)]}'},HiFi4,110,,,3319740501,3319742686,2185,1625739670977,1625740905560,11964567,11964574,914506,913973,913967,721592,913650,851169,544,913942,913590,913607,911944,913085,,89208015,28175313,,3737702,68989404,,,80614621,20119924,,,,,,1[1],1[1],32[32],32[32],TILE,BFLOAT16,DEV_1_DRAM_INTERLEAVED,1[1],1[1],32[32],32[32],TILE,BFLOAT16,DEV_1_DRAM_INTERLEAVED,1[1],1[1],32[32],32[32],TILE,BFLOAT16,DEV_1_DRAM_INTERLEAVED,,,['ttnn/cpp/ttnn/operations/eltwise/binary_ng/device/kernels/compute/eltwise_binary_no_bcast.cpp'],['eltwise_binary_no_bcast/14288279633599727612/'],['ttnn/cpp/ttnn/operations/eltwise/binary_ng/device/kernels_ng/dataflow/reader_interleaved_no_bcast.cpp'; 'ttnn/cpp/ttnn/operations/eltwise/binary_ng/device/kernels_ng/dataflow/writer_interleaved_no_bcast.cpp'],['reader_interleaved_no_bcast/17691247497470902086/'; 'writer_interleaved_no_bcast/10311599973615775795/'],18417575360683381351,False,1300,1908,1460,672,1372,0,0,0,0,1,1,1,[],[],0.0,,,,,
BinaryNgDeviceOperation,tt_dnn_device,56320,0,,{'binary_op_type': 'BinaryOpType::ADD'; 'compute_kernel_config': 'std::nullopt'; 'dtype': 'DataType::BFLOAT16'; 'input_dtype': 'DataType::BFLOAT16'; 'is_quant_op': 'false'; 'is_sfpu': 'false'; 'is_where_op': 'false'; 'lhs_activations': '{}'; 'memory_config': 'MemoryConfig(memory_layout=TensorMemoryLayout::INTERLEAVED;buffer_type=BufferType::DRAM;shard_spec=std::nullopt;nd_shard_spec=std::nullopt;created_with_nd_shard_spec=0)'; 'post_activations': '{}'; 'rhs_activations': '{}'; 'scalar': 'std::nullopt'; 'sub_core_grids': 'std::nullopt'; 'subtile_broadcast_type': 'SubtileBroadcastType::NONE'; 'worker_grid': '{[(x=0;y=0) - (x=10;y=9)]}'},HiFi4,110,,,3332547004,3332549189,2185,1625756960623,1625758183731,11893153,11893172,906006,905496,905477,750830,905136,852767,554,905447,905111,905144,903458,904611,,89383123,28335949,,3737900,69003355,,,80789611,20281199,,,,,,1[1],1[1],32[32],32[32],TILE,BFLOAT16,DEV_1_DRAM_INTERLEAVED,1[1],1[1],32[32],32[32],TILE,BFLOAT16,DEV_1_DRAM_INTERLEAVED,1[1],1[1],32[32],32[32],TILE,BFLOAT16,DEV_1_DRAM_INTERLEAVED,,,['ttnn/cpp/ttnn/operations/eltwise/binary_ng/device/kernels/compute/eltwise_binary_no_bcast.cpp'],['eltwise_binary_no_bcast/14288279633599727612/'],['ttnn/cpp/ttnn/operations/eltwise/binary_ng/device/kernels_ng/dataflow/reader_interleaved_no_bcast.cpp'; 'ttnn/cpp/ttnn/operations/eltwise/binary_ng/device/kernels_ng/dataflow/writer_interleaved_no_bcast.cpp'],['reader_interleaved_no_bcast/17691247497470902086/'; 'writer_interleaved_no_bcast/10311599973615775795/'],18417575360683381351,False,1300,1908,1460,672,1372,0,0,0,0,1,1,1,[],[],0.0,,,,,
BinaryNgDeviceOperation,tt_dnn_device,57344,0,,{'binary_op_type': 'BinaryOpType::ADD'; 'compute_kernel_config': 'std::nullopt'; 'dtype': 'DataType::BFLOAT16'; 'input_dtype': 'DataType::BFLOAT16'; 'is_quant_op': 'false'; 'is_sfpu': 'false'; 'is_where_op': 'false'; 'lhs_activations': '{}'; 'memory_config': 'MemoryConfig(memory_layout=TensorMemoryLayout::INTERLEAVED;buffer_type=BufferType::DRAM;shard_spec=std::nullopt;nd_shard_spec=std::nullopt;created_with_nd_shard_spec=0)'; 'post_activations': '{}'; 'rhs_activations': '{}'; 'scalar': 'std::nullopt'; 'sub_core_grids': 'std::nullopt'; 'subtile_broadcast_type': 'SubtileBroadcastType::NONE'; 'worker_grid': '{[(x=0;y=0) - (x=10;y=9)]}'},HiFi4,110,,,3345402652,3345404395,1743,1625774315939,1625775545396,11950288,11950293,910709,910206,910201,706015,909876,848687,556,910184,909821,909850,908191,909341,,88935488,28406886,,3737907,68483678,,,80341716,20352056,,,,,,1[1],1[1],32[32],32[32],TILE,BFLOAT16,DEV_1_DRAM_INTERLEAVED,1[1],1[1],32[32],32[32],TILE,BFLOAT16,DEV_1_DRAM_INTERLEAVED,1[1],1[1],32[32],32[32],TILE,BFLOAT16,DEV_1_DRAM_INTERLEAVED,,,['ttnn/cpp/ttnn/operations/eltwise/binary_ng/device/kernels/compute/eltwise_binary_no_bcast.cpp'],['eltwise_binary_no_bcast/14288279633599727612/'],['ttnn/cpp/ttnn/operations/eltwise/binary_ng/device/kernels_ng/dataflow/reader_interleaved_no_bcast.cpp'; 'ttnn/cpp/ttnn/operations/eltwise/binary_ng/device/kernels_ng/dataflow/writer_interleaved_no_bcast.cpp'],['reader_interleaved_no_bcast/17691247497470902086/'; 'writer_interleaved_no_bcast/10311599973615775795/'],18417575360683381351,False,1300,1908,1460,672,1372,0,0,0,0,1,1,1,[],[],0.0,,,,,
BinaryNgDeviceOperation,tt_dnn_device,58368,0,,{'binary_op_type': 'BinaryOpType::ADD'; 'compute_kernel_config': 'std::nullopt'; 'dtype': 'DataType::BFLOAT16'; 'input_dtype': 'DataType::BFLOAT16'; 'is_quant_op': 'false'; 'is_sfpu': 'false'; 'is_where_op': 'false'; 'lhs_activations': '{}'; 'memory_config': 'MemoryConfig(memory_layout=TensorMemoryLayout::INTERLEAVED;buffer_type=BufferType::DRAM;shard_spec=std::nullopt;nd_shard_spec=std::nullopt;created_with_nd_shard_spec=0)'; 'post_activations': '{}'; 'rhs_activations': '{}'; 'scalar': 'std::nullopt'; 'sub_core_grids': 'std::nullopt'; 'subtile_broadcast_type': 'SubtileBroadcastType::NONE'; 'worker_grid': '{[(x=0;y=0) - (x=10;y=9)]}'},HiFi4,110,,,3358247348,3358249092,1744,1625791655242,1625792878965,11933744,11933775,906461,905934,905904,747383,905424,850430,548,905897,905528,905576,903913,905047,,89125616,28495711,,3739593,68588941,,,80532581,20438536,,,,,,1[1],1[1],32[32],32[32],TILE,BFLOAT16,DEV_1_DRAM_INTERLEAVED,1[1],1[1],32[32],32[32],TILE,BFLOAT16,DEV_1_DRAM_INTERLEAVED,1[1],1[1],32[32],32[32],TILE,BFLOAT16,DEV_1_DRAM_INTERLEAVED,,,['ttnn/cpp/ttnn/operations/eltwise/binary_ng/device/kernels/compute/eltwise_binary_no_bcast.cpp'],['eltwise_binary_no_bcast/14288279633599727612/'],['ttnn/cpp/ttnn/operations/eltwise/binary_ng/device/kernels_ng/dataflow/reader_interleaved_no_bcast.cpp'; 'ttnn/cpp/ttnn/operations/eltwise/binary_ng/device/kernels_ng/dataflow/writer_interleaved_no_bcast.cpp'],['reader_interleaved_no_bcast/17691247497470902086/'; 'writer_interleaved_no_bcast/10311599973615775795/'],18417575360683381351,False,1300,1908,1460,672,1372,0,0,0,0,1,1,1,[],[],0.0,,,,,
BinaryNgDeviceOperation,tt_dnn_device,59392,0,,{'binary_op_type': 'BinaryOpType::ADD'; 'compute_kernel_config': 'std::nullopt'; 'dtype': 'DataType::BFLOAT16'; 'input_dtype': 'DataType::BFLOAT16'; 'is_quant_op': 'false'; 'is_sfpu': 'false'; 'is_where_op': 'false'; 'lhs_activations': '{}'; 'memory_config': 'MemoryConfig(memory_layout=TensorMemoryLayout::INTERLEAVED;buffer_type=BufferType::DRAM;shard_spec=std::nullopt;nd_shard_spec=std::nullopt;created_with_nd_shard_spec=0)'; 'post_activations': '{}'; 'rhs_activations': '{}'; 'scalar': 'std::nullopt'; 'sub_core_grids': 'std::nullopt'; 'subtile_broadcast_type': 'SubtileBroadcastType::NONE'; 'worker_grid': '{[(x=0;y=0) - (x=10;y=9)]}'},HiFi4,110,,,3371129777,3371131601,1824,1625809047049,1625810278125,11976879,11976879,911908,911383,911383,736926,910865,852302,554,911376,911010,911033,909324,910512,,89332814,28301796,,3737430,68985578,,,80739462,20249346,,,,,,1[1],1[1],32[32],32[32],TILE,BFLOAT16,DEV_1_DRAM_INTERLEAVED,1[1],1[1],32[32],32[32],TILE,BFLOAT16,DEV_1_DRAM_INTERLEAVED,1[1],1[1],32[32],32[32],TILE,BFLOAT16,DEV_1_DRAM_INTERLEAVED,,,['ttnn/cpp/ttnn/operations/eltwise/binary_ng/device/kernels/compute/eltwise_binary_no_bcast.cpp'],['eltwise_binary_no_bcast/14288279633599727612/'],['ttnn/cpp/ttnn/operations/eltwise/binary_ng/device/kernels_ng/dataflow/reader_interleaved_no_bcast.cpp'; 'ttnn/cpp/ttnn/operations/eltwise/binary_ng/device/kernels_ng/dataflow/writer_interleaved_no_bcast.cpp'],['reader_interleaved_no_bcast/17691247497470902086/'; 'writer_interleaved_no_bcast/10311599973615775795/'],18417575360683381351,False,1300,1908,1460,672,1372,0,0,0,0,1,1,1,[],[],0.0,,,,,
BinaryNgDeviceOperation,tt_dnn_device,60416,0,,{'binary_op_type': 'BinaryOpType::ADD'; 'compute_kernel_config': 'std::nullopt'; 'dtype': 'DataType::BFLOAT16'; 'input_dtype': 'DataType::BFLOAT16'; 'is_quant_op': 'false'; 'is_sfpu': 'false'; 'is_where_op': 'false'; 'lhs_activations': '{}'; 'memory_config': 'MemoryConfig(memory_layout=TensorMemoryLayout::INTERLEAVED;buffer_type=BufferType::DRAM;shard_spec=std::nullopt;nd_shard_spec=std::nullopt;created_with_nd_shard_spec=0)'; 'post_activations': '{}'; 'rhs_activations': '{}'; 'scalar': 'std::nullopt'; 'sub_core_grids': 'std::nullopt'; 'subtile_broadcast_type': 'SubtileBroadcastType::NONE'; 'worker_grid': '{[(x=0;y=0) - (x=10;y=9)]}'},HiFi4,110,,,3383922283,3383924317,2034,1625826322122,1625827550114,11884963,11884975,909624,909105,909093,699041,908834,847905,551,909059,908721,908753,907116,908248,,88848677,28232013,,3737601,68573565,,,80255031,20177593,,,,,,1[1],1[1],32[32],32[32],TILE,BFLOAT16,DEV_1_DRAM_INTERLEAVED,1[1],1[1],32[32],32[32],TILE,BFLOAT16,DEV_1_DRAM_INTERLEAVED,1[1],1[1],32[32],32[32],TILE,BFLOAT16,DEV_1_DRAM_INTERLEAVED,,,['ttnn/cpp/ttnn/operations/eltwise/binary_ng/device/kernels/compute/eltwise_binary_no_bcast.cpp'],['eltwise_binary_no_bcast/14288279633599727612/'],['ttnn/cpp/ttnn/operations/eltwise/binary_ng/device/kernels_ng/dataflow/reader_interleaved_no_bcast.cpp'; 'ttnn/cpp/ttnn/operations/eltwise/binary_ng/device/kernels_ng/dataflow/writer_interleaved_no_bcast.cpp'],['reader_interleaved_no_bcast/17691247497470902086/'; 'writer_interleaved_no_bcast/10311599973615775795/'],18417575360683381351,False,1300,1908,1460,672,1372,0,0,0,0,1,1,1,[],[],0.0,,,,,
BinaryNgDeviceOperation,tt_dnn_device,61440,0,,{'binary_op_type': 'BinaryOpType::ADD'; 'compute_kernel_config': 'std::nullopt'; 'dtype': 'DataType::BFLOAT16'; 'input_dtype': 'DataType::BFLOAT16'; 'is_quant_op': 'false'; 'is_sfpu': 'false'; 'is_where_op': 'false'; 'lhs_activations': '{}'; 'memory_config': 'MemoryConfig(memory_layout=TensorMemoryLayout::INTERLEAVED;buffer_type=BufferType::DRAM;shard_spec=std::nullopt;nd_shard_spec=std::nullopt;created_with_nd_shard_spec=0)'; 'post_activations': '{}'; 'rhs_activations': '{}'; 'scalar': 'std::nullopt'; 'sub_core_grids': 'std::nullopt'; 'subtile_broadcast_type': 'SubtileBroadcastType::NONE'; 'worker_grid': '{[(x=0;y=0) - (x=10;y=9)]}'},HiFi4,110,,,3396817306,3396819791,2485,1625843728574,1625844956858,11984561,11984561,909840,909327,909326,745602,908924,850961,557,909286,908955,908981,907316,908464,,89186208,28410116,,3737898,68730090,,,80591960,20356370,,,,,,1[1],1[1],32[32],32[32],TILE,BFLOAT16,DEV_1_DRAM_INTERLEAVED,1[1],1[1],32[32],32[32],TILE,BFLOAT16,DEV_1_DRAM_INTERLEAVED,1[1],1[1],32[32],32[32],TILE,BFLOAT16,DEV_1_DRAM_INTERLEAVED,,,['ttnn/cpp/ttnn/operations/eltwise/binary_ng/device/kernels/compute/eltwise_binary_no_bcast.cpp'],['eltwise_binary_no_bcast/14288279633599727612/'],['ttnn/cpp/ttnn/operations/eltwise/binary_ng/device/kernels_ng/dataflow/reader_interleaved_no_bcast.cpp'; 'ttnn/cpp/ttnn/operations/eltwise/binary_ng/device/kernels_ng/dataflow/writer_interleaved_no_bcast.cpp'],['reader_interleaved_no_bcast/17691247497470902086/'; 'writer_interleaved_no_bcast/10311599973615775795/'],18417575360683381351,False,1300,1908,1460,672,1372,0,0,0,0,1,1,1,[],[],0.0,,,,,
UnaryDeviceOperation,tt_dnn_device,62464,0,,{'bfp8_pack_precise': 'false'; 'fp32_dest_acc_en': 'false'; 'op_chain': '{BasicUnaryWithParam<float; int; unsigned int>(base=BasicUnaryWithParam<float>(op_type=UnaryOpType::EXP;param={0}))}'; 'output_dtype': 'DataType::BFLOAT16'; 'output_memory_config': 'MemoryConfig(memory_layout=TensorMemoryLayout::INTERLEAVED;buffer_type=BufferType::DRAM;shard_spec=std::nullopt;nd_shard_spec=std::nullopt;created_with_nd_shard_spec=0)'; 'preserve_fp32_precision': 'false'; 'sub_core_grids': 'std::nullopt'},HiFi4,1,,,3540589071,3540596486,7415,1626037796440,1626037799607,142844596,142844642,2346,1881,1836,1881,1881,1881,91,1790,547,629,1493,219,,416,20,,21,1393,,,358,204,,,,,,1[1],1[1],32[32],32[32],TILE,BFLOAT16,DEV_1_DRAM_INTERLEAVED,,,,,,,,1[1],1[1],32[32],32[32],TILE,BFLOAT16,DEV_1_DRAM_INTERLEAVED,,,['ttnn/cpp/ttnn/operations/eltwise/unary/device/kernels/compute//eltwise_sfpu.cpp'],['eltwise_sfpu/10029552010278408165/'],['ttnn/cpp/ttnn/operations/eltwise/unary/device/kernels/dataflow/writer_unary_interleaved_start_id.cpp'; 'ttnn/cpp/ttnn/operations/eltwise/unary/device/kernels/dataflow/reader_unary_interleaved_start_id.cpp'],['writer_unary_interleaved_start_id/4894176828902453217/'; 'reader_unary_interleaved_start_id/1030765248970988015/'],6951186318373350250,False,1160,1076,1128,828,1180,0,0,0,0,1,1,1,[],[],0.053,,,,,
UnaryDeviceOperation,tt_dnn_device,63488,0,,{'bfp8_pack_precise': 'false'; 'fp32_dest_acc_en': 'false'; 'op_chain': '{BasicUnaryWithParam<float; int; unsigned int>(base=BasicUnaryWithParam<float>(op_type=UnaryOpType::EXP;param={0}))}'; 'output_dtype': 'DataType::BFLOAT16'; 'output_memory_config': 'MemoryConfig(memory_layout=TensorMemoryLayout::INTERLEAVED;buffer_type=BufferType::DRAM;shard_spec=std::nullopt;nd_shard_spec=std::nullopt;created_with_nd_shard_spec=0)'; 'preserve_fp32_precision': 'false'; 'sub_core_grids': 'std::nullopt'},HiFi4,1,,,3540608128,3540609110,982,1626037836105,1626037839238,27509,27540,2321,1847,1816,1847,1847,1847,86,1761,536,599,1469,234,,383,19,,21,1361,,,359,207,,,,,,1[1],1[1],32[32],32[32],TILE,BFLOAT16,DEV_1_DRAM_INTERLEAVED,,,,,,,,1[1],1[1],32[32],32[32],TILE,BFLOAT16,DEV_1_DRAM_INTERLEAVED,,,['ttnn/cpp/ttnn/operations/eltwise/unary/device/kernels/compute//eltwise_sfpu.cpp'],['eltwise_sfpu/10029552010278408165/'],['ttnn/cpp/ttnn/operations/eltwise/unary/device/kernels/dataflow/writer_unary_interleaved_start_id.cpp'; 'ttnn/cpp/ttnn/operations/eltwise/unary/device/kernels/dataflow/reader_unary_interleaved_start_id.cpp'],['writer_unary_interleaved_start_id/4894176828902453217/'; 'reader_unary_interleaved_start_id/1030765248970988015/'],6951186318373350250,False,1160,1076,1128,828,1180,0,0,0,0,1,1,1,[],[],0.054,,,,,
UnaryDeviceOperation,tt_dnn_device,64512,0,,{'bfp8_pack_precise': 'false'; 'fp32_dest_acc_en': 'false'; 'op_chain': '{BasicUnaryWithParam<float; int; unsigned int>(base=BasicUnaryWithParam<float>(op_type=UnaryOpType::EXP;param={0}))}'; 'output_dtype': 'DataType::BFLOAT16'; 'output_memory_config': 'MemoryConfig(memory_layout=TensorMemoryLayout::INTERLEAVED;buffer_type=BufferType::DRAM;shard_spec=std::nullopt;nd_shard_spec=std::nullopt;created_with_nd_shard_spec=0)'; 'preserve_fp32_precision': 'false'; 'sub_core_grids': 'std::nullopt'},HiFi4,1,,,3540616845,3540617346,501,1626037848644,1626037851781,7462,7474,2324,1829,1817,1829,1829,1829,93,1736,538,599,1447,236,,383,20,,21,1343,,,351,204,,,,,,1[1],1[1],32[32],32[32],TILE,BFLOAT16,DEV_1_DRAM_INTERLEAVED,,,,,,,,1[1],1[1],32[32],32[32],TILE,BFLOAT16,DEV_1_DRAM_INTERLEAVED,,,['ttnn/cpp/ttnn/operations/eltwise/unary/device/kernels/compute//eltwise_sfpu.cpp'],['eltwise_sfpu/10029552010278408165/'],['ttnn/cpp/ttnn/operations/eltwise/unary/device/kernels/dataflow/writer_unary_interleaved_start_id.cpp'; 'ttnn/cpp/ttnn/operations/eltwise/unary/device/kernels/dataflow/reader_unary_interleaved_start_id.cpp'],['writer_unary_interleaved_start_id/4894176828902453217/'; 'reader_unary_interleaved_start_id/1030765248970988015/'],6951186318373350250,False,1160,1076,1128,828,1180,0,0,0,0,1,1,1,[],[],0.055,,,,,
UnaryDeviceOperation,tt_dnn_device,65536,0,,{'bfp8_pack_precise': 'false'; 'fp32_dest_acc_en': 'false'; 'op_chain': '{BasicUnaryWithParam<float; int; unsigned int>(base=BasicUnaryWithParam<float>(op_type=UnaryOpType::EXP;param={0}))}'; 'output_dtype': 'DataType::BFLOAT16'; 'output_memory_config': 'MemoryConfig(memory_layout=TensorMemoryLayout::INTERLEAVED;buffer_type=BufferType::DRAM;shard_spec=std::nullopt;nd_shard_spec=std::nullopt;created_with_nd_shard_spec=0)'; 'preserve_fp32_precision': 'false'; 'sub_core_grids': 'std::nullopt'},HiFi4,1,,,3590651779,3590659413,7634,1626105373602,1626105376760,50016658,50016684,2339,1845,1819,1845,1845,1845,50,1795,534,632,1455,269,,394,21,,21,1404,,,350,198,,,,,,1[1],1[1],32[32],32[32],TILE,BFLOAT16,DEV_1_DRAM_INTERLEAVED,,,,,,,,1[1],1[1],32[32],32[32],TILE,BFLOAT16,DEV_1_DRAM_INTERLEAVED,,,['ttnn/cpp/ttnn/operations/eltwise/unary/device/kernels/compute//eltwise_sfpu.cpp'],['eltwise_sfpu/10029552010278408165/'],['ttnn/cpp/ttnn/operations/eltwise/unary/device/kernels/dataflow/writer_unary_interleaved_start_id.cpp'; 'ttnn/cpp/ttnn/operations/eltwise/unary/device/kernels/dataflow/reader_unary_interleaved_start_id.cpp'],['writer_unary_interleaved_start_id/4894176828902453217/'; 'reader_unary_interleaved_start_id/1030765248970988015/'],6951186318373350250,False,1160,1076,1128,828,1180,0,0,0,0,1,1,1,[],[],0.054,,,,,
UnaryDeviceOperation,tt_dnn_device,66560,0,,{'bfp8_pack_precise': 'false'; 'fp32_dest_acc_en': 'false'; 'op_chain': '{BasicUnaryWithParam<float; int; unsigned int>(base=BasicUnaryWithParam<float>(op_type=UnaryOpType::EXP;param={0}))}'; 'output_dtype': 'DataType::BFLOAT16'; 'output_memory_config': 'MemoryConfig(memory_layout=TensorMemoryLayout::INTERLEAVED;buffer_type=BufferType::DRAM;shard_spec=std::nullopt;nd_shard_spec=std::nullopt;created_with_nd_shard_spec=0)'; 'preserve_fp32_precision': 'false'; 'sub_core_grids': 'std::nullopt'},HiFi4,1,,,3590676667,3590677468,801,1626105427696,1626105430845,38206,38249,2333,1864,1821,1864,1864,1864,70,1795,537,625,1478,223,,415,16,,21,1397,,,355,204,,,,,,1[1],1[1],32[32],32[32],TILE,BFLOAT16,DEV_1_DRAM_INTERLEAVED,,,,,,,,1[1],1[1],32[32],32[32],TILE,BFLOAT16,DEV_1_DRAM_INTERLEAVED,,,['ttnn/cpp/ttnn/operations/eltwise/unary/device/kernels/compute//eltwise_sfpu.cpp'],['eltwise_sfpu/10029552010278408165/'],['ttnn/cpp/ttnn/operations/eltwise/unary/device/kernels/dataflow/writer_unary_interleaved_start_id.cpp'; 'ttnn/cpp/ttnn/operations/eltwise/unary/device/kernels/dataflow/reader_unary_interleaved_start_id.cpp'],['writer_unary_interleaved_start_id/4894176828902453217/'; 'reader_unary_interleaved_start_id/1030765248970988015/'],6951186318373350250,False,1160,1076,1128,828,1180,0,0,0,0,1,1,1,[],[],0.054,,,,,
UnaryDeviceOperation,tt_dnn_device,67584,0,,{'bfp8_pack_precise': 'false'; 'fp32_dest_acc_en': 'false'; 'op_chain': '{BasicUnaryWithParam<float; int; unsigned int>(base=BasicUnaryWithParam<float>(op_type=UnaryOpType::EXP;param={0}))}'; 'output_dtype': 'DataType::BFLOAT16'; 'output_memory_config': 'MemoryConfig(memory_layout=TensorMemoryLayout::INTERLEAVED;buffer_type=BufferType::DRAM;shard_spec=std::nullopt;nd_shard_spec=std::nullopt;created_with_nd_shard_spec=0)'; 'preserve_fp32_precision': 'false'; 'sub_core_grids': 'std::nullopt'},HiFi4,1,,,3590685203,3590685764,561,1626105439836,1626105443059,7156,7168,2387,1883,1871,1883,1883,1883,56,1827,581,652,1490,238,,436,24,,21,1430,,,386,204,,,,,,1[1],1[1],32[32],32[32],TILE,BFLOAT16,DEV_1_DRAM_INTERLEAVED,,,,,,,,1[1],1[1],32[32],32[32],TILE,BFLOAT16,DEV_1_DRAM_INTERLEAVED,,,['ttnn/cpp/ttnn/operations/eltwise/unary/device/kernels/compute//eltwise_sfpu.cpp'],['eltwise_sfpu/10029552010278408165/'],['ttnn/cpp/ttnn/operations/eltwise/unary/device/kernels/dataflow/writer_unary_interleaved_start_id.cpp'; 'ttnn/cpp/ttnn/operations/eltwise/unary/device/kernels/dataflow/reader_unary_interleaved_start_id.cpp'],['writer_unary_interleaved_start_id/4894176828902453217/'; 'reader_unary_interleaved_start_id/1030765248970988015/'],6951186318373350250,False,1160,1076,1128,828,1180,0,0,0,0,1,1,1,[],[],0.053,,,,,
MatmulDeviceOperation,tt_dnn_device,68608,0,,{'bcast_batch': 'true'; 'compute_kernel_config': 'ComputeKernelConfig(math_fidelity=HiFi4;math_approx_mode=1;fp32_dest_acc_en=0;packer_l1_acc=0;dst_full_sync_en=0;throttle_level=ThrottleLevel::NO_THROTTLE)'; 'global_cb': 'std::nullopt'; 'output_dtype': 'DataType::BFLOAT16'; 'output_mem_config': 'MemoryConfig(memory_layout=TensorMemoryLayout::INTERLEAVED;buffer_type=BufferType::DRAM;shard_spec=std::nullopt;nd_shard_spec=std::nullopt;created_with_nd_shard_spec=0)'; 'output_tile': 'Tile(tile_shape={32; 32};face_shape={16; 16};num_faces=4)'; 'program_config': 'MatmulMultiCoreReuseMultiCastProgramConfig(compute_with_storage_grid_size=(x=11;y=10);in0_block_w=1;out_subblock_h=7;out_subblock_w=1;out_block_h=7;out_block_w=6;per_core_M=7;per_core_N=6;transpose_mcast=0;fused_activation=std::nullopt;fuse_batch=0)'; 'sub_device_id': 'std::nullopt'; 'transpose_a': 'false'; 'transpose_b': 'false'; 'untilize_out': 'false'; 'user_core_coord': 'std::nullopt'; 'user_fused_activation': 'std::nullopt'; 'user_run_batched': 'false'},HiFi4,110,,,3590773953,3590776148,2195,1626105569298,1626105900422,95347,95354,245277,243439,243432,208132,242968,223127,562,243420,206384,210196,210150,210611,,1105866,1371705,15374765,10009327,346461,,325303,711394,577016,1279,6009739,11089481,,,1[1],1[1],2048[2048],2048[2048],TILE,BFLOAT16,DEV_1_DRAM_INTERLEAVED,1[1],1[1],2048[2048],2048[2048],TILE,BFLOAT16,DEV_1_DRAM_INTERLEAVED,1[1],1[1],2048[2048],2048[2048],TILE,BFLOAT16,DEV_1_DRAM_INTERLEAVED,,,['ttnn/cpp/ttnn/operations/matmul/device/kernels/compute/bmm_large_block_zm_fused_bias_activation.cpp'],['bmm_large_block_zm_fused_bias_activation/11192068228048673779/'],['ttnn/cpp/ttnn/operations/matmul/device/kernels/dataflow/reader_bmm_tile_layout_in0_receiver.cpp'; 'ttnn/cpp/ttnn/operations/matmul/device/kernels/dataflow/reader_bmm_tile_layout_in1_receiver_writer_padding.cpp'; 'ttnn/cpp/ttnn/operations/matmul/device/kernels/dataflow/reader_bmm_tile_layout_in1_sender_writer_padding.cpp'; 'ttnn/cpp/ttnn/operations/matmul/device/kernels/dataflow/reader_bmm_tile_layout_in0_sender_padding.cpp'],['reader_bmm_tile_layout_in0_receiver/17102645427523872040/'; 'reader_bmm_tile_layout_in1_receiver_writer_padding/6891074587381327447/'; 'reader_bmm_tile_layout_in1_sender_writer_padding/16442118699542722342/'; 'reader_bmm_tile_layout_in0_sender_padding/10830808842372326572/'],10238499019388009662,False,2300,1304,2092,2744,2888,0,0,0,0,112979,112979,15258,[74.249267578125; 74.249267578125],[74.249267578125],46.41,,,,,
MatmulDeviceOperation,tt_dnn_device,69632,0,,{'bcast_batch': 'true'; 'compute_kernel_config': 'ComputeKernelConfig(math_fidelity=HiFi4;math_approx_mode=1;fp32_dest_acc_en=0;packer_l1_acc=0;dst_full_sync_en=0;throttle_level=ThrottleLevel::NO_THROTTLE)'; 'global_cb': 'std::nullopt'; 'output_dtype': 'DataType::BFLOAT16'; 'output_mem_config': 'MemoryConfig(memory_layout=TensorMemoryLayout::INTERLEAVED;buffer_type=BufferType::DRAM;shard_spec=std::nullopt;nd_shard_spec=std::nullopt;created_with_nd_shard_spec=0)'; 'output_tile': 'Tile(tile_shape={32; 32};face_shape={16; 16};num_faces=4)'; 'program_config': 'MatmulMultiCoreReuseMultiCastProgramConfig(compute_with_storage_grid_size=(x=11;y=10);in0_block_w=1;out_subblock_h=7;out_subblock_w=1;out_block_h=7;out_block_w=6;per_core_M=7;per_core_N=6;transpose_mcast=0;fused_activation=std::nullopt;fuse_batch=0)'; 'sub_device_id': 'std::nullopt'; 'transpose_a': 'false'; 'transpose_b': 'false'; 'untilize_out': 'false'; 'user_core_coord': 'std::nullopt'; 'user_fused_activation': 'std::nullopt'; 'user_run_batched': 'false'},HiFi4,110,,,3590790655,3590791156,501,1626105854917,1626106230541,147,149,278240,244384,244383,209204,243307,223363,1689,244376,206493,210596,210543,211011,,1141763,1377019,10202665,10481948,255041,,350048,655409,595201,1305,11269122,10687135,,,1[1],1[1],2048[2048],2048[2048],TILE,BFLOAT16,DEV_1_DRAM_INTERLEAVED,1[1],1[1],2048[2048],2048[2048],TILE,BFLOAT16,DEV_1_DRAM_INTERLEAVED,1[1],1[1],2048[2048],2048[2048],TILE,BFLOAT16,DEV_1_DRAM_INTERLEAVED,,,['ttnn/cpp/ttnn/operations/matmul/device/kernels/compute/bmm_large_block_zm_fused_bias_activation.cpp'],['bmm_large_block_zm_fused_bias_activation/11192068228048673779/'],['ttnn/cpp/ttnn/operations/matmul/device/kernels/dataflow/reader_bmm_tile_layout_in0_receiver.cpp'; 'ttnn/cpp/ttnn/operations/matmul/device/kernels/dataflow/reader_bmm_tile_layout_in1_receiver_writer_padding.cpp'; 'ttnn/cpp/ttnn/operations/matmul/device/kernels/dataflow/reader_bmm_tile_layout_in1_sender_writer_padding.cpp'; 'ttnn/cpp/ttnn/operations/matmul/device/kernels/dataflow/reader_bmm_tile_layout_in0_sender_padding.cpp'],['reader_bmm_tile_layout_in0_receiver/17102645427523872040/'; 'reader_bmm_tile_layout_in1_receiver_writer_padding/6891074587381327447/'; 'reader_bmm_tile_layout_in1_sender_writer_padding/16442118699542722342/'; 'reader_bmm_tile_layout_in0_sender_padding/10830808842372326572/'],10238499019388009662,False,2300,1304,2092,2744,2888,0,0,0,0,112979,112979,15258,[74.249267578125; 74.249267578125],[74.249267578125],46.23,,,,,
MatmulDeviceOperation,tt_dnn_device,70656,0,,{'bcast_batch': 'true'; 'compute_kernel_config': 'ComputeKernelConfig(math_fidelity=HiFi4;math_approx_mode=1;fp32_dest_acc_en=0;packer_l1_acc=0;dst_full_sync_en=0;throttle_level=ThrottleLevel::NO_THROTTLE)'; 'global_cb': 'std::nullopt'; 'output_dtype': 'DataType::BFLOAT16'; 'output_mem_config': 'MemoryConfig(memory_layout=TensorMemoryLayout::INTERLEAVED;buffer_type=BufferType::DRAM;shard_spec=std::nullopt;nd_shard_spec=std::nullopt;created_with_nd_shard_spec=0)'; 'output_tile': 'Tile(tile_shape={32; 32};face_shape={16; 16};num_faces=4)'; 'program_config': 'MatmulMultiCoreReuseMultiCastProgramConfig(compute_with_storage_grid_size=(x=11;y=10);in0_block_w=1;out_subblock_h=7;out_subblock_w=1;out_block_h=7;out_block_w=6;per_core_M=7;per_core_N=6;transpose_mcast=0;fused_activation=std::nullopt;fuse_batch=0)'; 'sub_device_id': 'std::nullopt'; 'transpose_a': 'false'; 'transpose_b': 'false'; 'untilize_out': 'false'; 'user_core_coord': 'std::nullopt'; 'user_fused_activation': 'std::nullopt'; 'user_run_batched': 'false'},HiFi4,110,,,3590800645,3590801386,741,1626106185021,1626106559817,259,261,277627,243642,243640,208928,242596,223093,1555,243640,206418,210390,210336,210806,,1112698,1365636,10470712,10227096,266873,,350968,692068,581070,1314,10978650,10897236,,,1[1],1[1],2048[2048],2048[2048],TILE,BFLOAT16,DEV_1_DRAM_INTERLEAVED,1[1],1[1],2048[2048],2048[2048],TILE,BFLOAT16,DEV_1_DRAM_INTERLEAVED,1[1],1[1],2048[2048],2048[2048],TILE,BFLOAT16,DEV_1_DRAM_INTERLEAVED,,,['ttnn/cpp/ttnn/operations/matmul/device/kernels/compute/bmm_large_block_zm_fused_bias_activation.cpp'],['bmm_large_block_zm_fused_bias_activation/11192068228048673779/'],['ttnn/cpp/ttnn/operations/matmul/device/kernels/dataflow/reader_bmm_tile_layout_in0_receiver.cpp'; 'ttnn/cpp/ttnn/operations/matmul/device/kernels/dataflow/reader_bmm_tile_layout_in1_receiver_writer_padding.cpp'; 'ttnn/cpp/ttnn/operations/matmul/device/kernels/dataflow/reader_bmm_tile_layout_in1_sender_writer_padding.cpp'; 'ttnn/cpp/ttnn/operations/matmul/device/kernels/dataflow/reader_bmm_tile_layout_in0_sender_padding.cpp'],['reader_bmm_tile_layout_in0_receiver/17102645427523872040/'; 'reader_bmm_tile_layout_in1_receiver_writer_padding/6891074587381327447/'; 'reader_bmm_tile_layout_in1_sender_writer_padding/16442118699542722342/'; 'reader_bmm_tile_layout_in0_sender_padding/10830808842372326572/'],10238499019388009662,False,2300,1304,2092,2744,2888,0,0,0,0,112979,112979,15258,[74.249267578125; 74.249267578125],[74.249267578125],46.371,,,,,
MatmulDeviceOperation,tt_dnn_device,71680,0,,{'bcast_batch': 'true'; 'compute_kernel_config': 'ComputeKernelConfig(math_fidelity=HiFi4;math_approx_mode=1;fp32_dest_acc_en=0;packer_l1_acc=0;dst_full_sync_en=0;throttle_level=ThrottleLevel::NO_THROTTLE)'; 'global_cb': 'std::nullopt'; 'output_dtype': 'DataType::BFLOAT16'; 'output_mem_config': 'MemoryConfig(memory_layout=TensorMemoryLayout::INTERLEAVED;buffer_type=BufferType::DRAM;shard_spec=std::nullopt;nd_shard_spec=std::nullopt;created_with_nd_shard_spec=0)'; 'output_tile': 'Tile(tile_shape={32; 32};face_shape={16; 16};num_faces=4)'; 'program_config': 'MatmulMultiCoreReuseMultiCastProgramConfig(compute_with_storage_grid_size=(x=11;y=10);in0_block_w=1;out_subblock_h=7;out_subblock_w=1;out_block_h=7;out_block_w=6;per_core_M=7;per_core_N=6;transpose_mcast=0;fused_activation=std::nullopt;fuse_batch=0)'; 'sub_device_id': 'std::nullopt'; 'transpose_a': 'false'; 'transpose_b': 'false'; 'untilize_out': 'false'; 'user_core_coord': 'std::nullopt'; 'user_fused_activation': 'std::nullopt'; 'user_run_batched': 'false'},HiFi4,110,,,3590810494,3590811185,691,1626106515004,1626106889106,160,161,277113,243764,243764,209053,242382,223167,1661,243764,206521,210486,210436,210910,,1133731,1368914,10361974,10084836,259790,,356733,685890,584084,1316,11095393,11058223,,,1[1],1[1],2048[2048],2048[2048],TILE,BFLOAT16,DEV_1_DRAM_INTERLEAVED,1[1],1[1],2048[2048],2048[2048],TILE,BFLOAT16,DEV_1_DRAM_INTERLEAVED,1[1],1[1],2048[2048],2048[2048],TILE,BFLOAT16,DEV_1_DRAM_INTERLEAVED,,,['ttnn/cpp/ttnn/operations/matmul/device/kernels/compute/bmm_large_block_zm_fused_bias_activation.cpp'],['bmm_large_block_zm_fused_bias_activation/11192068228048673779/'],['ttnn/cpp/ttnn/operations/matmul/device/kernels/dataflow/reader_bmm_tile_layout_in0_receiver.cpp'; 'ttnn/cpp/ttnn/operations/matmul/device/kernels/dataflow/reader_bmm_tile_layout_in1_receiver_writer_padding.cpp'; 'ttnn/cpp/ttnn/operations/matmul/device/kernels/dataflow/reader_bmm_tile_layout_in1_sender_writer_padding.cpp'; 'ttnn/cpp/ttnn/operations/matmul/device/kernels/dataflow/reader_bmm_tile_layout_in0_sender_padding.cpp'],['reader_bmm_tile_layout_in0_receiver/17102645427523872040/'; 'reader_bmm_tile_layout_in1_receiver_writer_padding/6891074587381327447/'; 'reader_bmm_tile_layout_in1_sender_writer_padding/16442118699542722342/'; 'reader_bmm_tile_layout_in0_sender_padding/10830808842372326572/'],10238499019388009662,False,2300,1304,2092,2744,2888,0,0,0,0,112979,112979,15258,[74.249267578125; 74.249267578125],[74.249267578125],46.348,,,,,
MatmulDeviceOperation,tt_dnn_device,72704,0,,{'bcast_batch': 'true'; 'compute_kernel_config': 'ComputeKernelConfig(math_fidelity=HiFi4;math_approx_mode=1;fp32_dest_acc_en=0;packer_l1_acc=0;dst_full_sync_en=0;throttle_level=ThrottleLevel::NO_THROTTLE)'; 'global_cb': 'std::nullopt'; 'output_dtype': 'DataType::BFLOAT16'; 'output_mem_config': 'MemoryConfig(memory_layout=TensorMemoryLayout::INTERLEAVED;buffer_type=BufferType::DRAM;shard_spec=std::nullopt;nd_shard_spec=std::nullopt;created_with_nd_shard_spec=0)'; 'output_tile': 'Tile(tile_shape={32; 32};face_shape={16; 16};num_faces=4)'; 'program_config': 'MatmulMultiCoreReuseMultiCastProgramConfig(compute_with_storage_grid_size=(x=11;y=10);in0_block_w=1;out_subblock_h=7;out_subblock_w=1;out_block_h=7;out_block_w=6;per_core_M=7;per_core_N=6;transpose_mcast=0;fused_activation=std::nullopt;fuse_batch=0)'; 'sub_device_id': 'std::nullopt'; 'transpose_a': 'false'; 'transpose_b': 'false'; 'untilize_out': 'false'; 'user_core_coord': 'std::nullopt'; 'user_fused_activation': 'std::nullopt'; 'user_run_batched': 'false'},HiFi4,110,,,3590819922,3590820363,441,1626106844282,1626107218928,233,234,277516,244075,244074,209506,242816,224007,1582,244074,207133,212664,212618,213095,,1131813,1529055,13036925,13272084,303441,,345646,662299,538833,1293,8566604,8006833,,,1[1],1[1],2048[2048],2048[2048],TILE,BFLOAT16,DEV_1_DRAM_INTERLEAVED,1[1],1[1],2048[2048],2048[2048],TILE,BFLOAT16,DEV_1_DRAM_INTERLEAVED,1[1],1[1],2048[2048],2048[2048],TILE,BFLOAT16,DEV_1_DRAM_INTERLEAVED,,,['ttnn/cpp/ttnn/operations/matmul/device/kernels/compute/bmm_large_block_zm_fused_bias_activation.cpp'],['bmm_large_block_zm_fused_bias_activation/11192068228048673779/'],['ttnn/cpp/ttnn/operations/matmul/device/kernels/dataflow/reader_bmm_tile_layout_in0_receiver.cpp'; 'ttnn/cpp/ttnn/operations/matmul/device/kernels/dataflow/reader_bmm_tile_layout_in1_receiver_writer_padding.cpp'; 'ttnn/cpp/ttnn/operations/matmul/device/kernels/dataflow/reader_bmm_tile_layout_in1_sender_writer_padding.cpp'; 'ttnn/cpp/ttnn/operations/matmul/device/kernels/dataflow/reader_bmm_tile_layout_in0_sender_padding.cpp'],['reader_bmm_tile_layout_in0_receiver/17102645427523872040/'; 'reader_bmm_tile_layout_in1_receiver_writer_padding/6891074587381327447/'; 'reader_bmm_tile_layout_in1_sender_writer_padding/16442118699542722342/'; 'reader_bmm_tile_layout_in0_sender_padding/10830808842372326572/'],10238499019388009662,False,2300,1304,2092,2744,2888,0,0,0,0,112979,112979,15258,[74.249267578125; 74.249267578125],[74.249267578125],46.289,,,,,
MatmulDeviceOperation,tt_dnn_device,73728,0,,{'bcast_batch': 'true'; 'compute_kernel_config': 'ComputeKernelConfig(math_fidelity=HiFi4;math_approx_mode=1;fp32_dest_acc_en=0;packer_l1_acc=0;dst_full_sync_en=0;throttle_level=ThrottleLevel::NO_THROTTLE)'; 'global_cb': 'std::nullopt'; 'output_dtype': 'DataType::BFLOAT16'; 'output_mem_config': 'MemoryConfig(memory_layout=TensorMemoryLayout::INTERLEAVED;buffer_type=BufferType::DRAM;shard_spec=std::nullopt;nd_shard_spec=std::nullopt;created_with_nd_shard_spec=0)'; 'output_tile': 'Tile(tile_shape={32; 32};face_shape={16; 16};num_faces=4)'; 'program_config': 'MatmulMultiCoreReuseMultiCastProgramConfig(compute_with_storage_grid_size=(x=11;y=10);in0_block_w=1;out_subblock_h=7;out_subblock_w=1;out_block_h=7;out_block_w=6;per_core_M=7;per_core_N=6;transpose_mcast=0;fused_activation=std::nullopt;fuse_batch=0)'; 'sub_device_id': 'std::nullopt'; 'transpose_a': 'false'; 'transpose_b': 'false'; 'untilize_out': 'false'; 'user_core_coord': 'std::nullopt'; 'user_fused_activation': 'std::nullopt'; 'user_run_batched': 'false'},HiFi4,110,,,3590828999,3590829380,381,1626107174527,1626107549692,264,265,277900,244744,244742,208987,243361,223641,1559,244742,206387,210617,210561,211038,,1140441,1370863,9990093,10831778,248291,,342867,634324,599648,1324,11497137,10341712,,,1[1],1[1],2048[2048],2048[2048],TILE,BFLOAT16,DEV_1_DRAM_INTERLEAVED,1[1],1[1],2048[2048],2048[2048],TILE,BFLOAT16,DEV_1_DRAM_INTERLEAVED,1[1],1[1],2048[2048],2048[2048],TILE,BFLOAT16,DEV_1_DRAM_INTERLEAVED,,,['ttnn/cpp/ttnn/operations/matmul/device/kernels/compute/bmm_large_block_zm_fused_bias_activation.cpp'],['bmm_large_block_zm_fused_bias_activation/11192068228048673779/'],['ttnn/cpp/ttnn/operations/matmul/device/kernels/dataflow/reader_bmm_tile_layout_in0_receiver.cpp'; 'ttnn/cpp/ttnn/operations/matmul/device/kernels/dataflow/reader_bmm_tile_layout_in1_receiver_writer_padding.cpp'; 'ttnn/cpp/ttnn/operations/matmul/device/kernels/dataflow/reader_bmm_tile_layout_in1_sender_writer_padding.cpp'; 'ttnn/cpp/ttnn/operations/matmul/device/kernels/dataflow/reader_bmm_tile_layout_in0_sender_padding.cpp'],['reader_bmm_tile_layout_in0_receiver/17102645427523872040/'; 'reader_bmm_tile_layout_in1_receiver_writer_padding/6891074587381327447/'; 'reader_bmm_tile_layout_in1_sender_writer_padding/16442118699542722342/'; 'reader_bmm_tile_layout_in0_sender_padding/10830808842372326572/'],10238499019388009662,False,2300,1304,2092,2744,2888,0,0,0,0,112979,112979,15258,[74.249267578125; 74.249267578125],[74.249267578125],46.162,,,,,
MatmulDeviceOperation,tt_dnn_device,74752,0,,{'bcast_batch': 'true'; 'compute_kernel_config': 'ComputeKernelConfig(math_fidelity=HiFi4;math_approx_mode=1;fp32_dest_acc_en=0;packer_l1_acc=0;dst_full_sync_en=0;throttle_level=ThrottleLevel::NO_THROTTLE)'; 'global_cb': 'std::nullopt'; 'output_dtype': 'DataType::BFLOAT16'; 'output_mem_config': 'MemoryConfig(memory_layout=TensorMemoryLayout::INTERLEAVED;buffer_type=BufferType::DRAM;shard_spec=std::nullopt;nd_shard_spec=std::nullopt;created_with_nd_shard_spec=0)'; 'output_tile': 'Tile(tile_shape={32; 32};face_shape={16; 16};num_faces=4)'; 'program_config': 'MatmulMultiCoreReuseMultiCastProgramConfig(compute_with_storage_grid_size=(x=11;y=10);in0_block_w=1;out_subblock_h=7;out_subblock_w=1;out_block_h=7;out_block_w=6;per_core_M=7;per_core_N=6;transpose_mcast=0;fused_activation=std::nullopt;fuse_batch=0)'; 'sub_device_id': 'std::nullopt'; 'transpose_a': 'false'; 'transpose_b': 'false'; 'untilize_out': 'false'; 'user_core_coord': 'std::nullopt'; 'user_fused_activation': 'std::nullopt'; 'user_run_batched': 'false'},HiFi4,110,,,3590837876,3590838217,341,1626107503463,1626107879656,261,261,278661,244159,244159,209006,243182,223483,1567,244152,206586,210456,210399,210879,,1127142,1361865,10367550,10090630,265742,,352206,702817,572527,1302,11086014,11032813,,,1[1],1[1],2048[2048],2048[2048],TILE,BFLOAT16,DEV_1_DRAM_INTERLEAVED,1[1],1[1],2048[2048],2048[2048],TILE,BFLOAT16,DEV_1_DRAM_INTERLEAVED,1[1],1[1],2048[2048],2048[2048],TILE,BFLOAT16,DEV_1_DRAM_INTERLEAVED,,,['ttnn/cpp/ttnn/operations/matmul/device/kernels/compute/bmm_large_block_zm_fused_bias_activation.cpp'],['bmm_large_block_zm_fused_bias_activation/11192068228048673779/'],['ttnn/cpp/ttnn/operations/matmul/device/kernels/dataflow/reader_bmm_tile_layout_in0_receiver.cpp'; 'ttnn/cpp/ttnn/operations/matmul/device/kernels/dataflow/reader_bmm_tile_layout_in1_receiver_writer_padding.cpp'; 'ttnn/cpp/ttnn/operations/matmul/device/kernels/dataflow/reader_bmm_tile_layout_in1_sender_writer_padding.cpp'; 'ttnn/cpp/ttnn/operations/matmul/device/kernels/dataflow/reader_bmm_tile_layout_in0_sender_padding.cpp'],['reader_bmm_tile_layout_in0_receiver/17102645427523872040/'; 'reader_bmm_tile_layout_in1_receiver_writer_padding/6891074587381327447/'; 'reader_bmm_tile_layout_in1_sender_writer_padding/16442118699542722342/'; 'reader_bmm_tile_layout_in0_sender_padding/10830808842372326572/'],10238499019388009662,False,2300,1304,2092,2744,2888,0,0,0,0,112979,112979,15258,[74.249267578125; 74.249267578125],[74.249267578125],46.273,,,,,
MatmulDeviceOperation,tt_dnn_device,75776,0,,{'bcast_batch': 'true'; 'compute_kernel_config': 'ComputeKernelConfig(math_fidelity=HiFi4;math_approx_mode=1;fp32_dest_acc_en=0;packer_l1_acc=0;dst_full_sync_en=0;throttle_level=ThrottleLevel::NO_THROTTLE)'; 'global_cb': 'std::nullopt'; 'output_dtype': 'DataType::BFLOAT16'; 'output_mem_config': 'MemoryConfig(memory_layout=TensorMemoryLayout::INTERLEAVED;buffer_type=BufferType::DRAM;shard_spec=std::nullopt;nd_shard_spec=std::nullopt;created_with_nd_shard_spec=0)'; 'output_tile': 'Tile(tile_shape={32; 32};face_shape={16; 16};num_faces=4)'; 'program_config': 'MatmulMultiCoreReuseMultiCastProgramConfig(compute_with_storage_grid_size=(x=11;y=10);in0_block_w=1;out_subblock_h=7;out_subblock_w=1;out_block_h=7;out_block_w=6;per_core_M=7;per_core_N=6;transpose_mcast=0;fused_activation=std::nullopt;fuse_batch=0)'; 'sub_device_id': 'std::nullopt'; 'transpose_a': 'false'; 'transpose_b': 'false'; 'untilize_out': 'false'; 'user_core_coord': 'std::nullopt'; 'user_fused_activation': 'std::nullopt'; 'user_run_batched': 'false'},HiFi4,110,,,3590846703,3590847084,381,1626107834242,1626108210819,262,262,278946,245050,245050,209113,243700,223516,1558,245047,206510,210607,210562,211032,,1135007,1371493,10286613,10391209,256592,,340947,673965,598439,1298,11196271,10760816,,,1[1],1[1],2048[2048],2048[2048],TILE,BFLOAT16,DEV_1_DRAM_INTERLEAVED,1[1],1[1],2048[2048],2048[2048],TILE,BFLOAT16,DEV_1_DRAM_INTERLEAVED,1[1],1[1],2048[2048],2048[2048],TILE,BFLOAT16,DEV_1_DRAM_INTERLEAVED,,,['ttnn/cpp/ttnn/operations/matmul/device/kernels/compute/bmm_large_block_zm_fused_bias_activation.cpp'],['bmm_large_block_zm_fused_bias_activation/11192068228048673779/'],['ttnn/cpp/ttnn/operations/matmul/device/kernels/dataflow/reader_bmm_tile_layout_in0_receiver.cpp'; 'ttnn/cpp/ttnn/operations/matmul/device/kernels/dataflow/reader_bmm_tile_layout_in1_receiver_writer_padding.cpp'; 'ttnn/cpp/ttnn/operations/matmul/device/kernels/dataflow/reader_bmm_tile_layout_in1_sender_writer_padding.cpp'; 'ttnn/cpp/ttnn/operations/matmul/device/kernels/dataflow/reader_bmm_tile_layout_in0_sender_padding.cpp'],['reader_bmm_tile_layout_in0_receiver/17102645427523872040/'; 'reader_bmm_tile_layout_in1_receiver_writer_padding/6891074587381327447/'; 'reader_bmm_tile_layout_in1_sender_writer_padding/16442118699542722342/'; 'reader_bmm_tile_layout_in0_sender_padding/10830808842372326572/'],10238499019388009662,False,2300,1304,2092,2744,2888,0,0,0,0,112979,112979,15258,[74.249267578125; 74.249267578125],[74.249267578125],46.104,,,,,
MatmulDeviceOperation,tt_dnn_device,76800,0,,{'bcast_batch': 'true'; 'compute_kernel_config': 'ComputeKernelConfig(math_fidelity=HiFi4;math_approx_mode=1;fp32_dest_acc_en=0;packer_l1_acc=0;dst_full_sync_en=0;throttle_level=ThrottleLevel::NO_THROTTLE)'; 'global_cb': 'std::nullopt'; 'output_dtype': 'DataType::BFLOAT16'; 'output_mem_config': 'MemoryConfig(memory_layout=TensorMemoryLayout::INTERLEAVED;buffer_type=BufferType::DRAM;shard_spec=std::nullopt;nd_shard_spec=std::nullopt;created_with_nd_shard_spec=0)'; 'output_tile': 'Tile(tile_shape={32; 32};face_shape={16; 16};num_faces=4)'; 'program_config': 'MatmulMultiCoreReuseMultiCastProgramConfig(compute_with_storage_grid_size=(x=11;y=10);in0_block_w=1;out_subblock_h=7;out_subblock_w=1;out_block_h=7;out_block_w=6;per_core_M=7;per_core_N=6;transpose_mcast=0;fused_activation=std::nullopt;fuse_batch=0)'; 'sub_device_id': 'std::nullopt'; 'transpose_a': 'false'; 'transpose_b': 'false'; 'untilize_out': 'false'; 'user_core_coord': 'std::nullopt'; 'user_fused_activation': 'std::nullopt'; 'user_run_batched': 'false'},HiFi4,110,,,3590855480,3590855841,361,1626108164676,1626108539610,251,251,277729,243298,243298,209066,242232,223261,1551,243296,206620,210465,210419,210898,,1135321,1373784,10286164,10151770,261657,,355451,701020,566770,1304,11169401,10976597,,,1[1],1[1],2048[2048],2048[2048],TILE,BFLOAT16,DEV_1_DRAM_INTERLEAVED,1[1],1[1],2048[2048],2048[2048],TILE,BFLOAT16,DEV_1_DRAM_INTERLEAVED,1[1],1[1],2048[2048],2048[2048],TILE,BFLOAT16,DEV_1_DRAM_INTERLEAVED,,,['ttnn/cpp/ttnn/operations/matmul/device/kernels/compute/bmm_large_block_zm_fused_bias_activation.cpp'],['bmm_large_block_zm_fused_bias_activation/11192068228048673779/'],['ttnn/cpp/ttnn/operations/matmul/device/kernels/dataflow/reader_bmm_tile_layout_in0_receiver.cpp'; 'ttnn/cpp/ttnn/operations/matmul/device/kernels/dataflow/reader_bmm_tile_layout_in1_receiver_writer_padding.cpp'; 'ttnn/cpp/ttnn/operations/matmul/device/kernels/dataflow/reader_bmm_tile_layout_in1_sender_writer_padding.cpp'; 'ttnn/cpp/ttnn/operations/matmul/device/kernels/dataflow/reader_bmm_tile_layout_in0_sender_padding.cpp'],['reader_bmm_tile_layout_in0_receiver/17102645427523872040/'; 'reader_bmm_tile_layout_in1_receiver_writer_padding/6891074587381327447/'; 'reader_bmm_tile_layout_in1_sender_writer_padding/16442118699542722342/'; 'reader_bmm_tile_layout_in0_sender_padding/10830808842372326572/'],10238499019388009662,False,2300,1304,2092,2744,2888,0,0,0,0,112979,112979,15258,[74.249267578125; 74.249267578125],[74.249267578125],46.436,,,,,
MatmulDeviceOperation,tt_dnn_device,77824,0,,{'bcast_batch': 'true'; 'compute_kernel_config': 'ComputeKernelConfig(math_fidelity=HiFi4;math_approx_mode=1;fp32_dest_acc_en=0;packer_l1_acc=0;dst_full_sync_en=0;throttle_level=ThrottleLevel::NO_THROTTLE)'; 'global_cb': 'std::nullopt'; 'output_dtype': 'DataType::BFLOAT16'; 'output_mem_config': 'MemoryConfig(memory_layout=TensorMemoryLayout::INTERLEAVED;buffer_type=BufferType::DRAM;shard_spec=std::nullopt;nd_shard_spec=std::nullopt;created_with_nd_shard_spec=0)'; 'output_tile': 'Tile(tile_shape={32; 32};face_shape={16; 16};num_faces=4)'; 'program_config': 'MatmulMultiCoreReuseMultiCastProgramConfig(compute_with_storage_grid_size=(x=11;y=10);in0_block_w=1;out_subblock_h=7;out_subblock_w=1;out_block_h=7;out_block_w=6;per_core_M=7;per_core_N=6;transpose_mcast=0;fused_activation=std::nullopt;fuse_batch=0)'; 'sub_device_id': 'std::nullopt'; 'transpose_a': 'false'; 'transpose_b': 'false'; 'untilize_out': 'false'; 'user_core_coord': 'std::nullopt'; 'user_fused_activation': 'std::nullopt'; 'user_run_batched': 'false'},HiFi4,110,,,3590864167,3590864547,380,1626108495432,1626108868727,257,258,276515,243524,243523,209039,242170,222934,1541,243522,206449,210633,210590,211067,,1117846,1357565,9716300,9954995,246312,,342857,728310,570606,1299,11771624,11135789,,,1[1],1[1],2048[2048],2048[2048],TILE,BFLOAT16,DEV_1_DRAM_INTERLEAVED,1[1],1[1],2048[2048],2048[2048],TILE,BFLOAT16,DEV_1_DRAM_INTERLEAVED,1[1],1[1],2048[2048],2048[2048],TILE,BFLOAT16,DEV_1_DRAM_INTERLEAVED,,,['ttnn/cpp/ttnn/operations/matmul/device/kernels/compute/bmm_large_block_zm_fused_bias_activation.cpp'],['bmm_large_block_zm_fused_bias_activation/11192068228048673779/'],['ttnn/cpp/ttnn/operations/matmul/device/kernels/dataflow/reader_bmm_tile_layout_in0_receiver.cpp'; 'ttnn/cpp/ttnn/operations/matmul/device/kernels/dataflow/reader_bmm_tile_layout_in1_receiver_writer_padding.cpp'; 'ttnn/cpp/ttnn/operations/matmul/device/kernels/dataflow/reader_bmm_tile_layout_in1_sender_writer_padding.cpp'; 'ttnn/cpp/ttnn/operations/matmul/device/kernels/dataflow/reader_bmm_tile_layout_in0_sender_padding.cpp'],['reader_bmm_tile_layout_in0_receiver/17102645427523872040/'; 'reader_bmm_tile_layout_in1_receiver_writer_padding/6891074587381327447/'; 'reader_bmm_tile_layout_in1_sender_writer_padding/16442118699542722342/'; 'reader_bmm_tile_layout_in0_sender_padding/10830808842372326572/'],10238499019388009662,False,2300,1304,2092,2744,2888,0,0,0,0,112979,112979,15258,[74.249267578125; 74.249267578125],[74.249267578125],46.393,,,,,
MatmulDeviceOperation,tt_dnn_device,78848,0,,{'bcast_batch': 'true'; 'compute_kernel_config': 'ComputeKernelConfig(math_fidelity=HiFi4;math_approx_mode=1;fp32_dest_acc_en=0;packer_l1_acc=0;dst_full_sync_en=0;throttle_level=ThrottleLevel::NO_THROTTLE)'; 'global_cb': 'std::nullopt'; 'output_dtype': 'DataType::BFLOAT16'; 'output_mem_config': 'MemoryConfig(memory_layout=TensorMemoryLayout::INTERLEAVED;buffer_type=BufferType::DRAM;shard_spec=std::nullopt;nd_shard_spec=std::nullopt;created_with_nd_shard_spec=0)'; 'output_tile': 'Tile(tile_shape={32; 32};face_shape={16; 16};num_faces=4)'; 'program_config': 'MatmulMultiCoreReuseMultiCastProgramConfig(compute_with_storage_grid_size=(x=11;y=10);in0_block_w=1;out_subblock_h=7;out_subblock_w=1;out_block_h=7;out_block_w=6;per_core_M=7;per_core_N=6;transpose_mcast=0;fused_activation=std::nullopt;fuse_batch=0)'; 'sub_device_id': 'std::nullopt'; 'transpose_a': 'false'; 'transpose_b': 'false'; 'untilize_out': 'false'; 'user_core_coord': 'std::nullopt'; 'user_fused_activation': 'std::nullopt'; 'user_run_batched': 'false'},HiFi4,110,,,3590877723,3590878114,391,1626108824206,1626109197180,264,264,276277,243044,243044,209109,242053,224014,1514,243044,207265,212666,212612,213095,,1128122,1529393,12933175,13403927,297550,,343033,656191,524081,1276,8677987,7882559,,,1[1],1[1],2048[2048],2048[2048],TILE,BFLOAT16,DEV_1_DRAM_INTERLEAVED,1[1],1[1],2048[2048],2048[2048],TILE,BFLOAT16,DEV_1_DRAM_INTERLEAVED,1[1],1[1],2048[2048],2048[2048],TILE,BFLOAT16,DEV_1_DRAM_INTERLEAVED,,,['ttnn/cpp/ttnn/operations/matmul/device/kernels/compute/bmm_large_block_zm_fused_bias_activation.cpp'],['bmm_large_block_zm_fused_bias_activation/11192068228048673779/'],['ttnn/cpp/ttnn/operations/matmul/device/kernels/dataflow/reader_bmm_tile_layout_in0_receiver.cpp'; 'ttnn/cpp/ttnn/operations/matmul/device/kernels/dataflow/reader_bmm_tile_layout_in1_receiver_writer_padding.cpp'; 'ttnn/cpp/ttnn/operations/matmul/device/kernels/dataflow/reader_bmm_tile_layout_in1_sender_writer_padding.cpp'; 'ttnn/cpp/ttnn/operations/matmul/device/kernels/dataflow/reader_bmm_tile_layout_in0_sender_padding.cpp'],['reader_bmm_tile_layout_in0_receiver/17102645427523872040/'; 'reader_bmm_tile_layout_in1_receiver_writer_padding/6891074587381327447/'; 'reader_bmm_tile_layout_in1_sender_writer_padding/16442118699542722342/'; 'reader_bmm_tile_layout_in0_sender_padding/10830808842372326572/'],10238499019388009662,False,2300,1304,2092,2744,2888,0,0,0,0,112979,112979,15258,[74.249267578125; 74.249267578125],[74.249267578125],46.485,,,,,
MatmulDeviceOperation,tt_dnn_device,79872,0,,{'bcast_batch': 'true'; 'compute_kernel_config': 'ComputeKernelConfig(math_fidelity=HiFi4;math_approx_mode=1;fp32_dest_acc_en=0;packer_l1_acc=0;dst_full_sync_en=0;throttle_level=ThrottleLevel::NO_THROTTLE)'; 'global_cb': 'std::nullopt'; 'output_dtype': 'DataType::BFLOAT16'; 'output_mem_config': 'MemoryConfig(memory_layout=TensorMemoryLayout::INTERLEAVED;buffer_type=BufferType::DRAM;shard_spec=std::nullopt;nd_shard_spec=std::nullopt;created_with_nd_shard_spec=0)'; 'output_tile': 'Tile(tile_shape={32; 32};face_shape={16; 16};num_faces=4)'; 'program_config': 'MatmulMultiCoreReuseMultiCastProgramConfig(compute_with_storage_grid_size=(x=11;y=10);in0_block_w=1;out_subblock_h=7;out_subblock_w=1;out_block_h=7;out_block_w=6;per_core_M=7;per_core_N=6;transpose_mcast=0;fused_activation=std::nullopt;fuse_batch=0)'; 'sub_device_id': 'std::nullopt'; 'transpose_a': 'false'; 'transpose_b': 'false'; 'untilize_out': 'false'; 'user_core_coord': 'std::nullopt'; 'user_fused_activation': 'std::nullopt'; 'user_run_batched': 'false'},HiFi4,110,,,3590887011,3590887431,420,1626109153639,1626109526599,207,209,276267,243806,243804,209224,242422,223181,1594,243804,206456,210688,210634,211104,,1140489,1365190,9560550,10736748,242617,,345418,656391,584743,1322,11928042,10428022,,,1[1],1[1],2048[2048],2048[2048],TILE,BFLOAT16,DEV_1_DRAM_INTERLEAVED,1[1],1[1],2048[2048],2048[2048],TILE,BFLOAT16,DEV_1_DRAM_INTERLEAVED,1[1],1[1],2048[2048],2048[2048],TILE,BFLOAT16,DEV_1_DRAM_INTERLEAVED,,,['ttnn/cpp/ttnn/operations/matmul/device/kernels/compute/bmm_large_block_zm_fused_bias_activation.cpp'],['bmm_large_block_zm_fused_bias_activation/11192068228048673779/'],['ttnn/cpp/ttnn/operations/matmul/device/kernels/dataflow/reader_bmm_tile_layout_in0_receiver.cpp'; 'ttnn/cpp/ttnn/operations/matmul/device/kernels/dataflow/reader_bmm_tile_layout_in1_receiver_writer_padding.cpp'; 'ttnn/cpp/ttnn/operations/matmul/device/kernels/dataflow/reader_bmm_tile_layout_in1_sender_writer_padding.cpp'; 'ttnn/cpp/ttnn/operations/matmul/device/kernels/dataflow/reader_bmm_tile_layout_in0_sender_padding.cpp'],['reader_bmm_tile_layout_in0_receiver/17102645427523872040/'; 'reader_bmm_tile_layout_in1_receiver_writer_padding/6891074587381327447/'; 'reader_bmm_tile_layout_in1_sender_writer_padding/16442118699542722342/'; 'reader_bmm_tile_layout_in0_sender_padding/10830808842372326572/'],10238499019388009662,False,2300,1304,2092,2744,2888,0,0,0,0,112979,112979,15258,[74.249267578125; 74.249267578125],[74.249267578125],46.34,,,,,
MatmulDeviceOperation,tt_dnn_device,80896,0,,{'bcast_batch': 'true'; 'compute_kernel_config': 'ComputeKernelConfig(math_fidelity=HiFi4;math_approx_mode=1;fp32_dest_acc_en=0;packer_l1_acc=0;dst_full_sync_en=0;throttle_level=ThrottleLevel::NO_THROTTLE)'; 'global_cb': 'std::nullopt'; 'output_dtype': 'DataType::BFLOAT16'; 'output_mem_config': 'MemoryConfig(memory_layout=TensorMemoryLayout::INTERLEAVED;buffer_type=BufferType::DRAM;shard_spec=std::nullopt;nd_shard_spec=std::nullopt;created_with_nd_shard_spec=0)'; 'output_tile': 'Tile(tile_shape={32; 32};face_shape={16; 16};num_faces=4)'; 'program_config': 'MatmulMultiCoreReuseMultiCastProgramConfig(compute_with_storage_grid_size=(x=11;y=10);in0_block_w=1;out_subblock_h=7;out_subblock_w=1;out_block_h=7;out_block_w=6;per_core_M=7;per_core_N=6;transpose_mcast=0;fused_activation=std::nullopt;fuse_batch=0)'; 'sub_device_id': 'std::nullopt'; 'transpose_a': 'false'; 'transpose_b': 'false'; 'untilize_out': 'false'; 'user_core_coord': 'std::nullopt'; 'user_fused_activation': 'std::nullopt'; 'user_run_batched': 'false'},HiFi4,110,,,3590896118,3590896469,351,1626109481846,1626109854077,209,209,275727,242368,242368,208847,241134,222868,1582,242364,206515,210384,210330,210810,,1126338,1355218,10792559,9695952,270347,,347083,726377,544247,1311,10664716,11404016,,,1[1],1[1],2048[2048],2048[2048],TILE,BFLOAT16,DEV_1_DRAM_INTERLEAVED,1[1],1[1],2048[2048],2048[2048],TILE,BFLOAT16,DEV_1_DRAM_INTERLEAVED,1[1],1[1],2048[2048],2048[2048],TILE,BFLOAT16,DEV_1_DRAM_INTERLEAVED,,,['ttnn/cpp/ttnn/operations/matmul/device/kernels/compute/bmm_large_block_zm_fused_bias_activation.cpp'],['bmm_large_block_zm_fused_bias_activation/11192068228048673779/'],['ttnn/cpp/ttnn/operations/matmul/device/kernels/dataflow/reader_bmm_tile_layout_in0_receiver.cpp'; 'ttnn/cpp/ttnn/operations/matmul/device/kernels/dataflow/reader_bmm_tile_layout_in1_receiver_writer_padding.cpp'; 'ttnn/cpp/ttnn/operations/matmul/device/kernels/dataflow/reader_bmm_tile_layout_in1_sender_writer_padding.cpp'; 'ttnn/cpp/ttnn/operations/matmul/device/kernels/dataflow/reader_bmm_tile_layout_in0_sender_padding.cpp'],['reader_bmm_tile_layout_in0_receiver/17102645427523872040/'; 'reader_bmm_tile_layout_in1_receiver_writer_padding/6891074587381327447/'; 'reader_bmm_tile_layout_in1_sender_writer_padding/16442118699542722342/'; 'reader_bmm_tile_layout_in0_sender_padding/10830808842372326572/'],10238499019388009662,False,2300,1304,2092,2744,2888,0,0,0,0,112979,112979,15258,[74.249267578125; 74.249267578125],[74.249267578125],46.615,,,,,
MatmulDeviceOperation,tt_dnn_device,81920,0,,{'bcast_batch': 'true'; 'compute_kernel_config': 'ComputeKernelConfig(math_fidelity=HiFi4;math_approx_mode=1;fp32_dest_acc_en=0;packer_l1_acc=0;dst_full_sync_en=0;throttle_level=ThrottleLevel::NO_THROTTLE)'; 'global_cb': 'std::nullopt'; 'output_dtype': 'DataType::BFLOAT16'; 'output_mem_config': 'MemoryConfig(memory_layout=TensorMemoryLayout::INTERLEAVED;buffer_type=BufferType::DRAM;shard_spec=std::nullopt;nd_shard_spec=std::nullopt;created_with_nd_shard_spec=0)'; 'output_tile': 'Tile(tile_shape={32; 32};face_shape={16; 16};num_faces=4)'; 'program_config': 'MatmulMultiCoreReuseMultiCastProgramConfig(compute_with_storage_grid_size=(x=11;y=10);in0_block_w=1;out_subblock_h=7;out_subblock_w=1;out_block_h=7;out_block_w=6;per_core_M=7;per_core_N=6;transpose_mcast=0;fused_activation=std::nullopt;fuse_batch=0)'; 'sub_device_id': 'std::nullopt'; 'transpose_a': 'false'; 'transpose_b': 'false'; 'untilize_out': 'false'; 'user_core_coord': 'std::nullopt'; 'user_fused_activation': 'std::nullopt'; 'user_run_batched': 'false'},HiFi4,110,,,3590904975,3590905346,371,1626109810875,1626110183958,250,251,276358,244104,244104,208986,242773,223174,1541,244104,206510,210507,210462,210933,,1124573,1358776,10142688,10050603,256932,,348209,700710,578068,1320,11321936,11069448,,,1[1],1[1],2048[2048],2048[2048],TILE,BFLOAT16,DEV_1_DRAM_INTERLEAVED,1[1],1[1],2048[2048],2048[2048],TILE,BFLOAT16,DEV_1_DRAM_INTERLEAVED,1[1],1[1],2048[2048],2048[2048],TILE,BFLOAT16,DEV_1_DRAM_INTERLEAVED,,,['ttnn/cpp/ttnn/operations/matmul/device/kernels/compute/bmm_large_block_zm_fused_bias_activation.cpp'],['bmm_large_block_zm_fused_bias_activation/11192068228048673779/'],['ttnn/cpp/ttnn/operations/matmul/device/kernels/dataflow/reader_bmm_tile_layout_in0_receiver.cpp'; 'ttnn/cpp/ttnn/operations/matmul/device/kernels/dataflow/reader_bmm_tile_layout_in1_receiver_writer_padding.cpp'; 'ttnn/cpp/ttnn/operations/matmul/device/kernels/dataflow/reader_bmm_tile_layout_in1_sender_writer_padding.cpp'; 'ttnn/cpp/ttnn/operations/matmul/device/kernels/dataflow/reader_bmm_tile_layout_in0_sender_padding.cpp'],['reader_bmm_tile_layout_in0_receiver/17102645427523872040/'; 'reader_bmm_tile_layout_in1_receiver_writer_padding/6891074587381327447/'; 'reader_bmm_tile_layout_in1_sender_writer_padding/16442118699542722342/'; 'reader_bmm_tile_layout_in0_sender_padding/10830808842372326572/'],10238499019388009662,False,2300,1304,2092,2744,2888,0,0,0,0,112979,112979,15258,[74.249267578125; 74.249267578125],[74.249267578125],46.283,,,,,
MatmulDeviceOperation,tt_dnn_device,82944,0,,{'bcast_batch': 'true'; 'compute_kernel_config': 'ComputeKernelConfig(math_fidelity=HiFi4;math_approx_mode=1;fp32_dest_acc_en=0;packer_l1_acc=0;dst_full_sync_en=0;throttle_level=ThrottleLevel::NO_THROTTLE)'; 'global_cb': 'std::nullopt'; 'output_dtype': 'DataType::BFLOAT16'; 'output_mem_config': 'MemoryConfig(memory_layout=TensorMemoryLayout::INTERLEAVED;buffer_type=BufferType::DRAM;shard_spec=std::nullopt;nd_shard_spec=std::nullopt;created_with_nd_shard_spec=0)'; 'output_tile': 'Tile(tile_shape={32; 32};face_shape={16; 16};num_faces=4)'; 'program_config': 'MatmulMultiCoreReuseMultiCastProgramConfig(compute_with_storage_grid_size=(x=11;y=10);in0_block_w=1;out_subblock_h=7;out_subblock_w=1;out_block_h=7;out_block_w=6;per_core_M=7;per_core_N=6;transpose_mcast=0;fused_activation=std::nullopt;fuse_batch=0)'; 'sub_device_id': 'std::nullopt'; 'transpose_a': 'false'; 'transpose_b': 'false'; 'untilize_out': 'false'; 'user_core_coord': 'std::nullopt'; 'user_fused_activation': 'std::nullopt'; 'user_run_batched': 'false'},HiFi4,110,,,3590913762,3590914123,361,1626110138599,1626110513123,192,192,277425,243634,243634,208897,242715,223330,1604,243632,206570,210417,210364,210848,,1123772,1365830,10438855,9750299,261308,,348507,711903,549715,1304,11020982,11370324,,,1[1],1[1],2048[2048],2048[2048],TILE,BFLOAT16,DEV_1_DRAM_INTERLEAVED,1[1],1[1],2048[2048],2048[2048],TILE,BFLOAT16,DEV_1_DRAM_INTERLEAVED,1[1],1[1],2048[2048],2048[2048],TILE,BFLOAT16,DEV_1_DRAM_INTERLEAVED,,,['ttnn/cpp/ttnn/operations/matmul/device/kernels/compute/bmm_large_block_zm_fused_bias_activation.cpp'],['bmm_large_block_zm_fused_bias_activation/11192068228048673779/'],['ttnn/cpp/ttnn/operations/matmul/device/kernels/dataflow/reader_bmm_tile_layout_in0_receiver.cpp'; 'ttnn/cpp/ttnn/operations/matmul/device/kernels/dataflow/reader_bmm_tile_layout_in1_receiver_writer_padding.cpp'; 'ttnn/cpp/ttnn/operations/matmul/device/kernels/dataflow/reader_bmm_tile_layout_in1_sender_writer_padding.cpp'; 'ttnn/cpp/ttnn/operations/matmul/device/kernels/dataflow/reader_bmm_tile_layout_in0_sender_padding.cpp'],['reader_bmm_tile_layout_in0_receiver/17102645427523872040/'; 'reader_bmm_tile_layout_in1_receiver_writer_padding/6891074587381327447/'; 'reader_bmm_tile_layout_in1_sender_writer_padding/16442118699542722342/'; 'reader_bmm_tile_layout_in0_sender_padding/10830808842372326572/'],10238499019388009662,False,2300,1304,2092,2744,2888,0,0,0,0,112979,112979,15258,[74.249267578125; 74.249267578125],[74.249267578125],46.372,,,,,
MatmulDeviceOperation,tt_dnn_device,83968,0,,{'bcast_batch': 'true'; 'compute_kernel_config': 'ComputeKernelConfig(math_fidelity=HiFi4;math_approx_mode=1;fp32_dest_acc_en=0;packer_l1_acc=0;dst_full_sync_en=0;throttle_level=ThrottleLevel::NO_THROTTLE)'; 'global_cb': 'std::nullopt'; 'output_dtype': 'DataType::BFLOAT16'; 'output_mem_config': 'MemoryConfig(memory_layout=TensorMemoryLayout::INTERLEAVED;buffer_type=BufferType::DRAM;shard_spec=std::nullopt;nd_shard_spec=std::nullopt;created_with_nd_shard_spec=0)'; 'output_tile': 'Tile(tile_shape={32; 32};face_shape={16; 16};num_faces=4)'; 'program_config': 'MatmulMultiCoreReuseMultiCastProgramConfig(compute_with_storage_grid_size=(x=11;y=10);in0_block_w=1;out_subblock_h=7;out_subblock_w=1;out_block_h=7;out_block_w=6;per_core_M=7;per_core_N=6;transpose_mcast=0;fused_activation=std::nullopt;fuse_batch=0)'; 'sub_device_id': 'std::nullopt'; 'transpose_a': 'false'; 'transpose_b': 'false'; 'untilize_out': 'false'; 'user_core_coord': 'std::nullopt'; 'user_fused_activation': 'std::nullopt'; 'user_run_batched': 'false'},HiFi4,110,,,3590922880,3590923290,410,1626110468283,1626110843102,184,184,277644,244246,244246,209092,242844,223184,1593,244244,206525,210523,210476,210953,,1127933,1360490,9999044,10243346,254650,,347954,689645,553724,1309,11468444,10890296,,,1[1],1[1],2048[2048],2048[2048],TILE,BFLOAT16,DEV_1_DRAM_INTERLEAVED,1[1],1[1],2048[2048],2048[2048],TILE,BFLOAT16,DEV_1_DRAM_INTERLEAVED,1[1],1[1],2048[2048],2048[2048],TILE,BFLOAT16,DEV_1_DRAM_INTERLEAVED,,,['ttnn/cpp/ttnn/operations/matmul/device/kernels/compute/bmm_large_block_zm_fused_bias_activation.cpp'],['bmm_large_block_zm_fused_bias_activation/11192068228048673779/'],['ttnn/cpp/ttnn/operations/matmul/device/kernels/dataflow/reader_bmm_tile_layout_in0_receiver.cpp'; 'ttnn/cpp/ttnn/operations/matmul/device/kernels/dataflow/reader_bmm_tile_layout_in1_receiver_writer_padding.cpp'; 'ttnn/cpp/ttnn/operations/matmul/device/kernels/dataflow/reader_bmm_tile_layout_in1_sender_writer_padding.cpp'; 'ttnn/cpp/ttnn/operations/matmul/device/kernels/dataflow/reader_bmm_tile_layout_in0_sender_padding.cpp'],['reader_bmm_tile_layout_in0_receiver/17102645427523872040/'; 'reader_bmm_tile_layout_in1_receiver_writer_padding/6891074587381327447/'; 'reader_bmm_tile_layout_in1_sender_writer_padding/16442118699542722342/'; 'reader_bmm_tile_layout_in0_sender_padding/10830808842372326572/'],10238499019388009662,False,2300,1304,2092,2744,2888,0,0,0,0,112979,112979,15258,[74.249267578125; 74.249267578125],[74.249267578125],46.256,,,,,
MatmulDeviceOperation,tt_dnn_device,84992,0,,{'bcast_batch': 'true'; 'compute_kernel_config': 'ComputeKernelConfig(math_fidelity=HiFi4;math_approx_mode=1;fp32_dest_acc_en=0;packer_l1_acc=0;dst_full_sync_en=0;throttle_level=ThrottleLevel::NO_THROTTLE)'; 'global_cb': 'std::nullopt'; 'output_dtype': 'DataType::BFLOAT16'; 'output_mem_config': 'MemoryConfig(memory_layout=TensorMemoryLayout::INTERLEAVED;buffer_type=BufferType::DRAM;shard_spec=std::nullopt;nd_shard_spec=std::nullopt;created_with_nd_shard_spec=0)'; 'output_tile': 'Tile(tile_shape={32; 32};face_shape={16; 16};num_faces=4)'; 'program_config': 'MatmulMultiCoreReuseMultiCastProgramConfig(compute_with_storage_grid_size=(x=11;y=10);in0_block_w=1;out_subblock_h=7;out_subblock_w=1;out_block_h=7;out_block_w=6;per_core_M=7;per_core_N=6;transpose_mcast=0;fused_activation=std::nullopt;fuse_batch=0)'; 'sub_device_id': 'std::nullopt'; 'transpose_a': 'false'; 'transpose_b': 'false'; 'untilize_out': 'false'; 'user_core_coord': 'std::nullopt'; 'user_fused_activation': 'std::nullopt'; 'user_run_batched': 'false'},HiFi4,110,,,3590931556,3590931927,371,1626110797664,1626111172404,147,149,277585,243781,243779,209616,242454,224139,1661,243779,207260,212673,212612,213093,,1119900,1542296,13527799,14086913,317970,,347614,605328,528325,1303,8080458,7253409,,,1[1],1[1],2048[2048],2048[2048],TILE,BFLOAT16,DEV_1_DRAM_INTERLEAVED,1[1],1[1],2048[2048],2048[2048],TILE,BFLOAT16,DEV_1_DRAM_INTERLEAVED,1[1],1[1],2048[2048],2048[2048],TILE,BFLOAT16,DEV_1_DRAM_INTERLEAVED,,,['ttnn/cpp/ttnn/operations/matmul/device/kernels/compute/bmm_large_block_zm_fused_bias_activation.cpp'],['bmm_large_block_zm_fused_bias_activation/11192068228048673779/'],['ttnn/cpp/ttnn/operations/matmul/device/kernels/dataflow/reader_bmm_tile_layout_in0_receiver.cpp'; 'ttnn/cpp/ttnn/operations/matmul/device/kernels/dataflow/reader_bmm_tile_layout_in1_receiver_writer_padding.cpp'; 'ttnn/cpp/ttnn/operations/matmul/device/kernels/dataflow/reader_bmm_tile_layout_in1_sender_writer_padding.cpp'; 'ttnn/cpp/ttnn/operations/matmul/device/kernels/dataflow/reader_bmm_tile_layout_in0_sender_padding.cpp'],['reader_bmm_tile_layout_in0_receiver/17102645427523872040/'; 'reader_bmm_tile_layout_in1_receiver_writer_padding/6891074587381327447/'; 'reader_bmm_tile_layout_in1_sender_writer_padding/16442118699542722342/'; 'reader_bmm_tile_layout_in0_sender_padding/10830808842372326572/'],10238499019388009662,False,2300,1304,2092,2744,2888,0,0,0,0,112979,112979,15258,[74.249267578125; 74.249267578125],[74.249267578125],46.344,,,,,
MatmulDeviceOperation,tt_dnn_device,86016,0,,{'bcast_batch': 'true'; 'compute_kernel_config': 'ComputeKernelConfig(math_fidelity=HiFi4;math_approx_mode=1;fp32_dest_acc_en=0;packer_l1_acc=0;dst_full_sync_en=0;throttle_level=ThrottleLevel::NO_THROTTLE)'; 'global_cb': 'std::nullopt'; 'output_dtype': 'DataType::BFLOAT16'; 'output_mem_config': 'MemoryConfig(memory_layout=TensorMemoryLayout::INTERLEAVED;buffer_type=BufferType::DRAM;shard_spec=std::nullopt;nd_shard_spec=std::nullopt;created_with_nd_shard_spec=0)'; 'output_tile': 'Tile(tile_shape={32; 32};face_shape={16; 16};num_faces=4)'; 'program_config': 'MatmulMultiCoreReuseMultiCastProgramConfig(compute_with_storage_grid_size=(x=11;y=10);in0_block_w=1;out_subblock_h=7;out_subblock_w=1;out_block_h=7;out_block_w=6;per_core_M=7;per_core_N=6;transpose_mcast=0;fused_activation=std::nullopt;fuse_batch=0)'; 'sub_device_id': 'std::nullopt'; 'transpose_a': 'false'; 'transpose_b': 'false'; 'untilize_out': 'false'; 'user_core_coord': 'std::nullopt'; 'user_fused_activation': 'std::nullopt'; 'user_run_batched': 'false'},HiFi4,110,,,3590940543,3590941084,541,1626111128535,1626111502355,250,253,276904,244157,244155,209315,242984,223285,1521,244148,206681,210753,210693,211176,,1150494,1379116,10093056,10384424,257517,,345603,688458,584425,1301,11394468,10767844,,,1[1],1[1],2048[2048],2048[2048],TILE,BFLOAT16,DEV_1_DRAM_INTERLEAVED,1[1],1[1],2048[2048],2048[2048],TILE,BFLOAT16,DEV_1_DRAM_INTERLEAVED,1[1],1[1],2048[2048],2048[2048],TILE,BFLOAT16,DEV_1_DRAM_INTERLEAVED,,,['ttnn/cpp/ttnn/operations/matmul/device/kernels/compute/bmm_large_block_zm_fused_bias_activation.cpp'],['bmm_large_block_zm_fused_bias_activation/11192068228048673779/'],['ttnn/cpp/ttnn/operations/matmul/device/kernels/dataflow/reader_bmm_tile_layout_in0_receiver.cpp'; 'ttnn/cpp/ttnn/operations/matmul/device/kernels/dataflow/reader_bmm_tile_layout_in1_receiver_writer_padding.cpp'; 'ttnn/cpp/ttnn/operations/matmul/device/kernels/dataflow/reader_bmm_tile_layout_in1_sender_writer_padding.cpp'; 'ttnn/cpp/ttnn/operations/matmul/device/kernels/dataflow/reader_bmm_tile_layout_in0_sender_padding.cpp'],['reader_bmm_tile_layout_in0_receiver/17102645427523872040/'; 'reader_bmm_tile_layout_in1_receiver_writer_padding/6891074587381327447/'; 'reader_bmm_tile_layout_in1_sender_writer_padding/16442118699542722342/'; 'reader_bmm_tile_layout_in0_sender_padding/10830808842372326572/'],10238499019388009662,False,2300,1304,2092,2744,2888,0,0,0,0,112979,112979,15258,[74.249267578125; 74.249267578125],[74.249267578125],46.273,,,,,
MatmulDeviceOperation,tt_dnn_device,87040,0,,{'bcast_batch': 'true'; 'compute_kernel_config': 'ComputeKernelConfig(math_fidelity=HiFi4;math_approx_mode=1;fp32_dest_acc_en=0;packer_l1_acc=0;dst_full_sync_en=0;throttle_level=ThrottleLevel::NO_THROTTLE)'; 'global_cb': 'std::nullopt'; 'output_dtype': 'DataType::BFLOAT16'; 'output_mem_config': 'MemoryConfig(memory_layout=TensorMemoryLayout::INTERLEAVED;buffer_type=BufferType::DRAM;shard_spec=std::nullopt;nd_shard_spec=std::nullopt;created_with_nd_shard_spec=0)'; 'output_tile': 'Tile(tile_shape={32; 32};face_shape={16; 16};num_faces=4)'; 'program_config': 'MatmulMultiCoreReuseMultiCastProgramConfig(compute_with_storage_grid_size=(x=11;y=10);in0_block_w=1;out_subblock_h=7;out_subblock_w=1;out_block_h=7;out_block_w=6;per_core_M=7;per_core_N=6;transpose_mcast=0;fused_activation=std::nullopt;fuse_batch=0)'; 'sub_device_id': 'std::nullopt'; 'transpose_a': 'false'; 'transpose_b': 'false'; 'untilize_out': 'false'; 'user_core_coord': 'std::nullopt'; 'user_fused_activation': 'std::nullopt'; 'user_run_batched': 'false'},HiFi4,110,,,3590949611,3590949972,361,1626111457360,1626111832645,227,227,277989,244433,244433,209012,243079,223409,1571,244433,206519,210761,210702,211182,,1152508,1384738,9746053,11317045,249055,,352934,575931,539451,1321,11741139,9923699,,,1[1],1[1],2048[2048],2048[2048],TILE,BFLOAT16,DEV_1_DRAM_INTERLEAVED,1[1],1[1],2048[2048],2048[2048],TILE,BFLOAT16,DEV_1_DRAM_INTERLEAVED,1[1],1[1],2048[2048],2048[2048],TILE,BFLOAT16,DEV_1_DRAM_INTERLEAVED,,,['ttnn/cpp/ttnn/operations/matmul/device/kernels/compute/bmm_large_block_zm_fused_bias_activation.cpp'],['bmm_large_block_zm_fused_bias_activation/11192068228048673779/'],['ttnn/cpp/ttnn/operations/matmul/device/kernels/dataflow/reader_bmm_tile_layout_in0_receiver.cpp'; 'ttnn/cpp/ttnn/operations/matmul/device/kernels/dataflow/reader_bmm_tile_layout_in1_receiver_writer_padding.cpp'; 'ttnn/cpp/ttnn/operations/matmul/device/kernels/dataflow/reader_bmm_tile_layout_in1_sender_writer_padding.cpp'; 'ttnn/cpp/ttnn/operations/matmul/device/kernels/dataflow/reader_bmm_tile_layout_in0_sender_padding.cpp'],['reader_bmm_tile_layout_in0_receiver/17102645427523872040/'; 'reader_bmm_tile_layout_in1_receiver_writer_padding/6891074587381327447/'; 'reader_bmm_tile_layout_in1_sender_writer_padding/16442118699542722342/'; 'reader_bmm_tile_layout_in0_sender_padding/10830808842372326572/'],10238499019388009662,False,2300,1304,2092,2744,2888,0,0,0,0,112979,112979,15258,[74.249267578125; 74.249267578125],[74.249267578125],46.221,,,,,
MatmulDeviceOperation,tt_dnn_device,88064,0,,{'bcast_batch': 'true'; 'compute_kernel_config': 'ComputeKernelConfig(math_fidelity=HiFi4;math_approx_mode=1;fp32_dest_acc_en=0;packer_l1_acc=0;dst_full_sync_en=0;throttle_level=ThrottleLevel::NO_THROTTLE)'; 'global_cb': 'std::nullopt'; 'output_dtype': 'DataType::BFLOAT16'; 'output_mem_config': 'MemoryConfig(memory_layout=TensorMemoryLayout::INTERLEAVED;buffer_type=BufferType::DRAM;shard_spec=std::nullopt;nd_shard_spec=std::nullopt;created_with_nd_shard_spec=0)'; 'output_tile': 'Tile(tile_shape={32; 32};face_shape={16; 16};num_faces=4)'; 'program_config': 'MatmulMultiCoreReuseMultiCastProgramConfig(compute_with_storage_grid_size=(x=11;y=10);in0_block_w=1;out_subblock_h=7;out_subblock_w=1;out_block_h=7;out_block_w=6;per_core_M=7;per_core_N=6;transpose_mcast=0;fused_activation=std::nullopt;fuse_batch=0)'; 'sub_device_id': 'std::nullopt'; 'transpose_a': 'false'; 'transpose_b': 'false'; 'untilize_out': 'false'; 'user_core_coord': 'std::nullopt'; 'user_fused_activation': 'std::nullopt'; 'user_run_batched': 'false'},HiFi4,110,,,3590958318,3590958789,471,1626111786877,1626112161672,229,229,277626,243495,243495,209239,242854,222974,1554,243484,206435,210641,210579,211061,,1127850,1358194,9703305,10436161,248741,,346590,685067,556837,1321,11776548,10698872,,,1[1],1[1],2048[2048],2048[2048],TILE,BFLOAT16,DEV_1_DRAM_INTERLEAVED,1[1],1[1],2048[2048],2048[2048],TILE,BFLOAT16,DEV_1_DRAM_INTERLEAVED,1[1],1[1],2048[2048],2048[2048],TILE,BFLOAT16,DEV_1_DRAM_INTERLEAVED,,,['ttnn/cpp/ttnn/operations/matmul/device/kernels/compute/bmm_large_block_zm_fused_bias_activation.cpp'],['bmm_large_block_zm_fused_bias_activation/11192068228048673779/'],['ttnn/cpp/ttnn/operations/matmul/device/kernels/dataflow/reader_bmm_tile_layout_in0_receiver.cpp'; 'ttnn/cpp/ttnn/operations/matmul/device/kernels/dataflow/reader_bmm_tile_layout_in1_receiver_writer_padding.cpp'; 'ttnn/cpp/ttnn/operations/matmul/device/kernels/dataflow/reader_bmm_tile_layout_in1_sender_writer_padding.cpp'; 'ttnn/cpp/ttnn/operations/matmul/device/kernels/dataflow/reader_bmm_tile_layout_in0_sender_padding.cpp'],['reader_bmm_tile_layout_in0_receiver/17102645427523872040/'; 'reader_bmm_tile_layout_in1_receiver_writer_padding/6891074587381327447/'; 'reader_bmm_tile_layout_in1_sender_writer_padding/16442118699542722342/'; 'reader_bmm_tile_layout_in0_sender_padding/10830808842372326572/'],10238499019388009662,False,2300,1304,2092,2744,2888,0,0,0,0,112979,112979,15258,[74.249267578125; 74.249267578125],[74.249267578125],46.399,,,,,
MatmulDeviceOperation,tt_dnn_device,89088,0,,{'bcast_batch': 'true'; 'compute_kernel_config': 'ComputeKernelConfig(math_fidelity=HiFi4;math_approx_mode=1;fp32_dest_acc_en=0;packer_l1_acc=0;dst_full_sync_en=0;throttle_level=ThrottleLevel::NO_THROTTLE)'; 'global_cb': 'std::nullopt'; 'output_dtype': 'DataType::BFLOAT16'; 'output_mem_config': 'MemoryConfig(memory_layout=TensorMemoryLayout::INTERLEAVED;buffer_type=BufferType::DRAM;shard_spec=std::nullopt;nd_shard_spec=std::nullopt;created_with_nd_shard_spec=0)'; 'output_tile': 'Tile(tile_shape={32; 32};face_shape={16; 16};num_faces=4)'; 'program_config': 'MatmulMultiCoreReuseMultiCastProgramConfig(compute_with_storage_grid_size=(x=11;y=10);in0_block_w=1;out_subblock_h=7;out_subblock_w=1;out_block_h=7;out_block_w=6;per_core_M=7;per_core_N=6;transpose_mcast=0;fused_activation=std::nullopt;fuse_batch=0)'; 'sub_device_id': 'std::nullopt'; 'transpose_a': 'false'; 'transpose_b': 'false'; 'untilize_out': 'false'; 'user_core_coord': 'std::nullopt'; 'user_fused_activation': 'std::nullopt'; 'user_run_batched': 'false'},HiFi4,110,,,3590967135,3590967605,470,1626112117308,1626112491746,255,256,277361,244234,244233,208789,242973,223328,1536,244232,206436,210416,210361,210843,,1117378,1363210,10129676,10124033,260972,,356645,693976,572676,1307,11314422,10997581,,,1[1],1[1],2048[2048],2048[2048],TILE,BFLOAT16,DEV_1_DRAM_INTERLEAVED,1[1],1[1],2048[2048],2048[2048],TILE,BFLOAT16,DEV_1_DRAM_INTERLEAVED,1[1],1[1],2048[2048],2048[2048],TILE,BFLOAT16,DEV_1_DRAM_INTERLEAVED,,,['ttnn/cpp/ttnn/operations/matmul/device/kernels/compute/bmm_large_block_zm_fused_bias_activation.cpp'],['bmm_large_block_zm_fused_bias_activation/11192068228048673779/'],['ttnn/cpp/ttnn/operations/matmul/device/kernels/dataflow/reader_bmm_tile_layout_in0_receiver.cpp'; 'ttnn/cpp/ttnn/operations/matmul/device/kernels/dataflow/reader_bmm_tile_layout_in1_receiver_writer_padding.cpp'; 'ttnn/cpp/ttnn/operations/matmul/device/kernels/dataflow/reader_bmm_tile_layout_in1_sender_writer_padding.cpp'; 'ttnn/cpp/ttnn/operations/matmul/device/kernels/dataflow/reader_bmm_tile_layout_in0_sender_padding.cpp'],['reader_bmm_tile_layout_in0_receiver/17102645427523872040/'; 'reader_bmm_tile_layout_in1_receiver_writer_padding/6891074587381327447/'; 'reader_bmm_tile_layout_in1_sender_writer_padding/16442118699542722342/'; 'reader_bmm_tile_layout_in0_sender_padding/10830808842372326572/'],10238499019388009662,False,2300,1304,2092,2744,2888,0,0,0,0,112979,112979,15258,[74.249267578125; 74.249267578125],[74.249267578125],46.259,,,,,
MatmulDeviceOperation,tt_dnn_device,90112,0,,{'bcast_batch': 'true'; 'compute_kernel_config': 'ComputeKernelConfig(math_fidelity=HiFi4;math_approx_mode=1;fp32_dest_acc_en=0;packer_l1_acc=0;dst_full_sync_en=0;throttle_level=ThrottleLevel::NO_THROTTLE)'; 'global_cb': 'std::nullopt'; 'output_dtype': 'DataType::BFLOAT16'; 'output_mem_config': 'MemoryConfig(memory_layout=TensorMemoryLayout::INTERLEAVED;buffer_type=BufferType::DRAM;shard_spec=std::nullopt;nd_shard_spec=std::nullopt;created_with_nd_shard_spec=0)'; 'output_tile': 'Tile(tile_shape={32; 32};face_shape={16; 16};num_faces=4)'; 'program_config': 'MatmulMultiCoreReuseMultiCastProgramConfig(compute_with_storage_grid_size=(x=11;y=10);in0_block_w=1;out_subblock_h=7;out_subblock_w=1;out_block_h=7;out_block_w=6;per_core_M=7;per_core_N=6;transpose_mcast=0;fused_activation=std::nullopt;fuse_batch=0)'; 'sub_device_id': 'std::nullopt'; 'transpose_a': 'false'; 'transpose_b': 'false'; 'untilize_out': 'false'; 'user_core_coord': 'std::nullopt'; 'user_fused_activation': 'std::nullopt'; 'user_run_batched': 'false'},HiFi4,110,,,3590976793,3590977164,371,1626112445922,1626112821372,263,264,278111,243915,243913,208975,242687,223319,1527,243912,206501,210550,210488,210967,,1123323,1357088,10426135,10329899,261078,,350010,673050,575811,1301,11037825,10823395,,,1[1],1[1],2048[2048],2048[2048],TILE,BFLOAT16,DEV_1_DRAM_INTERLEAVED,1[1],1[1],2048[2048],2048[2048],TILE,BFLOAT16,DEV_1_DRAM_INTERLEAVED,1[1],1[1],2048[2048],2048[2048],TILE,BFLOAT16,DEV_1_DRAM_INTERLEAVED,,,['ttnn/cpp/ttnn/operations/matmul/device/kernels/compute/bmm_large_block_zm_fused_bias_activation.cpp'],['bmm_large_block_zm_fused_bias_activation/11192068228048673779/'],['ttnn/cpp/ttnn/operations/matmul/device/kernels/dataflow/reader_bmm_tile_layout_in0_receiver.cpp'; 'ttnn/cpp/ttnn/operations/matmul/device/kernels/dataflow/reader_bmm_tile_layout_in1_receiver_writer_padding.cpp'; 'ttnn/cpp/ttnn/operations/matmul/device/kernels/dataflow/reader_bmm_tile_layout_in1_sender_writer_padding.cpp'; 'ttnn/cpp/ttnn/operations/matmul/device/kernels/dataflow/reader_bmm_tile_layout_in0_sender_padding.cpp'],['reader_bmm_tile_layout_in0_receiver/17102645427523872040/'; 'reader_bmm_tile_layout_in1_receiver_writer_padding/6891074587381327447/'; 'reader_bmm_tile_layout_in1_sender_writer_padding/16442118699542722342/'; 'reader_bmm_tile_layout_in0_sender_padding/10830808842372326572/'],10238499019388009662,False,2300,1304,2092,2744,2888,0,0,0,0,112979,112979,15258,[74.249267578125; 74.249267578125],[74.249267578125],46.319,,,,,
MatmulDeviceOperation,tt_dnn_device,91136,0,,{'bcast_batch': 'true'; 'compute_kernel_config': 'ComputeKernelConfig(math_fidelity=HiFi4;math_approx_mode=1;fp32_dest_acc_en=0;packer_l1_acc=0;dst_full_sync_en=0;throttle_level=ThrottleLevel::NO_THROTTLE)'; 'global_cb': 'std::nullopt'; 'output_dtype': 'DataType::BFLOAT16'; 'output_mem_config': 'MemoryConfig(memory_layout=TensorMemoryLayout::INTERLEAVED;buffer_type=BufferType::DRAM;shard_spec=std::nullopt;nd_shard_spec=std::nullopt;created_with_nd_shard_spec=0)'; 'output_tile': 'Tile(tile_shape={32; 32};face_shape={16; 16};num_faces=4)'; 'program_config': 'MatmulMultiCoreReuseMultiCastProgramConfig(compute_with_storage_grid_size=(x=11;y=10);in0_block_w=1;out_subblock_h=7;out_subblock_w=1;out_block_h=7;out_block_w=6;per_core_M=7;per_core_N=6;transpose_mcast=0;fused_activation=std::nullopt;fuse_batch=0)'; 'sub_device_id': 'std::nullopt'; 'transpose_a': 'false'; 'transpose_b': 'false'; 'untilize_out': 'false'; 'user_core_coord': 'std::nullopt'; 'user_fused_activation': 'std::nullopt'; 'user_run_batched': 'false'},HiFi4,110,,,3590985319,3590985670,351,1626112776243,1626113149909,151,152,276790,243201,243201,209551,241890,224279,1639,243199,207210,212659,212597,213078,,1111379,1549507,13821444,14110534,325790,,352352,661489,541314,1270,7774554,7167155,,,1[1],1[1],2048[2048],2048[2048],TILE,BFLOAT16,DEV_1_DRAM_INTERLEAVED,1[1],1[1],2048[2048],2048[2048],TILE,BFLOAT16,DEV_1_DRAM_INTERLEAVED,1[1],1[1],2048[2048],2048[2048],TILE,BFLOAT16,DEV_1_DRAM_INTERLEAVED,,,['ttnn/cpp/ttnn/operations/matmul/device/kernels/compute/bmm_large_block_zm_fused_bias_activation.cpp'],['bmm_large_block_zm_fused_bias_activation/11192068228048673779/'],['ttnn/cpp/ttnn/operations/matmul/device/kernels/dataflow/reader_bmm_tile_layout_in0_receiver.cpp'; 'ttnn/cpp/ttnn/operations/matmul/device/kernels/dataflow/reader_bmm_tile_layout_in1_receiver_writer_padding.cpp'; 'ttnn/cpp/ttnn/operations/matmul/device/kernels/dataflow/reader_bmm_tile_layout_in1_sender_writer_padding.cpp'; 'ttnn/cpp/ttnn/operations/matmul/device/kernels/dataflow/reader_bmm_tile_layout_in0_sender_padding.cpp'],['reader_bmm_tile_layout_in0_receiver/17102645427523872040/'; 'reader_bmm_tile_layout_in1_receiver_writer_padding/6891074587381327447/'; 'reader_bmm_tile_layout_in1_sender_writer_padding/16442118699542722342/'; 'reader_bmm_tile_layout_in0_sender_padding/10830808842372326572/'],10238499019388009662,False,2300,1304,2092,2744,2888,0,0,0,0,112979,112979,15258,[74.249267578125; 74.249267578125],[74.249267578125],46.455,,,,,
MatmulDeviceOperation,tt_dnn_device,92160,0,,{'bcast_batch': 'true'; 'compute_kernel_config': 'ComputeKernelConfig(math_fidelity=HiFi4;math_approx_mode=1;fp32_dest_acc_en=0;packer_l1_acc=0;dst_full_sync_en=0;throttle_level=ThrottleLevel::NO_THROTTLE)'; 'global_cb': 'std::nullopt'; 'output_dtype': 'DataType::BFLOAT16'; 'output_mem_config': 'MemoryConfig(memory_layout=TensorMemoryLayout::INTERLEAVED;buffer_type=BufferType::DRAM;shard_spec=std::nullopt;nd_shard_spec=std::nullopt;created_with_nd_shard_spec=0)'; 'output_tile': 'Tile(tile_shape={32; 32};face_shape={16; 16};num_faces=4)'; 'program_config': 'MatmulMultiCoreReuseMultiCastProgramConfig(compute_with_storage_grid_size=(x=11;y=10);in0_block_w=1;out_subblock_h=7;out_subblock_w=1;out_block_h=7;out_block_w=6;per_core_M=7;per_core_N=6;transpose_mcast=0;fused_activation=std::nullopt;fuse_batch=0)'; 'sub_device_id': 'std::nullopt'; 'transpose_a': 'false'; 'transpose_b': 'false'; 'untilize_out': 'false'; 'user_core_coord': 'std::nullopt'; 'user_fused_activation': 'std::nullopt'; 'user_run_batched': 'false'},HiFi4,110,,,3590993956,3590994337,381,1626113106738,1626113479380,265,267,276031,243796,243795,209079,242853,223315,1530,243795,206316,210520,210460,210936,,1123120,1369467,10172924,10782366,253575,,351976,642063,592948,1316,11293357,10378968,,,1[1],1[1],2048[2048],2048[2048],TILE,BFLOAT16,DEV_1_DRAM_INTERLEAVED,1[1],1[1],2048[2048],2048[2048],TILE,BFLOAT16,DEV_1_DRAM_INTERLEAVED,1[1],1[1],2048[2048],2048[2048],TILE,BFLOAT16,DEV_1_DRAM_INTERLEAVED,,,['ttnn/cpp/ttnn/operations/matmul/device/kernels/compute/bmm_large_block_zm_fused_bias_activation.cpp'],['bmm_large_block_zm_fused_bias_activation/11192068228048673779/'],['ttnn/cpp/ttnn/operations/matmul/device/kernels/dataflow/reader_bmm_tile_layout_in0_receiver.cpp'; 'ttnn/cpp/ttnn/operations/matmul/device/kernels/dataflow/reader_bmm_tile_layout_in1_receiver_writer_padding.cpp'; 'ttnn/cpp/ttnn/operations/matmul/device/kernels/dataflow/reader_bmm_tile_layout_in1_sender_writer_padding.cpp'; 'ttnn/cpp/ttnn/operations/matmul/device/kernels/dataflow/reader_bmm_tile_layout_in0_sender_padding.cpp'],['reader_bmm_tile_layout_in0_receiver/17102645427523872040/'; 'reader_bmm_tile_layout_in1_receiver_writer_padding/6891074587381327447/'; 'reader_bmm_tile_layout_in1_sender_writer_padding/16442118699542722342/'; 'reader_bmm_tile_layout_in0_sender_padding/10830808842372326572/'],10238499019388009662,False,2300,1304,2092,2744,2888,0,0,0,0,112979,112979,15258,[74.249267578125; 74.249267578125],[74.249267578125],46.342,,,,,
MatmulDeviceOperation,tt_dnn_device,93184,0,,{'bcast_batch': 'true'; 'compute_kernel_config': 'ComputeKernelConfig(math_fidelity=HiFi4;math_approx_mode=1;fp32_dest_acc_en=0;packer_l1_acc=0;dst_full_sync_en=0;throttle_level=ThrottleLevel::NO_THROTTLE)'; 'global_cb': 'std::nullopt'; 'output_dtype': 'DataType::BFLOAT16'; 'output_mem_config': 'MemoryConfig(memory_layout=TensorMemoryLayout::INTERLEAVED;buffer_type=BufferType::DRAM;shard_spec=std::nullopt;nd_shard_spec=std::nullopt;created_with_nd_shard_spec=0)'; 'output_tile': 'Tile(tile_shape={32; 32};face_shape={16; 16};num_faces=4)'; 'program_config': 'MatmulMultiCoreReuseMultiCastProgramConfig(compute_with_storage_grid_size=(x=11;y=10);in0_block_w=1;out_subblock_h=7;out_subblock_w=1;out_block_h=7;out_block_w=6;per_core_M=7;per_core_N=6;transpose_mcast=0;fused_activation=std::nullopt;fuse_batch=0)'; 'sub_device_id': 'std::nullopt'; 'transpose_a': 'false'; 'transpose_b': 'false'; 'untilize_out': 'false'; 'user_core_coord': 'std::nullopt'; 'user_fused_activation': 'std::nullopt'; 'user_run_batched': 'false'},HiFi4,110,,,3591002893,3591003264,371,1626113434552,1626113808387,254,256,276915,243453,243451,208944,242286,222959,1560,243435,206464,210445,210384,210860,,1116001,1355147,10237910,9965739,260963,,344965,711567,567588,1310,11221008,11141978,,,1[1],1[1],2048[2048],2048[2048],TILE,BFLOAT16,DEV_1_DRAM_INTERLEAVED,1[1],1[1],2048[2048],2048[2048],TILE,BFLOAT16,DEV_1_DRAM_INTERLEAVED,1[1],1[1],2048[2048],2048[2048],TILE,BFLOAT16,DEV_1_DRAM_INTERLEAVED,,,['ttnn/cpp/ttnn/operations/matmul/device/kernels/compute/bmm_large_block_zm_fused_bias_activation.cpp'],['bmm_large_block_zm_fused_bias_activation/11192068228048673779/'],['ttnn/cpp/ttnn/operations/matmul/device/kernels/dataflow/reader_bmm_tile_layout_in0_receiver.cpp'; 'ttnn/cpp/ttnn/operations/matmul/device/kernels/dataflow/reader_bmm_tile_layout_in1_receiver_writer_padding.cpp'; 'ttnn/cpp/ttnn/operations/matmul/device/kernels/dataflow/reader_bmm_tile_layout_in1_sender_writer_padding.cpp'; 'ttnn/cpp/ttnn/operations/matmul/device/kernels/dataflow/reader_bmm_tile_layout_in0_sender_padding.cpp'],['reader_bmm_tile_layout_in0_receiver/17102645427523872040/'; 'reader_bmm_tile_layout_in1_receiver_writer_padding/6891074587381327447/'; 'reader_bmm_tile_layout_in1_sender_writer_padding/16442118699542722342/'; 'reader_bmm_tile_layout_in0_sender_padding/10830808842372326572/'],10238499019388009662,False,2300,1304,2092,2744,2888,0,0,0,0,112979,112979,15258,[74.249267578125; 74.249267578125],[74.249267578125],46.407,,,,,
MatmulDeviceOperation,tt_dnn_device,94208,0,,{'bcast_batch': 'true'; 'compute_kernel_config': 'ComputeKernelConfig(math_fidelity=HiFi4;math_approx_mode=1;fp32_dest_acc_en=0;packer_l1_acc=0;dst_full_sync_en=0;throttle_level=ThrottleLevel::NO_THROTTLE)'; 'global_cb': 'std::nullopt'; 'output_dtype': 'DataType::BFLOAT16'; 'output_mem_config': 'MemoryConfig(memory_layout=TensorMemoryLayout::INTERLEAVED;buffer_type=BufferType::DRAM;shard_spec=std::nullopt;nd_shard_spec=std::nullopt;created_with_nd_shard_spec=0)'; 'output_tile': 'Tile(tile_shape={32; 32};face_shape={16; 16};num_faces=4)'; 'program_config': 'MatmulMultiCoreReuseMultiCastProgramConfig(compute_with_storage_grid_size=(x=11;y=10);in0_block_w=1;out_subblock_h=7;out_subblock_w=1;out_block_h=7;out_block_w=6;per_core_M=7;per_core_N=6;transpose_mcast=0;fused_activation=std::nullopt;fuse_batch=0)'; 'sub_device_id': 'std::nullopt'; 'transpose_a': 'false'; 'transpose_b': 'false'; 'untilize_out': 'false'; 'user_core_coord': 'std::nullopt'; 'user_fused_activation': 'std::nullopt'; 'user_run_batched': 'false'},HiFi4,110,,,3591011430,3591011780,350,1626113763794,1626114137918,252,252,277129,243846,243846,208988,242558,223194,1517,243843,206416,210536,210481,210958,,1116999,1354859,10305477,10484281,259030,,343806,677417,596525,1292,11167139,10663920,,,1[1],1[1],2048[2048],2048[2048],TILE,BFLOAT16,DEV_1_DRAM_INTERLEAVED,1[1],1[1],2048[2048],2048[2048],TILE,BFLOAT16,DEV_1_DRAM_INTERLEAVED,1[1],1[1],2048[2048],2048[2048],TILE,BFLOAT16,DEV_1_DRAM_INTERLEAVED,,,['ttnn/cpp/ttnn/operations/matmul/device/kernels/compute/bmm_large_block_zm_fused_bias_activation.cpp'],['bmm_large_block_zm_fused_bias_activation/11192068228048673779/'],['ttnn/cpp/ttnn/operations/matmul/device/kernels/dataflow/reader_bmm_tile_layout_in0_receiver.cpp'; 'ttnn/cpp/ttnn/operations/matmul/device/kernels/dataflow/reader_bmm_tile_layout_in1_receiver_writer_padding.cpp'; 'ttnn/cpp/ttnn/operations/matmul/device/kernels/dataflow/reader_bmm_tile_layout_in1_sender_writer_padding.cpp'; 'ttnn/cpp/ttnn/operations/matmul/device/kernels/dataflow/reader_bmm_tile_layout_in0_sender_padding.cpp'],['reader_bmm_tile_layout_in0_receiver/17102645427523872040/'; 'reader_bmm_tile_layout_in1_receiver_writer_padding/6891074587381327447/'; 'reader_bmm_tile_layout_in1_sender_writer_padding/16442118699542722342/'; 'reader_bmm_tile_layout_in0_sender_padding/10830808842372326572/'],10238499019388009662,False,2300,1304,2092,2744,2888,0,0,0,0,112979,112979,15258,[74.249267578125; 74.249267578125],[74.249267578125],46.332,,,,,
MatmulDeviceOperation,tt_dnn_device,95232,0,,{'bcast_batch': 'true'; 'compute_kernel_config': 'ComputeKernelConfig(math_fidelity=HiFi4;math_approx_mode=1;fp32_dest_acc_en=0;packer_l1_acc=0;dst_full_sync_en=0;throttle_level=ThrottleLevel::NO_THROTTLE)'; 'global_cb': 'std::nullopt'; 'output_dtype': 'DataType::BFLOAT16'; 'output_mem_config': 'MemoryConfig(memory_layout=TensorMemoryLayout::INTERLEAVED;buffer_type=BufferType::DRAM;shard_spec=std::nullopt;nd_shard_spec=std::nullopt;created_with_nd_shard_spec=0)'; 'output_tile': 'Tile(tile_shape={32; 32};face_shape={16; 16};num_faces=4)'; 'program_config': 'MatmulMultiCoreReuseMultiCastProgramConfig(compute_with_storage_grid_size=(x=11;y=10);in0_block_w=1;out_subblock_h=7;out_subblock_w=1;out_block_h=7;out_block_w=6;per_core_M=7;per_core_N=6;transpose_mcast=0;fused_activation=std::nullopt;fuse_batch=0)'; 'sub_device_id': 'std::nullopt'; 'transpose_a': 'false'; 'transpose_b': 'false'; 'untilize_out': 'false'; 'user_core_coord': 'std::nullopt'; 'user_fused_activation': 'std::nullopt'; 'user_run_batched': 'false'},HiFi4,110,,,3591020126,3591020477,351,1626114092909,1626114466694,254,254,276878,243282,243282,209077,241951,222890,1527,243276,206594,210479,210420,210893,,1120461,1368984,10144574,9770644,261651,,353794,722661,544307,1290,11309887,11342487,,,1[1],1[1],2048[2048],2048[2048],TILE,BFLOAT16,DEV_1_DRAM_INTERLEAVED,1[1],1[1],2048[2048],2048[2048],TILE,BFLOAT16,DEV_1_DRAM_INTERLEAVED,1[1],1[1],2048[2048],2048[2048],TILE,BFLOAT16,DEV_1_DRAM_INTERLEAVED,,,['ttnn/cpp/ttnn/operations/matmul/device/kernels/compute/bmm_large_block_zm_fused_bias_activation.cpp'],['bmm_large_block_zm_fused_bias_activation/11192068228048673779/'],['ttnn/cpp/ttnn/operations/matmul/device/kernels/dataflow/reader_bmm_tile_layout_in0_receiver.cpp'; 'ttnn/cpp/ttnn/operations/matmul/device/kernels/dataflow/reader_bmm_tile_layout_in1_receiver_writer_padding.cpp'; 'ttnn/cpp/ttnn/operations/matmul/device/kernels/dataflow/reader_bmm_tile_layout_in1_sender_writer_padding.cpp'; 'ttnn/cpp/ttnn/operations/matmul/device/kernels/dataflow/reader_bmm_tile_layout_in0_sender_padding.cpp'],['reader_bmm_tile_layout_in0_receiver/17102645427523872040/'; 'reader_bmm_tile_layout_in1_receiver_writer_padding/6891074587381327447/'; 'reader_bmm_tile_layout_in1_sender_writer_padding/16442118699542722342/'; 'reader_bmm_tile_layout_in0_sender_padding/10830808842372326572/'],10238499019388009662,False,2300,1304,2092,2744,2888,0,0,0,0,112979,112979,15258,[74.249267578125; 74.249267578125],[74.249267578125],46.44,,,,,
MatmulDeviceOperation,tt_dnn_device,96256,0,,{'bcast_batch': 'true'; 'compute_kernel_config': 'ComputeKernelConfig(math_fidelity=HiFi4;math_approx_mode=1;fp32_dest_acc_en=0;packer_l1_acc=0;dst_full_sync_en=0;throttle_level=ThrottleLevel::NO_THROTTLE)'; 'global_cb': 'std::nullopt'; 'output_dtype': 'DataType::BFLOAT16'; 'output_mem_config': 'MemoryConfig(memory_layout=TensorMemoryLayout::INTERLEAVED;buffer_type=BufferType::DRAM;shard_spec=std::nullopt;nd_shard_spec=std::nullopt;created_with_nd_shard_spec=0)'; 'output_tile': 'Tile(tile_shape={32; 32};face_shape={16; 16};num_faces=4)'; 'program_config': 'MatmulMultiCoreReuseMultiCastProgramConfig(compute_with_storage_grid_size=(x=11;y=10);in0_block_w=1;out_subblock_h=7;out_subblock_w=1;out_block_h=7;out_block_w=6;per_core_M=7;per_core_N=6;transpose_mcast=0;fused_activation=std::nullopt;fuse_batch=0)'; 'sub_device_id': 'std::nullopt'; 'transpose_a': 'false'; 'transpose_b': 'false'; 'untilize_out': 'false'; 'user_core_coord': 'std::nullopt'; 'user_fused_activation': 'std::nullopt'; 'user_run_batched': 'false'},HiFi4,110,,,3591028693,3591029094,401,1626114422549,1626114796723,259,261,277166,244207,244205,208922,242915,223280,1522,244201,206604,210501,210441,210919,,1134748,1368153,10333295,10128096,258954,,359033,702757,558794,1313,11125999,11003347,,,1[1],1[1],2048[2048],2048[2048],TILE,BFLOAT16,DEV_1_DRAM_INTERLEAVED,1[1],1[1],2048[2048],2048[2048],TILE,BFLOAT16,DEV_1_DRAM_INTERLEAVED,1[1],1[1],2048[2048],2048[2048],TILE,BFLOAT16,DEV_1_DRAM_INTERLEAVED,,,['ttnn/cpp/ttnn/operations/matmul/device/kernels/compute/bmm_large_block_zm_fused_bias_activation.cpp'],['bmm_large_block_zm_fused_bias_activation/11192068228048673779/'],['ttnn/cpp/ttnn/operations/matmul/device/kernels/dataflow/reader_bmm_tile_layout_in0_receiver.cpp'; 'ttnn/cpp/ttnn/operations/matmul/device/kernels/dataflow/reader_bmm_tile_layout_in1_receiver_writer_padding.cpp'; 'ttnn/cpp/ttnn/operations/matmul/device/kernels/dataflow/reader_bmm_tile_layout_in1_sender_writer_padding.cpp'; 'ttnn/cpp/ttnn/operations/matmul/device/kernels/dataflow/reader_bmm_tile_layout_in0_sender_padding.cpp'],['reader_bmm_tile_layout_in0_receiver/17102645427523872040/'; 'reader_bmm_tile_layout_in1_receiver_writer_padding/6891074587381327447/'; 'reader_bmm_tile_layout_in1_sender_writer_padding/16442118699542722342/'; 'reader_bmm_tile_layout_in0_sender_padding/10830808842372326572/'],10238499019388009662,False,2300,1304,2092,2744,2888,0,0,0,0,112979,112979,15258,[74.249267578125; 74.249267578125],[74.249267578125],46.264,,,,,
MatmulDeviceOperation,tt_dnn_device,97280,0,,{'bcast_batch': 'true'; 'compute_kernel_config': 'ComputeKernelConfig(math_fidelity=HiFi4;math_approx_mode=1;fp32_dest_acc_en=0;packer_l1_acc=0;dst_full_sync_en=0;throttle_level=ThrottleLevel::NO_THROTTLE)'; 'global_cb': 'std::nullopt'; 'output_dtype': 'DataType::BFLOAT16'; 'output_mem_config': 'MemoryConfig(memory_layout=TensorMemoryLayout::INTERLEAVED;buffer_type=BufferType::DRAM;shard_spec=std::nullopt;nd_shard_spec=std::nullopt;created_with_nd_shard_spec=0)'; 'output_tile': 'Tile(tile_shape={32; 32};face_shape={16; 16};num_faces=4)'; 'program_config': 'MatmulMultiCoreReuseMultiCastProgramConfig(compute_with_storage_grid_size=(x=11;y=10);in0_block_w=1;out_subblock_h=7;out_subblock_w=1;out_block_h=7;out_block_w=6;per_core_M=7;per_core_N=6;transpose_mcast=0;fused_activation=std::nullopt;fuse_batch=0)'; 'sub_device_id': 'std::nullopt'; 'transpose_a': 'false'; 'transpose_b': 'false'; 'untilize_out': 'false'; 'user_core_coord': 'std::nullopt'; 'user_fused_activation': 'std::nullopt'; 'user_run_batched': 'false'},HiFi4,110,,,3591037179,3591037570,391,1626114751127,1626115126705,259,259,278206,244173,244173,209319,242893,224767,1530,244173,207301,212801,212742,213226,,1127051,1557565,13519142,14500610,320430,,355942,617860,526508,1287,8087623,6828219,,,1[1],1[1],2048[2048],2048[2048],TILE,BFLOAT16,DEV_1_DRAM_INTERLEAVED,1[1],1[1],2048[2048],2048[2048],TILE,BFLOAT16,DEV_1_DRAM_INTERLEAVED,1[1],1[1],2048[2048],2048[2048],TILE,BFLOAT16,DEV_1_DRAM_INTERLEAVED,,,['ttnn/cpp/ttnn/operations/matmul/device/kernels/compute/bmm_large_block_zm_fused_bias_activation.cpp'],['bmm_large_block_zm_fused_bias_activation/11192068228048673779/'],['ttnn/cpp/ttnn/operations/matmul/device/kernels/dataflow/reader_bmm_tile_layout_in0_receiver.cpp'; 'ttnn/cpp/ttnn/operations/matmul/device/kernels/dataflow/reader_bmm_tile_layout_in1_receiver_writer_padding.cpp'; 'ttnn/cpp/ttnn/operations/matmul/device/kernels/dataflow/reader_bmm_tile_layout_in1_sender_writer_padding.cpp'; 'ttnn/cpp/ttnn/operations/matmul/device/kernels/dataflow/reader_bmm_tile_layout_in0_sender_padding.cpp'],['reader_bmm_tile_layout_in0_receiver/17102645427523872040/'; 'reader_bmm_tile_layout_in1_receiver_writer_padding/6891074587381327447/'; 'reader_bmm_tile_layout_in1_sender_writer_padding/16442118699542722342/'; 'reader_bmm_tile_layout_in0_sender_padding/10830808842372326572/'],10238499019388009662,False,2300,1304,2092,2744,2888,0,0,0,0,112979,112979,15258,[74.249267578125; 74.249267578125],[74.249267578125],46.27,,,,,
MatmulDeviceOperation,tt_dnn_device,98304,0,,{'bcast_batch': 'true'; 'compute_kernel_config': 'ComputeKernelConfig(math_fidelity=HiFi4;math_approx_mode=1;fp32_dest_acc_en=0;packer_l1_acc=0;dst_full_sync_en=0;throttle_level=ThrottleLevel::NO_THROTTLE)'; 'global_cb': 'std::nullopt'; 'output_dtype': 'DataType::BFLOAT16'; 'output_mem_config': 'MemoryConfig(memory_layout=TensorMemoryLayout::INTERLEAVED;buffer_type=BufferType::DRAM;shard_spec=std::nullopt;nd_shard_spec=std::nullopt;created_with_nd_shard_spec=0)'; 'output_tile': 'Tile(tile_shape={32; 32};face_shape={16; 16};num_faces=4)'; 'program_config': 'MatmulMultiCoreReuseMultiCastProgramConfig(compute_with_storage_grid_size=(x=11;y=10);in0_block_w=1;out_subblock_h=7;out_subblock_w=1;out_block_h=7;out_block_w=6;per_core_M=7;per_core_N=6;transpose_mcast=0;fused_activation=std::nullopt;fuse_batch=0)'; 'sub_device_id': 'std::nullopt'; 'transpose_a': 'false'; 'transpose_b': 'false'; 'untilize_out': 'false'; 'user_core_coord': 'std::nullopt'; 'user_fused_activation': 'std::nullopt'; 'user_run_batched': 'false'},HiFi4,110,,,3591045836,3591046216,380,1626115081925,1626115455859,253,253,276988,243564,243564,209073,242462,223211,1522,243561,206404,210573,210521,211001,,1126904,1361462,9971104,10518510,252756,,340974,678224,589375,1323,11506044,10614742,,,1[1],1[1],2048[2048],2048[2048],TILE,BFLOAT16,DEV_1_DRAM_INTERLEAVED,1[1],1[1],2048[2048],2048[2048],TILE,BFLOAT16,DEV_1_DRAM_INTERLEAVED,1[1],1[1],2048[2048],2048[2048],TILE,BFLOAT16,DEV_1_DRAM_INTERLEAVED,,,['ttnn/cpp/ttnn/operations/matmul/device/kernels/compute/bmm_large_block_zm_fused_bias_activation.cpp'],['bmm_large_block_zm_fused_bias_activation/11192068228048673779/'],['ttnn/cpp/ttnn/operations/matmul/device/kernels/dataflow/reader_bmm_tile_layout_in0_receiver.cpp'; 'ttnn/cpp/ttnn/operations/matmul/device/kernels/dataflow/reader_bmm_tile_layout_in1_receiver_writer_padding.cpp'; 'ttnn/cpp/ttnn/operations/matmul/device/kernels/dataflow/reader_bmm_tile_layout_in1_sender_writer_padding.cpp'; 'ttnn/cpp/ttnn/operations/matmul/device/kernels/dataflow/reader_bmm_tile_layout_in0_sender_padding.cpp'],['reader_bmm_tile_layout_in0_receiver/17102645427523872040/'; 'reader_bmm_tile_layout_in1_receiver_writer_padding/6891074587381327447/'; 'reader_bmm_tile_layout_in1_sender_writer_padding/16442118699542722342/'; 'reader_bmm_tile_layout_in0_sender_padding/10830808842372326572/'],10238499019388009662,False,2300,1304,2092,2744,2888,0,0,0,0,112979,112979,15258,[74.249267578125; 74.249267578125],[74.249267578125],46.386,,,,,
MatmulDeviceOperation,tt_dnn_device,99328,0,,{'bcast_batch': 'true'; 'compute_kernel_config': 'ComputeKernelConfig(math_fidelity=HiFi4;math_approx_mode=1;fp32_dest_acc_en=0;packer_l1_acc=0;dst_full_sync_en=0;throttle_level=ThrottleLevel::NO_THROTTLE)'; 'global_cb': 'std::nullopt'; 'output_dtype': 'DataType::BFLOAT16'; 'output_mem_config': 'MemoryConfig(memory_layout=TensorMemoryLayout::INTERLEAVED;buffer_type=BufferType::DRAM;shard_spec=std::nullopt;nd_shard_spec=std::nullopt;created_with_nd_shard_spec=0)'; 'output_tile': 'Tile(tile_shape={32; 32};face_shape={16; 16};num_faces=4)'; 'program_config': 'MatmulMultiCoreReuseMultiCastProgramConfig(compute_with_storage_grid_size=(x=11;y=10);in0_block_w=1;out_subblock_h=7;out_subblock_w=1;out_block_h=7;out_block_w=6;per_core_M=7;per_core_N=6;transpose_mcast=0;fused_activation=std::nullopt;fuse_batch=0)'; 'sub_device_id': 'std::nullopt'; 'transpose_a': 'false'; 'transpose_b': 'false'; 'untilize_out': 'false'; 'user_core_coord': 'std::nullopt'; 'user_fused_activation': 'std::nullopt'; 'user_run_batched': 'false'},HiFi4,110,,,3591054272,3591054653,381,1626115411351,1626115785781,253,253,277356,244136,244136,209021,242807,223636,1537,244136,206427,210617,210555,211037,,1133662,1363363,10278225,10484231,257658,,346439,649937,598104,1307,11192903,10686987,,,1[1],1[1],2048[2048],2048[2048],TILE,BFLOAT16,DEV_1_DRAM_INTERLEAVED,1[1],1[1],2048[2048],2048[2048],TILE,BFLOAT16,DEV_1_DRAM_INTERLEAVED,1[1],1[1],2048[2048],2048[2048],TILE,BFLOAT16,DEV_1_DRAM_INTERLEAVED,,,['ttnn/cpp/ttnn/operations/matmul/device/kernels/compute/bmm_large_block_zm_fused_bias_activation.cpp'],['bmm_large_block_zm_fused_bias_activation/11192068228048673779/'],['ttnn/cpp/ttnn/operations/matmul/device/kernels/dataflow/reader_bmm_tile_layout_in0_receiver.cpp'; 'ttnn/cpp/ttnn/operations/matmul/device/kernels/dataflow/reader_bmm_tile_layout_in1_receiver_writer_padding.cpp'; 'ttnn/cpp/ttnn/operations/matmul/device/kernels/dataflow/reader_bmm_tile_layout_in1_sender_writer_padding.cpp'; 'ttnn/cpp/ttnn/operations/matmul/device/kernels/dataflow/reader_bmm_tile_layout_in0_sender_padding.cpp'],['reader_bmm_tile_layout_in0_receiver/17102645427523872040/'; 'reader_bmm_tile_layout_in1_receiver_writer_padding/6891074587381327447/'; 'reader_bmm_tile_layout_in1_sender_writer_padding/16442118699542722342/'; 'reader_bmm_tile_layout_in0_sender_padding/10830808842372326572/'],10238499019388009662,False,2300,1304,2092,2744,2888,0,0,0,0,112979,112979,15258,[74.249267578125; 74.249267578125],[74.249267578125],46.277,,,,,
MatmulDeviceOperation,tt_dnn_device,100352,0,,{'bcast_batch': 'true'; 'compute_kernel_config': 'ComputeKernelConfig(math_fidelity=HiFi4;math_approx_mode=1;fp32_dest_acc_en=0;packer_l1_acc=0;dst_full_sync_en=0;throttle_level=ThrottleLevel::NO_THROTTLE)'; 'global_cb': 'std::nullopt'; 'output_dtype': 'DataType::BFLOAT16'; 'output_mem_config': 'MemoryConfig(memory_layout=TensorMemoryLayout::INTERLEAVED;buffer_type=BufferType::DRAM;shard_spec=std::nullopt;nd_shard_spec=std::nullopt;created_with_nd_shard_spec=0)'; 'output_tile': 'Tile(tile_shape={32; 32};face_shape={16; 16};num_faces=4)'; 'program_config': 'MatmulMultiCoreReuseMultiCastProgramConfig(compute_with_storage_grid_size=(x=11;y=10);in0_block_w=1;out_subblock_h=7;out_subblock_w=1;out_block_h=7;out_block_w=6;per_core_M=7;per_core_N=6;transpose_mcast=0;fused_activation=std::nullopt;fuse_batch=0)'; 'sub_device_id': 'std::nullopt'; 'transpose_a': 'false'; 'transpose_b': 'false'; 'untilize_out': 'false'; 'user_core_coord': 'std::nullopt'; 'user_fused_activation': 'std::nullopt'; 'user_run_batched': 'false'},HiFi4,110,,,3591062949,3591063409,460,1626115740414,1626116114992,251,251,277465,243609,243609,209110,242465,222988,1536,243609,206359,210588,210531,211006,,1128563,1369598,10068604,10853190,250474,,351109,644221,553493,1322,11409114,10314589,,,1[1],1[1],2048[2048],2048[2048],TILE,BFLOAT16,DEV_1_DRAM_INTERLEAVED,1[1],1[1],2048[2048],2048[2048],TILE,BFLOAT16,DEV_1_DRAM_INTERLEAVED,1[1],1[1],2048[2048],2048[2048],TILE,BFLOAT16,DEV_1_DRAM_INTERLEAVED,,,['ttnn/cpp/ttnn/operations/matmul/device/kernels/compute/bmm_large_block_zm_fused_bias_activation.cpp'],['bmm_large_block_zm_fused_bias_activation/11192068228048673779/'],['ttnn/cpp/ttnn/operations/matmul/device/kernels/dataflow/reader_bmm_tile_layout_in0_receiver.cpp'; 'ttnn/cpp/ttnn/operations/matmul/device/kernels/dataflow/reader_bmm_tile_layout_in1_receiver_writer_padding.cpp'; 'ttnn/cpp/ttnn/operations/matmul/device/kernels/dataflow/reader_bmm_tile_layout_in1_sender_writer_padding.cpp'; 'ttnn/cpp/ttnn/operations/matmul/device/kernels/dataflow/reader_bmm_tile_layout_in0_sender_padding.cpp'],['reader_bmm_tile_layout_in0_receiver/17102645427523872040/'; 'reader_bmm_tile_layout_in1_receiver_writer_padding/6891074587381327447/'; 'reader_bmm_tile_layout_in1_sender_writer_padding/16442118699542722342/'; 'reader_bmm_tile_layout_in0_sender_padding/10830808842372326572/'],10238499019388009662,False,2300,1304,2092,2744,2888,0,0,0,0,112979,112979,15258,[74.249267578125; 74.249267578125],[74.249267578125],46.377,,,,,
MatmulDeviceOperation,tt_dnn_device,101376,0,,{'bcast_batch': 'true'; 'compute_kernel_config': 'ComputeKernelConfig(math_fidelity=HiFi4;math_approx_mode=1;fp32_dest_acc_en=0;packer_l1_acc=0;dst_full_sync_en=0;throttle_level=ThrottleLevel::NO_THROTTLE)'; 'global_cb': 'std::nullopt'; 'output_dtype': 'DataType::BFLOAT16'; 'output_mem_config': 'MemoryConfig(memory_layout=TensorMemoryLayout::INTERLEAVED;buffer_type=BufferType::DRAM;shard_spec=std::nullopt;nd_shard_spec=std::nullopt;created_with_nd_shard_spec=0)'; 'output_tile': 'Tile(tile_shape={32; 32};face_shape={16; 16};num_faces=4)'; 'program_config': 'MatmulMultiCoreReuseMultiCastProgramConfig(compute_with_storage_grid_size=(x=11;y=10);in0_block_w=1;out_subblock_h=7;out_subblock_w=1;out_block_h=7;out_block_w=6;per_core_M=7;per_core_N=6;transpose_mcast=0;fused_activation=std::nullopt;fuse_batch=0)'; 'sub_device_id': 'std::nullopt'; 'transpose_a': 'false'; 'transpose_b': 'false'; 'untilize_out': 'false'; 'user_core_coord': 'std::nullopt'; 'user_fused_activation': 'std::nullopt'; 'user_run_batched': 'false'},HiFi4,110,,,3591071645,3591072036,391,1626116070469,1626116443761,147,149,276513,243385,243384,208815,242011,222722,1637,243384,206638,210396,210336,210817,,1124083,1364274,10187071,9693718,258981,,355381,716085,527090,1339,11263981,11429430,,,1[1],1[1],2048[2048],2048[2048],TILE,BFLOAT16,DEV_1_DRAM_INTERLEAVED,1[1],1[1],2048[2048],2048[2048],TILE,BFLOAT16,DEV_1_DRAM_INTERLEAVED,1[1],1[1],2048[2048],2048[2048],TILE,BFLOAT16,DEV_1_DRAM_INTERLEAVED,,,['ttnn/cpp/ttnn/operations/matmul/device/kernels/compute/bmm_large_block_zm_fused_bias_activation.cpp'],['bmm_large_block_zm_fused_bias_activation/11192068228048673779/'],['ttnn/cpp/ttnn/operations/matmul/device/kernels/dataflow/reader_bmm_tile_layout_in0_receiver.cpp'; 'ttnn/cpp/ttnn/operations/matmul/device/kernels/dataflow/reader_bmm_tile_layout_in1_receiver_writer_padding.cpp'; 'ttnn/cpp/ttnn/operations/matmul/device/kernels/dataflow/reader_bmm_tile_layout_in1_sender_writer_padding.cpp'; 'ttnn/cpp/ttnn/operations/matmul/device/kernels/dataflow/reader_bmm_tile_layout_in0_sender_padding.cpp'],['reader_bmm_tile_layout_in0_receiver/17102645427523872040/'; 'reader_bmm_tile_layout_in1_receiver_writer_padding/6891074587381327447/'; 'reader_bmm_tile_layout_in1_sender_writer_padding/16442118699542722342/'; 'reader_bmm_tile_layout_in0_sender_padding/10830808842372326572/'],10238499019388009662,False,2300,1304,2092,2744,2888,0,0,0,0,112979,112979,15258,[74.249267578125; 74.249267578125],[74.249267578125],46.42,,,,,
MatmulDeviceOperation,tt_dnn_device,102400,0,,{'bcast_batch': 'true'; 'compute_kernel_config': 'ComputeKernelConfig(math_fidelity=HiFi4;math_approx_mode=1;fp32_dest_acc_en=0;packer_l1_acc=0;dst_full_sync_en=0;throttle_level=ThrottleLevel::NO_THROTTLE)'; 'global_cb': 'std::nullopt'; 'output_dtype': 'DataType::BFLOAT16'; 'output_mem_config': 'MemoryConfig(memory_layout=TensorMemoryLayout::INTERLEAVED;buffer_type=BufferType::DRAM;shard_spec=std::nullopt;nd_shard_spec=std::nullopt;created_with_nd_shard_spec=0)'; 'output_tile': 'Tile(tile_shape={32; 32};face_shape={16; 16};num_faces=4)'; 'program_config': 'MatmulMultiCoreReuseMultiCastProgramConfig(compute_with_storage_grid_size=(x=11;y=10);in0_block_w=1;out_subblock_h=7;out_subblock_w=1;out_block_h=7;out_block_w=6;per_core_M=7;per_core_N=6;transpose_mcast=0;fused_activation=std::nullopt;fuse_batch=0)'; 'sub_device_id': 'std::nullopt'; 'transpose_a': 'false'; 'transpose_b': 'false'; 'untilize_out': 'false'; 'user_core_coord': 'std::nullopt'; 'user_fused_activation': 'std::nullopt'; 'user_run_batched': 'false'},HiFi4,110,,,3591080833,3591081204,371,1626116399139,1626116773443,201,204,277262,244007,244004,209049,242695,223155,1585,244004,206441,210652,210592,211071,,1131519,1362149,9855564,10449419,246805,,343215,671856,604216,1306,11628981,10699795,,,1[1],1[1],2048[2048],2048[2048],TILE,BFLOAT16,DEV_1_DRAM_INTERLEAVED,1[1],1[1],2048[2048],2048[2048],TILE,BFLOAT16,DEV_1_DRAM_INTERLEAVED,1[1],1[1],2048[2048],2048[2048],TILE,BFLOAT16,DEV_1_DRAM_INTERLEAVED,,,['ttnn/cpp/ttnn/operations/matmul/device/kernels/compute/bmm_large_block_zm_fused_bias_activation.cpp'],['bmm_large_block_zm_fused_bias_activation/11192068228048673779/'],['ttnn/cpp/ttnn/operations/matmul/device/kernels/dataflow/reader_bmm_tile_layout_in0_receiver.cpp'; 'ttnn/cpp/ttnn/operations/matmul/device/kernels/dataflow/reader_bmm_tile_layout_in1_receiver_writer_padding.cpp'; 'ttnn/cpp/ttnn/operations/matmul/device/kernels/dataflow/reader_bmm_tile_layout_in1_sender_writer_padding.cpp'; 'ttnn/cpp/ttnn/operations/matmul/device/kernels/dataflow/reader_bmm_tile_layout_in0_sender_padding.cpp'],['reader_bmm_tile_layout_in0_receiver/17102645427523872040/'; 'reader_bmm_tile_layout_in1_receiver_writer_padding/6891074587381327447/'; 'reader_bmm_tile_layout_in1_sender_writer_padding/16442118699542722342/'; 'reader_bmm_tile_layout_in0_sender_padding/10830808842372326572/'],10238499019388009662,False,2300,1304,2092,2744,2888,0,0,0,0,112979,112979,15258,[74.249267578125; 74.249267578125],[74.249267578125],46.302,,,,,
MatmulDeviceOperation,tt_dnn_device,103424,0,,{'bcast_batch': 'true'; 'compute_kernel_config': 'ComputeKernelConfig(math_fidelity=HiFi4;math_approx_mode=1;fp32_dest_acc_en=0;packer_l1_acc=0;dst_full_sync_en=0;throttle_level=ThrottleLevel::NO_THROTTLE)'; 'global_cb': 'std::nullopt'; 'output_dtype': 'DataType::BFLOAT16'; 'output_mem_config': 'MemoryConfig(memory_layout=TensorMemoryLayout::INTERLEAVED;buffer_type=BufferType::DRAM;shard_spec=std::nullopt;nd_shard_spec=std::nullopt;created_with_nd_shard_spec=0)'; 'output_tile': 'Tile(tile_shape={32; 32};face_shape={16; 16};num_faces=4)'; 'program_config': 'MatmulMultiCoreReuseMultiCastProgramConfig(compute_with_storage_grid_size=(x=11;y=10);in0_block_w=1;out_subblock_h=7;out_subblock_w=1;out_block_h=7;out_block_w=6;per_core_M=7;per_core_N=6;transpose_mcast=0;fused_activation=std::nullopt;fuse_batch=0)'; 'sub_device_id': 'std::nullopt'; 'transpose_a': 'false'; 'transpose_b': 'false'; 'untilize_out': 'false'; 'user_core_coord': 'std::nullopt'; 'user_fused_activation': 'std::nullopt'; 'user_run_batched': 'false'},HiFi4,110,,,3591089560,3591089940,380,1626116728299,1626117102129,253,253,276911,243219,243219,209146,242136,224267,1531,243216,207145,212652,212603,213084,,1121926,1548004,13647994,14004904,323019,,347977,663207,537825,1287,7954387,7271187,,,1[1],1[1],2048[2048],2048[2048],TILE,BFLOAT16,DEV_1_DRAM_INTERLEAVED,1[1],1[1],2048[2048],2048[2048],TILE,BFLOAT16,DEV_1_DRAM_INTERLEAVED,1[1],1[1],2048[2048],2048[2048],TILE,BFLOAT16,DEV_1_DRAM_INTERLEAVED,,,['ttnn/cpp/ttnn/operations/matmul/device/kernels/compute/bmm_large_block_zm_fused_bias_activation.cpp'],['bmm_large_block_zm_fused_bias_activation/11192068228048673779/'],['ttnn/cpp/ttnn/operations/matmul/device/kernels/dataflow/reader_bmm_tile_layout_in0_receiver.cpp'; 'ttnn/cpp/ttnn/operations/matmul/device/kernels/dataflow/reader_bmm_tile_layout_in1_receiver_writer_padding.cpp'; 'ttnn/cpp/ttnn/operations/matmul/device/kernels/dataflow/reader_bmm_tile_layout_in1_sender_writer_padding.cpp'; 'ttnn/cpp/ttnn/operations/matmul/device/kernels/dataflow/reader_bmm_tile_layout_in0_sender_padding.cpp'],['reader_bmm_tile_layout_in0_receiver/17102645427523872040/'; 'reader_bmm_tile_layout_in1_receiver_writer_padding/6891074587381327447/'; 'reader_bmm_tile_layout_in1_sender_writer_padding/16442118699542722342/'; 'reader_bmm_tile_layout_in0_sender_padding/10830808842372326572/'],10238499019388009662,False,2300,1304,2092,2744,2888,0,0,0,0,112979,112979,15258,[74.249267578125; 74.249267578125],[74.249267578125],46.452,,,,,
MatmulDeviceOperation,tt_dnn_device,104448,0,,{'bcast_batch': 'true'; 'compute_kernel_config': 'ComputeKernelConfig(math_fidelity=HiFi4;math_approx_mode=1;fp32_dest_acc_en=0;packer_l1_acc=0;dst_full_sync_en=0;throttle_level=ThrottleLevel::NO_THROTTLE)'; 'global_cb': 'std::nullopt'; 'output_dtype': 'DataType::BFLOAT16'; 'output_mem_config': 'MemoryConfig(memory_layout=TensorMemoryLayout::INTERLEAVED;buffer_type=BufferType::DRAM;shard_spec=std::nullopt;nd_shard_spec=std::nullopt;created_with_nd_shard_spec=0)'; 'output_tile': 'Tile(tile_shape={32; 32};face_shape={16; 16};num_faces=4)'; 'program_config': 'MatmulMultiCoreReuseMultiCastProgramConfig(compute_with_storage_grid_size=(x=11;y=10);in0_block_w=1;out_subblock_h=7;out_subblock_w=1;out_block_h=7;out_block_w=6;per_core_M=7;per_core_N=6;transpose_mcast=0;fused_activation=std::nullopt;fuse_batch=0)'; 'sub_device_id': 'std::nullopt'; 'transpose_a': 'false'; 'transpose_b': 'false'; 'untilize_out': 'false'; 'user_core_coord': 'std::nullopt'; 'user_fused_activation': 'std::nullopt'; 'user_run_batched': 'false'},HiFi4,110,,,3591098096,3591098517,421,1626117058397,1626117432346,258,258,276999,244347,244347,209093,243099,223278,1524,244347,206487,210665,210604,211084,,1115536,1358004,9409746,10627749,242717,,357344,658890,591373,1314,12062147,10534380,,,1[1],1[1],2048[2048],2048[2048],TILE,BFLOAT16,DEV_1_DRAM_INTERLEAVED,1[1],1[1],2048[2048],2048[2048],TILE,BFLOAT16,DEV_1_DRAM_INTERLEAVED,1[1],1[1],2048[2048],2048[2048],TILE,BFLOAT16,DEV_1_DRAM_INTERLEAVED,,,['ttnn/cpp/ttnn/operations/matmul/device/kernels/compute/bmm_large_block_zm_fused_bias_activation.cpp'],['bmm_large_block_zm_fused_bias_activation/11192068228048673779/'],['ttnn/cpp/ttnn/operations/matmul/device/kernels/dataflow/reader_bmm_tile_layout_in0_receiver.cpp'; 'ttnn/cpp/ttnn/operations/matmul/device/kernels/dataflow/reader_bmm_tile_layout_in1_receiver_writer_padding.cpp'; 'ttnn/cpp/ttnn/operations/matmul/device/kernels/dataflow/reader_bmm_tile_layout_in1_sender_writer_padding.cpp'; 'ttnn/cpp/ttnn/operations/matmul/device/kernels/dataflow/reader_bmm_tile_layout_in0_sender_padding.cpp'],['reader_bmm_tile_layout_in0_receiver/17102645427523872040/'; 'reader_bmm_tile_layout_in1_receiver_writer_padding/6891074587381327447/'; 'reader_bmm_tile_layout_in1_sender_writer_padding/16442118699542722342/'; 'reader_bmm_tile_layout_in0_sender_padding/10830808842372326572/'],10238499019388009662,False,2300,1304,2092,2744,2888,0,0,0,0,112979,112979,15258,[74.249267578125; 74.249267578125],[74.249267578125],46.237,,,,,
MatmulDeviceOperation,tt_dnn_device,105472,0,,{'bcast_batch': 'true'; 'compute_kernel_config': 'ComputeKernelConfig(math_fidelity=HiFi4;math_approx_mode=1;fp32_dest_acc_en=0;packer_l1_acc=0;dst_full_sync_en=0;throttle_level=ThrottleLevel::NO_THROTTLE)'; 'global_cb': 'std::nullopt'; 'output_dtype': 'DataType::BFLOAT16'; 'output_mem_config': 'MemoryConfig(memory_layout=TensorMemoryLayout::INTERLEAVED;buffer_type=BufferType::DRAM;shard_spec=std::nullopt;nd_shard_spec=std::nullopt;created_with_nd_shard_spec=0)'; 'output_tile': 'Tile(tile_shape={32; 32};face_shape={16; 16};num_faces=4)'; 'program_config': 'MatmulMultiCoreReuseMultiCastProgramConfig(compute_with_storage_grid_size=(x=11;y=10);in0_block_w=1;out_subblock_h=7;out_subblock_w=1;out_block_h=7;out_block_w=6;per_core_M=7;per_core_N=6;transpose_mcast=0;fused_activation=std::nullopt;fuse_batch=0)'; 'sub_device_id': 'std::nullopt'; 'transpose_a': 'false'; 'transpose_b': 'false'; 'untilize_out': 'false'; 'user_core_coord': 'std::nullopt'; 'user_fused_activation': 'std::nullopt'; 'user_run_batched': 'false'},HiFi4,110,,,3591106552,3591107414,862,1626117386780,1626117761611,226,226,277653,243673,243673,209063,242352,223019,1561,243665,206545,210573,210515,210995,,1145572,1359089,10252711,10117024,254992,,347706,700989,562950,1317,11221533,11008502,,,1[1],1[1],2048[2048],2048[2048],TILE,BFLOAT16,DEV_1_DRAM_INTERLEAVED,1[1],1[1],2048[2048],2048[2048],TILE,BFLOAT16,DEV_1_DRAM_INTERLEAVED,1[1],1[1],2048[2048],2048[2048],TILE,BFLOAT16,DEV_1_DRAM_INTERLEAVED,,,['ttnn/cpp/ttnn/operations/matmul/device/kernels/compute/bmm_large_block_zm_fused_bias_activation.cpp'],['bmm_large_block_zm_fused_bias_activation/11192068228048673779/'],['ttnn/cpp/ttnn/operations/matmul/device/kernels/dataflow/reader_bmm_tile_layout_in0_receiver.cpp'; 'ttnn/cpp/ttnn/operations/matmul/device/kernels/dataflow/reader_bmm_tile_layout_in1_receiver_writer_padding.cpp'; 'ttnn/cpp/ttnn/operations/matmul/device/kernels/dataflow/reader_bmm_tile_layout_in1_sender_writer_padding.cpp'; 'ttnn/cpp/ttnn/operations/matmul/device/kernels/dataflow/reader_bmm_tile_layout_in0_sender_padding.cpp'],['reader_bmm_tile_layout_in0_receiver/17102645427523872040/'; 'reader_bmm_tile_layout_in1_receiver_writer_padding/6891074587381327447/'; 'reader_bmm_tile_layout_in1_sender_writer_padding/16442118699542722342/'; 'reader_bmm_tile_layout_in0_sender_padding/10830808842372326572/'],10238499019388009662,False,2300,1304,2092,2744,2888,0,0,0,0,112979,112979,15258,[74.249267578125; 74.249267578125],[74.249267578125],46.365,,,,,
MatmulDeviceOperation,tt_dnn_device,106496,0,,{'bcast_batch': 'true'; 'compute_kernel_config': 'ComputeKernelConfig(math_fidelity=HiFi4;math_approx_mode=1;fp32_dest_acc_en=0;packer_l1_acc=0;dst_full_sync_en=0;throttle_level=ThrottleLevel::NO_THROTTLE)'; 'global_cb': 'std::nullopt'; 'output_dtype': 'DataType::BFLOAT16'; 'output_mem_config': 'MemoryConfig(memory_layout=TensorMemoryLayout::INTERLEAVED;buffer_type=BufferType::DRAM;shard_spec=std::nullopt;nd_shard_spec=std::nullopt;created_with_nd_shard_spec=0)'; 'output_tile': 'Tile(tile_shape={32; 32};face_shape={16; 16};num_faces=4)'; 'program_config': 'MatmulMultiCoreReuseMultiCastProgramConfig(compute_with_storage_grid_size=(x=11;y=10);in0_block_w=1;out_subblock_h=7;out_subblock_w=1;out_block_h=7;out_block_w=6;per_core_M=7;per_core_N=6;transpose_mcast=0;fused_activation=std::nullopt;fuse_batch=0)'; 'sub_device_id': 'std::nullopt'; 'transpose_a': 'false'; 'transpose_b': 'false'; 'untilize_out': 'false'; 'user_core_coord': 'std::nullopt'; 'user_fused_activation': 'std::nullopt'; 'user_run_batched': 'false'},HiFi4,110,,,3591116041,3591116401,360,1626117716937,1626118091574,151,153,277509,244266,244264,209009,242963,223282,1626,244264,206430,210481,210417,210903,,1132608,1363843,10299635,10191076,258033,,346121,687513,596849,1316,11162939,10938872,,,1[1],1[1],2048[2048],2048[2048],TILE,BFLOAT16,DEV_1_DRAM_INTERLEAVED,1[1],1[1],2048[2048],2048[2048],TILE,BFLOAT16,DEV_1_DRAM_INTERLEAVED,1[1],1[1],2048[2048],2048[2048],TILE,BFLOAT16,DEV_1_DRAM_INTERLEAVED,,,['ttnn/cpp/ttnn/operations/matmul/device/kernels/compute/bmm_large_block_zm_fused_bias_activation.cpp'],['bmm_large_block_zm_fused_bias_activation/11192068228048673779/'],['ttnn/cpp/ttnn/operations/matmul/device/kernels/dataflow/reader_bmm_tile_layout_in0_receiver.cpp'; 'ttnn/cpp/ttnn/operations/matmul/device/kernels/dataflow/reader_bmm_tile_layout_in1_receiver_writer_padding.cpp'; 'ttnn/cpp/ttnn/operations/matmul/device/kernels/dataflow/reader_bmm_tile_layout_in1_sender_writer_padding.cpp'; 'ttnn/cpp/ttnn/operations/matmul/device/kernels/dataflow/reader_bmm_tile_layout_in0_sender_padding.cpp'],['reader_bmm_tile_layout_in0_receiver/17102645427523872040/'; 'reader_bmm_tile_layout_in1_receiver_writer_padding/6891074587381327447/'; 'reader_bmm_tile_layout_in1_sender_writer_padding/16442118699542722342/'; 'reader_bmm_tile_layout_in0_sender_padding/10830808842372326572/'],10238499019388009662,False,2300,1304,2092,2744,2888,0,0,0,0,112979,112979,15258,[74.249267578125; 74.249267578125],[74.249267578125],46.252,,,,,
MatmulDeviceOperation,tt_dnn_device,107520,0,,{'bcast_batch': 'true'; 'compute_kernel_config': 'ComputeKernelConfig(math_fidelity=HiFi4;math_approx_mode=1;fp32_dest_acc_en=0;packer_l1_acc=0;dst_full_sync_en=0;throttle_level=ThrottleLevel::NO_THROTTLE)'; 'global_cb': 'std::nullopt'; 'output_dtype': 'DataType::BFLOAT16'; 'output_mem_config': 'MemoryConfig(memory_layout=TensorMemoryLayout::INTERLEAVED;buffer_type=BufferType::DRAM;shard_spec=std::nullopt;nd_shard_spec=std::nullopt;created_with_nd_shard_spec=0)'; 'output_tile': 'Tile(tile_shape={32; 32};face_shape={16; 16};num_faces=4)'; 'program_config': 'MatmulMultiCoreReuseMultiCastProgramConfig(compute_with_storage_grid_size=(x=11;y=10);in0_block_w=1;out_subblock_h=7;out_subblock_w=1;out_block_h=7;out_block_w=6;per_core_M=7;per_core_N=6;transpose_mcast=0;fused_activation=std::nullopt;fuse_batch=0)'; 'sub_device_id': 'std::nullopt'; 'transpose_a': 'false'; 'transpose_b': 'false'; 'untilize_out': 'false'; 'user_core_coord': 'std::nullopt'; 'user_fused_activation': 'std::nullopt'; 'user_run_batched': 'false'},HiFi4,110,,,3591125990,3591126360,370,1626118045843,1626118421532,255,256,278288,244159,244159,208927,243090,223304,1521,244159,206507,210524,210470,210950,,1126569,1371247,10112073,10357663,258469,,348536,683695,569845,1320,11347292,10781063,,,1[1],1[1],2048[2048],2048[2048],TILE,BFLOAT16,DEV_1_DRAM_INTERLEAVED,1[1],1[1],2048[2048],2048[2048],TILE,BFLOAT16,DEV_1_DRAM_INTERLEAVED,1[1],1[1],2048[2048],2048[2048],TILE,BFLOAT16,DEV_1_DRAM_INTERLEAVED,,,['ttnn/cpp/ttnn/operations/matmul/device/kernels/compute/bmm_large_block_zm_fused_bias_activation.cpp'],['bmm_large_block_zm_fused_bias_activation/11192068228048673779/'],['ttnn/cpp/ttnn/operations/matmul/device/kernels/dataflow/reader_bmm_tile_layout_in0_receiver.cpp'; 'ttnn/cpp/ttnn/operations/matmul/device/kernels/dataflow/reader_bmm_tile_layout_in1_receiver_writer_padding.cpp'; 'ttnn/cpp/ttnn/operations/matmul/device/kernels/dataflow/reader_bmm_tile_layout_in1_sender_writer_padding.cpp'; 'ttnn/cpp/ttnn/operations/matmul/device/kernels/dataflow/reader_bmm_tile_layout_in0_sender_padding.cpp'],['reader_bmm_tile_layout_in0_receiver/17102645427523872040/'; 'reader_bmm_tile_layout_in1_receiver_writer_padding/6891074587381327447/'; 'reader_bmm_tile_layout_in1_sender_writer_padding/16442118699542722342/'; 'reader_bmm_tile_layout_in0_sender_padding/10830808842372326572/'],10238499019388009662,False,2300,1304,2092,2744,2888,0,0,0,0,112979,112979,15258,[74.249267578125; 74.249267578125],[74.249267578125],46.273,,,,,
MatmulDeviceOperation,tt_dnn_device,108544,0,,{'bcast_batch': 'true'; 'compute_kernel_config': 'ComputeKernelConfig(math_fidelity=HiFi4;math_approx_mode=1;fp32_dest_acc_en=0;packer_l1_acc=0;dst_full_sync_en=0;throttle_level=ThrottleLevel::NO_THROTTLE)'; 'global_cb': 'std::nullopt'; 'output_dtype': 'DataType::BFLOAT16'; 'output_mem_config': 'MemoryConfig(memory_layout=TensorMemoryLayout::INTERLEAVED;buffer_type=BufferType::DRAM;shard_spec=std::nullopt;nd_shard_spec=std::nullopt;created_with_nd_shard_spec=0)'; 'output_tile': 'Tile(tile_shape={32; 32};face_shape={16; 16};num_faces=4)'; 'program_config': 'MatmulMultiCoreReuseMultiCastProgramConfig(compute_with_storage_grid_size=(x=11;y=10);in0_block_w=1;out_subblock_h=7;out_subblock_w=1;out_block_h=7;out_block_w=6;per_core_M=7;per_core_N=6;transpose_mcast=0;fused_activation=std::nullopt;fuse_batch=0)'; 'sub_device_id': 'std::nullopt'; 'transpose_a': 'false'; 'transpose_b': 'false'; 'untilize_out': 'false'; 'user_core_coord': 'std::nullopt'; 'user_fused_activation': 'std::nullopt'; 'user_run_batched': 'false'},HiFi4,110,,,3591134757,3591135137,380,1626118376016,1626118750681,147,147,277530,243667,243667,209072,242313,223097,1617,243665,206473,210554,210505,210985,,1133888,1362097,10036143,10284177,255784,,344043,684879,567236,1319,11437517,10853603,,,1[1],1[1],2048[2048],2048[2048],TILE,BFLOAT16,DEV_1_DRAM_INTERLEAVED,1[1],1[1],2048[2048],2048[2048],TILE,BFLOAT16,DEV_1_DRAM_INTERLEAVED,1[1],1[1],2048[2048],2048[2048],TILE,BFLOAT16,DEV_1_DRAM_INTERLEAVED,,,['ttnn/cpp/ttnn/operations/matmul/device/kernels/compute/bmm_large_block_zm_fused_bias_activation.cpp'],['bmm_large_block_zm_fused_bias_activation/11192068228048673779/'],['ttnn/cpp/ttnn/operations/matmul/device/kernels/dataflow/reader_bmm_tile_layout_in0_receiver.cpp'; 'ttnn/cpp/ttnn/operations/matmul/device/kernels/dataflow/reader_bmm_tile_layout_in1_receiver_writer_padding.cpp'; 'ttnn/cpp/ttnn/operations/matmul/device/kernels/dataflow/reader_bmm_tile_layout_in1_sender_writer_padding.cpp'; 'ttnn/cpp/ttnn/operations/matmul/device/kernels/dataflow/reader_bmm_tile_layout_in0_sender_padding.cpp'],['reader_bmm_tile_layout_in0_receiver/17102645427523872040/'; 'reader_bmm_tile_layout_in1_receiver_writer_padding/6891074587381327447/'; 'reader_bmm_tile_layout_in1_sender_writer_padding/16442118699542722342/'; 'reader_bmm_tile_layout_in0_sender_padding/10830808842372326572/'],10238499019388009662,False,2300,1304,2092,2744,2888,0,0,0,0,112979,112979,15258,[74.249267578125; 74.249267578125],[74.249267578125],46.366,,,,,
UnaryDeviceOperation,tt_dnn_device,109568,0,,{'bfp8_pack_precise': 'false'; 'fp32_dest_acc_en': 'false'; 'op_chain': '{BasicUnaryWithParam<float; int; unsigned int>(base=BasicUnaryWithParam<float>(op_type=UnaryOpType::EXP;param={0}))}'; 'output_dtype': 'DataType::BFLOAT16'; 'output_memory_config': 'MemoryConfig(memory_layout=TensorMemoryLayout::INTERLEAVED;buffer_type=BufferType::DRAM;shard_spec=std::nullopt;nd_shard_spec=std::nullopt;created_with_nd_shard_spec=0)'; 'preserve_fp32_precision': 'false'; 'sub_core_grids': 'std::nullopt'},HiFi4,1,,,3600572888,3600574622,1734,1626118785898,1626118789071,26581,26596,2350,1854,1839,1854,1854,1854,47,1807,565,647,1465,221,,427,14,,21,1398,,,358,204,,,,,,1[1],1[1],32[32],32[32],TILE,BFLOAT16,DEV_1_DRAM_INTERLEAVED,,,,,,,,1[1],1[1],32[32],32[32],TILE,BFLOAT16,DEV_1_DRAM_INTERLEAVED,,,['ttnn/cpp/ttnn/operations/eltwise/unary/device/kernels/compute//eltwise_sfpu.cpp'],['eltwise_sfpu/10029552010278408165/'],['ttnn/cpp/ttnn/operations/eltwise/unary/device/kernels/dataflow/writer_unary_interleaved_start_id.cpp'; 'ttnn/cpp/ttnn/operations/eltwise/unary/device/kernels/dataflow/reader_unary_interleaved_start_id.cpp'],['writer_unary_interleaved_start_id/4894176828902453217/'; 'reader_unary_interleaved_start_id/1030765248970988015/'],6951186318373350250,False,1160,1076,1128,828,1180,0,0,0,0,1,1,1,[],[],0.054,,,,,
UnaryDeviceOperation,tt_dnn_device,110592,0,,{'bfp8_pack_precise': 'false'; 'fp32_dest_acc_en': 'false'; 'op_chain': '{BasicUnaryWithParam<float; int; unsigned int>(base=BasicUnaryWithParam<float>(op_type=UnaryOpType::EXP;param={0}))}'; 'output_dtype': 'DataType::BFLOAT16'; 'output_memory_config': 'MemoryConfig(memory_layout=TensorMemoryLayout::INTERLEAVED;buffer_type=BufferType::DRAM;shard_spec=std::nullopt;nd_shard_spec=std::nullopt;created_with_nd_shard_spec=0)'; 'preserve_fp32_precision': 'false'; 'sub_core_grids': 'std::nullopt'},HiFi4,1,,,3600581124,3600581505,381,1626118798827,1626118802008,7723,7766,2356,1871,1828,1871,1871,1871,70,1801,549,649,1489,276,,439,15,,27,1414,,,369,198,,,,,,1[1],1[1],32[32],32[32],TILE,BFLOAT16,DEV_1_DRAM_INTERLEAVED,,,,,,,,1[1],1[1],32[32],32[32],TILE,BFLOAT16,DEV_1_DRAM_INTERLEAVED,,,['ttnn/cpp/ttnn/operations/eltwise/unary/device/kernels/compute//eltwise_sfpu.cpp'],['eltwise_sfpu/10029552010278408165/'],['ttnn/cpp/ttnn/operations/eltwise/unary/device/kernels/dataflow/writer_unary_interleaved_start_id.cpp'; 'ttnn/cpp/ttnn/operations/eltwise/unary/device/kernels/dataflow/reader_unary_interleaved_start_id.cpp'],['writer_unary_interleaved_start_id/4894176828902453217/'; 'reader_unary_interleaved_start_id/1030765248970988015/'],6951186318373350250,False,1160,1076,1128,828,1180,0,0,0,0,1,1,1,[],[],0.053,,,,,
UnaryDeviceOperation,tt_dnn_device,111616,0,,{'bfp8_pack_precise': 'false'; 'fp32_dest_acc_en': 'false'; 'op_chain': '{BasicUnaryWithParam<float; int; unsigned int>(base=BasicUnaryWithParam<float>(op_type=UnaryOpType::EXP;param={0}))}'; 'output_dtype': 'DataType::BFLOAT16'; 'output_memory_config': 'MemoryConfig(memory_layout=TensorMemoryLayout::INTERLEAVED;buffer_type=BufferType::DRAM;shard_spec=std::nullopt;nd_shard_spec=std::nullopt;created_with_nd_shard_spec=0)'; 'preserve_fp32_precision': 'false'; 'sub_core_grids': 'std::nullopt'},HiFi4,1,,,3600587867,3600588208,341,1626118808329,1626118811485,5147,5181,2338,1864,1830,1864,1864,1864,88,1776,524,611,1459,227,,384,27,,21,1371,,,361,214,,,,,,1[1],1[1],32[32],32[32],TILE,BFLOAT16,DEV_1_DRAM_INTERLEAVED,,,,,,,,1[1],1[1],32[32],32[32],TILE,BFLOAT16,DEV_1_DRAM_INTERLEAVED,,,['ttnn/cpp/ttnn/operations/eltwise/unary/device/kernels/compute//eltwise_sfpu.cpp'],['eltwise_sfpu/10029552010278408165/'],['ttnn/cpp/ttnn/operations/eltwise/unary/device/kernels/dataflow/writer_unary_interleaved_start_id.cpp'; 'ttnn/cpp/ttnn/operations/eltwise/unary/device/kernels/dataflow/reader_unary_interleaved_start_id.cpp'],['writer_unary_interleaved_start_id/4894176828902453217/'; 'reader_unary_interleaved_start_id/1030765248970988015/'],6951186318373350250,False,1160,1076,1128,828,1180,0,0,0,0,1,1,1,[],[],0.054,,,,,
UnaryDeviceOperation,tt_dnn_device,112640,0,,{'bfp8_pack_precise': 'false'; 'fp32_dest_acc_en': 'false'; 'op_chain': '{BasicUnaryWithParam<float; int; unsigned int>(base=BasicUnaryWithParam<float>(op_type=UnaryOpType::EXP;param={0}))}'; 'output_dtype': 'DataType::BFLOAT16'; 'output_memory_config': 'MemoryConfig(memory_layout=TensorMemoryLayout::INTERLEAVED;buffer_type=BufferType::DRAM;shard_spec=std::nullopt;nd_shard_spec=std::nullopt;created_with_nd_shard_spec=0)'; 'preserve_fp32_precision': 'false'; 'sub_core_grids': 'std::nullopt'},HiFi4,1,,,3650876599,3650884484,7885,1626186684119,1626186687260,50276487,50276530,2327,1867,1824,1867,1867,1867,76,1791,545,635,1485,227,,392,22,,21,1402,,,375,204,,,,,,1[1],1[1],32[32],32[32],TILE,BFLOAT16,DEV_1_DRAM_INTERLEAVED,,,,,,,,1[1],1[1],32[32],32[32],TILE,BFLOAT16,DEV_1_DRAM_INTERLEAVED,,,['ttnn/cpp/ttnn/operations/eltwise/unary/device/kernels/compute//eltwise_sfpu.cpp'],['eltwise_sfpu/10029552010278408165/'],['ttnn/cpp/ttnn/operations/eltwise/unary/device/kernels/dataflow/writer_unary_interleaved_start_id.cpp'; 'ttnn/cpp/ttnn/operations/eltwise/unary/device/kernels/dataflow/reader_unary_interleaved_start_id.cpp'],['writer_unary_interleaved_start_id/4894176828902453217/'; 'reader_unary_interleaved_start_id/1030765248970988015/'],6951186318373350250,False,1160,1076,1128,828,1180,0,0,0,0,1,1,1,[],[],0.054,,,,,
UnaryDeviceOperation,tt_dnn_device,113664,0,,{'bfp8_pack_precise': 'false'; 'fp32_dest_acc_en': 'false'; 'op_chain': '{BasicUnaryWithParam<float; int; unsigned int>(base=BasicUnaryWithParam<float>(op_type=UnaryOpType::EXP;param={0}))}'; 'output_dtype': 'DataType::BFLOAT16'; 'output_memory_config': 'MemoryConfig(memory_layout=TensorMemoryLayout::INTERLEAVED;buffer_type=BufferType::DRAM;shard_spec=std::nullopt;nd_shard_spec=std::nullopt;created_with_nd_shard_spec=0)'; 'preserve_fp32_precision': 'false'; 'sub_core_grids': 'std::nullopt'},HiFi4,1,,,3650903651,3650904502,851,1626186733315,1626186736672,34601,34644,2487,1996,1952,1996,1996,1996,69,1927,674,757,1614,242,,536,27,,21,1517,,,485,204,,,,,,1[1],1[1],32[32],32[32],TILE,BFLOAT16,DEV_1_DRAM_INTERLEAVED,,,,,,,,1[1],1[1],32[32],32[32],TILE,BFLOAT16,DEV_1_DRAM_INTERLEAVED,,,['ttnn/cpp/ttnn/operations/eltwise/unary/device/kernels/compute//eltwise_sfpu.cpp'],['eltwise_sfpu/10029552010278408165/'],['ttnn/cpp/ttnn/operations/eltwise/unary/device/kernels/dataflow/writer_unary_interleaved_start_id.cpp'; 'ttnn/cpp/ttnn/operations/eltwise/unary/device/kernels/dataflow/reader_unary_interleaved_start_id.cpp'],['writer_unary_interleaved_start_id/4894176828902453217/'; 'reader_unary_interleaved_start_id/1030765248970988015/'],6951186318373350250,False,1160,1076,1128,828,1180,0,0,0,0,1,1,1,[],[],0.05,,,,,
UnaryDeviceOperation,tt_dnn_device,114688,0,,{'bfp8_pack_precise': 'false'; 'fp32_dest_acc_en': 'false'; 'op_chain': '{BasicUnaryWithParam<float; int; unsigned int>(base=BasicUnaryWithParam<float>(op_type=UnaryOpType::EXP;param={0}))}'; 'output_dtype': 'DataType::BFLOAT16'; 'output_memory_config': 'MemoryConfig(memory_layout=TensorMemoryLayout::INTERLEAVED;buffer_type=BufferType::DRAM;shard_spec=std::nullopt;nd_shard_spec=std::nullopt;created_with_nd_shard_spec=0)'; 'preserve_fp32_precision': 'false'; 'sub_core_grids': 'std::nullopt'},HiFi4,1,,,3650912738,3650913269,531,1626186745917,1626186749165,7321,7359,2406,1933,1896,1933,1933,1933,77,1856,617,701,1551,256,,489,20,,21,1464,,,444,204,,,,,,1[1],1[1],32[32],32[32],TILE,BFLOAT16,DEV_1_DRAM_INTERLEAVED,,,,,,,,1[1],1[1],32[32],32[32],TILE,BFLOAT16,DEV_1_DRAM_INTERLEAVED,,,['ttnn/cpp/ttnn/operations/eltwise/unary/device/kernels/compute//eltwise_sfpu.cpp'],['eltwise_sfpu/10029552010278408165/'],['ttnn/cpp/ttnn/operations/eltwise/unary/device/kernels/dataflow/writer_unary_interleaved_start_id.cpp'; 'ttnn/cpp/ttnn/operations/eltwise/unary/device/kernels/dataflow/reader_unary_interleaved_start_id.cpp'],['writer_unary_interleaved_start_id/4894176828902453217/'; 'reader_unary_interleaved_start_id/1030765248970988015/'],6951186318373350250,False,1160,1076,1128,828,1180,0,0,0,0,1,1,1,[],[],0.052,,,,,
BinaryNgDeviceOperation,tt_dnn_device,115712,0,,{'binary_op_type': 'BinaryOpType::ADD'; 'compute_kernel_config': 'std::nullopt'; 'dtype': 'DataType::BFLOAT16'; 'input_dtype': 'DataType::BFLOAT16'; 'is_quant_op': 'false'; 'is_sfpu': 'false'; 'is_where_op': 'false'; 'lhs_activations': '{}'; 'memory_config': 'MemoryConfig(memory_layout=TensorMemoryLayout::INTERLEAVED;buffer_type=BufferType::DRAM;shard_spec=std::nullopt;nd_shard_spec=std::nullopt;created_with_nd_shard_spec=0)'; 'post_activations': '{}'; 'rhs_activations': '{}'; 'scalar': 'std::nullopt'; 'sub_core_grids': 'std::nullopt'; 'subtile_broadcast_type': 'SubtileBroadcastType::NONE'; 'worker_grid': '{[(x=0;y=0) - (x=10;y=9)]}'},HiFi4,110,,,3651004024,3651006799,2775,1626186876031,1626188106622,94488,94544,911549,911039,910982,752427,910899,852910,554,910969,910599,910622,908896,910011,,89394870,28336598,,3739042,69015592,,,80800293,20281667,,,,,,1[1],1[1],32[32],32[32],TILE,BFLOAT16,DEV_1_DRAM_INTERLEAVED,1[1],1[1],32[32],32[32],TILE,BFLOAT16,DEV_1_DRAM_INTERLEAVED,1[1],1[1],32[32],32[32],TILE,BFLOAT16,DEV_1_DRAM_INTERLEAVED,,,['ttnn/cpp/ttnn/operations/eltwise/binary_ng/device/kernels/compute/eltwise_binary_no_bcast.cpp'],['eltwise_binary_no_bcast/14288279633599727612/'],['ttnn/cpp/ttnn/operations/eltwise/binary_ng/device/kernels_ng/dataflow/reader_interleaved_no_bcast.cpp'; 'ttnn/cpp/ttnn/operations/eltwise/binary_ng/device/kernels_ng/dataflow/writer_interleaved_no_bcast.cpp'],['reader_interleaved_no_bcast/17691247497470902086/'; 'writer_interleaved_no_bcast/10311599973615775795/'],18417575360683381351,False,1300,1908,1460,672,1372,0,0,0,0,1,1,1,[],[],0.0,,,,,
BinaryNgDeviceOperation,tt_dnn_device,116736,0,,{'binary_op_type': 'BinaryOpType::ADD'; 'compute_kernel_config': 'std::nullopt'; 'dtype': 'DataType::BFLOAT16'; 'input_dtype': 'DataType::BFLOAT16'; 'is_quant_op': 'false'; 'is_sfpu': 'false'; 'is_where_op': 'false'; 'lhs_activations': '{}'; 'memory_config': 'MemoryConfig(memory_layout=TensorMemoryLayout::INTERLEAVED;buffer_type=BufferType::DRAM;shard_spec=std::nullopt;nd_shard_spec=std::nullopt;created_with_nd_shard_spec=0)'; 'post_activations': '{}'; 'rhs_activations': '{}'; 'scalar': 'std::nullopt'; 'sub_core_grids': 'std::nullopt'; 'subtile_broadcast_type': 'SubtileBroadcastType::NONE'; 'worker_grid': '{[(x=0;y=0) - (x=10;y=9)]}'},HiFi4,110,,,3651023421,3651024192,771,1626187894418,1626189330594,476,478,1063834,906167,906166,749073,905970,851673,1281,906166,905794,905805,904088,905291,,89261467,28363180,,3738587,68854152,,,80667639,20311153,,,,,,1[1],1[1],32[32],32[32],TILE,BFLOAT16,DEV_1_DRAM_INTERLEAVED,1[1],1[1],32[32],32[32],TILE,BFLOAT16,DEV_1_DRAM_INTERLEAVED,1[1],1[1],32[32],32[32],TILE,BFLOAT16,DEV_1_DRAM_INTERLEAVED,,,['ttnn/cpp/ttnn/operations/eltwise/binary_ng/device/kernels/compute/eltwise_binary_no_bcast.cpp'],['eltwise_binary_no_bcast/14288279633599727612/'],['ttnn/cpp/ttnn/operations/eltwise/binary_ng/device/kernels_ng/dataflow/reader_interleaved_no_bcast.cpp'; 'ttnn/cpp/ttnn/operations/eltwise/binary_ng/device/kernels_ng/dataflow/writer_interleaved_no_bcast.cpp'],['reader_interleaved_no_bcast/17691247497470902086/'; 'writer_interleaved_no_bcast/10311599973615775795/'],18417575360683381351,False,1300,1908,1460,672,1372,0,0,0,0,1,1,1,[],[],0.0,,,,,
BinaryNgDeviceOperation,tt_dnn_device,117760,0,,{'binary_op_type': 'BinaryOpType::ADD'; 'compute_kernel_config': 'std::nullopt'; 'dtype': 'DataType::BFLOAT16'; 'input_dtype': 'DataType::BFLOAT16'; 'is_quant_op': 'false'; 'is_sfpu': 'false'; 'is_where_op': 'false'; 'lhs_activations': '{}'; 'memory_config': 'MemoryConfig(memory_layout=TensorMemoryLayout::INTERLEAVED;buffer_type=BufferType::DRAM;shard_spec=std::nullopt;nd_shard_spec=std::nullopt;created_with_nd_shard_spec=0)'; 'post_activations': '{}'; 'rhs_activations': '{}'; 'scalar': 'std::nullopt'; 'sub_core_grids': 'std::nullopt'; 'subtile_broadcast_type': 'SubtileBroadcastType::NONE'; 'worker_grid': '{[(x=0;y=0) - (x=10;y=9)]}'},HiFi4,110,,,3651038179,3651038780,601,1626189120507,1626190559640,476,476,1066024,909930,909930,748290,909413,849571,1276,909921,909560,909567,907906,909047,,89029299,28398210,,3738762,68589150,,,80436389,20344001,,,,,,1[1],1[1],32[32],32[32],TILE,BFLOAT16,DEV_1_DRAM_INTERLEAVED,1[1],1[1],32[32],32[32],TILE,BFLOAT16,DEV_1_DRAM_INTERLEAVED,1[1],1[1],32[32],32[32],TILE,BFLOAT16,DEV_1_DRAM_INTERLEAVED,,,['ttnn/cpp/ttnn/operations/eltwise/binary_ng/device/kernels/compute/eltwise_binary_no_bcast.cpp'],['eltwise_binary_no_bcast/14288279633599727612/'],['ttnn/cpp/ttnn/operations/eltwise/binary_ng/device/kernels_ng/dataflow/reader_interleaved_no_bcast.cpp'; 'ttnn/cpp/ttnn/operations/eltwise/binary_ng/device/kernels_ng/dataflow/writer_interleaved_no_bcast.cpp'],['reader_interleaved_no_bcast/17691247497470902086/'; 'writer_interleaved_no_bcast/10311599973615775795/'],18417575360683381351,False,1300,1908,1460,672,1372,0,0,0,0,1,1,1,[],[],0.0,,,,,
BinaryNgDeviceOperation,tt_dnn_device,118784,0,,{'binary_op_type': 'BinaryOpType::ADD'; 'compute_kernel_config': 'std::nullopt'; 'dtype': 'DataType::BFLOAT16'; 'input_dtype': 'DataType::BFLOAT16'; 'is_quant_op': 'false'; 'is_sfpu': 'false'; 'is_where_op': 'false'; 'lhs_activations': '{}'; 'memory_config': 'MemoryConfig(memory_layout=TensorMemoryLayout::INTERLEAVED;buffer_type=BufferType::DRAM;shard_spec=std::nullopt;nd_shard_spec=std::nullopt;created_with_nd_shard_spec=0)'; 'post_activations': '{}'; 'rhs_activations': '{}'; 'scalar': 'std::nullopt'; 'sub_core_grids': 'std::nullopt'; 'subtile_broadcast_type': 'SubtileBroadcastType::NONE'; 'worker_grid': '{[(x=0;y=0) - (x=10;y=9)]}'},HiFi4,110,,,3651052346,3651052877,531,1626190343321,1626191782687,95,95,1066197,905866,905866,758364,904532,852389,1627,905866,905492,905489,903842,904981,,89339154,28397183,,3738606,68896569,,,80745760,20346959,,,,,,1[1],1[1],32[32],32[32],TILE,BFLOAT16,DEV_1_DRAM_INTERLEAVED,1[1],1[1],32[32],32[32],TILE,BFLOAT16,DEV_1_DRAM_INTERLEAVED,1[1],1[1],32[32],32[32],TILE,BFLOAT16,DEV_1_DRAM_INTERLEAVED,,,['ttnn/cpp/ttnn/operations/eltwise/binary_ng/device/kernels/compute/eltwise_binary_no_bcast.cpp'],['eltwise_binary_no_bcast/14288279633599727612/'],['ttnn/cpp/ttnn/operations/eltwise/binary_ng/device/kernels_ng/dataflow/reader_interleaved_no_bcast.cpp'; 'ttnn/cpp/ttnn/operations/eltwise/binary_ng/device/kernels_ng/dataflow/writer_interleaved_no_bcast.cpp'],['reader_interleaved_no_bcast/17691247497470902086/'; 'writer_interleaved_no_bcast/10311599973615775795/'],18417575360683381351,False,1300,1908,1460,672,1372,0,0,0,0,1,1,1,[],[],0.0,,,,,
BinaryNgDeviceOperation,tt_dnn_device,119808,0,,{'binary_op_type': 'BinaryOpType::ADD'; 'compute_kernel_config': 'std::nullopt'; 'dtype': 'DataType::BFLOAT16'; 'input_dtype': 'DataType::BFLOAT16'; 'is_quant_op': 'false'; 'is_sfpu': 'false'; 'is_where_op': 'false'; 'lhs_activations': '{}'; 'memory_config': 'MemoryConfig(memory_layout=TensorMemoryLayout::INTERLEAVED;buffer_type=BufferType::DRAM;shard_spec=std::nullopt;nd_shard_spec=std::nullopt;created_with_nd_shard_spec=0)'; 'post_activations': '{}'; 'rhs_activations': '{}'; 'scalar': 'std::nullopt'; 'sub_core_grids': 'std::nullopt'; 'subtile_broadcast_type': 'SubtileBroadcastType::NONE'; 'worker_grid': '{[(x=0;y=0) - (x=10;y=9)]}'},HiFi4,110,,,3651065932,3651066423,491,1626191585445,1626193013556,96,96,1057860,911661,911661,746885,911607,854502,1610,911654,911287,911296,909650,910784,,89571968,28270478,,3738202,69257856,,,80978841,20218606,,,,,,1[1],1[1],32[32],32[32],TILE,BFLOAT16,DEV_1_DRAM_INTERLEAVED,1[1],1[1],32[32],32[32],TILE,BFLOAT16,DEV_1_DRAM_INTERLEAVED,1[1],1[1],32[32],32[32],TILE,BFLOAT16,DEV_1_DRAM_INTERLEAVED,,,['ttnn/cpp/ttnn/operations/eltwise/binary_ng/device/kernels/compute/eltwise_binary_no_bcast.cpp'],['eltwise_binary_no_bcast/14288279633599727612/'],['ttnn/cpp/ttnn/operations/eltwise/binary_ng/device/kernels_ng/dataflow/reader_interleaved_no_bcast.cpp'; 'ttnn/cpp/ttnn/operations/eltwise/binary_ng/device/kernels_ng/dataflow/writer_interleaved_no_bcast.cpp'],['reader_interleaved_no_bcast/17691247497470902086/'; 'writer_interleaved_no_bcast/10311599973615775795/'],18417575360683381351,False,1300,1908,1460,672,1372,0,0,0,0,1,1,1,[],[],0.0,,,,,
BinaryNgDeviceOperation,tt_dnn_device,120832,0,,{'binary_op_type': 'BinaryOpType::ADD'; 'compute_kernel_config': 'std::nullopt'; 'dtype': 'DataType::BFLOAT16'; 'input_dtype': 'DataType::BFLOAT16'; 'is_quant_op': 'false'; 'is_sfpu': 'false'; 'is_where_op': 'false'; 'lhs_activations': '{}'; 'memory_config': 'MemoryConfig(memory_layout=TensorMemoryLayout::INTERLEAVED;buffer_type=BufferType::DRAM;shard_spec=std::nullopt;nd_shard_spec=std::nullopt;created_with_nd_shard_spec=0)'; 'post_activations': '{}'; 'rhs_activations': '{}'; 'scalar': 'std::nullopt'; 'sub_core_grids': 'std::nullopt'; 'subtile_broadcast_type': 'SubtileBroadcastType::NONE'; 'worker_grid': '{[(x=0;y=0) - (x=10;y=9)]}'},HiFi4,110,,,3651079479,3651080070,591,1626192793008,1626194242421,561,561,1073639,909709,909709,747217,909308,850383,1167,909708,909354,909344,907701,908826,,89118698,28247200,,3738085,68833258,,,80524780,20189304,,,,,,1[1],1[1],32[32],32[32],TILE,BFLOAT16,DEV_1_DRAM_INTERLEAVED,1[1],1[1],32[32],32[32],TILE,BFLOAT16,DEV_1_DRAM_INTERLEAVED,1[1],1[1],32[32],32[32],TILE,BFLOAT16,DEV_1_DRAM_INTERLEAVED,,,['ttnn/cpp/ttnn/operations/eltwise/binary_ng/device/kernels/compute/eltwise_binary_no_bcast.cpp'],['eltwise_binary_no_bcast/14288279633599727612/'],['ttnn/cpp/ttnn/operations/eltwise/binary_ng/device/kernels_ng/dataflow/reader_interleaved_no_bcast.cpp'; 'ttnn/cpp/ttnn/operations/eltwise/binary_ng/device/kernels_ng/dataflow/writer_interleaved_no_bcast.cpp'],['reader_interleaved_no_bcast/17691247497470902086/'; 'writer_interleaved_no_bcast/10311599973615775795/'],18417575360683381351,False,1300,1908,1460,672,1372,0,0,0,0,1,1,1,[],[],0.0,,,,,
BinaryNgDeviceOperation,tt_dnn_device,121856,0,,{'binary_op_type': 'BinaryOpType::ADD'; 'compute_kernel_config': 'std::nullopt'; 'dtype': 'DataType::BFLOAT16'; 'input_dtype': 'DataType::BFLOAT16'; 'is_quant_op': 'false'; 'is_sfpu': 'false'; 'is_where_op': 'false'; 'lhs_activations': '{}'; 'memory_config': 'MemoryConfig(memory_layout=TensorMemoryLayout::INTERLEAVED;buffer_type=BufferType::DRAM;shard_spec=std::nullopt;nd_shard_spec=std::nullopt;created_with_nd_shard_spec=0)'; 'post_activations': '{}'; 'rhs_activations': '{}'; 'scalar': 'std::nullopt'; 'sub_core_grids': 'std::nullopt'; 'subtile_broadcast_type': 'SubtileBroadcastType::NONE'; 'worker_grid': '{[(x=0;y=0) - (x=10;y=9)]}'},HiFi4,110,,,3651092884,3651093385,501,1626194025071,1626195476751,211,213,1075319,914107,914106,744361,913131,850475,1549,914106,913732,913744,912053,913228,,89129865,28309814,,3738550,68779079,,,80535768,20254041,,,,,,1[1],1[1],32[32],32[32],TILE,BFLOAT16,DEV_1_DRAM_INTERLEAVED,1[1],1[1],32[32],32[32],TILE,BFLOAT16,DEV_1_DRAM_INTERLEAVED,1[1],1[1],32[32],32[32],TILE,BFLOAT16,DEV_1_DRAM_INTERLEAVED,,,['ttnn/cpp/ttnn/operations/eltwise/binary_ng/device/kernels/compute/eltwise_binary_no_bcast.cpp'],['eltwise_binary_no_bcast/14288279633599727612/'],['ttnn/cpp/ttnn/operations/eltwise/binary_ng/device/kernels_ng/dataflow/reader_interleaved_no_bcast.cpp'; 'ttnn/cpp/ttnn/operations/eltwise/binary_ng/device/kernels_ng/dataflow/writer_interleaved_no_bcast.cpp'],['reader_interleaved_no_bcast/17691247497470902086/'; 'writer_interleaved_no_bcast/10311599973615775795/'],18417575360683381351,False,1300,1908,1460,672,1372,0,0,0,0,1,1,1,[],[],0.0,,,,,
BinaryNgDeviceOperation,tt_dnn_device,122880,0,,{'binary_op_type': 'BinaryOpType::ADD'; 'compute_kernel_config': 'std::nullopt'; 'dtype': 'DataType::BFLOAT16'; 'input_dtype': 'DataType::BFLOAT16'; 'is_quant_op': 'false'; 'is_sfpu': 'false'; 'is_where_op': 'false'; 'lhs_activations': '{}'; 'memory_config': 'MemoryConfig(memory_layout=TensorMemoryLayout::INTERLEAVED;buffer_type=BufferType::DRAM;shard_spec=std::nullopt;nd_shard_spec=std::nullopt;created_with_nd_shard_spec=0)'; 'post_activations': '{}'; 'rhs_activations': '{}'; 'scalar': 'std::nullopt'; 'sub_core_grids': 'std::nullopt'; 'subtile_broadcast_type': 'SubtileBroadcastType::NONE'; 'worker_grid': '{[(x=0;y=0) - (x=10;y=9)]}'},HiFi4,110,,,3651106240,3651106991,751,1626195249244,1626196707567,558,559,1080239,911159,911158,748812,910739,851609,1188,911158,910781,910796,909118,910257,,89254314,28348719,,3738233,68862507,,,80661651,20295312,,,,,,1[1],1[1],32[32],32[32],TILE,BFLOAT16,DEV_1_DRAM_INTERLEAVED,1[1],1[1],32[32],32[32],TILE,BFLOAT16,DEV_1_DRAM_INTERLEAVED,1[1],1[1],32[32],32[32],TILE,BFLOAT16,DEV_1_DRAM_INTERLEAVED,,,['ttnn/cpp/ttnn/operations/eltwise/binary_ng/device/kernels/compute/eltwise_binary_no_bcast.cpp'],['eltwise_binary_no_bcast/14288279633599727612/'],['ttnn/cpp/ttnn/operations/eltwise/binary_ng/device/kernels_ng/dataflow/reader_interleaved_no_bcast.cpp'; 'ttnn/cpp/ttnn/operations/eltwise/binary_ng/device/kernels_ng/dataflow/writer_interleaved_no_bcast.cpp'],['reader_interleaved_no_bcast/17691247497470902086/'; 'writer_interleaved_no_bcast/10311599973615775795/'],18417575360683381351,False,1300,1908,1460,672,1372,0,0,0,0,1,1,1,[],[],0.0,,,,,
BinaryNgDeviceOperation,tt_dnn_device,123904,0,,{'binary_op_type': 'BinaryOpType::ADD'; 'compute_kernel_config': 'std::nullopt'; 'dtype': 'DataType::BFLOAT16'; 'input_dtype': 'DataType::BFLOAT16'; 'is_quant_op': 'false'; 'is_sfpu': 'false'; 'is_where_op': 'false'; 'lhs_activations': '{}'; 'memory_config': 'MemoryConfig(memory_layout=TensorMemoryLayout::INTERLEAVED;buffer_type=BufferType::DRAM;shard_spec=std::nullopt;nd_shard_spec=std::nullopt;created_with_nd_shard_spec=0)'; 'post_activations': '{}'; 'rhs_activations': '{}'; 'scalar': 'std::nullopt'; 'sub_core_grids': 'std::nullopt'; 'subtile_broadcast_type': 'SubtileBroadcastType::NONE'; 'worker_grid': '{[(x=0;y=0) - (x=10;y=9)]}'},HiFi4,110,,,3651120076,3651120547,471,1626196490414,1626197923733,405,407,1061718,900460,900458,731277,899516,846831,1340,900457,900085,900102,898445,899579,,88727904,28419395,,3738913,68266042,,,80133571,20365414,,,,,,1[1],1[1],32[32],32[32],TILE,BFLOAT16,DEV_1_DRAM_INTERLEAVED,1[1],1[1],32[32],32[32],TILE,BFLOAT16,DEV_1_DRAM_INTERLEAVED,1[1],1[1],32[32],32[32],TILE,BFLOAT16,DEV_1_DRAM_INTERLEAVED,,,['ttnn/cpp/ttnn/operations/eltwise/binary_ng/device/kernels/compute/eltwise_binary_no_bcast.cpp'],['eltwise_binary_no_bcast/14288279633599727612/'],['ttnn/cpp/ttnn/operations/eltwise/binary_ng/device/kernels_ng/dataflow/reader_interleaved_no_bcast.cpp'; 'ttnn/cpp/ttnn/operations/eltwise/binary_ng/device/kernels_ng/dataflow/writer_interleaved_no_bcast.cpp'],['reader_interleaved_no_bcast/17691247497470902086/'; 'writer_interleaved_no_bcast/10311599973615775795/'],18417575360683381351,False,1300,1908,1460,672,1372,0,0,0,0,1,1,1,[],[],0.0,,,,,
BinaryNgDeviceOperation,tt_dnn_device,124928,0,,{'binary_op_type': 'BinaryOpType::ADD'; 'compute_kernel_config': 'std::nullopt'; 'dtype': 'DataType::BFLOAT16'; 'input_dtype': 'DataType::BFLOAT16'; 'is_quant_op': 'false'; 'is_sfpu': 'false'; 'is_where_op': 'false'; 'lhs_activations': '{}'; 'memory_config': 'MemoryConfig(memory_layout=TensorMemoryLayout::INTERLEAVED;buffer_type=BufferType::DRAM;shard_spec=std::nullopt;nd_shard_spec=std::nullopt;created_with_nd_shard_spec=0)'; 'post_activations': '{}'; 'rhs_activations': '{}'; 'scalar': 'std::nullopt'; 'sub_core_grids': 'std::nullopt'; 'subtile_broadcast_type': 'SubtileBroadcastType::NONE'; 'worker_grid': '{[(x=0;y=0) - (x=10;y=9)]}'},HiFi4,110,,,3651134785,3651135276,491,1626197697120,1626199139271,555,555,1068260,899847,899847,741954,898901,849939,1165,899844,899459,899478,897833,898959,,89071784,28441626,,3738520,68585311,,,80479084,20388803,,,,,,1[1],1[1],32[32],32[32],TILE,BFLOAT16,DEV_1_DRAM_INTERLEAVED,1[1],1[1],32[32],32[32],TILE,BFLOAT16,DEV_1_DRAM_INTERLEAVED,1[1],1[1],32[32],32[32],TILE,BFLOAT16,DEV_1_DRAM_INTERLEAVED,,,['ttnn/cpp/ttnn/operations/eltwise/binary_ng/device/kernels/compute/eltwise_binary_no_bcast.cpp'],['eltwise_binary_no_bcast/14288279633599727612/'],['ttnn/cpp/ttnn/operations/eltwise/binary_ng/device/kernels_ng/dataflow/reader_interleaved_no_bcast.cpp'; 'ttnn/cpp/ttnn/operations/eltwise/binary_ng/device/kernels_ng/dataflow/writer_interleaved_no_bcast.cpp'],['reader_interleaved_no_bcast/17691247497470902086/'; 'writer_interleaved_no_bcast/10311599973615775795/'],18417575360683381351,False,1300,1908,1460,672,1372,0,0,0,0,1,1,1,[],[],0.0,,,,,
BinaryNgDeviceOperation,tt_dnn_device,125952,0,,{'binary_op_type': 'BinaryOpType::ADD'; 'compute_kernel_config': 'std::nullopt'; 'dtype': 'DataType::BFLOAT16'; 'input_dtype': 'DataType::BFLOAT16'; 'is_quant_op': 'false'; 'is_sfpu': 'false'; 'is_where_op': 'false'; 'lhs_activations': '{}'; 'memory_config': 'MemoryConfig(memory_layout=TensorMemoryLayout::INTERLEAVED;buffer_type=BufferType::DRAM;shard_spec=std::nullopt;nd_shard_spec=std::nullopt;created_with_nd_shard_spec=0)'; 'post_activations': '{}'; 'rhs_activations': '{}'; 'scalar': 'std::nullopt'; 'sub_core_grids': 'std::nullopt'; 'subtile_broadcast_type': 'SubtileBroadcastType::NONE'; 'worker_grid': '{[(x=0;y=0) - (x=10;y=9)]}'},HiFi4,110,,,3651147930,3651148521,591,1626198928079,1626200367069,555,555,1065919,908921,908921,741562,908334,851926,1190,908921,908541,908556,906908,908041,,89289607,28451896,,3738159,68849367,,,80697921,20331113,,,,,,1[1],1[1],32[32],32[32],TILE,BFLOAT16,DEV_1_DRAM_INTERLEAVED,1[1],1[1],32[32],32[32],TILE,BFLOAT16,DEV_1_DRAM_INTERLEAVED,1[1],1[1],32[32],32[32],TILE,BFLOAT16,DEV_1_DRAM_INTERLEAVED,,,['ttnn/cpp/ttnn/operations/eltwise/binary_ng/device/kernels/compute/eltwise_binary_no_bcast.cpp'],['eltwise_binary_no_bcast/14288279633599727612/'],['ttnn/cpp/ttnn/operations/eltwise/binary_ng/device/kernels_ng/dataflow/reader_interleaved_no_bcast.cpp'; 'ttnn/cpp/ttnn/operations/eltwise/binary_ng/device/kernels_ng/dataflow/writer_interleaved_no_bcast.cpp'],['reader_interleaved_no_bcast/17691247497470902086/'; 'writer_interleaved_no_bcast/10311599973615775795/'],18417575360683381351,False,1300,1908,1460,672,1372,0,0,0,0,1,1,1,[],[],0.0,,,,,
BinaryNgDeviceOperation,tt_dnn_device,126976,0,,{'binary_op_type': 'BinaryOpType::ADD'; 'compute_kernel_config': 'std::nullopt'; 'dtype': 'DataType::BFLOAT16'; 'input_dtype': 'DataType::BFLOAT16'; 'is_quant_op': 'false'; 'is_sfpu': 'false'; 'is_where_op': 'false'; 'lhs_activations': '{}'; 'memory_config': 'MemoryConfig(memory_layout=TensorMemoryLayout::INTERLEAVED;buffer_type=BufferType::DRAM;shard_spec=std::nullopt;nd_shard_spec=std::nullopt;created_with_nd_shard_spec=0)'; 'post_activations': '{}'; 'rhs_activations': '{}'; 'scalar': 'std::nullopt'; 'sub_core_grids': 'std::nullopt'; 'subtile_broadcast_type': 'SubtileBroadcastType::NONE'; 'worker_grid': '{[(x=0;y=0) - (x=10;y=9)]}'},HiFi4,110,,,3651162007,3651162498,491,1626200142761,1626201594751,95,96,1075548,909299,909298,764701,909013,856395,1601,909298,908918,908924,907213,908353,,89780570,28358072,,3738381,69379047,,,81187273,20305446,,,,,,1[1],1[1],32[32],32[32],TILE,BFLOAT16,DEV_1_DRAM_INTERLEAVED,1[1],1[1],32[32],32[32],TILE,BFLOAT16,DEV_1_DRAM_INTERLEAVED,1[1],1[1],32[32],32[32],TILE,BFLOAT16,DEV_1_DRAM_INTERLEAVED,,,['ttnn/cpp/ttnn/operations/eltwise/binary_ng/device/kernels/compute/eltwise_binary_no_bcast.cpp'],['eltwise_binary_no_bcast/14288279633599727612/'],['ttnn/cpp/ttnn/operations/eltwise/binary_ng/device/kernels_ng/dataflow/reader_interleaved_no_bcast.cpp'; 'ttnn/cpp/ttnn/operations/eltwise/binary_ng/device/kernels_ng/dataflow/writer_interleaved_no_bcast.cpp'],['reader_interleaved_no_bcast/17691247497470902086/'; 'writer_interleaved_no_bcast/10311599973615775795/'],18417575360683381351,False,1300,1908,1460,672,1372,0,0,0,0,1,1,1,[],[],0.0,,,,,
BinaryNgDeviceOperation,tt_dnn_device,128000,0,,{'binary_op_type': 'BinaryOpType::ADD'; 'compute_kernel_config': 'std::nullopt'; 'dtype': 'DataType::BFLOAT16'; 'input_dtype': 'DataType::BFLOAT16'; 'is_quant_op': 'false'; 'is_sfpu': 'false'; 'is_where_op': 'false'; 'lhs_activations': '{}'; 'memory_config': 'MemoryConfig(memory_layout=TensorMemoryLayout::INTERLEAVED;buffer_type=BufferType::DRAM;shard_spec=std::nullopt;nd_shard_spec=std::nullopt;created_with_nd_shard_spec=0)'; 'post_activations': '{}'; 'rhs_activations': '{}'; 'scalar': 'std::nullopt'; 'sub_core_grids': 'std::nullopt'; 'subtile_broadcast_type': 'SubtileBroadcastType::NONE'; 'worker_grid': '{[(x=0;y=0) - (x=10;y=9)]}'},HiFi4,110,,,3651175172,3651175653,481,1626201401527,1626202805474,427,428,1039961,896405,896404,748046,895306,844905,1304,896400,896039,896050,894370,895533,,88518387,28494024,,3738447,67978905,,,79924454,20440940,,,,,,1[1],1[1],32[32],32[32],TILE,BFLOAT16,DEV_1_DRAM_INTERLEAVED,1[1],1[1],32[32],32[32],TILE,BFLOAT16,DEV_1_DRAM_INTERLEAVED,1[1],1[1],32[32],32[32],TILE,BFLOAT16,DEV_1_DRAM_INTERLEAVED,,,['ttnn/cpp/ttnn/operations/eltwise/binary_ng/device/kernels/compute/eltwise_binary_no_bcast.cpp'],['eltwise_binary_no_bcast/14288279633599727612/'],['ttnn/cpp/ttnn/operations/eltwise/binary_ng/device/kernels_ng/dataflow/reader_interleaved_no_bcast.cpp'; 'ttnn/cpp/ttnn/operations/eltwise/binary_ng/device/kernels_ng/dataflow/writer_interleaved_no_bcast.cpp'],['reader_interleaved_no_bcast/17691247497470902086/'; 'writer_interleaved_no_bcast/10311599973615775795/'],18417575360683381351,False,1300,1908,1460,672,1372,0,0,0,0,1,1,1,[],[],0.0,,,,,
BinaryNgDeviceOperation,tt_dnn_device,129024,0,,{'binary_op_type': 'BinaryOpType::ADD'; 'compute_kernel_config': 'std::nullopt'; 'dtype': 'DataType::BFLOAT16'; 'input_dtype': 'DataType::BFLOAT16'; 'is_quant_op': 'false'; 'is_sfpu': 'false'; 'is_where_op': 'false'; 'lhs_activations': '{}'; 'memory_config': 'MemoryConfig(memory_layout=TensorMemoryLayout::INTERLEAVED;buffer_type=BufferType::DRAM;shard_spec=std::nullopt;nd_shard_spec=std::nullopt;created_with_nd_shard_spec=0)'; 'post_activations': '{}'; 'rhs_activations': '{}'; 'scalar': 'std::nullopt'; 'sub_core_grids': 'std::nullopt'; 'subtile_broadcast_type': 'SubtileBroadcastType::NONE'; 'worker_grid': '{[(x=0;y=0) - (x=10;y=9)]}'},HiFi4,110,,,3651188498,3651189029,531,1626202607183,1626204035038,211,212,1057670,910576,910575,749230,909939,852642,1516,910567,910191,910219,908561,909694,,89367013,28373011,,3738791,68949867,,,80772994,20320664,,,,,,1[1],1[1],32[32],32[32],TILE,BFLOAT16,DEV_1_DRAM_INTERLEAVED,1[1],1[1],32[32],32[32],TILE,BFLOAT16,DEV_1_DRAM_INTERLEAVED,1[1],1[1],32[32],32[32],TILE,BFLOAT16,DEV_1_DRAM_INTERLEAVED,,,['ttnn/cpp/ttnn/operations/eltwise/binary_ng/device/kernels/compute/eltwise_binary_no_bcast.cpp'],['eltwise_binary_no_bcast/14288279633599727612/'],['ttnn/cpp/ttnn/operations/eltwise/binary_ng/device/kernels_ng/dataflow/reader_interleaved_no_bcast.cpp'; 'ttnn/cpp/ttnn/operations/eltwise/binary_ng/device/kernels_ng/dataflow/writer_interleaved_no_bcast.cpp'],['reader_interleaved_no_bcast/17691247497470902086/'; 'writer_interleaved_no_bcast/10311599973615775795/'],18417575360683381351,False,1300,1908,1460,672,1372,0,0,0,0,1,1,1,[],[],0.0,,,,,
BinaryNgDeviceOperation,tt_dnn_device,130048,0,,{'binary_op_type': 'BinaryOpType::ADD'; 'compute_kernel_config': 'std::nullopt'; 'dtype': 'DataType::BFLOAT16'; 'input_dtype': 'DataType::BFLOAT16'; 'is_quant_op': 'false'; 'is_sfpu': 'false'; 'is_where_op': 'false'; 'lhs_activations': '{}'; 'memory_config': 'MemoryConfig(memory_layout=TensorMemoryLayout::INTERLEAVED;buffer_type=BufferType::DRAM;shard_spec=std::nullopt;nd_shard_spec=std::nullopt;created_with_nd_shard_spec=0)'; 'post_activations': '{}'; 'rhs_activations': '{}'; 'scalar': 'std::nullopt'; 'sub_core_grids': 'std::nullopt'; 'subtile_broadcast_type': 'SubtileBroadcastType::NONE'; 'worker_grid': '{[(x=0;y=0) - (x=10;y=9)]}'},HiFi4,110,,,3651201222,3651201763,541,1626203819241,1626205251527,219,221,1060953,900873,900870,746202,900119,849742,1533,900870,900493,900511,898849,899996,,89050413,28406042,,3738713,68597634,,,80456126,20351768,,,,,,1[1],1[1],32[32],32[32],TILE,BFLOAT16,DEV_1_DRAM_INTERLEAVED,1[1],1[1],32[32],32[32],TILE,BFLOAT16,DEV_1_DRAM_INTERLEAVED,1[1],1[1],32[32],32[32],TILE,BFLOAT16,DEV_1_DRAM_INTERLEAVED,,,['ttnn/cpp/ttnn/operations/eltwise/binary_ng/device/kernels/compute/eltwise_binary_no_bcast.cpp'],['eltwise_binary_no_bcast/14288279633599727612/'],['ttnn/cpp/ttnn/operations/eltwise/binary_ng/device/kernels_ng/dataflow/reader_interleaved_no_bcast.cpp'; 'ttnn/cpp/ttnn/operations/eltwise/binary_ng/device/kernels_ng/dataflow/writer_interleaved_no_bcast.cpp'],['reader_interleaved_no_bcast/17691247497470902086/'; 'writer_interleaved_no_bcast/10311599973615775795/'],18417575360683381351,False,1300,1908,1460,672,1372,0,0,0,0,1,1,1,[],[],0.0,,,,,
BinaryNgDeviceOperation,tt_dnn_device,131072,0,,{'binary_op_type': 'BinaryOpType::ADD'; 'compute_kernel_config': 'std::nullopt'; 'dtype': 'DataType::BFLOAT16'; 'input_dtype': 'DataType::BFLOAT16'; 'is_quant_op': 'false'; 'is_sfpu': 'false'; 'is_where_op': 'false'; 'lhs_activations': '{}'; 'memory_config': 'MemoryConfig(memory_layout=TensorMemoryLayout::INTERLEAVED;buffer_type=BufferType::DRAM;shard_spec=std::nullopt;nd_shard_spec=std::nullopt;created_with_nd_shard_spec=0)'; 'post_activations': '{}'; 'rhs_activations': '{}'; 'scalar': 'std::nullopt'; 'sub_core_grids': 'std::nullopt'; 'subtile_broadcast_type': 'SubtileBroadcastType::NONE'; 'worker_grid': '{[(x=0;y=0) - (x=10;y=9)]}'},HiFi4,110,,,3651213927,3651214448,521,1626205044724,1626206475037,141,141,1059491,906180,906180,753893,905119,850174,1582,906172,905810,905832,904180,905313,,89091321,28339964,,3738129,68714933,,,80505477,20285500,,,,,,1[1],1[1],32[32],32[32],TILE,BFLOAT16,DEV_1_DRAM_INTERLEAVED,1[1],1[1],32[32],32[32],TILE,BFLOAT16,DEV_1_DRAM_INTERLEAVED,1[1],1[1],32[32],32[32],TILE,BFLOAT16,DEV_1_DRAM_INTERLEAVED,,,['ttnn/cpp/ttnn/operations/eltwise/binary_ng/device/kernels/compute/eltwise_binary_no_bcast.cpp'],['eltwise_binary_no_bcast/14288279633599727612/'],['ttnn/cpp/ttnn/operations/eltwise/binary_ng/device/kernels_ng/dataflow/reader_interleaved_no_bcast.cpp'; 'ttnn/cpp/ttnn/operations/eltwise/binary_ng/device/kernels_ng/dataflow/writer_interleaved_no_bcast.cpp'],['reader_interleaved_no_bcast/17691247497470902086/'; 'writer_interleaved_no_bcast/10311599973615775795/'],18417575360683381351,False,1300,1908,1460,672,1372,0,0,0,0,1,1,1,[],[],0.0,,,,,
BinaryNgDeviceOperation,tt_dnn_device,132096,0,,{'binary_op_type': 'BinaryOpType::ADD'; 'compute_kernel_config': 'std::nullopt'; 'dtype': 'DataType::BFLOAT16'; 'input_dtype': 'DataType::BFLOAT16'; 'is_quant_op': 'false'; 'is_sfpu': 'false'; 'is_where_op': 'false'; 'lhs_activations': '{}'; 'memory_config': 'MemoryConfig(memory_layout=TensorMemoryLayout::INTERLEAVED;buffer_type=BufferType::DRAM;shard_spec=std::nullopt;nd_shard_spec=std::nullopt;created_with_nd_shard_spec=0)'; 'post_activations': '{}'; 'rhs_activations': '{}'; 'scalar': 'std::nullopt'; 'sub_core_grids': 'std::nullopt'; 'subtile_broadcast_type': 'SubtileBroadcastType::NONE'; 'worker_grid': '{[(x=0;y=0) - (x=10;y=9)]}'},HiFi4,110,,,3651226381,3651226882,501,1626206271392,1626207698956,285,287,1057455,906316,906314,726361,905628,854165,1410,906311,905945,905957,904273,905412,,89535833,28361821,,3737767,69129233,,,80943176,20310398,,,,,,1[1],1[1],32[32],32[32],TILE,BFLOAT16,DEV_1_DRAM_INTERLEAVED,1[1],1[1],32[32],32[32],TILE,BFLOAT16,DEV_1_DRAM_INTERLEAVED,1[1],1[1],32[32],32[32],TILE,BFLOAT16,DEV_1_DRAM_INTERLEAVED,,,['ttnn/cpp/ttnn/operations/eltwise/binary_ng/device/kernels/compute/eltwise_binary_no_bcast.cpp'],['eltwise_binary_no_bcast/14288279633599727612/'],['ttnn/cpp/ttnn/operations/eltwise/binary_ng/device/kernels_ng/dataflow/reader_interleaved_no_bcast.cpp'; 'ttnn/cpp/ttnn/operations/eltwise/binary_ng/device/kernels_ng/dataflow/writer_interleaved_no_bcast.cpp'],['reader_interleaved_no_bcast/17691247497470902086/'; 'writer_interleaved_no_bcast/10311599973615775795/'],18417575360683381351,False,1300,1908,1460,672,1372,0,0,0,0,1,1,1,[],[],0.0,,,,,
BinaryNgDeviceOperation,tt_dnn_device,133120,0,,{'binary_op_type': 'BinaryOpType::ADD'; 'compute_kernel_config': 'std::nullopt'; 'dtype': 'DataType::BFLOAT16'; 'input_dtype': 'DataType::BFLOAT16'; 'is_quant_op': 'false'; 'is_sfpu': 'false'; 'is_where_op': 'false'; 'lhs_activations': '{}'; 'memory_config': 'MemoryConfig(memory_layout=TensorMemoryLayout::INTERLEAVED;buffer_type=BufferType::DRAM;shard_spec=std::nullopt;nd_shard_spec=std::nullopt;created_with_nd_shard_spec=0)'; 'post_activations': '{}'; 'rhs_activations': '{}'; 'scalar': 'std::nullopt'; 'sub_core_grids': 'std::nullopt'; 'subtile_broadcast_type': 'SubtileBroadcastType::NONE'; 'worker_grid': '{[(x=0;y=0) - (x=10;y=9)]}'},HiFi4,110,,,3651239065,3651239616,551,1626207457898,1626208918482,476,477,1081914,902876,902876,764141,902286,851949,1250,902874,902508,902521,900876,902002,,89291903,28407696,,3738079,68841103,,,80698222,20354050,,,,,,1[1],1[1],32[32],32[32],TILE,BFLOAT16,DEV_1_DRAM_INTERLEAVED,1[1],1[1],32[32],32[32],TILE,BFLOAT16,DEV_1_DRAM_INTERLEAVED,1[1],1[1],32[32],32[32],TILE,BFLOAT16,DEV_1_DRAM_INTERLEAVED,,,['ttnn/cpp/ttnn/operations/eltwise/binary_ng/device/kernels/compute/eltwise_binary_no_bcast.cpp'],['eltwise_binary_no_bcast/14288279633599727612/'],['ttnn/cpp/ttnn/operations/eltwise/binary_ng/device/kernels_ng/dataflow/reader_interleaved_no_bcast.cpp'; 'ttnn/cpp/ttnn/operations/eltwise/binary_ng/device/kernels_ng/dataflow/writer_interleaved_no_bcast.cpp'],['reader_interleaved_no_bcast/17691247497470902086/'; 'writer_interleaved_no_bcast/10311599973615775795/'],18417575360683381351,False,1300,1908,1460,672,1372,0,0,0,0,1,1,1,[],[],0.0,,,,,
BinaryNgDeviceOperation,tt_dnn_device,134144,0,,{'binary_op_type': 'BinaryOpType::ADD'; 'compute_kernel_config': 'std::nullopt'; 'dtype': 'DataType::BFLOAT16'; 'input_dtype': 'DataType::BFLOAT16'; 'is_quant_op': 'false'; 'is_sfpu': 'false'; 'is_where_op': 'false'; 'lhs_activations': '{}'; 'memory_config': 'MemoryConfig(memory_layout=TensorMemoryLayout::INTERLEAVED;buffer_type=BufferType::DRAM;shard_spec=std::nullopt;nd_shard_spec=std::nullopt;created_with_nd_shard_spec=0)'; 'post_activations': '{}'; 'rhs_activations': '{}'; 'scalar': 'std::nullopt'; 'sub_core_grids': 'std::nullopt'; 'subtile_broadcast_type': 'SubtileBroadcastType::NONE'; 'worker_grid': '{[(x=0;y=0) - (x=10;y=9)]}'},HiFi4,110,,,3651251840,3651252331,491,1626208733208,1626210142603,369,369,1043996,906390,906390,751895,905176,852660,1370,906387,906006,906019,904373,905520,,89371543,28475175,,3737952,68851739,,,80778130,20422515,,,,,,1[1],1[1],32[32],32[32],TILE,BFLOAT16,DEV_1_DRAM_INTERLEAVED,1[1],1[1],32[32],32[32],TILE,BFLOAT16,DEV_1_DRAM_INTERLEAVED,1[1],1[1],32[32],32[32],TILE,BFLOAT16,DEV_1_DRAM_INTERLEAVED,,,['ttnn/cpp/ttnn/operations/eltwise/binary_ng/device/kernels/compute/eltwise_binary_no_bcast.cpp'],['eltwise_binary_no_bcast/14288279633599727612/'],['ttnn/cpp/ttnn/operations/eltwise/binary_ng/device/kernels_ng/dataflow/reader_interleaved_no_bcast.cpp'; 'ttnn/cpp/ttnn/operations/eltwise/binary_ng/device/kernels_ng/dataflow/writer_interleaved_no_bcast.cpp'],['reader_interleaved_no_bcast/17691247497470902086/'; 'writer_interleaved_no_bcast/10311599973615775795/'],18417575360683381351,False,1300,1908,1460,672,1372,0,0,0,0,1,1,1,[],[],0.0,,,,,
BinaryNgDeviceOperation,tt_dnn_device,135168,0,,{'binary_op_type': 'BinaryOpType::ADD'; 'compute_kernel_config': 'std::nullopt'; 'dtype': 'DataType::BFLOAT16'; 'input_dtype': 'DataType::BFLOAT16'; 'is_quant_op': 'false'; 'is_sfpu': 'false'; 'is_where_op': 'false'; 'lhs_activations': '{}'; 'memory_config': 'MemoryConfig(memory_layout=TensorMemoryLayout::INTERLEAVED;buffer_type=BufferType::DRAM;shard_spec=std::nullopt;nd_shard_spec=std::nullopt;created_with_nd_shard_spec=0)'; 'post_activations': '{}'; 'rhs_activations': '{}'; 'scalar': 'std::nullopt'; 'sub_core_grids': 'std::nullopt'; 'subtile_broadcast_type': 'SubtileBroadcastType::NONE'; 'worker_grid': '{[(x=0;y=0) - (x=10;y=9)]}'},HiFi4,110,,,3651264334,3651264835,501,1626209936028,1626211371043,319,319,1062974,909637,909637,759110,908902,852682,1414,909637,909264,909296,907628,908768,,89374149,28376316,,3737856,68955847,,,80780635,20320601,,,,,,1[1],1[1],32[32],32[32],TILE,BFLOAT16,DEV_1_DRAM_INTERLEAVED,1[1],1[1],32[32],32[32],TILE,BFLOAT16,DEV_1_DRAM_INTERLEAVED,1[1],1[1],32[32],32[32],TILE,BFLOAT16,DEV_1_DRAM_INTERLEAVED,,,['ttnn/cpp/ttnn/operations/eltwise/binary_ng/device/kernels/compute/eltwise_binary_no_bcast.cpp'],['eltwise_binary_no_bcast/14288279633599727612/'],['ttnn/cpp/ttnn/operations/eltwise/binary_ng/device/kernels_ng/dataflow/reader_interleaved_no_bcast.cpp'; 'ttnn/cpp/ttnn/operations/eltwise/binary_ng/device/kernels_ng/dataflow/writer_interleaved_no_bcast.cpp'],['reader_interleaved_no_bcast/17691247497470902086/'; 'writer_interleaved_no_bcast/10311599973615775795/'],18417575360683381351,False,1300,1908,1460,672,1372,0,0,0,0,1,1,1,[],[],0.0,,,,,
BinaryNgDeviceOperation,tt_dnn_device,136192,0,,{'binary_op_type': 'BinaryOpType::ADD'; 'compute_kernel_config': 'std::nullopt'; 'dtype': 'DataType::BFLOAT16'; 'input_dtype': 'DataType::BFLOAT16'; 'is_quant_op': 'false'; 'is_sfpu': 'false'; 'is_where_op': 'false'; 'lhs_activations': '{}'; 'memory_config': 'MemoryConfig(memory_layout=TensorMemoryLayout::INTERLEAVED;buffer_type=BufferType::DRAM;shard_spec=std::nullopt;nd_shard_spec=std::nullopt;created_with_nd_shard_spec=0)'; 'post_activations': '{}'; 'rhs_activations': '{}'; 'scalar': 'std::nullopt'; 'sub_core_grids': 'std::nullopt'; 'subtile_broadcast_type': 'SubtileBroadcastType::NONE'; 'worker_grid': '{[(x=0;y=0) - (x=10;y=9)]}'},HiFi4,110,,,3651277168,3651277659,491,1626211169621,1626212609558,474,475,1066620,916941,916940,750787,916036,852230,1251,916936,916567,916601,914862,916001,,89324113,28365779,,3737316,68972049,,,80733816,20242841,,,,,,1[1],1[1],32[32],32[32],TILE,BFLOAT16,DEV_1_DRAM_INTERLEAVED,1[1],1[1],32[32],32[32],TILE,BFLOAT16,DEV_1_DRAM_INTERLEAVED,1[1],1[1],32[32],32[32],TILE,BFLOAT16,DEV_1_DRAM_INTERLEAVED,,,['ttnn/cpp/ttnn/operations/eltwise/binary_ng/device/kernels/compute/eltwise_binary_no_bcast.cpp'],['eltwise_binary_no_bcast/14288279633599727612/'],['ttnn/cpp/ttnn/operations/eltwise/binary_ng/device/kernels_ng/dataflow/reader_interleaved_no_bcast.cpp'; 'ttnn/cpp/ttnn/operations/eltwise/binary_ng/device/kernels_ng/dataflow/writer_interleaved_no_bcast.cpp'],['reader_interleaved_no_bcast/17691247497470902086/'; 'writer_interleaved_no_bcast/10311599973615775795/'],18417575360683381351,False,1300,1908,1460,672,1372,0,0,0,0,1,1,1,[],[],0.0,,,,,
BinaryNgDeviceOperation,tt_dnn_device,137216,0,,{'binary_op_type': 'BinaryOpType::ADD'; 'compute_kernel_config': 'std::nullopt'; 'dtype': 'DataType::BFLOAT16'; 'input_dtype': 'DataType::BFLOAT16'; 'is_quant_op': 'false'; 'is_sfpu': 'false'; 'is_where_op': 'false'; 'lhs_activations': '{}'; 'memory_config': 'MemoryConfig(memory_layout=TensorMemoryLayout::INTERLEAVED;buffer_type=BufferType::DRAM;shard_spec=std::nullopt;nd_shard_spec=std::nullopt;created_with_nd_shard_spec=0)'; 'post_activations': '{}'; 'rhs_activations': '{}'; 'scalar': 'std::nullopt'; 'sub_core_grids': 'std::nullopt'; 'subtile_broadcast_type': 'SubtileBroadcastType::NONE'; 'worker_grid': '{[(x=0;y=0) - (x=10;y=9)]}'},HiFi4,110,,,3651293339,3651293860,521,1626212387129,1626213837004,477,481,1073981,908742,908739,746474,907943,853377,1240,908734,908350,908384,906721,907863,,89450937,28435284,,3737809,68972904,,,80858204,20380154,,,,,,1[1],1[1],32[32],32[32],TILE,BFLOAT16,DEV_1_DRAM_INTERLEAVED,1[1],1[1],32[32],32[32],TILE,BFLOAT16,DEV_1_DRAM_INTERLEAVED,1[1],1[1],32[32],32[32],TILE,BFLOAT16,DEV_1_DRAM_INTERLEAVED,,,['ttnn/cpp/ttnn/operations/eltwise/binary_ng/device/kernels/compute/eltwise_binary_no_bcast.cpp'],['eltwise_binary_no_bcast/14288279633599727612/'],['ttnn/cpp/ttnn/operations/eltwise/binary_ng/device/kernels_ng/dataflow/reader_interleaved_no_bcast.cpp'; 'ttnn/cpp/ttnn/operations/eltwise/binary_ng/device/kernels_ng/dataflow/writer_interleaved_no_bcast.cpp'],['reader_interleaved_no_bcast/17691247497470902086/'; 'writer_interleaved_no_bcast/10311599973615775795/'],18417575360683381351,False,1300,1908,1460,672,1372,0,0,0,0,1,1,1,[],[],0.0,,,,,
BinaryNgDeviceOperation,tt_dnn_device,138240,0,,{'binary_op_type': 'BinaryOpType::ADD'; 'compute_kernel_config': 'std::nullopt'; 'dtype': 'DataType::BFLOAT16'; 'input_dtype': 'DataType::BFLOAT16'; 'is_quant_op': 'false'; 'is_sfpu': 'false'; 'is_where_op': 'false'; 'lhs_activations': '{}'; 'memory_config': 'MemoryConfig(memory_layout=TensorMemoryLayout::INTERLEAVED;buffer_type=BufferType::DRAM;shard_spec=std::nullopt;nd_shard_spec=std::nullopt;created_with_nd_shard_spec=0)'; 'post_activations': '{}'; 'rhs_activations': '{}'; 'scalar': 'std::nullopt'; 'sub_core_grids': 'std::nullopt'; 'subtile_broadcast_type': 'SubtileBroadcastType::NONE'; 'worker_grid': '{[(x=0;y=0) - (x=10;y=9)]}'},HiFi4,110,,,3651306334,3651306915,581,1626213619924,1626215060018,474,474,1066736,905469,905469,750121,904956,848665,1251,905469,905089,905119,903451,904598,,88933210,28375453,,3737573,68512175,,,80340717,20322916,,,,,,1[1],1[1],32[32],32[32],TILE,BFLOAT16,DEV_1_DRAM_INTERLEAVED,1[1],1[1],32[32],32[32],TILE,BFLOAT16,DEV_1_DRAM_INTERLEAVED,1[1],1[1],32[32],32[32],TILE,BFLOAT16,DEV_1_DRAM_INTERLEAVED,,,['ttnn/cpp/ttnn/operations/eltwise/binary_ng/device/kernels/compute/eltwise_binary_no_bcast.cpp'],['eltwise_binary_no_bcast/14288279633599727612/'],['ttnn/cpp/ttnn/operations/eltwise/binary_ng/device/kernels_ng/dataflow/reader_interleaved_no_bcast.cpp'; 'ttnn/cpp/ttnn/operations/eltwise/binary_ng/device/kernels_ng/dataflow/writer_interleaved_no_bcast.cpp'],['reader_interleaved_no_bcast/17691247497470902086/'; 'writer_interleaved_no_bcast/10311599973615775795/'],18417575360683381351,False,1300,1908,1460,672,1372,0,0,0,0,1,1,1,[],[],0.0,,,,,
BinaryNgDeviceOperation,tt_dnn_device,139264,0,,{'binary_op_type': 'BinaryOpType::ADD'; 'compute_kernel_config': 'std::nullopt'; 'dtype': 'DataType::BFLOAT16'; 'input_dtype': 'DataType::BFLOAT16'; 'is_quant_op': 'false'; 'is_sfpu': 'false'; 'is_where_op': 'false'; 'lhs_activations': '{}'; 'memory_config': 'MemoryConfig(memory_layout=TensorMemoryLayout::INTERLEAVED;buffer_type=BufferType::DRAM;shard_spec=std::nullopt;nd_shard_spec=std::nullopt;created_with_nd_shard_spec=0)'; 'post_activations': '{}'; 'rhs_activations': '{}'; 'scalar': 'std::nullopt'; 'sub_core_grids': 'std::nullopt'; 'subtile_broadcast_type': 'SubtileBroadcastType::NONE'; 'worker_grid': '{[(x=0;y=0) - (x=10;y=9)]}'},HiFi4,110,,,3651321994,3651322525,531,1626214852156,1626216285796,472,473,1061956,907510,907509,740510,906958,852189,1243,907509,907144,907153,905519,906653,,89320520,28439704,,3737927,68836727,,,80727019,20385318,,,,,,1[1],1[1],32[32],32[32],TILE,BFLOAT16,DEV_1_DRAM_INTERLEAVED,1[1],1[1],32[32],32[32],TILE,BFLOAT16,DEV_1_DRAM_INTERLEAVED,1[1],1[1],32[32],32[32],TILE,BFLOAT16,DEV_1_DRAM_INTERLEAVED,,,['ttnn/cpp/ttnn/operations/eltwise/binary_ng/device/kernels/compute/eltwise_binary_no_bcast.cpp'],['eltwise_binary_no_bcast/14288279633599727612/'],['ttnn/cpp/ttnn/operations/eltwise/binary_ng/device/kernels_ng/dataflow/reader_interleaved_no_bcast.cpp'; 'ttnn/cpp/ttnn/operations/eltwise/binary_ng/device/kernels_ng/dataflow/writer_interleaved_no_bcast.cpp'],['reader_interleaved_no_bcast/17691247497470902086/'; 'writer_interleaved_no_bcast/10311599973615775795/'],18417575360683381351,False,1300,1908,1460,672,1372,0,0,0,0,1,1,1,[],[],0.0,,,,,
BinaryNgDeviceOperation,tt_dnn_device,140288,0,,{'binary_op_type': 'BinaryOpType::ADD'; 'compute_kernel_config': 'std::nullopt'; 'dtype': 'DataType::BFLOAT16'; 'input_dtype': 'DataType::BFLOAT16'; 'is_quant_op': 'false'; 'is_sfpu': 'false'; 'is_where_op': 'false'; 'lhs_activations': '{}'; 'memory_config': 'MemoryConfig(memory_layout=TensorMemoryLayout::INTERLEAVED;buffer_type=BufferType::DRAM;shard_spec=std::nullopt;nd_shard_spec=std::nullopt;created_with_nd_shard_spec=0)'; 'post_activations': '{}'; 'rhs_activations': '{}'; 'scalar': 'std::nullopt'; 'sub_core_grids': 'std::nullopt'; 'subtile_broadcast_type': 'SubtileBroadcastType::NONE'; 'worker_grid': '{[(x=0;y=0) - (x=10;y=9)]}'},HiFi4,110,,,3651338246,3651338727,481,1626216062237,1626217514905,464,464,1076050,909975,909975,725785,909180,849870,1273,909973,909597,909616,907897,909102,,89066464,28348471,,3737711,68672631,,,80472584,20292891,,,,,,1[1],1[1],32[32],32[32],TILE,BFLOAT16,DEV_1_DRAM_INTERLEAVED,1[1],1[1],32[32],32[32],TILE,BFLOAT16,DEV_1_DRAM_INTERLEAVED,1[1],1[1],32[32],32[32],TILE,BFLOAT16,DEV_1_DRAM_INTERLEAVED,,,['ttnn/cpp/ttnn/operations/eltwise/binary_ng/device/kernels/compute/eltwise_binary_no_bcast.cpp'],['eltwise_binary_no_bcast/14288279633599727612/'],['ttnn/cpp/ttnn/operations/eltwise/binary_ng/device/kernels_ng/dataflow/reader_interleaved_no_bcast.cpp'; 'ttnn/cpp/ttnn/operations/eltwise/binary_ng/device/kernels_ng/dataflow/writer_interleaved_no_bcast.cpp'],['reader_interleaved_no_bcast/17691247497470902086/'; 'writer_interleaved_no_bcast/10311599973615775795/'],18417575360683381351,False,1300,1908,1460,672,1372,0,0,0,0,1,1,1,[],[],0.0,,,,,
BinaryNgDeviceOperation,tt_dnn_device,141312,0,,{'binary_op_type': 'BinaryOpType::ADD'; 'compute_kernel_config': 'std::nullopt'; 'dtype': 'DataType::BFLOAT16'; 'input_dtype': 'DataType::BFLOAT16'; 'is_quant_op': 'false'; 'is_sfpu': 'false'; 'is_where_op': 'false'; 'lhs_activations': '{}'; 'memory_config': 'MemoryConfig(memory_layout=TensorMemoryLayout::INTERLEAVED;buffer_type=BufferType::DRAM;shard_spec=std::nullopt;nd_shard_spec=std::nullopt;created_with_nd_shard_spec=0)'; 'post_activations': '{}'; 'rhs_activations': '{}'; 'scalar': 'std::nullopt'; 'sub_core_grids': 'std::nullopt'; 'subtile_broadcast_type': 'SubtileBroadcastType::NONE'; 'worker_grid': '{[(x=0;y=0) - (x=10;y=9)]}'},HiFi4,110,,,3651351020,3651351521,501,1626217268258,1626218744621,484,484,1093602,910427,910427,760647,909997,854479,1270,910423,910049,910076,908434,909562,,89565844,28259515,,3737041,69270429,,,80981302,20205341,,,,,,1[1],1[1],32[32],32[32],TILE,BFLOAT16,DEV_1_DRAM_INTERLEAVED,1[1],1[1],32[32],32[32],TILE,BFLOAT16,DEV_1_DRAM_INTERLEAVED,1[1],1[1],32[32],32[32],TILE,BFLOAT16,DEV_1_DRAM_INTERLEAVED,,,['ttnn/cpp/ttnn/operations/eltwise/binary_ng/device/kernels/compute/eltwise_binary_no_bcast.cpp'],['eltwise_binary_no_bcast/14288279633599727612/'],['ttnn/cpp/ttnn/operations/eltwise/binary_ng/device/kernels_ng/dataflow/reader_interleaved_no_bcast.cpp'; 'ttnn/cpp/ttnn/operations/eltwise/binary_ng/device/kernels_ng/dataflow/writer_interleaved_no_bcast.cpp'],['reader_interleaved_no_bcast/17691247497470902086/'; 'writer_interleaved_no_bcast/10311599973615775795/'],18417575360683381351,False,1300,1908,1460,672,1372,0,0,0,0,1,1,1,[],[],0.0,,,,,
BinaryNgDeviceOperation,tt_dnn_device,142336,0,,{'binary_op_type': 'BinaryOpType::ADD'; 'compute_kernel_config': 'std::nullopt'; 'dtype': 'DataType::BFLOAT16'; 'input_dtype': 'DataType::BFLOAT16'; 'is_quant_op': 'false'; 'is_sfpu': 'false'; 'is_where_op': 'false'; 'lhs_activations': '{}'; 'memory_config': 'MemoryConfig(memory_layout=TensorMemoryLayout::INTERLEAVED;buffer_type=BufferType::DRAM;shard_spec=std::nullopt;nd_shard_spec=std::nullopt;created_with_nd_shard_spec=0)'; 'post_activations': '{}'; 'rhs_activations': '{}'; 'scalar': 'std::nullopt'; 'sub_core_grids': 'std::nullopt'; 'subtile_broadcast_type': 'SubtileBroadcastType::NONE'; 'worker_grid': '{[(x=0;y=0) - (x=10;y=9)]}'},HiFi4,110,,,3651363695,3651364185,490,1626218544420,1626219973332,176,176,1058453,909980,909980,739371,908631,849366,1540,909979,909590,909600,907927,909065,,89010415,28358919,,3738264,68609571,,,80416407,20302573,,,,,,1[1],1[1],32[32],32[32],TILE,BFLOAT16,DEV_1_DRAM_INTERLEAVED,1[1],1[1],32[32],32[32],TILE,BFLOAT16,DEV_1_DRAM_INTERLEAVED,1[1],1[1],32[32],32[32],TILE,BFLOAT16,DEV_1_DRAM_INTERLEAVED,,,['ttnn/cpp/ttnn/operations/eltwise/binary_ng/device/kernels/compute/eltwise_binary_no_bcast.cpp'],['eltwise_binary_no_bcast/14288279633599727612/'],['ttnn/cpp/ttnn/operations/eltwise/binary_ng/device/kernels_ng/dataflow/reader_interleaved_no_bcast.cpp'; 'ttnn/cpp/ttnn/operations/eltwise/binary_ng/device/kernels_ng/dataflow/writer_interleaved_no_bcast.cpp'],['reader_interleaved_no_bcast/17691247497470902086/'; 'writer_interleaved_no_bcast/10311599973615775795/'],18417575360683381351,False,1300,1908,1460,672,1372,0,0,0,0,1,1,1,[],[],0.0,,,,,
BinaryNgDeviceOperation,tt_dnn_device,143360,0,,{'binary_op_type': 'BinaryOpType::ADD'; 'compute_kernel_config': 'std::nullopt'; 'dtype': 'DataType::BFLOAT16'; 'input_dtype': 'DataType::BFLOAT16'; 'is_quant_op': 'false'; 'is_sfpu': 'false'; 'is_where_op': 'false'; 'lhs_activations': '{}'; 'memory_config': 'MemoryConfig(memory_layout=TensorMemoryLayout::INTERLEAVED;buffer_type=BufferType::DRAM;shard_spec=std::nullopt;nd_shard_spec=std::nullopt;created_with_nd_shard_spec=0)'; 'post_activations': '{}'; 'rhs_activations': '{}'; 'scalar': 'std::nullopt'; 'sub_core_grids': 'std::nullopt'; 'subtile_broadcast_type': 'SubtileBroadcastType::NONE'; 'worker_grid': '{[(x=0;y=0) - (x=10;y=9)]}'},HiFi4,110,,,3651376629,3651377120,491,1626219744793,1626221193955,154,154,1073453,904015,904015,755203,903333,847963,1550,904014,903641,903661,902011,903143,,88854728,28433884,,3737845,68376056,,,80261379,20381168,,,,,,1[1],1[1],32[32],32[32],TILE,BFLOAT16,DEV_1_DRAM_INTERLEAVED,1[1],1[1],32[32],32[32],TILE,BFLOAT16,DEV_1_DRAM_INTERLEAVED,1[1],1[1],32[32],32[32],TILE,BFLOAT16,DEV_1_DRAM_INTERLEAVED,,,['ttnn/cpp/ttnn/operations/eltwise/binary_ng/device/kernels/compute/eltwise_binary_no_bcast.cpp'],['eltwise_binary_no_bcast/14288279633599727612/'],['ttnn/cpp/ttnn/operations/eltwise/binary_ng/device/kernels_ng/dataflow/reader_interleaved_no_bcast.cpp'; 'ttnn/cpp/ttnn/operations/eltwise/binary_ng/device/kernels_ng/dataflow/writer_interleaved_no_bcast.cpp'],['reader_interleaved_no_bcast/17691247497470902086/'; 'writer_interleaved_no_bcast/10311599973615775795/'],18417575360683381351,False,1300,1908,1460,672,1372,0,0,0,0,1,1,1,[],[],0.0,,,,,
BinaryNgDeviceOperation,tt_dnn_device,144384,0,,{'binary_op_type': 'BinaryOpType::ADD'; 'compute_kernel_config': 'std::nullopt'; 'dtype': 'DataType::BFLOAT16'; 'input_dtype': 'DataType::BFLOAT16'; 'is_quant_op': 'false'; 'is_sfpu': 'false'; 'is_where_op': 'false'; 'lhs_activations': '{}'; 'memory_config': 'MemoryConfig(memory_layout=TensorMemoryLayout::INTERLEAVED;buffer_type=BufferType::DRAM;shard_spec=std::nullopt;nd_shard_spec=std::nullopt;created_with_nd_shard_spec=0)'; 'post_activations': '{}'; 'rhs_activations': '{}'; 'scalar': 'std::nullopt'; 'sub_core_grids': 'std::nullopt'; 'subtile_broadcast_type': 'SubtileBroadcastType::NONE'; 'worker_grid': '{[(x=0;y=0) - (x=10;y=9)]}'},HiFi4,110,,,3651389404,3651389905,501,1626220994854,1626222418203,93,93,1054333,906758,906758,741984,905884,850072,1596,906758,906367,906391,904730,905877,,89087518,28302761,,3738044,68742042,,,80494573,20247236,,,,,,1[1],1[1],32[32],32[32],TILE,BFLOAT16,DEV_1_DRAM_INTERLEAVED,1[1],1[1],32[32],32[32],TILE,BFLOAT16,DEV_1_DRAM_INTERLEAVED,1[1],1[1],32[32],32[32],TILE,BFLOAT16,DEV_1_DRAM_INTERLEAVED,,,['ttnn/cpp/ttnn/operations/eltwise/binary_ng/device/kernels/compute/eltwise_binary_no_bcast.cpp'],['eltwise_binary_no_bcast/14288279633599727612/'],['ttnn/cpp/ttnn/operations/eltwise/binary_ng/device/kernels_ng/dataflow/reader_interleaved_no_bcast.cpp'; 'ttnn/cpp/ttnn/operations/eltwise/binary_ng/device/kernels_ng/dataflow/writer_interleaved_no_bcast.cpp'],['reader_interleaved_no_bcast/17691247497470902086/'; 'writer_interleaved_no_bcast/10311599973615775795/'],18417575360683381351,False,1300,1908,1460,672,1372,0,0,0,0,1,1,1,[],[],0.0,,,,,
BinaryNgDeviceOperation,tt_dnn_device,145408,0,,{'binary_op_type': 'BinaryOpType::ADD'; 'compute_kernel_config': 'std::nullopt'; 'dtype': 'DataType::BFLOAT16'; 'input_dtype': 'DataType::BFLOAT16'; 'is_quant_op': 'false'; 'is_sfpu': 'false'; 'is_where_op': 'false'; 'lhs_activations': '{}'; 'memory_config': 'MemoryConfig(memory_layout=TensorMemoryLayout::INTERLEAVED;buffer_type=BufferType::DRAM;shard_spec=std::nullopt;nd_shard_spec=std::nullopt;created_with_nd_shard_spec=0)'; 'post_activations': '{}'; 'rhs_activations': '{}'; 'scalar': 'std::nullopt'; 'sub_core_grids': 'std::nullopt'; 'subtile_broadcast_type': 'SubtileBroadcastType::NONE'; 'worker_grid': '{[(x=0;y=0) - (x=10;y=9)]}'},HiFi4,110,,,3651402078,3651402619,541,1626222197556,1626223645315,469,469,1072414,908501,908501,743750,907788,847713,1233,908501,908114,908150,906497,907633,,88828301,28347934,,3737415,68438267,,,80236053,20292285,,,,,,1[1],1[1],32[32],32[32],TILE,BFLOAT16,DEV_1_DRAM_INTERLEAVED,1[1],1[1],32[32],32[32],TILE,BFLOAT16,DEV_1_DRAM_INTERLEAVED,1[1],1[1],32[32],32[32],TILE,BFLOAT16,DEV_1_DRAM_INTERLEAVED,,,['ttnn/cpp/ttnn/operations/eltwise/binary_ng/device/kernels/compute/eltwise_binary_no_bcast.cpp'],['eltwise_binary_no_bcast/14288279633599727612/'],['ttnn/cpp/ttnn/operations/eltwise/binary_ng/device/kernels_ng/dataflow/reader_interleaved_no_bcast.cpp'; 'ttnn/cpp/ttnn/operations/eltwise/binary_ng/device/kernels_ng/dataflow/writer_interleaved_no_bcast.cpp'],['reader_interleaved_no_bcast/17691247497470902086/'; 'writer_interleaved_no_bcast/10311599973615775795/'],18417575360683381351,False,1300,1908,1460,672,1372,0,0,0,0,1,1,1,[],[],0.0,,,,,
BinaryNgDeviceOperation,tt_dnn_device,146432,0,,{'binary_op_type': 'BinaryOpType::ADD'; 'compute_kernel_config': 'std::nullopt'; 'dtype': 'DataType::BFLOAT16'; 'input_dtype': 'DataType::BFLOAT16'; 'is_quant_op': 'false'; 'is_sfpu': 'false'; 'is_where_op': 'false'; 'lhs_activations': '{}'; 'memory_config': 'MemoryConfig(memory_layout=TensorMemoryLayout::INTERLEAVED;buffer_type=BufferType::DRAM;shard_spec=std::nullopt;nd_shard_spec=std::nullopt;created_with_nd_shard_spec=0)'; 'post_activations': '{}'; 'rhs_activations': '{}'; 'scalar': 'std::nullopt'; 'sub_core_grids': 'std::nullopt'; 'subtile_broadcast_type': 'SubtileBroadcastType::NONE'; 'worker_grid': '{[(x=0;y=0) - (x=10;y=9)]}'},HiFi4,110,,,3651414733,3651415314,581,1626223424801,1626224873857,89,89,1073375,909938,909938,722958,908488,845800,1617,909935,909566,909590,907932,909069,,88617365,28424429,,3737341,68205632,,,80027446,20302593,,,,,,1[1],1[1],32[32],32[32],TILE,BFLOAT16,DEV_1_DRAM_INTERLEAVED,1[1],1[1],32[32],32[32],TILE,BFLOAT16,DEV_1_DRAM_INTERLEAVED,1[1],1[1],32[32],32[32],TILE,BFLOAT16,DEV_1_DRAM_INTERLEAVED,,,['ttnn/cpp/ttnn/operations/eltwise/binary_ng/device/kernels/compute/eltwise_binary_no_bcast.cpp'],['eltwise_binary_no_bcast/14288279633599727612/'],['ttnn/cpp/ttnn/operations/eltwise/binary_ng/device/kernels_ng/dataflow/reader_interleaved_no_bcast.cpp'; 'ttnn/cpp/ttnn/operations/eltwise/binary_ng/device/kernels_ng/dataflow/writer_interleaved_no_bcast.cpp'],['reader_interleaved_no_bcast/17691247497470902086/'; 'writer_interleaved_no_bcast/10311599973615775795/'],18417575360683381351,False,1300,1908,1460,672,1372,0,0,0,0,1,1,1,[],[],0.0,,,,,
BinaryNgDeviceOperation,tt_dnn_device,147456,0,,{'binary_op_type': 'BinaryOpType::ADD'; 'compute_kernel_config': 'std::nullopt'; 'dtype': 'DataType::BFLOAT16'; 'input_dtype': 'DataType::BFLOAT16'; 'is_quant_op': 'false'; 'is_sfpu': 'false'; 'is_where_op': 'false'; 'lhs_activations': '{}'; 'memory_config': 'MemoryConfig(memory_layout=TensorMemoryLayout::INTERLEAVED;buffer_type=BufferType::DRAM;shard_spec=std::nullopt;nd_shard_spec=std::nullopt;created_with_nd_shard_spec=0)'; 'post_activations': '{}'; 'rhs_activations': '{}'; 'scalar': 'std::nullopt'; 'sub_core_grids': 'std::nullopt'; 'subtile_broadcast_type': 'SubtileBroadcastType::NONE'; 'worker_grid': '{[(x=0;y=0) - (x=10;y=9)]}'},HiFi4,110,,,3651427357,3651427838,481,1626224623312,1626226099385,96,97,1093387,907702,907701,760570,907644,857066,1600,907701,907311,907352,905687,906833,,89857681,28382828,,3737882,69429907,,,81264309,20329897,,,,,,1[1],1[1],32[32],32[32],TILE,BFLOAT16,DEV_1_DRAM_INTERLEAVED,1[1],1[1],32[32],32[32],TILE,BFLOAT16,DEV_1_DRAM_INTERLEAVED,1[1],1[1],32[32],32[32],TILE,BFLOAT16,DEV_1_DRAM_INTERLEAVED,,,['ttnn/cpp/ttnn/operations/eltwise/binary_ng/device/kernels/compute/eltwise_binary_no_bcast.cpp'],['eltwise_binary_no_bcast/14288279633599727612/'],['ttnn/cpp/ttnn/operations/eltwise/binary_ng/device/kernels_ng/dataflow/reader_interleaved_no_bcast.cpp'; 'ttnn/cpp/ttnn/operations/eltwise/binary_ng/device/kernels_ng/dataflow/writer_interleaved_no_bcast.cpp'],['reader_interleaved_no_bcast/17691247497470902086/'; 'writer_interleaved_no_bcast/10311599973615775795/'],18417575360683381351,False,1300,1908,1460,672,1372,0,0,0,0,1,1,1,[],[],0.0,,,,,
BinaryNgDeviceOperation,tt_dnn_device,148480,0,,{'binary_op_type': 'BinaryOpType::ADD'; 'compute_kernel_config': 'std::nullopt'; 'dtype': 'DataType::BFLOAT16'; 'input_dtype': 'DataType::BFLOAT16'; 'is_quant_op': 'false'; 'is_sfpu': 'false'; 'is_where_op': 'false'; 'lhs_activations': '{}'; 'memory_config': 'MemoryConfig(memory_layout=TensorMemoryLayout::INTERLEAVED;buffer_type=BufferType::DRAM;shard_spec=std::nullopt;nd_shard_spec=std::nullopt;created_with_nd_shard_spec=0)'; 'post_activations': '{}'; 'rhs_activations': '{}'; 'scalar': 'std::nullopt'; 'sub_core_grids': 'std::nullopt'; 'subtile_broadcast_type': 'SubtileBroadcastType::NONE'; 'worker_grid': '{[(x=0;y=0) - (x=10;y=9)]}'},HiFi4,110,,,3651440652,3651441143,491,1626225902377,1626227329077,560,561,1056815,910328,910327,747150,909324,856696,1183,910323,909951,909979,908314,909461,,89817759,28360566,,3737687,69412164,,,81224130,20306021,,,,,,1[1],1[1],32[32],32[32],TILE,BFLOAT16,DEV_1_DRAM_INTERLEAVED,1[1],1[1],32[32],32[32],TILE,BFLOAT16,DEV_1_DRAM_INTERLEAVED,1[1],1[1],32[32],32[32],TILE,BFLOAT16,DEV_1_DRAM_INTERLEAVED,,,['ttnn/cpp/ttnn/operations/eltwise/binary_ng/device/kernels/compute/eltwise_binary_no_bcast.cpp'],['eltwise_binary_no_bcast/14288279633599727612/'],['ttnn/cpp/ttnn/operations/eltwise/binary_ng/device/kernels_ng/dataflow/reader_interleaved_no_bcast.cpp'; 'ttnn/cpp/ttnn/operations/eltwise/binary_ng/device/kernels_ng/dataflow/writer_interleaved_no_bcast.cpp'],['reader_interleaved_no_bcast/17691247497470902086/'; 'writer_interleaved_no_bcast/10311599973615775795/'],18417575360683381351,False,1300,1908,1460,672,1372,0,0,0,0,1,1,1,[],[],0.0,,,,,
BinaryNgDeviceOperation,tt_dnn_device,149504,0,,{'binary_op_type': 'BinaryOpType::ADD'; 'compute_kernel_config': 'std::nullopt'; 'dtype': 'DataType::BFLOAT16'; 'input_dtype': 'DataType::BFLOAT16'; 'is_quant_op': 'false'; 'is_sfpu': 'false'; 'is_where_op': 'false'; 'lhs_activations': '{}'; 'memory_config': 'MemoryConfig(memory_layout=TensorMemoryLayout::INTERLEAVED;buffer_type=BufferType::DRAM;shard_spec=std::nullopt;nd_shard_spec=std::nullopt;created_with_nd_shard_spec=0)'; 'post_activations': '{}'; 'rhs_activations': '{}'; 'scalar': 'std::nullopt'; 'sub_core_grids': 'std::nullopt'; 'subtile_broadcast_type': 'SubtileBroadcastType::NONE'; 'worker_grid': '{[(x=0;y=0) - (x=10;y=9)]}'},HiFi4,110,,,3651453267,3651453778,511,1626227110802,1626228557841,91,91,1071881,910107,910107,757790,909333,856438,1592,910106,909726,909753,908099,909236,,89790157,28405394,,3737618,69339433,,,81196555,20351479,,,,,,1[1],1[1],32[32],32[32],TILE,BFLOAT16,DEV_1_DRAM_INTERLEAVED,1[1],1[1],32[32],32[32],TILE,BFLOAT16,DEV_1_DRAM_INTERLEAVED,1[1],1[1],32[32],32[32],TILE,BFLOAT16,DEV_1_DRAM_INTERLEAVED,,,['ttnn/cpp/ttnn/operations/eltwise/binary_ng/device/kernels/compute/eltwise_binary_no_bcast.cpp'],['eltwise_binary_no_bcast/14288279633599727612/'],['ttnn/cpp/ttnn/operations/eltwise/binary_ng/device/kernels_ng/dataflow/reader_interleaved_no_bcast.cpp'; 'ttnn/cpp/ttnn/operations/eltwise/binary_ng/device/kernels_ng/dataflow/writer_interleaved_no_bcast.cpp'],['reader_interleaved_no_bcast/17691247497470902086/'; 'writer_interleaved_no_bcast/10311599973615775795/'],18417575360683381351,False,1300,1908,1460,672,1372,0,0,0,0,1,1,1,[],[],0.0,,,,,
BinaryNgDeviceOperation,tt_dnn_device,150528,0,,{'binary_op_type': 'BinaryOpType::ADD'; 'compute_kernel_config': 'std::nullopt'; 'dtype': 'DataType::BFLOAT16'; 'input_dtype': 'DataType::BFLOAT16'; 'is_quant_op': 'false'; 'is_sfpu': 'false'; 'is_where_op': 'false'; 'lhs_activations': '{}'; 'memory_config': 'MemoryConfig(memory_layout=TensorMemoryLayout::INTERLEAVED;buffer_type=BufferType::DRAM;shard_spec=std::nullopt;nd_shard_spec=std::nullopt;created_with_nd_shard_spec=0)'; 'post_activations': '{}'; 'rhs_activations': '{}'; 'scalar': 'std::nullopt'; 'sub_core_grids': 'std::nullopt'; 'subtile_broadcast_type': 'SubtileBroadcastType::NONE'; 'worker_grid': '{[(x=0;y=0) - (x=10;y=9)]}'},HiFi4,110,,,3651465971,3651466462,491,1626228354100,1626229773211,90,91,1051193,900170,900168,737967,899482,845397,1610,900150,899790,899819,898145,899303,,88574839,28354433,,3737864,68174190,,,79980891,20298985,,,,,,1[1],1[1],32[32],32[32],TILE,BFLOAT16,DEV_1_DRAM_INTERLEAVED,1[1],1[1],32[32],32[32],TILE,BFLOAT16,DEV_1_DRAM_INTERLEAVED,1[1],1[1],32[32],32[32],TILE,BFLOAT16,DEV_1_DRAM_INTERLEAVED,,,['ttnn/cpp/ttnn/operations/eltwise/binary_ng/device/kernels/compute/eltwise_binary_no_bcast.cpp'],['eltwise_binary_no_bcast/14288279633599727612/'],['ttnn/cpp/ttnn/operations/eltwise/binary_ng/device/kernels_ng/dataflow/reader_interleaved_no_bcast.cpp'; 'ttnn/cpp/ttnn/operations/eltwise/binary_ng/device/kernels_ng/dataflow/writer_interleaved_no_bcast.cpp'],['reader_interleaved_no_bcast/17691247497470902086/'; 'writer_interleaved_no_bcast/10311599973615775795/'],18417575360683381351,False,1300,1908,1460,672,1372,0,0,0,0,1,1,1,[],[],0.0,,,,,
BinaryNgDeviceOperation,tt_dnn_device,151552,0,,{'binary_op_type': 'BinaryOpType::ADD'; 'compute_kernel_config': 'std::nullopt'; 'dtype': 'DataType::BFLOAT16'; 'input_dtype': 'DataType::BFLOAT16'; 'is_quant_op': 'false'; 'is_sfpu': 'false'; 'is_where_op': 'false'; 'lhs_activations': '{}'; 'memory_config': 'MemoryConfig(memory_layout=TensorMemoryLayout::INTERLEAVED;buffer_type=BufferType::DRAM;shard_spec=std::nullopt;nd_shard_spec=std::nullopt;created_with_nd_shard_spec=0)'; 'post_activations': '{}'; 'rhs_activations': '{}'; 'scalar': 'std::nullopt'; 'sub_core_grids': 'std::nullopt'; 'subtile_broadcast_type': 'SubtileBroadcastType::NONE'; 'worker_grid': '{[(x=0;y=0) - (x=10;y=9)]}'},HiFi4,110,,,3651478485,3651478996,511,1626229556024,1626230998127,224,224,1068224,907134,907134,747167,905977,853264,1503,907131,906748,906773,905122,906261,,89432186,28470574,,3737444,68922277,,,80846885,20418553,,,,,,1[1],1[1],32[32],32[32],TILE,BFLOAT16,DEV_1_DRAM_INTERLEAVED,1[1],1[1],32[32],32[32],TILE,BFLOAT16,DEV_1_DRAM_INTERLEAVED,1[1],1[1],32[32],32[32],TILE,BFLOAT16,DEV_1_DRAM_INTERLEAVED,,,['ttnn/cpp/ttnn/operations/eltwise/binary_ng/device/kernels/compute/eltwise_binary_no_bcast.cpp'],['eltwise_binary_no_bcast/14288279633599727612/'],['ttnn/cpp/ttnn/operations/eltwise/binary_ng/device/kernels_ng/dataflow/reader_interleaved_no_bcast.cpp'; 'ttnn/cpp/ttnn/operations/eltwise/binary_ng/device/kernels_ng/dataflow/writer_interleaved_no_bcast.cpp'],['reader_interleaved_no_bcast/17691247497470902086/'; 'writer_interleaved_no_bcast/10311599973615775795/'],18417575360683381351,False,1300,1908,1460,672,1372,0,0,0,0,1,1,1,[],[],0.0,,,,,
BinaryNgDeviceOperation,tt_dnn_device,152576,0,,{'binary_op_type': 'BinaryOpType::ADD'; 'compute_kernel_config': 'std::nullopt'; 'dtype': 'DataType::BFLOAT16'; 'input_dtype': 'DataType::BFLOAT16'; 'is_quant_op': 'false'; 'is_sfpu': 'false'; 'is_where_op': 'false'; 'lhs_activations': '{}'; 'memory_config': 'MemoryConfig(memory_layout=TensorMemoryLayout::INTERLEAVED;buffer_type=BufferType::DRAM;shard_spec=std::nullopt;nd_shard_spec=std::nullopt;created_with_nd_shard_spec=0)'; 'post_activations': '{}'; 'rhs_activations': '{}'; 'scalar': 'std::nullopt'; 'sub_core_grids': 'std::nullopt'; 'subtile_broadcast_type': 'SubtileBroadcastType::NONE'; 'worker_grid': '{[(x=0;y=0) - (x=10;y=9)]}'},HiFi4,110,,,3651491099,3651491590,491,1626230784165,1626232221525,93,93,1064711,906130,906130,741025,904773,845572,1614,906130,905747,905771,904113,905253,,88593502,28424719,,3738106,68123968,,,79999895,20370744,,,,,,1[1],1[1],32[32],32[32],TILE,BFLOAT16,DEV_1_DRAM_INTERLEAVED,1[1],1[1],32[32],32[32],TILE,BFLOAT16,DEV_1_DRAM_INTERLEAVED,1[1],1[1],32[32],32[32],TILE,BFLOAT16,DEV_1_DRAM_INTERLEAVED,,,['ttnn/cpp/ttnn/operations/eltwise/binary_ng/device/kernels/compute/eltwise_binary_no_bcast.cpp'],['eltwise_binary_no_bcast/14288279633599727612/'],['ttnn/cpp/ttnn/operations/eltwise/binary_ng/device/kernels_ng/dataflow/reader_interleaved_no_bcast.cpp'; 'ttnn/cpp/ttnn/operations/eltwise/binary_ng/device/kernels_ng/dataflow/writer_interleaved_no_bcast.cpp'],['reader_interleaved_no_bcast/17691247497470902086/'; 'writer_interleaved_no_bcast/10311599973615775795/'],18417575360683381351,False,1300,1908,1460,672,1372,0,0,0,0,1,1,1,[],[],0.0,,,,,
BinaryNgDeviceOperation,tt_dnn_device,153600,0,,{'binary_op_type': 'BinaryOpType::ADD'; 'compute_kernel_config': 'std::nullopt'; 'dtype': 'DataType::BFLOAT16'; 'input_dtype': 'DataType::BFLOAT16'; 'is_quant_op': 'false'; 'is_sfpu': 'false'; 'is_where_op': 'false'; 'lhs_activations': '{}'; 'memory_config': 'MemoryConfig(memory_layout=TensorMemoryLayout::INTERLEAVED;buffer_type=BufferType::DRAM;shard_spec=std::nullopt;nd_shard_spec=std::nullopt;created_with_nd_shard_spec=0)'; 'post_activations': '{}'; 'rhs_activations': '{}'; 'scalar': 'std::nullopt'; 'sub_core_grids': 'std::nullopt'; 'subtile_broadcast_type': 'SubtileBroadcastType::NONE'; 'worker_grid': '{[(x=0;y=0) - (x=10;y=9)]}'},HiFi4,110,,,3651503573,3651504104,531,1626232000661,1626233430803,87,87,1059364,895668,895668,724145,895301,839683,1602,895667,895216,895229,893553,894711,,87945584,28371231,,3737821,67529583,,,79352267,20316987,,,,,,1[1],1[1],32[32],32[32],TILE,BFLOAT16,DEV_1_DRAM_INTERLEAVED,1[1],1[1],32[32],32[32],TILE,BFLOAT16,DEV_1_DRAM_INTERLEAVED,1[1],1[1],32[32],32[32],TILE,BFLOAT16,DEV_1_DRAM_INTERLEAVED,,,['ttnn/cpp/ttnn/operations/eltwise/binary_ng/device/kernels/compute/eltwise_binary_no_bcast.cpp'],['eltwise_binary_no_bcast/14288279633599727612/'],['ttnn/cpp/ttnn/operations/eltwise/binary_ng/device/kernels_ng/dataflow/reader_interleaved_no_bcast.cpp'; 'ttnn/cpp/ttnn/operations/eltwise/binary_ng/device/kernels_ng/dataflow/writer_interleaved_no_bcast.cpp'],['reader_interleaved_no_bcast/17691247497470902086/'; 'writer_interleaved_no_bcast/10311599973615775795/'],18417575360683381351,False,1300,1908,1460,672,1372,0,0,0,0,1,1,1,[],[],0.0,,,,,
BinaryNgDeviceOperation,tt_dnn_device,154624,0,,{'binary_op_type': 'BinaryOpType::ADD'; 'compute_kernel_config': 'std::nullopt'; 'dtype': 'DataType::BFLOAT16'; 'input_dtype': 'DataType::BFLOAT16'; 'is_quant_op': 'false'; 'is_sfpu': 'false'; 'is_where_op': 'false'; 'lhs_activations': '{}'; 'memory_config': 'MemoryConfig(memory_layout=TensorMemoryLayout::INTERLEAVED;buffer_type=BufferType::DRAM;shard_spec=std::nullopt;nd_shard_spec=std::nullopt;created_with_nd_shard_spec=0)'; 'post_activations': '{}'; 'rhs_activations': '{}'; 'scalar': 'std::nullopt'; 'sub_core_grids': 'std::nullopt'; 'subtile_broadcast_type': 'SubtileBroadcastType::NONE'; 'worker_grid': '{[(x=0;y=0) - (x=10;y=9)]}'},HiFi4,110,,,3651516167,3651516658,491,1626233201235,1626234656719,239,239,1078136,907853,907853,689142,907778,847079,1456,907851,907484,907504,905843,906990,,88758470,28339761,,3738075,68374503,,,80164613,20285997,,,,,,1[1],1[1],32[32],32[32],TILE,BFLOAT16,DEV_1_DRAM_INTERLEAVED,1[1],1[1],32[32],32[32],TILE,BFLOAT16,DEV_1_DRAM_INTERLEAVED,1[1],1[1],32[32],32[32],TILE,BFLOAT16,DEV_1_DRAM_INTERLEAVED,,,['ttnn/cpp/ttnn/operations/eltwise/binary_ng/device/kernels/compute/eltwise_binary_no_bcast.cpp'],['eltwise_binary_no_bcast/14288279633599727612/'],['ttnn/cpp/ttnn/operations/eltwise/binary_ng/device/kernels_ng/dataflow/reader_interleaved_no_bcast.cpp'; 'ttnn/cpp/ttnn/operations/eltwise/binary_ng/device/kernels_ng/dataflow/writer_interleaved_no_bcast.cpp'],['reader_interleaved_no_bcast/17691247497470902086/'; 'writer_interleaved_no_bcast/10311599973615775795/'],18417575360683381351,False,1300,1908,1460,672,1372,0,0,0,0,1,1,1,[],[],0.0,,,,,
BinaryNgDeviceOperation,tt_dnn_device,155648,0,,{'binary_op_type': 'BinaryOpType::ADD'; 'compute_kernel_config': 'std::nullopt'; 'dtype': 'DataType::BFLOAT16'; 'input_dtype': 'DataType::BFLOAT16'; 'is_quant_op': 'false'; 'is_sfpu': 'false'; 'is_where_op': 'false'; 'lhs_activations': '{}'; 'memory_config': 'MemoryConfig(memory_layout=TensorMemoryLayout::INTERLEAVED;buffer_type=BufferType::DRAM;shard_spec=std::nullopt;nd_shard_spec=std::nullopt;created_with_nd_shard_spec=0)'; 'post_activations': '{}'; 'rhs_activations': '{}'; 'scalar': 'std::nullopt'; 'sub_core_grids': 'std::nullopt'; 'subtile_broadcast_type': 'SubtileBroadcastType::NONE'; 'worker_grid': '{[(x=0;y=0) - (x=10;y=9)]}'},HiFi4,110,,,3651528742,3651529243,501,1626234363240,1626235874765,539,539,1119648,901713,901713,736350,901436,846332,1175,901713,901265,901273,899616,900759,,88676184,28387291,,3737256,68244230,,,80083960,20334599,,,,,,1[1],1[1],32[32],32[32],TILE,BFLOAT16,DEV_1_DRAM_INTERLEAVED,1[1],1[1],32[32],32[32],TILE,BFLOAT16,DEV_1_DRAM_INTERLEAVED,1[1],1[1],32[32],32[32],TILE,BFLOAT16,DEV_1_DRAM_INTERLEAVED,,,['ttnn/cpp/ttnn/operations/eltwise/binary_ng/device/kernels/compute/eltwise_binary_no_bcast.cpp'],['eltwise_binary_no_bcast/14288279633599727612/'],['ttnn/cpp/ttnn/operations/eltwise/binary_ng/device/kernels_ng/dataflow/reader_interleaved_no_bcast.cpp'; 'ttnn/cpp/ttnn/operations/eltwise/binary_ng/device/kernels_ng/dataflow/writer_interleaved_no_bcast.cpp'],['reader_interleaved_no_bcast/17691247497470902086/'; 'writer_interleaved_no_bcast/10311599973615775795/'],18417575360683381351,False,1300,1908,1460,672,1372,0,0,0,0,1,1,1,[],[],0.0,,,,,
UnaryDeviceOperation,tt_dnn_device,156672,0,,{'bfp8_pack_precise': 'false'; 'fp32_dest_acc_en': 'false'; 'op_chain': '{BasicUnaryWithParam<float; int; unsigned int>(base=BasicUnaryWithParam<float>(op_type=UnaryOpType::EXP;param={0}))}'; 'output_dtype': 'DataType::BFLOAT16'; 'output_memory_config': 'MemoryConfig(memory_layout=TensorMemoryLayout::INTERLEAVED;buffer_type=BufferType::DRAM;shard_spec=std::nullopt;nd_shard_spec=std::nullopt;created_with_nd_shard_spec=0)'; 'preserve_fp32_precision': 'false'; 'sub_core_grids': 'std::nullopt'},HiFi4,1,,,3687450843,3687456864,6021,1626236059738,1626236062928,137498,137546,2363,1881,1833,1881,1881,1881,62,1819,542,656,1499,221,,433,15,,21,1424,,,359,204,,,,,,1[1],1[1],32[32],32[32],TILE,BFLOAT16,DEV_1_DRAM_INTERLEAVED,,,,,,,,1[1],1[1],32[32],32[32],TILE,BFLOAT16,DEV_1_DRAM_INTERLEAVED,,,['ttnn/cpp/ttnn/operations/eltwise/unary/device/kernels/compute//eltwise_sfpu.cpp'],['eltwise_sfpu/10029552010278408165/'],['ttnn/cpp/ttnn/operations/eltwise/unary/device/kernels/dataflow/writer_unary_interleaved_start_id.cpp'; 'ttnn/cpp/ttnn/operations/eltwise/unary/device/kernels/dataflow/reader_unary_interleaved_start_id.cpp'],['writer_unary_interleaved_start_id/4894176828902453217/'; 'reader_unary_interleaved_start_id/1030765248970988015/'],6951186318373350250,False,1160,1076,1128,828,1180,0,0,0,0,1,1,1,[],[],0.053,,,,,
UnaryDeviceOperation,tt_dnn_device,157696,0,,{'bfp8_pack_precise': 'false'; 'fp32_dest_acc_en': 'false'; 'op_chain': '{BasicUnaryWithParam<float; int; unsigned int>(base=BasicUnaryWithParam<float>(op_type=UnaryOpType::EXP;param={0}))}'; 'output_dtype': 'DataType::BFLOAT16'; 'output_memory_config': 'MemoryConfig(memory_layout=TensorMemoryLayout::INTERLEAVED;buffer_type=BufferType::DRAM;shard_spec=std::nullopt;nd_shard_spec=std::nullopt;created_with_nd_shard_spec=0)'; 'preserve_fp32_precision': 'false'; 'sub_core_grids': 'std::nullopt'},HiFi4,1,,,3687468537,3687469459,922,1626236095278,1626236098462,24430,24478,2359,1893,1844,1893,1893,1893,96,1796,560,647,1511,240,,428,23,,21,1410,,,382,204,,,,,,1[1],1[1],32[32],32[32],TILE,BFLOAT16,DEV_1_DRAM_INTERLEAVED,,,,,,,,1[1],1[1],32[32],32[32],TILE,BFLOAT16,DEV_1_DRAM_INTERLEAVED,,,['ttnn/cpp/ttnn/operations/eltwise/unary/device/kernels/compute//eltwise_sfpu.cpp'],['eltwise_sfpu/10029552010278408165/'],['ttnn/cpp/ttnn/operations/eltwise/unary/device/kernels/dataflow/writer_unary_interleaved_start_id.cpp'; 'ttnn/cpp/ttnn/operations/eltwise/unary/device/kernels/dataflow/reader_unary_interleaved_start_id.cpp'],['writer_unary_interleaved_start_id/4894176828902453217/'; 'reader_unary_interleaved_start_id/1030765248970988015/'],6951186318373350250,False,1160,1076,1128,828,1180,0,0,0,0,1,1,1,[],[],0.053,,,,,
UnaryDeviceOperation,tt_dnn_device,158720,0,,{'bfp8_pack_precise': 'false'; 'fp32_dest_acc_en': 'false'; 'op_chain': '{BasicUnaryWithParam<float; int; unsigned int>(base=BasicUnaryWithParam<float>(op_type=UnaryOpType::EXP;param={0}))}'; 'output_dtype': 'DataType::BFLOAT16'; 'output_memory_config': 'MemoryConfig(memory_layout=TensorMemoryLayout::INTERLEAVED;buffer_type=BufferType::DRAM;shard_spec=std::nullopt;nd_shard_spec=std::nullopt;created_with_nd_shard_spec=0)'; 'preserve_fp32_precision': 'false'; 'sub_core_grids': 'std::nullopt'},HiFi4,1,,,3687477564,3687478135,571,1626236107921,1626236111189,7495,7539,2421,1935,1890,1935,1935,1935,87,1848,601,698,1552,226,,484,12,,21,1462,,,426,204,,,,,,1[1],1[1],32[32],32[32],TILE,BFLOAT16,DEV_1_DRAM_INTERLEAVED,,,,,,,,1[1],1[1],32[32],32[32],TILE,BFLOAT16,DEV_1_DRAM_INTERLEAVED,,,['ttnn/cpp/ttnn/operations/eltwise/unary/device/kernels/compute//eltwise_sfpu.cpp'],['eltwise_sfpu/10029552010278408165/'],['ttnn/cpp/ttnn/operations/eltwise/unary/device/kernels/dataflow/writer_unary_interleaved_start_id.cpp'; 'ttnn/cpp/ttnn/operations/eltwise/unary/device/kernels/dataflow/reader_unary_interleaved_start_id.cpp'],['writer_unary_interleaved_start_id/4894176828902453217/'; 'reader_unary_interleaved_start_id/1030765248970988015/'],6951186318373350250,False,1160,1076,1128,828,1180,0,0,0,0,1,1,1,[],[],0.052,,,,,
UnaryDeviceOperation,tt_dnn_device,159744,0,,{'bfp8_pack_precise': 'false'; 'fp32_dest_acc_en': 'false'; 'op_chain': '{BasicUnaryWithParam<float; int; unsigned int>(base=BasicUnaryWithParam<float>(op_type=UnaryOpType::EXP;param={0}))}'; 'output_dtype': 'DataType::BFLOAT16'; 'output_memory_config': 'MemoryConfig(memory_layout=TensorMemoryLayout::INTERLEAVED;buffer_type=BufferType::DRAM;shard_spec=std::nullopt;nd_shard_spec=std::nullopt;created_with_nd_shard_spec=0)'; 'preserve_fp32_precision': 'false'; 'sub_core_grids': 'std::nullopt'},HiFi4,1,,,3741403814,3741412480,8666,1626308888067,1626308891211,53909278,53909316,2329,1849,1810,1849,1849,1849,83,1766,526,626,1473,225,,413,16,,21,1367,,,357,204,,,,,,1[1],1[1],32[32],32[32],TILE,BFLOAT16,DEV_1_DRAM_INTERLEAVED,,,,,,,,1[1],1[1],32[32],32[32],TILE,BFLOAT16,DEV_1_DRAM_INTERLEAVED,,,['ttnn/cpp/ttnn/operations/eltwise/unary/device/kernels/compute//eltwise_sfpu.cpp'],['eltwise_sfpu/10029552010278408165/'],['ttnn/cpp/ttnn/operations/eltwise/unary/device/kernels/dataflow/writer_unary_interleaved_start_id.cpp'; 'ttnn/cpp/ttnn/operations/eltwise/unary/device/kernels/dataflow/reader_unary_interleaved_start_id.cpp'],['writer_unary_interleaved_start_id/4894176828902453217/'; 'reader_unary_interleaved_start_id/1030765248970988015/'],6951186318373350250,False,1160,1076,1128,828,1180,0,0,0,0,1,1,1,[],[],0.054,,,,,
UnaryDeviceOperation,tt_dnn_device,160768,0,,{'bfp8_pack_precise': 'false'; 'fp32_dest_acc_en': 'false'; 'op_chain': '{BasicUnaryWithParam<float; int; unsigned int>(base=BasicUnaryWithParam<float>(op_type=UnaryOpType::EXP;param={0}))}'; 'output_dtype': 'DataType::BFLOAT16'; 'output_memory_config': 'MemoryConfig(memory_layout=TensorMemoryLayout::INTERLEAVED;buffer_type=BufferType::DRAM;shard_spec=std::nullopt;nd_shard_spec=std::nullopt;created_with_nd_shard_spec=0)'; 'preserve_fp32_precision': 'false'; 'sub_core_grids': 'std::nullopt'},HiFi4,1,,,3741429163,3741430004,841,1626308941268,1626308944426,37571,37594,2339,1853,1830,1853,1853,1853,64,1789,548,626,1464,216,,410,15,,21,1398,,,365,204,,,,,,1[1],1[1],32[32],32[32],TILE,BFLOAT16,DEV_1_DRAM_INTERLEAVED,,,,,,,,1[1],1[1],32[32],32[32],TILE,BFLOAT16,DEV_1_DRAM_INTERLEAVED,,,['ttnn/cpp/ttnn/operations/eltwise/unary/device/kernels/compute//eltwise_sfpu.cpp'],['eltwise_sfpu/10029552010278408165/'],['ttnn/cpp/ttnn/operations/eltwise/unary/device/kernels/dataflow/writer_unary_interleaved_start_id.cpp'; 'ttnn/cpp/ttnn/operations/eltwise/unary/device/kernels/dataflow/reader_unary_interleaved_start_id.cpp'],['writer_unary_interleaved_start_id/4894176828902453217/'; 'reader_unary_interleaved_start_id/1030765248970988015/'],6951186318373350250,False,1160,1076,1128,828,1180,0,0,0,0,1,1,1,[],[],0.054,,,,,
UnaryDeviceOperation,tt_dnn_device,161792,0,,{'bfp8_pack_precise': 'false'; 'fp32_dest_acc_en': 'false'; 'op_chain': '{BasicUnaryWithParam<float; int; unsigned int>(base=BasicUnaryWithParam<float>(op_type=UnaryOpType::EXP;param={0}))}'; 'output_dtype': 'DataType::BFLOAT16'; 'output_memory_config': 'MemoryConfig(memory_layout=TensorMemoryLayout::INTERLEAVED;buffer_type=BufferType::DRAM;shard_spec=std::nullopt;nd_shard_spec=std::nullopt;created_with_nd_shard_spec=0)'; 'preserve_fp32_precision': 'false'; 'sub_core_grids': 'std::nullopt'},HiFi4,1,,,3741438571,3741439162,591,1626308954287,1626308957493,7784,7813,2375,1866,1837,1866,1866,1866,78,1788,536,636,1466,243,,424,18,,21,1349,,,357,213,,,,,,1[1],1[1],32[32],32[32],TILE,BFLOAT16,DEV_1_DRAM_INTERLEAVED,,,,,,,,1[1],1[1],32[32],32[32],TILE,BFLOAT16,DEV_1_DRAM_INTERLEAVED,,,['ttnn/cpp/ttnn/operations/eltwise/unary/device/kernels/compute//eltwise_sfpu.cpp'],['eltwise_sfpu/10029552010278408165/'],['ttnn/cpp/ttnn/operations/eltwise/unary/device/kernels/dataflow/writer_unary_interleaved_start_id.cpp'; 'ttnn/cpp/ttnn/operations/eltwise/unary/device/kernels/dataflow/reader_unary_interleaved_start_id.cpp'],['writer_unary_interleaved_start_id/4894176828902453217/'; 'reader_unary_interleaved_start_id/1030765248970988015/'],6951186318373350250,False,1160,1076,1128,828,1180,0,0,0,0,1,1,1,[],[],0.054,,,,,
MatmulDeviceOperation,tt_dnn_device,162816,0,,{'bcast_batch': 'true'; 'compute_kernel_config': 'ComputeKernelConfig(math_fidelity=HiFi4;math_approx_mode=1;fp32_dest_acc_en=0;packer_l1_acc=0;dst_full_sync_en=0;throttle_level=ThrottleLevel::NO_THROTTLE)'; 'global_cb': 'std::nullopt'; 'output_dtype': 'DataType::BFLOAT16'; 'output_mem_config': 'MemoryConfig(memory_layout=TensorMemoryLayout::INTERLEAVED;buffer_type=BufferType::DRAM;shard_spec=std::nullopt;nd_shard_spec=std::nullopt;created_with_nd_shard_spec=0)'; 'output_tile': 'Tile(tile_shape={32; 32};face_shape={16; 16};num_faces=4)'; 'program_config': 'MatmulMultiCoreReuseMultiCastProgramConfig(compute_with_storage_grid_size=(x=11;y=10);in0_block_w=1;out_subblock_h=7;out_subblock_w=1;out_block_h=7;out_block_w=6;per_core_M=7;per_core_N=6;transpose_mcast=0;fused_activation=std::nullopt;fuse_batch=0)'; 'sub_device_id': 'std::nullopt'; 'transpose_a': 'false'; 'transpose_b': 'false'; 'untilize_out': 'false'; 'user_core_coord': 'std::nullopt'; 'user_fused_activation': 'std::nullopt'; 'user_run_batched': 'false'},HiFi4,110,,,3741522632,3741525317,2685,1626309078474,1626309409456,91478,91479,245172,243315,243313,208817,242968,223568,553,243313,206517,211376,211328,211791,,1106060,1359872,15163847,12345984,338079,,324565,725524,518138,1304,6336458,8767376,,,1[1],1[1],2048[2048],2048[2048],TILE,BFLOAT16,DEV_1_DRAM_INTERLEAVED,1[1],1[1],2048[2048],2048[2048],TILE,BFLOAT16,DEV_1_DRAM_INTERLEAVED,1[1],1[1],2048[2048],2048[2048],TILE,BFLOAT16,DEV_1_DRAM_INTERLEAVED,,,['ttnn/cpp/ttnn/operations/matmul/device/kernels/compute/bmm_large_block_zm_fused_bias_activation.cpp'],['bmm_large_block_zm_fused_bias_activation/11192068228048673779/'],['ttnn/cpp/ttnn/operations/matmul/device/kernels/dataflow/reader_bmm_tile_layout_in0_receiver.cpp'; 'ttnn/cpp/ttnn/operations/matmul/device/kernels/dataflow/reader_bmm_tile_layout_in1_receiver_writer_padding.cpp'; 'ttnn/cpp/ttnn/operations/matmul/device/kernels/dataflow/reader_bmm_tile_layout_in1_sender_writer_padding.cpp'; 'ttnn/cpp/ttnn/operations/matmul/device/kernels/dataflow/reader_bmm_tile_layout_in0_sender_padding.cpp'],['reader_bmm_tile_layout_in0_receiver/17102645427523872040/'; 'reader_bmm_tile_layout_in1_receiver_writer_padding/6891074587381327447/'; 'reader_bmm_tile_layout_in1_sender_writer_padding/16442118699542722342/'; 'reader_bmm_tile_layout_in0_sender_padding/10830808842372326572/'],10238499019388009662,False,2300,1304,2092,2744,2888,0,0,0,0,112979,112979,15258,[74.249267578125; 74.249267578125],[74.249267578125],46.433,,,,,
MatmulDeviceOperation,tt_dnn_device,163840,0,,{'bcast_batch': 'true'; 'compute_kernel_config': 'ComputeKernelConfig(math_fidelity=HiFi4;math_approx_mode=1;fp32_dest_acc_en=0;packer_l1_acc=0;dst_full_sync_en=0;throttle_level=ThrottleLevel::NO_THROTTLE)'; 'global_cb': 'std::nullopt'; 'output_dtype': 'DataType::BFLOAT16'; 'output_mem_config': 'MemoryConfig(memory_layout=TensorMemoryLayout::INTERLEAVED;buffer_type=BufferType::DRAM;shard_spec=std::nullopt;nd_shard_spec=std::nullopt;created_with_nd_shard_spec=0)'; 'output_tile': 'Tile(tile_shape={32; 32};face_shape={16; 16};num_faces=4)'; 'program_config': 'MatmulMultiCoreReuseMultiCastProgramConfig(compute_with_storage_grid_size=(x=11;y=10);in0_block_w=1;out_subblock_h=7;out_subblock_w=1;out_block_h=7;out_block_w=6;per_core_M=7;per_core_N=6;transpose_mcast=0;fused_activation=std::nullopt;fuse_batch=0)'; 'sub_device_id': 'std::nullopt'; 'transpose_a': 'false'; 'transpose_b': 'false'; 'untilize_out': 'false'; 'user_core_coord': 'std::nullopt'; 'user_fused_activation': 'std::nullopt'; 'user_run_batched': 'false'},HiFi4,110,,,3741538002,3741538573,571,1626309365131,1626309739340,275,276,277192,244084,244083,209092,243559,223189,1604,244083,206651,210561,210509,210973,,1136818,1366987,10953970,10237825,268770,,348393,697921,581397,1291,10524159,10909678,,,1[1],1[1],2048[2048],2048[2048],TILE,BFLOAT16,DEV_1_DRAM_INTERLEAVED,1[1],1[1],2048[2048],2048[2048],TILE,BFLOAT16,DEV_1_DRAM_INTERLEAVED,1[1],1[1],2048[2048],2048[2048],TILE,BFLOAT16,DEV_1_DRAM_INTERLEAVED,,,['ttnn/cpp/ttnn/operations/matmul/device/kernels/compute/bmm_large_block_zm_fused_bias_activation.cpp'],['bmm_large_block_zm_fused_bias_activation/11192068228048673779/'],['ttnn/cpp/ttnn/operations/matmul/device/kernels/dataflow/reader_bmm_tile_layout_in0_receiver.cpp'; 'ttnn/cpp/ttnn/operations/matmul/device/kernels/dataflow/reader_bmm_tile_layout_in1_receiver_writer_padding.cpp'; 'ttnn/cpp/ttnn/operations/matmul/device/kernels/dataflow/reader_bmm_tile_layout_in1_sender_writer_padding.cpp'; 'ttnn/cpp/ttnn/operations/matmul/device/kernels/dataflow/reader_bmm_tile_layout_in0_sender_padding.cpp'],['reader_bmm_tile_layout_in0_receiver/17102645427523872040/'; 'reader_bmm_tile_layout_in1_receiver_writer_padding/6891074587381327447/'; 'reader_bmm_tile_layout_in1_sender_writer_padding/16442118699542722342/'; 'reader_bmm_tile_layout_in0_sender_padding/10830808842372326572/'],10238499019388009662,False,2300,1304,2092,2744,2888,0,0,0,0,112979,112979,15258,[74.249267578125; 74.249267578125],[74.249267578125],46.287,,,,,
MatmulDeviceOperation,tt_dnn_device,164864,0,,{'bcast_batch': 'true'; 'compute_kernel_config': 'ComputeKernelConfig(math_fidelity=HiFi4;math_approx_mode=1;fp32_dest_acc_en=0;packer_l1_acc=0;dst_full_sync_en=0;throttle_level=ThrottleLevel::NO_THROTTLE)'; 'global_cb': 'std::nullopt'; 'output_dtype': 'DataType::BFLOAT16'; 'output_mem_config': 'MemoryConfig(memory_layout=TensorMemoryLayout::INTERLEAVED;buffer_type=BufferType::DRAM;shard_spec=std::nullopt;nd_shard_spec=std::nullopt;created_with_nd_shard_spec=0)'; 'output_tile': 'Tile(tile_shape={32; 32};face_shape={16; 16};num_faces=4)'; 'program_config': 'MatmulMultiCoreReuseMultiCastProgramConfig(compute_with_storage_grid_size=(x=11;y=10);in0_block_w=1;out_subblock_h=7;out_subblock_w=1;out_block_h=7;out_block_w=6;per_core_M=7;per_core_N=6;transpose_mcast=0;fused_activation=std::nullopt;fuse_batch=0)'; 'sub_device_id': 'std::nullopt'; 'transpose_a': 'false'; 'transpose_b': 'false'; 'untilize_out': 'false'; 'user_core_coord': 'std::nullopt'; 'user_fused_activation': 'std::nullopt'; 'user_run_batched': 'false'},HiFi4,110,,,3741548632,3741549023,391,1626309694124,1626310069221,251,251,277850,244115,244115,209204,242704,223092,1598,244113,206484,210604,210559,211035,,1131634,1359126,10018899,10567835,253320,,350356,669384,539925,1321,11455870,10586699,,,1[1],1[1],2048[2048],2048[2048],TILE,BFLOAT16,DEV_1_DRAM_INTERLEAVED,1[1],1[1],2048[2048],2048[2048],TILE,BFLOAT16,DEV_1_DRAM_INTERLEAVED,1[1],1[1],2048[2048],2048[2048],TILE,BFLOAT16,DEV_1_DRAM_INTERLEAVED,,,['ttnn/cpp/ttnn/operations/matmul/device/kernels/compute/bmm_large_block_zm_fused_bias_activation.cpp'],['bmm_large_block_zm_fused_bias_activation/11192068228048673779/'],['ttnn/cpp/ttnn/operations/matmul/device/kernels/dataflow/reader_bmm_tile_layout_in0_receiver.cpp'; 'ttnn/cpp/ttnn/operations/matmul/device/kernels/dataflow/reader_bmm_tile_layout_in1_receiver_writer_padding.cpp'; 'ttnn/cpp/ttnn/operations/matmul/device/kernels/dataflow/reader_bmm_tile_layout_in1_sender_writer_padding.cpp'; 'ttnn/cpp/ttnn/operations/matmul/device/kernels/dataflow/reader_bmm_tile_layout_in0_sender_padding.cpp'],['reader_bmm_tile_layout_in0_receiver/17102645427523872040/'; 'reader_bmm_tile_layout_in1_receiver_writer_padding/6891074587381327447/'; 'reader_bmm_tile_layout_in1_sender_writer_padding/16442118699542722342/'; 'reader_bmm_tile_layout_in0_sender_padding/10830808842372326572/'],10238499019388009662,False,2300,1304,2092,2744,2888,0,0,0,0,112979,112979,15258,[74.249267578125; 74.249267578125],[74.249267578125],46.281,,,,,
MatmulDeviceOperation,tt_dnn_device,165888,0,,{'bcast_batch': 'true'; 'compute_kernel_config': 'ComputeKernelConfig(math_fidelity=HiFi4;math_approx_mode=1;fp32_dest_acc_en=0;packer_l1_acc=0;dst_full_sync_en=0;throttle_level=ThrottleLevel::NO_THROTTLE)'; 'global_cb': 'std::nullopt'; 'output_dtype': 'DataType::BFLOAT16'; 'output_mem_config': 'MemoryConfig(memory_layout=TensorMemoryLayout::INTERLEAVED;buffer_type=BufferType::DRAM;shard_spec=std::nullopt;nd_shard_spec=std::nullopt;created_with_nd_shard_spec=0)'; 'output_tile': 'Tile(tile_shape={32; 32};face_shape={16; 16};num_faces=4)'; 'program_config': 'MatmulMultiCoreReuseMultiCastProgramConfig(compute_with_storage_grid_size=(x=11;y=10);in0_block_w=1;out_subblock_h=7;out_subblock_w=1;out_block_h=7;out_block_w=6;per_core_M=7;per_core_N=6;transpose_mcast=0;fused_activation=std::nullopt;fuse_batch=0)'; 'sub_device_id': 'std::nullopt'; 'transpose_a': 'false'; 'transpose_b': 'false'; 'untilize_out': 'false'; 'user_core_coord': 'std::nullopt'; 'user_fused_activation': 'std::nullopt'; 'user_run_batched': 'false'},HiFi4,110,,,3741557790,3741558341,551,1626310024094,1626310398422,154,156,277280,243704,243702,209049,242562,223177,1677,243702,206495,210605,210545,211026,,1130080,1361756,10237031,10215914,260477,,345584,686647,564456,1323,11228633,10923741,,,1[1],1[1],2048[2048],2048[2048],TILE,BFLOAT16,DEV_1_DRAM_INTERLEAVED,1[1],1[1],2048[2048],2048[2048],TILE,BFLOAT16,DEV_1_DRAM_INTERLEAVED,1[1],1[1],2048[2048],2048[2048],TILE,BFLOAT16,DEV_1_DRAM_INTERLEAVED,,,['ttnn/cpp/ttnn/operations/matmul/device/kernels/compute/bmm_large_block_zm_fused_bias_activation.cpp'],['bmm_large_block_zm_fused_bias_activation/11192068228048673779/'],['ttnn/cpp/ttnn/operations/matmul/device/kernels/dataflow/reader_bmm_tile_layout_in0_receiver.cpp'; 'ttnn/cpp/ttnn/operations/matmul/device/kernels/dataflow/reader_bmm_tile_layout_in1_receiver_writer_padding.cpp'; 'ttnn/cpp/ttnn/operations/matmul/device/kernels/dataflow/reader_bmm_tile_layout_in1_sender_writer_padding.cpp'; 'ttnn/cpp/ttnn/operations/matmul/device/kernels/dataflow/reader_bmm_tile_layout_in0_sender_padding.cpp'],['reader_bmm_tile_layout_in0_receiver/17102645427523872040/'; 'reader_bmm_tile_layout_in1_receiver_writer_padding/6891074587381327447/'; 'reader_bmm_tile_layout_in1_sender_writer_padding/16442118699542722342/'; 'reader_bmm_tile_layout_in0_sender_padding/10830808842372326572/'],10238499019388009662,False,2300,1304,2092,2744,2888,0,0,0,0,112979,112979,15258,[74.249267578125; 74.249267578125],[74.249267578125],46.359,,,,,
MatmulDeviceOperation,tt_dnn_device,166912,0,,{'bcast_batch': 'true'; 'compute_kernel_config': 'ComputeKernelConfig(math_fidelity=HiFi4;math_approx_mode=1;fp32_dest_acc_en=0;packer_l1_acc=0;dst_full_sync_en=0;throttle_level=ThrottleLevel::NO_THROTTLE)'; 'global_cb': 'std::nullopt'; 'output_dtype': 'DataType::BFLOAT16'; 'output_mem_config': 'MemoryConfig(memory_layout=TensorMemoryLayout::INTERLEAVED;buffer_type=BufferType::DRAM;shard_spec=std::nullopt;nd_shard_spec=std::nullopt;created_with_nd_shard_spec=0)'; 'output_tile': 'Tile(tile_shape={32; 32};face_shape={16; 16};num_faces=4)'; 'program_config': 'MatmulMultiCoreReuseMultiCastProgramConfig(compute_with_storage_grid_size=(x=11;y=10);in0_block_w=1;out_subblock_h=7;out_subblock_w=1;out_block_h=7;out_block_w=6;per_core_M=7;per_core_N=6;transpose_mcast=0;fused_activation=std::nullopt;fuse_batch=0)'; 'sub_device_id': 'std::nullopt'; 'transpose_a': 'false'; 'transpose_b': 'false'; 'untilize_out': 'false'; 'user_core_coord': 'std::nullopt'; 'user_fused_activation': 'std::nullopt'; 'user_run_batched': 'false'},HiFi4,110,,,3741570775,3741571185,410,1626310353562,1626310726852,253,253,276511,243022,243021,208884,241665,223027,1553,243021,206518,210489,210433,210909,,1137596,1370274,10245051,9952676,257367,,347697,695567,555556,1302,11221194,11181652,,,1[1],1[1],2048[2048],2048[2048],TILE,BFLOAT16,DEV_1_DRAM_INTERLEAVED,1[1],1[1],2048[2048],2048[2048],TILE,BFLOAT16,DEV_1_DRAM_INTERLEAVED,1[1],1[1],2048[2048],2048[2048],TILE,BFLOAT16,DEV_1_DRAM_INTERLEAVED,,,['ttnn/cpp/ttnn/operations/matmul/device/kernels/compute/bmm_large_block_zm_fused_bias_activation.cpp'],['bmm_large_block_zm_fused_bias_activation/11192068228048673779/'],['ttnn/cpp/ttnn/operations/matmul/device/kernels/dataflow/reader_bmm_tile_layout_in0_receiver.cpp'; 'ttnn/cpp/ttnn/operations/matmul/device/kernels/dataflow/reader_bmm_tile_layout_in1_receiver_writer_padding.cpp'; 'ttnn/cpp/ttnn/operations/matmul/device/kernels/dataflow/reader_bmm_tile_layout_in1_sender_writer_padding.cpp'; 'ttnn/cpp/ttnn/operations/matmul/device/kernels/dataflow/reader_bmm_tile_layout_in0_sender_padding.cpp'],['reader_bmm_tile_layout_in0_receiver/17102645427523872040/'; 'reader_bmm_tile_layout_in1_receiver_writer_padding/6891074587381327447/'; 'reader_bmm_tile_layout_in1_sender_writer_padding/16442118699542722342/'; 'reader_bmm_tile_layout_in0_sender_padding/10830808842372326572/'],10238499019388009662,False,2300,1304,2092,2744,2888,0,0,0,0,112979,112979,15258,[74.249267578125; 74.249267578125],[74.249267578125],46.489,,,,,
MatmulDeviceOperation,tt_dnn_device,167936,0,,{'bcast_batch': 'true'; 'compute_kernel_config': 'ComputeKernelConfig(math_fidelity=HiFi4;math_approx_mode=1;fp32_dest_acc_en=0;packer_l1_acc=0;dst_full_sync_en=0;throttle_level=ThrottleLevel::NO_THROTTLE)'; 'global_cb': 'std::nullopt'; 'output_dtype': 'DataType::BFLOAT16'; 'output_mem_config': 'MemoryConfig(memory_layout=TensorMemoryLayout::INTERLEAVED;buffer_type=BufferType::DRAM;shard_spec=std::nullopt;nd_shard_spec=std::nullopt;created_with_nd_shard_spec=0)'; 'output_tile': 'Tile(tile_shape={32; 32};face_shape={16; 16};num_faces=4)'; 'program_config': 'MatmulMultiCoreReuseMultiCastProgramConfig(compute_with_storage_grid_size=(x=11;y=10);in0_block_w=1;out_subblock_h=7;out_subblock_w=1;out_block_h=7;out_block_w=6;per_core_M=7;per_core_N=6;transpose_mcast=0;fused_activation=std::nullopt;fuse_batch=0)'; 'sub_device_id': 'std::nullopt'; 'transpose_a': 'false'; 'transpose_b': 'false'; 'untilize_out': 'false'; 'user_core_coord': 'std::nullopt'; 'user_fused_activation': 'std::nullopt'; 'user_run_batched': 'false'},HiFi4,110,,,3741580022,3741580503,481,1626310682804,1626311056620,262,264,276901,244017,244015,209076,242674,223245,1554,244013,206664,210532,210473,210957,,1135055,1357983,10215848,9782526,262421,,344491,740989,561046,1299,11256815,11321331,,,1[1],1[1],2048[2048],2048[2048],TILE,BFLOAT16,DEV_1_DRAM_INTERLEAVED,1[1],1[1],2048[2048],2048[2048],TILE,BFLOAT16,DEV_1_DRAM_INTERLEAVED,1[1],1[1],2048[2048],2048[2048],TILE,BFLOAT16,DEV_1_DRAM_INTERLEAVED,,,['ttnn/cpp/ttnn/operations/matmul/device/kernels/compute/bmm_large_block_zm_fused_bias_activation.cpp'],['bmm_large_block_zm_fused_bias_activation/11192068228048673779/'],['ttnn/cpp/ttnn/operations/matmul/device/kernels/dataflow/reader_bmm_tile_layout_in0_receiver.cpp'; 'ttnn/cpp/ttnn/operations/matmul/device/kernels/dataflow/reader_bmm_tile_layout_in1_receiver_writer_padding.cpp'; 'ttnn/cpp/ttnn/operations/matmul/device/kernels/dataflow/reader_bmm_tile_layout_in1_sender_writer_padding.cpp'; 'ttnn/cpp/ttnn/operations/matmul/device/kernels/dataflow/reader_bmm_tile_layout_in0_sender_padding.cpp'],['reader_bmm_tile_layout_in0_receiver/17102645427523872040/'; 'reader_bmm_tile_layout_in1_receiver_writer_padding/6891074587381327447/'; 'reader_bmm_tile_layout_in1_sender_writer_padding/16442118699542722342/'; 'reader_bmm_tile_layout_in0_sender_padding/10830808842372326572/'],10238499019388009662,False,2300,1304,2092,2744,2888,0,0,0,0,112979,112979,15258,[74.249267578125; 74.249267578125],[74.249267578125],46.3,,,,,
MatmulDeviceOperation,tt_dnn_device,168960,0,,{'bcast_batch': 'true'; 'compute_kernel_config': 'ComputeKernelConfig(math_fidelity=HiFi4;math_approx_mode=1;fp32_dest_acc_en=0;packer_l1_acc=0;dst_full_sync_en=0;throttle_level=ThrottleLevel::NO_THROTTLE)'; 'global_cb': 'std::nullopt'; 'output_dtype': 'DataType::BFLOAT16'; 'output_mem_config': 'MemoryConfig(memory_layout=TensorMemoryLayout::INTERLEAVED;buffer_type=BufferType::DRAM;shard_spec=std::nullopt;nd_shard_spec=std::nullopt;created_with_nd_shard_spec=0)'; 'output_tile': 'Tile(tile_shape={32; 32};face_shape={16; 16};num_faces=4)'; 'program_config': 'MatmulMultiCoreReuseMultiCastProgramConfig(compute_with_storage_grid_size=(x=11;y=10);in0_block_w=1;out_subblock_h=7;out_subblock_w=1;out_block_h=7;out_block_w=6;per_core_M=7;per_core_N=6;transpose_mcast=0;fused_activation=std::nullopt;fuse_batch=0)'; 'sub_device_id': 'std::nullopt'; 'transpose_a': 'false'; 'transpose_b': 'false'; 'untilize_out': 'false'; 'user_core_coord': 'std::nullopt'; 'user_fused_activation': 'std::nullopt'; 'user_run_batched': 'false'},HiFi4,110,,,3741588990,3741589360,370,1626311011495,1626311386118,253,253,277499,243820,243820,209470,242461,224530,1562,243819,207162,212650,212601,213079,,1123776,1532419,13143474,13490849,306123,,347303,665684,564592,1289,8454053,7784407,,,1[1],1[1],2048[2048],2048[2048],TILE,BFLOAT16,DEV_1_DRAM_INTERLEAVED,1[1],1[1],2048[2048],2048[2048],TILE,BFLOAT16,DEV_1_DRAM_INTERLEAVED,1[1],1[1],2048[2048],2048[2048],TILE,BFLOAT16,DEV_1_DRAM_INTERLEAVED,,,['ttnn/cpp/ttnn/operations/matmul/device/kernels/compute/bmm_large_block_zm_fused_bias_activation.cpp'],['bmm_large_block_zm_fused_bias_activation/11192068228048673779/'],['ttnn/cpp/ttnn/operations/matmul/device/kernels/dataflow/reader_bmm_tile_layout_in0_receiver.cpp'; 'ttnn/cpp/ttnn/operations/matmul/device/kernels/dataflow/reader_bmm_tile_layout_in1_receiver_writer_padding.cpp'; 'ttnn/cpp/ttnn/operations/matmul/device/kernels/dataflow/reader_bmm_tile_layout_in1_sender_writer_padding.cpp'; 'ttnn/cpp/ttnn/operations/matmul/device/kernels/dataflow/reader_bmm_tile_layout_in0_sender_padding.cpp'],['reader_bmm_tile_layout_in0_receiver/17102645427523872040/'; 'reader_bmm_tile_layout_in1_receiver_writer_padding/6891074587381327447/'; 'reader_bmm_tile_layout_in1_sender_writer_padding/16442118699542722342/'; 'reader_bmm_tile_layout_in0_sender_padding/10830808842372326572/'],10238499019388009662,False,2300,1304,2092,2744,2888,0,0,0,0,112979,112979,15258,[74.249267578125; 74.249267578125],[74.249267578125],46.337,,,,,
MatmulDeviceOperation,tt_dnn_device,169984,0,,{'bcast_batch': 'true'; 'compute_kernel_config': 'ComputeKernelConfig(math_fidelity=HiFi4;math_approx_mode=1;fp32_dest_acc_en=0;packer_l1_acc=0;dst_full_sync_en=0;throttle_level=ThrottleLevel::NO_THROTTLE)'; 'global_cb': 'std::nullopt'; 'output_dtype': 'DataType::BFLOAT16'; 'output_mem_config': 'MemoryConfig(memory_layout=TensorMemoryLayout::INTERLEAVED;buffer_type=BufferType::DRAM;shard_spec=std::nullopt;nd_shard_spec=std::nullopt;created_with_nd_shard_spec=0)'; 'output_tile': 'Tile(tile_shape={32; 32};face_shape={16; 16};num_faces=4)'; 'program_config': 'MatmulMultiCoreReuseMultiCastProgramConfig(compute_with_storage_grid_size=(x=11;y=10);in0_block_w=1;out_subblock_h=7;out_subblock_w=1;out_block_h=7;out_block_w=6;per_core_M=7;per_core_N=6;transpose_mcast=0;fused_activation=std::nullopt;fuse_batch=0)'; 'sub_device_id': 'std::nullopt'; 'transpose_a': 'false'; 'transpose_b': 'false'; 'untilize_out': 'false'; 'user_core_coord': 'std::nullopt'; 'user_fused_activation': 'std::nullopt'; 'user_run_batched': 'false'},HiFi4,110,,,3741599700,3741600101,401,1626311342001,1626311715734,259,259,276839,243899,243899,209119,243067,223179,1571,243899,206449,210633,210584,211052,,1132396,1360732,10070362,10591569,249534,,343167,667203,594041,1324,11414744,10557958,,,1[1],1[1],2048[2048],2048[2048],TILE,BFLOAT16,DEV_1_DRAM_INTERLEAVED,1[1],1[1],2048[2048],2048[2048],TILE,BFLOAT16,DEV_1_DRAM_INTERLEAVED,1[1],1[1],2048[2048],2048[2048],TILE,BFLOAT16,DEV_1_DRAM_INTERLEAVED,,,['ttnn/cpp/ttnn/operations/matmul/device/kernels/compute/bmm_large_block_zm_fused_bias_activation.cpp'],['bmm_large_block_zm_fused_bias_activation/11192068228048673779/'],['ttnn/cpp/ttnn/operations/matmul/device/kernels/dataflow/reader_bmm_tile_layout_in0_receiver.cpp'; 'ttnn/cpp/ttnn/operations/matmul/device/kernels/dataflow/reader_bmm_tile_layout_in1_receiver_writer_padding.cpp'; 'ttnn/cpp/ttnn/operations/matmul/device/kernels/dataflow/reader_bmm_tile_layout_in1_sender_writer_padding.cpp'; 'ttnn/cpp/ttnn/operations/matmul/device/kernels/dataflow/reader_bmm_tile_layout_in0_sender_padding.cpp'],['reader_bmm_tile_layout_in0_receiver/17102645427523872040/'; 'reader_bmm_tile_layout_in1_receiver_writer_padding/6891074587381327447/'; 'reader_bmm_tile_layout_in1_sender_writer_padding/16442118699542722342/'; 'reader_bmm_tile_layout_in0_sender_padding/10830808842372326572/'],10238499019388009662,False,2300,1304,2092,2744,2888,0,0,0,0,112979,112979,15258,[74.249267578125; 74.249267578125],[74.249267578125],46.322,,,,,
MatmulDeviceOperation,tt_dnn_device,171008,0,,{'bcast_batch': 'true'; 'compute_kernel_config': 'ComputeKernelConfig(math_fidelity=HiFi4;math_approx_mode=1;fp32_dest_acc_en=0;packer_l1_acc=0;dst_full_sync_en=0;throttle_level=ThrottleLevel::NO_THROTTLE)'; 'global_cb': 'std::nullopt'; 'output_dtype': 'DataType::BFLOAT16'; 'output_mem_config': 'MemoryConfig(memory_layout=TensorMemoryLayout::INTERLEAVED;buffer_type=BufferType::DRAM;shard_spec=std::nullopt;nd_shard_spec=std::nullopt;created_with_nd_shard_spec=0)'; 'output_tile': 'Tile(tile_shape={32; 32};face_shape={16; 16};num_faces=4)'; 'program_config': 'MatmulMultiCoreReuseMultiCastProgramConfig(compute_with_storage_grid_size=(x=11;y=10);in0_block_w=1;out_subblock_h=7;out_subblock_w=1;out_block_h=7;out_block_w=6;per_core_M=7;per_core_N=6;transpose_mcast=0;fused_activation=std::nullopt;fuse_batch=0)'; 'sub_device_id': 'std::nullopt'; 'transpose_a': 'false'; 'transpose_b': 'false'; 'untilize_out': 'false'; 'user_core_coord': 'std::nullopt'; 'user_fused_activation': 'std::nullopt'; 'user_run_batched': 'false'},HiFi4,110,,,3741608457,3741608978,521,1626311670814,1626312044341,259,259,276687,243148,243148,208853,241782,223109,1552,243148,206506,210441,210396,210873,,1131775,1361424,10271101,10030176,260397,,351373,699078,569128,1304,11187110,11096984,,,1[1],1[1],2048[2048],2048[2048],TILE,BFLOAT16,DEV_1_DRAM_INTERLEAVED,1[1],1[1],2048[2048],2048[2048],TILE,BFLOAT16,DEV_1_DRAM_INTERLEAVED,1[1],1[1],2048[2048],2048[2048],TILE,BFLOAT16,DEV_1_DRAM_INTERLEAVED,,,['ttnn/cpp/ttnn/operations/matmul/device/kernels/compute/bmm_large_block_zm_fused_bias_activation.cpp'],['bmm_large_block_zm_fused_bias_activation/11192068228048673779/'],['ttnn/cpp/ttnn/operations/matmul/device/kernels/dataflow/reader_bmm_tile_layout_in0_receiver.cpp'; 'ttnn/cpp/ttnn/operations/matmul/device/kernels/dataflow/reader_bmm_tile_layout_in1_receiver_writer_padding.cpp'; 'ttnn/cpp/ttnn/operations/matmul/device/kernels/dataflow/reader_bmm_tile_layout_in1_sender_writer_padding.cpp'; 'ttnn/cpp/ttnn/operations/matmul/device/kernels/dataflow/reader_bmm_tile_layout_in0_sender_padding.cpp'],['reader_bmm_tile_layout_in0_receiver/17102645427523872040/'; 'reader_bmm_tile_layout_in1_receiver_writer_padding/6891074587381327447/'; 'reader_bmm_tile_layout_in1_sender_writer_padding/16442118699542722342/'; 'reader_bmm_tile_layout_in0_sender_padding/10830808842372326572/'],10238499019388009662,False,2300,1304,2092,2744,2888,0,0,0,0,112979,112979,15258,[74.249267578125; 74.249267578125],[74.249267578125],46.465,,,,,
MatmulDeviceOperation,tt_dnn_device,172032,0,,{'bcast_batch': 'true'; 'compute_kernel_config': 'ComputeKernelConfig(math_fidelity=HiFi4;math_approx_mode=1;fp32_dest_acc_en=0;packer_l1_acc=0;dst_full_sync_en=0;throttle_level=ThrottleLevel::NO_THROTTLE)'; 'global_cb': 'std::nullopt'; 'output_dtype': 'DataType::BFLOAT16'; 'output_mem_config': 'MemoryConfig(memory_layout=TensorMemoryLayout::INTERLEAVED;buffer_type=BufferType::DRAM;shard_spec=std::nullopt;nd_shard_spec=std::nullopt;created_with_nd_shard_spec=0)'; 'output_tile': 'Tile(tile_shape={32; 32};face_shape={16; 16};num_faces=4)'; 'program_config': 'MatmulMultiCoreReuseMultiCastProgramConfig(compute_with_storage_grid_size=(x=11;y=10);in0_block_w=1;out_subblock_h=7;out_subblock_w=1;out_block_h=7;out_block_w=6;per_core_M=7;per_core_N=6;transpose_mcast=0;fused_activation=std::nullopt;fuse_batch=0)'; 'sub_device_id': 'std::nullopt'; 'transpose_a': 'false'; 'transpose_b': 'false'; 'untilize_out': 'false'; 'user_core_coord': 'std::nullopt'; 'user_fused_activation': 'std::nullopt'; 'user_run_batched': 'false'},HiFi4,110,,,3741617274,3741617665,391,1626312000068,1626312374153,265,267,277100,244047,244044,209146,242704,223314,1553,244039,206553,210633,210575,211050,,1133613,1362939,10116953,10335099,250688,,345117,692074,590500,1307,11365093,10801764,,,1[1],1[1],2048[2048],2048[2048],TILE,BFLOAT16,DEV_1_DRAM_INTERLEAVED,1[1],1[1],2048[2048],2048[2048],TILE,BFLOAT16,DEV_1_DRAM_INTERLEAVED,1[1],1[1],2048[2048],2048[2048],TILE,BFLOAT16,DEV_1_DRAM_INTERLEAVED,,,['ttnn/cpp/ttnn/operations/matmul/device/kernels/compute/bmm_large_block_zm_fused_bias_activation.cpp'],['bmm_large_block_zm_fused_bias_activation/11192068228048673779/'],['ttnn/cpp/ttnn/operations/matmul/device/kernels/dataflow/reader_bmm_tile_layout_in0_receiver.cpp'; 'ttnn/cpp/ttnn/operations/matmul/device/kernels/dataflow/reader_bmm_tile_layout_in1_receiver_writer_padding.cpp'; 'ttnn/cpp/ttnn/operations/matmul/device/kernels/dataflow/reader_bmm_tile_layout_in1_sender_writer_padding.cpp'; 'ttnn/cpp/ttnn/operations/matmul/device/kernels/dataflow/reader_bmm_tile_layout_in0_sender_padding.cpp'],['reader_bmm_tile_layout_in0_receiver/17102645427523872040/'; 'reader_bmm_tile_layout_in1_receiver_writer_padding/6891074587381327447/'; 'reader_bmm_tile_layout_in1_sender_writer_padding/16442118699542722342/'; 'reader_bmm_tile_layout_in0_sender_padding/10830808842372326572/'],10238499019388009662,False,2300,1304,2092,2744,2888,0,0,0,0,112979,112979,15258,[74.249267578125; 74.249267578125],[74.249267578125],46.294,,,,,
MatmulDeviceOperation,tt_dnn_device,173056,0,,{'bcast_batch': 'true'; 'compute_kernel_config': 'ComputeKernelConfig(math_fidelity=HiFi4;math_approx_mode=1;fp32_dest_acc_en=0;packer_l1_acc=0;dst_full_sync_en=0;throttle_level=ThrottleLevel::NO_THROTTLE)'; 'global_cb': 'std::nullopt'; 'output_dtype': 'DataType::BFLOAT16'; 'output_mem_config': 'MemoryConfig(memory_layout=TensorMemoryLayout::INTERLEAVED;buffer_type=BufferType::DRAM;shard_spec=std::nullopt;nd_shard_spec=std::nullopt;created_with_nd_shard_spec=0)'; 'output_tile': 'Tile(tile_shape={32; 32};face_shape={16; 16};num_faces=4)'; 'program_config': 'MatmulMultiCoreReuseMultiCastProgramConfig(compute_with_storage_grid_size=(x=11;y=10);in0_block_w=1;out_subblock_h=7;out_subblock_w=1;out_block_h=7;out_block_w=6;per_core_M=7;per_core_N=6;transpose_mcast=0;fused_activation=std::nullopt;fuse_batch=0)'; 'sub_device_id': 'std::nullopt'; 'transpose_a': 'false'; 'transpose_b': 'false'; 'untilize_out': 'false'; 'user_core_coord': 'std::nullopt'; 'user_fused_activation': 'std::nullopt'; 'user_run_batched': 'false'},HiFi4,110,,,3741625991,3741626361,370,1626312329088,1626312703469,258,259,277319,243681,243681,208955,242691,223173,1528,243681,206420,210529,210471,210953,,1125684,1367361,10209326,10432505,255522,,343596,679147,565519,1316,11263301,10702812,,,1[1],1[1],2048[2048],2048[2048],TILE,BFLOAT16,DEV_1_DRAM_INTERLEAVED,1[1],1[1],2048[2048],2048[2048],TILE,BFLOAT16,DEV_1_DRAM_INTERLEAVED,1[1],1[1],2048[2048],2048[2048],TILE,BFLOAT16,DEV_1_DRAM_INTERLEAVED,,,['ttnn/cpp/ttnn/operations/matmul/device/kernels/compute/bmm_large_block_zm_fused_bias_activation.cpp'],['bmm_large_block_zm_fused_bias_activation/11192068228048673779/'],['ttnn/cpp/ttnn/operations/matmul/device/kernels/dataflow/reader_bmm_tile_layout_in0_receiver.cpp'; 'ttnn/cpp/ttnn/operations/matmul/device/kernels/dataflow/reader_bmm_tile_layout_in1_receiver_writer_padding.cpp'; 'ttnn/cpp/ttnn/operations/matmul/device/kernels/dataflow/reader_bmm_tile_layout_in1_sender_writer_padding.cpp'; 'ttnn/cpp/ttnn/operations/matmul/device/kernels/dataflow/reader_bmm_tile_layout_in0_sender_padding.cpp'],['reader_bmm_tile_layout_in0_receiver/17102645427523872040/'; 'reader_bmm_tile_layout_in1_receiver_writer_padding/6891074587381327447/'; 'reader_bmm_tile_layout_in1_sender_writer_padding/16442118699542722342/'; 'reader_bmm_tile_layout_in0_sender_padding/10830808842372326572/'],10238499019388009662,False,2300,1304,2092,2744,2888,0,0,0,0,112979,112979,15258,[74.249267578125; 74.249267578125],[74.249267578125],46.363,,,,,
MatmulDeviceOperation,tt_dnn_device,174080,0,,{'bcast_batch': 'true'; 'compute_kernel_config': 'ComputeKernelConfig(math_fidelity=HiFi4;math_approx_mode=1;fp32_dest_acc_en=0;packer_l1_acc=0;dst_full_sync_en=0;throttle_level=ThrottleLevel::NO_THROTTLE)'; 'global_cb': 'std::nullopt'; 'output_dtype': 'DataType::BFLOAT16'; 'output_mem_config': 'MemoryConfig(memory_layout=TensorMemoryLayout::INTERLEAVED;buffer_type=BufferType::DRAM;shard_spec=std::nullopt;nd_shard_spec=std::nullopt;created_with_nd_shard_spec=0)'; 'output_tile': 'Tile(tile_shape={32; 32};face_shape={16; 16};num_faces=4)'; 'program_config': 'MatmulMultiCoreReuseMultiCastProgramConfig(compute_with_storage_grid_size=(x=11;y=10);in0_block_w=1;out_subblock_h=7;out_subblock_w=1;out_block_h=7;out_block_w=6;per_core_M=7;per_core_N=6;transpose_mcast=0;fused_activation=std::nullopt;fuse_batch=0)'; 'sub_device_id': 'std::nullopt'; 'transpose_a': 'false'; 'transpose_b': 'false'; 'untilize_out': 'false'; 'user_core_coord': 'std::nullopt'; 'user_fused_activation': 'std::nullopt'; 'user_run_batched': 'false'},HiFi4,110,,,3741634998,3741635379,381,1626312658622,1626313033130,204,204,277413,243989,243988,208827,242820,223209,1590,243988,206510,210446,210390,210865,,1124959,1363265,10329320,9618122,261936,,351490,724702,570467,1299,11127682,11487916,,,1[1],1[1],2048[2048],2048[2048],TILE,BFLOAT16,DEV_1_DRAM_INTERLEAVED,1[1],1[1],2048[2048],2048[2048],TILE,BFLOAT16,DEV_1_DRAM_INTERLEAVED,1[1],1[1],2048[2048],2048[2048],TILE,BFLOAT16,DEV_1_DRAM_INTERLEAVED,,,['ttnn/cpp/ttnn/operations/matmul/device/kernels/compute/bmm_large_block_zm_fused_bias_activation.cpp'],['bmm_large_block_zm_fused_bias_activation/11192068228048673779/'],['ttnn/cpp/ttnn/operations/matmul/device/kernels/dataflow/reader_bmm_tile_layout_in0_receiver.cpp'; 'ttnn/cpp/ttnn/operations/matmul/device/kernels/dataflow/reader_bmm_tile_layout_in1_receiver_writer_padding.cpp'; 'ttnn/cpp/ttnn/operations/matmul/device/kernels/dataflow/reader_bmm_tile_layout_in1_sender_writer_padding.cpp'; 'ttnn/cpp/ttnn/operations/matmul/device/kernels/dataflow/reader_bmm_tile_layout_in0_sender_padding.cpp'],['reader_bmm_tile_layout_in0_receiver/17102645427523872040/'; 'reader_bmm_tile_layout_in1_receiver_writer_padding/6891074587381327447/'; 'reader_bmm_tile_layout_in1_sender_writer_padding/16442118699542722342/'; 'reader_bmm_tile_layout_in0_sender_padding/10830808842372326572/'],10238499019388009662,False,2300,1304,2092,2744,2888,0,0,0,0,112979,112979,15258,[74.249267578125; 74.249267578125],[74.249267578125],46.305,,,,,
MatmulDeviceOperation,tt_dnn_device,175104,0,,{'bcast_batch': 'true'; 'compute_kernel_config': 'ComputeKernelConfig(math_fidelity=HiFi4;math_approx_mode=1;fp32_dest_acc_en=0;packer_l1_acc=0;dst_full_sync_en=0;throttle_level=ThrottleLevel::NO_THROTTLE)'; 'global_cb': 'std::nullopt'; 'output_dtype': 'DataType::BFLOAT16'; 'output_mem_config': 'MemoryConfig(memory_layout=TensorMemoryLayout::INTERLEAVED;buffer_type=BufferType::DRAM;shard_spec=std::nullopt;nd_shard_spec=std::nullopt;created_with_nd_shard_spec=0)'; 'output_tile': 'Tile(tile_shape={32; 32};face_shape={16; 16};num_faces=4)'; 'program_config': 'MatmulMultiCoreReuseMultiCastProgramConfig(compute_with_storage_grid_size=(x=11;y=10);in0_block_w=1;out_subblock_h=7;out_subblock_w=1;out_block_h=7;out_block_w=6;per_core_M=7;per_core_N=6;transpose_mcast=0;fused_activation=std::nullopt;fuse_batch=0)'; 'sub_device_id': 'std::nullopt'; 'transpose_a': 'false'; 'transpose_b': 'false'; 'untilize_out': 'false'; 'user_core_coord': 'std::nullopt'; 'user_fused_activation': 'std::nullopt'; 'user_run_batched': 'false'},HiFi4,110,,,3741643795,3741644176,381,1626312987694,1626313362681,146,146,277768,243961,243961,209596,242513,224235,1673,243959,207233,212707,212644,213130,,1117388,1541686,13524854,13678652,314911,,345999,682535,545900,1284,8080777,7588155,,,1[1],1[1],2048[2048],2048[2048],TILE,BFLOAT16,DEV_1_DRAM_INTERLEAVED,1[1],1[1],2048[2048],2048[2048],TILE,BFLOAT16,DEV_1_DRAM_INTERLEAVED,1[1],1[1],2048[2048],2048[2048],TILE,BFLOAT16,DEV_1_DRAM_INTERLEAVED,,,['ttnn/cpp/ttnn/operations/matmul/device/kernels/compute/bmm_large_block_zm_fused_bias_activation.cpp'],['bmm_large_block_zm_fused_bias_activation/11192068228048673779/'],['ttnn/cpp/ttnn/operations/matmul/device/kernels/dataflow/reader_bmm_tile_layout_in0_receiver.cpp'; 'ttnn/cpp/ttnn/operations/matmul/device/kernels/dataflow/reader_bmm_tile_layout_in1_receiver_writer_padding.cpp'; 'ttnn/cpp/ttnn/operations/matmul/device/kernels/dataflow/reader_bmm_tile_layout_in1_sender_writer_padding.cpp'; 'ttnn/cpp/ttnn/operations/matmul/device/kernels/dataflow/reader_bmm_tile_layout_in0_sender_padding.cpp'],['reader_bmm_tile_layout_in0_receiver/17102645427523872040/'; 'reader_bmm_tile_layout_in1_receiver_writer_padding/6891074587381327447/'; 'reader_bmm_tile_layout_in1_sender_writer_padding/16442118699542722342/'; 'reader_bmm_tile_layout_in0_sender_padding/10830808842372326572/'],10238499019388009662,False,2300,1304,2092,2744,2888,0,0,0,0,112979,112979,15258,[74.249267578125; 74.249267578125],[74.249267578125],46.31,,,,,
MatmulDeviceOperation,tt_dnn_device,176128,0,,{'bcast_batch': 'true'; 'compute_kernel_config': 'ComputeKernelConfig(math_fidelity=HiFi4;math_approx_mode=1;fp32_dest_acc_en=0;packer_l1_acc=0;dst_full_sync_en=0;throttle_level=ThrottleLevel::NO_THROTTLE)'; 'global_cb': 'std::nullopt'; 'output_dtype': 'DataType::BFLOAT16'; 'output_mem_config': 'MemoryConfig(memory_layout=TensorMemoryLayout::INTERLEAVED;buffer_type=BufferType::DRAM;shard_spec=std::nullopt;nd_shard_spec=std::nullopt;created_with_nd_shard_spec=0)'; 'output_tile': 'Tile(tile_shape={32; 32};face_shape={16; 16};num_faces=4)'; 'program_config': 'MatmulMultiCoreReuseMultiCastProgramConfig(compute_with_storage_grid_size=(x=11;y=10);in0_block_w=1;out_subblock_h=7;out_subblock_w=1;out_block_h=7;out_block_w=6;per_core_M=7;per_core_N=6;transpose_mcast=0;fused_activation=std::nullopt;fuse_batch=0)'; 'sub_device_id': 'std::nullopt'; 'transpose_a': 'false'; 'transpose_b': 'false'; 'untilize_out': 'false'; 'user_core_coord': 'std::nullopt'; 'user_fused_activation': 'std::nullopt'; 'user_run_batched': 'false'},HiFi4,110,,,3741652672,3741653043,371,1626313318541,1626313692799,152,152,277228,244386,244386,209049,243067,222977,1639,244384,206573,210631,210579,211054,,1128873,1355214,10037114,9610753,253413,,339265,747259,578993,1304,11451370,11470807,,,1[1],1[1],2048[2048],2048[2048],TILE,BFLOAT16,DEV_1_DRAM_INTERLEAVED,1[1],1[1],2048[2048],2048[2048],TILE,BFLOAT16,DEV_1_DRAM_INTERLEAVED,1[1],1[1],2048[2048],2048[2048],TILE,BFLOAT16,DEV_1_DRAM_INTERLEAVED,,,['ttnn/cpp/ttnn/operations/matmul/device/kernels/compute/bmm_large_block_zm_fused_bias_activation.cpp'],['bmm_large_block_zm_fused_bias_activation/11192068228048673779/'],['ttnn/cpp/ttnn/operations/matmul/device/kernels/dataflow/reader_bmm_tile_layout_in0_receiver.cpp'; 'ttnn/cpp/ttnn/operations/matmul/device/kernels/dataflow/reader_bmm_tile_layout_in1_receiver_writer_padding.cpp'; 'ttnn/cpp/ttnn/operations/matmul/device/kernels/dataflow/reader_bmm_tile_layout_in1_sender_writer_padding.cpp'; 'ttnn/cpp/ttnn/operations/matmul/device/kernels/dataflow/reader_bmm_tile_layout_in0_sender_padding.cpp'],['reader_bmm_tile_layout_in0_receiver/17102645427523872040/'; 'reader_bmm_tile_layout_in1_receiver_writer_padding/6891074587381327447/'; 'reader_bmm_tile_layout_in1_sender_writer_padding/16442118699542722342/'; 'reader_bmm_tile_layout_in0_sender_padding/10830808842372326572/'],10238499019388009662,False,2300,1304,2092,2744,2888,0,0,0,0,112979,112979,15258,[74.249267578125; 74.249267578125],[74.249267578125],46.23,,,,,
MatmulDeviceOperation,tt_dnn_device,177152,0,,{'bcast_batch': 'true'; 'compute_kernel_config': 'ComputeKernelConfig(math_fidelity=HiFi4;math_approx_mode=1;fp32_dest_acc_en=0;packer_l1_acc=0;dst_full_sync_en=0;throttle_level=ThrottleLevel::NO_THROTTLE)'; 'global_cb': 'std::nullopt'; 'output_dtype': 'DataType::BFLOAT16'; 'output_mem_config': 'MemoryConfig(memory_layout=TensorMemoryLayout::INTERLEAVED;buffer_type=BufferType::DRAM;shard_spec=std::nullopt;nd_shard_spec=std::nullopt;created_with_nd_shard_spec=0)'; 'output_tile': 'Tile(tile_shape={32; 32};face_shape={16; 16};num_faces=4)'; 'program_config': 'MatmulMultiCoreReuseMultiCastProgramConfig(compute_with_storage_grid_size=(x=11;y=10);in0_block_w=1;out_subblock_h=7;out_subblock_w=1;out_block_h=7;out_block_w=6;per_core_M=7;per_core_N=6;transpose_mcast=0;fused_activation=std::nullopt;fuse_batch=0)'; 'sub_device_id': 'std::nullopt'; 'transpose_a': 'false'; 'transpose_b': 'false'; 'untilize_out': 'false'; 'user_core_coord': 'std::nullopt'; 'user_fused_activation': 'std::nullopt'; 'user_run_batched': 'false'},HiFi4,110,,,3741661288,3741661649,361,1626313647130,1626314022292,259,259,277898,243809,243809,208915,242827,223330,1517,243807,206572,210461,210408,210885,,1134528,1366773,10297133,10215433,261530,,346461,707244,595066,1320,11170230,10903499,,,1[1],1[1],2048[2048],2048[2048],TILE,BFLOAT16,DEV_1_DRAM_INTERLEAVED,1[1],1[1],2048[2048],2048[2048],TILE,BFLOAT16,DEV_1_DRAM_INTERLEAVED,1[1],1[1],2048[2048],2048[2048],TILE,BFLOAT16,DEV_1_DRAM_INTERLEAVED,,,['ttnn/cpp/ttnn/operations/matmul/device/kernels/compute/bmm_large_block_zm_fused_bias_activation.cpp'],['bmm_large_block_zm_fused_bias_activation/11192068228048673779/'],['ttnn/cpp/ttnn/operations/matmul/device/kernels/dataflow/reader_bmm_tile_layout_in0_receiver.cpp'; 'ttnn/cpp/ttnn/operations/matmul/device/kernels/dataflow/reader_bmm_tile_layout_in1_receiver_writer_padding.cpp'; 'ttnn/cpp/ttnn/operations/matmul/device/kernels/dataflow/reader_bmm_tile_layout_in1_sender_writer_padding.cpp'; 'ttnn/cpp/ttnn/operations/matmul/device/kernels/dataflow/reader_bmm_tile_layout_in0_sender_padding.cpp'],['reader_bmm_tile_layout_in0_receiver/17102645427523872040/'; 'reader_bmm_tile_layout_in1_receiver_writer_padding/6891074587381327447/'; 'reader_bmm_tile_layout_in1_sender_writer_padding/16442118699542722342/'; 'reader_bmm_tile_layout_in0_sender_padding/10830808842372326572/'],10238499019388009662,False,2300,1304,2092,2744,2888,0,0,0,0,112979,112979,15258,[74.249267578125; 74.249267578125],[74.249267578125],46.339,,,,,
MatmulDeviceOperation,tt_dnn_device,178176,0,,{'bcast_batch': 'true'; 'compute_kernel_config': 'ComputeKernelConfig(math_fidelity=HiFi4;math_approx_mode=1;fp32_dest_acc_en=0;packer_l1_acc=0;dst_full_sync_en=0;throttle_level=ThrottleLevel::NO_THROTTLE)'; 'global_cb': 'std::nullopt'; 'output_dtype': 'DataType::BFLOAT16'; 'output_mem_config': 'MemoryConfig(memory_layout=TensorMemoryLayout::INTERLEAVED;buffer_type=BufferType::DRAM;shard_spec=std::nullopt;nd_shard_spec=std::nullopt;created_with_nd_shard_spec=0)'; 'output_tile': 'Tile(tile_shape={32; 32};face_shape={16; 16};num_faces=4)'; 'program_config': 'MatmulMultiCoreReuseMultiCastProgramConfig(compute_with_storage_grid_size=(x=11;y=10);in0_block_w=1;out_subblock_h=7;out_subblock_w=1;out_block_h=7;out_block_w=6;per_core_M=7;per_core_N=6;transpose_mcast=0;fused_activation=std::nullopt;fuse_batch=0)'; 'sub_device_id': 'std::nullopt'; 'transpose_a': 'false'; 'transpose_b': 'false'; 'untilize_out': 'false'; 'user_core_coord': 'std::nullopt'; 'user_fused_activation': 'std::nullopt'; 'user_run_batched': 'false'},HiFi4,110,,,3741669855,3741670246,391,1626313977231,1626314351729,199,199,277406,243830,243830,209198,242765,223328,1578,243830,206570,210740,210696,211164,,1122653,1363019,9431303,10709060,241092,,348660,652830,552573,1306,12061353,10471870,,,1[1],1[1],2048[2048],2048[2048],TILE,BFLOAT16,DEV_1_DRAM_INTERLEAVED,1[1],1[1],2048[2048],2048[2048],TILE,BFLOAT16,DEV_1_DRAM_INTERLEAVED,1[1],1[1],2048[2048],2048[2048],TILE,BFLOAT16,DEV_1_DRAM_INTERLEAVED,,,['ttnn/cpp/ttnn/operations/matmul/device/kernels/compute/bmm_large_block_zm_fused_bias_activation.cpp'],['bmm_large_block_zm_fused_bias_activation/11192068228048673779/'],['ttnn/cpp/ttnn/operations/matmul/device/kernels/dataflow/reader_bmm_tile_layout_in0_receiver.cpp'; 'ttnn/cpp/ttnn/operations/matmul/device/kernels/dataflow/reader_bmm_tile_layout_in1_receiver_writer_padding.cpp'; 'ttnn/cpp/ttnn/operations/matmul/device/kernels/dataflow/reader_bmm_tile_layout_in1_sender_writer_padding.cpp'; 'ttnn/cpp/ttnn/operations/matmul/device/kernels/dataflow/reader_bmm_tile_layout_in0_sender_padding.cpp'],['reader_bmm_tile_layout_in0_receiver/17102645427523872040/'; 'reader_bmm_tile_layout_in1_receiver_writer_padding/6891074587381327447/'; 'reader_bmm_tile_layout_in1_sender_writer_padding/16442118699542722342/'; 'reader_bmm_tile_layout_in0_sender_padding/10830808842372326572/'],10238499019388009662,False,2300,1304,2092,2744,2888,0,0,0,0,112979,112979,15258,[74.249267578125; 74.249267578125],[74.249267578125],46.335,,,,,
MatmulDeviceOperation,tt_dnn_device,179200,0,,{'bcast_batch': 'true'; 'compute_kernel_config': 'ComputeKernelConfig(math_fidelity=HiFi4;math_approx_mode=1;fp32_dest_acc_en=0;packer_l1_acc=0;dst_full_sync_en=0;throttle_level=ThrottleLevel::NO_THROTTLE)'; 'global_cb': 'std::nullopt'; 'output_dtype': 'DataType::BFLOAT16'; 'output_mem_config': 'MemoryConfig(memory_layout=TensorMemoryLayout::INTERLEAVED;buffer_type=BufferType::DRAM;shard_spec=std::nullopt;nd_shard_spec=std::nullopt;created_with_nd_shard_spec=0)'; 'output_tile': 'Tile(tile_shape={32; 32};face_shape={16; 16};num_faces=4)'; 'program_config': 'MatmulMultiCoreReuseMultiCastProgramConfig(compute_with_storage_grid_size=(x=11;y=10);in0_block_w=1;out_subblock_h=7;out_subblock_w=1;out_block_h=7;out_block_w=6;per_core_M=7;per_core_N=6;transpose_mcast=0;fused_activation=std::nullopt;fuse_batch=0)'; 'sub_device_id': 'std::nullopt'; 'transpose_a': 'false'; 'transpose_b': 'false'; 'untilize_out': 'false'; 'user_core_coord': 'std::nullopt'; 'user_fused_activation': 'std::nullopt'; 'user_run_batched': 'false'},HiFi4,110,,,3741678411,3741678862,451,1626314307028,1626314680214,150,150,276434,243173,243173,209009,241867,223032,1651,243173,206504,210499,210437,210920,,1134171,1372270,9969212,10129566,251232,,345119,680266,561924,1299,11497505,11011078,,,1[1],1[1],2048[2048],2048[2048],TILE,BFLOAT16,DEV_1_DRAM_INTERLEAVED,1[1],1[1],2048[2048],2048[2048],TILE,BFLOAT16,DEV_1_DRAM_INTERLEAVED,1[1],1[1],2048[2048],2048[2048],TILE,BFLOAT16,DEV_1_DRAM_INTERLEAVED,,,['ttnn/cpp/ttnn/operations/matmul/device/kernels/compute/bmm_large_block_zm_fused_bias_activation.cpp'],['bmm_large_block_zm_fused_bias_activation/11192068228048673779/'],['ttnn/cpp/ttnn/operations/matmul/device/kernels/dataflow/reader_bmm_tile_layout_in0_receiver.cpp'; 'ttnn/cpp/ttnn/operations/matmul/device/kernels/dataflow/reader_bmm_tile_layout_in1_receiver_writer_padding.cpp'; 'ttnn/cpp/ttnn/operations/matmul/device/kernels/dataflow/reader_bmm_tile_layout_in1_sender_writer_padding.cpp'; 'ttnn/cpp/ttnn/operations/matmul/device/kernels/dataflow/reader_bmm_tile_layout_in0_sender_padding.cpp'],['reader_bmm_tile_layout_in0_receiver/17102645427523872040/'; 'reader_bmm_tile_layout_in1_receiver_writer_padding/6891074587381327447/'; 'reader_bmm_tile_layout_in1_sender_writer_padding/16442118699542722342/'; 'reader_bmm_tile_layout_in0_sender_padding/10830808842372326572/'],10238499019388009662,False,2300,1304,2092,2744,2888,0,0,0,0,112979,112979,15258,[74.249267578125; 74.249267578125],[74.249267578125],46.46,,,,,
MatmulDeviceOperation,tt_dnn_device,180224,0,,{'bcast_batch': 'true'; 'compute_kernel_config': 'ComputeKernelConfig(math_fidelity=HiFi4;math_approx_mode=1;fp32_dest_acc_en=0;packer_l1_acc=0;dst_full_sync_en=0;throttle_level=ThrottleLevel::NO_THROTTLE)'; 'global_cb': 'std::nullopt'; 'output_dtype': 'DataType::BFLOAT16'; 'output_mem_config': 'MemoryConfig(memory_layout=TensorMemoryLayout::INTERLEAVED;buffer_type=BufferType::DRAM;shard_spec=std::nullopt;nd_shard_spec=std::nullopt;created_with_nd_shard_spec=0)'; 'output_tile': 'Tile(tile_shape={32; 32};face_shape={16; 16};num_faces=4)'; 'program_config': 'MatmulMultiCoreReuseMultiCastProgramConfig(compute_with_storage_grid_size=(x=11;y=10);in0_block_w=1;out_subblock_h=7;out_subblock_w=1;out_block_h=7;out_block_w=6;per_core_M=7;per_core_N=6;transpose_mcast=0;fused_activation=std::nullopt;fuse_batch=0)'; 'sub_device_id': 'std::nullopt'; 'transpose_a': 'false'; 'transpose_b': 'false'; 'untilize_out': 'false'; 'user_core_coord': 'std::nullopt'; 'user_fused_activation': 'std::nullopt'; 'user_run_batched': 'false'},HiFi4,110,,,3741687409,3741687789,380,1626314636126,1626315008994,254,254,276199,243284,243284,208996,242103,222937,1551,243280,206595,210460,210407,210882,,1136026,1370553,10546367,9915416,263330,,355119,715081,548929,1313,10914141,11202827,,,1[1],1[1],2048[2048],2048[2048],TILE,BFLOAT16,DEV_1_DRAM_INTERLEAVED,1[1],1[1],2048[2048],2048[2048],TILE,BFLOAT16,DEV_1_DRAM_INTERLEAVED,1[1],1[1],2048[2048],2048[2048],TILE,BFLOAT16,DEV_1_DRAM_INTERLEAVED,,,['ttnn/cpp/ttnn/operations/matmul/device/kernels/compute/bmm_large_block_zm_fused_bias_activation.cpp'],['bmm_large_block_zm_fused_bias_activation/11192068228048673779/'],['ttnn/cpp/ttnn/operations/matmul/device/kernels/dataflow/reader_bmm_tile_layout_in0_receiver.cpp'; 'ttnn/cpp/ttnn/operations/matmul/device/kernels/dataflow/reader_bmm_tile_layout_in1_receiver_writer_padding.cpp'; 'ttnn/cpp/ttnn/operations/matmul/device/kernels/dataflow/reader_bmm_tile_layout_in1_sender_writer_padding.cpp'; 'ttnn/cpp/ttnn/operations/matmul/device/kernels/dataflow/reader_bmm_tile_layout_in0_sender_padding.cpp'],['reader_bmm_tile_layout_in0_receiver/17102645427523872040/'; 'reader_bmm_tile_layout_in1_receiver_writer_padding/6891074587381327447/'; 'reader_bmm_tile_layout_in1_sender_writer_padding/16442118699542722342/'; 'reader_bmm_tile_layout_in0_sender_padding/10830808842372326572/'],10238499019388009662,False,2300,1304,2092,2744,2888,0,0,0,0,112979,112979,15258,[74.249267578125; 74.249267578125],[74.249267578125],46.439,,,,,
MatmulDeviceOperation,tt_dnn_device,181248,0,,{'bcast_batch': 'true'; 'compute_kernel_config': 'ComputeKernelConfig(math_fidelity=HiFi4;math_approx_mode=1;fp32_dest_acc_en=0;packer_l1_acc=0;dst_full_sync_en=0;throttle_level=ThrottleLevel::NO_THROTTLE)'; 'global_cb': 'std::nullopt'; 'output_dtype': 'DataType::BFLOAT16'; 'output_mem_config': 'MemoryConfig(memory_layout=TensorMemoryLayout::INTERLEAVED;buffer_type=BufferType::DRAM;shard_spec=std::nullopt;nd_shard_spec=std::nullopt;created_with_nd_shard_spec=0)'; 'output_tile': 'Tile(tile_shape={32; 32};face_shape={16; 16};num_faces=4)'; 'program_config': 'MatmulMultiCoreReuseMultiCastProgramConfig(compute_with_storage_grid_size=(x=11;y=10);in0_block_w=1;out_subblock_h=7;out_subblock_w=1;out_block_h=7;out_block_w=6;per_core_M=7;per_core_N=6;transpose_mcast=0;fused_activation=std::nullopt;fuse_batch=0)'; 'sub_device_id': 'std::nullopt'; 'transpose_a': 'false'; 'transpose_b': 'false'; 'untilize_out': 'false'; 'user_core_coord': 'std::nullopt'; 'user_fused_activation': 'std::nullopt'; 'user_run_batched': 'false'},HiFi4,110,,,3741696196,3741696566,370,1626314964750,1626315338001,153,154,276482,243556,243556,209589,242148,224353,1664,243556,207226,212710,212653,213132,,1122554,1551029,13941971,14213389,329613,,340979,647585,536355,1305,7671245,7088473,,,1[1],1[1],2048[2048],2048[2048],TILE,BFLOAT16,DEV_1_DRAM_INTERLEAVED,1[1],1[1],2048[2048],2048[2048],TILE,BFLOAT16,DEV_1_DRAM_INTERLEAVED,1[1],1[1],2048[2048],2048[2048],TILE,BFLOAT16,DEV_1_DRAM_INTERLEAVED,,,['ttnn/cpp/ttnn/operations/matmul/device/kernels/compute/bmm_large_block_zm_fused_bias_activation.cpp'],['bmm_large_block_zm_fused_bias_activation/11192068228048673779/'],['ttnn/cpp/ttnn/operations/matmul/device/kernels/dataflow/reader_bmm_tile_layout_in0_receiver.cpp'; 'ttnn/cpp/ttnn/operations/matmul/device/kernels/dataflow/reader_bmm_tile_layout_in1_receiver_writer_padding.cpp'; 'ttnn/cpp/ttnn/operations/matmul/device/kernels/dataflow/reader_bmm_tile_layout_in1_sender_writer_padding.cpp'; 'ttnn/cpp/ttnn/operations/matmul/device/kernels/dataflow/reader_bmm_tile_layout_in0_sender_padding.cpp'],['reader_bmm_tile_layout_in0_receiver/17102645427523872040/'; 'reader_bmm_tile_layout_in1_receiver_writer_padding/6891074587381327447/'; 'reader_bmm_tile_layout_in1_sender_writer_padding/16442118699542722342/'; 'reader_bmm_tile_layout_in0_sender_padding/10830808842372326572/'],10238499019388009662,False,2300,1304,2092,2744,2888,0,0,0,0,112979,112979,15258,[74.249267578125; 74.249267578125],[74.249267578125],46.387,,,,,
MatmulDeviceOperation,tt_dnn_device,182272,0,,{'bcast_batch': 'true'; 'compute_kernel_config': 'ComputeKernelConfig(math_fidelity=HiFi4;math_approx_mode=1;fp32_dest_acc_en=0;packer_l1_acc=0;dst_full_sync_en=0;throttle_level=ThrottleLevel::NO_THROTTLE)'; 'global_cb': 'std::nullopt'; 'output_dtype': 'DataType::BFLOAT16'; 'output_mem_config': 'MemoryConfig(memory_layout=TensorMemoryLayout::INTERLEAVED;buffer_type=BufferType::DRAM;shard_spec=std::nullopt;nd_shard_spec=std::nullopt;created_with_nd_shard_spec=0)'; 'output_tile': 'Tile(tile_shape={32; 32};face_shape={16; 16};num_faces=4)'; 'program_config': 'MatmulMultiCoreReuseMultiCastProgramConfig(compute_with_storage_grid_size=(x=11;y=10);in0_block_w=1;out_subblock_h=7;out_subblock_w=1;out_block_h=7;out_block_w=6;per_core_M=7;per_core_N=6;transpose_mcast=0;fused_activation=std::nullopt;fuse_batch=0)'; 'sub_device_id': 'std::nullopt'; 'transpose_a': 'false'; 'transpose_b': 'false'; 'untilize_out': 'false'; 'user_core_coord': 'std::nullopt'; 'user_fused_activation': 'std::nullopt'; 'user_run_batched': 'false'},HiFi4,110,,,3741705293,3741705664,371,1626315294405,1626315668430,152,153,277056,244610,244609,208835,243376,223256,1625,244609,206567,210479,210427,210911,,1129656,1366786,10295388,9718420,261140,,345124,718129,576265,1326,11165056,11393203,,,1[1],1[1],2048[2048],2048[2048],TILE,BFLOAT16,DEV_1_DRAM_INTERLEAVED,1[1],1[1],2048[2048],2048[2048],TILE,BFLOAT16,DEV_1_DRAM_INTERLEAVED,1[1],1[1],2048[2048],2048[2048],TILE,BFLOAT16,DEV_1_DRAM_INTERLEAVED,,,['ttnn/cpp/ttnn/operations/matmul/device/kernels/compute/bmm_large_block_zm_fused_bias_activation.cpp'],['bmm_large_block_zm_fused_bias_activation/11192068228048673779/'],['ttnn/cpp/ttnn/operations/matmul/device/kernels/dataflow/reader_bmm_tile_layout_in0_receiver.cpp'; 'ttnn/cpp/ttnn/operations/matmul/device/kernels/dataflow/reader_bmm_tile_layout_in1_receiver_writer_padding.cpp'; 'ttnn/cpp/ttnn/operations/matmul/device/kernels/dataflow/reader_bmm_tile_layout_in1_sender_writer_padding.cpp'; 'ttnn/cpp/ttnn/operations/matmul/device/kernels/dataflow/reader_bmm_tile_layout_in0_sender_padding.cpp'],['reader_bmm_tile_layout_in0_receiver/17102645427523872040/'; 'reader_bmm_tile_layout_in1_receiver_writer_padding/6891074587381327447/'; 'reader_bmm_tile_layout_in1_sender_writer_padding/16442118699542722342/'; 'reader_bmm_tile_layout_in0_sender_padding/10830808842372326572/'],10238499019388009662,False,2300,1304,2092,2744,2888,0,0,0,0,112979,112979,15258,[74.249267578125; 74.249267578125],[74.249267578125],46.187,,,,,
MatmulDeviceOperation,tt_dnn_device,183296,0,,{'bcast_batch': 'true'; 'compute_kernel_config': 'ComputeKernelConfig(math_fidelity=HiFi4;math_approx_mode=1;fp32_dest_acc_en=0;packer_l1_acc=0;dst_full_sync_en=0;throttle_level=ThrottleLevel::NO_THROTTLE)'; 'global_cb': 'std::nullopt'; 'output_dtype': 'DataType::BFLOAT16'; 'output_mem_config': 'MemoryConfig(memory_layout=TensorMemoryLayout::INTERLEAVED;buffer_type=BufferType::DRAM;shard_spec=std::nullopt;nd_shard_spec=std::nullopt;created_with_nd_shard_spec=0)'; 'output_tile': 'Tile(tile_shape={32; 32};face_shape={16; 16};num_faces=4)'; 'program_config': 'MatmulMultiCoreReuseMultiCastProgramConfig(compute_with_storage_grid_size=(x=11;y=10);in0_block_w=1;out_subblock_h=7;out_subblock_w=1;out_block_h=7;out_block_w=6;per_core_M=7;per_core_N=6;transpose_mcast=0;fused_activation=std::nullopt;fuse_batch=0)'; 'sub_device_id': 'std::nullopt'; 'transpose_a': 'false'; 'transpose_b': 'false'; 'untilize_out': 'false'; 'user_core_coord': 'std::nullopt'; 'user_fused_activation': 'std::nullopt'; 'user_run_batched': 'false'},HiFi4,110,,,3741714120,3741714501,381,1626315622180,1626315997954,254,254,278351,243841,243841,209058,242863,223170,1540,243832,206503,210533,210479,210957,,1134397,1361039,10089768,10269551,255627,,347952,703579,556579,1315,11379487,10844004,,,1[1],1[1],2048[2048],2048[2048],TILE,BFLOAT16,DEV_1_DRAM_INTERLEAVED,1[1],1[1],2048[2048],2048[2048],TILE,BFLOAT16,DEV_1_DRAM_INTERLEAVED,1[1],1[1],2048[2048],2048[2048],TILE,BFLOAT16,DEV_1_DRAM_INTERLEAVED,,,['ttnn/cpp/ttnn/operations/matmul/device/kernels/compute/bmm_large_block_zm_fused_bias_activation.cpp'],['bmm_large_block_zm_fused_bias_activation/11192068228048673779/'],['ttnn/cpp/ttnn/operations/matmul/device/kernels/dataflow/reader_bmm_tile_layout_in0_receiver.cpp'; 'ttnn/cpp/ttnn/operations/matmul/device/kernels/dataflow/reader_bmm_tile_layout_in1_receiver_writer_padding.cpp'; 'ttnn/cpp/ttnn/operations/matmul/device/kernels/dataflow/reader_bmm_tile_layout_in1_sender_writer_padding.cpp'; 'ttnn/cpp/ttnn/operations/matmul/device/kernels/dataflow/reader_bmm_tile_layout_in0_sender_padding.cpp'],['reader_bmm_tile_layout_in0_receiver/17102645427523872040/'; 'reader_bmm_tile_layout_in1_receiver_writer_padding/6891074587381327447/'; 'reader_bmm_tile_layout_in1_sender_writer_padding/16442118699542722342/'; 'reader_bmm_tile_layout_in0_sender_padding/10830808842372326572/'],10238499019388009662,False,2300,1304,2092,2744,2888,0,0,0,0,112979,112979,15258,[74.249267578125; 74.249267578125],[74.249267578125],46.333,,,,,
MatmulDeviceOperation,tt_dnn_device,184320,0,,{'bcast_batch': 'true'; 'compute_kernel_config': 'ComputeKernelConfig(math_fidelity=HiFi4;math_approx_mode=1;fp32_dest_acc_en=0;packer_l1_acc=0;dst_full_sync_en=0;throttle_level=ThrottleLevel::NO_THROTTLE)'; 'global_cb': 'std::nullopt'; 'output_dtype': 'DataType::BFLOAT16'; 'output_mem_config': 'MemoryConfig(memory_layout=TensorMemoryLayout::INTERLEAVED;buffer_type=BufferType::DRAM;shard_spec=std::nullopt;nd_shard_spec=std::nullopt;created_with_nd_shard_spec=0)'; 'output_tile': 'Tile(tile_shape={32; 32};face_shape={16; 16};num_faces=4)'; 'program_config': 'MatmulMultiCoreReuseMultiCastProgramConfig(compute_with_storage_grid_size=(x=11;y=10);in0_block_w=1;out_subblock_h=7;out_subblock_w=1;out_block_h=7;out_block_w=6;per_core_M=7;per_core_N=6;transpose_mcast=0;fused_activation=std::nullopt;fuse_batch=0)'; 'sub_device_id': 'std::nullopt'; 'transpose_a': 'false'; 'transpose_b': 'false'; 'untilize_out': 'false'; 'user_core_coord': 'std::nullopt'; 'user_fused_activation': 'std::nullopt'; 'user_run_batched': 'false'},HiFi4,110,,,3741722757,3741723127,370,1626315953048,1626316327288,230,230,277215,243719,243719,209204,242513,223154,1554,243710,206516,210651,210593,211067,,1138002,1366964,10380427,10278707,260621,,341304,685656,605983,1310,11100283,10857504,,,1[1],1[1],2048[2048],2048[2048],TILE,BFLOAT16,DEV_1_DRAM_INTERLEAVED,1[1],1[1],2048[2048],2048[2048],TILE,BFLOAT16,DEV_1_DRAM_INTERLEAVED,1[1],1[1],2048[2048],2048[2048],TILE,BFLOAT16,DEV_1_DRAM_INTERLEAVED,,,['ttnn/cpp/ttnn/operations/matmul/device/kernels/compute/bmm_large_block_zm_fused_bias_activation.cpp'],['bmm_large_block_zm_fused_bias_activation/11192068228048673779/'],['ttnn/cpp/ttnn/operations/matmul/device/kernels/dataflow/reader_bmm_tile_layout_in0_receiver.cpp'; 'ttnn/cpp/ttnn/operations/matmul/device/kernels/dataflow/reader_bmm_tile_layout_in1_receiver_writer_padding.cpp'; 'ttnn/cpp/ttnn/operations/matmul/device/kernels/dataflow/reader_bmm_tile_layout_in1_sender_writer_padding.cpp'; 'ttnn/cpp/ttnn/operations/matmul/device/kernels/dataflow/reader_bmm_tile_layout_in0_sender_padding.cpp'],['reader_bmm_tile_layout_in0_receiver/17102645427523872040/'; 'reader_bmm_tile_layout_in1_receiver_writer_padding/6891074587381327447/'; 'reader_bmm_tile_layout_in1_sender_writer_padding/16442118699542722342/'; 'reader_bmm_tile_layout_in0_sender_padding/10830808842372326572/'],10238499019388009662,False,2300,1304,2092,2744,2888,0,0,0,0,112979,112979,15258,[74.249267578125; 74.249267578125],[74.249267578125],46.356,,,,,
MatmulDeviceOperation,tt_dnn_device,185344,0,,{'bcast_batch': 'true'; 'compute_kernel_config': 'ComputeKernelConfig(math_fidelity=HiFi4;math_approx_mode=1;fp32_dest_acc_en=0;packer_l1_acc=0;dst_full_sync_en=0;throttle_level=ThrottleLevel::NO_THROTTLE)'; 'global_cb': 'std::nullopt'; 'output_dtype': 'DataType::BFLOAT16'; 'output_mem_config': 'MemoryConfig(memory_layout=TensorMemoryLayout::INTERLEAVED;buffer_type=BufferType::DRAM;shard_spec=std::nullopt;nd_shard_spec=std::nullopt;created_with_nd_shard_spec=0)'; 'output_tile': 'Tile(tile_shape={32; 32};face_shape={16; 16};num_faces=4)'; 'program_config': 'MatmulMultiCoreReuseMultiCastProgramConfig(compute_with_storage_grid_size=(x=11;y=10);in0_block_w=1;out_subblock_h=7;out_subblock_w=1;out_block_h=7;out_block_w=6;per_core_M=7;per_core_N=6;transpose_mcast=0;fused_activation=std::nullopt;fuse_batch=0)'; 'sub_device_id': 'std::nullopt'; 'transpose_a': 'false'; 'transpose_b': 'false'; 'untilize_out': 'false'; 'user_core_coord': 'std::nullopt'; 'user_fused_activation': 'std::nullopt'; 'user_run_batched': 'false'},HiFi4,110,,,3741732064,3741732445,381,1626316282595,1626316655870,147,149,276500,243247,243246,208897,241930,223263,1653,243246,206387,210339,210284,210757,,1131354,1374621,10772153,10015910,267350,,349619,681655,545567,1308,10675318,11124012,,,1[1],1[1],2048[2048],2048[2048],TILE,BFLOAT16,DEV_1_DRAM_INTERLEAVED,1[1],1[1],2048[2048],2048[2048],TILE,BFLOAT16,DEV_1_DRAM_INTERLEAVED,1[1],1[1],2048[2048],2048[2048],TILE,BFLOAT16,DEV_1_DRAM_INTERLEAVED,,,['ttnn/cpp/ttnn/operations/matmul/device/kernels/compute/bmm_large_block_zm_fused_bias_activation.cpp'],['bmm_large_block_zm_fused_bias_activation/11192068228048673779/'],['ttnn/cpp/ttnn/operations/matmul/device/kernels/dataflow/reader_bmm_tile_layout_in0_receiver.cpp'; 'ttnn/cpp/ttnn/operations/matmul/device/kernels/dataflow/reader_bmm_tile_layout_in1_receiver_writer_padding.cpp'; 'ttnn/cpp/ttnn/operations/matmul/device/kernels/dataflow/reader_bmm_tile_layout_in1_sender_writer_padding.cpp'; 'ttnn/cpp/ttnn/operations/matmul/device/kernels/dataflow/reader_bmm_tile_layout_in0_sender_padding.cpp'],['reader_bmm_tile_layout_in0_receiver/17102645427523872040/'; 'reader_bmm_tile_layout_in1_receiver_writer_padding/6891074587381327447/'; 'reader_bmm_tile_layout_in1_sender_writer_padding/16442118699542722342/'; 'reader_bmm_tile_layout_in0_sender_padding/10830808842372326572/'],10238499019388009662,False,2300,1304,2092,2744,2888,0,0,0,0,112979,112979,15258,[74.249267578125; 74.249267578125],[74.249267578125],46.446,,,,,
MatmulDeviceOperation,tt_dnn_device,186368,0,,{'bcast_batch': 'true'; 'compute_kernel_config': 'ComputeKernelConfig(math_fidelity=HiFi4;math_approx_mode=1;fp32_dest_acc_en=0;packer_l1_acc=0;dst_full_sync_en=0;throttle_level=ThrottleLevel::NO_THROTTLE)'; 'global_cb': 'std::nullopt'; 'output_dtype': 'DataType::BFLOAT16'; 'output_mem_config': 'MemoryConfig(memory_layout=TensorMemoryLayout::INTERLEAVED;buffer_type=BufferType::DRAM;shard_spec=std::nullopt;nd_shard_spec=std::nullopt;created_with_nd_shard_spec=0)'; 'output_tile': 'Tile(tile_shape={32; 32};face_shape={16; 16};num_faces=4)'; 'program_config': 'MatmulMultiCoreReuseMultiCastProgramConfig(compute_with_storage_grid_size=(x=11;y=10);in0_block_w=1;out_subblock_h=7;out_subblock_w=1;out_block_h=7;out_block_w=6;per_core_M=7;per_core_N=6;transpose_mcast=0;fused_activation=std::nullopt;fuse_batch=0)'; 'sub_device_id': 'std::nullopt'; 'transpose_a': 'false'; 'transpose_b': 'false'; 'untilize_out': 'false'; 'user_core_coord': 'std::nullopt'; 'user_fused_activation': 'std::nullopt'; 'user_run_batched': 'false'},HiFi4,110,,,3741741843,3741742224,381,1626316611491,1626316985728,258,258,277213,244081,244081,208933,242840,223316,1514,244081,206538,210478,210419,210893,,1127598,1366276,10262441,10329670,261718,,340321,685789,608251,1290,11209187,10811250,,,1[1],1[1],2048[2048],2048[2048],TILE,BFLOAT16,DEV_1_DRAM_INTERLEAVED,1[1],1[1],2048[2048],2048[2048],TILE,BFLOAT16,DEV_1_DRAM_INTERLEAVED,1[1],1[1],2048[2048],2048[2048],TILE,BFLOAT16,DEV_1_DRAM_INTERLEAVED,,,['ttnn/cpp/ttnn/operations/matmul/device/kernels/compute/bmm_large_block_zm_fused_bias_activation.cpp'],['bmm_large_block_zm_fused_bias_activation/11192068228048673779/'],['ttnn/cpp/ttnn/operations/matmul/device/kernels/dataflow/reader_bmm_tile_layout_in0_receiver.cpp'; 'ttnn/cpp/ttnn/operations/matmul/device/kernels/dataflow/reader_bmm_tile_layout_in1_receiver_writer_padding.cpp'; 'ttnn/cpp/ttnn/operations/matmul/device/kernels/dataflow/reader_bmm_tile_layout_in1_sender_writer_padding.cpp'; 'ttnn/cpp/ttnn/operations/matmul/device/kernels/dataflow/reader_bmm_tile_layout_in0_sender_padding.cpp'],['reader_bmm_tile_layout_in0_receiver/17102645427523872040/'; 'reader_bmm_tile_layout_in1_receiver_writer_padding/6891074587381327447/'; 'reader_bmm_tile_layout_in1_sender_writer_padding/16442118699542722342/'; 'reader_bmm_tile_layout_in0_sender_padding/10830808842372326572/'],10238499019388009662,False,2300,1304,2092,2744,2888,0,0,0,0,112979,112979,15258,[74.249267578125; 74.249267578125],[74.249267578125],46.288,,,,,
MatmulDeviceOperation,tt_dnn_device,187392,0,,{'bcast_batch': 'true'; 'compute_kernel_config': 'ComputeKernelConfig(math_fidelity=HiFi4;math_approx_mode=1;fp32_dest_acc_en=0;packer_l1_acc=0;dst_full_sync_en=0;throttle_level=ThrottleLevel::NO_THROTTLE)'; 'global_cb': 'std::nullopt'; 'output_dtype': 'DataType::BFLOAT16'; 'output_mem_config': 'MemoryConfig(memory_layout=TensorMemoryLayout::INTERLEAVED;buffer_type=BufferType::DRAM;shard_spec=std::nullopt;nd_shard_spec=std::nullopt;created_with_nd_shard_spec=0)'; 'output_tile': 'Tile(tile_shape={32; 32};face_shape={16; 16};num_faces=4)'; 'program_config': 'MatmulMultiCoreReuseMultiCastProgramConfig(compute_with_storage_grid_size=(x=11;y=10);in0_block_w=1;out_subblock_h=7;out_subblock_w=1;out_block_h=7;out_block_w=6;per_core_M=7;per_core_N=6;transpose_mcast=0;fused_activation=std::nullopt;fuse_batch=0)'; 'sub_device_id': 'std::nullopt'; 'transpose_a': 'false'; 'transpose_b': 'false'; 'untilize_out': 'false'; 'user_core_coord': 'std::nullopt'; 'user_fused_activation': 'std::nullopt'; 'user_run_batched': 'false'},HiFi4,110,,,3741750971,3741751341,370,1626316940326,1626317315679,182,182,278039,244227,244227,209469,242876,224443,1616,244227,207215,212675,212610,213096,,1108356,1551216,13785983,14195622,327498,,339412,670167,535424,1294,7825196,7076857,,,1[1],1[1],2048[2048],2048[2048],TILE,BFLOAT16,DEV_1_DRAM_INTERLEAVED,1[1],1[1],2048[2048],2048[2048],TILE,BFLOAT16,DEV_1_DRAM_INTERLEAVED,1[1],1[1],2048[2048],2048[2048],TILE,BFLOAT16,DEV_1_DRAM_INTERLEAVED,,,['ttnn/cpp/ttnn/operations/matmul/device/kernels/compute/bmm_large_block_zm_fused_bias_activation.cpp'],['bmm_large_block_zm_fused_bias_activation/11192068228048673779/'],['ttnn/cpp/ttnn/operations/matmul/device/kernels/dataflow/reader_bmm_tile_layout_in0_receiver.cpp'; 'ttnn/cpp/ttnn/operations/matmul/device/kernels/dataflow/reader_bmm_tile_layout_in1_receiver_writer_padding.cpp'; 'ttnn/cpp/ttnn/operations/matmul/device/kernels/dataflow/reader_bmm_tile_layout_in1_sender_writer_padding.cpp'; 'ttnn/cpp/ttnn/operations/matmul/device/kernels/dataflow/reader_bmm_tile_layout_in0_sender_padding.cpp'],['reader_bmm_tile_layout_in0_receiver/17102645427523872040/'; 'reader_bmm_tile_layout_in1_receiver_writer_padding/6891074587381327447/'; 'reader_bmm_tile_layout_in1_sender_writer_padding/16442118699542722342/'; 'reader_bmm_tile_layout_in0_sender_padding/10830808842372326572/'],10238499019388009662,False,2300,1304,2092,2744,2888,0,0,0,0,112979,112979,15258,[74.249267578125; 74.249267578125],[74.249267578125],46.26,,,,,
MatmulDeviceOperation,tt_dnn_device,188416,0,,{'bcast_batch': 'true'; 'compute_kernel_config': 'ComputeKernelConfig(math_fidelity=HiFi4;math_approx_mode=1;fp32_dest_acc_en=0;packer_l1_acc=0;dst_full_sync_en=0;throttle_level=ThrottleLevel::NO_THROTTLE)'; 'global_cb': 'std::nullopt'; 'output_dtype': 'DataType::BFLOAT16'; 'output_mem_config': 'MemoryConfig(memory_layout=TensorMemoryLayout::INTERLEAVED;buffer_type=BufferType::DRAM;shard_spec=std::nullopt;nd_shard_spec=std::nullopt;created_with_nd_shard_spec=0)'; 'output_tile': 'Tile(tile_shape={32; 32};face_shape={16; 16};num_faces=4)'; 'program_config': 'MatmulMultiCoreReuseMultiCastProgramConfig(compute_with_storage_grid_size=(x=11;y=10);in0_block_w=1;out_subblock_h=7;out_subblock_w=1;out_block_h=7;out_block_w=6;per_core_M=7;per_core_N=6;transpose_mcast=0;fused_activation=std::nullopt;fuse_batch=0)'; 'sub_device_id': 'std::nullopt'; 'transpose_a': 'false'; 'transpose_b': 'false'; 'untilize_out': 'false'; 'user_core_coord': 'std::nullopt'; 'user_fused_activation': 'std::nullopt'; 'user_run_batched': 'false'},HiFi4,110,,,3741760249,3741760629,380,1626317271022,1626317644722,259,260,276815,243479,243477,209005,242650,223112,1526,243461,206415,210641,210575,211056,,1134772,1368821,10284527,10577656,258236,,345972,664390,583619,1298,11189422,10577033,,,1[1],1[1],2048[2048],2048[2048],TILE,BFLOAT16,DEV_1_DRAM_INTERLEAVED,1[1],1[1],2048[2048],2048[2048],TILE,BFLOAT16,DEV_1_DRAM_INTERLEAVED,1[1],1[1],2048[2048],2048[2048],TILE,BFLOAT16,DEV_1_DRAM_INTERLEAVED,,,['ttnn/cpp/ttnn/operations/matmul/device/kernels/compute/bmm_large_block_zm_fused_bias_activation.cpp'],['bmm_large_block_zm_fused_bias_activation/11192068228048673779/'],['ttnn/cpp/ttnn/operations/matmul/device/kernels/dataflow/reader_bmm_tile_layout_in0_receiver.cpp'; 'ttnn/cpp/ttnn/operations/matmul/device/kernels/dataflow/reader_bmm_tile_layout_in1_receiver_writer_padding.cpp'; 'ttnn/cpp/ttnn/operations/matmul/device/kernels/dataflow/reader_bmm_tile_layout_in1_sender_writer_padding.cpp'; 'ttnn/cpp/ttnn/operations/matmul/device/kernels/dataflow/reader_bmm_tile_layout_in0_sender_padding.cpp'],['reader_bmm_tile_layout_in0_receiver/17102645427523872040/'; 'reader_bmm_tile_layout_in1_receiver_writer_padding/6891074587381327447/'; 'reader_bmm_tile_layout_in1_sender_writer_padding/16442118699542722342/'; 'reader_bmm_tile_layout_in0_sender_padding/10830808842372326572/'],10238499019388009662,False,2300,1304,2092,2744,2888,0,0,0,0,112979,112979,15258,[74.249267578125; 74.249267578125],[74.249267578125],46.402,,,,,
MatmulDeviceOperation,tt_dnn_device,189440,0,,{'bcast_batch': 'true'; 'compute_kernel_config': 'ComputeKernelConfig(math_fidelity=HiFi4;math_approx_mode=1;fp32_dest_acc_en=0;packer_l1_acc=0;dst_full_sync_en=0;throttle_level=ThrottleLevel::NO_THROTTLE)'; 'global_cb': 'std::nullopt'; 'output_dtype': 'DataType::BFLOAT16'; 'output_mem_config': 'MemoryConfig(memory_layout=TensorMemoryLayout::INTERLEAVED;buffer_type=BufferType::DRAM;shard_spec=std::nullopt;nd_shard_spec=std::nullopt;created_with_nd_shard_spec=0)'; 'output_tile': 'Tile(tile_shape={32; 32};face_shape={16; 16};num_faces=4)'; 'program_config': 'MatmulMultiCoreReuseMultiCastProgramConfig(compute_with_storage_grid_size=(x=11;y=10);in0_block_w=1;out_subblock_h=7;out_subblock_w=1;out_block_h=7;out_block_w=6;per_core_M=7;per_core_N=6;transpose_mcast=0;fused_activation=std::nullopt;fuse_batch=0)'; 'sub_device_id': 'std::nullopt'; 'transpose_a': 'false'; 'transpose_b': 'false'; 'untilize_out': 'false'; 'user_core_coord': 'std::nullopt'; 'user_fused_activation': 'std::nullopt'; 'user_run_batched': 'false'},HiFi4,110,,,3741770027,3741770398,371,1626317600215,1626317974078,149,149,276936,243816,243816,208895,242380,223139,1630,243814,206296,210462,210407,210891,,1119228,1351626,10367691,10403204,255474,,345970,656959,619291,1306,11097463,10750110,,,1[1],1[1],2048[2048],2048[2048],TILE,BFLOAT16,DEV_1_DRAM_INTERLEAVED,1[1],1[1],2048[2048],2048[2048],TILE,BFLOAT16,DEV_1_DRAM_INTERLEAVED,1[1],1[1],2048[2048],2048[2048],TILE,BFLOAT16,DEV_1_DRAM_INTERLEAVED,,,['ttnn/cpp/ttnn/operations/matmul/device/kernels/compute/bmm_large_block_zm_fused_bias_activation.cpp'],['bmm_large_block_zm_fused_bias_activation/11192068228048673779/'],['ttnn/cpp/ttnn/operations/matmul/device/kernels/dataflow/reader_bmm_tile_layout_in0_receiver.cpp'; 'ttnn/cpp/ttnn/operations/matmul/device/kernels/dataflow/reader_bmm_tile_layout_in1_receiver_writer_padding.cpp'; 'ttnn/cpp/ttnn/operations/matmul/device/kernels/dataflow/reader_bmm_tile_layout_in1_sender_writer_padding.cpp'; 'ttnn/cpp/ttnn/operations/matmul/device/kernels/dataflow/reader_bmm_tile_layout_in0_sender_padding.cpp'],['reader_bmm_tile_layout_in0_receiver/17102645427523872040/'; 'reader_bmm_tile_layout_in1_receiver_writer_padding/6891074587381327447/'; 'reader_bmm_tile_layout_in1_sender_writer_padding/16442118699542722342/'; 'reader_bmm_tile_layout_in0_sender_padding/10830808842372326572/'],10238499019388009662,False,2300,1304,2092,2744,2888,0,0,0,0,112979,112979,15258,[74.249267578125; 74.249267578125],[74.249267578125],46.338,,,,,
MatmulDeviceOperation,tt_dnn_device,190464,0,,{'bcast_batch': 'true'; 'compute_kernel_config': 'ComputeKernelConfig(math_fidelity=HiFi4;math_approx_mode=1;fp32_dest_acc_en=0;packer_l1_acc=0;dst_full_sync_en=0;throttle_level=ThrottleLevel::NO_THROTTLE)'; 'global_cb': 'std::nullopt'; 'output_dtype': 'DataType::BFLOAT16'; 'output_mem_config': 'MemoryConfig(memory_layout=TensorMemoryLayout::INTERLEAVED;buffer_type=BufferType::DRAM;shard_spec=std::nullopt;nd_shard_spec=std::nullopt;created_with_nd_shard_spec=0)'; 'output_tile': 'Tile(tile_shape={32; 32};face_shape={16; 16};num_faces=4)'; 'program_config': 'MatmulMultiCoreReuseMultiCastProgramConfig(compute_with_storage_grid_size=(x=11;y=10);in0_block_w=1;out_subblock_h=7;out_subblock_w=1;out_block_h=7;out_block_w=6;per_core_M=7;per_core_N=6;transpose_mcast=0;fused_activation=std::nullopt;fuse_batch=0)'; 'sub_device_id': 'std::nullopt'; 'transpose_a': 'false'; 'transpose_b': 'false'; 'untilize_out': 'false'; 'user_core_coord': 'std::nullopt'; 'user_fused_activation': 'std::nullopt'; 'user_run_batched': 'false'},HiFi4,110,,,3741778664,3741779045,381,1626317928983,1626318304930,149,149,278479,244928,244928,209059,243628,223149,1627,244926,206469,210694,210638,211121,,1134316,1362183,9623508,10527850,247291,,340664,670698,550990,1322,11864946,10623448,,,1[1],1[1],2048[2048],2048[2048],TILE,BFLOAT16,DEV_1_DRAM_INTERLEAVED,1[1],1[1],2048[2048],2048[2048],TILE,BFLOAT16,DEV_1_DRAM_INTERLEAVED,1[1],1[1],2048[2048],2048[2048],TILE,BFLOAT16,DEV_1_DRAM_INTERLEAVED,,,['ttnn/cpp/ttnn/operations/matmul/device/kernels/compute/bmm_large_block_zm_fused_bias_activation.cpp'],['bmm_large_block_zm_fused_bias_activation/11192068228048673779/'],['ttnn/cpp/ttnn/operations/matmul/device/kernels/dataflow/reader_bmm_tile_layout_in0_receiver.cpp'; 'ttnn/cpp/ttnn/operations/matmul/device/kernels/dataflow/reader_bmm_tile_layout_in1_receiver_writer_padding.cpp'; 'ttnn/cpp/ttnn/operations/matmul/device/kernels/dataflow/reader_bmm_tile_layout_in1_sender_writer_padding.cpp'; 'ttnn/cpp/ttnn/operations/matmul/device/kernels/dataflow/reader_bmm_tile_layout_in0_sender_padding.cpp'],['reader_bmm_tile_layout_in0_receiver/17102645427523872040/'; 'reader_bmm_tile_layout_in1_receiver_writer_padding/6891074587381327447/'; 'reader_bmm_tile_layout_in1_sender_writer_padding/16442118699542722342/'; 'reader_bmm_tile_layout_in0_sender_padding/10830808842372326572/'],10238499019388009662,False,2300,1304,2092,2744,2888,0,0,0,0,112979,112979,15258,[74.249267578125; 74.249267578125],[74.249267578125],46.127,,,,,
MatmulDeviceOperation,tt_dnn_device,191488,0,,{'bcast_batch': 'true'; 'compute_kernel_config': 'ComputeKernelConfig(math_fidelity=HiFi4;math_approx_mode=1;fp32_dest_acc_en=0;packer_l1_acc=0;dst_full_sync_en=0;throttle_level=ThrottleLevel::NO_THROTTLE)'; 'global_cb': 'std::nullopt'; 'output_dtype': 'DataType::BFLOAT16'; 'output_mem_config': 'MemoryConfig(memory_layout=TensorMemoryLayout::INTERLEAVED;buffer_type=BufferType::DRAM;shard_spec=std::nullopt;nd_shard_spec=std::nullopt;created_with_nd_shard_spec=0)'; 'output_tile': 'Tile(tile_shape={32; 32};face_shape={16; 16};num_faces=4)'; 'program_config': 'MatmulMultiCoreReuseMultiCastProgramConfig(compute_with_storage_grid_size=(x=11;y=10);in0_block_w=1;out_subblock_h=7;out_subblock_w=1;out_block_h=7;out_block_w=6;per_core_M=7;per_core_N=6;transpose_mcast=0;fused_activation=std::nullopt;fuse_batch=0)'; 'sub_device_id': 'std::nullopt'; 'transpose_a': 'false'; 'transpose_b': 'false'; 'untilize_out': 'false'; 'user_core_coord': 'std::nullopt'; 'user_fused_activation': 'std::nullopt'; 'user_run_batched': 'false'},HiFi4,110,,,3741788092,3741788493,401,1626318258550,1626318634739,253,255,278659,244050,244048,209126,243005,223291,1525,244040,206499,210451,210390,210871,,1132381,1369462,10237551,10228852,258739,,354158,697130,558924,1331,11216603,10890349,,,1[1],1[1],2048[2048],2048[2048],TILE,BFLOAT16,DEV_1_DRAM_INTERLEAVED,1[1],1[1],2048[2048],2048[2048],TILE,BFLOAT16,DEV_1_DRAM_INTERLEAVED,1[1],1[1],2048[2048],2048[2048],TILE,BFLOAT16,DEV_1_DRAM_INTERLEAVED,,,['ttnn/cpp/ttnn/operations/matmul/device/kernels/compute/bmm_large_block_zm_fused_bias_activation.cpp'],['bmm_large_block_zm_fused_bias_activation/11192068228048673779/'],['ttnn/cpp/ttnn/operations/matmul/device/kernels/dataflow/reader_bmm_tile_layout_in0_receiver.cpp'; 'ttnn/cpp/ttnn/operations/matmul/device/kernels/dataflow/reader_bmm_tile_layout_in1_receiver_writer_padding.cpp'; 'ttnn/cpp/ttnn/operations/matmul/device/kernels/dataflow/reader_bmm_tile_layout_in1_sender_writer_padding.cpp'; 'ttnn/cpp/ttnn/operations/matmul/device/kernels/dataflow/reader_bmm_tile_layout_in0_sender_padding.cpp'],['reader_bmm_tile_layout_in0_receiver/17102645427523872040/'; 'reader_bmm_tile_layout_in1_receiver_writer_padding/6891074587381327447/'; 'reader_bmm_tile_layout_in1_sender_writer_padding/16442118699542722342/'; 'reader_bmm_tile_layout_in0_sender_padding/10830808842372326572/'],10238499019388009662,False,2300,1304,2092,2744,2888,0,0,0,0,112979,112979,15258,[74.249267578125; 74.249267578125],[74.249267578125],46.293,,,,,
MatmulDeviceOperation,tt_dnn_device,192512,0,,{'bcast_batch': 'true'; 'compute_kernel_config': 'ComputeKernelConfig(math_fidelity=HiFi4;math_approx_mode=1;fp32_dest_acc_en=0;packer_l1_acc=0;dst_full_sync_en=0;throttle_level=ThrottleLevel::NO_THROTTLE)'; 'global_cb': 'std::nullopt'; 'output_dtype': 'DataType::BFLOAT16'; 'output_mem_config': 'MemoryConfig(memory_layout=TensorMemoryLayout::INTERLEAVED;buffer_type=BufferType::DRAM;shard_spec=std::nullopt;nd_shard_spec=std::nullopt;created_with_nd_shard_spec=0)'; 'output_tile': 'Tile(tile_shape={32; 32};face_shape={16; 16};num_faces=4)'; 'program_config': 'MatmulMultiCoreReuseMultiCastProgramConfig(compute_with_storage_grid_size=(x=11;y=10);in0_block_w=1;out_subblock_h=7;out_subblock_w=1;out_block_h=7;out_block_w=6;per_core_M=7;per_core_N=6;transpose_mcast=0;fused_activation=std::nullopt;fuse_batch=0)'; 'sub_device_id': 'std::nullopt'; 'transpose_a': 'false'; 'transpose_b': 'false'; 'untilize_out': 'false'; 'user_core_coord': 'std::nullopt'; 'user_fused_activation': 'std::nullopt'; 'user_run_batched': 'false'},HiFi4,110,,,3741797400,3741797771,371,1626318589629,1626318963948,256,256,277273,243602,243602,208992,242331,223133,1514,243595,206559,210486,210428,210901,,1135472,1365168,10289485,10095152,264844,,361171,699321,552733,1318,11160444,11032810,,,1[1],1[1],2048[2048],2048[2048],TILE,BFLOAT16,DEV_1_DRAM_INTERLEAVED,1[1],1[1],2048[2048],2048[2048],TILE,BFLOAT16,DEV_1_DRAM_INTERLEAVED,1[1],1[1],2048[2048],2048[2048],TILE,BFLOAT16,DEV_1_DRAM_INTERLEAVED,,,['ttnn/cpp/ttnn/operations/matmul/device/kernels/compute/bmm_large_block_zm_fused_bias_activation.cpp'],['bmm_large_block_zm_fused_bias_activation/11192068228048673779/'],['ttnn/cpp/ttnn/operations/matmul/device/kernels/dataflow/reader_bmm_tile_layout_in0_receiver.cpp'; 'ttnn/cpp/ttnn/operations/matmul/device/kernels/dataflow/reader_bmm_tile_layout_in1_receiver_writer_padding.cpp'; 'ttnn/cpp/ttnn/operations/matmul/device/kernels/dataflow/reader_bmm_tile_layout_in1_sender_writer_padding.cpp'; 'ttnn/cpp/ttnn/operations/matmul/device/kernels/dataflow/reader_bmm_tile_layout_in0_sender_padding.cpp'],['reader_bmm_tile_layout_in0_receiver/17102645427523872040/'; 'reader_bmm_tile_layout_in1_receiver_writer_padding/6891074587381327447/'; 'reader_bmm_tile_layout_in1_sender_writer_padding/16442118699542722342/'; 'reader_bmm_tile_layout_in0_sender_padding/10830808842372326572/'],10238499019388009662,False,2300,1304,2092,2744,2888,0,0,0,0,112979,112979,15258,[74.249267578125; 74.249267578125],[74.249267578125],46.379,,,,,
MatmulDeviceOperation,tt_dnn_device,193536,0,,{'bcast_batch': 'true'; 'compute_kernel_config': 'ComputeKernelConfig(math_fidelity=HiFi4;math_approx_mode=1;fp32_dest_acc_en=0;packer_l1_acc=0;dst_full_sync_en=0;throttle_level=ThrottleLevel::NO_THROTTLE)'; 'global_cb': 'std::nullopt'; 'output_dtype': 'DataType::BFLOAT16'; 'output_mem_config': 'MemoryConfig(memory_layout=TensorMemoryLayout::INTERLEAVED;buffer_type=BufferType::DRAM;shard_spec=std::nullopt;nd_shard_spec=std::nullopt;created_with_nd_shard_spec=0)'; 'output_tile': 'Tile(tile_shape={32; 32};face_shape={16; 16};num_faces=4)'; 'program_config': 'MatmulMultiCoreReuseMultiCastProgramConfig(compute_with_storage_grid_size=(x=11;y=10);in0_block_w=1;out_subblock_h=7;out_subblock_w=1;out_block_h=7;out_block_w=6;per_core_M=7;per_core_N=6;transpose_mcast=0;fused_activation=std::nullopt;fuse_batch=0)'; 'sub_device_id': 'std::nullopt'; 'transpose_a': 'false'; 'transpose_b': 'false'; 'untilize_out': 'false'; 'user_core_coord': 'std::nullopt'; 'user_fused_activation': 'std::nullopt'; 'user_run_batched': 'false'},HiFi4,110,,,3741806137,3741806507,370,1626318919262,1626319293247,205,208,277026,243719,243716,209511,242396,224636,1587,243716,207320,212825,212766,213253,,1130000,1560465,13737004,14519254,323144,,338584,604733,543057,1287,7887630,6826893,,,1[1],1[1],2048[2048],2048[2048],TILE,BFLOAT16,DEV_1_DRAM_INTERLEAVED,1[1],1[1],2048[2048],2048[2048],TILE,BFLOAT16,DEV_1_DRAM_INTERLEAVED,1[1],1[1],2048[2048],2048[2048],TILE,BFLOAT16,DEV_1_DRAM_INTERLEAVED,,,['ttnn/cpp/ttnn/operations/matmul/device/kernels/compute/bmm_large_block_zm_fused_bias_activation.cpp'],['bmm_large_block_zm_fused_bias_activation/11192068228048673779/'],['ttnn/cpp/ttnn/operations/matmul/device/kernels/dataflow/reader_bmm_tile_layout_in0_receiver.cpp'; 'ttnn/cpp/ttnn/operations/matmul/device/kernels/dataflow/reader_bmm_tile_layout_in1_receiver_writer_padding.cpp'; 'ttnn/cpp/ttnn/operations/matmul/device/kernels/dataflow/reader_bmm_tile_layout_in1_sender_writer_padding.cpp'; 'ttnn/cpp/ttnn/operations/matmul/device/kernels/dataflow/reader_bmm_tile_layout_in0_sender_padding.cpp'],['reader_bmm_tile_layout_in0_receiver/17102645427523872040/'; 'reader_bmm_tile_layout_in1_receiver_writer_padding/6891074587381327447/'; 'reader_bmm_tile_layout_in1_sender_writer_padding/16442118699542722342/'; 'reader_bmm_tile_layout_in0_sender_padding/10830808842372326572/'],10238499019388009662,False,2300,1304,2092,2744,2888,0,0,0,0,112979,112979,15258,[74.249267578125; 74.249267578125],[74.249267578125],46.356,,,,,
MatmulDeviceOperation,tt_dnn_device,194560,0,,{'bcast_batch': 'true'; 'compute_kernel_config': 'ComputeKernelConfig(math_fidelity=HiFi4;math_approx_mode=1;fp32_dest_acc_en=0;packer_l1_acc=0;dst_full_sync_en=0;throttle_level=ThrottleLevel::NO_THROTTLE)'; 'global_cb': 'std::nullopt'; 'output_dtype': 'DataType::BFLOAT16'; 'output_mem_config': 'MemoryConfig(memory_layout=TensorMemoryLayout::INTERLEAVED;buffer_type=BufferType::DRAM;shard_spec=std::nullopt;nd_shard_spec=std::nullopt;created_with_nd_shard_spec=0)'; 'output_tile': 'Tile(tile_shape={32; 32};face_shape={16; 16};num_faces=4)'; 'program_config': 'MatmulMultiCoreReuseMultiCastProgramConfig(compute_with_storage_grid_size=(x=11;y=10);in0_block_w=1;out_subblock_h=7;out_subblock_w=1;out_block_h=7;out_block_w=6;per_core_M=7;per_core_N=6;transpose_mcast=0;fused_activation=std::nullopt;fuse_batch=0)'; 'sub_device_id': 'std::nullopt'; 'transpose_a': 'false'; 'transpose_b': 'false'; 'untilize_out': 'false'; 'user_core_coord': 'std::nullopt'; 'user_fused_activation': 'std::nullopt'; 'user_run_batched': 'false'},HiFi4,110,,,3741815304,3741815695,391,1626319249334,1626319622667,250,250,276543,243766,243766,209073,242461,223008,1546,243765,206382,210592,210538,211019,,1132603,1361980,10118714,10474480,251804,,343947,662793,569401,1319,11359330,10675982,,,1[1],1[1],2048[2048],2048[2048],TILE,BFLOAT16,DEV_1_DRAM_INTERLEAVED,1[1],1[1],2048[2048],2048[2048],TILE,BFLOAT16,DEV_1_DRAM_INTERLEAVED,1[1],1[1],2048[2048],2048[2048],TILE,BFLOAT16,DEV_1_DRAM_INTERLEAVED,,,['ttnn/cpp/ttnn/operations/matmul/device/kernels/compute/bmm_large_block_zm_fused_bias_activation.cpp'],['bmm_large_block_zm_fused_bias_activation/11192068228048673779/'],['ttnn/cpp/ttnn/operations/matmul/device/kernels/dataflow/reader_bmm_tile_layout_in0_receiver.cpp'; 'ttnn/cpp/ttnn/operations/matmul/device/kernels/dataflow/reader_bmm_tile_layout_in1_receiver_writer_padding.cpp'; 'ttnn/cpp/ttnn/operations/matmul/device/kernels/dataflow/reader_bmm_tile_layout_in1_sender_writer_padding.cpp'; 'ttnn/cpp/ttnn/operations/matmul/device/kernels/dataflow/reader_bmm_tile_layout_in0_sender_padding.cpp'],['reader_bmm_tile_layout_in0_receiver/17102645427523872040/'; 'reader_bmm_tile_layout_in1_receiver_writer_padding/6891074587381327447/'; 'reader_bmm_tile_layout_in1_sender_writer_padding/16442118699542722342/'; 'reader_bmm_tile_layout_in0_sender_padding/10830808842372326572/'],10238499019388009662,False,2300,1304,2092,2744,2888,0,0,0,0,112979,112979,15258,[74.249267578125; 74.249267578125],[74.249267578125],46.347,,,,,
MatmulDeviceOperation,tt_dnn_device,195584,0,,{'bcast_batch': 'true'; 'compute_kernel_config': 'ComputeKernelConfig(math_fidelity=HiFi4;math_approx_mode=1;fp32_dest_acc_en=0;packer_l1_acc=0;dst_full_sync_en=0;throttle_level=ThrottleLevel::NO_THROTTLE)'; 'global_cb': 'std::nullopt'; 'output_dtype': 'DataType::BFLOAT16'; 'output_mem_config': 'MemoryConfig(memory_layout=TensorMemoryLayout::INTERLEAVED;buffer_type=BufferType::DRAM;shard_spec=std::nullopt;nd_shard_spec=std::nullopt;created_with_nd_shard_spec=0)'; 'output_tile': 'Tile(tile_shape={32; 32};face_shape={16; 16};num_faces=4)'; 'program_config': 'MatmulMultiCoreReuseMultiCastProgramConfig(compute_with_storage_grid_size=(x=11;y=10);in0_block_w=1;out_subblock_h=7;out_subblock_w=1;out_block_h=7;out_block_w=6;per_core_M=7;per_core_N=6;transpose_mcast=0;fused_activation=std::nullopt;fuse_batch=0)'; 'sub_device_id': 'std::nullopt'; 'transpose_a': 'false'; 'transpose_b': 'false'; 'untilize_out': 'false'; 'user_core_coord': 'std::nullopt'; 'user_fused_activation': 'std::nullopt'; 'user_run_batched': 'false'},HiFi4,110,,,3741824582,3741825374,792,1626319577870,1626319952318,253,256,277369,243934,243931,209124,242941,223241,1550,243916,206507,210648,210588,211066,,1147523,1363236,10144964,10523404,255773,,347695,685340,547598,1313,11331007,10616870,,,1[1],1[1],2048[2048],2048[2048],TILE,BFLOAT16,DEV_1_DRAM_INTERLEAVED,1[1],1[1],2048[2048],2048[2048],TILE,BFLOAT16,DEV_1_DRAM_INTERLEAVED,1[1],1[1],2048[2048],2048[2048],TILE,BFLOAT16,DEV_1_DRAM_INTERLEAVED,,,['ttnn/cpp/ttnn/operations/matmul/device/kernels/compute/bmm_large_block_zm_fused_bias_activation.cpp'],['bmm_large_block_zm_fused_bias_activation/11192068228048673779/'],['ttnn/cpp/ttnn/operations/matmul/device/kernels/dataflow/reader_bmm_tile_layout_in0_receiver.cpp'; 'ttnn/cpp/ttnn/operations/matmul/device/kernels/dataflow/reader_bmm_tile_layout_in1_receiver_writer_padding.cpp'; 'ttnn/cpp/ttnn/operations/matmul/device/kernels/dataflow/reader_bmm_tile_layout_in1_sender_writer_padding.cpp'; 'ttnn/cpp/ttnn/operations/matmul/device/kernels/dataflow/reader_bmm_tile_layout_in0_sender_padding.cpp'],['reader_bmm_tile_layout_in0_receiver/17102645427523872040/'; 'reader_bmm_tile_layout_in1_receiver_writer_padding/6891074587381327447/'; 'reader_bmm_tile_layout_in1_sender_writer_padding/16442118699542722342/'; 'reader_bmm_tile_layout_in0_sender_padding/10830808842372326572/'],10238499019388009662,False,2300,1304,2092,2744,2888,0,0,0,0,112979,112979,15258,[74.249267578125; 74.249267578125],[74.249267578125],46.315,,,,,
MatmulDeviceOperation,tt_dnn_device,196608,0,,{'bcast_batch': 'true'; 'compute_kernel_config': 'ComputeKernelConfig(math_fidelity=HiFi4;math_approx_mode=1;fp32_dest_acc_en=0;packer_l1_acc=0;dst_full_sync_en=0;throttle_level=ThrottleLevel::NO_THROTTLE)'; 'global_cb': 'std::nullopt'; 'output_dtype': 'DataType::BFLOAT16'; 'output_mem_config': 'MemoryConfig(memory_layout=TensorMemoryLayout::INTERLEAVED;buffer_type=BufferType::DRAM;shard_spec=std::nullopt;nd_shard_spec=std::nullopt;created_with_nd_shard_spec=0)'; 'output_tile': 'Tile(tile_shape={32; 32};face_shape={16; 16};num_faces=4)'; 'program_config': 'MatmulMultiCoreReuseMultiCastProgramConfig(compute_with_storage_grid_size=(x=11;y=10);in0_block_w=1;out_subblock_h=7;out_subblock_w=1;out_block_h=7;out_block_w=6;per_core_M=7;per_core_N=6;transpose_mcast=0;fused_activation=std::nullopt;fuse_batch=0)'; 'sub_device_id': 'std::nullopt'; 'transpose_a': 'false'; 'transpose_b': 'false'; 'untilize_out': 'false'; 'user_core_coord': 'std::nullopt'; 'user_fused_activation': 'std::nullopt'; 'user_run_batched': 'false'},HiFi4,110,,,3741834922,3741835363,441,1626319907375,1626320281321,147,147,276997,243556,243556,208998,242246,223288,1640,243556,206401,210513,210455,210930,,1129743,1363801,10384198,10164159,258773,,347542,679387,587177,1305,11079981,10973466,,,1[1],1[1],2048[2048],2048[2048],TILE,BFLOAT16,DEV_1_DRAM_INTERLEAVED,1[1],1[1],2048[2048],2048[2048],TILE,BFLOAT16,DEV_1_DRAM_INTERLEAVED,1[1],1[1],2048[2048],2048[2048],TILE,BFLOAT16,DEV_1_DRAM_INTERLEAVED,,,['ttnn/cpp/ttnn/operations/matmul/device/kernels/compute/bmm_large_block_zm_fused_bias_activation.cpp'],['bmm_large_block_zm_fused_bias_activation/11192068228048673779/'],['ttnn/cpp/ttnn/operations/matmul/device/kernels/dataflow/reader_bmm_tile_layout_in0_receiver.cpp'; 'ttnn/cpp/ttnn/operations/matmul/device/kernels/dataflow/reader_bmm_tile_layout_in1_receiver_writer_padding.cpp'; 'ttnn/cpp/ttnn/operations/matmul/device/kernels/dataflow/reader_bmm_tile_layout_in1_sender_writer_padding.cpp'; 'ttnn/cpp/ttnn/operations/matmul/device/kernels/dataflow/reader_bmm_tile_layout_in0_sender_padding.cpp'],['reader_bmm_tile_layout_in0_receiver/17102645427523872040/'; 'reader_bmm_tile_layout_in1_receiver_writer_padding/6891074587381327447/'; 'reader_bmm_tile_layout_in1_sender_writer_padding/16442118699542722342/'; 'reader_bmm_tile_layout_in0_sender_padding/10830808842372326572/'],10238499019388009662,False,2300,1304,2092,2744,2888,0,0,0,0,112979,112979,15258,[74.249267578125; 74.249267578125],[74.249267578125],46.387,,,,,
MatmulDeviceOperation,tt_dnn_device,197632,0,,{'bcast_batch': 'true'; 'compute_kernel_config': 'ComputeKernelConfig(math_fidelity=HiFi4;math_approx_mode=1;fp32_dest_acc_en=0;packer_l1_acc=0;dst_full_sync_en=0;throttle_level=ThrottleLevel::NO_THROTTLE)'; 'global_cb': 'std::nullopt'; 'output_dtype': 'DataType::BFLOAT16'; 'output_mem_config': 'MemoryConfig(memory_layout=TensorMemoryLayout::INTERLEAVED;buffer_type=BufferType::DRAM;shard_spec=std::nullopt;nd_shard_spec=std::nullopt;created_with_nd_shard_spec=0)'; 'output_tile': 'Tile(tile_shape={32; 32};face_shape={16; 16};num_faces=4)'; 'program_config': 'MatmulMultiCoreReuseMultiCastProgramConfig(compute_with_storage_grid_size=(x=11;y=10);in0_block_w=1;out_subblock_h=7;out_subblock_w=1;out_block_h=7;out_block_w=6;per_core_M=7;per_core_N=6;transpose_mcast=0;fused_activation=std::nullopt;fuse_batch=0)'; 'sub_device_id': 'std::nullopt'; 'transpose_a': 'false'; 'transpose_b': 'false'; 'untilize_out': 'false'; 'user_core_coord': 'std::nullopt'; 'user_fused_activation': 'std::nullopt'; 'user_run_batched': 'false'},HiFi4,110,,,3741843789,3741844200,411,1626320236718,1626320610008,254,254,276511,243219,243219,209021,241884,223019,1519,243219,206450,210568,210506,210988,,1131801,1363233,9688337,9959048,245673,,345393,712615,559336,1306,11787794,11148733,,,1[1],1[1],2048[2048],2048[2048],TILE,BFLOAT16,DEV_1_DRAM_INTERLEAVED,1[1],1[1],2048[2048],2048[2048],TILE,BFLOAT16,DEV_1_DRAM_INTERLEAVED,1[1],1[1],2048[2048],2048[2048],TILE,BFLOAT16,DEV_1_DRAM_INTERLEAVED,,,['ttnn/cpp/ttnn/operations/matmul/device/kernels/compute/bmm_large_block_zm_fused_bias_activation.cpp'],['bmm_large_block_zm_fused_bias_activation/11192068228048673779/'],['ttnn/cpp/ttnn/operations/matmul/device/kernels/dataflow/reader_bmm_tile_layout_in0_receiver.cpp'; 'ttnn/cpp/ttnn/operations/matmul/device/kernels/dataflow/reader_bmm_tile_layout_in1_receiver_writer_padding.cpp'; 'ttnn/cpp/ttnn/operations/matmul/device/kernels/dataflow/reader_bmm_tile_layout_in1_sender_writer_padding.cpp'; 'ttnn/cpp/ttnn/operations/matmul/device/kernels/dataflow/reader_bmm_tile_layout_in0_sender_padding.cpp'],['reader_bmm_tile_layout_in0_receiver/17102645427523872040/'; 'reader_bmm_tile_layout_in1_receiver_writer_padding/6891074587381327447/'; 'reader_bmm_tile_layout_in1_sender_writer_padding/16442118699542722342/'; 'reader_bmm_tile_layout_in0_sender_padding/10830808842372326572/'],10238499019388009662,False,2300,1304,2092,2744,2888,0,0,0,0,112979,112979,15258,[74.249267578125; 74.249267578125],[74.249267578125],46.452,,,,,
MatmulDeviceOperation,tt_dnn_device,198656,0,,{'bcast_batch': 'true'; 'compute_kernel_config': 'ComputeKernelConfig(math_fidelity=HiFi4;math_approx_mode=1;fp32_dest_acc_en=0;packer_l1_acc=0;dst_full_sync_en=0;throttle_level=ThrottleLevel::NO_THROTTLE)'; 'global_cb': 'std::nullopt'; 'output_dtype': 'DataType::BFLOAT16'; 'output_mem_config': 'MemoryConfig(memory_layout=TensorMemoryLayout::INTERLEAVED;buffer_type=BufferType::DRAM;shard_spec=std::nullopt;nd_shard_spec=std::nullopt;created_with_nd_shard_spec=0)'; 'output_tile': 'Tile(tile_shape={32; 32};face_shape={16; 16};num_faces=4)'; 'program_config': 'MatmulMultiCoreReuseMultiCastProgramConfig(compute_with_storage_grid_size=(x=11;y=10);in0_block_w=1;out_subblock_h=7;out_subblock_w=1;out_block_h=7;out_block_w=6;per_core_M=7;per_core_N=6;transpose_mcast=0;fused_activation=std::nullopt;fuse_batch=0)'; 'sub_device_id': 'std::nullopt'; 'transpose_a': 'false'; 'transpose_b': 'false'; 'untilize_out': 'false'; 'user_core_coord': 'std::nullopt'; 'user_fused_activation': 'std::nullopt'; 'user_run_batched': 'false'},HiFi4,110,,,3741852897,3741853297,400,1626320565852,1626320939935,253,253,277099,244138,244138,209104,243010,223425,1519,244138,206430,210550,210488,210970,,1132140,1366649,10519916,10541742,264588,,341566,665907,587350,1304,10956178,10616062,,,1[1],1[1],2048[2048],2048[2048],TILE,BFLOAT16,DEV_1_DRAM_INTERLEAVED,1[1],1[1],2048[2048],2048[2048],TILE,BFLOAT16,DEV_1_DRAM_INTERLEAVED,1[1],1[1],2048[2048],2048[2048],TILE,BFLOAT16,DEV_1_DRAM_INTERLEAVED,,,['ttnn/cpp/ttnn/operations/matmul/device/kernels/compute/bmm_large_block_zm_fused_bias_activation.cpp'],['bmm_large_block_zm_fused_bias_activation/11192068228048673779/'],['ttnn/cpp/ttnn/operations/matmul/device/kernels/dataflow/reader_bmm_tile_layout_in0_receiver.cpp'; 'ttnn/cpp/ttnn/operations/matmul/device/kernels/dataflow/reader_bmm_tile_layout_in1_receiver_writer_padding.cpp'; 'ttnn/cpp/ttnn/operations/matmul/device/kernels/dataflow/reader_bmm_tile_layout_in1_sender_writer_padding.cpp'; 'ttnn/cpp/ttnn/operations/matmul/device/kernels/dataflow/reader_bmm_tile_layout_in0_sender_padding.cpp'],['reader_bmm_tile_layout_in0_receiver/17102645427523872040/'; 'reader_bmm_tile_layout_in1_receiver_writer_padding/6891074587381327447/'; 'reader_bmm_tile_layout_in1_sender_writer_padding/16442118699542722342/'; 'reader_bmm_tile_layout_in0_sender_padding/10830808842372326572/'],10238499019388009662,False,2300,1304,2092,2744,2888,0,0,0,0,112979,112979,15258,[74.249267578125; 74.249267578125],[74.249267578125],46.277,,,,,
MatmulDeviceOperation,tt_dnn_device,199680,0,,{'bcast_batch': 'true'; 'compute_kernel_config': 'ComputeKernelConfig(math_fidelity=HiFi4;math_approx_mode=1;fp32_dest_acc_en=0;packer_l1_acc=0;dst_full_sync_en=0;throttle_level=ThrottleLevel::NO_THROTTLE)'; 'global_cb': 'std::nullopt'; 'output_dtype': 'DataType::BFLOAT16'; 'output_mem_config': 'MemoryConfig(memory_layout=TensorMemoryLayout::INTERLEAVED;buffer_type=BufferType::DRAM;shard_spec=std::nullopt;nd_shard_spec=std::nullopt;created_with_nd_shard_spec=0)'; 'output_tile': 'Tile(tile_shape={32; 32};face_shape={16; 16};num_faces=4)'; 'program_config': 'MatmulMultiCoreReuseMultiCastProgramConfig(compute_with_storage_grid_size=(x=11;y=10);in0_block_w=1;out_subblock_h=7;out_subblock_w=1;out_block_h=7;out_block_w=6;per_core_M=7;per_core_N=6;transpose_mcast=0;fused_activation=std::nullopt;fuse_batch=0)'; 'sub_device_id': 'std::nullopt'; 'transpose_a': 'false'; 'transpose_b': 'false'; 'untilize_out': 'false'; 'user_core_coord': 'std::nullopt'; 'user_fused_activation': 'std::nullopt'; 'user_run_batched': 'false'},HiFi4,110,,,3741861683,3741862054,371,1626320894686,1626321269465,149,150,277614,243949,243947,209482,242645,224733,1641,243943,207142,212667,212606,213088,,1099641,1551879,13963908,14526516,331291,,332839,616407,545804,1289,7647424,6796239,,,1[1],1[1],2048[2048],2048[2048],TILE,BFLOAT16,DEV_1_DRAM_INTERLEAVED,1[1],1[1],2048[2048],2048[2048],TILE,BFLOAT16,DEV_1_DRAM_INTERLEAVED,1[1],1[1],2048[2048],2048[2048],TILE,BFLOAT16,DEV_1_DRAM_INTERLEAVED,,,['ttnn/cpp/ttnn/operations/matmul/device/kernels/compute/bmm_large_block_zm_fused_bias_activation.cpp'],['bmm_large_block_zm_fused_bias_activation/11192068228048673779/'],['ttnn/cpp/ttnn/operations/matmul/device/kernels/dataflow/reader_bmm_tile_layout_in0_receiver.cpp'; 'ttnn/cpp/ttnn/operations/matmul/device/kernels/dataflow/reader_bmm_tile_layout_in1_receiver_writer_padding.cpp'; 'ttnn/cpp/ttnn/operations/matmul/device/kernels/dataflow/reader_bmm_tile_layout_in1_sender_writer_padding.cpp'; 'ttnn/cpp/ttnn/operations/matmul/device/kernels/dataflow/reader_bmm_tile_layout_in0_sender_padding.cpp'],['reader_bmm_tile_layout_in0_receiver/17102645427523872040/'; 'reader_bmm_tile_layout_in1_receiver_writer_padding/6891074587381327447/'; 'reader_bmm_tile_layout_in1_sender_writer_padding/16442118699542722342/'; 'reader_bmm_tile_layout_in0_sender_padding/10830808842372326572/'],10238499019388009662,False,2300,1304,2092,2744,2888,0,0,0,0,112979,112979,15258,[74.249267578125; 74.249267578125],[74.249267578125],46.313,,,,,
MatmulDeviceOperation,tt_dnn_device,200704,0,,{'bcast_batch': 'true'; 'compute_kernel_config': 'ComputeKernelConfig(math_fidelity=HiFi4;math_approx_mode=1;fp32_dest_acc_en=0;packer_l1_acc=0;dst_full_sync_en=0;throttle_level=ThrottleLevel::NO_THROTTLE)'; 'global_cb': 'std::nullopt'; 'output_dtype': 'DataType::BFLOAT16'; 'output_mem_config': 'MemoryConfig(memory_layout=TensorMemoryLayout::INTERLEAVED;buffer_type=BufferType::DRAM;shard_spec=std::nullopt;nd_shard_spec=std::nullopt;created_with_nd_shard_spec=0)'; 'output_tile': 'Tile(tile_shape={32; 32};face_shape={16; 16};num_faces=4)'; 'program_config': 'MatmulMultiCoreReuseMultiCastProgramConfig(compute_with_storage_grid_size=(x=11;y=10);in0_block_w=1;out_subblock_h=7;out_subblock_w=1;out_block_h=7;out_block_w=6;per_core_M=7;per_core_N=6;transpose_mcast=0;fused_activation=std::nullopt;fuse_batch=0)'; 'sub_device_id': 'std::nullopt'; 'transpose_a': 'false'; 'transpose_b': 'false'; 'untilize_out': 'false'; 'user_core_coord': 'std::nullopt'; 'user_fused_activation': 'std::nullopt'; 'user_run_batched': 'false'},HiFi4,110,,,3741870280,3741870671,391,1626321225199,1626321598593,255,256,276588,243543,243541,209067,242365,222808,1528,243541,206508,210592,210534,211003,,1128127,1364419,10196010,10665037,253164,,345203,665228,571831,1311,11281130,10486556,,,1[1],1[1],2048[2048],2048[2048],TILE,BFLOAT16,DEV_1_DRAM_INTERLEAVED,1[1],1[1],2048[2048],2048[2048],TILE,BFLOAT16,DEV_1_DRAM_INTERLEAVED,1[1],1[1],2048[2048],2048[2048],TILE,BFLOAT16,DEV_1_DRAM_INTERLEAVED,,,['ttnn/cpp/ttnn/operations/matmul/device/kernels/compute/bmm_large_block_zm_fused_bias_activation.cpp'],['bmm_large_block_zm_fused_bias_activation/11192068228048673779/'],['ttnn/cpp/ttnn/operations/matmul/device/kernels/dataflow/reader_bmm_tile_layout_in0_receiver.cpp'; 'ttnn/cpp/ttnn/operations/matmul/device/kernels/dataflow/reader_bmm_tile_layout_in1_receiver_writer_padding.cpp'; 'ttnn/cpp/ttnn/operations/matmul/device/kernels/dataflow/reader_bmm_tile_layout_in1_sender_writer_padding.cpp'; 'ttnn/cpp/ttnn/operations/matmul/device/kernels/dataflow/reader_bmm_tile_layout_in0_sender_padding.cpp'],['reader_bmm_tile_layout_in0_receiver/17102645427523872040/'; 'reader_bmm_tile_layout_in1_receiver_writer_padding/6891074587381327447/'; 'reader_bmm_tile_layout_in1_sender_writer_padding/16442118699542722342/'; 'reader_bmm_tile_layout_in0_sender_padding/10830808842372326572/'],10238499019388009662,False,2300,1304,2092,2744,2888,0,0,0,0,112979,112979,15258,[74.249267578125; 74.249267578125],[74.249267578125],46.39,,,,,
MatmulDeviceOperation,tt_dnn_device,201728,0,,{'bcast_batch': 'true'; 'compute_kernel_config': 'ComputeKernelConfig(math_fidelity=HiFi4;math_approx_mode=1;fp32_dest_acc_en=0;packer_l1_acc=0;dst_full_sync_en=0;throttle_level=ThrottleLevel::NO_THROTTLE)'; 'global_cb': 'std::nullopt'; 'output_dtype': 'DataType::BFLOAT16'; 'output_mem_config': 'MemoryConfig(memory_layout=TensorMemoryLayout::INTERLEAVED;buffer_type=BufferType::DRAM;shard_spec=std::nullopt;nd_shard_spec=std::nullopt;created_with_nd_shard_spec=0)'; 'output_tile': 'Tile(tile_shape={32; 32};face_shape={16; 16};num_faces=4)'; 'program_config': 'MatmulMultiCoreReuseMultiCastProgramConfig(compute_with_storage_grid_size=(x=11;y=10);in0_block_w=1;out_subblock_h=7;out_subblock_w=1;out_block_h=7;out_block_w=6;per_core_M=7;per_core_N=6;transpose_mcast=0;fused_activation=std::nullopt;fuse_batch=0)'; 'sub_device_id': 'std::nullopt'; 'transpose_a': 'false'; 'transpose_b': 'false'; 'untilize_out': 'false'; 'user_core_coord': 'std::nullopt'; 'user_fused_activation': 'std::nullopt'; 'user_run_batched': 'false'},HiFi4,110,,,3741879428,3741880049,621,1626321554084,1626321928473,253,254,277325,244104,244102,209001,243096,223272,1519,244084,206440,210536,210475,210954,,1134571,1364394,10307628,10490919,259444,,352274,668141,576057,1315,11153743,10656517,,,1[1],1[1],2048[2048],2048[2048],TILE,BFLOAT16,DEV_1_DRAM_INTERLEAVED,1[1],1[1],2048[2048],2048[2048],TILE,BFLOAT16,DEV_1_DRAM_INTERLEAVED,1[1],1[1],2048[2048],2048[2048],TILE,BFLOAT16,DEV_1_DRAM_INTERLEAVED,,,['ttnn/cpp/ttnn/operations/matmul/device/kernels/compute/bmm_large_block_zm_fused_bias_activation.cpp'],['bmm_large_block_zm_fused_bias_activation/11192068228048673779/'],['ttnn/cpp/ttnn/operations/matmul/device/kernels/dataflow/reader_bmm_tile_layout_in0_receiver.cpp'; 'ttnn/cpp/ttnn/operations/matmul/device/kernels/dataflow/reader_bmm_tile_layout_in1_receiver_writer_padding.cpp'; 'ttnn/cpp/ttnn/operations/matmul/device/kernels/dataflow/reader_bmm_tile_layout_in1_sender_writer_padding.cpp'; 'ttnn/cpp/ttnn/operations/matmul/device/kernels/dataflow/reader_bmm_tile_layout_in0_sender_padding.cpp'],['reader_bmm_tile_layout_in0_receiver/17102645427523872040/'; 'reader_bmm_tile_layout_in1_receiver_writer_padding/6891074587381327447/'; 'reader_bmm_tile_layout_in1_sender_writer_padding/16442118699542722342/'; 'reader_bmm_tile_layout_in0_sender_padding/10830808842372326572/'],10238499019388009662,False,2300,1304,2092,2744,2888,0,0,0,0,112979,112979,15258,[74.249267578125; 74.249267578125],[74.249267578125],46.283,,,,,
MatmulDeviceOperation,tt_dnn_device,202752,0,,{'bcast_batch': 'true'; 'compute_kernel_config': 'ComputeKernelConfig(math_fidelity=HiFi4;math_approx_mode=1;fp32_dest_acc_en=0;packer_l1_acc=0;dst_full_sync_en=0;throttle_level=ThrottleLevel::NO_THROTTLE)'; 'global_cb': 'std::nullopt'; 'output_dtype': 'DataType::BFLOAT16'; 'output_mem_config': 'MemoryConfig(memory_layout=TensorMemoryLayout::INTERLEAVED;buffer_type=BufferType::DRAM;shard_spec=std::nullopt;nd_shard_spec=std::nullopt;created_with_nd_shard_spec=0)'; 'output_tile': 'Tile(tile_shape={32; 32};face_shape={16; 16};num_faces=4)'; 'program_config': 'MatmulMultiCoreReuseMultiCastProgramConfig(compute_with_storage_grid_size=(x=11;y=10);in0_block_w=1;out_subblock_h=7;out_subblock_w=1;out_block_h=7;out_block_w=6;per_core_M=7;per_core_N=6;transpose_mcast=0;fused_activation=std::nullopt;fuse_batch=0)'; 'sub_device_id': 'std::nullopt'; 'transpose_a': 'false'; 'transpose_b': 'false'; 'untilize_out': 'false'; 'user_core_coord': 'std::nullopt'; 'user_fused_activation': 'std::nullopt'; 'user_run_batched': 'false'},HiFi4,110,,,3741888826,3741889226,400,1626321883135,1626322258797,232,232,278268,244451,244451,209139,243124,223485,1547,244449,206433,210614,210575,211044,,1141616,1371383,10226352,10386547,257976,,343459,663637,587837,1311,11251372,10768920,,,1[1],1[1],2048[2048],2048[2048],TILE,BFLOAT16,DEV_1_DRAM_INTERLEAVED,1[1],1[1],2048[2048],2048[2048],TILE,BFLOAT16,DEV_1_DRAM_INTERLEAVED,1[1],1[1],2048[2048],2048[2048],TILE,BFLOAT16,DEV_1_DRAM_INTERLEAVED,,,['ttnn/cpp/ttnn/operations/matmul/device/kernels/compute/bmm_large_block_zm_fused_bias_activation.cpp'],['bmm_large_block_zm_fused_bias_activation/11192068228048673779/'],['ttnn/cpp/ttnn/operations/matmul/device/kernels/dataflow/reader_bmm_tile_layout_in0_receiver.cpp'; 'ttnn/cpp/ttnn/operations/matmul/device/kernels/dataflow/reader_bmm_tile_layout_in1_receiver_writer_padding.cpp'; 'ttnn/cpp/ttnn/operations/matmul/device/kernels/dataflow/reader_bmm_tile_layout_in1_sender_writer_padding.cpp'; 'ttnn/cpp/ttnn/operations/matmul/device/kernels/dataflow/reader_bmm_tile_layout_in0_sender_padding.cpp'],['reader_bmm_tile_layout_in0_receiver/17102645427523872040/'; 'reader_bmm_tile_layout_in1_receiver_writer_padding/6891074587381327447/'; 'reader_bmm_tile_layout_in1_sender_writer_padding/16442118699542722342/'; 'reader_bmm_tile_layout_in0_sender_padding/10830808842372326572/'],10238499019388009662,False,2300,1304,2092,2744,2888,0,0,0,0,112979,112979,15258,[74.249267578125; 74.249267578125],[74.249267578125],46.217,,,,,
UnaryDeviceOperation,tt_dnn_device,203776,0,,{'bfp8_pack_precise': 'false'; 'fp32_dest_acc_en': 'false'; 'op_chain': '{BasicUnaryWithParam<float; int; unsigned int>(base=BasicUnaryWithParam<float>(op_type=UnaryOpType::EXP;param={0}))}'; 'output_dtype': 'DataType::BFLOAT16'; 'output_memory_config': 'MemoryConfig(memory_layout=TensorMemoryLayout::INTERLEAVED;buffer_type=BufferType::DRAM;shard_spec=std::nullopt;nd_shard_spec=std::nullopt;created_with_nd_shard_spec=0)'; 'preserve_fp32_precision': 'false'; 'sub_core_grids': 'std::nullopt'},HiFi4,1,,,3751323401,3751324613,1212,1626322296635,1626322299828,28520,28547,2365,1876,1849,1876,1876,1876,53,1824,556,649,1494,221,,416,16,,21,1412,,,365,204,,,,,,1[1],1[1],32[32],32[32],TILE,BFLOAT16,DEV_1_DRAM_INTERLEAVED,,,,,,,,1[1],1[1],32[32],32[32],TILE,BFLOAT16,DEV_1_DRAM_INTERLEAVED,,,['ttnn/cpp/ttnn/operations/eltwise/unary/device/kernels/compute//eltwise_sfpu.cpp'],['eltwise_sfpu/10029552010278408165/'],['ttnn/cpp/ttnn/operations/eltwise/unary/device/kernels/dataflow/writer_unary_interleaved_start_id.cpp'; 'ttnn/cpp/ttnn/operations/eltwise/unary/device/kernels/dataflow/reader_unary_interleaved_start_id.cpp'],['writer_unary_interleaved_start_id/4894176828902453217/'; 'reader_unary_interleaved_start_id/1030765248970988015/'],6951186318373350250,False,1160,1076,1128,828,1180,0,0,0,0,1,1,1,[],[],0.053,,,,,
UnaryDeviceOperation,tt_dnn_device,204800,0,,{'bfp8_pack_precise': 'false'; 'fp32_dest_acc_en': 'false'; 'op_chain': '{BasicUnaryWithParam<float; int; unsigned int>(base=BasicUnaryWithParam<float>(op_type=UnaryOpType::EXP;param={0}))}'; 'output_dtype': 'DataType::BFLOAT16'; 'output_memory_config': 'MemoryConfig(memory_layout=TensorMemoryLayout::INTERLEAVED;buffer_type=BufferType::DRAM;shard_spec=std::nullopt;nd_shard_spec=std::nullopt;created_with_nd_shard_spec=0)'; 'preserve_fp32_precision': 'false'; 'sub_core_grids': 'std::nullopt'},HiFi4,1,,,3751331947,3751332378,431,1626322310164,1626322313469,8121,8167,2448,1979,1933,1979,1979,1979,77,1901,658,748,1596,242,,528,26,,21,1513,,,466,198,,,,,,1[1],1[1],32[32],32[32],TILE,BFLOAT16,DEV_1_DRAM_INTERLEAVED,,,,,,,,1[1],1[1],32[32],32[32],TILE,BFLOAT16,DEV_1_DRAM_INTERLEAVED,,,['ttnn/cpp/ttnn/operations/eltwise/unary/device/kernels/compute//eltwise_sfpu.cpp'],['eltwise_sfpu/10029552010278408165/'],['ttnn/cpp/ttnn/operations/eltwise/unary/device/kernels/dataflow/writer_unary_interleaved_start_id.cpp'; 'ttnn/cpp/ttnn/operations/eltwise/unary/device/kernels/dataflow/reader_unary_interleaved_start_id.cpp'],['writer_unary_interleaved_start_id/4894176828902453217/'; 'reader_unary_interleaved_start_id/1030765248970988015/'],6951186318373350250,False,1160,1076,1128,828,1180,0,0,0,0,1,1,1,[],[],0.051,,,,,
UnaryDeviceOperation,tt_dnn_device,205824,0,,{'bfp8_pack_precise': 'false'; 'fp32_dest_acc_en': 'false'; 'op_chain': '{BasicUnaryWithParam<float; int; unsigned int>(base=BasicUnaryWithParam<float>(op_type=UnaryOpType::EXP;param={0}))}'; 'output_dtype': 'DataType::BFLOAT16'; 'output_memory_config': 'MemoryConfig(memory_layout=TensorMemoryLayout::INTERLEAVED;buffer_type=BufferType::DRAM;shard_spec=std::nullopt;nd_shard_spec=std::nullopt;created_with_nd_shard_spec=0)'; 'preserve_fp32_precision': 'false'; 'sub_core_grids': 'std::nullopt'},HiFi4,1,,,3751338460,3751338860,400,1626322319128,1626322322296,4668,4695,2347,1868,1841,1868,1868,1868,80,1788,547,627,1471,229,,405,22,,21,1380,,,365,213,,,,,,1[1],1[1],32[32],32[32],TILE,BFLOAT16,DEV_1_DRAM_INTERLEAVED,,,,,,,,1[1],1[1],32[32],32[32],TILE,BFLOAT16,DEV_1_DRAM_INTERLEAVED,,,['ttnn/cpp/ttnn/operations/eltwise/unary/device/kernels/compute//eltwise_sfpu.cpp'],['eltwise_sfpu/10029552010278408165/'],['ttnn/cpp/ttnn/operations/eltwise/unary/device/kernels/dataflow/writer_unary_interleaved_start_id.cpp'; 'ttnn/cpp/ttnn/operations/eltwise/unary/device/kernels/dataflow/reader_unary_interleaved_start_id.cpp'],['writer_unary_interleaved_start_id/4894176828902453217/'; 'reader_unary_interleaved_start_id/1030765248970988015/'],6951186318373350250,False,1160,1076,1128,828,1180,0,0,0,0,1,1,1,[],[],0.054,,,,,
UnaryDeviceOperation,tt_dnn_device,206848,0,,{'bfp8_pack_precise': 'false'; 'fp32_dest_acc_en': 'false'; 'op_chain': '{BasicUnaryWithParam<float; int; unsigned int>(base=BasicUnaryWithParam<float>(op_type=UnaryOpType::EXP;param={0}))}'; 'output_dtype': 'DataType::BFLOAT16'; 'output_memory_config': 'MemoryConfig(memory_layout=TensorMemoryLayout::INTERLEAVED;buffer_type=BufferType::DRAM;shard_spec=std::nullopt;nd_shard_spec=std::nullopt;created_with_nd_shard_spec=0)'; 'preserve_fp32_precision': 'false'; 'sub_core_grids': 'std::nullopt'},HiFi4,1,,,3806068844,3806078072,9228,1626396185275,1626396188453,54713798,54713836,2354,1879,1840,1879,1879,1879,79,1799,545,626,1482,220,,415,19,,21,1392,,,365,204,,,,,,1[1],1[1],32[32],32[32],TILE,BFLOAT16,DEV_1_DRAM_INTERLEAVED,,,,,,,,1[1],1[1],32[32],32[32],TILE,BFLOAT16,DEV_1_DRAM_INTERLEAVED,,,['ttnn/cpp/ttnn/operations/eltwise/unary/device/kernels/compute//eltwise_sfpu.cpp'],['eltwise_sfpu/10029552010278408165/'],['ttnn/cpp/ttnn/operations/eltwise/unary/device/kernels/dataflow/writer_unary_interleaved_start_id.cpp'; 'ttnn/cpp/ttnn/operations/eltwise/unary/device/kernels/dataflow/reader_unary_interleaved_start_id.cpp'],['writer_unary_interleaved_start_id/4894176828902453217/'; 'reader_unary_interleaved_start_id/1030765248970988015/'],6951186318373350250,False,1160,1076,1128,828,1180,0,0,0,0,1,1,1,[],[],0.053,,,,,
UnaryDeviceOperation,tt_dnn_device,207872,0,,{'bfp8_pack_precise': 'false'; 'fp32_dest_acc_en': 'false'; 'op_chain': '{BasicUnaryWithParam<float; int; unsigned int>(base=BasicUnaryWithParam<float>(op_type=UnaryOpType::EXP;param={0}))}'; 'output_dtype': 'DataType::BFLOAT16'; 'output_memory_config': 'MemoryConfig(memory_layout=TensorMemoryLayout::INTERLEAVED;buffer_type=BufferType::DRAM;shard_spec=std::nullopt;nd_shard_spec=std::nullopt;created_with_nd_shard_spec=0)'; 'preserve_fp32_precision': 'false'; 'sub_core_grids': 'std::nullopt'},HiFi4,1,,,3806095646,3806096617,971,1626396239898,1626396243043,38599,38616,2330,1843,1826,1843,1843,1843,81,1761,547,634,1461,221,,419,19,,21,1375,,,367,198,,,,,,1[1],1[1],32[32],32[32],TILE,BFLOAT16,DEV_1_DRAM_INTERLEAVED,,,,,,,,1[1],1[1],32[32],32[32],TILE,BFLOAT16,DEV_1_DRAM_INTERLEAVED,,,['ttnn/cpp/ttnn/operations/eltwise/unary/device/kernels/compute//eltwise_sfpu.cpp'],['eltwise_sfpu/10029552010278408165/'],['ttnn/cpp/ttnn/operations/eltwise/unary/device/kernels/dataflow/writer_unary_interleaved_start_id.cpp'; 'ttnn/cpp/ttnn/operations/eltwise/unary/device/kernels/dataflow/reader_unary_interleaved_start_id.cpp'],['writer_unary_interleaved_start_id/4894176828902453217/'; 'reader_unary_interleaved_start_id/1030765248970988015/'],6951186318373350250,False,1160,1076,1128,828,1180,0,0,0,0,1,1,1,[],[],0.054,,,,,
UnaryDeviceOperation,tt_dnn_device,208896,0,,{'bfp8_pack_precise': 'false'; 'fp32_dest_acc_en': 'false'; 'op_chain': '{BasicUnaryWithParam<float; int; unsigned int>(base=BasicUnaryWithParam<float>(op_type=UnaryOpType::EXP;param={0}))}'; 'output_dtype': 'DataType::BFLOAT16'; 'output_memory_config': 'MemoryConfig(memory_layout=TensorMemoryLayout::INTERLEAVED;buffer_type=BufferType::DRAM;shard_spec=std::nullopt;nd_shard_spec=std::nullopt;created_with_nd_shard_spec=0)'; 'preserve_fp32_precision': 'false'; 'sub_core_grids': 'std::nullopt'},HiFi4,1,,,3806104252,3806104683,431,1626396251944,1626396255085,7079,7093,2327,1835,1821,1835,1835,1835,63,1772,536,602,1453,261,,361,24,,21,1386,,,358,204,,,,,,1[1],1[1],32[32],32[32],TILE,BFLOAT16,DEV_1_DRAM_INTERLEAVED,,,,,,,,1[1],1[1],32[32],32[32],TILE,BFLOAT16,DEV_1_DRAM_INTERLEAVED,,,['ttnn/cpp/ttnn/operations/eltwise/unary/device/kernels/compute//eltwise_sfpu.cpp'],['eltwise_sfpu/10029552010278408165/'],['ttnn/cpp/ttnn/operations/eltwise/unary/device/kernels/dataflow/writer_unary_interleaved_start_id.cpp'; 'ttnn/cpp/ttnn/operations/eltwise/unary/device/kernels/dataflow/reader_unary_interleaved_start_id.cpp'],['writer_unary_interleaved_start_id/4894176828902453217/'; 'reader_unary_interleaved_start_id/1030765248970988015/'],6951186318373350250,False,1160,1076,1128,828,1180,0,0,0,0,1,1,1,[],[],0.054,,,,,
BinaryNgDeviceOperation,tt_dnn_device,209920,0,,{'binary_op_type': 'BinaryOpType::ADD'; 'compute_kernel_config': 'std::nullopt'; 'dtype': 'DataType::BFLOAT16'; 'input_dtype': 'DataType::BFLOAT16'; 'is_quant_op': 'false'; 'is_sfpu': 'false'; 'is_where_op': 'false'; 'lhs_activations': '{}'; 'memory_config': 'MemoryConfig(memory_layout=TensorMemoryLayout::INTERLEAVED;buffer_type=BufferType::DRAM;shard_spec=std::nullopt;nd_shard_spec=std::nullopt;created_with_nd_shard_spec=0)'; 'post_activations': '{}'; 'rhs_activations': '{}'; 'scalar': 'std::nullopt'; 'sub_core_grids': 'std::nullopt'; 'subtile_broadcast_type': 'SubtileBroadcastType::NONE'; 'worker_grid': '{[(x=0;y=0) - (x=10;y=9)]}'},HiFi4,110,,,3806196640,3806199455,2815,1626396387269,1626397605440,98444,98495,902349,901821,901770,747225,901767,847020,550,901753,901399,901435,899802,900910,,88747085,28392346,,3737839,68310497,,,80155133,20337676,,,,,,1[1],1[1],32[32],32[32],TILE,BFLOAT16,DEV_1_DRAM_INTERLEAVED,1[1],1[1],32[32],32[32],TILE,BFLOAT16,DEV_1_DRAM_INTERLEAVED,1[1],1[1],32[32],32[32],TILE,BFLOAT16,DEV_1_DRAM_INTERLEAVED,,,['ttnn/cpp/ttnn/operations/eltwise/binary_ng/device/kernels/compute/eltwise_binary_no_bcast.cpp'],['eltwise_binary_no_bcast/14288279633599727612/'],['ttnn/cpp/ttnn/operations/eltwise/binary_ng/device/kernels_ng/dataflow/reader_interleaved_no_bcast.cpp'; 'ttnn/cpp/ttnn/operations/eltwise/binary_ng/device/kernels_ng/dataflow/writer_interleaved_no_bcast.cpp'],['reader_interleaved_no_bcast/17691247497470902086/'; 'writer_interleaved_no_bcast/10311599973615775795/'],18417575360683381351,False,1300,1908,1460,672,1372,0,0,0,0,1,1,1,[],[],0.0,,,,,
BinaryNgDeviceOperation,tt_dnn_device,210944,0,,{'binary_op_type': 'BinaryOpType::ADD'; 'compute_kernel_config': 'std::nullopt'; 'dtype': 'DataType::BFLOAT16'; 'input_dtype': 'DataType::BFLOAT16'; 'is_quant_op': 'false'; 'is_sfpu': 'false'; 'is_where_op': 'false'; 'lhs_activations': '{}'; 'memory_config': 'MemoryConfig(memory_layout=TensorMemoryLayout::INTERLEAVED;buffer_type=BufferType::DRAM;shard_spec=std::nullopt;nd_shard_spec=std::nullopt;created_with_nd_shard_spec=0)'; 'post_activations': '{}'; 'rhs_activations': '{}'; 'scalar': 'std::nullopt'; 'sub_core_grids': 'std::nullopt'; 'subtile_broadcast_type': 'SubtileBroadcastType::NONE'; 'worker_grid': '{[(x=0;y=0) - (x=10;y=9)]}'},HiFi4,110,,,3806215686,3806216438,752,1626397398525,1626398819102,560,560,1052279,898450,898450,720184,897631,844748,1185,898450,898053,898066,896384,897543,,88496047,28274069,,3737834,68182181,,,79905271,20219833,,,,,,1[1],1[1],32[32],32[32],TILE,BFLOAT16,DEV_1_DRAM_INTERLEAVED,1[1],1[1],32[32],32[32],TILE,BFLOAT16,DEV_1_DRAM_INTERLEAVED,1[1],1[1],32[32],32[32],TILE,BFLOAT16,DEV_1_DRAM_INTERLEAVED,,,['ttnn/cpp/ttnn/operations/eltwise/binary_ng/device/kernels/compute/eltwise_binary_no_bcast.cpp'],['eltwise_binary_no_bcast/14288279633599727612/'],['ttnn/cpp/ttnn/operations/eltwise/binary_ng/device/kernels_ng/dataflow/reader_interleaved_no_bcast.cpp'; 'ttnn/cpp/ttnn/operations/eltwise/binary_ng/device/kernels_ng/dataflow/writer_interleaved_no_bcast.cpp'],['reader_interleaved_no_bcast/17691247497470902086/'; 'writer_interleaved_no_bcast/10311599973615775795/'],18417575360683381351,False,1300,1908,1460,672,1372,0,0,0,0,1,1,1,[],[],0.0,,,,,
BinaryNgDeviceOperation,tt_dnn_device,211968,0,,{'binary_op_type': 'BinaryOpType::ADD'; 'compute_kernel_config': 'std::nullopt'; 'dtype': 'DataType::BFLOAT16'; 'input_dtype': 'DataType::BFLOAT16'; 'is_quant_op': 'false'; 'is_sfpu': 'false'; 'is_where_op': 'false'; 'lhs_activations': '{}'; 'memory_config': 'MemoryConfig(memory_layout=TensorMemoryLayout::INTERLEAVED;buffer_type=BufferType::DRAM;shard_spec=std::nullopt;nd_shard_spec=std::nullopt;created_with_nd_shard_spec=0)'; 'post_activations': '{}'; 'rhs_activations': '{}'; 'scalar': 'std::nullopt'; 'sub_core_grids': 'std::nullopt'; 'subtile_broadcast_type': 'SubtileBroadcastType::NONE'; 'worker_grid': '{[(x=0;y=0) - (x=10;y=9)]}'},HiFi4,110,,,3806229683,3806230224,541,1626398580254,1626400027371,380,380,1071939,894632,894632,739819,893624,842735,1340,894632,894247,894265,892605,893750,,88272481,28460332,,3744814,67770576,,,79680750,20409153,,,,,,1[1],1[1],32[32],32[32],TILE,BFLOAT16,DEV_1_DRAM_INTERLEAVED,1[1],1[1],32[32],32[32],TILE,BFLOAT16,DEV_1_DRAM_INTERLEAVED,1[1],1[1],32[32],32[32],TILE,BFLOAT16,DEV_1_DRAM_INTERLEAVED,,,['ttnn/cpp/ttnn/operations/eltwise/binary_ng/device/kernels/compute/eltwise_binary_no_bcast.cpp'],['eltwise_binary_no_bcast/14288279633599727612/'],['ttnn/cpp/ttnn/operations/eltwise/binary_ng/device/kernels_ng/dataflow/reader_interleaved_no_bcast.cpp'; 'ttnn/cpp/ttnn/operations/eltwise/binary_ng/device/kernels_ng/dataflow/writer_interleaved_no_bcast.cpp'],['reader_interleaved_no_bcast/17691247497470902086/'; 'writer_interleaved_no_bcast/10311599973615775795/'],18417575360683381351,False,1300,1908,1460,672,1372,0,0,0,0,1,1,1,[],[],0.0,,,,,
BinaryNgDeviceOperation,tt_dnn_device,212992,0,,{'binary_op_type': 'BinaryOpType::ADD'; 'compute_kernel_config': 'std::nullopt'; 'dtype': 'DataType::BFLOAT16'; 'input_dtype': 'DataType::BFLOAT16'; 'is_quant_op': 'false'; 'is_sfpu': 'false'; 'is_where_op': 'false'; 'lhs_activations': '{}'; 'memory_config': 'MemoryConfig(memory_layout=TensorMemoryLayout::INTERLEAVED;buffer_type=BufferType::DRAM;shard_spec=std::nullopt;nd_shard_spec=std::nullopt;created_with_nd_shard_spec=0)'; 'post_activations': '{}'; 'rhs_activations': '{}'; 'scalar': 'std::nullopt'; 'sub_core_grids': 'std::nullopt'; 'subtile_broadcast_type': 'SubtileBroadcastType::NONE'; 'worker_grid': '{[(x=0;y=0) - (x=10;y=9)]}'},HiFi4,110,,,3806242758,3806243369,611,1626399820371,1626401241575,560,561,1052744,898850,898849,735257,898187,844331,1187,898849,898457,898493,896824,897979,,88455017,28326578,,3737758,68086642,,,79862368,20271519,,,,,,1[1],1[1],32[32],32[32],TILE,BFLOAT16,DEV_1_DRAM_INTERLEAVED,1[1],1[1],32[32],32[32],TILE,BFLOAT16,DEV_1_DRAM_INTERLEAVED,1[1],1[1],32[32],32[32],TILE,BFLOAT16,DEV_1_DRAM_INTERLEAVED,,,['ttnn/cpp/ttnn/operations/eltwise/binary_ng/device/kernels/compute/eltwise_binary_no_bcast.cpp'],['eltwise_binary_no_bcast/14288279633599727612/'],['ttnn/cpp/ttnn/operations/eltwise/binary_ng/device/kernels_ng/dataflow/reader_interleaved_no_bcast.cpp'; 'ttnn/cpp/ttnn/operations/eltwise/binary_ng/device/kernels_ng/dataflow/writer_interleaved_no_bcast.cpp'],['reader_interleaved_no_bcast/17691247497470902086/'; 'writer_interleaved_no_bcast/10311599973615775795/'],18417575360683381351,False,1300,1908,1460,672,1372,0,0,0,0,1,1,1,[],[],0.0,,,,,
BinaryNgDeviceOperation,tt_dnn_device,214016,0,,{'binary_op_type': 'BinaryOpType::ADD'; 'compute_kernel_config': 'std::nullopt'; 'dtype': 'DataType::BFLOAT16'; 'input_dtype': 'DataType::BFLOAT16'; 'is_quant_op': 'false'; 'is_sfpu': 'false'; 'is_where_op': 'false'; 'lhs_activations': '{}'; 'memory_config': 'MemoryConfig(memory_layout=TensorMemoryLayout::INTERLEAVED;buffer_type=BufferType::DRAM;shard_spec=std::nullopt;nd_shard_spec=std::nullopt;created_with_nd_shard_spec=0)'; 'post_activations': '{}'; 'rhs_activations': '{}'; 'scalar': 'std::nullopt'; 'sub_core_grids': 'std::nullopt'; 'subtile_broadcast_type': 'SubtileBroadcastType::NONE'; 'worker_grid': '{[(x=0;y=0) - (x=10;y=9)]}'},HiFi4,110,,,3806256324,3806256805,481,1626401022717,1626402473924,557,558,1074968,912294,912293,740165,911427,853469,1170,912292,911925,911941,910284,911421,,89458784,28411160,,3737858,69060976,,,80867133,20288991,,,,,,1[1],1[1],32[32],32[32],TILE,BFLOAT16,DEV_1_DRAM_INTERLEAVED,1[1],1[1],32[32],32[32],TILE,BFLOAT16,DEV_1_DRAM_INTERLEAVED,1[1],1[1],32[32],32[32],TILE,BFLOAT16,DEV_1_DRAM_INTERLEAVED,,,['ttnn/cpp/ttnn/operations/eltwise/binary_ng/device/kernels/compute/eltwise_binary_no_bcast.cpp'],['eltwise_binary_no_bcast/14288279633599727612/'],['ttnn/cpp/ttnn/operations/eltwise/binary_ng/device/kernels_ng/dataflow/reader_interleaved_no_bcast.cpp'; 'ttnn/cpp/ttnn/operations/eltwise/binary_ng/device/kernels_ng/dataflow/writer_interleaved_no_bcast.cpp'],['reader_interleaved_no_bcast/17691247497470902086/'; 'writer_interleaved_no_bcast/10311599973615775795/'],18417575360683381351,False,1300,1908,1460,672,1372,0,0,0,0,1,1,1,[],[],0.0,,,,,
BinaryNgDeviceOperation,tt_dnn_device,215040,0,,{'binary_op_type': 'BinaryOpType::ADD'; 'compute_kernel_config': 'std::nullopt'; 'dtype': 'DataType::BFLOAT16'; 'input_dtype': 'DataType::BFLOAT16'; 'is_quant_op': 'false'; 'is_sfpu': 'false'; 'is_where_op': 'false'; 'lhs_activations': '{}'; 'memory_config': 'MemoryConfig(memory_layout=TensorMemoryLayout::INTERLEAVED;buffer_type=BufferType::DRAM;shard_spec=std::nullopt;nd_shard_spec=std::nullopt;created_with_nd_shard_spec=0)'; 'post_activations': '{}'; 'rhs_activations': '{}'; 'scalar': 'std::nullopt'; 'sub_core_grids': 'std::nullopt'; 'subtile_broadcast_type': 'SubtileBroadcastType::NONE'; 'worker_grid': '{[(x=0;y=0) - (x=10;y=9)]}'},HiFi4,110,,,3806269850,3806270401,551,1626402243569,1626403699282,561,561,1078306,907113,907113,756798,906828,854349,1182,907113,906741,906752,905091,906234,,89556109,28411370,,3738521,69101010,,,80963322,20358597,,,,,,1[1],1[1],32[32],32[32],TILE,BFLOAT16,DEV_1_DRAM_INTERLEAVED,1[1],1[1],32[32],32[32],TILE,BFLOAT16,DEV_1_DRAM_INTERLEAVED,1[1],1[1],32[32],32[32],TILE,BFLOAT16,DEV_1_DRAM_INTERLEAVED,,,['ttnn/cpp/ttnn/operations/eltwise/binary_ng/device/kernels/compute/eltwise_binary_no_bcast.cpp'],['eltwise_binary_no_bcast/14288279633599727612/'],['ttnn/cpp/ttnn/operations/eltwise/binary_ng/device/kernels_ng/dataflow/reader_interleaved_no_bcast.cpp'; 'ttnn/cpp/ttnn/operations/eltwise/binary_ng/device/kernels_ng/dataflow/writer_interleaved_no_bcast.cpp'],['reader_interleaved_no_bcast/17691247497470902086/'; 'writer_interleaved_no_bcast/10311599973615775795/'],18417575360683381351,False,1300,1908,1460,672,1372,0,0,0,0,1,1,1,[],[],0.0,,,,,
BinaryNgDeviceOperation,tt_dnn_device,216064,0,,{'binary_op_type': 'BinaryOpType::ADD'; 'compute_kernel_config': 'std::nullopt'; 'dtype': 'DataType::BFLOAT16'; 'input_dtype': 'DataType::BFLOAT16'; 'is_quant_op': 'false'; 'is_sfpu': 'false'; 'is_where_op': 'false'; 'lhs_activations': '{}'; 'memory_config': 'MemoryConfig(memory_layout=TensorMemoryLayout::INTERLEAVED;buffer_type=BufferType::DRAM;shard_spec=std::nullopt;nd_shard_spec=std::nullopt;created_with_nd_shard_spec=0)'; 'post_activations': '{}'; 'rhs_activations': '{}'; 'scalar': 'std::nullopt'; 'sub_core_grids': 'std::nullopt'; 'subtile_broadcast_type': 'SubtileBroadcastType::NONE'; 'worker_grid': '{[(x=0;y=0) - (x=10;y=9)]}'},HiFi4,110,,,3806283386,3806283867,481,1626403498141,1626404925627,332,332,1057397,908073,908073,745302,907564,850081,1420,908073,907704,907717,906053,907203,,89088645,28292329,,3737304,68753837,,,80495373,20235762,,,,,,1[1],1[1],32[32],32[32],TILE,BFLOAT16,DEV_1_DRAM_INTERLEAVED,1[1],1[1],32[32],32[32],TILE,BFLOAT16,DEV_1_DRAM_INTERLEAVED,1[1],1[1],32[32],32[32],TILE,BFLOAT16,DEV_1_DRAM_INTERLEAVED,,,['ttnn/cpp/ttnn/operations/eltwise/binary_ng/device/kernels/compute/eltwise_binary_no_bcast.cpp'],['eltwise_binary_no_bcast/14288279633599727612/'],['ttnn/cpp/ttnn/operations/eltwise/binary_ng/device/kernels_ng/dataflow/reader_interleaved_no_bcast.cpp'; 'ttnn/cpp/ttnn/operations/eltwise/binary_ng/device/kernels_ng/dataflow/writer_interleaved_no_bcast.cpp'],['reader_interleaved_no_bcast/17691247497470902086/'; 'writer_interleaved_no_bcast/10311599973615775795/'],18417575360683381351,False,1300,1908,1460,672,1372,0,0,0,0,1,1,1,[],[],0.0,,,,,
BinaryNgDeviceOperation,tt_dnn_device,217088,0,,{'binary_op_type': 'BinaryOpType::ADD'; 'compute_kernel_config': 'std::nullopt'; 'dtype': 'DataType::BFLOAT16'; 'input_dtype': 'DataType::BFLOAT16'; 'is_quant_op': 'false'; 'is_sfpu': 'false'; 'is_where_op': 'false'; 'lhs_activations': '{}'; 'memory_config': 'MemoryConfig(memory_layout=TensorMemoryLayout::INTERLEAVED;buffer_type=BufferType::DRAM;shard_spec=std::nullopt;nd_shard_spec=std::nullopt;created_with_nd_shard_spec=0)'; 'post_activations': '{}'; 'rhs_activations': '{}'; 'scalar': 'std::nullopt'; 'sub_core_grids': 'std::nullopt'; 'subtile_broadcast_type': 'SubtileBroadcastType::NONE'; 'worker_grid': '{[(x=0;y=0) - (x=10;y=9)]}'},HiFi4,110,,,3806296401,3806296922,521,1626404707905,1626406155930,560,560,1072611,910766,910766,733093,910454,850889,1170,910766,910376,910392,908719,909884,,89174684,28354239,,3738874,68777066,,,80580036,20300196,,,,,,1[1],1[1],32[32],32[32],TILE,BFLOAT16,DEV_1_DRAM_INTERLEAVED,1[1],1[1],32[32],32[32],TILE,BFLOAT16,DEV_1_DRAM_INTERLEAVED,1[1],1[1],32[32],32[32],TILE,BFLOAT16,DEV_1_DRAM_INTERLEAVED,,,['ttnn/cpp/ttnn/operations/eltwise/binary_ng/device/kernels/compute/eltwise_binary_no_bcast.cpp'],['eltwise_binary_no_bcast/14288279633599727612/'],['ttnn/cpp/ttnn/operations/eltwise/binary_ng/device/kernels_ng/dataflow/reader_interleaved_no_bcast.cpp'; 'ttnn/cpp/ttnn/operations/eltwise/binary_ng/device/kernels_ng/dataflow/writer_interleaved_no_bcast.cpp'],['reader_interleaved_no_bcast/17691247497470902086/'; 'writer_interleaved_no_bcast/10311599973615775795/'],18417575360683381351,False,1300,1908,1460,672,1372,0,0,0,0,1,1,1,[],[],0.0,,,,,
BinaryNgDeviceOperation,tt_dnn_device,218112,0,,{'binary_op_type': 'BinaryOpType::ADD'; 'compute_kernel_config': 'std::nullopt'; 'dtype': 'DataType::BFLOAT16'; 'input_dtype': 'DataType::BFLOAT16'; 'is_quant_op': 'false'; 'is_sfpu': 'false'; 'is_where_op': 'false'; 'lhs_activations': '{}'; 'memory_config': 'MemoryConfig(memory_layout=TensorMemoryLayout::INTERLEAVED;buffer_type=BufferType::DRAM;shard_spec=std::nullopt;nd_shard_spec=std::nullopt;created_with_nd_shard_spec=0)'; 'post_activations': '{}'; 'rhs_activations': '{}'; 'scalar': 'std::nullopt'; 'sub_core_grids': 'std::nullopt'; 'subtile_broadcast_type': 'SubtileBroadcastType::NONE'; 'worker_grid': '{[(x=0;y=0) - (x=10;y=9)]}'},HiFi4,110,,,3806310078,3806310558,480,1626405918089,1626407380638,570,570,1083370,906620,906619,732567,906101,846753,1178,906619,906244,906254,904607,905741,,88720775,28417347,,3738787,68257887,,,80126381,20362699,,,,,,1[1],1[1],32[32],32[32],TILE,BFLOAT16,DEV_1_DRAM_INTERLEAVED,1[1],1[1],32[32],32[32],TILE,BFLOAT16,DEV_1_DRAM_INTERLEAVED,1[1],1[1],32[32],32[32],TILE,BFLOAT16,DEV_1_DRAM_INTERLEAVED,,,['ttnn/cpp/ttnn/operations/eltwise/binary_ng/device/kernels/compute/eltwise_binary_no_bcast.cpp'],['eltwise_binary_no_bcast/14288279633599727612/'],['ttnn/cpp/ttnn/operations/eltwise/binary_ng/device/kernels_ng/dataflow/reader_interleaved_no_bcast.cpp'; 'ttnn/cpp/ttnn/operations/eltwise/binary_ng/device/kernels_ng/dataflow/writer_interleaved_no_bcast.cpp'],['reader_interleaved_no_bcast/17691247497470902086/'; 'writer_interleaved_no_bcast/10311599973615775795/'],18417575360683381351,False,1300,1908,1460,672,1372,0,0,0,0,1,1,1,[],[],0.0,,,,,
BinaryNgDeviceOperation,tt_dnn_device,219136,0,,{'binary_op_type': 'BinaryOpType::ADD'; 'compute_kernel_config': 'std::nullopt'; 'dtype': 'DataType::BFLOAT16'; 'input_dtype': 'DataType::BFLOAT16'; 'is_quant_op': 'false'; 'is_sfpu': 'false'; 'is_where_op': 'false'; 'lhs_activations': '{}'; 'memory_config': 'MemoryConfig(memory_layout=TensorMemoryLayout::INTERLEAVED;buffer_type=BufferType::DRAM;shard_spec=std::nullopt;nd_shard_spec=std::nullopt;created_with_nd_shard_spec=0)'; 'post_activations': '{}'; 'rhs_activations': '{}'; 'scalar': 'std::nullopt'; 'sub_core_grids': 'std::nullopt'; 'subtile_broadcast_type': 'SubtileBroadcastType::NONE'; 'worker_grid': '{[(x=0;y=0) - (x=10;y=9)]}'},HiFi4,110,,,3806329004,3806329645,641,1626407147444,1626408610636,323,323,1083846,910800,910800,742110,910744,854332,1453,910783,910425,910438,908746,909884,,89548161,28384272,,3737886,69128065,,,80962774,20330163,,,,,,1[1],1[1],32[32],32[32],TILE,BFLOAT16,DEV_1_DRAM_INTERLEAVED,1[1],1[1],32[32],32[32],TILE,BFLOAT16,DEV_1_DRAM_INTERLEAVED,1[1],1[1],32[32],32[32],TILE,BFLOAT16,DEV_1_DRAM_INTERLEAVED,,,['ttnn/cpp/ttnn/operations/eltwise/binary_ng/device/kernels/compute/eltwise_binary_no_bcast.cpp'],['eltwise_binary_no_bcast/14288279633599727612/'],['ttnn/cpp/ttnn/operations/eltwise/binary_ng/device/kernels_ng/dataflow/reader_interleaved_no_bcast.cpp'; 'ttnn/cpp/ttnn/operations/eltwise/binary_ng/device/kernels_ng/dataflow/writer_interleaved_no_bcast.cpp'],['reader_interleaved_no_bcast/17691247497470902086/'; 'writer_interleaved_no_bcast/10311599973615775795/'],18417575360683381351,False,1300,1908,1460,672,1372,0,0,0,0,1,1,1,[],[],0.0,,,,,
BinaryNgDeviceOperation,tt_dnn_device,220160,0,,{'binary_op_type': 'BinaryOpType::ADD'; 'compute_kernel_config': 'std::nullopt'; 'dtype': 'DataType::BFLOAT16'; 'input_dtype': 'DataType::BFLOAT16'; 'is_quant_op': 'false'; 'is_sfpu': 'false'; 'is_where_op': 'false'; 'lhs_activations': '{}'; 'memory_config': 'MemoryConfig(memory_layout=TensorMemoryLayout::INTERLEAVED;buffer_type=BufferType::DRAM;shard_spec=std::nullopt;nd_shard_spec=std::nullopt;created_with_nd_shard_spec=0)'; 'post_activations': '{}'; 'rhs_activations': '{}'; 'scalar': 'std::nullopt'; 'sub_core_grids': 'std::nullopt'; 'subtile_broadcast_type': 'SubtileBroadcastType::NONE'; 'worker_grid': '{[(x=0;y=0) - (x=10;y=9)]}'},HiFi4,110,,,3806342820,3806343392,572,1626408384801,1626409846154,555,556,1082484,914639,914638,729804,914496,857353,1188,914632,914234,914245,912573,913720,,89884648,28288973,,3738595,69553619,,,81290564,20235797,,,,,,1[1],1[1],32[32],32[32],TILE,BFLOAT16,DEV_1_DRAM_INTERLEAVED,1[1],1[1],32[32],32[32],TILE,BFLOAT16,DEV_1_DRAM_INTERLEAVED,1[1],1[1],32[32],32[32],TILE,BFLOAT16,DEV_1_DRAM_INTERLEAVED,,,['ttnn/cpp/ttnn/operations/eltwise/binary_ng/device/kernels/compute/eltwise_binary_no_bcast.cpp'],['eltwise_binary_no_bcast/14288279633599727612/'],['ttnn/cpp/ttnn/operations/eltwise/binary_ng/device/kernels_ng/dataflow/reader_interleaved_no_bcast.cpp'; 'ttnn/cpp/ttnn/operations/eltwise/binary_ng/device/kernels_ng/dataflow/writer_interleaved_no_bcast.cpp'],['reader_interleaved_no_bcast/17691247497470902086/'; 'writer_interleaved_no_bcast/10311599973615775795/'],18417575360683381351,False,1300,1908,1460,672,1372,0,0,0,0,1,1,1,[],[],0.0,,,,,
BinaryNgDeviceOperation,tt_dnn_device,221184,0,,{'binary_op_type': 'BinaryOpType::ADD'; 'compute_kernel_config': 'std::nullopt'; 'dtype': 'DataType::BFLOAT16'; 'input_dtype': 'DataType::BFLOAT16'; 'is_quant_op': 'false'; 'is_sfpu': 'false'; 'is_where_op': 'false'; 'lhs_activations': '{}'; 'memory_config': 'MemoryConfig(memory_layout=TensorMemoryLayout::INTERLEAVED;buffer_type=BufferType::DRAM;shard_spec=std::nullopt;nd_shard_spec=std::nullopt;created_with_nd_shard_spec=0)'; 'post_activations': '{}'; 'rhs_activations': '{}'; 'scalar': 'std::nullopt'; 'sub_core_grids': 'std::nullopt'; 'subtile_broadcast_type': 'SubtileBroadcastType::NONE'; 'worker_grid': '{[(x=0;y=0) - (x=10;y=9)]}'},HiFi4,110,,,3806356086,3806356587,501,1626409598389,1626411068320,468,468,1088838,904839,904839,741049,903690,849082,1284,904839,904462,904466,902828,903953,,88974789,28432888,,3738667,68500976,,,80381180,20378431,,,,,,1[1],1[1],32[32],32[32],TILE,BFLOAT16,DEV_1_DRAM_INTERLEAVED,1[1],1[1],32[32],32[32],TILE,BFLOAT16,DEV_1_DRAM_INTERLEAVED,1[1],1[1],32[32],32[32],TILE,BFLOAT16,DEV_1_DRAM_INTERLEAVED,,,['ttnn/cpp/ttnn/operations/eltwise/binary_ng/device/kernels/compute/eltwise_binary_no_bcast.cpp'],['eltwise_binary_no_bcast/14288279633599727612/'],['ttnn/cpp/ttnn/operations/eltwise/binary_ng/device/kernels_ng/dataflow/reader_interleaved_no_bcast.cpp'; 'ttnn/cpp/ttnn/operations/eltwise/binary_ng/device/kernels_ng/dataflow/writer_interleaved_no_bcast.cpp'],['reader_interleaved_no_bcast/17691247497470902086/'; 'writer_interleaved_no_bcast/10311599973615775795/'],18417575360683381351,False,1300,1908,1460,672,1372,0,0,0,0,1,1,1,[],[],0.0,,,,,
BinaryNgDeviceOperation,tt_dnn_device,222208,0,,{'binary_op_type': 'BinaryOpType::ADD'; 'compute_kernel_config': 'std::nullopt'; 'dtype': 'DataType::BFLOAT16'; 'input_dtype': 'DataType::BFLOAT16'; 'is_quant_op': 'false'; 'is_sfpu': 'false'; 'is_where_op': 'false'; 'lhs_activations': '{}'; 'memory_config': 'MemoryConfig(memory_layout=TensorMemoryLayout::INTERLEAVED;buffer_type=BufferType::DRAM;shard_spec=std::nullopt;nd_shard_spec=std::nullopt;created_with_nd_shard_spec=0)'; 'post_activations': '{}'; 'rhs_activations': '{}'; 'scalar': 'std::nullopt'; 'sub_core_grids': 'std::nullopt'; 'subtile_broadcast_type': 'SubtileBroadcastType::NONE'; 'worker_grid': '{[(x=0;y=0) - (x=10;y=9)]}'},HiFi4,110,,,3806369011,3806369502,491,1626410849060,1626412282235,470,470,1061611,898730,898730,745800,898677,848852,1256,898727,898355,898374,896727,897853,,88954144,28496502,,3737778,68413679,,,80361195,20441676,,,,,,1[1],1[1],32[32],32[32],TILE,BFLOAT16,DEV_1_DRAM_INTERLEAVED,1[1],1[1],32[32],32[32],TILE,BFLOAT16,DEV_1_DRAM_INTERLEAVED,1[1],1[1],32[32],32[32],TILE,BFLOAT16,DEV_1_DRAM_INTERLEAVED,,,['ttnn/cpp/ttnn/operations/eltwise/binary_ng/device/kernels/compute/eltwise_binary_no_bcast.cpp'],['eltwise_binary_no_bcast/14288279633599727612/'],['ttnn/cpp/ttnn/operations/eltwise/binary_ng/device/kernels_ng/dataflow/reader_interleaved_no_bcast.cpp'; 'ttnn/cpp/ttnn/operations/eltwise/binary_ng/device/kernels_ng/dataflow/writer_interleaved_no_bcast.cpp'],['reader_interleaved_no_bcast/17691247497470902086/'; 'writer_interleaved_no_bcast/10311599973615775795/'],18417575360683381351,False,1300,1908,1460,672,1372,0,0,0,0,1,1,1,[],[],0.0,,,,,
BinaryNgDeviceOperation,tt_dnn_device,223232,0,,{'binary_op_type': 'BinaryOpType::ADD'; 'compute_kernel_config': 'std::nullopt'; 'dtype': 'DataType::BFLOAT16'; 'input_dtype': 'DataType::BFLOAT16'; 'is_quant_op': 'false'; 'is_sfpu': 'false'; 'is_where_op': 'false'; 'lhs_activations': '{}'; 'memory_config': 'MemoryConfig(memory_layout=TensorMemoryLayout::INTERLEAVED;buffer_type=BufferType::DRAM;shard_spec=std::nullopt;nd_shard_spec=std::nullopt;created_with_nd_shard_spec=0)'; 'post_activations': '{}'; 'rhs_activations': '{}'; 'scalar': 'std::nullopt'; 'sub_core_grids': 'std::nullopt'; 'subtile_broadcast_type': 'SubtileBroadcastType::NONE'; 'worker_grid': '{[(x=0;y=0) - (x=10;y=9)]}'},HiFi4,110,,,3806381565,3806382076,511,1626412077560,1626413502645,557,559,1055619,903440,903439,750543,902923,845322,1177,903434,903070,903095,901431,902573,,88564642,28447564,,3737514,68073475,,,79972448,20393502,,,,,,1[1],1[1],32[32],32[32],TILE,BFLOAT16,DEV_1_DRAM_INTERLEAVED,1[1],1[1],32[32],32[32],TILE,BFLOAT16,DEV_1_DRAM_INTERLEAVED,1[1],1[1],32[32],32[32],TILE,BFLOAT16,DEV_1_DRAM_INTERLEAVED,,,['ttnn/cpp/ttnn/operations/eltwise/binary_ng/device/kernels/compute/eltwise_binary_no_bcast.cpp'],['eltwise_binary_no_bcast/14288279633599727612/'],['ttnn/cpp/ttnn/operations/eltwise/binary_ng/device/kernels_ng/dataflow/reader_interleaved_no_bcast.cpp'; 'ttnn/cpp/ttnn/operations/eltwise/binary_ng/device/kernels_ng/dataflow/writer_interleaved_no_bcast.cpp'],['reader_interleaved_no_bcast/17691247497470902086/'; 'writer_interleaved_no_bcast/10311599973615775795/'],18417575360683381351,False,1300,1908,1460,672,1372,0,0,0,0,1,1,1,[],[],0.0,,,,,
BinaryNgDeviceOperation,tt_dnn_device,224256,0,,{'binary_op_type': 'BinaryOpType::ADD'; 'compute_kernel_config': 'std::nullopt'; 'dtype': 'DataType::BFLOAT16'; 'input_dtype': 'DataType::BFLOAT16'; 'is_quant_op': 'false'; 'is_sfpu': 'false'; 'is_where_op': 'false'; 'lhs_activations': '{}'; 'memory_config': 'MemoryConfig(memory_layout=TensorMemoryLayout::INTERLEAVED;buffer_type=BufferType::DRAM;shard_spec=std::nullopt;nd_shard_spec=std::nullopt;created_with_nd_shard_spec=0)'; 'post_activations': '{}'; 'rhs_activations': '{}'; 'scalar': 'std::nullopt'; 'sub_core_grids': 'std::nullopt'; 'subtile_broadcast_type': 'SubtileBroadcastType::NONE'; 'worker_grid': '{[(x=0;y=0) - (x=10;y=9)]}'},HiFi4,110,,,3806394169,3806394680,511,1626413298110,1626414731643,106,108,1061876,910270,910268,718928,908984,847922,1596,910268,909884,909915,908267,909401,,88850982,28441399,,3737589,68421038,,,80259759,20319906,,,,,,1[1],1[1],32[32],32[32],TILE,BFLOAT16,DEV_1_DRAM_INTERLEAVED,1[1],1[1],32[32],32[32],TILE,BFLOAT16,DEV_1_DRAM_INTERLEAVED,1[1],1[1],32[32],32[32],TILE,BFLOAT16,DEV_1_DRAM_INTERLEAVED,,,['ttnn/cpp/ttnn/operations/eltwise/binary_ng/device/kernels/compute/eltwise_binary_no_bcast.cpp'],['eltwise_binary_no_bcast/14288279633599727612/'],['ttnn/cpp/ttnn/operations/eltwise/binary_ng/device/kernels_ng/dataflow/reader_interleaved_no_bcast.cpp'; 'ttnn/cpp/ttnn/operations/eltwise/binary_ng/device/kernels_ng/dataflow/writer_interleaved_no_bcast.cpp'],['reader_interleaved_no_bcast/17691247497470902086/'; 'writer_interleaved_no_bcast/10311599973615775795/'],18417575360683381351,False,1300,1908,1460,672,1372,0,0,0,0,1,1,1,[],[],0.0,,,,,
BinaryNgDeviceOperation,tt_dnn_device,225280,0,,{'binary_op_type': 'BinaryOpType::ADD'; 'compute_kernel_config': 'std::nullopt'; 'dtype': 'DataType::BFLOAT16'; 'input_dtype': 'DataType::BFLOAT16'; 'is_quant_op': 'false'; 'is_sfpu': 'false'; 'is_where_op': 'false'; 'lhs_activations': '{}'; 'memory_config': 'MemoryConfig(memory_layout=TensorMemoryLayout::INTERLEAVED;buffer_type=BufferType::DRAM;shard_spec=std::nullopt;nd_shard_spec=std::nullopt;created_with_nd_shard_spec=0)'; 'post_activations': '{}'; 'rhs_activations': '{}'; 'scalar': 'std::nullopt'; 'sub_core_grids': 'std::nullopt'; 'subtile_broadcast_type': 'SubtileBroadcastType::NONE'; 'worker_grid': '{[(x=0;y=0) - (x=10;y=9)]}'},HiFi4,110,,,3806406583,3806407084,501,1626414475215,1626415959377,95,97,1099379,909340,909338,737085,908692,854067,1601,909338,908949,908987,907241,908470,,89527181,28361313,,3738074,69122349,,,80933661,20307319,,,,,,1[1],1[1],32[32],32[32],TILE,BFLOAT16,DEV_1_DRAM_INTERLEAVED,1[1],1[1],32[32],32[32],TILE,BFLOAT16,DEV_1_DRAM_INTERLEAVED,1[1],1[1],32[32],32[32],TILE,BFLOAT16,DEV_1_DRAM_INTERLEAVED,,,['ttnn/cpp/ttnn/operations/eltwise/binary_ng/device/kernels/compute/eltwise_binary_no_bcast.cpp'],['eltwise_binary_no_bcast/14288279633599727612/'],['ttnn/cpp/ttnn/operations/eltwise/binary_ng/device/kernels_ng/dataflow/reader_interleaved_no_bcast.cpp'; 'ttnn/cpp/ttnn/operations/eltwise/binary_ng/device/kernels_ng/dataflow/writer_interleaved_no_bcast.cpp'],['reader_interleaved_no_bcast/17691247497470902086/'; 'writer_interleaved_no_bcast/10311599973615775795/'],18417575360683381351,False,1300,1908,1460,672,1372,0,0,0,0,1,1,1,[],[],0.0,,,,,
BinaryNgDeviceOperation,tt_dnn_device,226304,0,,{'binary_op_type': 'BinaryOpType::ADD'; 'compute_kernel_config': 'std::nullopt'; 'dtype': 'DataType::BFLOAT16'; 'input_dtype': 'DataType::BFLOAT16'; 'is_quant_op': 'false'; 'is_sfpu': 'false'; 'is_where_op': 'false'; 'lhs_activations': '{}'; 'memory_config': 'MemoryConfig(memory_layout=TensorMemoryLayout::INTERLEAVED;buffer_type=BufferType::DRAM;shard_spec=std::nullopt;nd_shard_spec=std::nullopt;created_with_nd_shard_spec=0)'; 'post_activations': '{}'; 'rhs_activations': '{}'; 'scalar': 'std::nullopt'; 'sub_core_grids': 'std::nullopt'; 'subtile_broadcast_type': 'SubtileBroadcastType::NONE'; 'worker_grid': '{[(x=0;y=0) - (x=10;y=9)]}'},HiFi4,110,,,3806423666,3806424447,781,1626415728599,1626417181438,93,93,1076177,905141,905141,751896,904411,850330,1601,905139,904761,904789,903105,904253,,89116398,28498656,,3737907,68570604,,,80522940,20447193,,,,,,1[1],1[1],32[32],32[32],TILE,BFLOAT16,DEV_1_DRAM_INTERLEAVED,1[1],1[1],32[32],32[32],TILE,BFLOAT16,DEV_1_DRAM_INTERLEAVED,1[1],1[1],32[32],32[32],TILE,BFLOAT16,DEV_1_DRAM_INTERLEAVED,,,['ttnn/cpp/ttnn/operations/eltwise/binary_ng/device/kernels/compute/eltwise_binary_no_bcast.cpp'],['eltwise_binary_no_bcast/14288279633599727612/'],['ttnn/cpp/ttnn/operations/eltwise/binary_ng/device/kernels_ng/dataflow/reader_interleaved_no_bcast.cpp'; 'ttnn/cpp/ttnn/operations/eltwise/binary_ng/device/kernels_ng/dataflow/writer_interleaved_no_bcast.cpp'],['reader_interleaved_no_bcast/17691247497470902086/'; 'writer_interleaved_no_bcast/10311599973615775795/'],18417575360683381351,False,1300,1908,1460,672,1372,0,0,0,0,1,1,1,[],[],0.0,,,,,
BinaryNgDeviceOperation,tt_dnn_device,227328,0,,{'binary_op_type': 'BinaryOpType::ADD'; 'compute_kernel_config': 'std::nullopt'; 'dtype': 'DataType::BFLOAT16'; 'input_dtype': 'DataType::BFLOAT16'; 'is_quant_op': 'false'; 'is_sfpu': 'false'; 'is_where_op': 'false'; 'lhs_activations': '{}'; 'memory_config': 'MemoryConfig(memory_layout=TensorMemoryLayout::INTERLEAVED;buffer_type=BufferType::DRAM;shard_spec=std::nullopt;nd_shard_spec=std::nullopt;created_with_nd_shard_spec=0)'; 'post_activations': '{}'; 'rhs_activations': '{}'; 'scalar': 'std::nullopt'; 'sub_core_grids': 'std::nullopt'; 'subtile_broadcast_type': 'SubtileBroadcastType::NONE'; 'worker_grid': '{[(x=0;y=0) - (x=10;y=9)]}'},HiFi4,110,,,3806437282,3806437813,531,1626416976184,1626418401169,466,466,1055544,903036,903036,734082,902076,851193,1240,903034,902657,902683,901028,902167,,89211131,28411833,,3737821,68754127,,,80617360,20358699,,,,,,1[1],1[1],32[32],32[32],TILE,BFLOAT16,DEV_1_DRAM_INTERLEAVED,1[1],1[1],32[32],32[32],TILE,BFLOAT16,DEV_1_DRAM_INTERLEAVED,1[1],1[1],32[32],32[32],TILE,BFLOAT16,DEV_1_DRAM_INTERLEAVED,,,['ttnn/cpp/ttnn/operations/eltwise/binary_ng/device/kernels/compute/eltwise_binary_no_bcast.cpp'],['eltwise_binary_no_bcast/14288279633599727612/'],['ttnn/cpp/ttnn/operations/eltwise/binary_ng/device/kernels_ng/dataflow/reader_interleaved_no_bcast.cpp'; 'ttnn/cpp/ttnn/operations/eltwise/binary_ng/device/kernels_ng/dataflow/writer_interleaved_no_bcast.cpp'],['reader_interleaved_no_bcast/17691247497470902086/'; 'writer_interleaved_no_bcast/10311599973615775795/'],18417575360683381351,False,1300,1908,1460,672,1372,0,0,0,0,1,1,1,[],[],0.0,,,,,
BinaryNgDeviceOperation,tt_dnn_device,228352,0,,{'binary_op_type': 'BinaryOpType::ADD'; 'compute_kernel_config': 'std::nullopt'; 'dtype': 'DataType::BFLOAT16'; 'input_dtype': 'DataType::BFLOAT16'; 'is_quant_op': 'false'; 'is_sfpu': 'false'; 'is_where_op': 'false'; 'lhs_activations': '{}'; 'memory_config': 'MemoryConfig(memory_layout=TensorMemoryLayout::INTERLEAVED;buffer_type=BufferType::DRAM;shard_spec=std::nullopt;nd_shard_spec=std::nullopt;created_with_nd_shard_spec=0)'; 'post_activations': '{}'; 'rhs_activations': '{}'; 'scalar': 'std::nullopt'; 'sub_core_grids': 'std::nullopt'; 'subtile_broadcast_type': 'SubtileBroadcastType::NONE'; 'worker_grid': '{[(x=0;y=0) - (x=10;y=9)]}'},HiFi4,110,,,3806449706,3806450267,561,1626418174973,1626419632755,468,468,1079839,911805,911805,740677,911682,851713,1262,911804,911424,911441,909720,910876,,89268742,28315231,,3737729,68908337,,,80674992,20260244,,,,,,1[1],1[1],32[32],32[32],TILE,BFLOAT16,DEV_1_DRAM_INTERLEAVED,1[1],1[1],32[32],32[32],TILE,BFLOAT16,DEV_1_DRAM_INTERLEAVED,1[1],1[1],32[32],32[32],TILE,BFLOAT16,DEV_1_DRAM_INTERLEAVED,,,['ttnn/cpp/ttnn/operations/eltwise/binary_ng/device/kernels/compute/eltwise_binary_no_bcast.cpp'],['eltwise_binary_no_bcast/14288279633599727612/'],['ttnn/cpp/ttnn/operations/eltwise/binary_ng/device/kernels_ng/dataflow/reader_interleaved_no_bcast.cpp'; 'ttnn/cpp/ttnn/operations/eltwise/binary_ng/device/kernels_ng/dataflow/writer_interleaved_no_bcast.cpp'],['reader_interleaved_no_bcast/17691247497470902086/'; 'writer_interleaved_no_bcast/10311599973615775795/'],18417575360683381351,False,1300,1908,1460,672,1372,0,0,0,0,1,1,1,[],[],0.0,,,,,
BinaryNgDeviceOperation,tt_dnn_device,229376,0,,{'binary_op_type': 'BinaryOpType::ADD'; 'compute_kernel_config': 'std::nullopt'; 'dtype': 'DataType::BFLOAT16'; 'input_dtype': 'DataType::BFLOAT16'; 'is_quant_op': 'false'; 'is_sfpu': 'false'; 'is_where_op': 'false'; 'lhs_activations': '{}'; 'memory_config': 'MemoryConfig(memory_layout=TensorMemoryLayout::INTERLEAVED;buffer_type=BufferType::DRAM;shard_spec=std::nullopt;nd_shard_spec=std::nullopt;created_with_nd_shard_spec=0)'; 'post_activations': '{}'; 'rhs_activations': '{}'; 'scalar': 'std::nullopt'; 'sub_core_grids': 'std::nullopt'; 'subtile_broadcast_type': 'SubtileBroadcastType::NONE'; 'worker_grid': '{[(x=0;y=0) - (x=10;y=9)]}'},HiFi4,110,,,3806462140,3806462651,511,1626419403730,1626420858387,496,496,1077524,907393,907393,747693,906299,850126,1276,907393,907017,907051,905400,906534,,89086797,28393436,,3737110,68655218,,,80502441,20340833,,,,,,1[1],1[1],32[32],32[32],TILE,BFLOAT16,DEV_1_DRAM_INTERLEAVED,1[1],1[1],32[32],32[32],TILE,BFLOAT16,DEV_1_DRAM_INTERLEAVED,1[1],1[1],32[32],32[32],TILE,BFLOAT16,DEV_1_DRAM_INTERLEAVED,,,['ttnn/cpp/ttnn/operations/eltwise/binary_ng/device/kernels/compute/eltwise_binary_no_bcast.cpp'],['eltwise_binary_no_bcast/14288279633599727612/'],['ttnn/cpp/ttnn/operations/eltwise/binary_ng/device/kernels_ng/dataflow/reader_interleaved_no_bcast.cpp'; 'ttnn/cpp/ttnn/operations/eltwise/binary_ng/device/kernels_ng/dataflow/writer_interleaved_no_bcast.cpp'],['reader_interleaved_no_bcast/17691247497470902086/'; 'writer_interleaved_no_bcast/10311599973615775795/'],18417575360683381351,False,1300,1908,1460,672,1372,0,0,0,0,1,1,1,[],[],0.0,,,,,
BinaryNgDeviceOperation,tt_dnn_device,230400,0,,{'binary_op_type': 'BinaryOpType::ADD'; 'compute_kernel_config': 'std::nullopt'; 'dtype': 'DataType::BFLOAT16'; 'input_dtype': 'DataType::BFLOAT16'; 'is_quant_op': 'false'; 'is_sfpu': 'false'; 'is_where_op': 'false'; 'lhs_activations': '{}'; 'memory_config': 'MemoryConfig(memory_layout=TensorMemoryLayout::INTERLEAVED;buffer_type=BufferType::DRAM;shard_spec=std::nullopt;nd_shard_spec=std::nullopt;created_with_nd_shard_spec=0)'; 'post_activations': '{}'; 'rhs_activations': '{}'; 'scalar': 'std::nullopt'; 'sub_core_grids': 'std::nullopt'; 'subtile_broadcast_type': 'SubtileBroadcastType::NONE'; 'worker_grid': '{[(x=0;y=0) - (x=10;y=9)]}'},HiFi4,110,,,3806474774,3806475265,491,1626420644793,1626422082453,293,293,1064933,906419,906419,749660,905787,850757,1433,906410,906051,906062,904390,905549,,89162424,28413280,,3737739,68704481,,,80569684,20360372,,,,,,1[1],1[1],32[32],32[32],TILE,BFLOAT16,DEV_1_DRAM_INTERLEAVED,1[1],1[1],32[32],32[32],TILE,BFLOAT16,DEV_1_DRAM_INTERLEAVED,1[1],1[1],32[32],32[32],TILE,BFLOAT16,DEV_1_DRAM_INTERLEAVED,,,['ttnn/cpp/ttnn/operations/eltwise/binary_ng/device/kernels/compute/eltwise_binary_no_bcast.cpp'],['eltwise_binary_no_bcast/14288279633599727612/'],['ttnn/cpp/ttnn/operations/eltwise/binary_ng/device/kernels_ng/dataflow/reader_interleaved_no_bcast.cpp'; 'ttnn/cpp/ttnn/operations/eltwise/binary_ng/device/kernels_ng/dataflow/writer_interleaved_no_bcast.cpp'],['reader_interleaved_no_bcast/17691247497470902086/'; 'writer_interleaved_no_bcast/10311599973615775795/'],18417575360683381351,False,1300,1908,1460,672,1372,0,0,0,0,1,1,1,[],[],0.0,,,,,
BinaryNgDeviceOperation,tt_dnn_device,231424,0,,{'binary_op_type': 'BinaryOpType::ADD'; 'compute_kernel_config': 'std::nullopt'; 'dtype': 'DataType::BFLOAT16'; 'input_dtype': 'DataType::BFLOAT16'; 'is_quant_op': 'false'; 'is_sfpu': 'false'; 'is_where_op': 'false'; 'lhs_activations': '{}'; 'memory_config': 'MemoryConfig(memory_layout=TensorMemoryLayout::INTERLEAVED;buffer_type=BufferType::DRAM;shard_spec=std::nullopt;nd_shard_spec=std::nullopt;created_with_nd_shard_spec=0)'; 'post_activations': '{}'; 'rhs_activations': '{}'; 'scalar': 'std::nullopt'; 'sub_core_grids': 'std::nullopt'; 'subtile_broadcast_type': 'SubtileBroadcastType::NONE'; 'worker_grid': '{[(x=0;y=0) - (x=10;y=9)]}'},HiFi4,110,,,3806487148,3806487669,521,1626421872605,1626423295388,96,96,1053913,898379,898379,714393,897251,843086,1600,898378,898019,898021,896376,897516,,88319381,28381373,,3737281,67894943,,,79727221,20326504,,,,,,1[1],1[1],32[32],32[32],TILE,BFLOAT16,DEV_1_DRAM_INTERLEAVED,1[1],1[1],32[32],32[32],TILE,BFLOAT16,DEV_1_DRAM_INTERLEAVED,1[1],1[1],32[32],32[32],TILE,BFLOAT16,DEV_1_DRAM_INTERLEAVED,,,['ttnn/cpp/ttnn/operations/eltwise/binary_ng/device/kernels/compute/eltwise_binary_no_bcast.cpp'],['eltwise_binary_no_bcast/14288279633599727612/'],['ttnn/cpp/ttnn/operations/eltwise/binary_ng/device/kernels_ng/dataflow/reader_interleaved_no_bcast.cpp'; 'ttnn/cpp/ttnn/operations/eltwise/binary_ng/device/kernels_ng/dataflow/writer_interleaved_no_bcast.cpp'],['reader_interleaved_no_bcast/17691247497470902086/'; 'writer_interleaved_no_bcast/10311599973615775795/'],18417575360683381351,False,1300,1908,1460,672,1372,0,0,0,0,1,1,1,[],[],0.0,,,,,
BinaryNgDeviceOperation,tt_dnn_device,232448,0,,{'binary_op_type': 'BinaryOpType::ADD'; 'compute_kernel_config': 'std::nullopt'; 'dtype': 'DataType::BFLOAT16'; 'input_dtype': 'DataType::BFLOAT16'; 'is_quant_op': 'false'; 'is_sfpu': 'false'; 'is_where_op': 'false'; 'lhs_activations': '{}'; 'memory_config': 'MemoryConfig(memory_layout=TensorMemoryLayout::INTERLEAVED;buffer_type=BufferType::DRAM;shard_spec=std::nullopt;nd_shard_spec=std::nullopt;created_with_nd_shard_spec=0)'; 'post_activations': '{}'; 'rhs_activations': '{}'; 'scalar': 'std::nullopt'; 'sub_core_grids': 'std::nullopt'; 'subtile_broadcast_type': 'SubtileBroadcastType::NONE'; 'worker_grid': '{[(x=0;y=0) - (x=10;y=9)]}'},HiFi4,110,,,3806499562,3806500053,491,1626423049005,1626424524582,93,93,1093020,910418,910418,748652,909224,852294,1599,910414,910044,910062,908410,909551,,89332819,28341577,,3737990,68948847,,,80739019,20284647,,,,,,1[1],1[1],32[32],32[32],TILE,BFLOAT16,DEV_1_DRAM_INTERLEAVED,1[1],1[1],32[32],32[32],TILE,BFLOAT16,DEV_1_DRAM_INTERLEAVED,1[1],1[1],32[32],32[32],TILE,BFLOAT16,DEV_1_DRAM_INTERLEAVED,,,['ttnn/cpp/ttnn/operations/eltwise/binary_ng/device/kernels/compute/eltwise_binary_no_bcast.cpp'],['eltwise_binary_no_bcast/14288279633599727612/'],['ttnn/cpp/ttnn/operations/eltwise/binary_ng/device/kernels_ng/dataflow/reader_interleaved_no_bcast.cpp'; 'ttnn/cpp/ttnn/operations/eltwise/binary_ng/device/kernels_ng/dataflow/writer_interleaved_no_bcast.cpp'],['reader_interleaved_no_bcast/17691247497470902086/'; 'writer_interleaved_no_bcast/10311599973615775795/'],18417575360683381351,False,1300,1908,1460,672,1372,0,0,0,0,1,1,1,[],[],0.0,,,,,
BinaryNgDeviceOperation,tt_dnn_device,233472,0,,{'binary_op_type': 'BinaryOpType::ADD'; 'compute_kernel_config': 'std::nullopt'; 'dtype': 'DataType::BFLOAT16'; 'input_dtype': 'DataType::BFLOAT16'; 'is_quant_op': 'false'; 'is_sfpu': 'false'; 'is_where_op': 'false'; 'lhs_activations': '{}'; 'memory_config': 'MemoryConfig(memory_layout=TensorMemoryLayout::INTERLEAVED;buffer_type=BufferType::DRAM;shard_spec=std::nullopt;nd_shard_spec=std::nullopt;created_with_nd_shard_spec=0)'; 'post_activations': '{}'; 'rhs_activations': '{}'; 'scalar': 'std::nullopt'; 'sub_core_grids': 'std::nullopt'; 'subtile_broadcast_type': 'SubtileBroadcastType::NONE'; 'worker_grid': '{[(x=0;y=0) - (x=10;y=9)]}'},HiFi4,110,,,3806511835,3806512346,511,1626424307988,1626425747987,93,93,1066666,906131,906131,735974,905500,847850,1599,906131,905741,905771,904132,905258,,88842780,28428583,,3737287,68369430,,,80250679,20375609,,,,,,1[1],1[1],32[32],32[32],TILE,BFLOAT16,DEV_1_DRAM_INTERLEAVED,1[1],1[1],32[32],32[32],TILE,BFLOAT16,DEV_1_DRAM_INTERLEAVED,1[1],1[1],32[32],32[32],TILE,BFLOAT16,DEV_1_DRAM_INTERLEAVED,,,['ttnn/cpp/ttnn/operations/eltwise/binary_ng/device/kernels/compute/eltwise_binary_no_bcast.cpp'],['eltwise_binary_no_bcast/14288279633599727612/'],['ttnn/cpp/ttnn/operations/eltwise/binary_ng/device/kernels_ng/dataflow/reader_interleaved_no_bcast.cpp'; 'ttnn/cpp/ttnn/operations/eltwise/binary_ng/device/kernels_ng/dataflow/writer_interleaved_no_bcast.cpp'],['reader_interleaved_no_bcast/17691247497470902086/'; 'writer_interleaved_no_bcast/10311599973615775795/'],18417575360683381351,False,1300,1908,1460,672,1372,0,0,0,0,1,1,1,[],[],0.0,,,,,
BinaryNgDeviceOperation,tt_dnn_device,234496,0,,{'binary_op_type': 'BinaryOpType::ADD'; 'compute_kernel_config': 'std::nullopt'; 'dtype': 'DataType::BFLOAT16'; 'input_dtype': 'DataType::BFLOAT16'; 'is_quant_op': 'false'; 'is_sfpu': 'false'; 'is_where_op': 'false'; 'lhs_activations': '{}'; 'memory_config': 'MemoryConfig(memory_layout=TensorMemoryLayout::INTERLEAVED;buffer_type=BufferType::DRAM;shard_spec=std::nullopt;nd_shard_spec=std::nullopt;created_with_nd_shard_spec=0)'; 'post_activations': '{}'; 'rhs_activations': '{}'; 'scalar': 'std::nullopt'; 'sub_core_grids': 'std::nullopt'; 'subtile_broadcast_type': 'SubtileBroadcastType::NONE'; 'worker_grid': '{[(x=0;y=0) - (x=10;y=9)]}'},HiFi4,110,,,3806524209,3806524700,491,1626425520061,1626426952843,94,94,1061320,892397,892397,750139,892239,847736,1601,892393,891942,891963,890264,891457,,88831017,28580145,,3737646,68262522,,,80240285,20458627,,,,,,1[1],1[1],32[32],32[32],TILE,BFLOAT16,DEV_1_DRAM_INTERLEAVED,1[1],1[1],32[32],32[32],TILE,BFLOAT16,DEV_1_DRAM_INTERLEAVED,1[1],1[1],32[32],32[32],TILE,BFLOAT16,DEV_1_DRAM_INTERLEAVED,,,['ttnn/cpp/ttnn/operations/eltwise/binary_ng/device/kernels/compute/eltwise_binary_no_bcast.cpp'],['eltwise_binary_no_bcast/14288279633599727612/'],['ttnn/cpp/ttnn/operations/eltwise/binary_ng/device/kernels_ng/dataflow/reader_interleaved_no_bcast.cpp'; 'ttnn/cpp/ttnn/operations/eltwise/binary_ng/device/kernels_ng/dataflow/writer_interleaved_no_bcast.cpp'],['reader_interleaved_no_bcast/17691247497470902086/'; 'writer_interleaved_no_bcast/10311599973615775795/'],18417575360683381351,False,1300,1908,1460,672,1372,0,0,0,0,1,1,1,[],[],0.0,,,,,
BinaryNgDeviceOperation,tt_dnn_device,235520,0,,{'binary_op_type': 'BinaryOpType::ADD'; 'compute_kernel_config': 'std::nullopt'; 'dtype': 'DataType::BFLOAT16'; 'input_dtype': 'DataType::BFLOAT16'; 'is_quant_op': 'false'; 'is_sfpu': 'false'; 'is_where_op': 'false'; 'lhs_activations': '{}'; 'memory_config': 'MemoryConfig(memory_layout=TensorMemoryLayout::INTERLEAVED;buffer_type=BufferType::DRAM;shard_spec=std::nullopt;nd_shard_spec=std::nullopt;created_with_nd_shard_spec=0)'; 'post_activations': '{}'; 'rhs_activations': '{}'; 'scalar': 'std::nullopt'; 'sub_core_grids': 'std::nullopt'; 'subtile_broadcast_type': 'SubtileBroadcastType::NONE'; 'worker_grid': '{[(x=0;y=0) - (x=10;y=9)]}'},HiFi4,110,,,3806536623,3806537154,531,1626426762579,1626428184599,447,447,1053348,911959,911959,700261,911821,848724,1296,911949,911575,911599,909894,911057,,88939473,28296034,,3737974,68599319,,,80345370,20242260,,,,,,1[1],1[1],32[32],32[32],TILE,BFLOAT16,DEV_1_DRAM_INTERLEAVED,1[1],1[1],32[32],32[32],TILE,BFLOAT16,DEV_1_DRAM_INTERLEAVED,1[1],1[1],32[32],32[32],TILE,BFLOAT16,DEV_1_DRAM_INTERLEAVED,,,['ttnn/cpp/ttnn/operations/eltwise/binary_ng/device/kernels/compute/eltwise_binary_no_bcast.cpp'],['eltwise_binary_no_bcast/14288279633599727612/'],['ttnn/cpp/ttnn/operations/eltwise/binary_ng/device/kernels_ng/dataflow/reader_interleaved_no_bcast.cpp'; 'ttnn/cpp/ttnn/operations/eltwise/binary_ng/device/kernels_ng/dataflow/writer_interleaved_no_bcast.cpp'],['reader_interleaved_no_bcast/17691247497470902086/'; 'writer_interleaved_no_bcast/10311599973615775795/'],18417575360683381351,False,1300,1908,1460,672,1372,0,0,0,0,1,1,1,[],[],0.0,,,,,
BinaryNgDeviceOperation,tt_dnn_device,236544,0,,{'binary_op_type': 'BinaryOpType::ADD'; 'compute_kernel_config': 'std::nullopt'; 'dtype': 'DataType::BFLOAT16'; 'input_dtype': 'DataType::BFLOAT16'; 'is_quant_op': 'false'; 'is_sfpu': 'false'; 'is_where_op': 'false'; 'lhs_activations': '{}'; 'memory_config': 'MemoryConfig(memory_layout=TensorMemoryLayout::INTERLEAVED;buffer_type=BufferType::DRAM;shard_spec=std::nullopt;nd_shard_spec=std::nullopt;created_with_nd_shard_spec=0)'; 'post_activations': '{}'; 'rhs_activations': '{}'; 'scalar': 'std::nullopt'; 'sub_core_grids': 'std::nullopt'; 'subtile_broadcast_type': 'SubtileBroadcastType::NONE'; 'worker_grid': '{[(x=0;y=0) - (x=10;y=9)]}'},HiFi4,110,,,3806549167,3806549748,581,1626427900573,1626429408753,476,476,1117170,906310,906310,751010,905545,851273,1270,906310,905936,905961,904296,905442,,89221870,28476776,,3737787,68699188,,,80628045,20423051,,,,,,1[1],1[1],32[32],32[32],TILE,BFLOAT16,DEV_1_DRAM_INTERLEAVED,1[1],1[1],32[32],32[32],TILE,BFLOAT16,DEV_1_DRAM_INTERLEAVED,1[1],1[1],32[32],32[32],TILE,BFLOAT16,DEV_1_DRAM_INTERLEAVED,,,['ttnn/cpp/ttnn/operations/eltwise/binary_ng/device/kernels/compute/eltwise_binary_no_bcast.cpp'],['eltwise_binary_no_bcast/14288279633599727612/'],['ttnn/cpp/ttnn/operations/eltwise/binary_ng/device/kernels_ng/dataflow/reader_interleaved_no_bcast.cpp'; 'ttnn/cpp/ttnn/operations/eltwise/binary_ng/device/kernels_ng/dataflow/writer_interleaved_no_bcast.cpp'],['reader_interleaved_no_bcast/17691247497470902086/'; 'writer_interleaved_no_bcast/10311599973615775795/'],18417575360683381351,False,1300,1908,1460,672,1372,0,0,0,0,1,1,1,[],[],0.0,,,,,
BinaryNgDeviceOperation,tt_dnn_device,237568,0,,{'binary_op_type': 'BinaryOpType::ADD'; 'compute_kernel_config': 'std::nullopt'; 'dtype': 'DataType::BFLOAT16'; 'input_dtype': 'DataType::BFLOAT16'; 'is_quant_op': 'false'; 'is_sfpu': 'false'; 'is_where_op': 'false'; 'lhs_activations': '{}'; 'memory_config': 'MemoryConfig(memory_layout=TensorMemoryLayout::INTERLEAVED;buffer_type=BufferType::DRAM;shard_spec=std::nullopt;nd_shard_spec=std::nullopt;created_with_nd_shard_spec=0)'; 'post_activations': '{}'; 'rhs_activations': '{}'; 'scalar': 'std::nullopt'; 'sub_core_grids': 'std::nullopt'; 'subtile_broadcast_type': 'SubtileBroadcastType::NONE'; 'worker_grid': '{[(x=0;y=0) - (x=10;y=9)]}'},HiFi4,110,,,3806561611,3806562112,501,1626429201088,1626430626433,470,472,1055811,901513,901511,742877,900430,845845,1244,901507,901135,901165,899519,900652,,88623128,28437639,,3737980,68140041,,,80029954,20384506,,,,,,1[1],1[1],32[32],32[32],TILE,BFLOAT16,DEV_1_DRAM_INTERLEAVED,1[1],1[1],32[32],32[32],TILE,BFLOAT16,DEV_1_DRAM_INTERLEAVED,1[1],1[1],32[32],32[32],TILE,BFLOAT16,DEV_1_DRAM_INTERLEAVED,,,['ttnn/cpp/ttnn/operations/eltwise/binary_ng/device/kernels/compute/eltwise_binary_no_bcast.cpp'],['eltwise_binary_no_bcast/14288279633599727612/'],['ttnn/cpp/ttnn/operations/eltwise/binary_ng/device/kernels_ng/dataflow/reader_interleaved_no_bcast.cpp'; 'ttnn/cpp/ttnn/operations/eltwise/binary_ng/device/kernels_ng/dataflow/writer_interleaved_no_bcast.cpp'],['reader_interleaved_no_bcast/17691247497470902086/'; 'writer_interleaved_no_bcast/10311599973615775795/'],18417575360683381351,False,1300,1908,1460,672,1372,0,0,0,0,1,1,1,[],[],0.0,,,,,
BinaryNgDeviceOperation,tt_dnn_device,238592,0,,{'binary_op_type': 'BinaryOpType::ADD'; 'compute_kernel_config': 'std::nullopt'; 'dtype': 'DataType::BFLOAT16'; 'input_dtype': 'DataType::BFLOAT16'; 'is_quant_op': 'false'; 'is_sfpu': 'false'; 'is_where_op': 'false'; 'lhs_activations': '{}'; 'memory_config': 'MemoryConfig(memory_layout=TensorMemoryLayout::INTERLEAVED;buffer_type=BufferType::DRAM;shard_spec=std::nullopt;nd_shard_spec=std::nullopt;created_with_nd_shard_spec=0)'; 'post_activations': '{}'; 'rhs_activations': '{}'; 'scalar': 'std::nullopt'; 'sub_core_grids': 'std::nullopt'; 'subtile_broadcast_type': 'SubtileBroadcastType::NONE'; 'worker_grid': '{[(x=0;y=0) - (x=10;y=9)]}'},HiFi4,110,,,3806574225,3806574706,481,1626430414265,1626431854390,470,470,1066759,909114,909114,756387,908270,851694,1273,909107,908736,908761,907109,908232,,89266567,28422530,,3737853,68796050,,,80672562,20370049,,,,,,1[1],1[1],32[32],32[32],TILE,BFLOAT16,DEV_1_DRAM_INTERLEAVED,1[1],1[1],32[32],32[32],TILE,BFLOAT16,DEV_1_DRAM_INTERLEAVED,1[1],1[1],32[32],32[32],TILE,BFLOAT16,DEV_1_DRAM_INTERLEAVED,,,['ttnn/cpp/ttnn/operations/eltwise/binary_ng/device/kernels/compute/eltwise_binary_no_bcast.cpp'],['eltwise_binary_no_bcast/14288279633599727612/'],['ttnn/cpp/ttnn/operations/eltwise/binary_ng/device/kernels_ng/dataflow/reader_interleaved_no_bcast.cpp'; 'ttnn/cpp/ttnn/operations/eltwise/binary_ng/device/kernels_ng/dataflow/writer_interleaved_no_bcast.cpp'],['reader_interleaved_no_bcast/17691247497470902086/'; 'writer_interleaved_no_bcast/10311599973615775795/'],18417575360683381351,False,1300,1908,1460,672,1372,0,0,0,0,1,1,1,[],[],0.0,,,,,
BinaryNgDeviceOperation,tt_dnn_device,239616,0,,{'binary_op_type': 'BinaryOpType::ADD'; 'compute_kernel_config': 'std::nullopt'; 'dtype': 'DataType::BFLOAT16'; 'input_dtype': 'DataType::BFLOAT16'; 'is_quant_op': 'false'; 'is_sfpu': 'false'; 'is_where_op': 'false'; 'lhs_activations': '{}'; 'memory_config': 'MemoryConfig(memory_layout=TensorMemoryLayout::INTERLEAVED;buffer_type=BufferType::DRAM;shard_spec=std::nullopt;nd_shard_spec=std::nullopt;created_with_nd_shard_spec=0)'; 'post_activations': '{}'; 'rhs_activations': '{}'; 'scalar': 'std::nullopt'; 'sub_core_grids': 'std::nullopt'; 'subtile_broadcast_type': 'SubtileBroadcastType::NONE'; 'worker_grid': '{[(x=0;y=0) - (x=10;y=9)]}'},HiFi4,110,,,3806586649,3806587160,511,1626431650108,1626433070147,487,487,1051881,900087,900087,737836,899359,846629,1266,900087,899710,899745,898003,899217,,88702970,28447284,,3737564,68217240,,,80117899,20394250,,,,,,1[1],1[1],32[32],32[32],TILE,BFLOAT16,DEV_1_DRAM_INTERLEAVED,1[1],1[1],32[32],32[32],TILE,BFLOAT16,DEV_1_DRAM_INTERLEAVED,1[1],1[1],32[32],32[32],TILE,BFLOAT16,DEV_1_DRAM_INTERLEAVED,,,['ttnn/cpp/ttnn/operations/eltwise/binary_ng/device/kernels/compute/eltwise_binary_no_bcast.cpp'],['eltwise_binary_no_bcast/14288279633599727612/'],['ttnn/cpp/ttnn/operations/eltwise/binary_ng/device/kernels_ng/dataflow/reader_interleaved_no_bcast.cpp'; 'ttnn/cpp/ttnn/operations/eltwise/binary_ng/device/kernels_ng/dataflow/writer_interleaved_no_bcast.cpp'],['reader_interleaved_no_bcast/17691247497470902086/'; 'writer_interleaved_no_bcast/10311599973615775795/'],18417575360683381351,False,1300,1908,1460,672,1372,0,0,0,0,1,1,1,[],[],0.0,,,,,
BinaryNgDeviceOperation,tt_dnn_device,240640,0,,{'binary_op_type': 'BinaryOpType::ADD'; 'compute_kernel_config': 'std::nullopt'; 'dtype': 'DataType::BFLOAT16'; 'input_dtype': 'DataType::BFLOAT16'; 'is_quant_op': 'false'; 'is_sfpu': 'false'; 'is_where_op': 'false'; 'lhs_activations': '{}'; 'memory_config': 'MemoryConfig(memory_layout=TensorMemoryLayout::INTERLEAVED;buffer_type=BufferType::DRAM;shard_spec=std::nullopt;nd_shard_spec=std::nullopt;created_with_nd_shard_spec=0)'; 'post_activations': '{}'; 'rhs_activations': '{}'; 'scalar': 'std::nullopt'; 'sub_core_grids': 'std::nullopt'; 'subtile_broadcast_type': 'SubtileBroadcastType::NONE'; 'worker_grid': '{[(x=0;y=0) - (x=10;y=9)]}'},HiFi4,110,,,3806599243,3806599734,491,1626432853113,1626434288301,216,216,1063102,902124,902124,739769,901050,847093,1510,902119,901765,901781,900116,901264,,88759523,28373533,,3737980,68341092,,,80166654,20320464,,,,,,1[1],1[1],32[32],32[32],TILE,BFLOAT16,DEV_1_DRAM_INTERLEAVED,1[1],1[1],32[32],32[32],TILE,BFLOAT16,DEV_1_DRAM_INTERLEAVED,1[1],1[1],32[32],32[32],TILE,BFLOAT16,DEV_1_DRAM_INTERLEAVED,,,['ttnn/cpp/ttnn/operations/eltwise/binary_ng/device/kernels/compute/eltwise_binary_no_bcast.cpp'],['eltwise_binary_no_bcast/14288279633599727612/'],['ttnn/cpp/ttnn/operations/eltwise/binary_ng/device/kernels_ng/dataflow/reader_interleaved_no_bcast.cpp'; 'ttnn/cpp/ttnn/operations/eltwise/binary_ng/device/kernels_ng/dataflow/writer_interleaved_no_bcast.cpp'],['reader_interleaved_no_bcast/17691247497470902086/'; 'writer_interleaved_no_bcast/10311599973615775795/'],18417575360683381351,False,1300,1908,1460,672,1372,0,0,0,0,1,1,1,[],[],0.0,,,,,
BinaryNgDeviceOperation,tt_dnn_device,241664,0,,{'binary_op_type': 'BinaryOpType::ADD'; 'compute_kernel_config': 'std::nullopt'; 'dtype': 'DataType::BFLOAT16'; 'input_dtype': 'DataType::BFLOAT16'; 'is_quant_op': 'false'; 'is_sfpu': 'false'; 'is_where_op': 'false'; 'lhs_activations': '{}'; 'memory_config': 'MemoryConfig(memory_layout=TensorMemoryLayout::INTERLEAVED;buffer_type=BufferType::DRAM;shard_spec=std::nullopt;nd_shard_spec=std::nullopt;created_with_nd_shard_spec=0)'; 'post_activations': '{}'; 'rhs_activations': '{}'; 'scalar': 'std::nullopt'; 'sub_core_grids': 'std::nullopt'; 'subtile_broadcast_type': 'SubtileBroadcastType::NONE'; 'worker_grid': '{[(x=0;y=0) - (x=10;y=9)]}'},HiFi4,110,,,3806611597,3806612098,501,1626434071120,1626435516402,279,279,1070579,909422,909422,732662,909024,850638,1444,909422,909031,909060,907384,908523,,89150667,28396340,,3737616,68707596,,,80557156,20344384,,,,,,1[1],1[1],32[32],32[32],TILE,BFLOAT16,DEV_1_DRAM_INTERLEAVED,1[1],1[1],32[32],32[32],TILE,BFLOAT16,DEV_1_DRAM_INTERLEAVED,1[1],1[1],32[32],32[32],TILE,BFLOAT16,DEV_1_DRAM_INTERLEAVED,,,['ttnn/cpp/ttnn/operations/eltwise/binary_ng/device/kernels/compute/eltwise_binary_no_bcast.cpp'],['eltwise_binary_no_bcast/14288279633599727612/'],['ttnn/cpp/ttnn/operations/eltwise/binary_ng/device/kernels_ng/dataflow/reader_interleaved_no_bcast.cpp'; 'ttnn/cpp/ttnn/operations/eltwise/binary_ng/device/kernels_ng/dataflow/writer_interleaved_no_bcast.cpp'],['reader_interleaved_no_bcast/17691247497470902086/'; 'writer_interleaved_no_bcast/10311599973615775795/'],18417575360683381351,False,1300,1908,1460,672,1372,0,0,0,0,1,1,1,[],[],0.0,,,,,
BinaryNgDeviceOperation,tt_dnn_device,242688,0,,{'binary_op_type': 'BinaryOpType::ADD'; 'compute_kernel_config': 'std::nullopt'; 'dtype': 'DataType::BFLOAT16'; 'input_dtype': 'DataType::BFLOAT16'; 'is_quant_op': 'false'; 'is_sfpu': 'false'; 'is_where_op': 'false'; 'lhs_activations': '{}'; 'memory_config': 'MemoryConfig(memory_layout=TensorMemoryLayout::INTERLEAVED;buffer_type=BufferType::DRAM;shard_spec=std::nullopt;nd_shard_spec=std::nullopt;created_with_nd_shard_spec=0)'; 'post_activations': '{}'; 'rhs_activations': '{}'; 'scalar': 'std::nullopt'; 'sub_core_grids': 'std::nullopt'; 'subtile_broadcast_type': 'SubtileBroadcastType::NONE'; 'worker_grid': '{[(x=0;y=0) - (x=10;y=9)]}'},HiFi4,110,,,3806624101,3806624592,491,1626435279796,1626436740337,208,210,1081882,906407,906405,753094,905602,850957,1527,906404,906033,906067,904386,905544,,89184946,28409824,,3737958,68729342,,,80591360,20357663,,,,,,1[1],1[1],32[32],32[32],TILE,BFLOAT16,DEV_1_DRAM_INTERLEAVED,1[1],1[1],32[32],32[32],TILE,BFLOAT16,DEV_1_DRAM_INTERLEAVED,1[1],1[1],32[32],32[32],TILE,BFLOAT16,DEV_1_DRAM_INTERLEAVED,,,['ttnn/cpp/ttnn/operations/eltwise/binary_ng/device/kernels/compute/eltwise_binary_no_bcast.cpp'],['eltwise_binary_no_bcast/14288279633599727612/'],['ttnn/cpp/ttnn/operations/eltwise/binary_ng/device/kernels_ng/dataflow/reader_interleaved_no_bcast.cpp'; 'ttnn/cpp/ttnn/operations/eltwise/binary_ng/device/kernels_ng/dataflow/writer_interleaved_no_bcast.cpp'],['reader_interleaved_no_bcast/17691247497470902086/'; 'writer_interleaved_no_bcast/10311599973615775795/'],18417575360683381351,False,1300,1908,1460,672,1372,0,0,0,0,1,1,1,[],[],0.0,,,,,
BinaryNgDeviceOperation,tt_dnn_device,243712,0,,{'binary_op_type': 'BinaryOpType::ADD'; 'compute_kernel_config': 'std::nullopt'; 'dtype': 'DataType::BFLOAT16'; 'input_dtype': 'DataType::BFLOAT16'; 'is_quant_op': 'false'; 'is_sfpu': 'false'; 'is_where_op': 'false'; 'lhs_activations': '{}'; 'memory_config': 'MemoryConfig(memory_layout=TensorMemoryLayout::INTERLEAVED;buffer_type=BufferType::DRAM;shard_spec=std::nullopt;nd_shard_spec=std::nullopt;created_with_nd_shard_spec=0)'; 'post_activations': '{}'; 'rhs_activations': '{}'; 'scalar': 'std::nullopt'; 'sub_core_grids': 'std::nullopt'; 'subtile_broadcast_type': 'SubtileBroadcastType::NONE'; 'worker_grid': '{[(x=0;y=0) - (x=10;y=9)]}'},HiFi4,110,,,3806636575,3806637096,521,1626436535348,1626437954139,287,287,1050956,898827,898827,742743,898186,845370,1453,898821,898452,898472,896818,897956,,88571524,28481633,,3737176,68044822,,,79979617,20427788,,,,,,1[1],1[1],32[32],32[32],TILE,BFLOAT16,DEV_1_DRAM_INTERLEAVED,1[1],1[1],32[32],32[32],TILE,BFLOAT16,DEV_1_DRAM_INTERLEAVED,1[1],1[1],32[32],32[32],TILE,BFLOAT16,DEV_1_DRAM_INTERLEAVED,,,['ttnn/cpp/ttnn/operations/eltwise/binary_ng/device/kernels/compute/eltwise_binary_no_bcast.cpp'],['eltwise_binary_no_bcast/14288279633599727612/'],['ttnn/cpp/ttnn/operations/eltwise/binary_ng/device/kernels_ng/dataflow/reader_interleaved_no_bcast.cpp'; 'ttnn/cpp/ttnn/operations/eltwise/binary_ng/device/kernels_ng/dataflow/writer_interleaved_no_bcast.cpp'],['reader_interleaved_no_bcast/17691247497470902086/'; 'writer_interleaved_no_bcast/10311599973615775795/'],18417575360683381351,False,1300,1908,1460,672,1372,0,0,0,0,1,1,1,[],[],0.0,,,,,
BinaryNgDeviceOperation,tt_dnn_device,244736,0,,{'binary_op_type': 'BinaryOpType::ADD'; 'compute_kernel_config': 'std::nullopt'; 'dtype': 'DataType::BFLOAT16'; 'input_dtype': 'DataType::BFLOAT16'; 'is_quant_op': 'false'; 'is_sfpu': 'false'; 'is_where_op': 'false'; 'lhs_activations': '{}'; 'memory_config': 'MemoryConfig(memory_layout=TensorMemoryLayout::INTERLEAVED;buffer_type=BufferType::DRAM;shard_spec=std::nullopt;nd_shard_spec=std::nullopt;created_with_nd_shard_spec=0)'; 'post_activations': '{}'; 'rhs_activations': '{}'; 'scalar': 'std::nullopt'; 'sub_core_grids': 'std::nullopt'; 'subtile_broadcast_type': 'SubtileBroadcastType::NONE'; 'worker_grid': '{[(x=0;y=0) - (x=10;y=9)]}'},HiFi4,110,,,3806649349,3806649840,491,1626437745204,1626439185654,382,382,1067000,911853,911853,754018,911797,855399,1364,911846,911484,911505,909850,910989,,89674731,28433307,,3737481,69253421,,,81083653,20311000,,,,,,1[1],1[1],32[32],32[32],TILE,BFLOAT16,DEV_1_DRAM_INTERLEAVED,1[1],1[1],32[32],32[32],TILE,BFLOAT16,DEV_1_DRAM_INTERLEAVED,1[1],1[1],32[32],32[32],TILE,BFLOAT16,DEV_1_DRAM_INTERLEAVED,,,['ttnn/cpp/ttnn/operations/eltwise/binary_ng/device/kernels/compute/eltwise_binary_no_bcast.cpp'],['eltwise_binary_no_bcast/14288279633599727612/'],['ttnn/cpp/ttnn/operations/eltwise/binary_ng/device/kernels_ng/dataflow/reader_interleaved_no_bcast.cpp'; 'ttnn/cpp/ttnn/operations/eltwise/binary_ng/device/kernels_ng/dataflow/writer_interleaved_no_bcast.cpp'],['reader_interleaved_no_bcast/17691247497470902086/'; 'writer_interleaved_no_bcast/10311599973615775795/'],18417575360683381351,False,1300,1908,1460,672,1372,0,0,0,0,1,1,1,[],[],0.0,,,,,
BinaryNgDeviceOperation,tt_dnn_device,245760,0,,{'binary_op_type': 'BinaryOpType::ADD'; 'compute_kernel_config': 'std::nullopt'; 'dtype': 'DataType::BFLOAT16'; 'input_dtype': 'DataType::BFLOAT16'; 'is_quant_op': 'false'; 'is_sfpu': 'false'; 'is_where_op': 'false'; 'lhs_activations': '{}'; 'memory_config': 'MemoryConfig(memory_layout=TensorMemoryLayout::INTERLEAVED;buffer_type=BufferType::DRAM;shard_spec=std::nullopt;nd_shard_spec=std::nullopt;created_with_nd_shard_spec=0)'; 'post_activations': '{}'; 'rhs_activations': '{}'; 'scalar': 'std::nullopt'; 'sub_core_grids': 'std::nullopt'; 'subtile_broadcast_type': 'SubtileBroadcastType::NONE'; 'worker_grid': '{[(x=0;y=0) - (x=10;y=9)]}'},HiFi4,110,,,3806662184,3806662765,581,1626438974464,1626440405947,559,560,1060358,903359,903359,710710,902392,845527,1161,903359,902978,903012,901341,902496,,88589086,28364117,,3738130,68178830,,,79995889,20311419,,,,,,1[1],1[1],32[32],32[32],TILE,BFLOAT16,DEV_1_DRAM_INTERLEAVED,1[1],1[1],32[32],32[32],TILE,BFLOAT16,DEV_1_DRAM_INTERLEAVED,1[1],1[1],32[32],32[32],TILE,BFLOAT16,DEV_1_DRAM_INTERLEAVED,,,['ttnn/cpp/ttnn/operations/eltwise/binary_ng/device/kernels/compute/eltwise_binary_no_bcast.cpp'],['eltwise_binary_no_bcast/14288279633599727612/'],['ttnn/cpp/ttnn/operations/eltwise/binary_ng/device/kernels_ng/dataflow/reader_interleaved_no_bcast.cpp'; 'ttnn/cpp/ttnn/operations/eltwise/binary_ng/device/kernels_ng/dataflow/writer_interleaved_no_bcast.cpp'],['reader_interleaved_no_bcast/17691247497470902086/'; 'writer_interleaved_no_bcast/10311599973615775795/'],18417575360683381351,False,1300,1908,1460,672,1372,0,0,0,0,1,1,1,[],[],0.0,,,,,
BinaryNgDeviceOperation,tt_dnn_device,246784,0,,{'binary_op_type': 'BinaryOpType::ADD'; 'compute_kernel_config': 'std::nullopt'; 'dtype': 'DataType::BFLOAT16'; 'input_dtype': 'DataType::BFLOAT16'; 'is_quant_op': 'false'; 'is_sfpu': 'false'; 'is_where_op': 'false'; 'lhs_activations': '{}'; 'memory_config': 'MemoryConfig(memory_layout=TensorMemoryLayout::INTERLEAVED;buffer_type=BufferType::DRAM;shard_spec=std::nullopt;nd_shard_spec=std::nullopt;created_with_nd_shard_spec=0)'; 'post_activations': '{}'; 'rhs_activations': '{}'; 'scalar': 'std::nullopt'; 'sub_core_grids': 'std::nullopt'; 'subtile_broadcast_type': 'SubtileBroadcastType::NONE'; 'worker_grid': '{[(x=0;y=0) - (x=10;y=9)]}'},HiFi4,110,,,3806674798,3806675289,491,1626440147655,1626441630380,558,558,1098315,906433,906433,731352,906017,849828,1153,906430,906055,906077,904425,905561,,89062471,28293273,,3737766,68723970,,,80468625,20239663,,,,,,1[1],1[1],32[32],32[32],TILE,BFLOAT16,DEV_1_DRAM_INTERLEAVED,1[1],1[1],32[32],32[32],TILE,BFLOAT16,DEV_1_DRAM_INTERLEAVED,1[1],1[1],32[32],32[32],TILE,BFLOAT16,DEV_1_DRAM_INTERLEAVED,,,['ttnn/cpp/ttnn/operations/eltwise/binary_ng/device/kernels/compute/eltwise_binary_no_bcast.cpp'],['eltwise_binary_no_bcast/14288279633599727612/'],['ttnn/cpp/ttnn/operations/eltwise/binary_ng/device/kernels_ng/dataflow/reader_interleaved_no_bcast.cpp'; 'ttnn/cpp/ttnn/operations/eltwise/binary_ng/device/kernels_ng/dataflow/writer_interleaved_no_bcast.cpp'],['reader_interleaved_no_bcast/17691247497470902086/'; 'writer_interleaved_no_bcast/10311599973615775795/'],18417575360683381351,False,1300,1908,1460,672,1372,0,0,0,0,1,1,1,[],[],0.0,,,,,
BinaryNgDeviceOperation,tt_dnn_device,247808,0,,{'binary_op_type': 'BinaryOpType::ADD'; 'compute_kernel_config': 'std::nullopt'; 'dtype': 'DataType::BFLOAT16'; 'input_dtype': 'DataType::BFLOAT16'; 'is_quant_op': 'false'; 'is_sfpu': 'false'; 'is_where_op': 'false'; 'lhs_activations': '{}'; 'memory_config': 'MemoryConfig(memory_layout=TensorMemoryLayout::INTERLEAVED;buffer_type=BufferType::DRAM;shard_spec=std::nullopt;nd_shard_spec=std::nullopt;created_with_nd_shard_spec=0)'; 'post_activations': '{}'; 'rhs_activations': '{}'; 'scalar': 'std::nullopt'; 'sub_core_grids': 'std::nullopt'; 'subtile_broadcast_type': 'SubtileBroadcastType::NONE'; 'worker_grid': '{[(x=0;y=0) - (x=10;y=9)]}'},HiFi4,110,,,3806687092,3806687603,511,1626441395802,1626442855877,243,243,1081537,907531,907531,714073,907082,845914,1427,907531,907154,907178,905536,906669,,88631104,28421901,,3737801,68164143,,,80038239,20368372,,,,,,1[1],1[1],32[32],32[32],TILE,BFLOAT16,DEV_1_DRAM_INTERLEAVED,1[1],1[1],32[32],32[32],TILE,BFLOAT16,DEV_1_DRAM_INTERLEAVED,1[1],1[1],32[32],32[32],TILE,BFLOAT16,DEV_1_DRAM_INTERLEAVED,,,['ttnn/cpp/ttnn/operations/eltwise/binary_ng/device/kernels/compute/eltwise_binary_no_bcast.cpp'],['eltwise_binary_no_bcast/14288279633599727612/'],['ttnn/cpp/ttnn/operations/eltwise/binary_ng/device/kernels_ng/dataflow/reader_interleaved_no_bcast.cpp'; 'ttnn/cpp/ttnn/operations/eltwise/binary_ng/device/kernels_ng/dataflow/writer_interleaved_no_bcast.cpp'],['reader_interleaved_no_bcast/17691247497470902086/'; 'writer_interleaved_no_bcast/10311599973615775795/'],18417575360683381351,False,1300,1908,1460,672,1372,0,0,0,0,1,1,1,[],[],0.0,,,,,
BinaryNgDeviceOperation,tt_dnn_device,248832,0,,{'binary_op_type': 'BinaryOpType::ADD'; 'compute_kernel_config': 'std::nullopt'; 'dtype': 'DataType::BFLOAT16'; 'input_dtype': 'DataType::BFLOAT16'; 'is_quant_op': 'false'; 'is_sfpu': 'false'; 'is_where_op': 'false'; 'lhs_activations': '{}'; 'memory_config': 'MemoryConfig(memory_layout=TensorMemoryLayout::INTERLEAVED;buffer_type=BufferType::DRAM;shard_spec=std::nullopt;nd_shard_spec=std::nullopt;created_with_nd_shard_spec=0)'; 'post_activations': '{}'; 'rhs_activations': '{}'; 'scalar': 'std::nullopt'; 'sub_core_grids': 'std::nullopt'; 'subtile_broadcast_type': 'SubtileBroadcastType::NONE'; 'worker_grid': '{[(x=0;y=0) - (x=10;y=9)]}'},HiFi4,110,,,3806699646,3806700137,491,1626442596600,1626444085402,554,554,1102816,910195,910195,747733,909170,854647,1204,910195,909816,909845,908110,909332,,89592007,28391250,,3737781,69154781,,,80998047,20336719,,,,,,1[1],1[1],32[32],32[32],TILE,BFLOAT16,DEV_1_DRAM_INTERLEAVED,1[1],1[1],32[32],32[32],TILE,BFLOAT16,DEV_1_DRAM_INTERLEAVED,1[1],1[1],32[32],32[32],TILE,BFLOAT16,DEV_1_DRAM_INTERLEAVED,,,['ttnn/cpp/ttnn/operations/eltwise/binary_ng/device/kernels/compute/eltwise_binary_no_bcast.cpp'],['eltwise_binary_no_bcast/14288279633599727612/'],['ttnn/cpp/ttnn/operations/eltwise/binary_ng/device/kernels_ng/dataflow/reader_interleaved_no_bcast.cpp'; 'ttnn/cpp/ttnn/operations/eltwise/binary_ng/device/kernels_ng/dataflow/writer_interleaved_no_bcast.cpp'],['reader_interleaved_no_bcast/17691247497470902086/'; 'writer_interleaved_no_bcast/10311599973615775795/'],18417575360683381351,False,1300,1908,1460,672,1372,0,0,0,0,1,1,1,[],[],0.0,,,,,
BinaryNgDeviceOperation,tt_dnn_device,249856,0,,{'binary_op_type': 'BinaryOpType::ADD'; 'compute_kernel_config': 'std::nullopt'; 'dtype': 'DataType::BFLOAT16'; 'input_dtype': 'DataType::BFLOAT16'; 'is_quant_op': 'false'; 'is_sfpu': 'false'; 'is_where_op': 'false'; 'lhs_activations': '{}'; 'memory_config': 'MemoryConfig(memory_layout=TensorMemoryLayout::INTERLEAVED;buffer_type=BufferType::DRAM;shard_spec=std::nullopt;nd_shard_spec=std::nullopt;created_with_nd_shard_spec=0)'; 'post_activations': '{}'; 'rhs_activations': '{}'; 'scalar': 'std::nullopt'; 'sub_core_grids': 'std::nullopt'; 'subtile_broadcast_type': 'SubtileBroadcastType::NONE'; 'worker_grid': '{[(x=0;y=0) - (x=10;y=9)]}'},HiFi4,110,,,3806711889,3806712400,511,1626443868073,1626445301746,565,566,1061980,900441,900440,748070,899923,852595,1199,900440,900059,900098,898421,899582,,89358707,28411235,,3737277,68909533,,,80774181,20358905,,,,,,1[1],1[1],32[32],32[32],TILE,BFLOAT16,DEV_1_DRAM_INTERLEAVED,1[1],1[1],32[32],32[32],TILE,BFLOAT16,DEV_1_DRAM_INTERLEAVED,1[1],1[1],32[32],32[32],TILE,BFLOAT16,DEV_1_DRAM_INTERLEAVED,,,['ttnn/cpp/ttnn/operations/eltwise/binary_ng/device/kernels/compute/eltwise_binary_no_bcast.cpp'],['eltwise_binary_no_bcast/14288279633599727612/'],['ttnn/cpp/ttnn/operations/eltwise/binary_ng/device/kernels_ng/dataflow/reader_interleaved_no_bcast.cpp'; 'ttnn/cpp/ttnn/operations/eltwise/binary_ng/device/kernels_ng/dataflow/writer_interleaved_no_bcast.cpp'],['reader_interleaved_no_bcast/17691247497470902086/'; 'writer_interleaved_no_bcast/10311599973615775795/'],18417575360683381351,False,1300,1908,1460,672,1372,0,0,0,0,1,1,1,[],[],0.0,,,,,
UnaryDeviceOperation,tt_dnn_device,250880,0,,{'bfp8_pack_precise': 'false'; 'fp32_dest_acc_en': 'false'; 'op_chain': '{BasicUnaryWithParam<float; int; unsigned int>(base=BasicUnaryWithParam<float>(op_type=UnaryOpType::EXP;param={0}))}'; 'output_dtype': 'DataType::BFLOAT16'; 'output_memory_config': 'MemoryConfig(memory_layout=TensorMemoryLayout::INTERLEAVED;buffer_type=BufferType::DRAM;shard_spec=std::nullopt;nd_shard_spec=std::nullopt;created_with_nd_shard_spec=0)'; 'preserve_fp32_precision': 'false'; 'sub_core_grids': 'std::nullopt'},HiFi4,1,,,3842490034,3842492679,2645,1626445374945,1626445378114,54681,54733,2347,1883,1831,1883,1883,1883,92,1791,549,637,1501,231,,423,21,,21,1401,,,358,204,,,,,,1[1],1[1],32[32],32[32],TILE,BFLOAT16,DEV_1_DRAM_INTERLEAVED,,,,,,,,1[1],1[1],32[32],32[32],TILE,BFLOAT16,DEV_1_DRAM_INTERLEAVED,,,['ttnn/cpp/ttnn/operations/eltwise/unary/device/kernels/compute//eltwise_sfpu.cpp'],['eltwise_sfpu/10029552010278408165/'],['ttnn/cpp/ttnn/operations/eltwise/unary/device/kernels/dataflow/writer_unary_interleaved_start_id.cpp'; 'ttnn/cpp/ttnn/operations/eltwise/unary/device/kernels/dataflow/reader_unary_interleaved_start_id.cpp'],['writer_unary_interleaved_start_id/4894176828902453217/'; 'reader_unary_interleaved_start_id/1030765248970988015/'],6951186318373350250,False,1160,1076,1128,828,1180,0,0,0,0,1,1,1,[],[],0.053,,,,,
UnaryDeviceOperation,tt_dnn_device,251904,0,,{'bfp8_pack_precise': 'false'; 'fp32_dest_acc_en': 'false'; 'op_chain': '{BasicUnaryWithParam<float; int; unsigned int>(base=BasicUnaryWithParam<float>(op_type=UnaryOpType::EXP;param={0}))}'; 'output_dtype': 'DataType::BFLOAT16'; 'output_memory_config': 'MemoryConfig(memory_layout=TensorMemoryLayout::INTERLEAVED;buffer_type=BufferType::DRAM;shard_spec=std::nullopt;nd_shard_spec=std::nullopt;created_with_nd_shard_spec=0)'; 'preserve_fp32_precision': 'false'; 'sub_core_grids': 'std::nullopt'},HiFi4,1,,,3842501065,3842501967,902,1626445387003,1626445390275,7061,7102,2424,1948,1907,1948,1948,1948,84,1864,616,710,1566,230,,481,19,,21,1476,,,433,204,,,,,,1[1],1[1],32[32],32[32],TILE,BFLOAT16,DEV_1_DRAM_INTERLEAVED,,,,,,,,1[1],1[1],32[32],32[32],TILE,BFLOAT16,DEV_1_DRAM_INTERLEAVED,,,['ttnn/cpp/ttnn/operations/eltwise/unary/device/kernels/compute//eltwise_sfpu.cpp'],['eltwise_sfpu/10029552010278408165/'],['ttnn/cpp/ttnn/operations/eltwise/unary/device/kernels/dataflow/writer_unary_interleaved_start_id.cpp'; 'ttnn/cpp/ttnn/operations/eltwise/unary/device/kernels/dataflow/reader_unary_interleaved_start_id.cpp'],['writer_unary_interleaved_start_id/4894176828902453217/'; 'reader_unary_interleaved_start_id/1030765248970988015/'],6951186318373350250,False,1160,1076,1128,828,1180,0,0,0,0,1,1,1,[],[],0.051,,,,,
UnaryDeviceOperation,tt_dnn_device,252928,0,,{'bfp8_pack_precise': 'false'; 'fp32_dest_acc_en': 'false'; 'op_chain': '{BasicUnaryWithParam<float; int; unsigned int>(base=BasicUnaryWithParam<float>(op_type=UnaryOpType::EXP;param={0}))}'; 'output_dtype': 'DataType::BFLOAT16'; 'output_memory_config': 'MemoryConfig(memory_layout=TensorMemoryLayout::INTERLEAVED;buffer_type=BufferType::DRAM;shard_spec=std::nullopt;nd_shard_spec=std::nullopt;created_with_nd_shard_spec=0)'; 'preserve_fp32_precision': 'false'; 'sub_core_grids': 'std::nullopt'},HiFi4,1,,,3842508540,3842509301,761,1626445397213,1626445400399,5627,5667,2360,1873,1833,1873,1873,1873,80,1793,551,633,1491,216,,423,19,,21,1406,,,358,204,,,,,,1[1],1[1],32[32],32[32],TILE,BFLOAT16,DEV_1_DRAM_INTERLEAVED,,,,,,,,1[1],1[1],32[32],32[32],TILE,BFLOAT16,DEV_1_DRAM_INTERLEAVED,,,['ttnn/cpp/ttnn/operations/eltwise/unary/device/kernels/compute//eltwise_sfpu.cpp'],['eltwise_sfpu/10029552010278408165/'],['ttnn/cpp/ttnn/operations/eltwise/unary/device/kernels/dataflow/writer_unary_interleaved_start_id.cpp'; 'ttnn/cpp/ttnn/operations/eltwise/unary/device/kernels/dataflow/reader_unary_interleaved_start_id.cpp'],['writer_unary_interleaved_start_id/4894176828902453217/'; 'reader_unary_interleaved_start_id/1030765248970988015/'],6951186318373350250,False,1160,1076,1128,828,1180,0,0,0,0,1,1,1,[],[],0.053,,,,,
UnaryDeviceOperation,tt_dnn_device,253952,0,,{'bfp8_pack_precise': 'false'; 'fp32_dest_acc_en': 'false'; 'op_chain': '{BasicUnaryWithParam<float; int; unsigned int>(base=BasicUnaryWithParam<float>(op_type=UnaryOpType::EXP;param={0}))}'; 'output_dtype': 'DataType::BFLOAT16'; 'output_memory_config': 'MemoryConfig(memory_layout=TensorMemoryLayout::INTERLEAVED;buffer_type=BufferType::DRAM;shard_spec=std::nullopt;nd_shard_spec=std::nullopt;created_with_nd_shard_spec=0)'; 'preserve_fp32_precision': 'false'; 'sub_core_grids': 'std::nullopt'},HiFi4,1,,,3901688462,3901697941,9479,1626525270717,1626525273845,59163696,59163710,2317,1820,1806,1820,1820,1820,60,1760,517,604,1434,222,,393,15,,21,1373,,,357,198,,,,,,1[1],1[1],32[32],32[32],TILE,BFLOAT16,DEV_1_DRAM_INTERLEAVED,,,,,,,,1[1],1[1],32[32],32[32],TILE,BFLOAT16,DEV_1_DRAM_INTERLEAVED,,,['ttnn/cpp/ttnn/operations/eltwise/unary/device/kernels/compute//eltwise_sfpu.cpp'],['eltwise_sfpu/10029552010278408165/'],['ttnn/cpp/ttnn/operations/eltwise/unary/device/kernels/dataflow/writer_unary_interleaved_start_id.cpp'; 'ttnn/cpp/ttnn/operations/eltwise/unary/device/kernels/dataflow/reader_unary_interleaved_start_id.cpp'],['writer_unary_interleaved_start_id/4894176828902453217/'; 'reader_unary_interleaved_start_id/1030765248970988015/'],6951186318373350250,False,1160,1076,1128,828,1180,0,0,0,0,1,1,1,[],[],0.055,,,,,
UnaryDeviceOperation,tt_dnn_device,254976,0,,{'bfp8_pack_precise': 'false'; 'fp32_dest_acc_en': 'false'; 'op_chain': '{BasicUnaryWithParam<float; int; unsigned int>(base=BasicUnaryWithParam<float>(op_type=UnaryOpType::EXP;param={0}))}'; 'output_dtype': 'DataType::BFLOAT16'; 'output_memory_config': 'MemoryConfig(memory_layout=TensorMemoryLayout::INTERLEAVED;buffer_type=BufferType::DRAM;shard_spec=std::nullopt;nd_shard_spec=std::nullopt;created_with_nd_shard_spec=0)'; 'preserve_fp32_precision': 'false'; 'sub_core_grids': 'std::nullopt'},HiFi4,1,,,3901717588,3901719001,1413,1626525327802,1626525330971,40455,40467,2347,1860,1847,1860,1860,1860,73,1787,559,639,1471,230,,424,21,,21,1396,,,379,210,,,,,,1[1],1[1],32[32],32[32],TILE,BFLOAT16,DEV_1_DRAM_INTERLEAVED,,,,,,,,1[1],1[1],32[32],32[32],TILE,BFLOAT16,DEV_1_DRAM_INTERLEAVED,,,['ttnn/cpp/ttnn/operations/eltwise/unary/device/kernels/compute//eltwise_sfpu.cpp'],['eltwise_sfpu/10029552010278408165/'],['ttnn/cpp/ttnn/operations/eltwise/unary/device/kernels/dataflow/writer_unary_interleaved_start_id.cpp'; 'ttnn/cpp/ttnn/operations/eltwise/unary/device/kernels/dataflow/reader_unary_interleaved_start_id.cpp'],['writer_unary_interleaved_start_id/4894176828902453217/'; 'reader_unary_interleaved_start_id/1030765248970988015/'],6951186318373350250,False,1160,1076,1128,828,1180,0,0,0,0,1,1,1,[],[],0.054,,,,,
UnaryDeviceOperation,tt_dnn_device,256000,0,,{'bfp8_pack_precise': 'false'; 'fp32_dest_acc_en': 'false'; 'op_chain': '{BasicUnaryWithParam<float; int; unsigned int>(base=BasicUnaryWithParam<float>(op_type=UnaryOpType::EXP;param={0}))}'; 'output_dtype': 'DataType::BFLOAT16'; 'output_memory_config': 'MemoryConfig(memory_layout=TensorMemoryLayout::INTERLEAVED;buffer_type=BufferType::DRAM;shard_spec=std::nullopt;nd_shard_spec=std::nullopt;created_with_nd_shard_spec=0)'; 'preserve_fp32_precision': 'false'; 'sub_core_grids': 'std::nullopt'},HiFi4,1,,,3901731675,3901732657,982,1626525341661,1626525344834,8399,8434,2350,1871,1836,1871,1871,1871,73,1799,557,647,1489,233,,431,23,,21,1405,,,379,204,,,,,,1[1],1[1],32[32],32[32],TILE,BFLOAT16,DEV_1_DRAM_INTERLEAVED,,,,,,,,1[1],1[1],32[32],32[32],TILE,BFLOAT16,DEV_1_DRAM_INTERLEAVED,,,['ttnn/cpp/ttnn/operations/eltwise/unary/device/kernels/compute//eltwise_sfpu.cpp'],['eltwise_sfpu/10029552010278408165/'],['ttnn/cpp/ttnn/operations/eltwise/unary/device/kernels/dataflow/writer_unary_interleaved_start_id.cpp'; 'ttnn/cpp/ttnn/operations/eltwise/unary/device/kernels/dataflow/reader_unary_interleaved_start_id.cpp'],['writer_unary_interleaved_start_id/4894176828902453217/'; 'reader_unary_interleaved_start_id/1030765248970988015/'],6951186318373350250,False,1160,1076,1128,828,1180,0,0,0,0,1,1,1,[],[],0.053,,,,,
MatmulDeviceOperation,tt_dnn_device,257024,0,,{'bcast_batch': 'true'; 'compute_kernel_config': 'ComputeKernelConfig(math_fidelity=HiFi4;math_approx_mode=1;fp32_dest_acc_en=0;packer_l1_acc=0;dst_full_sync_en=0;throttle_level=ThrottleLevel::NO_THROTTLE)'; 'global_cb': 'std::nullopt'; 'output_dtype': 'DataType::BFLOAT16'; 'output_mem_config': 'MemoryConfig(memory_layout=TensorMemoryLayout::INTERLEAVED;buffer_type=BufferType::DRAM;shard_spec=std::nullopt;nd_shard_spec=std::nullopt;created_with_nd_shard_spec=0)'; 'output_tile': 'Tile(tile_shape={32; 32};face_shape={16; 16};num_faces=4)'; 'program_config': 'MatmulMultiCoreReuseMultiCastProgramConfig(compute_with_storage_grid_size=(x=11;y=10);in0_block_w=1;out_subblock_h=7;out_subblock_w=1;out_block_h=7;out_block_w=6;per_core_M=7;per_core_N=6;transpose_mcast=0;fused_activation=std::nullopt;fuse_batch=0)'; 'sub_device_id': 'std::nullopt'; 'transpose_a': 'false'; 'transpose_b': 'false'; 'untilize_out': 'false'; 'user_core_coord': 'std::nullopt'; 'user_fused_activation': 'std::nullopt'; 'user_run_batched': 'false'},HiFi4,110,,,3901822490,3901824854,2364,1626525479338,1626525810206,101476,101477,245087,243242,243241,208447,242895,223060,569,243239,206281,210222,210168,210637,,1113466,1385381,15472872,10026227,347533,,324792,705465,570706,1315,5914196,11073807,,,1[1],1[1],2048[2048],2048[2048],TILE,BFLOAT16,DEV_1_DRAM_INTERLEAVED,1[1],1[1],2048[2048],2048[2048],TILE,BFLOAT16,DEV_1_DRAM_INTERLEAVED,1[1],1[1],2048[2048],2048[2048],TILE,BFLOAT16,DEV_1_DRAM_INTERLEAVED,,,['ttnn/cpp/ttnn/operations/matmul/device/kernels/compute/bmm_large_block_zm_fused_bias_activation.cpp'],['bmm_large_block_zm_fused_bias_activation/11192068228048673779/'],['ttnn/cpp/ttnn/operations/matmul/device/kernels/dataflow/reader_bmm_tile_layout_in0_receiver.cpp'; 'ttnn/cpp/ttnn/operations/matmul/device/kernels/dataflow/reader_bmm_tile_layout_in1_receiver_writer_padding.cpp'; 'ttnn/cpp/ttnn/operations/matmul/device/kernels/dataflow/reader_bmm_tile_layout_in1_sender_writer_padding.cpp'; 'ttnn/cpp/ttnn/operations/matmul/device/kernels/dataflow/reader_bmm_tile_layout_in0_sender_padding.cpp'],['reader_bmm_tile_layout_in0_receiver/17102645427523872040/'; 'reader_bmm_tile_layout_in1_receiver_writer_padding/6891074587381327447/'; 'reader_bmm_tile_layout_in1_sender_writer_padding/16442118699542722342/'; 'reader_bmm_tile_layout_in0_sender_padding/10830808842372326572/'],10238499019388009662,False,2300,1304,2092,2744,2888,0,0,0,0,112979,112979,15258,[74.249267578125; 74.249267578125],[74.249267578125],46.447,,,,,
MatmulDeviceOperation,tt_dnn_device,258048,0,,{'bcast_batch': 'true'; 'compute_kernel_config': 'ComputeKernelConfig(math_fidelity=HiFi4;math_approx_mode=1;fp32_dest_acc_en=0;packer_l1_acc=0;dst_full_sync_en=0;throttle_level=ThrottleLevel::NO_THROTTLE)'; 'global_cb': 'std::nullopt'; 'output_dtype': 'DataType::BFLOAT16'; 'output_mem_config': 'MemoryConfig(memory_layout=TensorMemoryLayout::INTERLEAVED;buffer_type=BufferType::DRAM;shard_spec=std::nullopt;nd_shard_spec=std::nullopt;created_with_nd_shard_spec=0)'; 'output_tile': 'Tile(tile_shape={32; 32};face_shape={16; 16};num_faces=4)'; 'program_config': 'MatmulMultiCoreReuseMultiCastProgramConfig(compute_with_storage_grid_size=(x=11;y=10);in0_block_w=1;out_subblock_h=7;out_subblock_w=1;out_block_h=7;out_block_w=6;per_core_M=7;per_core_N=6;transpose_mcast=0;fused_activation=std::nullopt;fuse_batch=0)'; 'sub_device_id': 'std::nullopt'; 'transpose_a': 'false'; 'transpose_b': 'false'; 'untilize_out': 'false'; 'user_core_coord': 'std::nullopt'; 'user_fused_activation': 'std::nullopt'; 'user_run_batched': 'false'},HiFi4,110,,,3901838430,3901839162,732,1626525765363,1626526139596,259,259,277210,243727,243727,208958,242564,223183,1610,243727,206542,210481,210432,210901,,1140573,1369551,10322111,10081070,262804,,353953,687845,571470,1327,11137057,11058084,,,1[1],1[1],2048[2048],2048[2048],TILE,BFLOAT16,DEV_1_DRAM_INTERLEAVED,1[1],1[1],2048[2048],2048[2048],TILE,BFLOAT16,DEV_1_DRAM_INTERLEAVED,1[1],1[1],2048[2048],2048[2048],TILE,BFLOAT16,DEV_1_DRAM_INTERLEAVED,,,['ttnn/cpp/ttnn/operations/matmul/device/kernels/compute/bmm_large_block_zm_fused_bias_activation.cpp'],['bmm_large_block_zm_fused_bias_activation/11192068228048673779/'],['ttnn/cpp/ttnn/operations/matmul/device/kernels/dataflow/reader_bmm_tile_layout_in0_receiver.cpp'; 'ttnn/cpp/ttnn/operations/matmul/device/kernels/dataflow/reader_bmm_tile_layout_in1_receiver_writer_padding.cpp'; 'ttnn/cpp/ttnn/operations/matmul/device/kernels/dataflow/reader_bmm_tile_layout_in1_sender_writer_padding.cpp'; 'ttnn/cpp/ttnn/operations/matmul/device/kernels/dataflow/reader_bmm_tile_layout_in0_sender_padding.cpp'],['reader_bmm_tile_layout_in0_receiver/17102645427523872040/'; 'reader_bmm_tile_layout_in1_receiver_writer_padding/6891074587381327447/'; 'reader_bmm_tile_layout_in1_sender_writer_padding/16442118699542722342/'; 'reader_bmm_tile_layout_in0_sender_padding/10830808842372326572/'],10238499019388009662,False,2300,1304,2092,2744,2888,0,0,0,0,112979,112979,15258,[74.249267578125; 74.249267578125],[74.249267578125],46.355,,,,,
MatmulDeviceOperation,tt_dnn_device,259072,0,,{'bcast_batch': 'true'; 'compute_kernel_config': 'ComputeKernelConfig(math_fidelity=HiFi4;math_approx_mode=1;fp32_dest_acc_en=0;packer_l1_acc=0;dst_full_sync_en=0;throttle_level=ThrottleLevel::NO_THROTTLE)'; 'global_cb': 'std::nullopt'; 'output_dtype': 'DataType::BFLOAT16'; 'output_mem_config': 'MemoryConfig(memory_layout=TensorMemoryLayout::INTERLEAVED;buffer_type=BufferType::DRAM;shard_spec=std::nullopt;nd_shard_spec=std::nullopt;created_with_nd_shard_spec=0)'; 'output_tile': 'Tile(tile_shape={32; 32};face_shape={16; 16};num_faces=4)'; 'program_config': 'MatmulMultiCoreReuseMultiCastProgramConfig(compute_with_storage_grid_size=(x=11;y=10);in0_block_w=1;out_subblock_h=7;out_subblock_w=1;out_block_h=7;out_block_w=6;per_core_M=7;per_core_N=6;transpose_mcast=0;fused_activation=std::nullopt;fuse_batch=0)'; 'sub_device_id': 'std::nullopt'; 'transpose_a': 'false'; 'transpose_b': 'false'; 'untilize_out': 'false'; 'user_core_coord': 'std::nullopt'; 'user_fused_activation': 'std::nullopt'; 'user_run_batched': 'false'},HiFi4,110,,,3901848660,3901849261,601,1626526094700,1626526469134,261,264,277359,243841,243839,209072,242577,223243,1577,243838,206507,210430,210386,210859,,1129240,1367490,10345146,10205149,264930,,351217,693358,562431,1316,11111993,10926577,,,1[1],1[1],2048[2048],2048[2048],TILE,BFLOAT16,DEV_1_DRAM_INTERLEAVED,1[1],1[1],2048[2048],2048[2048],TILE,BFLOAT16,DEV_1_DRAM_INTERLEAVED,1[1],1[1],2048[2048],2048[2048],TILE,BFLOAT16,DEV_1_DRAM_INTERLEAVED,,,['ttnn/cpp/ttnn/operations/matmul/device/kernels/compute/bmm_large_block_zm_fused_bias_activation.cpp'],['bmm_large_block_zm_fused_bias_activation/11192068228048673779/'],['ttnn/cpp/ttnn/operations/matmul/device/kernels/dataflow/reader_bmm_tile_layout_in0_receiver.cpp'; 'ttnn/cpp/ttnn/operations/matmul/device/kernels/dataflow/reader_bmm_tile_layout_in1_receiver_writer_padding.cpp'; 'ttnn/cpp/ttnn/operations/matmul/device/kernels/dataflow/reader_bmm_tile_layout_in1_sender_writer_padding.cpp'; 'ttnn/cpp/ttnn/operations/matmul/device/kernels/dataflow/reader_bmm_tile_layout_in0_sender_padding.cpp'],['reader_bmm_tile_layout_in0_receiver/17102645427523872040/'; 'reader_bmm_tile_layout_in1_receiver_writer_padding/6891074587381327447/'; 'reader_bmm_tile_layout_in1_sender_writer_padding/16442118699542722342/'; 'reader_bmm_tile_layout_in0_sender_padding/10830808842372326572/'],10238499019388009662,False,2300,1304,2092,2744,2888,0,0,0,0,112979,112979,15258,[74.249267578125; 74.249267578125],[74.249267578125],46.333,,,,,
MatmulDeviceOperation,tt_dnn_device,260096,0,,{'bcast_batch': 'true'; 'compute_kernel_config': 'ComputeKernelConfig(math_fidelity=HiFi4;math_approx_mode=1;fp32_dest_acc_en=0;packer_l1_acc=0;dst_full_sync_en=0;throttle_level=ThrottleLevel::NO_THROTTLE)'; 'global_cb': 'std::nullopt'; 'output_dtype': 'DataType::BFLOAT16'; 'output_mem_config': 'MemoryConfig(memory_layout=TensorMemoryLayout::INTERLEAVED;buffer_type=BufferType::DRAM;shard_spec=std::nullopt;nd_shard_spec=std::nullopt;created_with_nd_shard_spec=0)'; 'output_tile': 'Tile(tile_shape={32; 32};face_shape={16; 16};num_faces=4)'; 'program_config': 'MatmulMultiCoreReuseMultiCastProgramConfig(compute_with_storage_grid_size=(x=11;y=10);in0_block_w=1;out_subblock_h=7;out_subblock_w=1;out_block_h=7;out_block_w=6;per_core_M=7;per_core_N=6;transpose_mcast=0;fused_activation=std::nullopt;fuse_batch=0)'; 'sub_device_id': 'std::nullopt'; 'transpose_a': 'false'; 'transpose_b': 'false'; 'untilize_out': 'false'; 'user_core_coord': 'std::nullopt'; 'user_fused_activation': 'std::nullopt'; 'user_run_batched': 'false'},HiFi4,110,,,3901859611,3901860393,782,1626526424191,1626526798846,258,258,277522,243979,243979,209144,242578,222814,1582,243971,206490,210598,210545,211016,,1124269,1355759,9943416,10367951,254534,,347233,686153,567360,1319,11525936,10767069,,,1[1],1[1],2048[2048],2048[2048],TILE,BFLOAT16,DEV_1_DRAM_INTERLEAVED,1[1],1[1],2048[2048],2048[2048],TILE,BFLOAT16,DEV_1_DRAM_INTERLEAVED,1[1],1[1],2048[2048],2048[2048],TILE,BFLOAT16,DEV_1_DRAM_INTERLEAVED,,,['ttnn/cpp/ttnn/operations/matmul/device/kernels/compute/bmm_large_block_zm_fused_bias_activation.cpp'],['bmm_large_block_zm_fused_bias_activation/11192068228048673779/'],['ttnn/cpp/ttnn/operations/matmul/device/kernels/dataflow/reader_bmm_tile_layout_in0_receiver.cpp'; 'ttnn/cpp/ttnn/operations/matmul/device/kernels/dataflow/reader_bmm_tile_layout_in1_receiver_writer_padding.cpp'; 'ttnn/cpp/ttnn/operations/matmul/device/kernels/dataflow/reader_bmm_tile_layout_in1_sender_writer_padding.cpp'; 'ttnn/cpp/ttnn/operations/matmul/device/kernels/dataflow/reader_bmm_tile_layout_in0_sender_padding.cpp'],['reader_bmm_tile_layout_in0_receiver/17102645427523872040/'; 'reader_bmm_tile_layout_in1_receiver_writer_padding/6891074587381327447/'; 'reader_bmm_tile_layout_in1_sender_writer_padding/16442118699542722342/'; 'reader_bmm_tile_layout_in0_sender_padding/10830808842372326572/'],10238499019388009662,False,2300,1304,2092,2744,2888,0,0,0,0,112979,112979,15258,[74.249267578125; 74.249267578125],[74.249267578125],46.307,,,,,
MatmulDeviceOperation,tt_dnn_device,261120,0,,{'bcast_batch': 'true'; 'compute_kernel_config': 'ComputeKernelConfig(math_fidelity=HiFi4;math_approx_mode=1;fp32_dest_acc_en=0;packer_l1_acc=0;dst_full_sync_en=0;throttle_level=ThrottleLevel::NO_THROTTLE)'; 'global_cb': 'std::nullopt'; 'output_dtype': 'DataType::BFLOAT16'; 'output_mem_config': 'MemoryConfig(memory_layout=TensorMemoryLayout::INTERLEAVED;buffer_type=BufferType::DRAM;shard_spec=std::nullopt;nd_shard_spec=std::nullopt;created_with_nd_shard_spec=0)'; 'output_tile': 'Tile(tile_shape={32; 32};face_shape={16; 16};num_faces=4)'; 'program_config': 'MatmulMultiCoreReuseMultiCastProgramConfig(compute_with_storage_grid_size=(x=11;y=10);in0_block_w=1;out_subblock_h=7;out_subblock_w=1;out_block_h=7;out_block_w=6;per_core_M=7;per_core_N=6;transpose_mcast=0;fused_activation=std::nullopt;fuse_batch=0)'; 'sub_device_id': 'std::nullopt'; 'transpose_a': 'false'; 'transpose_b': 'false'; 'untilize_out': 'false'; 'user_core_coord': 'std::nullopt'; 'user_fused_activation': 'std::nullopt'; 'user_run_batched': 'false'},HiFi4,110,,,3901869350,3901869861,511,1626526753623,1626527127626,257,260,277039,243284,243281,208877,242256,222842,1532,243278,206561,210467,210413,210884,,1123978,1360966,10373942,10517446,260158,,346480,682981,546869,1312,11089270,10626308,,,1[1],1[1],2048[2048],2048[2048],TILE,BFLOAT16,DEV_1_DRAM_INTERLEAVED,1[1],1[1],2048[2048],2048[2048],TILE,BFLOAT16,DEV_1_DRAM_INTERLEAVED,1[1],1[1],2048[2048],2048[2048],TILE,BFLOAT16,DEV_1_DRAM_INTERLEAVED,,,['ttnn/cpp/ttnn/operations/matmul/device/kernels/compute/bmm_large_block_zm_fused_bias_activation.cpp'],['bmm_large_block_zm_fused_bias_activation/11192068228048673779/'],['ttnn/cpp/ttnn/operations/matmul/device/kernels/dataflow/reader_bmm_tile_layout_in0_receiver.cpp'; 'ttnn/cpp/ttnn/operations/matmul/device/kernels/dataflow/reader_bmm_tile_layout_in1_receiver_writer_padding.cpp'; 'ttnn/cpp/ttnn/operations/matmul/device/kernels/dataflow/reader_bmm_tile_layout_in1_sender_writer_padding.cpp'; 'ttnn/cpp/ttnn/operations/matmul/device/kernels/dataflow/reader_bmm_tile_layout_in0_sender_padding.cpp'],['reader_bmm_tile_layout_in0_receiver/17102645427523872040/'; 'reader_bmm_tile_layout_in1_receiver_writer_padding/6891074587381327447/'; 'reader_bmm_tile_layout_in1_sender_writer_padding/16442118699542722342/'; 'reader_bmm_tile_layout_in0_sender_padding/10830808842372326572/'],10238499019388009662,False,2300,1304,2092,2744,2888,0,0,0,0,112979,112979,15258,[74.249267578125; 74.249267578125],[74.249267578125],46.439,,,,,
MatmulDeviceOperation,tt_dnn_device,262144,0,,{'bcast_batch': 'true'; 'compute_kernel_config': 'ComputeKernelConfig(math_fidelity=HiFi4;math_approx_mode=1;fp32_dest_acc_en=0;packer_l1_acc=0;dst_full_sync_en=0;throttle_level=ThrottleLevel::NO_THROTTLE)'; 'global_cb': 'std::nullopt'; 'output_dtype': 'DataType::BFLOAT16'; 'output_mem_config': 'MemoryConfig(memory_layout=TensorMemoryLayout::INTERLEAVED;buffer_type=BufferType::DRAM;shard_spec=std::nullopt;nd_shard_spec=std::nullopt;created_with_nd_shard_spec=0)'; 'output_tile': 'Tile(tile_shape={32; 32};face_shape={16; 16};num_faces=4)'; 'program_config': 'MatmulMultiCoreReuseMultiCastProgramConfig(compute_with_storage_grid_size=(x=11;y=10);in0_block_w=1;out_subblock_h=7;out_subblock_w=1;out_block_h=7;out_block_w=6;per_core_M=7;per_core_N=6;transpose_mcast=0;fused_activation=std::nullopt;fuse_batch=0)'; 'sub_device_id': 'std::nullopt'; 'transpose_a': 'false'; 'transpose_b': 'false'; 'untilize_out': 'false'; 'user_core_coord': 'std::nullopt'; 'user_fused_activation': 'std::nullopt'; 'user_run_batched': 'false'},HiFi4,110,,,3901878638,3901879269,631,1626527083230,1626527457033,214,214,276891,243787,243787,209079,242639,223035,1593,243784,206479,210623,210567,211053,,1141828,1363552,10039752,10421179,253106,,348953,680093,573980,1322,11436524,10718944,,,1[1],1[1],2048[2048],2048[2048],TILE,BFLOAT16,DEV_1_DRAM_INTERLEAVED,1[1],1[1],2048[2048],2048[2048],TILE,BFLOAT16,DEV_1_DRAM_INTERLEAVED,1[1],1[1],2048[2048],2048[2048],TILE,BFLOAT16,DEV_1_DRAM_INTERLEAVED,,,['ttnn/cpp/ttnn/operations/matmul/device/kernels/compute/bmm_large_block_zm_fused_bias_activation.cpp'],['bmm_large_block_zm_fused_bias_activation/11192068228048673779/'],['ttnn/cpp/ttnn/operations/matmul/device/kernels/dataflow/reader_bmm_tile_layout_in0_receiver.cpp'; 'ttnn/cpp/ttnn/operations/matmul/device/kernels/dataflow/reader_bmm_tile_layout_in1_receiver_writer_padding.cpp'; 'ttnn/cpp/ttnn/operations/matmul/device/kernels/dataflow/reader_bmm_tile_layout_in1_sender_writer_padding.cpp'; 'ttnn/cpp/ttnn/operations/matmul/device/kernels/dataflow/reader_bmm_tile_layout_in0_sender_padding.cpp'],['reader_bmm_tile_layout_in0_receiver/17102645427523872040/'; 'reader_bmm_tile_layout_in1_receiver_writer_padding/6891074587381327447/'; 'reader_bmm_tile_layout_in1_sender_writer_padding/16442118699542722342/'; 'reader_bmm_tile_layout_in0_sender_padding/10830808842372326572/'],10238499019388009662,False,2300,1304,2092,2744,2888,0,0,0,0,112979,112979,15258,[74.249267578125; 74.249267578125],[74.249267578125],46.343,,,,,
MatmulDeviceOperation,tt_dnn_device,263168,0,,{'bcast_batch': 'true'; 'compute_kernel_config': 'ComputeKernelConfig(math_fidelity=HiFi4;math_approx_mode=1;fp32_dest_acc_en=0;packer_l1_acc=0;dst_full_sync_en=0;throttle_level=ThrottleLevel::NO_THROTTLE)'; 'global_cb': 'std::nullopt'; 'output_dtype': 'DataType::BFLOAT16'; 'output_mem_config': 'MemoryConfig(memory_layout=TensorMemoryLayout::INTERLEAVED;buffer_type=BufferType::DRAM;shard_spec=std::nullopt;nd_shard_spec=std::nullopt;created_with_nd_shard_spec=0)'; 'output_tile': 'Tile(tile_shape={32; 32};face_shape={16; 16};num_faces=4)'; 'program_config': 'MatmulMultiCoreReuseMultiCastProgramConfig(compute_with_storage_grid_size=(x=11;y=10);in0_block_w=1;out_subblock_h=7;out_subblock_w=1;out_block_h=7;out_block_w=6;per_core_M=7;per_core_N=6;transpose_mcast=0;fused_activation=std::nullopt;fuse_batch=0)'; 'sub_device_id': 'std::nullopt'; 'transpose_a': 'false'; 'transpose_b': 'false'; 'untilize_out': 'false'; 'user_core_coord': 'std::nullopt'; 'user_fused_activation': 'std::nullopt'; 'user_run_batched': 'false'},HiFi4,110,,,3901888437,3901888817,380,1626527412209,1626527785685,210,210,276649,243234,243234,208793,241818,222910,1619,243232,206471,210397,210350,210822,,1120716,1361501,10084189,9726994,261350,,351828,720267,553368,1290,11365889,11376966,,,1[1],1[1],2048[2048],2048[2048],TILE,BFLOAT16,DEV_1_DRAM_INTERLEAVED,1[1],1[1],2048[2048],2048[2048],TILE,BFLOAT16,DEV_1_DRAM_INTERLEAVED,1[1],1[1],2048[2048],2048[2048],TILE,BFLOAT16,DEV_1_DRAM_INTERLEAVED,,,['ttnn/cpp/ttnn/operations/matmul/device/kernels/compute/bmm_large_block_zm_fused_bias_activation.cpp'],['bmm_large_block_zm_fused_bias_activation/11192068228048673779/'],['ttnn/cpp/ttnn/operations/matmul/device/kernels/dataflow/reader_bmm_tile_layout_in0_receiver.cpp'; 'ttnn/cpp/ttnn/operations/matmul/device/kernels/dataflow/reader_bmm_tile_layout_in1_receiver_writer_padding.cpp'; 'ttnn/cpp/ttnn/operations/matmul/device/kernels/dataflow/reader_bmm_tile_layout_in1_sender_writer_padding.cpp'; 'ttnn/cpp/ttnn/operations/matmul/device/kernels/dataflow/reader_bmm_tile_layout_in0_sender_padding.cpp'],['reader_bmm_tile_layout_in0_receiver/17102645427523872040/'; 'reader_bmm_tile_layout_in1_receiver_writer_padding/6891074587381327447/'; 'reader_bmm_tile_layout_in1_sender_writer_padding/16442118699542722342/'; 'reader_bmm_tile_layout_in0_sender_padding/10830808842372326572/'],10238499019388009662,False,2300,1304,2092,2744,2888,0,0,0,0,112979,112979,15258,[74.249267578125; 74.249267578125],[74.249267578125],46.449,,,,,
MatmulDeviceOperation,tt_dnn_device,264192,0,,{'bcast_batch': 'true'; 'compute_kernel_config': 'ComputeKernelConfig(math_fidelity=HiFi4;math_approx_mode=1;fp32_dest_acc_en=0;packer_l1_acc=0;dst_full_sync_en=0;throttle_level=ThrottleLevel::NO_THROTTLE)'; 'global_cb': 'std::nullopt'; 'output_dtype': 'DataType::BFLOAT16'; 'output_mem_config': 'MemoryConfig(memory_layout=TensorMemoryLayout::INTERLEAVED;buffer_type=BufferType::DRAM;shard_spec=std::nullopt;nd_shard_spec=std::nullopt;created_with_nd_shard_spec=0)'; 'output_tile': 'Tile(tile_shape={32; 32};face_shape={16; 16};num_faces=4)'; 'program_config': 'MatmulMultiCoreReuseMultiCastProgramConfig(compute_with_storage_grid_size=(x=11;y=10);in0_block_w=1;out_subblock_h=7;out_subblock_w=1;out_block_h=7;out_block_w=6;per_core_M=7;per_core_N=6;transpose_mcast=0;fused_activation=std::nullopt;fuse_batch=0)'; 'sub_device_id': 'std::nullopt'; 'transpose_a': 'false'; 'transpose_b': 'false'; 'untilize_out': 'false'; 'user_core_coord': 'std::nullopt'; 'user_fused_activation': 'std::nullopt'; 'user_run_batched': 'false'},HiFi4,110,,,3901897414,3901897835,421,1626527741226,1626528114790,203,204,276714,243579,243578,208964,242213,223017,1630,243578,206423,210410,210350,210827,,1128664,1370100,10517711,9970246,262873,,349438,694508,590404,1310,10936856,11161707,,,1[1],1[1],2048[2048],2048[2048],TILE,BFLOAT16,DEV_1_DRAM_INTERLEAVED,1[1],1[1],2048[2048],2048[2048],TILE,BFLOAT16,DEV_1_DRAM_INTERLEAVED,1[1],1[1],2048[2048],2048[2048],TILE,BFLOAT16,DEV_1_DRAM_INTERLEAVED,,,['ttnn/cpp/ttnn/operations/matmul/device/kernels/compute/bmm_large_block_zm_fused_bias_activation.cpp'],['bmm_large_block_zm_fused_bias_activation/11192068228048673779/'],['ttnn/cpp/ttnn/operations/matmul/device/kernels/dataflow/reader_bmm_tile_layout_in0_receiver.cpp'; 'ttnn/cpp/ttnn/operations/matmul/device/kernels/dataflow/reader_bmm_tile_layout_in1_receiver_writer_padding.cpp'; 'ttnn/cpp/ttnn/operations/matmul/device/kernels/dataflow/reader_bmm_tile_layout_in1_sender_writer_padding.cpp'; 'ttnn/cpp/ttnn/operations/matmul/device/kernels/dataflow/reader_bmm_tile_layout_in0_sender_padding.cpp'],['reader_bmm_tile_layout_in0_receiver/17102645427523872040/'; 'reader_bmm_tile_layout_in1_receiver_writer_padding/6891074587381327447/'; 'reader_bmm_tile_layout_in1_sender_writer_padding/16442118699542722342/'; 'reader_bmm_tile_layout_in0_sender_padding/10830808842372326572/'],10238499019388009662,False,2300,1304,2092,2744,2888,0,0,0,0,112979,112979,15258,[74.249267578125; 74.249267578125],[74.249267578125],46.383,,,,,
MatmulDeviceOperation,tt_dnn_device,265216,0,,{'bcast_batch': 'true'; 'compute_kernel_config': 'ComputeKernelConfig(math_fidelity=HiFi4;math_approx_mode=1;fp32_dest_acc_en=0;packer_l1_acc=0;dst_full_sync_en=0;throttle_level=ThrottleLevel::NO_THROTTLE)'; 'global_cb': 'std::nullopt'; 'output_dtype': 'DataType::BFLOAT16'; 'output_mem_config': 'MemoryConfig(memory_layout=TensorMemoryLayout::INTERLEAVED;buffer_type=BufferType::DRAM;shard_spec=std::nullopt;nd_shard_spec=std::nullopt;created_with_nd_shard_spec=0)'; 'output_tile': 'Tile(tile_shape={32; 32};face_shape={16; 16};num_faces=4)'; 'program_config': 'MatmulMultiCoreReuseMultiCastProgramConfig(compute_with_storage_grid_size=(x=11;y=10);in0_block_w=1;out_subblock_h=7;out_subblock_w=1;out_block_h=7;out_block_w=6;per_core_M=7;per_core_N=6;transpose_mcast=0;fused_activation=std::nullopt;fuse_batch=0)'; 'sub_device_id': 'std::nullopt'; 'transpose_a': 'false'; 'transpose_b': 'false'; 'untilize_out': 'false'; 'user_core_coord': 'std::nullopt'; 'user_fused_activation': 'std::nullopt'; 'user_run_batched': 'false'},HiFi4,110,,,3901906201,3901906662,461,1626528070091,1626528443428,261,261,276546,243176,243176,209051,241987,223723,1556,243176,207091,212589,212533,213012,,1123138,1524081,12770230,13063583,296059,,352497,683118,517110,1287,8820522,8192317,,,1[1],1[1],2048[2048],2048[2048],TILE,BFLOAT16,DEV_1_DRAM_INTERLEAVED,1[1],1[1],2048[2048],2048[2048],TILE,BFLOAT16,DEV_1_DRAM_INTERLEAVED,1[1],1[1],2048[2048],2048[2048],TILE,BFLOAT16,DEV_1_DRAM_INTERLEAVED,,,['ttnn/cpp/ttnn/operations/matmul/device/kernels/compute/bmm_large_block_zm_fused_bias_activation.cpp'],['bmm_large_block_zm_fused_bias_activation/11192068228048673779/'],['ttnn/cpp/ttnn/operations/matmul/device/kernels/dataflow/reader_bmm_tile_layout_in0_receiver.cpp'; 'ttnn/cpp/ttnn/operations/matmul/device/kernels/dataflow/reader_bmm_tile_layout_in1_receiver_writer_padding.cpp'; 'ttnn/cpp/ttnn/operations/matmul/device/kernels/dataflow/reader_bmm_tile_layout_in1_sender_writer_padding.cpp'; 'ttnn/cpp/ttnn/operations/matmul/device/kernels/dataflow/reader_bmm_tile_layout_in0_sender_padding.cpp'],['reader_bmm_tile_layout_in0_receiver/17102645427523872040/'; 'reader_bmm_tile_layout_in1_receiver_writer_padding/6891074587381327447/'; 'reader_bmm_tile_layout_in1_sender_writer_padding/16442118699542722342/'; 'reader_bmm_tile_layout_in0_sender_padding/10830808842372326572/'],10238499019388009662,False,2300,1304,2092,2744,2888,0,0,0,0,112979,112979,15258,[74.249267578125; 74.249267578125],[74.249267578125],46.46,,,,,
MatmulDeviceOperation,tt_dnn_device,266240,0,,{'bcast_batch': 'true'; 'compute_kernel_config': 'ComputeKernelConfig(math_fidelity=HiFi4;math_approx_mode=1;fp32_dest_acc_en=0;packer_l1_acc=0;dst_full_sync_en=0;throttle_level=ThrottleLevel::NO_THROTTLE)'; 'global_cb': 'std::nullopt'; 'output_dtype': 'DataType::BFLOAT16'; 'output_mem_config': 'MemoryConfig(memory_layout=TensorMemoryLayout::INTERLEAVED;buffer_type=BufferType::DRAM;shard_spec=std::nullopt;nd_shard_spec=std::nullopt;created_with_nd_shard_spec=0)'; 'output_tile': 'Tile(tile_shape={32; 32};face_shape={16; 16};num_faces=4)'; 'program_config': 'MatmulMultiCoreReuseMultiCastProgramConfig(compute_with_storage_grid_size=(x=11;y=10);in0_block_w=1;out_subblock_h=7;out_subblock_w=1;out_block_h=7;out_block_w=6;per_core_M=7;per_core_N=6;transpose_mcast=0;fused_activation=std::nullopt;fuse_batch=0)'; 'sub_device_id': 'std::nullopt'; 'transpose_a': 'false'; 'transpose_b': 'false'; 'untilize_out': 'false'; 'user_core_coord': 'std::nullopt'; 'user_fused_activation': 'std::nullopt'; 'user_run_batched': 'false'},HiFi4,110,,,3901915559,3901915939,380,1626528399612,1626528772696,260,262,276359,243642,243640,209259,242432,223290,1576,243632,206587,210822,210769,211244,,1149177,1378477,9772367,11169276,247616,,348374,612533,573971,1316,11721617,10042510,,,1[1],1[1],2048[2048],2048[2048],TILE,BFLOAT16,DEV_1_DRAM_INTERLEAVED,1[1],1[1],2048[2048],2048[2048],TILE,BFLOAT16,DEV_1_DRAM_INTERLEAVED,1[1],1[1],2048[2048],2048[2048],TILE,BFLOAT16,DEV_1_DRAM_INTERLEAVED,,,['ttnn/cpp/ttnn/operations/matmul/device/kernels/compute/bmm_large_block_zm_fused_bias_activation.cpp'],['bmm_large_block_zm_fused_bias_activation/11192068228048673779/'],['ttnn/cpp/ttnn/operations/matmul/device/kernels/dataflow/reader_bmm_tile_layout_in0_receiver.cpp'; 'ttnn/cpp/ttnn/operations/matmul/device/kernels/dataflow/reader_bmm_tile_layout_in1_receiver_writer_padding.cpp'; 'ttnn/cpp/ttnn/operations/matmul/device/kernels/dataflow/reader_bmm_tile_layout_in1_sender_writer_padding.cpp'; 'ttnn/cpp/ttnn/operations/matmul/device/kernels/dataflow/reader_bmm_tile_layout_in0_sender_padding.cpp'],['reader_bmm_tile_layout_in0_receiver/17102645427523872040/'; 'reader_bmm_tile_layout_in1_receiver_writer_padding/6891074587381327447/'; 'reader_bmm_tile_layout_in1_sender_writer_padding/16442118699542722342/'; 'reader_bmm_tile_layout_in0_sender_padding/10830808842372326572/'],10238499019388009662,False,2300,1304,2092,2744,2888,0,0,0,0,112979,112979,15258,[74.249267578125; 74.249267578125],[74.249267578125],46.371,,,,,
MatmulDeviceOperation,tt_dnn_device,267264,0,,{'bcast_batch': 'true'; 'compute_kernel_config': 'ComputeKernelConfig(math_fidelity=HiFi4;math_approx_mode=1;fp32_dest_acc_en=0;packer_l1_acc=0;dst_full_sync_en=0;throttle_level=ThrottleLevel::NO_THROTTLE)'; 'global_cb': 'std::nullopt'; 'output_dtype': 'DataType::BFLOAT16'; 'output_mem_config': 'MemoryConfig(memory_layout=TensorMemoryLayout::INTERLEAVED;buffer_type=BufferType::DRAM;shard_spec=std::nullopt;nd_shard_spec=std::nullopt;created_with_nd_shard_spec=0)'; 'output_tile': 'Tile(tile_shape={32; 32};face_shape={16; 16};num_faces=4)'; 'program_config': 'MatmulMultiCoreReuseMultiCastProgramConfig(compute_with_storage_grid_size=(x=11;y=10);in0_block_w=1;out_subblock_h=7;out_subblock_w=1;out_block_h=7;out_block_w=6;per_core_M=7;per_core_N=6;transpose_mcast=0;fused_activation=std::nullopt;fuse_batch=0)'; 'sub_device_id': 'std::nullopt'; 'transpose_a': 'false'; 'transpose_b': 'false'; 'untilize_out': 'false'; 'user_core_coord': 'std::nullopt'; 'user_fused_activation': 'std::nullopt'; 'user_run_batched': 'false'},HiFi4,110,,,3901924346,3901924736,390,1626528728321,1626529102730,261,261,277340,244208,244208,209447,242919,223345,1540,244208,206660,210578,210533,211007,,1144836,1366816,10418716,9992476,268833,,350530,715789,570058,1301,11047401,11137790,,,1[1],1[1],2048[2048],2048[2048],TILE,BFLOAT16,DEV_1_DRAM_INTERLEAVED,1[1],1[1],2048[2048],2048[2048],TILE,BFLOAT16,DEV_1_DRAM_INTERLEAVED,1[1],1[1],2048[2048],2048[2048],TILE,BFLOAT16,DEV_1_DRAM_INTERLEAVED,,,['ttnn/cpp/ttnn/operations/matmul/device/kernels/compute/bmm_large_block_zm_fused_bias_activation.cpp'],['bmm_large_block_zm_fused_bias_activation/11192068228048673779/'],['ttnn/cpp/ttnn/operations/matmul/device/kernels/dataflow/reader_bmm_tile_layout_in0_receiver.cpp'; 'ttnn/cpp/ttnn/operations/matmul/device/kernels/dataflow/reader_bmm_tile_layout_in1_receiver_writer_padding.cpp'; 'ttnn/cpp/ttnn/operations/matmul/device/kernels/dataflow/reader_bmm_tile_layout_in1_sender_writer_padding.cpp'; 'ttnn/cpp/ttnn/operations/matmul/device/kernels/dataflow/reader_bmm_tile_layout_in0_sender_padding.cpp'],['reader_bmm_tile_layout_in0_receiver/17102645427523872040/'; 'reader_bmm_tile_layout_in1_receiver_writer_padding/6891074587381327447/'; 'reader_bmm_tile_layout_in1_sender_writer_padding/16442118699542722342/'; 'reader_bmm_tile_layout_in0_sender_padding/10830808842372326572/'],10238499019388009662,False,2300,1304,2092,2744,2888,0,0,0,0,112979,112979,15258,[74.249267578125; 74.249267578125],[74.249267578125],46.263,,,,,
MatmulDeviceOperation,tt_dnn_device,268288,0,,{'bcast_batch': 'true'; 'compute_kernel_config': 'ComputeKernelConfig(math_fidelity=HiFi4;math_approx_mode=1;fp32_dest_acc_en=0;packer_l1_acc=0;dst_full_sync_en=0;throttle_level=ThrottleLevel::NO_THROTTLE)'; 'global_cb': 'std::nullopt'; 'output_dtype': 'DataType::BFLOAT16'; 'output_mem_config': 'MemoryConfig(memory_layout=TensorMemoryLayout::INTERLEAVED;buffer_type=BufferType::DRAM;shard_spec=std::nullopt;nd_shard_spec=std::nullopt;created_with_nd_shard_spec=0)'; 'output_tile': 'Tile(tile_shape={32; 32};face_shape={16; 16};num_faces=4)'; 'program_config': 'MatmulMultiCoreReuseMultiCastProgramConfig(compute_with_storage_grid_size=(x=11;y=10);in0_block_w=1;out_subblock_h=7;out_subblock_w=1;out_block_h=7;out_block_w=6;per_core_M=7;per_core_N=6;transpose_mcast=0;fused_activation=std::nullopt;fuse_batch=0)'; 'sub_device_id': 'std::nullopt'; 'transpose_a': 'false'; 'transpose_b': 'false'; 'untilize_out': 'false'; 'user_core_coord': 'std::nullopt'; 'user_fused_activation': 'std::nullopt'; 'user_run_batched': 'false'},HiFi4,110,,,3901933263,3901933673,410,1626529057642,1626529433709,240,240,278568,244937,244937,209218,243594,223535,1550,244937,206453,210688,210630,211104,,1149024,1371103,10070858,10874684,251207,,338443,634650,613216,1315,11420173,10306999,,,1[1],1[1],2048[2048],2048[2048],TILE,BFLOAT16,DEV_1_DRAM_INTERLEAVED,1[1],1[1],2048[2048],2048[2048],TILE,BFLOAT16,DEV_1_DRAM_INTERLEAVED,1[1],1[1],2048[2048],2048[2048],TILE,BFLOAT16,DEV_1_DRAM_INTERLEAVED,,,['ttnn/cpp/ttnn/operations/matmul/device/kernels/compute/bmm_large_block_zm_fused_bias_activation.cpp'],['bmm_large_block_zm_fused_bias_activation/11192068228048673779/'],['ttnn/cpp/ttnn/operations/matmul/device/kernels/dataflow/reader_bmm_tile_layout_in0_receiver.cpp'; 'ttnn/cpp/ttnn/operations/matmul/device/kernels/dataflow/reader_bmm_tile_layout_in1_receiver_writer_padding.cpp'; 'ttnn/cpp/ttnn/operations/matmul/device/kernels/dataflow/reader_bmm_tile_layout_in1_sender_writer_padding.cpp'; 'ttnn/cpp/ttnn/operations/matmul/device/kernels/dataflow/reader_bmm_tile_layout_in0_sender_padding.cpp'],['reader_bmm_tile_layout_in0_receiver/17102645427523872040/'; 'reader_bmm_tile_layout_in1_receiver_writer_padding/6891074587381327447/'; 'reader_bmm_tile_layout_in1_sender_writer_padding/16442118699542722342/'; 'reader_bmm_tile_layout_in0_sender_padding/10830808842372326572/'],10238499019388009662,False,2300,1304,2092,2744,2888,0,0,0,0,112979,112979,15258,[74.249267578125; 74.249267578125],[74.249267578125],46.126,,,,,
MatmulDeviceOperation,tt_dnn_device,269312,0,,{'bcast_batch': 'true'; 'compute_kernel_config': 'ComputeKernelConfig(math_fidelity=HiFi4;math_approx_mode=1;fp32_dest_acc_en=0;packer_l1_acc=0;dst_full_sync_en=0;throttle_level=ThrottleLevel::NO_THROTTLE)'; 'global_cb': 'std::nullopt'; 'output_dtype': 'DataType::BFLOAT16'; 'output_mem_config': 'MemoryConfig(memory_layout=TensorMemoryLayout::INTERLEAVED;buffer_type=BufferType::DRAM;shard_spec=std::nullopt;nd_shard_spec=std::nullopt;created_with_nd_shard_spec=0)'; 'output_tile': 'Tile(tile_shape={32; 32};face_shape={16; 16};num_faces=4)'; 'program_config': 'MatmulMultiCoreReuseMultiCastProgramConfig(compute_with_storage_grid_size=(x=11;y=10);in0_block_w=1;out_subblock_h=7;out_subblock_w=1;out_block_h=7;out_block_w=6;per_core_M=7;per_core_N=6;transpose_mcast=0;fused_activation=std::nullopt;fuse_batch=0)'; 'sub_device_id': 'std::nullopt'; 'transpose_a': 'false'; 'transpose_b': 'false'; 'untilize_out': 'false'; 'user_core_coord': 'std::nullopt'; 'user_fused_activation': 'std::nullopt'; 'user_run_batched': 'false'},HiFi4,110,,,3901943222,3901943973,751,1626529387533,1626529763020,250,250,278139,243683,243683,209064,242679,223269,1545,243683,206629,210562,210510,210982,,1141470,1376953,10001187,10435232,254539,,348790,676597,578245,1315,11467753,10714316,,,1[1],1[1],2048[2048],2048[2048],TILE,BFLOAT16,DEV_1_DRAM_INTERLEAVED,1[1],1[1],2048[2048],2048[2048],TILE,BFLOAT16,DEV_1_DRAM_INTERLEAVED,1[1],1[1],2048[2048],2048[2048],TILE,BFLOAT16,DEV_1_DRAM_INTERLEAVED,,,['ttnn/cpp/ttnn/operations/matmul/device/kernels/compute/bmm_large_block_zm_fused_bias_activation.cpp'],['bmm_large_block_zm_fused_bias_activation/11192068228048673779/'],['ttnn/cpp/ttnn/operations/matmul/device/kernels/dataflow/reader_bmm_tile_layout_in0_receiver.cpp'; 'ttnn/cpp/ttnn/operations/matmul/device/kernels/dataflow/reader_bmm_tile_layout_in1_receiver_writer_padding.cpp'; 'ttnn/cpp/ttnn/operations/matmul/device/kernels/dataflow/reader_bmm_tile_layout_in1_sender_writer_padding.cpp'; 'ttnn/cpp/ttnn/operations/matmul/device/kernels/dataflow/reader_bmm_tile_layout_in0_sender_padding.cpp'],['reader_bmm_tile_layout_in0_receiver/17102645427523872040/'; 'reader_bmm_tile_layout_in1_receiver_writer_padding/6891074587381327447/'; 'reader_bmm_tile_layout_in1_sender_writer_padding/16442118699542722342/'; 'reader_bmm_tile_layout_in0_sender_padding/10830808842372326572/'],10238499019388009662,False,2300,1304,2092,2744,2888,0,0,0,0,112979,112979,15258,[74.249267578125; 74.249267578125],[74.249267578125],46.363,,,,,
MatmulDeviceOperation,tt_dnn_device,270336,0,,{'bcast_batch': 'true'; 'compute_kernel_config': 'ComputeKernelConfig(math_fidelity=HiFi4;math_approx_mode=1;fp32_dest_acc_en=0;packer_l1_acc=0;dst_full_sync_en=0;throttle_level=ThrottleLevel::NO_THROTTLE)'; 'global_cb': 'std::nullopt'; 'output_dtype': 'DataType::BFLOAT16'; 'output_mem_config': 'MemoryConfig(memory_layout=TensorMemoryLayout::INTERLEAVED;buffer_type=BufferType::DRAM;shard_spec=std::nullopt;nd_shard_spec=std::nullopt;created_with_nd_shard_spec=0)'; 'output_tile': 'Tile(tile_shape={32; 32};face_shape={16; 16};num_faces=4)'; 'program_config': 'MatmulMultiCoreReuseMultiCastProgramConfig(compute_with_storage_grid_size=(x=11;y=10);in0_block_w=1;out_subblock_h=7;out_subblock_w=1;out_block_h=7;out_block_w=6;per_core_M=7;per_core_N=6;transpose_mcast=0;fused_activation=std::nullopt;fuse_batch=0)'; 'sub_device_id': 'std::nullopt'; 'transpose_a': 'false'; 'transpose_b': 'false'; 'untilize_out': 'false'; 'user_core_coord': 'std::nullopt'; 'user_fused_activation': 'std::nullopt'; 'user_run_batched': 'false'},HiFi4,110,,,3901952259,3901952650,391,1626529718318,1626530092784,205,207,277382,244056,244055,208949,242670,223023,1579,244042,206521,210472,210412,210886,,1133693,1365032,10437170,10368441,262433,,349826,677844,554950,1321,11023803,10776787,,,1[1],1[1],2048[2048],2048[2048],TILE,BFLOAT16,DEV_1_DRAM_INTERLEAVED,1[1],1[1],2048[2048],2048[2048],TILE,BFLOAT16,DEV_1_DRAM_INTERLEAVED,1[1],1[1],2048[2048],2048[2048],TILE,BFLOAT16,DEV_1_DRAM_INTERLEAVED,,,['ttnn/cpp/ttnn/operations/matmul/device/kernels/compute/bmm_large_block_zm_fused_bias_activation.cpp'],['bmm_large_block_zm_fused_bias_activation/11192068228048673779/'],['ttnn/cpp/ttnn/operations/matmul/device/kernels/dataflow/reader_bmm_tile_layout_in0_receiver.cpp'; 'ttnn/cpp/ttnn/operations/matmul/device/kernels/dataflow/reader_bmm_tile_layout_in1_receiver_writer_padding.cpp'; 'ttnn/cpp/ttnn/operations/matmul/device/kernels/dataflow/reader_bmm_tile_layout_in1_sender_writer_padding.cpp'; 'ttnn/cpp/ttnn/operations/matmul/device/kernels/dataflow/reader_bmm_tile_layout_in0_sender_padding.cpp'],['reader_bmm_tile_layout_in0_receiver/17102645427523872040/'; 'reader_bmm_tile_layout_in1_receiver_writer_padding/6891074587381327447/'; 'reader_bmm_tile_layout_in1_sender_writer_padding/16442118699542722342/'; 'reader_bmm_tile_layout_in0_sender_padding/10830808842372326572/'],10238499019388009662,False,2300,1304,2092,2744,2888,0,0,0,0,112979,112979,15258,[74.249267578125; 74.249267578125],[74.249267578125],46.292,,,,,
MatmulDeviceOperation,tt_dnn_device,271360,0,,{'bcast_batch': 'true'; 'compute_kernel_config': 'ComputeKernelConfig(math_fidelity=HiFi4;math_approx_mode=1;fp32_dest_acc_en=0;packer_l1_acc=0;dst_full_sync_en=0;throttle_level=ThrottleLevel::NO_THROTTLE)'; 'global_cb': 'std::nullopt'; 'output_dtype': 'DataType::BFLOAT16'; 'output_mem_config': 'MemoryConfig(memory_layout=TensorMemoryLayout::INTERLEAVED;buffer_type=BufferType::DRAM;shard_spec=std::nullopt;nd_shard_spec=std::nullopt;created_with_nd_shard_spec=0)'; 'output_tile': 'Tile(tile_shape={32; 32};face_shape={16; 16};num_faces=4)'; 'program_config': 'MatmulMultiCoreReuseMultiCastProgramConfig(compute_with_storage_grid_size=(x=11;y=10);in0_block_w=1;out_subblock_h=7;out_subblock_w=1;out_block_h=7;out_block_w=6;per_core_M=7;per_core_N=6;transpose_mcast=0;fused_activation=std::nullopt;fuse_batch=0)'; 'sub_device_id': 'std::nullopt'; 'transpose_a': 'false'; 'transpose_b': 'false'; 'untilize_out': 'false'; 'user_core_coord': 'std::nullopt'; 'user_fused_activation': 'std::nullopt'; 'user_run_batched': 'false'},HiFi4,110,,,3901960886,3901961266,380,1626530047420,1626530421345,208,208,276981,243178,243178,209584,241916,223687,1588,243178,207167,212599,212542,213028,,1127144,1536727,13047490,13577206,307154,,338468,656901,533841,1304,8560543,7707355,,,1[1],1[1],2048[2048],2048[2048],TILE,BFLOAT16,DEV_1_DRAM_INTERLEAVED,1[1],1[1],2048[2048],2048[2048],TILE,BFLOAT16,DEV_1_DRAM_INTERLEAVED,1[1],1[1],2048[2048],2048[2048],TILE,BFLOAT16,DEV_1_DRAM_INTERLEAVED,,,['ttnn/cpp/ttnn/operations/matmul/device/kernels/compute/bmm_large_block_zm_fused_bias_activation.cpp'],['bmm_large_block_zm_fused_bias_activation/11192068228048673779/'],['ttnn/cpp/ttnn/operations/matmul/device/kernels/dataflow/reader_bmm_tile_layout_in0_receiver.cpp'; 'ttnn/cpp/ttnn/operations/matmul/device/kernels/dataflow/reader_bmm_tile_layout_in1_receiver_writer_padding.cpp'; 'ttnn/cpp/ttnn/operations/matmul/device/kernels/dataflow/reader_bmm_tile_layout_in1_sender_writer_padding.cpp'; 'ttnn/cpp/ttnn/operations/matmul/device/kernels/dataflow/reader_bmm_tile_layout_in0_sender_padding.cpp'],['reader_bmm_tile_layout_in0_receiver/17102645427523872040/'; 'reader_bmm_tile_layout_in1_receiver_writer_padding/6891074587381327447/'; 'reader_bmm_tile_layout_in1_sender_writer_padding/16442118699542722342/'; 'reader_bmm_tile_layout_in0_sender_padding/10830808842372326572/'],10238499019388009662,False,2300,1304,2092,2744,2888,0,0,0,0,112979,112979,15258,[74.249267578125; 74.249267578125],[74.249267578125],46.459,,,,,
MatmulDeviceOperation,tt_dnn_device,272384,0,,{'bcast_batch': 'true'; 'compute_kernel_config': 'ComputeKernelConfig(math_fidelity=HiFi4;math_approx_mode=1;fp32_dest_acc_en=0;packer_l1_acc=0;dst_full_sync_en=0;throttle_level=ThrottleLevel::NO_THROTTLE)'; 'global_cb': 'std::nullopt'; 'output_dtype': 'DataType::BFLOAT16'; 'output_mem_config': 'MemoryConfig(memory_layout=TensorMemoryLayout::INTERLEAVED;buffer_type=BufferType::DRAM;shard_spec=std::nullopt;nd_shard_spec=std::nullopt;created_with_nd_shard_spec=0)'; 'output_tile': 'Tile(tile_shape={32; 32};face_shape={16; 16};num_faces=4)'; 'program_config': 'MatmulMultiCoreReuseMultiCastProgramConfig(compute_with_storage_grid_size=(x=11;y=10);in0_block_w=1;out_subblock_h=7;out_subblock_w=1;out_block_h=7;out_block_w=6;per_core_M=7;per_core_N=6;transpose_mcast=0;fused_activation=std::nullopt;fuse_batch=0)'; 'sub_device_id': 'std::nullopt'; 'transpose_a': 'false'; 'transpose_b': 'false'; 'untilize_out': 'false'; 'user_core_coord': 'std::nullopt'; 'user_fused_activation': 'std::nullopt'; 'user_run_batched': 'false'},HiFi4,110,,,3901970174,3901970574,400,1626530378257,1626530750390,252,252,275654,243486,243486,209136,242275,223191,1536,243486,206371,210492,210430,210914,,1118307,1355664,10190347,10763729,254060,,346793,642658,601530,1321,11274012,10400932,,,1[1],1[1],2048[2048],2048[2048],TILE,BFLOAT16,DEV_1_DRAM_INTERLEAVED,1[1],1[1],2048[2048],2048[2048],TILE,BFLOAT16,DEV_1_DRAM_INTERLEAVED,1[1],1[1],2048[2048],2048[2048],TILE,BFLOAT16,DEV_1_DRAM_INTERLEAVED,,,['ttnn/cpp/ttnn/operations/matmul/device/kernels/compute/bmm_large_block_zm_fused_bias_activation.cpp'],['bmm_large_block_zm_fused_bias_activation/11192068228048673779/'],['ttnn/cpp/ttnn/operations/matmul/device/kernels/dataflow/reader_bmm_tile_layout_in0_receiver.cpp'; 'ttnn/cpp/ttnn/operations/matmul/device/kernels/dataflow/reader_bmm_tile_layout_in1_receiver_writer_padding.cpp'; 'ttnn/cpp/ttnn/operations/matmul/device/kernels/dataflow/reader_bmm_tile_layout_in1_sender_writer_padding.cpp'; 'ttnn/cpp/ttnn/operations/matmul/device/kernels/dataflow/reader_bmm_tile_layout_in0_sender_padding.cpp'],['reader_bmm_tile_layout_in0_receiver/17102645427523872040/'; 'reader_bmm_tile_layout_in1_receiver_writer_padding/6891074587381327447/'; 'reader_bmm_tile_layout_in1_sender_writer_padding/16442118699542722342/'; 'reader_bmm_tile_layout_in0_sender_padding/10830808842372326572/'],10238499019388009662,False,2300,1304,2092,2744,2888,0,0,0,0,112979,112979,15258,[74.249267578125; 74.249267578125],[74.249267578125],46.401,,,,,
MatmulDeviceOperation,tt_dnn_device,273408,0,,{'bcast_batch': 'true'; 'compute_kernel_config': 'ComputeKernelConfig(math_fidelity=HiFi4;math_approx_mode=1;fp32_dest_acc_en=0;packer_l1_acc=0;dst_full_sync_en=0;throttle_level=ThrottleLevel::NO_THROTTLE)'; 'global_cb': 'std::nullopt'; 'output_dtype': 'DataType::BFLOAT16'; 'output_mem_config': 'MemoryConfig(memory_layout=TensorMemoryLayout::INTERLEAVED;buffer_type=BufferType::DRAM;shard_spec=std::nullopt;nd_shard_spec=std::nullopt;created_with_nd_shard_spec=0)'; 'output_tile': 'Tile(tile_shape={32; 32};face_shape={16; 16};num_faces=4)'; 'program_config': 'MatmulMultiCoreReuseMultiCastProgramConfig(compute_with_storage_grid_size=(x=11;y=10);in0_block_w=1;out_subblock_h=7;out_subblock_w=1;out_block_h=7;out_block_w=6;per_core_M=7;per_core_N=6;transpose_mcast=0;fused_activation=std::nullopt;fuse_batch=0)'; 'sub_device_id': 'std::nullopt'; 'transpose_a': 'false'; 'transpose_b': 'false'; 'untilize_out': 'false'; 'user_core_coord': 'std::nullopt'; 'user_fused_activation': 'std::nullopt'; 'user_run_batched': 'false'},HiFi4,110,,,3901979011,3901979471,460,1626530706049,1626531080858,150,151,277636,244642,244641,209051,243310,223467,1632,244634,206609,210528,210466,210946,,1141372,1361444,10397945,9891784,259858,,342717,705190,606582,1282,11075214,11241687,,,1[1],1[1],2048[2048],2048[2048],TILE,BFLOAT16,DEV_1_DRAM_INTERLEAVED,1[1],1[1],2048[2048],2048[2048],TILE,BFLOAT16,DEV_1_DRAM_INTERLEAVED,1[1],1[1],2048[2048],2048[2048],TILE,BFLOAT16,DEV_1_DRAM_INTERLEAVED,,,['ttnn/cpp/ttnn/operations/matmul/device/kernels/compute/bmm_large_block_zm_fused_bias_activation.cpp'],['bmm_large_block_zm_fused_bias_activation/11192068228048673779/'],['ttnn/cpp/ttnn/operations/matmul/device/kernels/dataflow/reader_bmm_tile_layout_in0_receiver.cpp'; 'ttnn/cpp/ttnn/operations/matmul/device/kernels/dataflow/reader_bmm_tile_layout_in1_receiver_writer_padding.cpp'; 'ttnn/cpp/ttnn/operations/matmul/device/kernels/dataflow/reader_bmm_tile_layout_in1_sender_writer_padding.cpp'; 'ttnn/cpp/ttnn/operations/matmul/device/kernels/dataflow/reader_bmm_tile_layout_in0_sender_padding.cpp'],['reader_bmm_tile_layout_in0_receiver/17102645427523872040/'; 'reader_bmm_tile_layout_in1_receiver_writer_padding/6891074587381327447/'; 'reader_bmm_tile_layout_in1_sender_writer_padding/16442118699542722342/'; 'reader_bmm_tile_layout_in0_sender_padding/10830808842372326572/'],10238499019388009662,False,2300,1304,2092,2744,2888,0,0,0,0,112979,112979,15258,[74.249267578125; 74.249267578125],[74.249267578125],46.181,,,,,
MatmulDeviceOperation,tt_dnn_device,274432,0,,{'bcast_batch': 'true'; 'compute_kernel_config': 'ComputeKernelConfig(math_fidelity=HiFi4;math_approx_mode=1;fp32_dest_acc_en=0;packer_l1_acc=0;dst_full_sync_en=0;throttle_level=ThrottleLevel::NO_THROTTLE)'; 'global_cb': 'std::nullopt'; 'output_dtype': 'DataType::BFLOAT16'; 'output_mem_config': 'MemoryConfig(memory_layout=TensorMemoryLayout::INTERLEAVED;buffer_type=BufferType::DRAM;shard_spec=std::nullopt;nd_shard_spec=std::nullopt;created_with_nd_shard_spec=0)'; 'output_tile': 'Tile(tile_shape={32; 32};face_shape={16; 16};num_faces=4)'; 'program_config': 'MatmulMultiCoreReuseMultiCastProgramConfig(compute_with_storage_grid_size=(x=11;y=10);in0_block_w=1;out_subblock_h=7;out_subblock_w=1;out_block_h=7;out_block_w=6;per_core_M=7;per_core_N=6;transpose_mcast=0;fused_activation=std::nullopt;fuse_batch=0)'; 'sub_device_id': 'std::nullopt'; 'transpose_a': 'false'; 'transpose_b': 'false'; 'untilize_out': 'false'; 'user_core_coord': 'std::nullopt'; 'user_fused_activation': 'std::nullopt'; 'user_run_batched': 'false'},HiFi4,110,,,3901987717,3901988098,381,1626531034856,1626531411330,254,254,278870,244540,244540,209180,243292,223196,1531,244540,206550,210708,210656,211136,,1147995,1371327,9884821,10695593,251136,,350176,676239,589177,1316,11595533,10454595,,,1[1],1[1],2048[2048],2048[2048],TILE,BFLOAT16,DEV_1_DRAM_INTERLEAVED,1[1],1[1],2048[2048],2048[2048],TILE,BFLOAT16,DEV_1_DRAM_INTERLEAVED,1[1],1[1],2048[2048],2048[2048],TILE,BFLOAT16,DEV_1_DRAM_INTERLEAVED,,,['ttnn/cpp/ttnn/operations/matmul/device/kernels/compute/bmm_large_block_zm_fused_bias_activation.cpp'],['bmm_large_block_zm_fused_bias_activation/11192068228048673779/'],['ttnn/cpp/ttnn/operations/matmul/device/kernels/dataflow/reader_bmm_tile_layout_in0_receiver.cpp'; 'ttnn/cpp/ttnn/operations/matmul/device/kernels/dataflow/reader_bmm_tile_layout_in1_receiver_writer_padding.cpp'; 'ttnn/cpp/ttnn/operations/matmul/device/kernels/dataflow/reader_bmm_tile_layout_in1_sender_writer_padding.cpp'; 'ttnn/cpp/ttnn/operations/matmul/device/kernels/dataflow/reader_bmm_tile_layout_in0_sender_padding.cpp'],['reader_bmm_tile_layout_in0_receiver/17102645427523872040/'; 'reader_bmm_tile_layout_in1_receiver_writer_padding/6891074587381327447/'; 'reader_bmm_tile_layout_in1_sender_writer_padding/16442118699542722342/'; 'reader_bmm_tile_layout_in0_sender_padding/10830808842372326572/'],10238499019388009662,False,2300,1304,2092,2744,2888,0,0,0,0,112979,112979,15258,[74.249267578125; 74.249267578125],[74.249267578125],46.201,,,,,
MatmulDeviceOperation,tt_dnn_device,275456,0,,{'bcast_batch': 'true'; 'compute_kernel_config': 'ComputeKernelConfig(math_fidelity=HiFi4;math_approx_mode=1;fp32_dest_acc_en=0;packer_l1_acc=0;dst_full_sync_en=0;throttle_level=ThrottleLevel::NO_THROTTLE)'; 'global_cb': 'std::nullopt'; 'output_dtype': 'DataType::BFLOAT16'; 'output_mem_config': 'MemoryConfig(memory_layout=TensorMemoryLayout::INTERLEAVED;buffer_type=BufferType::DRAM;shard_spec=std::nullopt;nd_shard_spec=std::nullopt;created_with_nd_shard_spec=0)'; 'output_tile': 'Tile(tile_shape={32; 32};face_shape={16; 16};num_faces=4)'; 'program_config': 'MatmulMultiCoreReuseMultiCastProgramConfig(compute_with_storage_grid_size=(x=11;y=10);in0_block_w=1;out_subblock_h=7;out_subblock_w=1;out_block_h=7;out_block_w=6;per_core_M=7;per_core_N=6;transpose_mcast=0;fused_activation=std::nullopt;fuse_batch=0)'; 'sub_device_id': 'std::nullopt'; 'transpose_a': 'false'; 'transpose_b': 'false'; 'untilize_out': 'false'; 'user_core_coord': 'std::nullopt'; 'user_fused_activation': 'std::nullopt'; 'user_run_batched': 'false'},HiFi4,110,,,3901997035,3901997436,401,1626531365630,1626531742016,254,254,278804,244698,244698,209008,243526,223681,1557,244696,206444,210599,210553,211027,,1136415,1382356,10009421,11023161,248695,,350074,611145,589233,1304,11465622,10175756,,,1[1],1[1],2048[2048],2048[2048],TILE,BFLOAT16,DEV_1_DRAM_INTERLEAVED,1[1],1[1],2048[2048],2048[2048],TILE,BFLOAT16,DEV_1_DRAM_INTERLEAVED,1[1],1[1],2048[2048],2048[2048],TILE,BFLOAT16,DEV_1_DRAM_INTERLEAVED,,,['ttnn/cpp/ttnn/operations/matmul/device/kernels/compute/bmm_large_block_zm_fused_bias_activation.cpp'],['bmm_large_block_zm_fused_bias_activation/11192068228048673779/'],['ttnn/cpp/ttnn/operations/matmul/device/kernels/dataflow/reader_bmm_tile_layout_in0_receiver.cpp'; 'ttnn/cpp/ttnn/operations/matmul/device/kernels/dataflow/reader_bmm_tile_layout_in1_receiver_writer_padding.cpp'; 'ttnn/cpp/ttnn/operations/matmul/device/kernels/dataflow/reader_bmm_tile_layout_in1_sender_writer_padding.cpp'; 'ttnn/cpp/ttnn/operations/matmul/device/kernels/dataflow/reader_bmm_tile_layout_in0_sender_padding.cpp'],['reader_bmm_tile_layout_in0_receiver/17102645427523872040/'; 'reader_bmm_tile_layout_in1_receiver_writer_padding/6891074587381327447/'; 'reader_bmm_tile_layout_in1_sender_writer_padding/16442118699542722342/'; 'reader_bmm_tile_layout_in0_sender_padding/10830808842372326572/'],10238499019388009662,False,2300,1304,2092,2744,2888,0,0,0,0,112979,112979,15258,[74.249267578125; 74.249267578125],[74.249267578125],46.171,,,,,
MatmulDeviceOperation,tt_dnn_device,276480,0,,{'bcast_batch': 'true'; 'compute_kernel_config': 'ComputeKernelConfig(math_fidelity=HiFi4;math_approx_mode=1;fp32_dest_acc_en=0;packer_l1_acc=0;dst_full_sync_en=0;throttle_level=ThrottleLevel::NO_THROTTLE)'; 'global_cb': 'std::nullopt'; 'output_dtype': 'DataType::BFLOAT16'; 'output_mem_config': 'MemoryConfig(memory_layout=TensorMemoryLayout::INTERLEAVED;buffer_type=BufferType::DRAM;shard_spec=std::nullopt;nd_shard_spec=std::nullopt;created_with_nd_shard_spec=0)'; 'output_tile': 'Tile(tile_shape={32; 32};face_shape={16; 16};num_faces=4)'; 'program_config': 'MatmulMultiCoreReuseMultiCastProgramConfig(compute_with_storage_grid_size=(x=11;y=10);in0_block_w=1;out_subblock_h=7;out_subblock_w=1;out_block_h=7;out_block_w=6;per_core_M=7;per_core_N=6;transpose_mcast=0;fused_activation=std::nullopt;fuse_batch=0)'; 'sub_device_id': 'std::nullopt'; 'transpose_a': 'false'; 'transpose_b': 'false'; 'untilize_out': 'false'; 'user_core_coord': 'std::nullopt'; 'user_fused_activation': 'std::nullopt'; 'user_run_batched': 'false'},HiFi4,110,,,3902005972,3902006393,421,1626531695875,1626532070901,255,255,277797,243364,243364,209084,242293,223179,1563,243362,206455,210587,210539,211011,,1134639,1373998,10152669,10902955,252045,,349001,618381,557436,1315,11323111,10298762,,,1[1],1[1],2048[2048],2048[2048],TILE,BFLOAT16,DEV_1_DRAM_INTERLEAVED,1[1],1[1],2048[2048],2048[2048],TILE,BFLOAT16,DEV_1_DRAM_INTERLEAVED,1[1],1[1],2048[2048],2048[2048],TILE,BFLOAT16,DEV_1_DRAM_INTERLEAVED,,,['ttnn/cpp/ttnn/operations/matmul/device/kernels/compute/bmm_large_block_zm_fused_bias_activation.cpp'],['bmm_large_block_zm_fused_bias_activation/11192068228048673779/'],['ttnn/cpp/ttnn/operations/matmul/device/kernels/dataflow/reader_bmm_tile_layout_in0_receiver.cpp'; 'ttnn/cpp/ttnn/operations/matmul/device/kernels/dataflow/reader_bmm_tile_layout_in1_receiver_writer_padding.cpp'; 'ttnn/cpp/ttnn/operations/matmul/device/kernels/dataflow/reader_bmm_tile_layout_in1_sender_writer_padding.cpp'; 'ttnn/cpp/ttnn/operations/matmul/device/kernels/dataflow/reader_bmm_tile_layout_in0_sender_padding.cpp'],['reader_bmm_tile_layout_in0_receiver/17102645427523872040/'; 'reader_bmm_tile_layout_in1_receiver_writer_padding/6891074587381327447/'; 'reader_bmm_tile_layout_in1_sender_writer_padding/16442118699542722342/'; 'reader_bmm_tile_layout_in0_sender_padding/10830808842372326572/'],10238499019388009662,False,2300,1304,2092,2744,2888,0,0,0,0,112979,112979,15258,[74.249267578125; 74.249267578125],[74.249267578125],46.424,,,,,
MatmulDeviceOperation,tt_dnn_device,277504,0,,{'bcast_batch': 'true'; 'compute_kernel_config': 'ComputeKernelConfig(math_fidelity=HiFi4;math_approx_mode=1;fp32_dest_acc_en=0;packer_l1_acc=0;dst_full_sync_en=0;throttle_level=ThrottleLevel::NO_THROTTLE)'; 'global_cb': 'std::nullopt'; 'output_dtype': 'DataType::BFLOAT16'; 'output_mem_config': 'MemoryConfig(memory_layout=TensorMemoryLayout::INTERLEAVED;buffer_type=BufferType::DRAM;shard_spec=std::nullopt;nd_shard_spec=std::nullopt;created_with_nd_shard_spec=0)'; 'output_tile': 'Tile(tile_shape={32; 32};face_shape={16; 16};num_faces=4)'; 'program_config': 'MatmulMultiCoreReuseMultiCastProgramConfig(compute_with_storage_grid_size=(x=11;y=10);in0_block_w=1;out_subblock_h=7;out_subblock_w=1;out_block_h=7;out_block_w=6;per_core_M=7;per_core_N=6;transpose_mcast=0;fused_activation=std::nullopt;fuse_batch=0)'; 'sub_device_id': 'std::nullopt'; 'transpose_a': 'false'; 'transpose_b': 'false'; 'untilize_out': 'false'; 'user_core_coord': 'std::nullopt'; 'user_fused_activation': 'std::nullopt'; 'user_run_batched': 'false'},HiFi4,110,,,3902014859,3902015320,461,1626532026669,1626532399617,251,252,276258,243242,243241,209521,242139,224491,1516,243228,207269,212719,212655,213139,,1122562,1555697,13705610,14225255,326790,,345196,678910,519805,1277,7904150,7043685,,,1[1],1[1],2048[2048],2048[2048],TILE,BFLOAT16,DEV_1_DRAM_INTERLEAVED,1[1],1[1],2048[2048],2048[2048],TILE,BFLOAT16,DEV_1_DRAM_INTERLEAVED,1[1],1[1],2048[2048],2048[2048],TILE,BFLOAT16,DEV_1_DRAM_INTERLEAVED,,,['ttnn/cpp/ttnn/operations/matmul/device/kernels/compute/bmm_large_block_zm_fused_bias_activation.cpp'],['bmm_large_block_zm_fused_bias_activation/11192068228048673779/'],['ttnn/cpp/ttnn/operations/matmul/device/kernels/dataflow/reader_bmm_tile_layout_in0_receiver.cpp'; 'ttnn/cpp/ttnn/operations/matmul/device/kernels/dataflow/reader_bmm_tile_layout_in1_receiver_writer_padding.cpp'; 'ttnn/cpp/ttnn/operations/matmul/device/kernels/dataflow/reader_bmm_tile_layout_in1_sender_writer_padding.cpp'; 'ttnn/cpp/ttnn/operations/matmul/device/kernels/dataflow/reader_bmm_tile_layout_in0_sender_padding.cpp'],['reader_bmm_tile_layout_in0_receiver/17102645427523872040/'; 'reader_bmm_tile_layout_in1_receiver_writer_padding/6891074587381327447/'; 'reader_bmm_tile_layout_in1_sender_writer_padding/16442118699542722342/'; 'reader_bmm_tile_layout_in0_sender_padding/10830808842372326572/'],10238499019388009662,False,2300,1304,2092,2744,2888,0,0,0,0,112979,112979,15258,[74.249267578125; 74.249267578125],[74.249267578125],46.447,,,,,
MatmulDeviceOperation,tt_dnn_device,278528,0,,{'bcast_batch': 'true'; 'compute_kernel_config': 'ComputeKernelConfig(math_fidelity=HiFi4;math_approx_mode=1;fp32_dest_acc_en=0;packer_l1_acc=0;dst_full_sync_en=0;throttle_level=ThrottleLevel::NO_THROTTLE)'; 'global_cb': 'std::nullopt'; 'output_dtype': 'DataType::BFLOAT16'; 'output_mem_config': 'MemoryConfig(memory_layout=TensorMemoryLayout::INTERLEAVED;buffer_type=BufferType::DRAM;shard_spec=std::nullopt;nd_shard_spec=std::nullopt;created_with_nd_shard_spec=0)'; 'output_tile': 'Tile(tile_shape={32; 32};face_shape={16; 16};num_faces=4)'; 'program_config': 'MatmulMultiCoreReuseMultiCastProgramConfig(compute_with_storage_grid_size=(x=11;y=10);in0_block_w=1;out_subblock_h=7;out_subblock_w=1;out_block_h=7;out_block_w=6;per_core_M=7;per_core_N=6;transpose_mcast=0;fused_activation=std::nullopt;fuse_batch=0)'; 'sub_device_id': 'std::nullopt'; 'transpose_a': 'false'; 'transpose_b': 'false'; 'untilize_out': 'false'; 'user_core_coord': 'std::nullopt'; 'user_fused_activation': 'std::nullopt'; 'user_run_batched': 'false'},HiFi4,110,,,3902023957,3902024348,391,1626532356344,1626532728754,252,253,275859,243553,243553,209024,242214,222721,1530,243553,206412,210522,210461,210945,,1135298,1365724,10144688,10423903,257140,,348696,674724,560453,1315,11319457,10712715,,,1[1],1[1],2048[2048],2048[2048],TILE,BFLOAT16,DEV_1_DRAM_INTERLEAVED,1[1],1[1],2048[2048],2048[2048],TILE,BFLOAT16,DEV_1_DRAM_INTERLEAVED,1[1],1[1],2048[2048],2048[2048],TILE,BFLOAT16,DEV_1_DRAM_INTERLEAVED,,,['ttnn/cpp/ttnn/operations/matmul/device/kernels/compute/bmm_large_block_zm_fused_bias_activation.cpp'],['bmm_large_block_zm_fused_bias_activation/11192068228048673779/'],['ttnn/cpp/ttnn/operations/matmul/device/kernels/dataflow/reader_bmm_tile_layout_in0_receiver.cpp'; 'ttnn/cpp/ttnn/operations/matmul/device/kernels/dataflow/reader_bmm_tile_layout_in1_receiver_writer_padding.cpp'; 'ttnn/cpp/ttnn/operations/matmul/device/kernels/dataflow/reader_bmm_tile_layout_in1_sender_writer_padding.cpp'; 'ttnn/cpp/ttnn/operations/matmul/device/kernels/dataflow/reader_bmm_tile_layout_in0_sender_padding.cpp'],['reader_bmm_tile_layout_in0_receiver/17102645427523872040/'; 'reader_bmm_tile_layout_in1_receiver_writer_padding/6891074587381327447/'; 'reader_bmm_tile_layout_in1_sender_writer_padding/16442118699542722342/'; 'reader_bmm_tile_layout_in0_sender_padding/10830808842372326572/'],10238499019388009662,False,2300,1304,2092,2744,2888,0,0,0,0,112979,112979,15258,[74.249267578125; 74.249267578125],[74.249267578125],46.388,,,,,
MatmulDeviceOperation,tt_dnn_device,279552,0,,{'bcast_batch': 'true'; 'compute_kernel_config': 'ComputeKernelConfig(math_fidelity=HiFi4;math_approx_mode=1;fp32_dest_acc_en=0;packer_l1_acc=0;dst_full_sync_en=0;throttle_level=ThrottleLevel::NO_THROTTLE)'; 'global_cb': 'std::nullopt'; 'output_dtype': 'DataType::BFLOAT16'; 'output_mem_config': 'MemoryConfig(memory_layout=TensorMemoryLayout::INTERLEAVED;buffer_type=BufferType::DRAM;shard_spec=std::nullopt;nd_shard_spec=std::nullopt;created_with_nd_shard_spec=0)'; 'output_tile': 'Tile(tile_shape={32; 32};face_shape={16; 16};num_faces=4)'; 'program_config': 'MatmulMultiCoreReuseMultiCastProgramConfig(compute_with_storage_grid_size=(x=11;y=10);in0_block_w=1;out_subblock_h=7;out_subblock_w=1;out_block_h=7;out_block_w=6;per_core_M=7;per_core_N=6;transpose_mcast=0;fused_activation=std::nullopt;fuse_batch=0)'; 'sub_device_id': 'std::nullopt'; 'transpose_a': 'false'; 'transpose_b': 'false'; 'untilize_out': 'false'; 'user_core_coord': 'std::nullopt'; 'user_fused_activation': 'std::nullopt'; 'user_run_batched': 'false'},HiFi4,110,,,3902032654,3902033034,380,1626532684174,1626533057891,256,256,276827,243539,243539,208851,242599,223116,1523,243539,206410,210486,210431,210910,,1112380,1355371,10398279,10295423,264882,,350465,692077,591588,1316,11056422,10830604,,,1[1],1[1],2048[2048],2048[2048],TILE,BFLOAT16,DEV_1_DRAM_INTERLEAVED,1[1],1[1],2048[2048],2048[2048],TILE,BFLOAT16,DEV_1_DRAM_INTERLEAVED,1[1],1[1],2048[2048],2048[2048],TILE,BFLOAT16,DEV_1_DRAM_INTERLEAVED,,,['ttnn/cpp/ttnn/operations/matmul/device/kernels/compute/bmm_large_block_zm_fused_bias_activation.cpp'],['bmm_large_block_zm_fused_bias_activation/11192068228048673779/'],['ttnn/cpp/ttnn/operations/matmul/device/kernels/dataflow/reader_bmm_tile_layout_in0_receiver.cpp'; 'ttnn/cpp/ttnn/operations/matmul/device/kernels/dataflow/reader_bmm_tile_layout_in1_receiver_writer_padding.cpp'; 'ttnn/cpp/ttnn/operations/matmul/device/kernels/dataflow/reader_bmm_tile_layout_in1_sender_writer_padding.cpp'; 'ttnn/cpp/ttnn/operations/matmul/device/kernels/dataflow/reader_bmm_tile_layout_in0_sender_padding.cpp'],['reader_bmm_tile_layout_in0_receiver/17102645427523872040/'; 'reader_bmm_tile_layout_in1_receiver_writer_padding/6891074587381327447/'; 'reader_bmm_tile_layout_in1_sender_writer_padding/16442118699542722342/'; 'reader_bmm_tile_layout_in0_sender_padding/10830808842372326572/'],10238499019388009662,False,2300,1304,2092,2744,2888,0,0,0,0,112979,112979,15258,[74.249267578125; 74.249267578125],[74.249267578125],46.391,,,,,
MatmulDeviceOperation,tt_dnn_device,280576,0,,{'bcast_batch': 'true'; 'compute_kernel_config': 'ComputeKernelConfig(math_fidelity=HiFi4;math_approx_mode=1;fp32_dest_acc_en=0;packer_l1_acc=0;dst_full_sync_en=0;throttle_level=ThrottleLevel::NO_THROTTLE)'; 'global_cb': 'std::nullopt'; 'output_dtype': 'DataType::BFLOAT16'; 'output_mem_config': 'MemoryConfig(memory_layout=TensorMemoryLayout::INTERLEAVED;buffer_type=BufferType::DRAM;shard_spec=std::nullopt;nd_shard_spec=std::nullopt;created_with_nd_shard_spec=0)'; 'output_tile': 'Tile(tile_shape={32; 32};face_shape={16; 16};num_faces=4)'; 'program_config': 'MatmulMultiCoreReuseMultiCastProgramConfig(compute_with_storage_grid_size=(x=11;y=10);in0_block_w=1;out_subblock_h=7;out_subblock_w=1;out_block_h=7;out_block_w=6;per_core_M=7;per_core_N=6;transpose_mcast=0;fused_activation=std::nullopt;fuse_batch=0)'; 'sub_device_id': 'std::nullopt'; 'transpose_a': 'false'; 'transpose_b': 'false'; 'untilize_out': 'false'; 'user_core_coord': 'std::nullopt'; 'user_fused_activation': 'std::nullopt'; 'user_run_batched': 'false'},HiFi4,110,,,3902041370,3902041771,401,1626533013094,1626533388276,205,205,277913,244533,244533,208999,243196,223261,1589,244531,206447,210627,210575,211048,,1137682,1359167,9860141,10486201,251432,,346899,672679,578699,1319,11617610,10657881,,,1[1],1[1],2048[2048],2048[2048],TILE,BFLOAT16,DEV_1_DRAM_INTERLEAVED,1[1],1[1],2048[2048],2048[2048],TILE,BFLOAT16,DEV_1_DRAM_INTERLEAVED,1[1],1[1],2048[2048],2048[2048],TILE,BFLOAT16,DEV_1_DRAM_INTERLEAVED,,,['ttnn/cpp/ttnn/operations/matmul/device/kernels/compute/bmm_large_block_zm_fused_bias_activation.cpp'],['bmm_large_block_zm_fused_bias_activation/11192068228048673779/'],['ttnn/cpp/ttnn/operations/matmul/device/kernels/dataflow/reader_bmm_tile_layout_in0_receiver.cpp'; 'ttnn/cpp/ttnn/operations/matmul/device/kernels/dataflow/reader_bmm_tile_layout_in1_receiver_writer_padding.cpp'; 'ttnn/cpp/ttnn/operations/matmul/device/kernels/dataflow/reader_bmm_tile_layout_in1_sender_writer_padding.cpp'; 'ttnn/cpp/ttnn/operations/matmul/device/kernels/dataflow/reader_bmm_tile_layout_in0_sender_padding.cpp'],['reader_bmm_tile_layout_in0_receiver/17102645427523872040/'; 'reader_bmm_tile_layout_in1_receiver_writer_padding/6891074587381327447/'; 'reader_bmm_tile_layout_in1_sender_writer_padding/16442118699542722342/'; 'reader_bmm_tile_layout_in0_sender_padding/10830808842372326572/'],10238499019388009662,False,2300,1304,2092,2744,2888,0,0,0,0,112979,112979,15258,[74.249267578125; 74.249267578125],[74.249267578125],46.202,,,,,
MatmulDeviceOperation,tt_dnn_device,281600,0,,{'bcast_batch': 'true'; 'compute_kernel_config': 'ComputeKernelConfig(math_fidelity=HiFi4;math_approx_mode=1;fp32_dest_acc_en=0;packer_l1_acc=0;dst_full_sync_en=0;throttle_level=ThrottleLevel::NO_THROTTLE)'; 'global_cb': 'std::nullopt'; 'output_dtype': 'DataType::BFLOAT16'; 'output_mem_config': 'MemoryConfig(memory_layout=TensorMemoryLayout::INTERLEAVED;buffer_type=BufferType::DRAM;shard_spec=std::nullopt;nd_shard_spec=std::nullopt;created_with_nd_shard_spec=0)'; 'output_tile': 'Tile(tile_shape={32; 32};face_shape={16; 16};num_faces=4)'; 'program_config': 'MatmulMultiCoreReuseMultiCastProgramConfig(compute_with_storage_grid_size=(x=11;y=10);in0_block_w=1;out_subblock_h=7;out_subblock_w=1;out_block_h=7;out_block_w=6;per_core_M=7;per_core_N=6;transpose_mcast=0;fused_activation=std::nullopt;fuse_batch=0)'; 'sub_device_id': 'std::nullopt'; 'transpose_a': 'false'; 'transpose_b': 'false'; 'untilize_out': 'false'; 'user_core_coord': 'std::nullopt'; 'user_fused_activation': 'std::nullopt'; 'user_run_batched': 'false'},HiFi4,110,,,3902050147,3902050528,381,1626533342346,1626533717348,255,255,277779,243504,243504,209087,242518,223220,1525,243501,206507,210582,210529,211010,,1143141,1371533,10102153,10631146,253564,,346766,654881,552936,1302,11373236,10537253,,,1[1],1[1],2048[2048],2048[2048],TILE,BFLOAT16,DEV_1_DRAM_INTERLEAVED,1[1],1[1],2048[2048],2048[2048],TILE,BFLOAT16,DEV_1_DRAM_INTERLEAVED,1[1],1[1],2048[2048],2048[2048],TILE,BFLOAT16,DEV_1_DRAM_INTERLEAVED,,,['ttnn/cpp/ttnn/operations/matmul/device/kernels/compute/bmm_large_block_zm_fused_bias_activation.cpp'],['bmm_large_block_zm_fused_bias_activation/11192068228048673779/'],['ttnn/cpp/ttnn/operations/matmul/device/kernels/dataflow/reader_bmm_tile_layout_in0_receiver.cpp'; 'ttnn/cpp/ttnn/operations/matmul/device/kernels/dataflow/reader_bmm_tile_layout_in1_receiver_writer_padding.cpp'; 'ttnn/cpp/ttnn/operations/matmul/device/kernels/dataflow/reader_bmm_tile_layout_in1_sender_writer_padding.cpp'; 'ttnn/cpp/ttnn/operations/matmul/device/kernels/dataflow/reader_bmm_tile_layout_in0_sender_padding.cpp'],['reader_bmm_tile_layout_in0_receiver/17102645427523872040/'; 'reader_bmm_tile_layout_in1_receiver_writer_padding/6891074587381327447/'; 'reader_bmm_tile_layout_in1_sender_writer_padding/16442118699542722342/'; 'reader_bmm_tile_layout_in0_sender_padding/10830808842372326572/'],10238499019388009662,False,2300,1304,2092,2744,2888,0,0,0,0,112979,112979,15258,[74.249267578125; 74.249267578125],[74.249267578125],46.397,,,,,
MatmulDeviceOperation,tt_dnn_device,282624,0,,{'bcast_batch': 'true'; 'compute_kernel_config': 'ComputeKernelConfig(math_fidelity=HiFi4;math_approx_mode=1;fp32_dest_acc_en=0;packer_l1_acc=0;dst_full_sync_en=0;throttle_level=ThrottleLevel::NO_THROTTLE)'; 'global_cb': 'std::nullopt'; 'output_dtype': 'DataType::BFLOAT16'; 'output_mem_config': 'MemoryConfig(memory_layout=TensorMemoryLayout::INTERLEAVED;buffer_type=BufferType::DRAM;shard_spec=std::nullopt;nd_shard_spec=std::nullopt;created_with_nd_shard_spec=0)'; 'output_tile': 'Tile(tile_shape={32; 32};face_shape={16; 16};num_faces=4)'; 'program_config': 'MatmulMultiCoreReuseMultiCastProgramConfig(compute_with_storage_grid_size=(x=11;y=10);in0_block_w=1;out_subblock_h=7;out_subblock_w=1;out_block_h=7;out_block_w=6;per_core_M=7;per_core_N=6;transpose_mcast=0;fused_activation=std::nullopt;fuse_batch=0)'; 'sub_device_id': 'std::nullopt'; 'transpose_a': 'false'; 'transpose_b': 'false'; 'untilize_out': 'false'; 'user_core_coord': 'std::nullopt'; 'user_fused_activation': 'std::nullopt'; 'user_run_batched': 'false'},HiFi4,110,,,3902058644,3902059024,380,1626533672922,1626534047390,253,253,277384,244221,244221,209072,242942,223282,1532,244221,206449,210561,210504,210984,,1135517,1367327,9938652,10560068,250619,,352833,682144,609981,1310,11529580,10572517,,,1[1],1[1],2048[2048],2048[2048],TILE,BFLOAT16,DEV_1_DRAM_INTERLEAVED,1[1],1[1],2048[2048],2048[2048],TILE,BFLOAT16,DEV_1_DRAM_INTERLEAVED,1[1],1[1],2048[2048],2048[2048],TILE,BFLOAT16,DEV_1_DRAM_INTERLEAVED,,,['ttnn/cpp/ttnn/operations/matmul/device/kernels/compute/bmm_large_block_zm_fused_bias_activation.cpp'],['bmm_large_block_zm_fused_bias_activation/11192068228048673779/'],['ttnn/cpp/ttnn/operations/matmul/device/kernels/dataflow/reader_bmm_tile_layout_in0_receiver.cpp'; 'ttnn/cpp/ttnn/operations/matmul/device/kernels/dataflow/reader_bmm_tile_layout_in1_receiver_writer_padding.cpp'; 'ttnn/cpp/ttnn/operations/matmul/device/kernels/dataflow/reader_bmm_tile_layout_in1_sender_writer_padding.cpp'; 'ttnn/cpp/ttnn/operations/matmul/device/kernels/dataflow/reader_bmm_tile_layout_in0_sender_padding.cpp'],['reader_bmm_tile_layout_in0_receiver/17102645427523872040/'; 'reader_bmm_tile_layout_in1_receiver_writer_padding/6891074587381327447/'; 'reader_bmm_tile_layout_in1_sender_writer_padding/16442118699542722342/'; 'reader_bmm_tile_layout_in0_sender_padding/10830808842372326572/'],10238499019388009662,False,2300,1304,2092,2744,2888,0,0,0,0,112979,112979,15258,[74.249267578125; 74.249267578125],[74.249267578125],46.261,,,,,
MatmulDeviceOperation,tt_dnn_device,283648,0,,{'bcast_batch': 'true'; 'compute_kernel_config': 'ComputeKernelConfig(math_fidelity=HiFi4;math_approx_mode=1;fp32_dest_acc_en=0;packer_l1_acc=0;dst_full_sync_en=0;throttle_level=ThrottleLevel::NO_THROTTLE)'; 'global_cb': 'std::nullopt'; 'output_dtype': 'DataType::BFLOAT16'; 'output_mem_config': 'MemoryConfig(memory_layout=TensorMemoryLayout::INTERLEAVED;buffer_type=BufferType::DRAM;shard_spec=std::nullopt;nd_shard_spec=std::nullopt;created_with_nd_shard_spec=0)'; 'output_tile': 'Tile(tile_shape={32; 32};face_shape={16; 16};num_faces=4)'; 'program_config': 'MatmulMultiCoreReuseMultiCastProgramConfig(compute_with_storage_grid_size=(x=11;y=10);in0_block_w=1;out_subblock_h=7;out_subblock_w=1;out_block_h=7;out_block_w=6;per_core_M=7;per_core_N=6;transpose_mcast=0;fused_activation=std::nullopt;fuse_batch=0)'; 'sub_device_id': 'std::nullopt'; 'transpose_a': 'false'; 'transpose_b': 'false'; 'untilize_out': 'false'; 'user_core_coord': 'std::nullopt'; 'user_fused_activation': 'std::nullopt'; 'user_run_batched': 'false'},HiFi4,110,,,3902067290,3902067661,371,1626534001972,1626534377013,259,259,277808,243907,243907,209088,242583,224204,1517,243899,207160,212615,212562,213036,,1101153,1551554,13916144,14252781,329066,,348291,636450,526436,1279,7675842,7048375,,,1[1],1[1],2048[2048],2048[2048],TILE,BFLOAT16,DEV_1_DRAM_INTERLEAVED,1[1],1[1],2048[2048],2048[2048],TILE,BFLOAT16,DEV_1_DRAM_INTERLEAVED,1[1],1[1],2048[2048],2048[2048],TILE,BFLOAT16,DEV_1_DRAM_INTERLEAVED,,,['ttnn/cpp/ttnn/operations/matmul/device/kernels/compute/bmm_large_block_zm_fused_bias_activation.cpp'],['bmm_large_block_zm_fused_bias_activation/11192068228048673779/'],['ttnn/cpp/ttnn/operations/matmul/device/kernels/dataflow/reader_bmm_tile_layout_in0_receiver.cpp'; 'ttnn/cpp/ttnn/operations/matmul/device/kernels/dataflow/reader_bmm_tile_layout_in1_receiver_writer_padding.cpp'; 'ttnn/cpp/ttnn/operations/matmul/device/kernels/dataflow/reader_bmm_tile_layout_in1_sender_writer_padding.cpp'; 'ttnn/cpp/ttnn/operations/matmul/device/kernels/dataflow/reader_bmm_tile_layout_in0_sender_padding.cpp'],['reader_bmm_tile_layout_in0_receiver/17102645427523872040/'; 'reader_bmm_tile_layout_in1_receiver_writer_padding/6891074587381327447/'; 'reader_bmm_tile_layout_in1_sender_writer_padding/16442118699542722342/'; 'reader_bmm_tile_layout_in0_sender_padding/10830808842372326572/'],10238499019388009662,False,2300,1304,2092,2744,2888,0,0,0,0,112979,112979,15258,[74.249267578125; 74.249267578125],[74.249267578125],46.321,,,,,
MatmulDeviceOperation,tt_dnn_device,284672,0,,{'bcast_batch': 'true'; 'compute_kernel_config': 'ComputeKernelConfig(math_fidelity=HiFi4;math_approx_mode=1;fp32_dest_acc_en=0;packer_l1_acc=0;dst_full_sync_en=0;throttle_level=ThrottleLevel::NO_THROTTLE)'; 'global_cb': 'std::nullopt'; 'output_dtype': 'DataType::BFLOAT16'; 'output_mem_config': 'MemoryConfig(memory_layout=TensorMemoryLayout::INTERLEAVED;buffer_type=BufferType::DRAM;shard_spec=std::nullopt;nd_shard_spec=std::nullopt;created_with_nd_shard_spec=0)'; 'output_tile': 'Tile(tile_shape={32; 32};face_shape={16; 16};num_faces=4)'; 'program_config': 'MatmulMultiCoreReuseMultiCastProgramConfig(compute_with_storage_grid_size=(x=11;y=10);in0_block_w=1;out_subblock_h=7;out_subblock_w=1;out_block_h=7;out_block_w=6;per_core_M=7;per_core_N=6;transpose_mcast=0;fused_activation=std::nullopt;fuse_batch=0)'; 'sub_device_id': 'std::nullopt'; 'transpose_a': 'false'; 'transpose_b': 'false'; 'untilize_out': 'false'; 'user_core_coord': 'std::nullopt'; 'user_fused_activation': 'std::nullopt'; 'user_run_batched': 'false'},HiFi4,110,,,3902077009,3902077430,421,1626534332275,1626534706400,256,256,277130,243735,243735,209053,242870,223398,1513,243735,206406,210568,210513,210986,,1133519,1359827,10269807,10674646,252713,,347533,656447,591374,1313,11207419,10485540,,,1[1],1[1],2048[2048],2048[2048],TILE,BFLOAT16,DEV_1_DRAM_INTERLEAVED,1[1],1[1],2048[2048],2048[2048],TILE,BFLOAT16,DEV_1_DRAM_INTERLEAVED,1[1],1[1],2048[2048],2048[2048],TILE,BFLOAT16,DEV_1_DRAM_INTERLEAVED,,,['ttnn/cpp/ttnn/operations/matmul/device/kernels/compute/bmm_large_block_zm_fused_bias_activation.cpp'],['bmm_large_block_zm_fused_bias_activation/11192068228048673779/'],['ttnn/cpp/ttnn/operations/matmul/device/kernels/dataflow/reader_bmm_tile_layout_in0_receiver.cpp'; 'ttnn/cpp/ttnn/operations/matmul/device/kernels/dataflow/reader_bmm_tile_layout_in1_receiver_writer_padding.cpp'; 'ttnn/cpp/ttnn/operations/matmul/device/kernels/dataflow/reader_bmm_tile_layout_in1_sender_writer_padding.cpp'; 'ttnn/cpp/ttnn/operations/matmul/device/kernels/dataflow/reader_bmm_tile_layout_in0_sender_padding.cpp'],['reader_bmm_tile_layout_in0_receiver/17102645427523872040/'; 'reader_bmm_tile_layout_in1_receiver_writer_padding/6891074587381327447/'; 'reader_bmm_tile_layout_in1_sender_writer_padding/16442118699542722342/'; 'reader_bmm_tile_layout_in0_sender_padding/10830808842372326572/'],10238499019388009662,False,2300,1304,2092,2744,2888,0,0,0,0,112979,112979,15258,[74.249267578125; 74.249267578125],[74.249267578125],46.353,,,,,
MatmulDeviceOperation,tt_dnn_device,285696,0,,{'bcast_batch': 'true'; 'compute_kernel_config': 'ComputeKernelConfig(math_fidelity=HiFi4;math_approx_mode=1;fp32_dest_acc_en=0;packer_l1_acc=0;dst_full_sync_en=0;throttle_level=ThrottleLevel::NO_THROTTLE)'; 'global_cb': 'std::nullopt'; 'output_dtype': 'DataType::BFLOAT16'; 'output_mem_config': 'MemoryConfig(memory_layout=TensorMemoryLayout::INTERLEAVED;buffer_type=BufferType::DRAM;shard_spec=std::nullopt;nd_shard_spec=std::nullopt;created_with_nd_shard_spec=0)'; 'output_tile': 'Tile(tile_shape={32; 32};face_shape={16; 16};num_faces=4)'; 'program_config': 'MatmulMultiCoreReuseMultiCastProgramConfig(compute_with_storage_grid_size=(x=11;y=10);in0_block_w=1;out_subblock_h=7;out_subblock_w=1;out_block_h=7;out_block_w=6;per_core_M=7;per_core_N=6;transpose_mcast=0;fused_activation=std::nullopt;fuse_batch=0)'; 'sub_device_id': 'std::nullopt'; 'transpose_a': 'false'; 'transpose_b': 'false'; 'untilize_out': 'false'; 'user_core_coord': 'std::nullopt'; 'user_fused_activation': 'std::nullopt'; 'user_run_batched': 'false'},HiFi4,110,,,3902087940,3902088421,481,1626534661619,1626535036425,252,253,277634,244202,244201,209191,242862,223391,1529,244201,206449,210641,210579,211059,,1143634,1354116,10021169,10733359,248351,,350283,642676,576367,1305,11462936,10442290,,,1[1],1[1],2048[2048],2048[2048],TILE,BFLOAT16,DEV_1_DRAM_INTERLEAVED,1[1],1[1],2048[2048],2048[2048],TILE,BFLOAT16,DEV_1_DRAM_INTERLEAVED,1[1],1[1],2048[2048],2048[2048],TILE,BFLOAT16,DEV_1_DRAM_INTERLEAVED,,,['ttnn/cpp/ttnn/operations/matmul/device/kernels/compute/bmm_large_block_zm_fused_bias_activation.cpp'],['bmm_large_block_zm_fused_bias_activation/11192068228048673779/'],['ttnn/cpp/ttnn/operations/matmul/device/kernels/dataflow/reader_bmm_tile_layout_in0_receiver.cpp'; 'ttnn/cpp/ttnn/operations/matmul/device/kernels/dataflow/reader_bmm_tile_layout_in1_receiver_writer_padding.cpp'; 'ttnn/cpp/ttnn/operations/matmul/device/kernels/dataflow/reader_bmm_tile_layout_in1_sender_writer_padding.cpp'; 'ttnn/cpp/ttnn/operations/matmul/device/kernels/dataflow/reader_bmm_tile_layout_in0_sender_padding.cpp'],['reader_bmm_tile_layout_in0_receiver/17102645427523872040/'; 'reader_bmm_tile_layout_in1_receiver_writer_padding/6891074587381327447/'; 'reader_bmm_tile_layout_in1_sender_writer_padding/16442118699542722342/'; 'reader_bmm_tile_layout_in0_sender_padding/10830808842372326572/'],10238499019388009662,False,2300,1304,2092,2744,2888,0,0,0,0,112979,112979,15258,[74.249267578125; 74.249267578125],[74.249267578125],46.265,,,,,
MatmulDeviceOperation,tt_dnn_device,286720,0,,{'bcast_batch': 'true'; 'compute_kernel_config': 'ComputeKernelConfig(math_fidelity=HiFi4;math_approx_mode=1;fp32_dest_acc_en=0;packer_l1_acc=0;dst_full_sync_en=0;throttle_level=ThrottleLevel::NO_THROTTLE)'; 'global_cb': 'std::nullopt'; 'output_dtype': 'DataType::BFLOAT16'; 'output_mem_config': 'MemoryConfig(memory_layout=TensorMemoryLayout::INTERLEAVED;buffer_type=BufferType::DRAM;shard_spec=std::nullopt;nd_shard_spec=std::nullopt;created_with_nd_shard_spec=0)'; 'output_tile': 'Tile(tile_shape={32; 32};face_shape={16; 16};num_faces=4)'; 'program_config': 'MatmulMultiCoreReuseMultiCastProgramConfig(compute_with_storage_grid_size=(x=11;y=10);in0_block_w=1;out_subblock_h=7;out_subblock_w=1;out_block_h=7;out_block_w=6;per_core_M=7;per_core_N=6;transpose_mcast=0;fused_activation=std::nullopt;fuse_batch=0)'; 'sub_device_id': 'std::nullopt'; 'transpose_a': 'false'; 'transpose_b': 'false'; 'untilize_out': 'false'; 'user_core_coord': 'std::nullopt'; 'user_fused_activation': 'std::nullopt'; 'user_run_batched': 'false'},HiFi4,110,,,3902097188,3902097558,370,1626534991196,1626535367270,195,195,278573,244884,244884,209021,243544,223347,1584,244884,206406,210548,210494,210966,,1126987,1361033,10369950,10076127,257453,,347157,689079,611164,1318,11098484,11054575,,,1[1],1[1],2048[2048],2048[2048],TILE,BFLOAT16,DEV_1_DRAM_INTERLEAVED,1[1],1[1],2048[2048],2048[2048],TILE,BFLOAT16,DEV_1_DRAM_INTERLEAVED,1[1],1[1],2048[2048],2048[2048],TILE,BFLOAT16,DEV_1_DRAM_INTERLEAVED,,,['ttnn/cpp/ttnn/operations/matmul/device/kernels/compute/bmm_large_block_zm_fused_bias_activation.cpp'],['bmm_large_block_zm_fused_bias_activation/11192068228048673779/'],['ttnn/cpp/ttnn/operations/matmul/device/kernels/dataflow/reader_bmm_tile_layout_in0_receiver.cpp'; 'ttnn/cpp/ttnn/operations/matmul/device/kernels/dataflow/reader_bmm_tile_layout_in1_receiver_writer_padding.cpp'; 'ttnn/cpp/ttnn/operations/matmul/device/kernels/dataflow/reader_bmm_tile_layout_in1_sender_writer_padding.cpp'; 'ttnn/cpp/ttnn/operations/matmul/device/kernels/dataflow/reader_bmm_tile_layout_in0_sender_padding.cpp'],['reader_bmm_tile_layout_in0_receiver/17102645427523872040/'; 'reader_bmm_tile_layout_in1_receiver_writer_padding/6891074587381327447/'; 'reader_bmm_tile_layout_in1_sender_writer_padding/16442118699542722342/'; 'reader_bmm_tile_layout_in0_sender_padding/10830808842372326572/'],10238499019388009662,False,2300,1304,2092,2744,2888,0,0,0,0,112979,112979,15258,[74.249267578125; 74.249267578125],[74.249267578125],46.136,,,,,
MatmulDeviceOperation,tt_dnn_device,287744,0,,{'bcast_batch': 'true'; 'compute_kernel_config': 'ComputeKernelConfig(math_fidelity=HiFi4;math_approx_mode=1;fp32_dest_acc_en=0;packer_l1_acc=0;dst_full_sync_en=0;throttle_level=ThrottleLevel::NO_THROTTLE)'; 'global_cb': 'std::nullopt'; 'output_dtype': 'DataType::BFLOAT16'; 'output_mem_config': 'MemoryConfig(memory_layout=TensorMemoryLayout::INTERLEAVED;buffer_type=BufferType::DRAM;shard_spec=std::nullopt;nd_shard_spec=std::nullopt;created_with_nd_shard_spec=0)'; 'output_tile': 'Tile(tile_shape={32; 32};face_shape={16; 16};num_faces=4)'; 'program_config': 'MatmulMultiCoreReuseMultiCastProgramConfig(compute_with_storage_grid_size=(x=11;y=10);in0_block_w=1;out_subblock_h=7;out_subblock_w=1;out_block_h=7;out_block_w=6;per_core_M=7;per_core_N=6;transpose_mcast=0;fused_activation=std::nullopt;fuse_batch=0)'; 'sub_device_id': 'std::nullopt'; 'transpose_a': 'false'; 'transpose_b': 'false'; 'untilize_out': 'false'; 'user_core_coord': 'std::nullopt'; 'user_fused_activation': 'std::nullopt'; 'user_run_batched': 'false'},HiFi4,110,,,3902106536,3902106916,380,1626535320905,1626535697028,256,256,278610,244003,244002,208926,243025,223251,1527,243997,206396,210410,210352,210824,,1116503,1365164,10265157,10282626,260539,,351436,682557,558013,1324,11181901,10845027,,,1[1],1[1],2048[2048],2048[2048],TILE,BFLOAT16,DEV_1_DRAM_INTERLEAVED,1[1],1[1],2048[2048],2048[2048],TILE,BFLOAT16,DEV_1_DRAM_INTERLEAVED,1[1],1[1],2048[2048],2048[2048],TILE,BFLOAT16,DEV_1_DRAM_INTERLEAVED,,,['ttnn/cpp/ttnn/operations/matmul/device/kernels/compute/bmm_large_block_zm_fused_bias_activation.cpp'],['bmm_large_block_zm_fused_bias_activation/11192068228048673779/'],['ttnn/cpp/ttnn/operations/matmul/device/kernels/dataflow/reader_bmm_tile_layout_in0_receiver.cpp'; 'ttnn/cpp/ttnn/operations/matmul/device/kernels/dataflow/reader_bmm_tile_layout_in1_receiver_writer_padding.cpp'; 'ttnn/cpp/ttnn/operations/matmul/device/kernels/dataflow/reader_bmm_tile_layout_in1_sender_writer_padding.cpp'; 'ttnn/cpp/ttnn/operations/matmul/device/kernels/dataflow/reader_bmm_tile_layout_in0_sender_padding.cpp'],['reader_bmm_tile_layout_in0_receiver/17102645427523872040/'; 'reader_bmm_tile_layout_in1_receiver_writer_padding/6891074587381327447/'; 'reader_bmm_tile_layout_in1_sender_writer_padding/16442118699542722342/'; 'reader_bmm_tile_layout_in0_sender_padding/10830808842372326572/'],10238499019388009662,False,2300,1304,2092,2744,2888,0,0,0,0,112979,112979,15258,[74.249267578125; 74.249267578125],[74.249267578125],46.302,,,,,
MatmulDeviceOperation,tt_dnn_device,288768,0,,{'bcast_batch': 'true'; 'compute_kernel_config': 'ComputeKernelConfig(math_fidelity=HiFi4;math_approx_mode=1;fp32_dest_acc_en=0;packer_l1_acc=0;dst_full_sync_en=0;throttle_level=ThrottleLevel::NO_THROTTLE)'; 'global_cb': 'std::nullopt'; 'output_dtype': 'DataType::BFLOAT16'; 'output_mem_config': 'MemoryConfig(memory_layout=TensorMemoryLayout::INTERLEAVED;buffer_type=BufferType::DRAM;shard_spec=std::nullopt;nd_shard_spec=std::nullopt;created_with_nd_shard_spec=0)'; 'output_tile': 'Tile(tile_shape={32; 32};face_shape={16; 16};num_faces=4)'; 'program_config': 'MatmulMultiCoreReuseMultiCastProgramConfig(compute_with_storage_grid_size=(x=11;y=10);in0_block_w=1;out_subblock_h=7;out_subblock_w=1;out_block_h=7;out_block_w=6;per_core_M=7;per_core_N=6;transpose_mcast=0;fused_activation=std::nullopt;fuse_batch=0)'; 'sub_device_id': 'std::nullopt'; 'transpose_a': 'false'; 'transpose_b': 'false'; 'untilize_out': 'false'; 'user_core_coord': 'std::nullopt'; 'user_fused_activation': 'std::nullopt'; 'user_run_batched': 'false'},HiFi4,110,,,3902115623,3902116014,391,1626535651694,1626536026651,158,159,277746,244013,244012,209055,242671,223273,1646,244012,206583,210759,210699,211177,,1139795,1370399,9373780,10300987,241891,,349264,687181,550944,1301,12115568,10847559,,,1[1],1[1],2048[2048],2048[2048],TILE,BFLOAT16,DEV_1_DRAM_INTERLEAVED,1[1],1[1],2048[2048],2048[2048],TILE,BFLOAT16,DEV_1_DRAM_INTERLEAVED,1[1],1[1],2048[2048],2048[2048],TILE,BFLOAT16,DEV_1_DRAM_INTERLEAVED,,,['ttnn/cpp/ttnn/operations/matmul/device/kernels/compute/bmm_large_block_zm_fused_bias_activation.cpp'],['bmm_large_block_zm_fused_bias_activation/11192068228048673779/'],['ttnn/cpp/ttnn/operations/matmul/device/kernels/dataflow/reader_bmm_tile_layout_in0_receiver.cpp'; 'ttnn/cpp/ttnn/operations/matmul/device/kernels/dataflow/reader_bmm_tile_layout_in1_receiver_writer_padding.cpp'; 'ttnn/cpp/ttnn/operations/matmul/device/kernels/dataflow/reader_bmm_tile_layout_in1_sender_writer_padding.cpp'; 'ttnn/cpp/ttnn/operations/matmul/device/kernels/dataflow/reader_bmm_tile_layout_in0_sender_padding.cpp'],['reader_bmm_tile_layout_in0_receiver/17102645427523872040/'; 'reader_bmm_tile_layout_in1_receiver_writer_padding/6891074587381327447/'; 'reader_bmm_tile_layout_in1_sender_writer_padding/16442118699542722342/'; 'reader_bmm_tile_layout_in0_sender_padding/10830808842372326572/'],10238499019388009662,False,2300,1304,2092,2744,2888,0,0,0,0,112979,112979,15258,[74.249267578125; 74.249267578125],[74.249267578125],46.3,,,,,
MatmulDeviceOperation,tt_dnn_device,289792,0,,{'bcast_batch': 'true'; 'compute_kernel_config': 'ComputeKernelConfig(math_fidelity=HiFi4;math_approx_mode=1;fp32_dest_acc_en=0;packer_l1_acc=0;dst_full_sync_en=0;throttle_level=ThrottleLevel::NO_THROTTLE)'; 'global_cb': 'std::nullopt'; 'output_dtype': 'DataType::BFLOAT16'; 'output_mem_config': 'MemoryConfig(memory_layout=TensorMemoryLayout::INTERLEAVED;buffer_type=BufferType::DRAM;shard_spec=std::nullopt;nd_shard_spec=std::nullopt;created_with_nd_shard_spec=0)'; 'output_tile': 'Tile(tile_shape={32; 32};face_shape={16; 16};num_faces=4)'; 'program_config': 'MatmulMultiCoreReuseMultiCastProgramConfig(compute_with_storage_grid_size=(x=11;y=10);in0_block_w=1;out_subblock_h=7;out_subblock_w=1;out_block_h=7;out_block_w=6;per_core_M=7;per_core_N=6;transpose_mcast=0;fused_activation=std::nullopt;fuse_batch=0)'; 'sub_device_id': 'std::nullopt'; 'transpose_a': 'false'; 'transpose_b': 'false'; 'untilize_out': 'false'; 'user_core_coord': 'std::nullopt'; 'user_fused_activation': 'std::nullopt'; 'user_run_batched': 'false'},HiFi4,110,,,3902124600,3902125071,471,1626535981494,1626536354379,201,202,276211,242561,242560,209439,241215,224336,1568,242560,207161,212651,212601,213077,,1105426,1549865,14032525,14299256,329790,,338216,652360,529297,1290,7577014,6989439,,,1[1],1[1],2048[2048],2048[2048],TILE,BFLOAT16,DEV_1_DRAM_INTERLEAVED,1[1],1[1],2048[2048],2048[2048],TILE,BFLOAT16,DEV_1_DRAM_INTERLEAVED,1[1],1[1],2048[2048],2048[2048],TILE,BFLOAT16,DEV_1_DRAM_INTERLEAVED,,,['ttnn/cpp/ttnn/operations/matmul/device/kernels/compute/bmm_large_block_zm_fused_bias_activation.cpp'],['bmm_large_block_zm_fused_bias_activation/11192068228048673779/'],['ttnn/cpp/ttnn/operations/matmul/device/kernels/dataflow/reader_bmm_tile_layout_in0_receiver.cpp'; 'ttnn/cpp/ttnn/operations/matmul/device/kernels/dataflow/reader_bmm_tile_layout_in1_receiver_writer_padding.cpp'; 'ttnn/cpp/ttnn/operations/matmul/device/kernels/dataflow/reader_bmm_tile_layout_in1_sender_writer_padding.cpp'; 'ttnn/cpp/ttnn/operations/matmul/device/kernels/dataflow/reader_bmm_tile_layout_in0_sender_padding.cpp'],['reader_bmm_tile_layout_in0_receiver/17102645427523872040/'; 'reader_bmm_tile_layout_in1_receiver_writer_padding/6891074587381327447/'; 'reader_bmm_tile_layout_in1_sender_writer_padding/16442118699542722342/'; 'reader_bmm_tile_layout_in0_sender_padding/10830808842372326572/'],10238499019388009662,False,2300,1304,2092,2744,2888,0,0,0,0,112979,112979,15258,[74.249267578125; 74.249267578125],[74.249267578125],46.578,,,,,
MatmulDeviceOperation,tt_dnn_device,290816,0,,{'bcast_batch': 'true'; 'compute_kernel_config': 'ComputeKernelConfig(math_fidelity=HiFi4;math_approx_mode=1;fp32_dest_acc_en=0;packer_l1_acc=0;dst_full_sync_en=0;throttle_level=ThrottleLevel::NO_THROTTLE)'; 'global_cb': 'std::nullopt'; 'output_dtype': 'DataType::BFLOAT16'; 'output_mem_config': 'MemoryConfig(memory_layout=TensorMemoryLayout::INTERLEAVED;buffer_type=BufferType::DRAM;shard_spec=std::nullopt;nd_shard_spec=std::nullopt;created_with_nd_shard_spec=0)'; 'output_tile': 'Tile(tile_shape={32; 32};face_shape={16; 16};num_faces=4)'; 'program_config': 'MatmulMultiCoreReuseMultiCastProgramConfig(compute_with_storage_grid_size=(x=11;y=10);in0_block_w=1;out_subblock_h=7;out_subblock_w=1;out_block_h=7;out_block_w=6;per_core_M=7;per_core_N=6;transpose_mcast=0;fused_activation=std::nullopt;fuse_batch=0)'; 'sub_device_id': 'std::nullopt'; 'transpose_a': 'false'; 'transpose_b': 'false'; 'untilize_out': 'false'; 'user_core_coord': 'std::nullopt'; 'user_fused_activation': 'std::nullopt'; 'user_run_batched': 'false'},HiFi4,110,,,3902133187,3902133577,390,1626536311934,1626536685088,252,252,276410,244718,244718,209179,243367,223203,1541,244718,206494,210624,210575,211055,,1141414,1365980,9965248,10486259,249508,,345187,694616,566771,1325,11518001,10640461,,,1[1],1[1],2048[2048],2048[2048],TILE,BFLOAT16,DEV_1_DRAM_INTERLEAVED,1[1],1[1],2048[2048],2048[2048],TILE,BFLOAT16,DEV_1_DRAM_INTERLEAVED,1[1],1[1],2048[2048],2048[2048],TILE,BFLOAT16,DEV_1_DRAM_INTERLEAVED,,,['ttnn/cpp/ttnn/operations/matmul/device/kernels/compute/bmm_large_block_zm_fused_bias_activation.cpp'],['bmm_large_block_zm_fused_bias_activation/11192068228048673779/'],['ttnn/cpp/ttnn/operations/matmul/device/kernels/dataflow/reader_bmm_tile_layout_in0_receiver.cpp'; 'ttnn/cpp/ttnn/operations/matmul/device/kernels/dataflow/reader_bmm_tile_layout_in1_receiver_writer_padding.cpp'; 'ttnn/cpp/ttnn/operations/matmul/device/kernels/dataflow/reader_bmm_tile_layout_in1_sender_writer_padding.cpp'; 'ttnn/cpp/ttnn/operations/matmul/device/kernels/dataflow/reader_bmm_tile_layout_in0_sender_padding.cpp'],['reader_bmm_tile_layout_in0_receiver/17102645427523872040/'; 'reader_bmm_tile_layout_in1_receiver_writer_padding/6891074587381327447/'; 'reader_bmm_tile_layout_in1_sender_writer_padding/16442118699542722342/'; 'reader_bmm_tile_layout_in0_sender_padding/10830808842372326572/'],10238499019388009662,False,2300,1304,2092,2744,2888,0,0,0,0,112979,112979,15258,[74.249267578125; 74.249267578125],[74.249267578125],46.167,,,,,
MatmulDeviceOperation,tt_dnn_device,291840,0,,{'bcast_batch': 'true'; 'compute_kernel_config': 'ComputeKernelConfig(math_fidelity=HiFi4;math_approx_mode=1;fp32_dest_acc_en=0;packer_l1_acc=0;dst_full_sync_en=0;throttle_level=ThrottleLevel::NO_THROTTLE)'; 'global_cb': 'std::nullopt'; 'output_dtype': 'DataType::BFLOAT16'; 'output_mem_config': 'MemoryConfig(memory_layout=TensorMemoryLayout::INTERLEAVED;buffer_type=BufferType::DRAM;shard_spec=std::nullopt;nd_shard_spec=std::nullopt;created_with_nd_shard_spec=0)'; 'output_tile': 'Tile(tile_shape={32; 32};face_shape={16; 16};num_faces=4)'; 'program_config': 'MatmulMultiCoreReuseMultiCastProgramConfig(compute_with_storage_grid_size=(x=11;y=10);in0_block_w=1;out_subblock_h=7;out_subblock_w=1;out_block_h=7;out_block_w=6;per_core_M=7;per_core_N=6;transpose_mcast=0;fused_activation=std::nullopt;fuse_batch=0)'; 'sub_device_id': 'std::nullopt'; 'transpose_a': 'false'; 'transpose_b': 'false'; 'untilize_out': 'false'; 'user_core_coord': 'std::nullopt'; 'user_fused_activation': 'std::nullopt'; 'user_run_batched': 'false'},HiFi4,110,,,3902142214,3902142996,782,1626536639149,1626537014654,252,252,278152,243871,243871,209051,243097,223167,1533,243863,206487,210613,210555,211036,,1145720,1368630,10122731,10681751,254557,,344747,660316,597576,1299,11358633,10486590,,,1[1],1[1],2048[2048],2048[2048],TILE,BFLOAT16,DEV_1_DRAM_INTERLEAVED,1[1],1[1],2048[2048],2048[2048],TILE,BFLOAT16,DEV_1_DRAM_INTERLEAVED,1[1],1[1],2048[2048],2048[2048],TILE,BFLOAT16,DEV_1_DRAM_INTERLEAVED,,,['ttnn/cpp/ttnn/operations/matmul/device/kernels/compute/bmm_large_block_zm_fused_bias_activation.cpp'],['bmm_large_block_zm_fused_bias_activation/11192068228048673779/'],['ttnn/cpp/ttnn/operations/matmul/device/kernels/dataflow/reader_bmm_tile_layout_in0_receiver.cpp'; 'ttnn/cpp/ttnn/operations/matmul/device/kernels/dataflow/reader_bmm_tile_layout_in1_receiver_writer_padding.cpp'; 'ttnn/cpp/ttnn/operations/matmul/device/kernels/dataflow/reader_bmm_tile_layout_in1_sender_writer_padding.cpp'; 'ttnn/cpp/ttnn/operations/matmul/device/kernels/dataflow/reader_bmm_tile_layout_in0_sender_padding.cpp'],['reader_bmm_tile_layout_in0_receiver/17102645427523872040/'; 'reader_bmm_tile_layout_in1_receiver_writer_padding/6891074587381327447/'; 'reader_bmm_tile_layout_in1_sender_writer_padding/16442118699542722342/'; 'reader_bmm_tile_layout_in0_sender_padding/10830808842372326572/'],10238499019388009662,False,2300,1304,2092,2744,2888,0,0,0,0,112979,112979,15258,[74.249267578125; 74.249267578125],[74.249267578125],46.327,,,,,
MatmulDeviceOperation,tt_dnn_device,292864,0,,{'bcast_batch': 'true'; 'compute_kernel_config': 'ComputeKernelConfig(math_fidelity=HiFi4;math_approx_mode=1;fp32_dest_acc_en=0;packer_l1_acc=0;dst_full_sync_en=0;throttle_level=ThrottleLevel::NO_THROTTLE)'; 'global_cb': 'std::nullopt'; 'output_dtype': 'DataType::BFLOAT16'; 'output_mem_config': 'MemoryConfig(memory_layout=TensorMemoryLayout::INTERLEAVED;buffer_type=BufferType::DRAM;shard_spec=std::nullopt;nd_shard_spec=std::nullopt;created_with_nd_shard_spec=0)'; 'output_tile': 'Tile(tile_shape={32; 32};face_shape={16; 16};num_faces=4)'; 'program_config': 'MatmulMultiCoreReuseMultiCastProgramConfig(compute_with_storage_grid_size=(x=11;y=10);in0_block_w=1;out_subblock_h=7;out_subblock_w=1;out_block_h=7;out_block_w=6;per_core_M=7;per_core_N=6;transpose_mcast=0;fused_activation=std::nullopt;fuse_batch=0)'; 'sub_device_id': 'std::nullopt'; 'transpose_a': 'false'; 'transpose_b': 'false'; 'untilize_out': 'false'; 'user_core_coord': 'std::nullopt'; 'user_fused_activation': 'std::nullopt'; 'user_run_batched': 'false'},HiFi4,110,,,3902151823,3902152323,500,1626536969692,1626537343600,206,207,276969,243459,243457,209187,242073,222884,1569,243453,206530,210599,210543,211012,,1130046,1365163,10048840,10306165,253094,,347237,681642,577590,1316,11427261,10832120,,,1[1],1[1],2048[2048],2048[2048],TILE,BFLOAT16,DEV_1_DRAM_INTERLEAVED,1[1],1[1],2048[2048],2048[2048],TILE,BFLOAT16,DEV_1_DRAM_INTERLEAVED,1[1],1[1],2048[2048],2048[2048],TILE,BFLOAT16,DEV_1_DRAM_INTERLEAVED,,,['ttnn/cpp/ttnn/operations/matmul/device/kernels/compute/bmm_large_block_zm_fused_bias_activation.cpp'],['bmm_large_block_zm_fused_bias_activation/11192068228048673779/'],['ttnn/cpp/ttnn/operations/matmul/device/kernels/dataflow/reader_bmm_tile_layout_in0_receiver.cpp'; 'ttnn/cpp/ttnn/operations/matmul/device/kernels/dataflow/reader_bmm_tile_layout_in1_receiver_writer_padding.cpp'; 'ttnn/cpp/ttnn/operations/matmul/device/kernels/dataflow/reader_bmm_tile_layout_in1_sender_writer_padding.cpp'; 'ttnn/cpp/ttnn/operations/matmul/device/kernels/dataflow/reader_bmm_tile_layout_in0_sender_padding.cpp'],['reader_bmm_tile_layout_in0_receiver/17102645427523872040/'; 'reader_bmm_tile_layout_in1_receiver_writer_padding/6891074587381327447/'; 'reader_bmm_tile_layout_in1_sender_writer_padding/16442118699542722342/'; 'reader_bmm_tile_layout_in0_sender_padding/10830808842372326572/'],10238499019388009662,False,2300,1304,2092,2744,2888,0,0,0,0,112979,112979,15258,[74.249267578125; 74.249267578125],[74.249267578125],46.406,,,,,
MatmulDeviceOperation,tt_dnn_device,293888,0,,{'bcast_batch': 'true'; 'compute_kernel_config': 'ComputeKernelConfig(math_fidelity=HiFi4;math_approx_mode=1;fp32_dest_acc_en=0;packer_l1_acc=0;dst_full_sync_en=0;throttle_level=ThrottleLevel::NO_THROTTLE)'; 'global_cb': 'std::nullopt'; 'output_dtype': 'DataType::BFLOAT16'; 'output_mem_config': 'MemoryConfig(memory_layout=TensorMemoryLayout::INTERLEAVED;buffer_type=BufferType::DRAM;shard_spec=std::nullopt;nd_shard_spec=std::nullopt;created_with_nd_shard_spec=0)'; 'output_tile': 'Tile(tile_shape={32; 32};face_shape={16; 16};num_faces=4)'; 'program_config': 'MatmulMultiCoreReuseMultiCastProgramConfig(compute_with_storage_grid_size=(x=11;y=10);in0_block_w=1;out_subblock_h=7;out_subblock_w=1;out_block_h=7;out_block_w=6;per_core_M=7;per_core_N=6;transpose_mcast=0;fused_activation=std::nullopt;fuse_batch=0)'; 'sub_device_id': 'std::nullopt'; 'transpose_a': 'false'; 'transpose_b': 'false'; 'untilize_out': 'false'; 'user_core_coord': 'std::nullopt'; 'user_fused_activation': 'std::nullopt'; 'user_run_batched': 'false'},HiFi4,110,,,3902161080,3902161541,461,1626537299373,1626537672850,199,199,276650,243689,243689,208878,242296,223105,1589,243681,206528,210485,210430,210899,,1127374,1363222,10052005,10005305,260166,,344981,700579,573896,1311,11409769,11120879,,,1[1],1[1],2048[2048],2048[2048],TILE,BFLOAT16,DEV_1_DRAM_INTERLEAVED,1[1],1[1],2048[2048],2048[2048],TILE,BFLOAT16,DEV_1_DRAM_INTERLEAVED,1[1],1[1],2048[2048],2048[2048],TILE,BFLOAT16,DEV_1_DRAM_INTERLEAVED,,,['ttnn/cpp/ttnn/operations/matmul/device/kernels/compute/bmm_large_block_zm_fused_bias_activation.cpp'],['bmm_large_block_zm_fused_bias_activation/11192068228048673779/'],['ttnn/cpp/ttnn/operations/matmul/device/kernels/dataflow/reader_bmm_tile_layout_in0_receiver.cpp'; 'ttnn/cpp/ttnn/operations/matmul/device/kernels/dataflow/reader_bmm_tile_layout_in1_receiver_writer_padding.cpp'; 'ttnn/cpp/ttnn/operations/matmul/device/kernels/dataflow/reader_bmm_tile_layout_in1_sender_writer_padding.cpp'; 'ttnn/cpp/ttnn/operations/matmul/device/kernels/dataflow/reader_bmm_tile_layout_in0_sender_padding.cpp'],['reader_bmm_tile_layout_in0_receiver/17102645427523872040/'; 'reader_bmm_tile_layout_in1_receiver_writer_padding/6891074587381327447/'; 'reader_bmm_tile_layout_in1_sender_writer_padding/16442118699542722342/'; 'reader_bmm_tile_layout_in0_sender_padding/10830808842372326572/'],10238499019388009662,False,2300,1304,2092,2744,2888,0,0,0,0,112979,112979,15258,[74.249267578125; 74.249267578125],[74.249267578125],46.362,,,,,
MatmulDeviceOperation,tt_dnn_device,294912,0,,{'bcast_batch': 'true'; 'compute_kernel_config': 'ComputeKernelConfig(math_fidelity=HiFi4;math_approx_mode=1;fp32_dest_acc_en=0;packer_l1_acc=0;dst_full_sync_en=0;throttle_level=ThrottleLevel::NO_THROTTLE)'; 'global_cb': 'std::nullopt'; 'output_dtype': 'DataType::BFLOAT16'; 'output_mem_config': 'MemoryConfig(memory_layout=TensorMemoryLayout::INTERLEAVED;buffer_type=BufferType::DRAM;shard_spec=std::nullopt;nd_shard_spec=std::nullopt;created_with_nd_shard_spec=0)'; 'output_tile': 'Tile(tile_shape={32; 32};face_shape={16; 16};num_faces=4)'; 'program_config': 'MatmulMultiCoreReuseMultiCastProgramConfig(compute_with_storage_grid_size=(x=11;y=10);in0_block_w=1;out_subblock_h=7;out_subblock_w=1;out_block_h=7;out_block_w=6;per_core_M=7;per_core_N=6;transpose_mcast=0;fused_activation=std::nullopt;fuse_batch=0)'; 'sub_device_id': 'std::nullopt'; 'transpose_a': 'false'; 'transpose_b': 'false'; 'untilize_out': 'false'; 'user_core_coord': 'std::nullopt'; 'user_fused_activation': 'std::nullopt'; 'user_run_batched': 'false'},HiFi4,110,,,3902170378,3902170749,371,1626537627906,1626538002628,177,178,277572,244105,244104,209053,242698,223354,1599,244104,206422,210601,210543,211021,,1134145,1358532,10011473,10707148,255736,,344121,642184,572716,1316,11466209,10464979,,,1[1],1[1],2048[2048],2048[2048],TILE,BFLOAT16,DEV_1_DRAM_INTERLEAVED,1[1],1[1],2048[2048],2048[2048],TILE,BFLOAT16,DEV_1_DRAM_INTERLEAVED,1[1],1[1],2048[2048],2048[2048],TILE,BFLOAT16,DEV_1_DRAM_INTERLEAVED,,,['ttnn/cpp/ttnn/operations/matmul/device/kernels/compute/bmm_large_block_zm_fused_bias_activation.cpp'],['bmm_large_block_zm_fused_bias_activation/11192068228048673779/'],['ttnn/cpp/ttnn/operations/matmul/device/kernels/dataflow/reader_bmm_tile_layout_in0_receiver.cpp'; 'ttnn/cpp/ttnn/operations/matmul/device/kernels/dataflow/reader_bmm_tile_layout_in1_receiver_writer_padding.cpp'; 'ttnn/cpp/ttnn/operations/matmul/device/kernels/dataflow/reader_bmm_tile_layout_in1_sender_writer_padding.cpp'; 'ttnn/cpp/ttnn/operations/matmul/device/kernels/dataflow/reader_bmm_tile_layout_in0_sender_padding.cpp'],['reader_bmm_tile_layout_in0_receiver/17102645427523872040/'; 'reader_bmm_tile_layout_in1_receiver_writer_padding/6891074587381327447/'; 'reader_bmm_tile_layout_in1_sender_writer_padding/16442118699542722342/'; 'reader_bmm_tile_layout_in0_sender_padding/10830808842372326572/'],10238499019388009662,False,2300,1304,2092,2744,2888,0,0,0,0,112979,112979,15258,[74.249267578125; 74.249267578125],[74.249267578125],46.283,,,,,
MatmulDeviceOperation,tt_dnn_device,295936,0,,{'bcast_batch': 'true'; 'compute_kernel_config': 'ComputeKernelConfig(math_fidelity=HiFi4;math_approx_mode=1;fp32_dest_acc_en=0;packer_l1_acc=0;dst_full_sync_en=0;throttle_level=ThrottleLevel::NO_THROTTLE)'; 'global_cb': 'std::nullopt'; 'output_dtype': 'DataType::BFLOAT16'; 'output_mem_config': 'MemoryConfig(memory_layout=TensorMemoryLayout::INTERLEAVED;buffer_type=BufferType::DRAM;shard_spec=std::nullopt;nd_shard_spec=std::nullopt;created_with_nd_shard_spec=0)'; 'output_tile': 'Tile(tile_shape={32; 32};face_shape={16; 16};num_faces=4)'; 'program_config': 'MatmulMultiCoreReuseMultiCastProgramConfig(compute_with_storage_grid_size=(x=11;y=10);in0_block_w=1;out_subblock_h=7;out_subblock_w=1;out_block_h=7;out_block_w=6;per_core_M=7;per_core_N=6;transpose_mcast=0;fused_activation=std::nullopt;fuse_batch=0)'; 'sub_device_id': 'std::nullopt'; 'transpose_a': 'false'; 'transpose_b': 'false'; 'untilize_out': 'false'; 'user_core_coord': 'std::nullopt'; 'user_fused_activation': 'std::nullopt'; 'user_run_batched': 'false'},HiFi4,110,,,3902179406,3902179786,380,1626537957348,1626538331757,148,148,277340,243649,243649,209433,242219,224486,1638,243649,207035,212592,212530,213013,,1110026,1551004,14147105,14132736,335139,,345734,670453,522762,1284,7446336,7133922,,,1[1],1[1],2048[2048],2048[2048],TILE,BFLOAT16,DEV_1_DRAM_INTERLEAVED,1[1],1[1],2048[2048],2048[2048],TILE,BFLOAT16,DEV_1_DRAM_INTERLEAVED,1[1],1[1],2048[2048],2048[2048],TILE,BFLOAT16,DEV_1_DRAM_INTERLEAVED,,,['ttnn/cpp/ttnn/operations/matmul/device/kernels/compute/bmm_large_block_zm_fused_bias_activation.cpp'],['bmm_large_block_zm_fused_bias_activation/11192068228048673779/'],['ttnn/cpp/ttnn/operations/matmul/device/kernels/dataflow/reader_bmm_tile_layout_in0_receiver.cpp'; 'ttnn/cpp/ttnn/operations/matmul/device/kernels/dataflow/reader_bmm_tile_layout_in1_receiver_writer_padding.cpp'; 'ttnn/cpp/ttnn/operations/matmul/device/kernels/dataflow/reader_bmm_tile_layout_in1_sender_writer_padding.cpp'; 'ttnn/cpp/ttnn/operations/matmul/device/kernels/dataflow/reader_bmm_tile_layout_in0_sender_padding.cpp'],['reader_bmm_tile_layout_in0_receiver/17102645427523872040/'; 'reader_bmm_tile_layout_in1_receiver_writer_padding/6891074587381327447/'; 'reader_bmm_tile_layout_in1_sender_writer_padding/16442118699542722342/'; 'reader_bmm_tile_layout_in0_sender_padding/10830808842372326572/'],10238499019388009662,False,2300,1304,2092,2744,2888,0,0,0,0,112979,112979,15258,[74.249267578125; 74.249267578125],[74.249267578125],46.37,,,,,
MatmulDeviceOperation,tt_dnn_device,296960,0,,{'bcast_batch': 'true'; 'compute_kernel_config': 'ComputeKernelConfig(math_fidelity=HiFi4;math_approx_mode=1;fp32_dest_acc_en=0;packer_l1_acc=0;dst_full_sync_en=0;throttle_level=ThrottleLevel::NO_THROTTLE)'; 'global_cb': 'std::nullopt'; 'output_dtype': 'DataType::BFLOAT16'; 'output_mem_config': 'MemoryConfig(memory_layout=TensorMemoryLayout::INTERLEAVED;buffer_type=BufferType::DRAM;shard_spec=std::nullopt;nd_shard_spec=std::nullopt;created_with_nd_shard_spec=0)'; 'output_tile': 'Tile(tile_shape={32; 32};face_shape={16; 16};num_faces=4)'; 'program_config': 'MatmulMultiCoreReuseMultiCastProgramConfig(compute_with_storage_grid_size=(x=11;y=10);in0_block_w=1;out_subblock_h=7;out_subblock_w=1;out_block_h=7;out_block_w=6;per_core_M=7;per_core_N=6;transpose_mcast=0;fused_activation=std::nullopt;fuse_batch=0)'; 'sub_device_id': 'std::nullopt'; 'transpose_a': 'false'; 'transpose_b': 'false'; 'untilize_out': 'false'; 'user_core_coord': 'std::nullopt'; 'user_fused_activation': 'std::nullopt'; 'user_run_batched': 'false'},HiFi4,110,,,3902188032,3902188413,381,1626538287834,1626538661118,148,148,276507,243823,243823,209016,242736,223213,1628,243812,206477,210687,210633,211105,,1139451,1361562,9910648,10406074,249927,,343818,677750,601775,1320,11572261,10737864,,,1[1],1[1],2048[2048],2048[2048],TILE,BFLOAT16,DEV_1_DRAM_INTERLEAVED,1[1],1[1],2048[2048],2048[2048],TILE,BFLOAT16,DEV_1_DRAM_INTERLEAVED,1[1],1[1],2048[2048],2048[2048],TILE,BFLOAT16,DEV_1_DRAM_INTERLEAVED,,,['ttnn/cpp/ttnn/operations/matmul/device/kernels/compute/bmm_large_block_zm_fused_bias_activation.cpp'],['bmm_large_block_zm_fused_bias_activation/11192068228048673779/'],['ttnn/cpp/ttnn/operations/matmul/device/kernels/dataflow/reader_bmm_tile_layout_in0_receiver.cpp'; 'ttnn/cpp/ttnn/operations/matmul/device/kernels/dataflow/reader_bmm_tile_layout_in1_receiver_writer_padding.cpp'; 'ttnn/cpp/ttnn/operations/matmul/device/kernels/dataflow/reader_bmm_tile_layout_in1_sender_writer_padding.cpp'; 'ttnn/cpp/ttnn/operations/matmul/device/kernels/dataflow/reader_bmm_tile_layout_in0_sender_padding.cpp'],['reader_bmm_tile_layout_in0_receiver/17102645427523872040/'; 'reader_bmm_tile_layout_in1_receiver_writer_padding/6891074587381327447/'; 'reader_bmm_tile_layout_in1_sender_writer_padding/16442118699542722342/'; 'reader_bmm_tile_layout_in0_sender_padding/10830808842372326572/'],10238499019388009662,False,2300,1304,2092,2744,2888,0,0,0,0,112979,112979,15258,[74.249267578125; 74.249267578125],[74.249267578125],46.336,,,,,
UnaryDeviceOperation,tt_dnn_device,297984,0,,{'bfp8_pack_precise': 'false'; 'fp32_dest_acc_en': 'false'; 'op_chain': '{BasicUnaryWithParam<float; int; unsigned int>(base=BasicUnaryWithParam<float>(op_type=UnaryOpType::EXP;param={0}))}'; 'output_dtype': 'DataType::BFLOAT16'; 'output_memory_config': 'MemoryConfig(memory_layout=TensorMemoryLayout::INTERLEAVED;buffer_type=BufferType::DRAM;shard_spec=std::nullopt;nd_shard_spec=std::nullopt;created_with_nd_shard_spec=0)'; 'preserve_fp32_precision': 'false'; 'sub_core_grids': 'std::nullopt'},HiFi4,1,,,3911618820,3911620183,1363,1626538693030,1626538696150,24101,24150,2311,1850,1801,1850,1850,1850,79,1770,516,601,1467,221,,384,15,,21,1363,,,355,204,,,,,,1[1],1[1],32[32],32[32],TILE,BFLOAT16,DEV_1_DRAM_INTERLEAVED,,,,,,,,1[1],1[1],32[32],32[32],TILE,BFLOAT16,DEV_1_DRAM_INTERLEAVED,,,['ttnn/cpp/ttnn/operations/eltwise/unary/device/kernels/compute//eltwise_sfpu.cpp'],['eltwise_sfpu/10029552010278408165/'],['ttnn/cpp/ttnn/operations/eltwise/unary/device/kernels/dataflow/writer_unary_interleaved_start_id.cpp'; 'ttnn/cpp/ttnn/operations/eltwise/unary/device/kernels/dataflow/reader_unary_interleaved_start_id.cpp'],['writer_unary_interleaved_start_id/4894176828902453217/'; 'reader_unary_interleaved_start_id/1030765248970988015/'],6951186318373350250,False,1160,1076,1128,828,1180,0,0,0,0,1,1,1,[],[],0.054,,,,,
UnaryDeviceOperation,tt_dnn_device,299008,0,,{'bfp8_pack_precise': 'false'; 'fp32_dest_acc_en': 'false'; 'op_chain': '{BasicUnaryWithParam<float; int; unsigned int>(base=BasicUnaryWithParam<float>(op_type=UnaryOpType::EXP;param={0}))}'; 'output_dtype': 'DataType::BFLOAT16'; 'output_memory_config': 'MemoryConfig(memory_layout=TensorMemoryLayout::INTERLEAVED;buffer_type=BufferType::DRAM;shard_spec=std::nullopt;nd_shard_spec=std::nullopt;created_with_nd_shard_spec=0)'; 'preserve_fp32_precision': 'false'; 'sub_core_grids': 'std::nullopt'},HiFi4,1,,,3911627477,3911628018,541,1626538706279,1626538709384,7985,8008,2300,1818,1795,1818,1818,1818,86,1732,516,609,1442,246,,413,16,,21,1350,,,355,193,,,,,,1[1],1[1],32[32],32[32],TILE,BFLOAT16,DEV_1_DRAM_INTERLEAVED,,,,,,,,1[1],1[1],32[32],32[32],TILE,BFLOAT16,DEV_1_DRAM_INTERLEAVED,,,['ttnn/cpp/ttnn/operations/eltwise/unary/device/kernels/compute//eltwise_sfpu.cpp'],['eltwise_sfpu/10029552010278408165/'],['ttnn/cpp/ttnn/operations/eltwise/unary/device/kernels/dataflow/writer_unary_interleaved_start_id.cpp'; 'ttnn/cpp/ttnn/operations/eltwise/unary/device/kernels/dataflow/reader_unary_interleaved_start_id.cpp'],['writer_unary_interleaved_start_id/4894176828902453217/'; 'reader_unary_interleaved_start_id/1030765248970988015/'],6951186318373350250,False,1160,1076,1128,828,1180,0,0,0,0,1,1,1,[],[],0.055,,,,,
UnaryDeviceOperation,tt_dnn_device,300032,0,,{'bfp8_pack_precise': 'false'; 'fp32_dest_acc_en': 'false'; 'op_chain': '{BasicUnaryWithParam<float; int; unsigned int>(base=BasicUnaryWithParam<float>(op_type=UnaryOpType::EXP;param={0}))}'; 'output_dtype': 'DataType::BFLOAT16'; 'output_memory_config': 'MemoryConfig(memory_layout=TensorMemoryLayout::INTERLEAVED;buffer_type=BufferType::DRAM;shard_spec=std::nullopt;nd_shard_spec=std::nullopt;created_with_nd_shard_spec=0)'; 'preserve_fp32_precision': 'false'; 'sub_core_grids': 'std::nullopt'},HiFi4,1,,,3911634139,3911634500,361,1626538715669,1626538718804,5130,5159,2322,1856,1827,1856,1856,1856,73,1782,547,632,1476,225,,419,25,,21,1400,,,367,208,,,,,,1[1],1[1],32[32],32[32],TILE,BFLOAT16,DEV_1_DRAM_INTERLEAVED,,,,,,,,1[1],1[1],32[32],32[32],TILE,BFLOAT16,DEV_1_DRAM_INTERLEAVED,,,['ttnn/cpp/ttnn/operations/eltwise/unary/device/kernels/compute//eltwise_sfpu.cpp'],['eltwise_sfpu/10029552010278408165/'],['ttnn/cpp/ttnn/operations/eltwise/unary/device/kernels/dataflow/writer_unary_interleaved_start_id.cpp'; 'ttnn/cpp/ttnn/operations/eltwise/unary/device/kernels/dataflow/reader_unary_interleaved_start_id.cpp'],['writer_unary_interleaved_start_id/4894176828902453217/'; 'reader_unary_interleaved_start_id/1030765248970988015/'],6951186318373350250,False,1160,1076,1128,828,1180,0,0,0,0,1,1,1,[],[],0.054,,,,,
