{
    "affinity_pred_value": -1.680056095123291,
    "affinity_probability_binary": 0.966081976890564,
    "affinity_pred_value1": -0.3700927793979645,
    "affinity_probability_binary1": 0.9532065987586975,
    "affinity_pred_value2": -1.0819010734558105,
    "affinity_probability_binary2": 0.9789573550224304
}