{
    "affinity_pred_value": 2.598174571990967,
    "affinity_probability_binary": 0.8464977741241455,
    "affinity_pred_value1": 2.4910125732421875,
    "affinity_probability_binary1": 0.897819995880127,
    "affinity_pred_value2": 1.9430925846099854,
    "affinity_probability_binary2": 0.7951756119728088
}