{
    "affinity_pred_value": -0.45059633255004883,
    "affinity_probability_binary": 0.9301053881645203,
    "affinity_pred_value1": 0.24331343173980713,
    "affinity_probability_binary1": 0.9288173317909241,
    "affinity_pred_value2": 0.6564836502075195,
    "affinity_probability_binary2": 0.9313934445381165
}