{
    "affinity_pred_value": -0.43666887283325195,
    "affinity_probability_binary": 0.9301847815513611,
    "affinity_pred_value1": 0.2717244029045105,
    "affinity_probability_binary1": 0.9305675029754639,
    "affinity_pred_value2": 0.6549789309501648,
    "affinity_probability_binary2": 0.9298020601272583
}