OP CODE,OP TYPE,GLOBAL CALL COUNT,DEVICE ID,DEVICE ARCH,ATTRIBUTES,MATH FIDELITY,CORE COUNT,AVAILABLE WORKER CORE COUNT,PARALLELIZATION STRATEGY,HOST START TS,HOST END TS,HOST DURATION [ns],DEVICE FW START CYCLE,DEVICE FW END CYCLE,OP TO OP LATENCY [ns],OP TO OP LATENCY BR/NRISC START [ns],DEVICE FW DURATION [ns],DEVICE KERNEL DURATION [ns],DEVICE KERNEL DURATION DM START [ns],DEVICE KERNEL DURATION PER CORE MIN [ns],DEVICE KERNEL DURATION PER CORE MAX [ns],DEVICE KERNEL DURATION PER CORE AVG [ns],DEVICE KERNEL FIRST TO LAST START [ns],DEVICE BRISC KERNEL DURATION [ns],DEVICE NCRISC KERNEL DURATION [ns],DEVICE TRISC0 KERNEL DURATION [ns],DEVICE TRISC1 KERNEL DURATION [ns],DEVICE TRISC2 KERNEL DURATION [ns],DEVICE ERISC KERNEL DURATION [ns],DEVICE COMPUTE CB WAIT FRONT [ns],DEVICE COMPUTE CB RESERVE BACK [ns],DISPATCH TOTAL CQ CMD OP TIME [ns],DISPATCH GO SEND WAIT TIME [ns],INPUT_0_W_PAD[LOGICAL],INPUT_0_Z_PAD[LOGICAL],INPUT_0_Y_PAD[LOGICAL],INPUT_0_X_PAD[LOGICAL],INPUT_0_LAYOUT,INPUT_0_DATATYPE,INPUT_0_MEMORY,INPUT_1_W_PAD[LOGICAL],INPUT_1_Z_PAD[LOGICAL],INPUT_1_Y_PAD[LOGICAL],INPUT_1_X_PAD[LOGICAL],INPUT_1_LAYOUT,INPUT_1_DATATYPE,INPUT_1_MEMORY,INPUT_2_W_PAD[LOGICAL],INPUT_2_Z_PAD[LOGICAL],INPUT_2_Y_PAD[LOGICAL],INPUT_2_X_PAD[LOGICAL],INPUT_2_LAYOUT,INPUT_2_DATATYPE,INPUT_2_MEMORY,INPUT_3_W_PAD[LOGICAL],INPUT_3_Z_PAD[LOGICAL],INPUT_3_Y_PAD[LOGICAL],INPUT_3_X_PAD[LOGICAL],INPUT_3_LAYOUT,INPUT_3_DATATYPE,INPUT_3_MEMORY,INPUT_4_W_PAD[LOGICAL],INPUT_4_Z_PAD[LOGICAL],INPUT_4_Y_PAD[LOGICAL],INPUT_4_X_PAD[LOGICAL],INPUT_4_LAYOUT,INPUT_4_DATATYPE,INPUT_4_MEMORY,INPUT_5_W_PAD[LOGICAL],INPUT_5_Z_PAD[LOGICAL],INPUT_5_Y_PAD[LOGICAL],INPUT_5_X_PAD[LOGICAL],INPUT_5_LAYOUT,INPUT_5_DATATYPE,INPUT_5_MEMORY,INPUT_6_W_PAD[LOGICAL],INPUT_6_Z_PAD[LOGICAL],INPUT_6_Y_PAD[LOGICAL],INPUT_6_X_PAD[LOGICAL],INPUT_6_LAYOUT,INPUT_6_DATATYPE,INPUT_6_MEMORY,INPUT_7_W_PAD[LOGICAL],INPUT_7_Z_PAD[LOGICAL],INPUT_7_Y_PAD[LOGICAL],INPUT_7_X_PAD[LOGICAL],INPUT_7_LAYOUT,INPUT_7_DATATYPE,INPUT_7_MEMORY,INPUT_8_W_PAD[LOGICAL],INPUT_8_Z_PAD[LOGICAL],INPUT_8_Y_PAD[LOGICAL],INPUT_8_X_PAD[LOGICAL],INPUT_8_LAYOUT,INPUT_8_DATATYPE,INPUT_8_MEMORY,INPUT_9_W_PAD[LOGICAL],INPUT_9_Z_PAD[LOGICAL],INPUT_9_Y_PAD[LOGICAL],INPUT_9_X_PAD[LOGICAL],INPUT_9_LAYOUT,INPUT_9_DATATYPE,INPUT_9_MEMORY,OUTPUT_0_W_PAD[LOGICAL],OUTPUT_0_Z_PAD[LOGICAL],OUTPUT_0_Y_PAD[LOGICAL],OUTPUT_0_X_PAD[LOGICAL],OUTPUT_0_LAYOUT,OUTPUT_0_DATATYPE,OUTPUT_0_MEMORY,OUTPUT_1_W_PAD[LOGICAL],OUTPUT_1_Z_PAD[LOGICAL],OUTPUT_1_Y_PAD[LOGICAL],OUTPUT_1_X_PAD[LOGICAL],OUTPUT_1_LAYOUT,OUTPUT_1_DATATYPE,OUTPUT_1_MEMORY,OUTPUT_2_W_PAD[LOGICAL],OUTPUT_2_Z_PAD[LOGICAL],OUTPUT_2_Y_PAD[LOGICAL],OUTPUT_2_X_PAD[LOGICAL],OUTPUT_2_LAYOUT,OUTPUT_2_DATATYPE,OUTPUT_2_MEMORY,METAL TRACE ID,METAL TRACE REPLAY SESSION ID,COMPUTE KERNEL SOURCE,COMPUTE KERNEL HASH,DATA MOVEMENT KERNEL SOURCE,DATA MOVEMENT KERNEL HASH,PROGRAM HASH,PROGRAM CACHE HIT,TENSIX DM 0 MAX KERNEL SIZE [B],TENSIX DM 1 MAX KERNEL SIZE [B],TENSIX COMPUTE 0 MAX KERNEL SIZE [B],TENSIX COMPUTE 1 MAX KERNEL SIZE [B],TENSIX COMPUTE 2 MAX KERNEL SIZE [B],ACTIVE ETH DM 0 MAX KERNEL SIZE [B],ACTIVE ETH DM 1 MAX KERNEL SIZE [B],IDLE ETH DM 0 MAX KERNEL SIZE [B],IDLE ETH DM 1 MAX KERNEL SIZE [B],PM IDEAL [ns],PM COMPUTE [ns],PM BANDWIDTH [ns],PM REQ I BW,PM REQ O BW,PM FPU UTIL (%),NOC UTIL (%),MULTICAST NOC UTIL (%),DRAM BW UTIL (%),ETH BW UTIL (%),NPE CONG IMPACT (%)
BinaryNgDeviceOperation,tt_dnn_device,1024,0,blackhole,{'binary_op_type': 'BinaryOpType::ADD'; 'compute_kernel_config': 'std::nullopt'; 'dtype': 'DataType::BFLOAT16'; 'input_dtype': 'DataType::BFLOAT16'; 'is_quant_op': 'false'; 'is_sfpu': 'false'; 'is_where_op': 'false'; 'lhs_activations': '{}'; 'memory_config': 'MemoryConfig(memory_layout=TensorMemoryLayout::INTERLEAVED;buffer_type=BufferType::DRAM;shard_spec=std::nullopt;nd_shard_spec=std::nullopt;created_with_nd_shard_spec=0)'; 'post_activations': '{}'; 'rhs_activations': '{}'; 'scalar': 'std::nullopt'; 'sub_core_grids': 'std::nullopt'; 'subtile_broadcast_type': 'SubtileBroadcastType::NONE'; 'worker_grid': '{[(x=0;y=0) - (x=10;y=9)]}'},HiFi4,110,110,,3842378624,3842594072,215448,1204624921574,1204624924360,0,0,2064,1627,1539,,,,688,1469,1136,1096,625,677,,,,,,1[1],1[1],32[32],32[32],TILE,BFLOAT16,DEV_1_DRAM_INTERLEAVED,1[1],1[1],32[32],32[32],TILE,BFLOAT16,DEV_1_DRAM_INTERLEAVED,,,,,,,,,,,,,,,,,,,,,,,,,,,,,,,,,,,,,,,,,,,,,,,,,,,,,,,,,1[1],1[1],32[32],32[32],TILE,BFLOAT16,DEV_1_DRAM_INTERLEAVED,,,,,,,,,,,,,,,,,['ttnn/cpp/ttnn/operations/eltwise/binary_ng/device/kernels/compute/eltwise_binary_no_bcast.cpp'],['eltwise_binary_no_bcast/7008375477495064524/'],['ttnn/cpp/ttnn/operations/eltwise/binary_ng/device/kernels_ng/dataflow/reader_interleaved_no_bcast.cpp'; 'ttnn/cpp/ttnn/operations/eltwise/binary_ng/device/kernels_ng/dataflow/writer_interleaved_no_bcast.cpp'],['reader_interleaved_no_bcast/13569263223077070646/'; 'writer_interleaved_no_bcast/17771707349566412835/'],18417575360683381351,False,1120,1644,1344,672,1296,0,0,0,0,1,1,1,[],[],0.061,,,,,
BinaryNgDeviceOperation,tt_dnn_device,2048,0,blackhole,{'binary_op_type': 'BinaryOpType::MUL'; 'compute_kernel_config': 'std::nullopt'; 'dtype': 'DataType::BFLOAT16'; 'input_dtype': 'DataType::BFLOAT16'; 'is_quant_op': 'false'; 'is_sfpu': 'true'; 'is_where_op': 'false'; 'lhs_activations': '{}'; 'memory_config': 'MemoryConfig(memory_layout=TensorMemoryLayout::INTERLEAVED;buffer_type=BufferType::DRAM;shard_spec=std::nullopt;nd_shard_spec=std::nullopt;created_with_nd_shard_spec=0)'; 'post_activations': '{}'; 'rhs_activations': '{}'; 'scalar': '1'; 'sub_core_grids': 'std::nullopt'; 'subtile_broadcast_type': 'SubtileBroadcastType::NONE'; 'worker_grid': '{[(x=0;y=0) - (x=10;y=9)]}'},HiFi4,110,110,,3852992369,3853071987,79618,1204639258948,1204639263508,10618611,10618611,3378,2837,2837,,,,567,2824,1117,1891,2418,703,,,,,,1[1],1[1],128[128],32[4],TILE,BFLOAT16,DEV_1_DRAM_INTERLEAVED,1[1],1[1],128[128],32[4],TILE,BFLOAT16,DEV_1_DRAM_INTERLEAVED,,,,,,,,,,,,,,,,,,,,,,,,,,,,,,,,,,,,,,,,,,,,,,,,,,,,,,,,,1[1],1[1],128[128],32[4],TILE,BFLOAT16,DEV_1_DRAM_INTERLEAVED,,,,,,,,,,,,,,,,,['ttnn/cpp/ttnn/operations/eltwise/binary_ng/device/kernels/compute/eltwise_binary_sfpu_scalar.cpp'],['eltwise_binary_sfpu_scalar/6302317103236044736/'],['ttnn/cpp/ttnn/operations/eltwise/binary_ng/device/kernels/dataflow/reader_interleaved_no_bcast.cpp'; 'ttnn/cpp/ttnn/operations/eltwise/binary_ng/device/kernels/dataflow/writer_interleaved_scalar.cpp'],['reader_interleaved_no_bcast/15501400787415134526/'; 'writer_interleaved_scalar/13747915134593411132/'],15691238620557725211,False,1228,1256,1532,1264,1296,0,0,0,0,1,1,1,[],[],0.035,,,,,
BinaryNgDeviceOperation,tt_dnn_device,3072,0,blackhole,{'binary_op_type': 'BinaryOpType::MUL'; 'compute_kernel_config': 'std::nullopt'; 'dtype': 'DataType::BFLOAT16'; 'input_dtype': 'DataType::BFLOAT16'; 'is_quant_op': 'false'; 'is_sfpu': 'true'; 'is_where_op': 'false'; 'lhs_activations': '{}'; 'memory_config': 'MemoryConfig(memory_layout=TensorMemoryLayout::INTERLEAVED;buffer_type=BufferType::DRAM;shard_spec=std::nullopt;nd_shard_spec=std::nullopt;created_with_nd_shard_spec=0)'; 'post_activations': '{}'; 'rhs_activations': '{}'; 'scalar': '1'; 'sub_core_grids': 'std::nullopt'; 'subtile_broadcast_type': 'SubtileBroadcastType::NONE'; 'worker_grid': '{[(x=0;y=0) - (x=10;y=9)]}'},HiFi4,110,110,,3854722059,3854793672,71613,1204641594444,1204641599003,1727230,1727230,3377,2826,2826,,,,555,2804,1114,1887,2413,704,,,,,,1[1],1[1],128[128],32[4],TILE,BFLOAT16,DEV_1_DRAM_INTERLEAVED,1[1],1[1],128[128],32[4],TILE,BFLOAT16,DEV_1_DRAM_INTERLEAVED,,,,,,,,,,,,,,,,,,,,,,,,,,,,,,,,,,,,,,,,,,,,,,,,,,,,,,,,,1[1],1[1],128[128],32[4],TILE,BFLOAT16,DEV_1_DRAM_INTERLEAVED,,,,,,,,,,,,,,,,,['ttnn/cpp/ttnn/operations/eltwise/binary_ng/device/kernels/compute/eltwise_binary_sfpu_scalar.cpp'],['eltwise_binary_sfpu_scalar/6302317103236044736/'],['ttnn/cpp/ttnn/operations/eltwise/binary_ng/device/kernels/dataflow/reader_interleaved_no_bcast.cpp'; 'ttnn/cpp/ttnn/operations/eltwise/binary_ng/device/kernels/dataflow/writer_interleaved_scalar.cpp'],['reader_interleaved_no_bcast/15501400787415134526/'; 'writer_interleaved_scalar/13747915134593411132/'],15691238620557725211,True,1228,1256,1532,1264,1296,0,0,0,0,1,1,1,[],[],0.035,,,,,
BinaryNgDeviceOperation,tt_dnn_device,4096,0,blackhole,{'binary_op_type': 'BinaryOpType::MUL'; 'compute_kernel_config': 'std::nullopt'; 'dtype': 'DataType::BFLOAT16'; 'input_dtype': 'DataType::BFLOAT16'; 'is_quant_op': 'false'; 'is_sfpu': 'true'; 'is_where_op': 'false'; 'lhs_activations': '{}'; 'memory_config': 'MemoryConfig(memory_layout=TensorMemoryLayout::INTERLEAVED;buffer_type=BufferType::DRAM;shard_spec=std::nullopt;nd_shard_spec=std::nullopt;created_with_nd_shard_spec=0)'; 'post_activations': '{}'; 'rhs_activations': '{}'; 'scalar': '1'; 'sub_core_grids': 'std::nullopt'; 'subtile_broadcast_type': 'SubtileBroadcastType::NONE'; 'worker_grid': '{[(x=0;y=0) - (x=10;y=9)]}'},HiFi4,110,110,,3861151384,3861211895,60511,1204650275407,1204650279977,6426664,6426664,3385,2830,2830,,,,561,2830,1100,1898,2420,707,,,,,,1[1],1[1],128[128],32[4],TILE,BFLOAT16,DEV_1_DRAM_INTERLEAVED,1[1],1[1],128[128],32[4],TILE,BFLOAT16,DEV_1_DRAM_INTERLEAVED,,,,,,,,,,,,,,,,,,,,,,,,,,,,,,,,,,,,,,,,,,,,,,,,,,,,,,,,,1[1],1[1],128[128],32[4],TILE,BFLOAT16,DEV_1_DRAM_INTERLEAVED,,,,,,,,,,,,,,,,,['ttnn/cpp/ttnn/operations/eltwise/binary_ng/device/kernels/compute/eltwise_binary_sfpu_scalar.cpp'],['eltwise_binary_sfpu_scalar/6302317103236044736/'],['ttnn/cpp/ttnn/operations/eltwise/binary_ng/device/kernels/dataflow/reader_interleaved_no_bcast.cpp'; 'ttnn/cpp/ttnn/operations/eltwise/binary_ng/device/kernels/dataflow/writer_interleaved_scalar.cpp'],['reader_interleaved_no_bcast/15501400787415134526/'; 'writer_interleaved_scalar/13747915134593411132/'],15691238620557725211,True,1228,1256,1532,1264,1296,0,0,0,0,1,1,1,[],[],0.035,,,,,
BinaryNgDeviceOperation,tt_dnn_device,5120,0,blackhole,{'binary_op_type': 'BinaryOpType::MUL'; 'compute_kernel_config': 'std::nullopt'; 'dtype': 'DataType::BFLOAT16'; 'input_dtype': 'DataType::BFLOAT16'; 'is_quant_op': 'false'; 'is_sfpu': 'true'; 'is_where_op': 'false'; 'lhs_activations': '{}'; 'memory_config': 'MemoryConfig(memory_layout=TensorMemoryLayout::INTERLEAVED;buffer_type=BufferType::DRAM;shard_spec=std::nullopt;nd_shard_spec=std::nullopt;created_with_nd_shard_spec=0)'; 'post_activations': '{}'; 'rhs_activations': '{}'; 'scalar': '1'; 'sub_core_grids': 'std::nullopt'; 'subtile_broadcast_type': 'SubtileBroadcastType::NONE'; 'worker_grid': '{[(x=0;y=0) - (x=10;y=9)]}'},HiFi4,110,110,,3862346605,3862404642,58037,1204651889284,1204651893844,1192467,1192467,3378,2827,2827,,,,552,2810,1109,1888,2416,703,,,,,,1[1],1[1],128[128],32[4],TILE,BFLOAT16,DEV_1_DRAM_INTERLEAVED,1[1],1[1],128[128],32[4],TILE,BFLOAT16,DEV_1_DRAM_INTERLEAVED,,,,,,,,,,,,,,,,,,,,,,,,,,,,,,,,,,,,,,,,,,,,,,,,,,,,,,,,,1[1],1[1],128[128],32[4],TILE,BFLOAT16,DEV_1_DRAM_INTERLEAVED,,,,,,,,,,,,,,,,,['ttnn/cpp/ttnn/operations/eltwise/binary_ng/device/kernels/compute/eltwise_binary_sfpu_scalar.cpp'],['eltwise_binary_sfpu_scalar/6302317103236044736/'],['ttnn/cpp/ttnn/operations/eltwise/binary_ng/device/kernels/dataflow/reader_interleaved_no_bcast.cpp'; 'ttnn/cpp/ttnn/operations/eltwise/binary_ng/device/kernels/dataflow/writer_interleaved_scalar.cpp'],['reader_interleaved_no_bcast/15501400787415134526/'; 'writer_interleaved_scalar/13747915134593411132/'],15691238620557725211,True,1228,1256,1532,1264,1296,0,0,0,0,1,1,1,[],[],0.035,,,,,
BinaryNgDeviceOperation,tt_dnn_device,6144,0,blackhole,{'binary_op_type': 'BinaryOpType::MUL'; 'compute_kernel_config': 'std::nullopt'; 'dtype': 'DataType::BFLOAT16'; 'input_dtype': 'DataType::BFLOAT16'; 'is_quant_op': 'false'; 'is_sfpu': 'true'; 'is_where_op': 'false'; 'lhs_activations': '{}'; 'memory_config': 'MemoryConfig(memory_layout=TensorMemoryLayout::INTERLEAVED;buffer_type=BufferType::DRAM;shard_spec=std::nullopt;nd_shard_spec=std::nullopt;created_with_nd_shard_spec=0)'; 'post_activations': '{}'; 'rhs_activations': '{}'; 'scalar': '1'; 'sub_core_grids': 'std::nullopt'; 'subtile_broadcast_type': 'SubtileBroadcastType::NONE'; 'worker_grid': '{[(x=0;y=0) - (x=10;y=9)]}'},HiFi4,110,110,,3868719174,3868781920,62746,1204660491861,1204660496456,6369045,6369045,3404,2845,2845,,,,563,2845,1108,1904,2425,707,,,,,,1[1],1[1],128[128],32[4],TILE,BFLOAT16,DEV_1_DRAM_INTERLEAVED,1[1],1[1],128[128],32[4],TILE,BFLOAT16,DEV_1_DRAM_INTERLEAVED,,,,,,,,,,,,,,,,,,,,,,,,,,,,,,,,,,,,,,,,,,,,,,,,,,,,,,,,,1[1],1[1],128[128],32[4],TILE,BFLOAT16,DEV_1_DRAM_INTERLEAVED,,,,,,,,,,,,,,,,,['ttnn/cpp/ttnn/operations/eltwise/binary_ng/device/kernels/compute/eltwise_binary_sfpu_scalar.cpp'],['eltwise_binary_sfpu_scalar/6302317103236044736/'],['ttnn/cpp/ttnn/operations/eltwise/binary_ng/device/kernels/dataflow/reader_interleaved_no_bcast.cpp'; 'ttnn/cpp/ttnn/operations/eltwise/binary_ng/device/kernels/dataflow/writer_interleaved_scalar.cpp'],['reader_interleaved_no_bcast/15501400787415134526/'; 'writer_interleaved_scalar/13747915134593411132/'],15691238620557725211,True,1228,1256,1532,1264,1296,0,0,0,0,1,1,1,[],[],0.035,,,,,
BinaryNgDeviceOperation,tt_dnn_device,7168,0,blackhole,{'binary_op_type': 'BinaryOpType::MUL'; 'compute_kernel_config': 'std::nullopt'; 'dtype': 'DataType::BFLOAT16'; 'input_dtype': 'DataType::BFLOAT16'; 'is_quant_op': 'false'; 'is_sfpu': 'true'; 'is_where_op': 'false'; 'lhs_activations': '{}'; 'memory_config': 'MemoryConfig(memory_layout=TensorMemoryLayout::INTERLEAVED;buffer_type=BufferType::DRAM;shard_spec=std::nullopt;nd_shard_spec=std::nullopt;created_with_nd_shard_spec=0)'; 'post_activations': '{}'; 'rhs_activations': '{}'; 'scalar': '1'; 'sub_core_grids': 'std::nullopt'; 'subtile_broadcast_type': 'SubtileBroadcastType::NONE'; 'worker_grid': '{[(x=0;y=0) - (x=10;y=9)]}'},HiFi4,110,110,,3869917591,3869972443,54852,1204662110521,1204662115090,1196280,1196280,3384,2847,2847,,,,565,2799,1113,1896,2416,705,,,,,,1[1],1[1],128[128],32[4],TILE,BFLOAT16,DEV_1_DRAM_INTERLEAVED,1[1],1[1],128[128],32[4],TILE,BFLOAT16,DEV_1_DRAM_INTERLEAVED,,,,,,,,,,,,,,,,,,,,,,,,,,,,,,,,,,,,,,,,,,,,,,,,,,,,,,,,,1[1],1[1],128[128],32[4],TILE,BFLOAT16,DEV_1_DRAM_INTERLEAVED,,,,,,,,,,,,,,,,,['ttnn/cpp/ttnn/operations/eltwise/binary_ng/device/kernels/compute/eltwise_binary_sfpu_scalar.cpp'],['eltwise_binary_sfpu_scalar/6302317103236044736/'],['ttnn/cpp/ttnn/operations/eltwise/binary_ng/device/kernels/dataflow/reader_interleaved_no_bcast.cpp'; 'ttnn/cpp/ttnn/operations/eltwise/binary_ng/device/kernels/dataflow/writer_interleaved_scalar.cpp'],['reader_interleaved_no_bcast/15501400787415134526/'; 'writer_interleaved_scalar/13747915134593411132/'],15691238620557725211,True,1228,1256,1532,1264,1296,0,0,0,0,1,1,1,[],[],0.035,,,,,
BinaryNgDeviceOperation,tt_dnn_device,8192,0,blackhole,{'binary_op_type': 'BinaryOpType::MUL'; 'compute_kernel_config': 'std::nullopt'; 'dtype': 'DataType::BFLOAT16'; 'input_dtype': 'DataType::BFLOAT16'; 'is_quant_op': 'false'; 'is_sfpu': 'true'; 'is_where_op': 'false'; 'lhs_activations': '{}'; 'memory_config': 'MemoryConfig(memory_layout=TensorMemoryLayout::INTERLEAVED;buffer_type=BufferType::DRAM;shard_spec=std::nullopt;nd_shard_spec=std::nullopt;created_with_nd_shard_spec=0)'; 'post_activations': '{}'; 'rhs_activations': '{}'; 'scalar': '1'; 'sub_core_grids': 'std::nullopt'; 'subtile_broadcast_type': 'SubtileBroadcastType::NONE'; 'worker_grid': '{[(x=0;y=0) - (x=10;y=9)]}'},HiFi4,110,110,,3876017897,3876074642,56745,1204670346131,1204670350703,6098175,6097619,3387,2841,2840,,,,557,2840,1212,1908,2426,716,,,,,,1[1],1[1],128[128],32[4],TILE,BFLOAT16,DEV_1_DRAM_INTERLEAVED,1[1],1[1],128[128],32[4],TILE,BFLOAT16,DEV_1_DRAM_INTERLEAVED,,,,,,,,,,,,,,,,,,,,,,,,,,,,,,,,,,,,,,,,,,,,,,,,,,,,,,,,,1[1],1[1],128[128],32[4],TILE,BFLOAT16,DEV_1_DRAM_INTERLEAVED,,,,,,,,,,,,,,,,,['ttnn/cpp/ttnn/operations/eltwise/binary_ng/device/kernels/compute/eltwise_binary_sfpu_scalar.cpp'],['eltwise_binary_sfpu_scalar/6302317103236044736/'],['ttnn/cpp/ttnn/operations/eltwise/binary_ng/device/kernels/dataflow/reader_interleaved_no_bcast.cpp'; 'ttnn/cpp/ttnn/operations/eltwise/binary_ng/device/kernels/dataflow/writer_interleaved_scalar.cpp'],['reader_interleaved_no_bcast/15501400787415134526/'; 'writer_interleaved_scalar/13747915134593411132/'],15691238620557725211,True,1228,1256,1532,1264,1296,0,0,0,0,1,1,1,[],[],0.035,,,,,
BinaryNgDeviceOperation,tt_dnn_device,9216,0,blackhole,{'binary_op_type': 'BinaryOpType::MUL'; 'compute_kernel_config': 'std::nullopt'; 'dtype': 'DataType::BFLOAT16'; 'input_dtype': 'DataType::BFLOAT16'; 'is_quant_op': 'false'; 'is_sfpu': 'true'; 'is_where_op': 'false'; 'lhs_activations': '{}'; 'memory_config': 'MemoryConfig(memory_layout=TensorMemoryLayout::INTERLEAVED;buffer_type=BufferType::DRAM;shard_spec=std::nullopt;nd_shard_spec=std::nullopt;created_with_nd_shard_spec=0)'; 'post_activations': '{}'; 'rhs_activations': '{}'; 'scalar': '1'; 'sub_core_grids': 'std::nullopt'; 'subtile_broadcast_type': 'SubtileBroadcastType::NONE'; 'worker_grid': '{[(x=0;y=0) - (x=10;y=9)]}'},HiFi4,110,110,,3877185076,3877240018,54942,1204671922604,1204671927193,1165123,1165017,3399,2839,2838,,,,553,2838,1105,1887,2421,703,,,,,,1[1],1[1],128[128],32[4],TILE,BFLOAT16,DEV_1_DRAM_INTERLEAVED,1[1],1[1],128[128],32[4],TILE,BFLOAT16,DEV_1_DRAM_INTERLEAVED,,,,,,,,,,,,,,,,,,,,,,,,,,,,,,,,,,,,,,,,,,,,,,,,,,,,,,,,,1[1],1[1],128[128],32[4],TILE,BFLOAT16,DEV_1_DRAM_INTERLEAVED,,,,,,,,,,,,,,,,,['ttnn/cpp/ttnn/operations/eltwise/binary_ng/device/kernels/compute/eltwise_binary_sfpu_scalar.cpp'],['eltwise_binary_sfpu_scalar/6302317103236044736/'],['ttnn/cpp/ttnn/operations/eltwise/binary_ng/device/kernels/dataflow/reader_interleaved_no_bcast.cpp'; 'ttnn/cpp/ttnn/operations/eltwise/binary_ng/device/kernels/dataflow/writer_interleaved_scalar.cpp'],['reader_interleaved_no_bcast/15501400787415134526/'; 'writer_interleaved_scalar/13747915134593411132/'],15691238620557725211,True,1228,1256,1532,1264,1296,0,0,0,0,1,1,1,[],[],0.035,,,,,
BinaryNgDeviceOperation,tt_dnn_device,10240,0,blackhole,{'binary_op_type': 'BinaryOpType::MUL'; 'compute_kernel_config': 'std::nullopt'; 'dtype': 'DataType::BFLOAT16'; 'input_dtype': 'DataType::BFLOAT16'; 'is_quant_op': 'false'; 'is_sfpu': 'true'; 'is_where_op': 'false'; 'lhs_activations': '{}'; 'memory_config': 'MemoryConfig(memory_layout=TensorMemoryLayout::INTERLEAVED;buffer_type=BufferType::DRAM;shard_spec=std::nullopt;nd_shard_spec=std::nullopt;created_with_nd_shard_spec=0)'; 'post_activations': '{}'; 'rhs_activations': '{}'; 'scalar': '1'; 'sub_core_grids': 'std::nullopt'; 'subtile_broadcast_type': 'SubtileBroadcastType::NONE'; 'worker_grid': '{[(x=0;y=0) - (x=10;y=9)]}'},HiFi4,110,110,,3883486985,3883548609,61624,1204680430045,1204680434592,6298623,6299121,3368,2828,2826,,,,556,2819,1113,1898,2416,705,,,,,,1[1],1[1],128[128],32[4],TILE,BFLOAT16,DEV_1_DRAM_INTERLEAVED,1[1],1[1],128[128],32[4],TILE,BFLOAT16,DEV_1_DRAM_INTERLEAVED,,,,,,,,,,,,,,,,,,,,,,,,,,,,,,,,,,,,,,,,,,,,,,,,,,,,,,,,,1[1],1[1],128[128],32[4],TILE,BFLOAT16,DEV_1_DRAM_INTERLEAVED,,,,,,,,,,,,,,,,,['ttnn/cpp/ttnn/operations/eltwise/binary_ng/device/kernels/compute/eltwise_binary_sfpu_scalar.cpp'],['eltwise_binary_sfpu_scalar/6302317103236044736/'],['ttnn/cpp/ttnn/operations/eltwise/binary_ng/device/kernels/dataflow/reader_interleaved_no_bcast.cpp'; 'ttnn/cpp/ttnn/operations/eltwise/binary_ng/device/kernels/dataflow/writer_interleaved_scalar.cpp'],['reader_interleaved_no_bcast/15501400787415134526/'; 'writer_interleaved_scalar/13747915134593411132/'],15691238620557725211,True,1228,1256,1532,1264,1296,0,0,0,0,1,1,1,[],[],0.035,,,,,
BinaryNgDeviceOperation,tt_dnn_device,11264,0,blackhole,{'binary_op_type': 'BinaryOpType::MUL'; 'compute_kernel_config': 'std::nullopt'; 'dtype': 'DataType::BFLOAT16'; 'input_dtype': 'DataType::BFLOAT16'; 'is_quant_op': 'false'; 'is_sfpu': 'true'; 'is_where_op': 'false'; 'lhs_activations': '{}'; 'memory_config': 'MemoryConfig(memory_layout=TensorMemoryLayout::INTERLEAVED;buffer_type=BufferType::DRAM;shard_spec=std::nullopt;nd_shard_spec=std::nullopt;created_with_nd_shard_spec=0)'; 'post_activations': '{}'; 'rhs_activations': '{}'; 'scalar': '1'; 'sub_core_grids': 'std::nullopt'; 'subtile_broadcast_type': 'SubtileBroadcastType::NONE'; 'worker_grid': '{[(x=0;y=0) - (x=10;y=9)]}'},HiFi4,110,110,,3884655567,3884710098,54531,1204682008498,1204682013097,1166395,1166395,3407,2857,2857,,,,566,2857,1118,1911,2419,725,,,,,,1[1],1[1],128[128],32[4],TILE,BFLOAT16,DEV_1_DRAM_INTERLEAVED,1[1],1[1],128[128],32[4],TILE,BFLOAT16,DEV_1_DRAM_INTERLEAVED,,,,,,,,,,,,,,,,,,,,,,,,,,,,,,,,,,,,,,,,,,,,,,,,,,,,,,,,,1[1],1[1],128[128],32[4],TILE,BFLOAT16,DEV_1_DRAM_INTERLEAVED,,,,,,,,,,,,,,,,,['ttnn/cpp/ttnn/operations/eltwise/binary_ng/device/kernels/compute/eltwise_binary_sfpu_scalar.cpp'],['eltwise_binary_sfpu_scalar/6302317103236044736/'],['ttnn/cpp/ttnn/operations/eltwise/binary_ng/device/kernels/dataflow/reader_interleaved_no_bcast.cpp'; 'ttnn/cpp/ttnn/operations/eltwise/binary_ng/device/kernels/dataflow/writer_interleaved_scalar.cpp'],['reader_interleaved_no_bcast/15501400787415134526/'; 'writer_interleaved_scalar/13747915134593411132/'],15691238620557725211,True,1228,1256,1532,1264,1296,0,0,0,0,1,1,1,[],[],0.035,,,,,
BinaryNgDeviceOperation,tt_dnn_device,12288,0,blackhole,{'binary_op_type': 'BinaryOpType::MUL'; 'compute_kernel_config': 'std::nullopt'; 'dtype': 'DataType::BFLOAT16'; 'input_dtype': 'DataType::BFLOAT16'; 'is_quant_op': 'false'; 'is_sfpu': 'true'; 'is_where_op': 'false'; 'lhs_activations': '{}'; 'memory_config': 'MemoryConfig(memory_layout=TensorMemoryLayout::INTERLEAVED;buffer_type=BufferType::DRAM;shard_spec=std::nullopt;nd_shard_spec=std::nullopt;created_with_nd_shard_spec=0)'; 'post_activations': '{}'; 'rhs_activations': '{}'; 'scalar': '1'; 'sub_core_grids': 'std::nullopt'; 'subtile_broadcast_type': 'SubtileBroadcastType::NONE'; 'worker_grid': '{[(x=0;y=0) - (x=10;y=9)]}'},HiFi4,110,110,,3895060696,3895120006,59310,1204696055527,1204696060132,10403439,10400594,3411,2844,2841,,,,558,2841,1124,1911,2432,727,,,,,,1[1],1[1],128[128],32[4],TILE,BFLOAT16,DEV_1_DRAM_INTERLEAVED,1[1],1[1],128[128],32[4],TILE,BFLOAT16,DEV_1_DRAM_INTERLEAVED,,,,,,,,,,,,,,,,,,,,,,,,,,,,,,,,,,,,,,,,,,,,,,,,,,,,,,,,,1[1],1[1],128[128],32[4],TILE,BFLOAT16,DEV_1_DRAM_INTERLEAVED,,,,,,,,,,,,,,,,,['ttnn/cpp/ttnn/operations/eltwise/binary_ng/device/kernels/compute/eltwise_binary_sfpu_scalar.cpp'],['eltwise_binary_sfpu_scalar/6302317103236044736/'],['ttnn/cpp/ttnn/operations/eltwise/binary_ng/device/kernels/dataflow/reader_interleaved_no_bcast.cpp'; 'ttnn/cpp/ttnn/operations/eltwise/binary_ng/device/kernels/dataflow/writer_interleaved_scalar.cpp'],['reader_interleaved_no_bcast/15501400787415134526/'; 'writer_interleaved_scalar/13747915134593411132/'],15691238620557725211,True,1228,1256,1532,1264,1296,0,0,0,0,1,1,1,[],[],0.035,,,,,
BinaryNgDeviceOperation,tt_dnn_device,13312,0,blackhole,{'binary_op_type': 'BinaryOpType::MUL'; 'compute_kernel_config': 'std::nullopt'; 'dtype': 'DataType::BFLOAT16'; 'input_dtype': 'DataType::BFLOAT16'; 'is_quant_op': 'false'; 'is_sfpu': 'true'; 'is_where_op': 'false'; 'lhs_activations': '{}'; 'memory_config': 'MemoryConfig(memory_layout=TensorMemoryLayout::INTERLEAVED;buffer_type=BufferType::DRAM;shard_spec=std::nullopt;nd_shard_spec=std::nullopt;created_with_nd_shard_spec=0)'; 'post_activations': '{}'; 'rhs_activations': '{}'; 'scalar': '1'; 'sub_core_grids': 'std::nullopt'; 'subtile_broadcast_type': 'SubtileBroadcastType::NONE'; 'worker_grid': '{[(x=0;y=0) - (x=10;y=9)]}'},HiFi4,110,110,,3896209862,3896263522,53660,1204697607463,1204697612031,1146820,1146600,3384,2838,2833,,,,553,2831,1131,1907,2423,725,,,,,,1[1],1[1],128[128],32[4],TILE,BFLOAT16,DEV_1_DRAM_INTERLEAVED,1[1],1[1],128[128],32[4],TILE,BFLOAT16,DEV_1_DRAM_INTERLEAVED,,,,,,,,,,,,,,,,,,,,,,,,,,,,,,,,,,,,,,,,,,,,,,,,,,,,,,,,,1[1],1[1],128[128],32[4],TILE,BFLOAT16,DEV_1_DRAM_INTERLEAVED,,,,,,,,,,,,,,,,,['ttnn/cpp/ttnn/operations/eltwise/binary_ng/device/kernels/compute/eltwise_binary_sfpu_scalar.cpp'],['eltwise_binary_sfpu_scalar/6302317103236044736/'],['ttnn/cpp/ttnn/operations/eltwise/binary_ng/device/kernels/dataflow/reader_interleaved_no_bcast.cpp'; 'ttnn/cpp/ttnn/operations/eltwise/binary_ng/device/kernels/dataflow/writer_interleaved_scalar.cpp'],['reader_interleaved_no_bcast/15501400787415134526/'; 'writer_interleaved_scalar/13747915134593411132/'],15691238620557725211,True,1228,1256,1532,1264,1296,0,0,0,0,1,1,1,[],[],0.035,,,,,
BinaryNgDeviceOperation,tt_dnn_device,14336,0,blackhole,{'binary_op_type': 'BinaryOpType::MUL'; 'compute_kernel_config': 'std::nullopt'; 'dtype': 'DataType::BFLOAT16'; 'input_dtype': 'DataType::BFLOAT16'; 'is_quant_op': 'false'; 'is_sfpu': 'true'; 'is_where_op': 'false'; 'lhs_activations': '{}'; 'memory_config': 'MemoryConfig(memory_layout=TensorMemoryLayout::INTERLEAVED;buffer_type=BufferType::DRAM;shard_spec=std::nullopt;nd_shard_spec=std::nullopt;created_with_nd_shard_spec=0)'; 'post_activations': '{}'; 'rhs_activations': '{}'; 'scalar': '1'; 'sub_core_grids': 'std::nullopt'; 'subtile_broadcast_type': 'SubtileBroadcastType::NONE'; 'worker_grid': '{[(x=0;y=0) - (x=10;y=9)]}'},HiFi4,110,110,,3906495140,3906547026,51886,1204711499459,1204711504024,10286456,10286456,3381,2836,2836,,,,559,2833,1126,1887,2421,724,,,,,,1[1],1[1],128[128],32[4],TILE,BFLOAT16,DEV_1_DRAM_INTERLEAVED,1[1],1[1],128[128],32[4],TILE,BFLOAT16,DEV_1_DRAM_INTERLEAVED,,,,,,,,,,,,,,,,,,,,,,,,,,,,,,,,,,,,,,,,,,,,,,,,,,,,,,,,,1[1],1[1],128[128],32[4],TILE,BFLOAT16,DEV_1_DRAM_INTERLEAVED,,,,,,,,,,,,,,,,,['ttnn/cpp/ttnn/operations/eltwise/binary_ng/device/kernels/compute/eltwise_binary_sfpu_scalar.cpp'],['eltwise_binary_sfpu_scalar/6302317103236044736/'],['ttnn/cpp/ttnn/operations/eltwise/binary_ng/device/kernels/dataflow/reader_interleaved_no_bcast.cpp'; 'ttnn/cpp/ttnn/operations/eltwise/binary_ng/device/kernels/dataflow/writer_interleaved_scalar.cpp'],['reader_interleaved_no_bcast/15501400787415134526/'; 'writer_interleaved_scalar/13747915134593411132/'],15691238620557725211,True,1228,1256,1532,1264,1296,0,0,0,0,1,1,1,[],[],0.035,,,,,
BinaryNgDeviceOperation,tt_dnn_device,15360,0,blackhole,{'binary_op_type': 'BinaryOpType::MUL'; 'compute_kernel_config': 'std::nullopt'; 'dtype': 'DataType::BFLOAT16'; 'input_dtype': 'DataType::BFLOAT16'; 'is_quant_op': 'false'; 'is_sfpu': 'true'; 'is_where_op': 'false'; 'lhs_activations': '{}'; 'memory_config': 'MemoryConfig(memory_layout=TensorMemoryLayout::INTERLEAVED;buffer_type=BufferType::DRAM;shard_spec=std::nullopt;nd_shard_spec=std::nullopt;created_with_nd_shard_spec=0)'; 'post_activations': '{}'; 'rhs_activations': '{}'; 'scalar': '1'; 'sub_core_grids': 'std::nullopt'; 'subtile_broadcast_type': 'SubtileBroadcastType::NONE'; 'worker_grid': '{[(x=0;y=0) - (x=10;y=9)]}'},HiFi4,110,110,,3907645819,3907698376,52557,1204713053272,1204713057850,1148244,1148232,3391,2841,2838,,,,559,2838,1119,1910,2430,714,,,,,,1[1],1[1],128[128],32[4],TILE,BFLOAT16,DEV_1_DRAM_INTERLEAVED,1[1],1[1],128[128],32[4],TILE,BFLOAT16,DEV_1_DRAM_INTERLEAVED,,,,,,,,,,,,,,,,,,,,,,,,,,,,,,,,,,,,,,,,,,,,,,,,,,,,,,,,,1[1],1[1],128[128],32[4],TILE,BFLOAT16,DEV_1_DRAM_INTERLEAVED,,,,,,,,,,,,,,,,,['ttnn/cpp/ttnn/operations/eltwise/binary_ng/device/kernels/compute/eltwise_binary_sfpu_scalar.cpp'],['eltwise_binary_sfpu_scalar/6302317103236044736/'],['ttnn/cpp/ttnn/operations/eltwise/binary_ng/device/kernels/dataflow/reader_interleaved_no_bcast.cpp'; 'ttnn/cpp/ttnn/operations/eltwise/binary_ng/device/kernels/dataflow/writer_interleaved_scalar.cpp'],['reader_interleaved_no_bcast/15501400787415134526/'; 'writer_interleaved_scalar/13747915134593411132/'],15691238620557725211,True,1228,1256,1532,1264,1296,0,0,0,0,1,1,1,[],[],0.035,,,,,
BinaryNgDeviceOperation,tt_dnn_device,16384,0,blackhole,{'binary_op_type': 'BinaryOpType::MUL'; 'compute_kernel_config': 'std::nullopt'; 'dtype': 'DataType::BFLOAT16'; 'input_dtype': 'DataType::BFLOAT16'; 'is_quant_op': 'false'; 'is_sfpu': 'true'; 'is_where_op': 'false'; 'lhs_activations': '{}'; 'memory_config': 'MemoryConfig(memory_layout=TensorMemoryLayout::INTERLEAVED;buffer_type=BufferType::DRAM;shard_spec=std::nullopt;nd_shard_spec=std::nullopt;created_with_nd_shard_spec=0)'; 'post_activations': '{}'; 'rhs_activations': '{}'; 'scalar': '1'; 'sub_core_grids': 'std::nullopt'; 'subtile_broadcast_type': 'SubtileBroadcastType::NONE'; 'worker_grid': '{[(x=0;y=0) - (x=10;y=9)]}'},HiFi4,110,110,,3917953348,3918000816,47468,1204726963179,1204726967769,10299456,10299456,3400,2850,2850,,,,560,2850,1127,1897,2426,721,,,,,,1[1],1[1],128[128],32[4],TILE,BFLOAT16,DEV_1_DRAM_INTERLEAVED,1[1],1[1],128[128],32[4],TILE,BFLOAT16,DEV_1_DRAM_INTERLEAVED,,,,,,,,,,,,,,,,,,,,,,,,,,,,,,,,,,,,,,,,,,,,,,,,,,,,,,,,,1[1],1[1],128[128],32[4],TILE,BFLOAT16,DEV_1_DRAM_INTERLEAVED,,,,,,,,,,,,,,,,,['ttnn/cpp/ttnn/operations/eltwise/binary_ng/device/kernels/compute/eltwise_binary_sfpu_scalar.cpp'],['eltwise_binary_sfpu_scalar/6302317103236044736/'],['ttnn/cpp/ttnn/operations/eltwise/binary_ng/device/kernels/dataflow/reader_interleaved_no_bcast.cpp'; 'ttnn/cpp/ttnn/operations/eltwise/binary_ng/device/kernels/dataflow/writer_interleaved_scalar.cpp'],['reader_interleaved_no_bcast/15501400787415134526/'; 'writer_interleaved_scalar/13747915134593411132/'],15691238620557725211,True,1228,1256,1532,1264,1296,0,0,0,0,1,1,1,[],[],0.035,,,,,
BinaryNgDeviceOperation,tt_dnn_device,17408,0,blackhole,{'binary_op_type': 'BinaryOpType::MUL'; 'compute_kernel_config': 'std::nullopt'; 'dtype': 'DataType::BFLOAT16'; 'input_dtype': 'DataType::BFLOAT16'; 'is_quant_op': 'false'; 'is_sfpu': 'true'; 'is_where_op': 'false'; 'lhs_activations': '{}'; 'memory_config': 'MemoryConfig(memory_layout=TensorMemoryLayout::INTERLEAVED;buffer_type=BufferType::DRAM;shard_spec=std::nullopt;nd_shard_spec=std::nullopt;created_with_nd_shard_spec=0)'; 'post_activations': '{}'; 'rhs_activations': '{}'; 'scalar': '1'; 'sub_core_grids': 'std::nullopt'; 'subtile_broadcast_type': 'SubtileBroadcastType::NONE'; 'worker_grid': '{[(x=0;y=0) - (x=10;y=9)]}'},HiFi4,110,110,,3919093027,3919145063,52036,1204728501549,1204728506153,1136698,1136698,3410,2866,2866,,,,553,2819,1122,1911,2427,719,,,,,,1[1],1[1],128[128],32[4],TILE,BFLOAT16,DEV_1_DRAM_INTERLEAVED,1[1],1[1],128[128],32[4],TILE,BFLOAT16,DEV_1_DRAM_INTERLEAVED,,,,,,,,,,,,,,,,,,,,,,,,,,,,,,,,,,,,,,,,,,,,,,,,,,,,,,,,,1[1],1[1],128[128],32[4],TILE,BFLOAT16,DEV_1_DRAM_INTERLEAVED,,,,,,,,,,,,,,,,,['ttnn/cpp/ttnn/operations/eltwise/binary_ng/device/kernels/compute/eltwise_binary_sfpu_scalar.cpp'],['eltwise_binary_sfpu_scalar/6302317103236044736/'],['ttnn/cpp/ttnn/operations/eltwise/binary_ng/device/kernels/dataflow/reader_interleaved_no_bcast.cpp'; 'ttnn/cpp/ttnn/operations/eltwise/binary_ng/device/kernels/dataflow/writer_interleaved_scalar.cpp'],['reader_interleaved_no_bcast/15501400787415134526/'; 'writer_interleaved_scalar/13747915134593411132/'],15691238620557725211,True,1228,1256,1532,1264,1296,0,0,0,0,1,1,1,[],[],0.035,,,,,
BinaryNgDeviceOperation,tt_dnn_device,18432,0,blackhole,{'binary_op_type': 'BinaryOpType::MUL'; 'compute_kernel_config': 'std::nullopt'; 'dtype': 'DataType::BFLOAT16'; 'input_dtype': 'DataType::BFLOAT16'; 'is_quant_op': 'false'; 'is_sfpu': 'true'; 'is_where_op': 'false'; 'lhs_activations': '{}'; 'memory_config': 'MemoryConfig(memory_layout=TensorMemoryLayout::INTERLEAVED;buffer_type=BufferType::DRAM;shard_spec=std::nullopt;nd_shard_spec=std::nullopt;created_with_nd_shard_spec=0)'; 'post_activations': '{}'; 'rhs_activations': '{}'; 'scalar': '1'; 'sub_core_grids': 'std::nullopt'; 'subtile_broadcast_type': 'SubtileBroadcastType::NONE'; 'worker_grid': '{[(x=0;y=0) - (x=10;y=9)]}'},HiFi4,110,110,,3929443525,3929491815,48290,1204742475861,1204742480507,10347422,10349814,3441,2896,2890,,,,618,2830,1221,1964,2489,714,,,,,,1[1],1[1],128[128],32[4],TILE,BFLOAT16,DEV_1_DRAM_INTERLEAVED,1[1],1[1],128[128],32[4],TILE,BFLOAT16,DEV_1_DRAM_INTERLEAVED,,,,,,,,,,,,,,,,,,,,,,,,,,,,,,,,,,,,,,,,,,,,,,,,,,,,,,,,,1[1],1[1],128[128],32[4],TILE,BFLOAT16,DEV_1_DRAM_INTERLEAVED,,,,,,,,,,,,,,,,,['ttnn/cpp/ttnn/operations/eltwise/binary_ng/device/kernels/compute/eltwise_binary_sfpu_scalar.cpp'],['eltwise_binary_sfpu_scalar/6302317103236044736/'],['ttnn/cpp/ttnn/operations/eltwise/binary_ng/device/kernels/dataflow/reader_interleaved_no_bcast.cpp'; 'ttnn/cpp/ttnn/operations/eltwise/binary_ng/device/kernels/dataflow/writer_interleaved_scalar.cpp'],['reader_interleaved_no_bcast/15501400787415134526/'; 'writer_interleaved_scalar/13747915134593411132/'],15691238620557725211,True,1228,1256,1532,1264,1296,0,0,0,0,1,1,1,[],[],0.035,,,,,
BinaryNgDeviceOperation,tt_dnn_device,19456,0,blackhole,{'binary_op_type': 'BinaryOpType::MUL'; 'compute_kernel_config': 'std::nullopt'; 'dtype': 'DataType::BFLOAT16'; 'input_dtype': 'DataType::BFLOAT16'; 'is_quant_op': 'false'; 'is_sfpu': 'true'; 'is_where_op': 'false'; 'lhs_activations': '{}'; 'memory_config': 'MemoryConfig(memory_layout=TensorMemoryLayout::INTERLEAVED;buffer_type=BufferType::DRAM;shard_spec=std::nullopt;nd_shard_spec=std::nullopt;created_with_nd_shard_spec=0)'; 'post_activations': '{}'; 'rhs_activations': '{}'; 'scalar': '1'; 'sub_core_grids': 'std::nullopt'; 'subtile_broadcast_type': 'SubtileBroadcastType::NONE'; 'worker_grid': '{[(x=0;y=0) - (x=10;y=9)]}'},HiFi4,110,110,,3930576171,3930628377,52206,1204744004722,1204744009285,1129472,1129768,3380,2836,2836,,,,560,2820,1136,1904,2426,714,,,,,,1[1],1[1],128[128],32[4],TILE,BFLOAT16,DEV_1_DRAM_INTERLEAVED,1[1],1[1],128[128],32[4],TILE,BFLOAT16,DEV_1_DRAM_INTERLEAVED,,,,,,,,,,,,,,,,,,,,,,,,,,,,,,,,,,,,,,,,,,,,,,,,,,,,,,,,,1[1],1[1],128[128],32[4],TILE,BFLOAT16,DEV_1_DRAM_INTERLEAVED,,,,,,,,,,,,,,,,,['ttnn/cpp/ttnn/operations/eltwise/binary_ng/device/kernels/compute/eltwise_binary_sfpu_scalar.cpp'],['eltwise_binary_sfpu_scalar/6302317103236044736/'],['ttnn/cpp/ttnn/operations/eltwise/binary_ng/device/kernels/dataflow/reader_interleaved_no_bcast.cpp'; 'ttnn/cpp/ttnn/operations/eltwise/binary_ng/device/kernels/dataflow/writer_interleaved_scalar.cpp'],['reader_interleaved_no_bcast/15501400787415134526/'; 'writer_interleaved_scalar/13747915134593411132/'],15691238620557725211,True,1228,1256,1532,1264,1296,0,0,0,0,1,1,1,[],[],0.035,,,,,
BinaryNgDeviceOperation,tt_dnn_device,20480,0,blackhole,{'binary_op_type': 'BinaryOpType::MUL'; 'compute_kernel_config': 'std::nullopt'; 'dtype': 'DataType::BFLOAT16'; 'input_dtype': 'DataType::BFLOAT16'; 'is_quant_op': 'false'; 'is_sfpu': 'true'; 'is_where_op': 'false'; 'lhs_activations': '{}'; 'memory_config': 'MemoryConfig(memory_layout=TensorMemoryLayout::INTERLEAVED;buffer_type=BufferType::DRAM;shard_spec=std::nullopt;nd_shard_spec=std::nullopt;created_with_nd_shard_spec=0)'; 'post_activations': '{}'; 'rhs_activations': '{}'; 'scalar': '1'; 'sub_core_grids': 'std::nullopt'; 'subtile_broadcast_type': 'SubtileBroadcastType::NONE'; 'worker_grid': '{[(x=0;y=0) - (x=10;y=9)]}'},HiFi4,110,110,,3941088759,3941136177,47418,1204758197316,1204758201905,10509514,10509514,3399,2845,2845,,,,558,2845,1128,1907,2427,721,,,,,,1[1],1[1],128[128],32[4],TILE,BFLOAT16,DEV_1_DRAM_INTERLEAVED,1[1],1[1],128[128],32[4],TILE,BFLOAT16,DEV_1_DRAM_INTERLEAVED,,,,,,,,,,,,,,,,,,,,,,,,,,,,,,,,,,,,,,,,,,,,,,,,,,,,,,,,,1[1],1[1],128[128],32[4],TILE,BFLOAT16,DEV_1_DRAM_INTERLEAVED,,,,,,,,,,,,,,,,,['ttnn/cpp/ttnn/operations/eltwise/binary_ng/device/kernels/compute/eltwise_binary_sfpu_scalar.cpp'],['eltwise_binary_sfpu_scalar/6302317103236044736/'],['ttnn/cpp/ttnn/operations/eltwise/binary_ng/device/kernels/dataflow/reader_interleaved_no_bcast.cpp'; 'ttnn/cpp/ttnn/operations/eltwise/binary_ng/device/kernels/dataflow/writer_interleaved_scalar.cpp'],['reader_interleaved_no_bcast/15501400787415134526/'; 'writer_interleaved_scalar/13747915134593411132/'],15691238620557725211,True,1228,1256,1532,1264,1296,0,0,0,0,1,1,1,[],[],0.035,,,,,
BinaryNgDeviceOperation,tt_dnn_device,21504,0,blackhole,{'binary_op_type': 'BinaryOpType::MUL'; 'compute_kernel_config': 'std::nullopt'; 'dtype': 'DataType::BFLOAT16'; 'input_dtype': 'DataType::BFLOAT16'; 'is_quant_op': 'false'; 'is_sfpu': 'true'; 'is_where_op': 'false'; 'lhs_activations': '{}'; 'memory_config': 'MemoryConfig(memory_layout=TensorMemoryLayout::INTERLEAVED;buffer_type=BufferType::DRAM;shard_spec=std::nullopt;nd_shard_spec=std::nullopt;created_with_nd_shard_spec=0)'; 'post_activations': '{}'; 'rhs_activations': '{}'; 'scalar': '1'; 'sub_core_grids': 'std::nullopt'; 'subtile_broadcast_type': 'SubtileBroadcastType::NONE'; 'worker_grid': '{[(x=0;y=0) - (x=10;y=9)]}'},HiFi4,110,110,,3942223569,3942274142,50573,1204759729403,1204759733954,1132215,1132215,3371,2813,2813,,,,556,2793,1090,1888,2416,708,,,,,,1[1],1[1],128[128],32[4],TILE,BFLOAT16,DEV_1_DRAM_INTERLEAVED,1[1],1[1],128[128],32[4],TILE,BFLOAT16,DEV_1_DRAM_INTERLEAVED,,,,,,,,,,,,,,,,,,,,,,,,,,,,,,,,,,,,,,,,,,,,,,,,,,,,,,,,,1[1],1[1],128[128],32[4],TILE,BFLOAT16,DEV_1_DRAM_INTERLEAVED,,,,,,,,,,,,,,,,,['ttnn/cpp/ttnn/operations/eltwise/binary_ng/device/kernels/compute/eltwise_binary_sfpu_scalar.cpp'],['eltwise_binary_sfpu_scalar/6302317103236044736/'],['ttnn/cpp/ttnn/operations/eltwise/binary_ng/device/kernels/dataflow/reader_interleaved_no_bcast.cpp'; 'ttnn/cpp/ttnn/operations/eltwise/binary_ng/device/kernels/dataflow/writer_interleaved_scalar.cpp'],['reader_interleaved_no_bcast/15501400787415134526/'; 'writer_interleaved_scalar/13747915134593411132/'],15691238620557725211,True,1228,1256,1532,1264,1296,0,0,0,0,1,1,1,[],[],0.036,,,,,
BinaryNgDeviceOperation,tt_dnn_device,22528,0,blackhole,{'binary_op_type': 'BinaryOpType::MUL'; 'compute_kernel_config': 'std::nullopt'; 'dtype': 'DataType::BFLOAT16'; 'input_dtype': 'DataType::BFLOAT16'; 'is_quant_op': 'false'; 'is_sfpu': 'true'; 'is_where_op': 'false'; 'lhs_activations': '{}'; 'memory_config': 'MemoryConfig(memory_layout=TensorMemoryLayout::INTERLEAVED;buffer_type=BufferType::DRAM;shard_spec=std::nullopt;nd_shard_spec=std::nullopt;created_with_nd_shard_spec=0)'; 'post_activations': '{}'; 'rhs_activations': '{}'; 'scalar': '1'; 'sub_core_grids': 'std::nullopt'; 'subtile_broadcast_type': 'SubtileBroadcastType::NONE'; 'worker_grid': '{[(x=0;y=0) - (x=10;y=9)]}'},HiFi4,110,110,,3952562225,3952609523,47298,1204773687211,1204773691775,10334947,10334814,3381,2830,2827,,,,553,2827,1116,1875,2419,701,,,,,,1[1],1[1],128[128],32[4],TILE,BFLOAT16,DEV_1_DRAM_INTERLEAVED,1[1],1[1],128[128],32[4],TILE,BFLOAT16,DEV_1_DRAM_INTERLEAVED,,,,,,,,,,,,,,,,,,,,,,,,,,,,,,,,,,,,,,,,,,,,,,,,,,,,,,,,,1[1],1[1],128[128],32[4],TILE,BFLOAT16,DEV_1_DRAM_INTERLEAVED,,,,,,,,,,,,,,,,,['ttnn/cpp/ttnn/operations/eltwise/binary_ng/device/kernels/compute/eltwise_binary_sfpu_scalar.cpp'],['eltwise_binary_sfpu_scalar/6302317103236044736/'],['ttnn/cpp/ttnn/operations/eltwise/binary_ng/device/kernels/dataflow/reader_interleaved_no_bcast.cpp'; 'ttnn/cpp/ttnn/operations/eltwise/binary_ng/device/kernels/dataflow/writer_interleaved_scalar.cpp'],['reader_interleaved_no_bcast/15501400787415134526/'; 'writer_interleaved_scalar/13747915134593411132/'],15691238620557725211,True,1228,1256,1532,1264,1296,0,0,0,0,1,1,1,[],[],0.035,,,,,
BinaryNgDeviceOperation,tt_dnn_device,23552,0,blackhole,{'binary_op_type': 'BinaryOpType::MUL'; 'compute_kernel_config': 'std::nullopt'; 'dtype': 'DataType::BFLOAT16'; 'input_dtype': 'DataType::BFLOAT16'; 'is_quant_op': 'false'; 'is_sfpu': 'true'; 'is_where_op': 'false'; 'lhs_activations': '{}'; 'memory_config': 'MemoryConfig(memory_layout=TensorMemoryLayout::INTERLEAVED;buffer_type=BufferType::DRAM;shard_spec=std::nullopt;nd_shard_spec=std::nullopt;created_with_nd_shard_spec=0)'; 'post_activations': '{}'; 'rhs_activations': '{}'; 'scalar': '1'; 'sub_core_grids': 'std::nullopt'; 'subtile_broadcast_type': 'SubtileBroadcastType::NONE'; 'worker_grid': '{[(x=0;y=0) - (x=10;y=9)]}'},HiFi4,110,110,,3953678200,3953727030,48830,1204775193996,1204775198569,1113491,1113491,3387,2839,2839,,,,568,2839,1099,1896,2427,704,,,,,,1[1],1[1],128[128],32[4],TILE,BFLOAT16,DEV_1_DRAM_INTERLEAVED,1[1],1[1],128[128],32[4],TILE,BFLOAT16,DEV_1_DRAM_INTERLEAVED,,,,,,,,,,,,,,,,,,,,,,,,,,,,,,,,,,,,,,,,,,,,,,,,,,,,,,,,,1[1],1[1],128[128],32[4],TILE,BFLOAT16,DEV_1_DRAM_INTERLEAVED,,,,,,,,,,,,,,,,,['ttnn/cpp/ttnn/operations/eltwise/binary_ng/device/kernels/compute/eltwise_binary_sfpu_scalar.cpp'],['eltwise_binary_sfpu_scalar/6302317103236044736/'],['ttnn/cpp/ttnn/operations/eltwise/binary_ng/device/kernels/dataflow/reader_interleaved_no_bcast.cpp'; 'ttnn/cpp/ttnn/operations/eltwise/binary_ng/device/kernels/dataflow/writer_interleaved_scalar.cpp'],['reader_interleaved_no_bcast/15501400787415134526/'; 'writer_interleaved_scalar/13747915134593411132/'],15691238620557725211,True,1228,1256,1532,1264,1296,0,0,0,0,1,1,1,[],[],0.035,,,,,
BinaryNgDeviceOperation,tt_dnn_device,24576,0,blackhole,{'binary_op_type': 'BinaryOpType::MUL'; 'compute_kernel_config': 'std::nullopt'; 'dtype': 'DataType::BFLOAT16'; 'input_dtype': 'DataType::BFLOAT16'; 'is_quant_op': 'false'; 'is_sfpu': 'true'; 'is_where_op': 'false'; 'lhs_activations': '{}'; 'memory_config': 'MemoryConfig(memory_layout=TensorMemoryLayout::INTERLEAVED;buffer_type=BufferType::DRAM;shard_spec=std::nullopt;nd_shard_spec=std::nullopt;created_with_nd_shard_spec=0)'; 'post_activations': '{}'; 'rhs_activations': '{}'; 'scalar': '1'; 'sub_core_grids': 'std::nullopt'; 'subtile_broadcast_type': 'SubtileBroadcastType::NONE'; 'worker_grid': '{[(x=0;y=0) - (x=10;y=9)]}'},HiFi4,110,110,,3963979658,3964025222,45564,1204789101641,1204789106204,10299932,10299932,3380,2818,2818,,,,561,2804,1120,1896,2418,709,,,,,,1[1],1[1],128[128],32[4],TILE,BFLOAT16,DEV_1_DRAM_INTERLEAVED,1[1],1[1],128[128],32[4],TILE,BFLOAT16,DEV_1_DRAM_INTERLEAVED,,,,,,,,,,,,,,,,,,,,,,,,,,,,,,,,,,,,,,,,,,,,,,,,,,,,,,,,,1[1],1[1],128[128],32[4],TILE,BFLOAT16,DEV_1_DRAM_INTERLEAVED,,,,,,,,,,,,,,,,,['ttnn/cpp/ttnn/operations/eltwise/binary_ng/device/kernels/compute/eltwise_binary_sfpu_scalar.cpp'],['eltwise_binary_sfpu_scalar/6302317103236044736/'],['ttnn/cpp/ttnn/operations/eltwise/binary_ng/device/kernels/dataflow/reader_interleaved_no_bcast.cpp'; 'ttnn/cpp/ttnn/operations/eltwise/binary_ng/device/kernels/dataflow/writer_interleaved_scalar.cpp'],['reader_interleaved_no_bcast/15501400787415134526/'; 'writer_interleaved_scalar/13747915134593411132/'],15691238620557725211,True,1228,1256,1532,1264,1296,0,0,0,0,1,1,1,[],[],0.035,,,,,
BinaryNgDeviceOperation,tt_dnn_device,25600,0,blackhole,{'binary_op_type': 'BinaryOpType::MUL'; 'compute_kernel_config': 'std::nullopt'; 'dtype': 'DataType::BFLOAT16'; 'input_dtype': 'DataType::BFLOAT16'; 'is_quant_op': 'false'; 'is_sfpu': 'true'; 'is_where_op': 'false'; 'lhs_activations': '{}'; 'memory_config': 'MemoryConfig(memory_layout=TensorMemoryLayout::INTERLEAVED;buffer_type=BufferType::DRAM;shard_spec=std::nullopt;nd_shard_spec=std::nullopt;created_with_nd_shard_spec=0)'; 'post_activations': '{}'; 'rhs_activations': '{}'; 'scalar': '1'; 'sub_core_grids': 'std::nullopt'; 'subtile_broadcast_type': 'SubtileBroadcastType::NONE'; 'worker_grid': '{[(x=0;y=0) - (x=10;y=9)]}'},HiFi4,110,110,,3965115579,3965164971,49392,1204790635384,1204790639923,1133373,1133142,3362,2818,2810,,,,563,2802,1094,1879,2413,708,,,,,,1[1],1[1],128[128],32[4],TILE,BFLOAT16,DEV_1_DRAM_INTERLEAVED,1[1],1[1],128[128],32[4],TILE,BFLOAT16,DEV_1_DRAM_INTERLEAVED,,,,,,,,,,,,,,,,,,,,,,,,,,,,,,,,,,,,,,,,,,,,,,,,,,,,,,,,,1[1],1[1],128[128],32[4],TILE,BFLOAT16,DEV_1_DRAM_INTERLEAVED,,,,,,,,,,,,,,,,,['ttnn/cpp/ttnn/operations/eltwise/binary_ng/device/kernels/compute/eltwise_binary_sfpu_scalar.cpp'],['eltwise_binary_sfpu_scalar/6302317103236044736/'],['ttnn/cpp/ttnn/operations/eltwise/binary_ng/device/kernels/dataflow/reader_interleaved_no_bcast.cpp'; 'ttnn/cpp/ttnn/operations/eltwise/binary_ng/device/kernels/dataflow/writer_interleaved_scalar.cpp'],['reader_interleaved_no_bcast/15501400787415134526/'; 'writer_interleaved_scalar/13747915134593411132/'],15691238620557725211,True,1228,1256,1532,1264,1296,0,0,0,0,1,1,1,[],[],0.035,,,,,
BinaryNgDeviceOperation,tt_dnn_device,26624,0,blackhole,{'binary_op_type': 'BinaryOpType::MUL'; 'compute_kernel_config': 'std::nullopt'; 'dtype': 'DataType::BFLOAT16'; 'input_dtype': 'DataType::BFLOAT16'; 'is_quant_op': 'false'; 'is_sfpu': 'true'; 'is_where_op': 'false'; 'lhs_activations': '{}'; 'memory_config': 'MemoryConfig(memory_layout=TensorMemoryLayout::INTERLEAVED;buffer_type=BufferType::DRAM;shard_spec=std::nullopt;nd_shard_spec=std::nullopt;created_with_nd_shard_spec=0)'; 'post_activations': '{}'; 'rhs_activations': '{}'; 'scalar': '1'; 'sub_core_grids': 'std::nullopt'; 'subtile_broadcast_type': 'SubtileBroadcastType::NONE'; 'worker_grid': '{[(x=0;y=0) - (x=10;y=9)]}'},HiFi4,110,110,,3975037355,3975091034,53679,1204804035591,1204804040145,9924963,9923138,3373,2819,2817,,,,551,2812,1093,1882,2410,703,,,,,,1[1],1[1],128[128],32[4],TILE,BFLOAT16,DEV_1_DRAM_INTERLEAVED,1[1],1[1],128[128],32[4],TILE,BFLOAT16,DEV_1_DRAM_INTERLEAVED,,,,,,,,,,,,,,,,,,,,,,,,,,,,,,,,,,,,,,,,,,,,,,,,,,,,,,,,,1[1],1[1],128[128],32[4],TILE,BFLOAT16,DEV_1_DRAM_INTERLEAVED,,,,,,,,,,,,,,,,,['ttnn/cpp/ttnn/operations/eltwise/binary_ng/device/kernels/compute/eltwise_binary_sfpu_scalar.cpp'],['eltwise_binary_sfpu_scalar/6302317103236044736/'],['ttnn/cpp/ttnn/operations/eltwise/binary_ng/device/kernels/dataflow/reader_interleaved_no_bcast.cpp'; 'ttnn/cpp/ttnn/operations/eltwise/binary_ng/device/kernels/dataflow/writer_interleaved_scalar.cpp'],['reader_interleaved_no_bcast/15501400787415134526/'; 'writer_interleaved_scalar/13747915134593411132/'],15691238620557725211,True,1228,1256,1532,1264,1296,0,0,0,0,1,1,1,[],[],0.035,,,,,
BinaryNgDeviceOperation,tt_dnn_device,27648,0,blackhole,{'binary_op_type': 'BinaryOpType::MUL'; 'compute_kernel_config': 'std::nullopt'; 'dtype': 'DataType::BFLOAT16'; 'input_dtype': 'DataType::BFLOAT16'; 'is_quant_op': 'false'; 'is_sfpu': 'true'; 'is_where_op': 'false'; 'lhs_activations': '{}'; 'memory_config': 'MemoryConfig(memory_layout=TensorMemoryLayout::INTERLEAVED;buffer_type=BufferType::DRAM;shard_spec=std::nullopt;nd_shard_spec=std::nullopt;created_with_nd_shard_spec=0)'; 'post_activations': '{}'; 'rhs_activations': '{}'; 'scalar': '1'; 'sub_core_grids': 'std::nullopt'; 'subtile_broadcast_type': 'SubtileBroadcastType::NONE'; 'worker_grid': '{[(x=0;y=0) - (x=10;y=9)]}'},HiFi4,110,110,,3976167536,3976221505,53969,1204805562781,1204805567395,1128256,1128256,3418,2864,2864,,,,555,2864,1110,1900,2436,710,,,,,,1[1],1[1],128[128],32[4],TILE,BFLOAT16,DEV_1_DRAM_INTERLEAVED,1[1],1[1],128[128],32[4],TILE,BFLOAT16,DEV_1_DRAM_INTERLEAVED,,,,,,,,,,,,,,,,,,,,,,,,,,,,,,,,,,,,,,,,,,,,,,,,,,,,,,,,,1[1],1[1],128[128],32[4],TILE,BFLOAT16,DEV_1_DRAM_INTERLEAVED,,,,,,,,,,,,,,,,,['ttnn/cpp/ttnn/operations/eltwise/binary_ng/device/kernels/compute/eltwise_binary_sfpu_scalar.cpp'],['eltwise_binary_sfpu_scalar/6302317103236044736/'],['ttnn/cpp/ttnn/operations/eltwise/binary_ng/device/kernels/dataflow/reader_interleaved_no_bcast.cpp'; 'ttnn/cpp/ttnn/operations/eltwise/binary_ng/device/kernels/dataflow/writer_interleaved_scalar.cpp'],['reader_interleaved_no_bcast/15501400787415134526/'; 'writer_interleaved_scalar/13747915134593411132/'],15691238620557725211,True,1228,1256,1532,1264,1296,0,0,0,0,1,1,1,[],[],0.035,,,,,
BinaryNgDeviceOperation,tt_dnn_device,28672,0,blackhole,{'binary_op_type': 'BinaryOpType::MUL'; 'compute_kernel_config': 'std::nullopt'; 'dtype': 'DataType::BFLOAT16'; 'input_dtype': 'DataType::BFLOAT16'; 'is_quant_op': 'false'; 'is_sfpu': 'true'; 'is_where_op': 'false'; 'lhs_activations': '{}'; 'memory_config': 'MemoryConfig(memory_layout=TensorMemoryLayout::INTERLEAVED;buffer_type=BufferType::DRAM;shard_spec=std::nullopt;nd_shard_spec=std::nullopt;created_with_nd_shard_spec=0)'; 'post_activations': '{}'; 'rhs_activations': '{}'; 'scalar': '1'; 'sub_core_grids': 'std::nullopt'; 'subtile_broadcast_type': 'SubtileBroadcastType::NONE'; 'worker_grid': '{[(x=0;y=0) - (x=10;y=9)]}'},HiFi4,110,110,,3986506834,3986555333,48499,1204819519826,1204819524450,10334222,10336763,3425,2867,2864,,,,586,2832,1145,1930,2460,709,,,,,,1[1],1[1],128[128],32[4],TILE,BFLOAT16,DEV_1_DRAM_INTERLEAVED,1[1],1[1],128[128],32[4],TILE,BFLOAT16,DEV_1_DRAM_INTERLEAVED,,,,,,,,,,,,,,,,,,,,,,,,,,,,,,,,,,,,,,,,,,,,,,,,,,,,,,,,,1[1],1[1],128[128],32[4],TILE,BFLOAT16,DEV_1_DRAM_INTERLEAVED,,,,,,,,,,,,,,,,,['ttnn/cpp/ttnn/operations/eltwise/binary_ng/device/kernels/compute/eltwise_binary_sfpu_scalar.cpp'],['eltwise_binary_sfpu_scalar/6302317103236044736/'],['ttnn/cpp/ttnn/operations/eltwise/binary_ng/device/kernels/dataflow/reader_interleaved_no_bcast.cpp'; 'ttnn/cpp/ttnn/operations/eltwise/binary_ng/device/kernels/dataflow/writer_interleaved_scalar.cpp'],['reader_interleaved_no_bcast/15501400787415134526/'; 'writer_interleaved_scalar/13747915134593411132/'],15691238620557725211,True,1228,1256,1532,1264,1296,0,0,0,0,1,1,1,[],[],0.035,,,,,
BinaryNgDeviceOperation,tt_dnn_device,29696,0,blackhole,{'binary_op_type': 'BinaryOpType::MUL'; 'compute_kernel_config': 'std::nullopt'; 'dtype': 'DataType::BFLOAT16'; 'input_dtype': 'DataType::BFLOAT16'; 'is_quant_op': 'false'; 'is_sfpu': 'true'; 'is_where_op': 'false'; 'lhs_activations': '{}'; 'memory_config': 'MemoryConfig(memory_layout=TensorMemoryLayout::INTERLEAVED;buffer_type=BufferType::DRAM;shard_spec=std::nullopt;nd_shard_spec=std::nullopt;created_with_nd_shard_spec=0)'; 'post_activations': '{}'; 'rhs_activations': '{}'; 'scalar': '1'; 'sub_core_grids': 'std::nullopt'; 'subtile_broadcast_type': 'SubtileBroadcastType::NONE'; 'worker_grid': '{[(x=0;y=0) - (x=10;y=9)]}'},HiFi4,110,110,,3987674985,3987727321,52336,1204821091816,1204821096358,1161709,1161709,3364,2807,2807,,,,559,2797,1096,1880,2409,704,,,,,,1[1],1[1],128[128],32[4],TILE,BFLOAT16,DEV_1_DRAM_INTERLEAVED,1[1],1[1],128[128],32[4],TILE,BFLOAT16,DEV_1_DRAM_INTERLEAVED,,,,,,,,,,,,,,,,,,,,,,,,,,,,,,,,,,,,,,,,,,,,,,,,,,,,,,,,,1[1],1[1],128[128],32[4],TILE,BFLOAT16,DEV_1_DRAM_INTERLEAVED,,,,,,,,,,,,,,,,,['ttnn/cpp/ttnn/operations/eltwise/binary_ng/device/kernels/compute/eltwise_binary_sfpu_scalar.cpp'],['eltwise_binary_sfpu_scalar/6302317103236044736/'],['ttnn/cpp/ttnn/operations/eltwise/binary_ng/device/kernels/dataflow/reader_interleaved_no_bcast.cpp'; 'ttnn/cpp/ttnn/operations/eltwise/binary_ng/device/kernels/dataflow/writer_interleaved_scalar.cpp'],['reader_interleaved_no_bcast/15501400787415134526/'; 'writer_interleaved_scalar/13747915134593411132/'],15691238620557725211,True,1228,1256,1532,1264,1296,0,0,0,0,1,1,1,[],[],0.036,,,,,
BinaryNgDeviceOperation,tt_dnn_device,30720,0,blackhole,{'binary_op_type': 'BinaryOpType::MUL'; 'compute_kernel_config': 'std::nullopt'; 'dtype': 'DataType::BFLOAT16'; 'input_dtype': 'DataType::BFLOAT16'; 'is_quant_op': 'false'; 'is_sfpu': 'true'; 'is_where_op': 'false'; 'lhs_activations': '{}'; 'memory_config': 'MemoryConfig(memory_layout=TensorMemoryLayout::INTERLEAVED;buffer_type=BufferType::DRAM;shard_spec=std::nullopt;nd_shard_spec=std::nullopt;created_with_nd_shard_spec=0)'; 'post_activations': '{}'; 'rhs_activations': '{}'; 'scalar': '1'; 'sub_core_grids': 'std::nullopt'; 'subtile_broadcast_type': 'SubtileBroadcastType::NONE'; 'worker_grid': '{[(x=0;y=0) - (x=10;y=9)]}'},HiFi4,110,110,,3998136559,3998186972,50413,1204835215597,1204835220156,10458700,10458700,3377,2828,2828,,,,561,2828,1135,1885,2421,698,,,,,,1[1],1[1],128[128],32[4],TILE,BFLOAT16,DEV_1_DRAM_INTERLEAVED,1[1],1[1],128[128],32[4],TILE,BFLOAT16,DEV_1_DRAM_INTERLEAVED,,,,,,,,,,,,,,,,,,,,,,,,,,,,,,,,,,,,,,,,,,,,,,,,,,,,,,,,,1[1],1[1],128[128],32[4],TILE,BFLOAT16,DEV_1_DRAM_INTERLEAVED,,,,,,,,,,,,,,,,,['ttnn/cpp/ttnn/operations/eltwise/binary_ng/device/kernels/compute/eltwise_binary_sfpu_scalar.cpp'],['eltwise_binary_sfpu_scalar/6302317103236044736/'],['ttnn/cpp/ttnn/operations/eltwise/binary_ng/device/kernels/dataflow/reader_interleaved_no_bcast.cpp'; 'ttnn/cpp/ttnn/operations/eltwise/binary_ng/device/kernels/dataflow/writer_interleaved_scalar.cpp'],['reader_interleaved_no_bcast/15501400787415134526/'; 'writer_interleaved_scalar/13747915134593411132/'],15691238620557725211,True,1228,1256,1532,1264,1296,0,0,0,0,1,1,1,[],[],0.035,,,,,
BinaryNgDeviceOperation,tt_dnn_device,31744,0,blackhole,{'binary_op_type': 'BinaryOpType::MUL'; 'compute_kernel_config': 'std::nullopt'; 'dtype': 'DataType::BFLOAT16'; 'input_dtype': 'DataType::BFLOAT16'; 'is_quant_op': 'false'; 'is_sfpu': 'true'; 'is_where_op': 'false'; 'lhs_activations': '{}'; 'memory_config': 'MemoryConfig(memory_layout=TensorMemoryLayout::INTERLEAVED;buffer_type=BufferType::DRAM;shard_spec=std::nullopt;nd_shard_spec=std::nullopt;created_with_nd_shard_spec=0)'; 'post_activations': '{}'; 'rhs_activations': '{}'; 'scalar': '1'; 'sub_core_grids': 'std::nullopt'; 'subtile_broadcast_type': 'SubtileBroadcastType::NONE'; 'worker_grid': '{[(x=0;y=0) - (x=10;y=9)]}'},HiFi4,110,110,,3999292918,3999346197,53279,1204836776768,1204836781357,1153776,1153462,3399,2833,2830,,,,559,2821,1080,1889,2421,704,,,,,,1[1],1[1],128[128],32[4],TILE,BFLOAT16,DEV_1_DRAM_INTERLEAVED,1[1],1[1],128[128],32[4],TILE,BFLOAT16,DEV_1_DRAM_INTERLEAVED,,,,,,,,,,,,,,,,,,,,,,,,,,,,,,,,,,,,,,,,,,,,,,,,,,,,,,,,,1[1],1[1],128[128],32[4],TILE,BFLOAT16,DEV_1_DRAM_INTERLEAVED,,,,,,,,,,,,,,,,,['ttnn/cpp/ttnn/operations/eltwise/binary_ng/device/kernels/compute/eltwise_binary_sfpu_scalar.cpp'],['eltwise_binary_sfpu_scalar/6302317103236044736/'],['ttnn/cpp/ttnn/operations/eltwise/binary_ng/device/kernels/dataflow/reader_interleaved_no_bcast.cpp'; 'ttnn/cpp/ttnn/operations/eltwise/binary_ng/device/kernels/dataflow/writer_interleaved_scalar.cpp'],['reader_interleaved_no_bcast/15501400787415134526/'; 'writer_interleaved_scalar/13747915134593411132/'],15691238620557725211,True,1228,1256,1532,1264,1296,0,0,0,0,1,1,1,[],[],0.035,,,,,
BinaryNgDeviceOperation,tt_dnn_device,32768,0,blackhole,{'binary_op_type': 'BinaryOpType::MUL'; 'compute_kernel_config': 'std::nullopt'; 'dtype': 'DataType::BFLOAT16'; 'input_dtype': 'DataType::BFLOAT16'; 'is_quant_op': 'false'; 'is_sfpu': 'true'; 'is_where_op': 'false'; 'lhs_activations': '{}'; 'memory_config': 'MemoryConfig(memory_layout=TensorMemoryLayout::INTERLEAVED;buffer_type=BufferType::DRAM;shard_spec=std::nullopt;nd_shard_spec=std::nullopt;created_with_nd_shard_spec=0)'; 'post_activations': '{}'; 'rhs_activations': '{}'; 'scalar': '1'; 'sub_core_grids': 'std::nullopt'; 'subtile_broadcast_type': 'SubtileBroadcastType::NONE'; 'worker_grid': '{[(x=0;y=0) - (x=10;y=9)]}'},HiFi4,110,110,,4008752068,4008811137,59069,1204849546626,1204849551164,9455555,9454686,3361,2822,2821,,,,559,2812,1107,1879,2411,703,,,,,,1[1],1[1],128[128],32[4],TILE,BFLOAT16,DEV_1_DRAM_INTERLEAVED,1[1],1[1],128[128],32[4],TILE,BFLOAT16,DEV_1_DRAM_INTERLEAVED,,,,,,,,,,,,,,,,,,,,,,,,,,,,,,,,,,,,,,,,,,,,,,,,,,,,,,,,,1[1],1[1],128[128],32[4],TILE,BFLOAT16,DEV_1_DRAM_INTERLEAVED,,,,,,,,,,,,,,,,,['ttnn/cpp/ttnn/operations/eltwise/binary_ng/device/kernels/compute/eltwise_binary_sfpu_scalar.cpp'],['eltwise_binary_sfpu_scalar/6302317103236044736/'],['ttnn/cpp/ttnn/operations/eltwise/binary_ng/device/kernels/dataflow/reader_interleaved_no_bcast.cpp'; 'ttnn/cpp/ttnn/operations/eltwise/binary_ng/device/kernels/dataflow/writer_interleaved_scalar.cpp'],['reader_interleaved_no_bcast/15501400787415134526/'; 'writer_interleaved_scalar/13747915134593411132/'],15691238620557725211,True,1228,1256,1532,1264,1296,0,0,0,0,1,1,1,[],[],0.035,,,,,
BinaryNgDeviceOperation,tt_dnn_device,33792,0,blackhole,{'binary_op_type': 'BinaryOpType::MUL'; 'compute_kernel_config': 'std::nullopt'; 'dtype': 'DataType::BFLOAT16'; 'input_dtype': 'DataType::BFLOAT16'; 'is_quant_op': 'false'; 'is_sfpu': 'true'; 'is_where_op': 'false'; 'lhs_activations': '{}'; 'memory_config': 'MemoryConfig(memory_layout=TensorMemoryLayout::INTERLEAVED;buffer_type=BufferType::DRAM;shard_spec=std::nullopt;nd_shard_spec=std::nullopt;created_with_nd_shard_spec=0)'; 'post_activations': '{}'; 'rhs_activations': '{}'; 'scalar': '1'; 'sub_core_grids': 'std::nullopt'; 'subtile_broadcast_type': 'SubtileBroadcastType::NONE'; 'worker_grid': '{[(x=0;y=0) - (x=10;y=9)]}'},HiFi4,110,110,,4009760483,4009807831,47348,1204850908550,1204850913100,1006032,1006032,3370,2823,2823,,,,561,2823,1099,1885,2419,704,,,,,,1[1],1[1],128[128],32[4],TILE,BFLOAT16,DEV_1_DRAM_INTERLEAVED,1[1],1[1],128[128],32[4],TILE,BFLOAT16,DEV_1_DRAM_INTERLEAVED,,,,,,,,,,,,,,,,,,,,,,,,,,,,,,,,,,,,,,,,,,,,,,,,,,,,,,,,,1[1],1[1],128[128],32[4],TILE,BFLOAT16,DEV_1_DRAM_INTERLEAVED,,,,,,,,,,,,,,,,,['ttnn/cpp/ttnn/operations/eltwise/binary_ng/device/kernels/compute/eltwise_binary_sfpu_scalar.cpp'],['eltwise_binary_sfpu_scalar/6302317103236044736/'],['ttnn/cpp/ttnn/operations/eltwise/binary_ng/device/kernels/dataflow/reader_interleaved_no_bcast.cpp'; 'ttnn/cpp/ttnn/operations/eltwise/binary_ng/device/kernels/dataflow/writer_interleaved_scalar.cpp'],['reader_interleaved_no_bcast/15501400787415134526/'; 'writer_interleaved_scalar/13747915134593411132/'],15691238620557725211,True,1228,1256,1532,1264,1296,0,0,0,0,1,1,1,[],[],0.035,,,,,
BinaryNgDeviceOperation,tt_dnn_device,34816,0,blackhole,{'binary_op_type': 'BinaryOpType::MUL'; 'compute_kernel_config': 'std::nullopt'; 'dtype': 'DataType::BFLOAT16'; 'input_dtype': 'DataType::BFLOAT16'; 'is_quant_op': 'false'; 'is_sfpu': 'true'; 'is_where_op': 'false'; 'lhs_activations': '{}'; 'memory_config': 'MemoryConfig(memory_layout=TensorMemoryLayout::INTERLEAVED;buffer_type=BufferType::DRAM;shard_spec=std::nullopt;nd_shard_spec=std::nullopt;created_with_nd_shard_spec=0)'; 'post_activations': '{}'; 'rhs_activations': '{}'; 'scalar': '1'; 'sub_core_grids': 'std::nullopt'; 'subtile_broadcast_type': 'SubtileBroadcastType::NONE'; 'worker_grid': '{[(x=0;y=0) - (x=10;y=9)]}'},HiFi4,110,110,,4018862342,4018925439,63097,1204863189998,1204863194570,9095396,9095396,3387,2821,2821,,,,559,2809,1087,1870,2417,710,,,,,,1[1],1[1],128[128],32[4],TILE,BFLOAT16,DEV_1_DRAM_INTERLEAVED,1[1],1[1],128[128],32[4],TILE,BFLOAT16,DEV_1_DRAM_INTERLEAVED,,,,,,,,,,,,,,,,,,,,,,,,,,,,,,,,,,,,,,,,,,,,,,,,,,,,,,,,,1[1],1[1],128[128],32[4],TILE,BFLOAT16,DEV_1_DRAM_INTERLEAVED,,,,,,,,,,,,,,,,,['ttnn/cpp/ttnn/operations/eltwise/binary_ng/device/kernels/compute/eltwise_binary_sfpu_scalar.cpp'],['eltwise_binary_sfpu_scalar/6302317103236044736/'],['ttnn/cpp/ttnn/operations/eltwise/binary_ng/device/kernels/dataflow/reader_interleaved_no_bcast.cpp'; 'ttnn/cpp/ttnn/operations/eltwise/binary_ng/device/kernels/dataflow/writer_interleaved_scalar.cpp'],['reader_interleaved_no_bcast/15501400787415134526/'; 'writer_interleaved_scalar/13747915134593411132/'],15691238620557725211,True,1228,1256,1532,1264,1296,0,0,0,0,1,1,1,[],[],0.035,,,,,
BinaryNgDeviceOperation,tt_dnn_device,35840,0,blackhole,{'binary_op_type': 'BinaryOpType::MUL'; 'compute_kernel_config': 'std::nullopt'; 'dtype': 'DataType::BFLOAT16'; 'input_dtype': 'DataType::BFLOAT16'; 'is_quant_op': 'false'; 'is_sfpu': 'true'; 'is_where_op': 'false'; 'lhs_activations': '{}'; 'memory_config': 'MemoryConfig(memory_layout=TensorMemoryLayout::INTERLEAVED;buffer_type=BufferType::DRAM;shard_spec=std::nullopt;nd_shard_spec=std::nullopt;created_with_nd_shard_spec=0)'; 'post_activations': '{}'; 'rhs_activations': '{}'; 'scalar': '1'; 'sub_core_grids': 'std::nullopt'; 'subtile_broadcast_type': 'SubtileBroadcastType::NONE'; 'worker_grid': '{[(x=0;y=0) - (x=10;y=9)]}'},HiFi4,110,110,,4020057092,4020110401,53309,1204864803708,1204864808217,1192298,1192298,3340,2804,2804,,,,559,2793,1101,1881,2413,704,,,,,,1[1],1[1],128[128],32[4],TILE,BFLOAT16,DEV_1_DRAM_INTERLEAVED,1[1],1[1],128[128],32[4],TILE,BFLOAT16,DEV_1_DRAM_INTERLEAVED,,,,,,,,,,,,,,,,,,,,,,,,,,,,,,,,,,,,,,,,,,,,,,,,,,,,,,,,,1[1],1[1],128[128],32[4],TILE,BFLOAT16,DEV_1_DRAM_INTERLEAVED,,,,,,,,,,,,,,,,,['ttnn/cpp/ttnn/operations/eltwise/binary_ng/device/kernels/compute/eltwise_binary_sfpu_scalar.cpp'],['eltwise_binary_sfpu_scalar/6302317103236044736/'],['ttnn/cpp/ttnn/operations/eltwise/binary_ng/device/kernels/dataflow/reader_interleaved_no_bcast.cpp'; 'ttnn/cpp/ttnn/operations/eltwise/binary_ng/device/kernels/dataflow/writer_interleaved_scalar.cpp'],['reader_interleaved_no_bcast/15501400787415134526/'; 'writer_interleaved_scalar/13747915134593411132/'],15691238620557725211,True,1228,1256,1532,1264,1296,0,0,0,0,1,1,1,[],[],0.036,,,,,
BinaryNgDeviceOperation,tt_dnn_device,36864,0,blackhole,{'binary_op_type': 'BinaryOpType::MUL'; 'compute_kernel_config': 'std::nullopt'; 'dtype': 'DataType::BFLOAT16'; 'input_dtype': 'DataType::BFLOAT16'; 'is_quant_op': 'false'; 'is_sfpu': 'true'; 'is_where_op': 'false'; 'lhs_activations': '{}'; 'memory_config': 'MemoryConfig(memory_layout=TensorMemoryLayout::INTERLEAVED;buffer_type=BufferType::DRAM;shard_spec=std::nullopt;nd_shard_spec=std::nullopt;created_with_nd_shard_spec=0)'; 'post_activations': '{}'; 'rhs_activations': '{}'; 'scalar': '1'; 'sub_core_grids': 'std::nullopt'; 'subtile_broadcast_type': 'SubtileBroadcastType::NONE'; 'worker_grid': '{[(x=0;y=0) - (x=10;y=9)]}'},HiFi4,110,110,,4030498800,4030548411,49611,1204878900663,1204878905218,10438999,10438999,3374,2811,2811,,,,560,2811,1097,1894,2415,701,,,,,,1[1],1[1],128[128],32[4],TILE,BFLOAT16,DEV_1_DRAM_INTERLEAVED,1[1],1[1],128[128],32[4],TILE,BFLOAT16,DEV_1_DRAM_INTERLEAVED,,,,,,,,,,,,,,,,,,,,,,,,,,,,,,,,,,,,,,,,,,,,,,,,,,,,,,,,,1[1],1[1],128[128],32[4],TILE,BFLOAT16,DEV_1_DRAM_INTERLEAVED,,,,,,,,,,,,,,,,,['ttnn/cpp/ttnn/operations/eltwise/binary_ng/device/kernels/compute/eltwise_binary_sfpu_scalar.cpp'],['eltwise_binary_sfpu_scalar/6302317103236044736/'],['ttnn/cpp/ttnn/operations/eltwise/binary_ng/device/kernels/dataflow/reader_interleaved_no_bcast.cpp'; 'ttnn/cpp/ttnn/operations/eltwise/binary_ng/device/kernels/dataflow/writer_interleaved_scalar.cpp'],['reader_interleaved_no_bcast/15501400787415134526/'; 'writer_interleaved_scalar/13747915134593411132/'],15691238620557725211,True,1228,1256,1532,1264,1296,0,0,0,0,1,1,1,[],[],0.036,,,,,
BinaryNgDeviceOperation,tt_dnn_device,37888,0,blackhole,{'binary_op_type': 'BinaryOpType::MUL'; 'compute_kernel_config': 'std::nullopt'; 'dtype': 'DataType::BFLOAT16'; 'input_dtype': 'DataType::BFLOAT16'; 'is_quant_op': 'false'; 'is_sfpu': 'true'; 'is_where_op': 'false'; 'lhs_activations': '{}'; 'memory_config': 'MemoryConfig(memory_layout=TensorMemoryLayout::INTERLEAVED;buffer_type=BufferType::DRAM;shard_spec=std::nullopt;nd_shard_spec=std::nullopt;created_with_nd_shard_spec=0)'; 'post_activations': '{}'; 'rhs_activations': '{}'; 'scalar': '1'; 'sub_core_grids': 'std::nullopt'; 'subtile_broadcast_type': 'SubtileBroadcastType::NONE'; 'worker_grid': '{[(x=0;y=0) - (x=10;y=9)]}'},HiFi4,110,110,,4031655479,4031708447,52968,1204880462344,1204880466947,1154056,1154056,3410,2855,2855,,,,563,2855,1118,1880,2426,703,,,,,,1[1],1[1],128[128],32[4],TILE,BFLOAT16,DEV_1_DRAM_INTERLEAVED,1[1],1[1],128[128],32[4],TILE,BFLOAT16,DEV_1_DRAM_INTERLEAVED,,,,,,,,,,,,,,,,,,,,,,,,,,,,,,,,,,,,,,,,,,,,,,,,,,,,,,,,,1[1],1[1],128[128],32[4],TILE,BFLOAT16,DEV_1_DRAM_INTERLEAVED,,,,,,,,,,,,,,,,,['ttnn/cpp/ttnn/operations/eltwise/binary_ng/device/kernels/compute/eltwise_binary_sfpu_scalar.cpp'],['eltwise_binary_sfpu_scalar/6302317103236044736/'],['ttnn/cpp/ttnn/operations/eltwise/binary_ng/device/kernels/dataflow/reader_interleaved_no_bcast.cpp'; 'ttnn/cpp/ttnn/operations/eltwise/binary_ng/device/kernels/dataflow/writer_interleaved_scalar.cpp'],['reader_interleaved_no_bcast/15501400787415134526/'; 'writer_interleaved_scalar/13747915134593411132/'],15691238620557725211,True,1228,1256,1532,1264,1296,0,0,0,0,1,1,1,[],[],0.035,,,,,
BinaryNgDeviceOperation,tt_dnn_device,38912,0,blackhole,{'binary_op_type': 'BinaryOpType::MUL'; 'compute_kernel_config': 'std::nullopt'; 'dtype': 'DataType::BFLOAT16'; 'input_dtype': 'DataType::BFLOAT16'; 'is_quant_op': 'false'; 'is_sfpu': 'true'; 'is_where_op': 'false'; 'lhs_activations': '{}'; 'memory_config': 'MemoryConfig(memory_layout=TensorMemoryLayout::INTERLEAVED;buffer_type=BufferType::DRAM;shard_spec=std::nullopt;nd_shard_spec=std::nullopt;created_with_nd_shard_spec=0)'; 'post_activations': '{}'; 'rhs_activations': '{}'; 'scalar': '1'; 'sub_core_grids': 'std::nullopt'; 'subtile_broadcast_type': 'SubtileBroadcastType::NONE'; 'worker_grid': '{[(x=0;y=0) - (x=10;y=9)]}'},HiFi4,110,110,,4042169070,4042219393,50323,1204894656503,1204894661151,10511743,10512976,3443,2889,2876,,,,578,2841,1173,1950,2482,705,,,,,,1[1],1[1],128[128],32[4],TILE,BFLOAT16,DEV_1_DRAM_INTERLEAVED,1[1],1[1],128[128],32[4],TILE,BFLOAT16,DEV_1_DRAM_INTERLEAVED,,,,,,,,,,,,,,,,,,,,,,,,,,,,,,,,,,,,,,,,,,,,,,,,,,,,,,,,,1[1],1[1],128[128],32[4],TILE,BFLOAT16,DEV_1_DRAM_INTERLEAVED,,,,,,,,,,,,,,,,,['ttnn/cpp/ttnn/operations/eltwise/binary_ng/device/kernels/compute/eltwise_binary_sfpu_scalar.cpp'],['eltwise_binary_sfpu_scalar/6302317103236044736/'],['ttnn/cpp/ttnn/operations/eltwise/binary_ng/device/kernels/dataflow/reader_interleaved_no_bcast.cpp'; 'ttnn/cpp/ttnn/operations/eltwise/binary_ng/device/kernels/dataflow/writer_interleaved_scalar.cpp'],['reader_interleaved_no_bcast/15501400787415134526/'; 'writer_interleaved_scalar/13747915134593411132/'],15691238620557725211,True,1228,1256,1532,1264,1296,0,0,0,0,1,1,1,[],[],0.035,,,,,
BinaryNgDeviceOperation,tt_dnn_device,39936,0,blackhole,{'binary_op_type': 'BinaryOpType::MUL'; 'compute_kernel_config': 'std::nullopt'; 'dtype': 'DataType::BFLOAT16'; 'input_dtype': 'DataType::BFLOAT16'; 'is_quant_op': 'false'; 'is_sfpu': 'true'; 'is_where_op': 'false'; 'lhs_activations': '{}'; 'memory_config': 'MemoryConfig(memory_layout=TensorMemoryLayout::INTERLEAVED;buffer_type=BufferType::DRAM;shard_spec=std::nullopt;nd_shard_spec=std::nullopt;created_with_nd_shard_spec=0)'; 'post_activations': '{}'; 'rhs_activations': '{}'; 'scalar': '1'; 'sub_core_grids': 'std::nullopt'; 'subtile_broadcast_type': 'SubtileBroadcastType::NONE'; 'worker_grid': '{[(x=0;y=0) - (x=10;y=9)]}'},HiFi4,110,110,,4043327242,4043378688,51446,1204896220899,1204896225448,1155987,1155881,3370,2812,2811,,,,559,2811,1100,1878,2412,712,,,,,,1[1],1[1],128[128],32[4],TILE,BFLOAT16,DEV_1_DRAM_INTERLEAVED,1[1],1[1],128[128],32[4],TILE,BFLOAT16,DEV_1_DRAM_INTERLEAVED,,,,,,,,,,,,,,,,,,,,,,,,,,,,,,,,,,,,,,,,,,,,,,,,,,,,,,,,,1[1],1[1],128[128],32[4],TILE,BFLOAT16,DEV_1_DRAM_INTERLEAVED,,,,,,,,,,,,,,,,,['ttnn/cpp/ttnn/operations/eltwise/binary_ng/device/kernels/compute/eltwise_binary_sfpu_scalar.cpp'],['eltwise_binary_sfpu_scalar/6302317103236044736/'],['ttnn/cpp/ttnn/operations/eltwise/binary_ng/device/kernels/dataflow/reader_interleaved_no_bcast.cpp'; 'ttnn/cpp/ttnn/operations/eltwise/binary_ng/device/kernels/dataflow/writer_interleaved_scalar.cpp'],['reader_interleaved_no_bcast/15501400787415134526/'; 'writer_interleaved_scalar/13747915134593411132/'],15691238620557725211,True,1228,1256,1532,1264,1296,0,0,0,0,1,1,1,[],[],0.036,,,,,
BinaryNgDeviceOperation,tt_dnn_device,40960,0,blackhole,{'binary_op_type': 'BinaryOpType::MUL'; 'compute_kernel_config': 'std::nullopt'; 'dtype': 'DataType::BFLOAT16'; 'input_dtype': 'DataType::BFLOAT16'; 'is_quant_op': 'false'; 'is_sfpu': 'true'; 'is_where_op': 'false'; 'lhs_activations': '{}'; 'memory_config': 'MemoryConfig(memory_layout=TensorMemoryLayout::INTERLEAVED;buffer_type=BufferType::DRAM;shard_spec=std::nullopt;nd_shard_spec=std::nullopt;created_with_nd_shard_spec=0)'; 'post_activations': '{}'; 'rhs_activations': '{}'; 'scalar': '1'; 'sub_core_grids': 'std::nullopt'; 'subtile_broadcast_type': 'SubtileBroadcastType::NONE'; 'worker_grid': '{[(x=0;y=0) - (x=10;y=9)]}'},HiFi4,110,110,,4053689904,4053738874,48970,1204910210771,1204910215328,10360187,10359236,3376,2823,2822,,,,559,2822,1099,1871,2417,704,,,,,,1[1],1[1],128[128],32[4],TILE,BFLOAT16,DEV_1_DRAM_INTERLEAVED,1[1],1[1],128[128],32[4],TILE,BFLOAT16,DEV_1_DRAM_INTERLEAVED,,,,,,,,,,,,,,,,,,,,,,,,,,,,,,,,,,,,,,,,,,,,,,,,,,,,,,,,,1[1],1[1],128[128],32[4],TILE,BFLOAT16,DEV_1_DRAM_INTERLEAVED,,,,,,,,,,,,,,,,,['ttnn/cpp/ttnn/operations/eltwise/binary_ng/device/kernels/compute/eltwise_binary_sfpu_scalar.cpp'],['eltwise_binary_sfpu_scalar/6302317103236044736/'],['ttnn/cpp/ttnn/operations/eltwise/binary_ng/device/kernels/dataflow/reader_interleaved_no_bcast.cpp'; 'ttnn/cpp/ttnn/operations/eltwise/binary_ng/device/kernels/dataflow/writer_interleaved_scalar.cpp'],['reader_interleaved_no_bcast/15501400787415134526/'; 'writer_interleaved_scalar/13747915134593411132/'],15691238620557725211,True,1228,1256,1532,1264,1296,0,0,0,0,1,1,1,[],[],0.035,,,,,
BinaryNgDeviceOperation,tt_dnn_device,41984,0,blackhole,{'binary_op_type': 'BinaryOpType::MUL'; 'compute_kernel_config': 'std::nullopt'; 'dtype': 'DataType::BFLOAT16'; 'input_dtype': 'DataType::BFLOAT16'; 'is_quant_op': 'false'; 'is_sfpu': 'true'; 'is_where_op': 'false'; 'lhs_activations': '{}'; 'memory_config': 'MemoryConfig(memory_layout=TensorMemoryLayout::INTERLEAVED;buffer_type=BufferType::DRAM;shard_spec=std::nullopt;nd_shard_spec=std::nullopt;created_with_nd_shard_spec=0)'; 'post_activations': '{}'; 'rhs_activations': '{}'; 'scalar': '1'; 'sub_core_grids': 'std::nullopt'; 'subtile_broadcast_type': 'SubtileBroadcastType::NONE'; 'worker_grid': '{[(x=0;y=0) - (x=10;y=9)]}'},HiFi4,110,110,,4054835783,4054892158,56375,1204911763122,1204911767700,1147056,1147056,3391,2837,2837,,,,551,2837,1104,1901,2425,701,,,,,,1[1],1[1],128[128],32[4],TILE,BFLOAT16,DEV_1_DRAM_INTERLEAVED,1[1],1[1],128[128],32[4],TILE,BFLOAT16,DEV_1_DRAM_INTERLEAVED,,,,,,,,,,,,,,,,,,,,,,,,,,,,,,,,,,,,,,,,,,,,,,,,,,,,,,,,,1[1],1[1],128[128],32[4],TILE,BFLOAT16,DEV_1_DRAM_INTERLEAVED,,,,,,,,,,,,,,,,,['ttnn/cpp/ttnn/operations/eltwise/binary_ng/device/kernels/compute/eltwise_binary_sfpu_scalar.cpp'],['eltwise_binary_sfpu_scalar/6302317103236044736/'],['ttnn/cpp/ttnn/operations/eltwise/binary_ng/device/kernels/dataflow/reader_interleaved_no_bcast.cpp'; 'ttnn/cpp/ttnn/operations/eltwise/binary_ng/device/kernels/dataflow/writer_interleaved_scalar.cpp'],['reader_interleaved_no_bcast/15501400787415134526/'; 'writer_interleaved_scalar/13747915134593411132/'],15691238620557725211,True,1228,1256,1532,1264,1296,0,0,0,0,1,1,1,[],[],0.035,,,,,
BinaryNgDeviceOperation,tt_dnn_device,43008,0,blackhole,{'binary_op_type': 'BinaryOpType::MUL'; 'compute_kernel_config': 'std::nullopt'; 'dtype': 'DataType::BFLOAT16'; 'input_dtype': 'DataType::BFLOAT16'; 'is_quant_op': 'false'; 'is_sfpu': 'true'; 'is_where_op': 'false'; 'lhs_activations': '{}'; 'memory_config': 'MemoryConfig(memory_layout=TensorMemoryLayout::INTERLEAVED;buffer_type=BufferType::DRAM;shard_spec=std::nullopt;nd_shard_spec=std::nullopt;created_with_nd_shard_spec=0)'; 'post_activations': '{}'; 'rhs_activations': '{}'; 'scalar': '1'; 'sub_core_grids': 'std::nullopt'; 'subtile_broadcast_type': 'SubtileBroadcastType::NONE'; 'worker_grid': '{[(x=0;y=0) - (x=10;y=9)]}'},HiFi4,110,110,,4065160384,4065210116,49732,1204925700345,1204925704866,10319794,10319794,3349,2813,2813,,,,562,2813,1086,1866,2411,711,,,,,,1[1],1[1],128[128],32[4],TILE,BFLOAT16,DEV_1_DRAM_INTERLEAVED,1[1],1[1],128[128],32[4],TILE,BFLOAT16,DEV_1_DRAM_INTERLEAVED,,,,,,,,,,,,,,,,,,,,,,,,,,,,,,,,,,,,,,,,,,,,,,,,,,,,,,,,,1[1],1[1],128[128],32[4],TILE,BFLOAT16,DEV_1_DRAM_INTERLEAVED,,,,,,,,,,,,,,,,,['ttnn/cpp/ttnn/operations/eltwise/binary_ng/device/kernels/compute/eltwise_binary_sfpu_scalar.cpp'],['eltwise_binary_sfpu_scalar/6302317103236044736/'],['ttnn/cpp/ttnn/operations/eltwise/binary_ng/device/kernels/dataflow/reader_interleaved_no_bcast.cpp'; 'ttnn/cpp/ttnn/operations/eltwise/binary_ng/device/kernels/dataflow/writer_interleaved_scalar.cpp'],['reader_interleaved_no_bcast/15501400787415134526/'; 'writer_interleaved_scalar/13747915134593411132/'],15691238620557725211,True,1228,1256,1532,1264,1296,0,0,0,0,1,1,1,[],[],0.036,,,,,
BinaryNgDeviceOperation,tt_dnn_device,44032,0,blackhole,{'binary_op_type': 'BinaryOpType::MUL'; 'compute_kernel_config': 'std::nullopt'; 'dtype': 'DataType::BFLOAT16'; 'input_dtype': 'DataType::BFLOAT16'; 'is_quant_op': 'false'; 'is_sfpu': 'true'; 'is_where_op': 'false'; 'lhs_activations': '{}'; 'memory_config': 'MemoryConfig(memory_layout=TensorMemoryLayout::INTERLEAVED;buffer_type=BufferType::DRAM;shard_spec=std::nullopt;nd_shard_spec=std::nullopt;created_with_nd_shard_spec=0)'; 'post_activations': '{}'; 'rhs_activations': '{}'; 'scalar': '1'; 'sub_core_grids': 'std::nullopt'; 'subtile_broadcast_type': 'SubtileBroadcastType::NONE'; 'worker_grid': '{[(x=0;y=0) - (x=10;y=9)]}'},HiFi4,110,110,,4066331921,4066386022,54101,1204927284399,1204927288965,1170688,1170556,3382,2821,2814,,,,558,2814,1081,1890,2418,696,,,,,,1[1],1[1],128[128],32[4],TILE,BFLOAT16,DEV_1_DRAM_INTERLEAVED,1[1],1[1],128[128],32[4],TILE,BFLOAT16,DEV_1_DRAM_INTERLEAVED,,,,,,,,,,,,,,,,,,,,,,,,,,,,,,,,,,,,,,,,,,,,,,,,,,,,,,,,,1[1],1[1],128[128],32[4],TILE,BFLOAT16,DEV_1_DRAM_INTERLEAVED,,,,,,,,,,,,,,,,,['ttnn/cpp/ttnn/operations/eltwise/binary_ng/device/kernels/compute/eltwise_binary_sfpu_scalar.cpp'],['eltwise_binary_sfpu_scalar/6302317103236044736/'],['ttnn/cpp/ttnn/operations/eltwise/binary_ng/device/kernels/dataflow/reader_interleaved_no_bcast.cpp'; 'ttnn/cpp/ttnn/operations/eltwise/binary_ng/device/kernels/dataflow/writer_interleaved_scalar.cpp'],['reader_interleaved_no_bcast/15501400787415134526/'; 'writer_interleaved_scalar/13747915134593411132/'],15691238620557725211,True,1228,1256,1532,1264,1296,0,0,0,0,1,1,1,[],[],0.035,,,,,
BinaryNgDeviceOperation,tt_dnn_device,45056,0,blackhole,{'binary_op_type': 'BinaryOpType::MUL'; 'compute_kernel_config': 'std::nullopt'; 'dtype': 'DataType::BFLOAT16'; 'input_dtype': 'DataType::BFLOAT16'; 'is_quant_op': 'false'; 'is_sfpu': 'true'; 'is_where_op': 'false'; 'lhs_activations': '{}'; 'memory_config': 'MemoryConfig(memory_layout=TensorMemoryLayout::INTERLEAVED;buffer_type=BufferType::DRAM;shard_spec=std::nullopt;nd_shard_spec=std::nullopt;created_with_nd_shard_spec=0)'; 'post_activations': '{}'; 'rhs_activations': '{}'; 'scalar': '1'; 'sub_core_grids': 'std::nullopt'; 'subtile_broadcast_type': 'SubtileBroadcastType::NONE'; 'worker_grid': '{[(x=0;y=0) - (x=10;y=9)]}'},HiFi4,110,110,,4076798585,4076846584,47999,1204941408685,1204941413243,10457830,10459616,3376,2821,2820,,,,552,2815,1104,1879,2408,702,,,,,,1[1],1[1],128[128],32[4],TILE,BFLOAT16,DEV_1_DRAM_INTERLEAVED,1[1],1[1],128[128],32[4],TILE,BFLOAT16,DEV_1_DRAM_INTERLEAVED,,,,,,,,,,,,,,,,,,,,,,,,,,,,,,,,,,,,,,,,,,,,,,,,,,,,,,,,,1[1],1[1],128[128],32[4],TILE,BFLOAT16,DEV_1_DRAM_INTERLEAVED,,,,,,,,,,,,,,,,,['ttnn/cpp/ttnn/operations/eltwise/binary_ng/device/kernels/compute/eltwise_binary_sfpu_scalar.cpp'],['eltwise_binary_sfpu_scalar/6302317103236044736/'],['ttnn/cpp/ttnn/operations/eltwise/binary_ng/device/kernels/dataflow/reader_interleaved_no_bcast.cpp'; 'ttnn/cpp/ttnn/operations/eltwise/binary_ng/device/kernels/dataflow/writer_interleaved_scalar.cpp'],['reader_interleaved_no_bcast/15501400787415134526/'; 'writer_interleaved_scalar/13747915134593411132/'],15691238620557725211,True,1228,1256,1532,1264,1296,0,0,0,0,1,1,1,[],[],0.035,,,,,
BinaryNgDeviceOperation,tt_dnn_device,46080,0,blackhole,{'binary_op_type': 'BinaryOpType::MUL'; 'compute_kernel_config': 'std::nullopt'; 'dtype': 'DataType::BFLOAT16'; 'input_dtype': 'DataType::BFLOAT16'; 'is_quant_op': 'false'; 'is_sfpu': 'true'; 'is_where_op': 'false'; 'lhs_activations': '{}'; 'memory_config': 'MemoryConfig(memory_layout=TensorMemoryLayout::INTERLEAVED;buffer_type=BufferType::DRAM;shard_spec=std::nullopt;nd_shard_spec=std::nullopt;created_with_nd_shard_spec=0)'; 'post_activations': '{}'; 'rhs_activations': '{}'; 'scalar': '1'; 'sub_core_grids': 'std::nullopt'; 'subtile_broadcast_type': 'SubtileBroadcastType::NONE'; 'worker_grid': '{[(x=0;y=0) - (x=10;y=9)]}'},HiFi4,110,110,,4077956387,4078007582,51195,1204942966641,1204942971191,1151331,1151226,3370,2824,2823,,,,553,2823,1091,1874,2424,702,,,,,,1[1],1[1],128[128],32[4],TILE,BFLOAT16,DEV_1_DRAM_INTERLEAVED,1[1],1[1],128[128],32[4],TILE,BFLOAT16,DEV_1_DRAM_INTERLEAVED,,,,,,,,,,,,,,,,,,,,,,,,,,,,,,,,,,,,,,,,,,,,,,,,,,,,,,,,,1[1],1[1],128[128],32[4],TILE,BFLOAT16,DEV_1_DRAM_INTERLEAVED,,,,,,,,,,,,,,,,,['ttnn/cpp/ttnn/operations/eltwise/binary_ng/device/kernels/compute/eltwise_binary_sfpu_scalar.cpp'],['eltwise_binary_sfpu_scalar/6302317103236044736/'],['ttnn/cpp/ttnn/operations/eltwise/binary_ng/device/kernels/dataflow/reader_interleaved_no_bcast.cpp'; 'ttnn/cpp/ttnn/operations/eltwise/binary_ng/device/kernels/dataflow/writer_interleaved_scalar.cpp'],['reader_interleaved_no_bcast/15501400787415134526/'; 'writer_interleaved_scalar/13747915134593411132/'],15691238620557725211,True,1228,1256,1532,1264,1296,0,0,0,0,1,1,1,[],[],0.035,,,,,
BinaryNgDeviceOperation,tt_dnn_device,47104,0,blackhole,{'binary_op_type': 'BinaryOpType::MUL'; 'compute_kernel_config': 'std::nullopt'; 'dtype': 'DataType::BFLOAT16'; 'input_dtype': 'DataType::BFLOAT16'; 'is_quant_op': 'false'; 'is_sfpu': 'true'; 'is_where_op': 'false'; 'lhs_activations': '{}'; 'memory_config': 'MemoryConfig(memory_layout=TensorMemoryLayout::INTERLEAVED;buffer_type=BufferType::DRAM;shard_spec=std::nullopt;nd_shard_spec=std::nullopt;created_with_nd_shard_spec=0)'; 'post_activations': '{}'; 'rhs_activations': '{}'; 'scalar': '1'; 'sub_core_grids': 'std::nullopt'; 'subtile_broadcast_type': 'SubtileBroadcastType::NONE'; 'worker_grid': '{[(x=0;y=0) - (x=10;y=9)]}'},HiFi4,110,110,,4088539726,4088589308,49582,1204957253691,1204957258228,10581132,10581132,3361,2821,2821,,,,566,2820,1099,1868,2416,704,,,,,,1[1],1[1],128[128],32[4],TILE,BFLOAT16,DEV_1_DRAM_INTERLEAVED,1[1],1[1],128[128],32[4],TILE,BFLOAT16,DEV_1_DRAM_INTERLEAVED,,,,,,,,,,,,,,,,,,,,,,,,,,,,,,,,,,,,,,,,,,,,,,,,,,,,,,,,,1[1],1[1],128[128],32[4],TILE,BFLOAT16,DEV_1_DRAM_INTERLEAVED,,,,,,,,,,,,,,,,,['ttnn/cpp/ttnn/operations/eltwise/binary_ng/device/kernels/compute/eltwise_binary_sfpu_scalar.cpp'],['eltwise_binary_sfpu_scalar/6302317103236044736/'],['ttnn/cpp/ttnn/operations/eltwise/binary_ng/device/kernels/dataflow/reader_interleaved_no_bcast.cpp'; 'ttnn/cpp/ttnn/operations/eltwise/binary_ng/device/kernels/dataflow/writer_interleaved_scalar.cpp'],['reader_interleaved_no_bcast/15501400787415134526/'; 'writer_interleaved_scalar/13747915134593411132/'],15691238620557725211,True,1228,1256,1532,1264,1296,0,0,0,0,1,1,1,[],[],0.035,,,,,
BinaryNgDeviceOperation,tt_dnn_device,48128,0,blackhole,{'binary_op_type': 'BinaryOpType::MUL'; 'compute_kernel_config': 'std::nullopt'; 'dtype': 'DataType::BFLOAT16'; 'input_dtype': 'DataType::BFLOAT16'; 'is_quant_op': 'false'; 'is_sfpu': 'true'; 'is_where_op': 'false'; 'lhs_activations': '{}'; 'memory_config': 'MemoryConfig(memory_layout=TensorMemoryLayout::INTERLEAVED;buffer_type=BufferType::DRAM;shard_spec=std::nullopt;nd_shard_spec=std::nullopt;created_with_nd_shard_spec=0)'; 'post_activations': '{}'; 'rhs_activations': '{}'; 'scalar': '1'; 'sub_core_grids': 'std::nullopt'; 'subtile_broadcast_type': 'SubtileBroadcastType::NONE'; 'worker_grid': '{[(x=0;y=0) - (x=10;y=9)]}'},HiFi4,110,110,,4089689754,4089738244,48490,1204958806465,1204958811084,1147590,1147256,3421,2856,2847,,,,563,2812,1082,1891,2426,687,,,,,,1[1],1[1],128[128],32[4],TILE,BFLOAT16,DEV_1_DRAM_INTERLEAVED,1[1],1[1],128[128],32[4],TILE,BFLOAT16,DEV_1_DRAM_INTERLEAVED,,,,,,,,,,,,,,,,,,,,,,,,,,,,,,,,,,,,,,,,,,,,,,,,,,,,,,,,,1[1],1[1],128[128],32[4],TILE,BFLOAT16,DEV_1_DRAM_INTERLEAVED,,,,,,,,,,,,,,,,,['ttnn/cpp/ttnn/operations/eltwise/binary_ng/device/kernels/compute/eltwise_binary_sfpu_scalar.cpp'],['eltwise_binary_sfpu_scalar/6302317103236044736/'],['ttnn/cpp/ttnn/operations/eltwise/binary_ng/device/kernels/dataflow/reader_interleaved_no_bcast.cpp'; 'ttnn/cpp/ttnn/operations/eltwise/binary_ng/device/kernels/dataflow/writer_interleaved_scalar.cpp'],['reader_interleaved_no_bcast/15501400787415134526/'; 'writer_interleaved_scalar/13747915134593411132/'],15691238620557725211,True,1228,1256,1532,1264,1296,0,0,0,0,1,1,1,[],[],0.035,,,,,
BinaryNgDeviceOperation,tt_dnn_device,49152,0,blackhole,{'binary_op_type': 'BinaryOpType::MUL'; 'compute_kernel_config': 'std::nullopt'; 'dtype': 'DataType::BFLOAT16'; 'input_dtype': 'DataType::BFLOAT16'; 'is_quant_op': 'false'; 'is_sfpu': 'true'; 'is_where_op': 'false'; 'lhs_activations': '{}'; 'memory_config': 'MemoryConfig(memory_layout=TensorMemoryLayout::INTERLEAVED;buffer_type=BufferType::DRAM;shard_spec=std::nullopt;nd_shard_spec=std::nullopt;created_with_nd_shard_spec=0)'; 'post_activations': '{}'; 'rhs_activations': '{}'; 'scalar': '1'; 'sub_core_grids': 'std::nullopt'; 'subtile_broadcast_type': 'SubtileBroadcastType::NONE'; 'worker_grid': '{[(x=0;y=0) - (x=10;y=9)]}'},HiFi4,110,110,,4100024033,4100073203,49170,1204972757972,1204972762601,10330915,10332653,3429,2865,2864,,,,600,2812,1156,1925,2452,705,,,,,,1[1],1[1],128[128],32[4],TILE,BFLOAT16,DEV_1_DRAM_INTERLEAVED,1[1],1[1],128[128],32[4],TILE,BFLOAT16,DEV_1_DRAM_INTERLEAVED,,,,,,,,,,,,,,,,,,,,,,,,,,,,,,,,,,,,,,,,,,,,,,,,,,,,,,,,,1[1],1[1],128[128],32[4],TILE,BFLOAT16,DEV_1_DRAM_INTERLEAVED,,,,,,,,,,,,,,,,,['ttnn/cpp/ttnn/operations/eltwise/binary_ng/device/kernels/compute/eltwise_binary_sfpu_scalar.cpp'],['eltwise_binary_sfpu_scalar/6302317103236044736/'],['ttnn/cpp/ttnn/operations/eltwise/binary_ng/device/kernels/dataflow/reader_interleaved_no_bcast.cpp'; 'ttnn/cpp/ttnn/operations/eltwise/binary_ng/device/kernels/dataflow/writer_interleaved_scalar.cpp'],['reader_interleaved_no_bcast/15501400787415134526/'; 'writer_interleaved_scalar/13747915134593411132/'],15691238620557725211,True,1228,1256,1532,1264,1296,0,0,0,0,1,1,1,[],[],0.035,,,,,
BinaryNgDeviceOperation,tt_dnn_device,50176,0,blackhole,{'binary_op_type': 'BinaryOpType::MUL'; 'compute_kernel_config': 'std::nullopt'; 'dtype': 'DataType::BFLOAT16'; 'input_dtype': 'DataType::BFLOAT16'; 'is_quant_op': 'false'; 'is_sfpu': 'true'; 'is_where_op': 'false'; 'lhs_activations': '{}'; 'memory_config': 'MemoryConfig(memory_layout=TensorMemoryLayout::INTERLEAVED;buffer_type=BufferType::DRAM;shard_spec=std::nullopt;nd_shard_spec=std::nullopt;created_with_nd_shard_spec=0)'; 'post_activations': '{}'; 'rhs_activations': '{}'; 'scalar': '1'; 'sub_core_grids': 'std::nullopt'; 'subtile_broadcast_type': 'SubtileBroadcastType::NONE'; 'worker_grid': '{[(x=0;y=0) - (x=10;y=9)]}'},HiFi4,110,110,,4101185642,4101238099,52457,1204974326362,1204974330915,1158721,1158721,3373,2824,2824,,,,556,2824,1099,1879,2411,706,,,,,,1[1],1[1],128[128],32[4],TILE,BFLOAT16,DEV_1_DRAM_INTERLEAVED,1[1],1[1],128[128],32[4],TILE,BFLOAT16,DEV_1_DRAM_INTERLEAVED,,,,,,,,,,,,,,,,,,,,,,,,,,,,,,,,,,,,,,,,,,,,,,,,,,,,,,,,,1[1],1[1],128[128],32[4],TILE,BFLOAT16,DEV_1_DRAM_INTERLEAVED,,,,,,,,,,,,,,,,,['ttnn/cpp/ttnn/operations/eltwise/binary_ng/device/kernels/compute/eltwise_binary_sfpu_scalar.cpp'],['eltwise_binary_sfpu_scalar/6302317103236044736/'],['ttnn/cpp/ttnn/operations/eltwise/binary_ng/device/kernels/dataflow/reader_interleaved_no_bcast.cpp'; 'ttnn/cpp/ttnn/operations/eltwise/binary_ng/device/kernels/dataflow/writer_interleaved_scalar.cpp'],['reader_interleaved_no_bcast/15501400787415134526/'; 'writer_interleaved_scalar/13747915134593411132/'],15691238620557725211,True,1228,1256,1532,1264,1296,0,0,0,0,1,1,1,[],[],0.035,,,,,
BinaryNgDeviceOperation,tt_dnn_device,51200,0,blackhole,{'binary_op_type': 'BinaryOpType::MUL'; 'compute_kernel_config': 'std::nullopt'; 'dtype': 'DataType::BFLOAT16'; 'input_dtype': 'DataType::BFLOAT16'; 'is_quant_op': 'false'; 'is_sfpu': 'true'; 'is_where_op': 'false'; 'lhs_activations': '{}'; 'memory_config': 'MemoryConfig(memory_layout=TensorMemoryLayout::INTERLEAVED;buffer_type=BufferType::DRAM;shard_spec=std::nullopt;nd_shard_spec=std::nullopt;created_with_nd_shard_spec=0)'; 'post_activations': '{}'; 'rhs_activations': '{}'; 'scalar': '1'; 'sub_core_grids': 'std::nullopt'; 'subtile_broadcast_type': 'SubtileBroadcastType::NONE'; 'worker_grid': '{[(x=0;y=0) - (x=10;y=9)]}'},HiFi4,110,110,,4111517295,4111566767,49472,1204988275745,1204988280312,10331540,10331540,3383,2833,2833,,,,566,2833,1087,1889,2421,710,,,,,,1[1],1[1],128[128],32[4],TILE,BFLOAT16,DEV_1_DRAM_INTERLEAVED,1[1],1[1],128[128],32[4],TILE,BFLOAT16,DEV_1_DRAM_INTERLEAVED,,,,,,,,,,,,,,,,,,,,,,,,,,,,,,,,,,,,,,,,,,,,,,,,,,,,,,,,,1[1],1[1],128[128],32[4],TILE,BFLOAT16,DEV_1_DRAM_INTERLEAVED,,,,,,,,,,,,,,,,,['ttnn/cpp/ttnn/operations/eltwise/binary_ng/device/kernels/compute/eltwise_binary_sfpu_scalar.cpp'],['eltwise_binary_sfpu_scalar/6302317103236044736/'],['ttnn/cpp/ttnn/operations/eltwise/binary_ng/device/kernels/dataflow/reader_interleaved_no_bcast.cpp'; 'ttnn/cpp/ttnn/operations/eltwise/binary_ng/device/kernels/dataflow/writer_interleaved_scalar.cpp'],['reader_interleaved_no_bcast/15501400787415134526/'; 'writer_interleaved_scalar/13747915134593411132/'],15691238620557725211,True,1228,1256,1532,1264,1296,0,0,0,0,1,1,1,[],[],0.035,,,,,
BinaryNgDeviceOperation,tt_dnn_device,52224,0,blackhole,{'binary_op_type': 'BinaryOpType::MUL'; 'compute_kernel_config': 'std::nullopt'; 'dtype': 'DataType::BFLOAT16'; 'input_dtype': 'DataType::BFLOAT16'; 'is_quant_op': 'false'; 'is_sfpu': 'true'; 'is_where_op': 'false'; 'lhs_activations': '{}'; 'memory_config': 'MemoryConfig(memory_layout=TensorMemoryLayout::INTERLEAVED;buffer_type=BufferType::DRAM;shard_spec=std::nullopt;nd_shard_spec=std::nullopt;created_with_nd_shard_spec=0)'; 'post_activations': '{}'; 'rhs_activations': '{}'; 'scalar': '1'; 'sub_core_grids': 'std::nullopt'; 'subtile_broadcast_type': 'SubtileBroadcastType::NONE'; 'worker_grid': '{[(x=0;y=0) - (x=10;y=9)]}'},HiFi4,110,110,,4112670899,4112722806,51907,1204989832647,1204989837232,1150591,1150591,3396,2830,2830,,,,558,2830,1092,1893,2428,708,,,,,,1[1],1[1],128[128],32[4],TILE,BFLOAT16,DEV_1_DRAM_INTERLEAVED,1[1],1[1],128[128],32[4],TILE,BFLOAT16,DEV_1_DRAM_INTERLEAVED,,,,,,,,,,,,,,,,,,,,,,,,,,,,,,,,,,,,,,,,,,,,,,,,,,,,,,,,,1[1],1[1],128[128],32[4],TILE,BFLOAT16,DEV_1_DRAM_INTERLEAVED,,,,,,,,,,,,,,,,,['ttnn/cpp/ttnn/operations/eltwise/binary_ng/device/kernels/compute/eltwise_binary_sfpu_scalar.cpp'],['eltwise_binary_sfpu_scalar/6302317103236044736/'],['ttnn/cpp/ttnn/operations/eltwise/binary_ng/device/kernels/dataflow/reader_interleaved_no_bcast.cpp'; 'ttnn/cpp/ttnn/operations/eltwise/binary_ng/device/kernels/dataflow/writer_interleaved_scalar.cpp'],['reader_interleaved_no_bcast/15501400787415134526/'; 'writer_interleaved_scalar/13747915134593411132/'],15691238620557725211,True,1228,1256,1532,1264,1296,0,0,0,0,1,1,1,[],[],0.035,,,,,
BinaryNgDeviceOperation,tt_dnn_device,53248,0,blackhole,{'binary_op_type': 'BinaryOpType::MUL'; 'compute_kernel_config': 'std::nullopt'; 'dtype': 'DataType::BFLOAT16'; 'input_dtype': 'DataType::BFLOAT16'; 'is_quant_op': 'false'; 'is_sfpu': 'true'; 'is_where_op': 'false'; 'lhs_activations': '{}'; 'memory_config': 'MemoryConfig(memory_layout=TensorMemoryLayout::INTERLEAVED;buffer_type=BufferType::DRAM;shard_spec=std::nullopt;nd_shard_spec=std::nullopt;created_with_nd_shard_spec=0)'; 'post_activations': '{}'; 'rhs_activations': '{}'; 'scalar': '1'; 'sub_core_grids': 'std::nullopt'; 'subtile_broadcast_type': 'SubtileBroadcastType::NONE'; 'worker_grid': '{[(x=0;y=0) - (x=10;y=9)]}'},HiFi4,110,110,,4122950046,4122998896,48850,1205003710204,1205003714771,10276293,10276293,3383,2828,2828,,,,560,2828,1099,1887,2422,693,,,,,,1[1],1[1],128[128],32[4],TILE,BFLOAT16,DEV_1_DRAM_INTERLEAVED,1[1],1[1],128[128],32[4],TILE,BFLOAT16,DEV_1_DRAM_INTERLEAVED,,,,,,,,,,,,,,,,,,,,,,,,,,,,,,,,,,,,,,,,,,,,,,,,,,,,,,,,,1[1],1[1],128[128],32[4],TILE,BFLOAT16,DEV_1_DRAM_INTERLEAVED,,,,,,,,,,,,,,,,,['ttnn/cpp/ttnn/operations/eltwise/binary_ng/device/kernels/compute/eltwise_binary_sfpu_scalar.cpp'],['eltwise_binary_sfpu_scalar/6302317103236044736/'],['ttnn/cpp/ttnn/operations/eltwise/binary_ng/device/kernels/dataflow/reader_interleaved_no_bcast.cpp'; 'ttnn/cpp/ttnn/operations/eltwise/binary_ng/device/kernels/dataflow/writer_interleaved_scalar.cpp'],['reader_interleaved_no_bcast/15501400787415134526/'; 'writer_interleaved_scalar/13747915134593411132/'],15691238620557725211,True,1228,1256,1532,1264,1296,0,0,0,0,1,1,1,[],[],0.035,,,,,
BinaryNgDeviceOperation,tt_dnn_device,54272,0,blackhole,{'binary_op_type': 'BinaryOpType::MUL'; 'compute_kernel_config': 'std::nullopt'; 'dtype': 'DataType::BFLOAT16'; 'input_dtype': 'DataType::BFLOAT16'; 'is_quant_op': 'false'; 'is_sfpu': 'true'; 'is_where_op': 'false'; 'lhs_activations': '{}'; 'memory_config': 'MemoryConfig(memory_layout=TensorMemoryLayout::INTERLEAVED;buffer_type=BufferType::DRAM;shard_spec=std::nullopt;nd_shard_spec=std::nullopt;created_with_nd_shard_spec=0)'; 'post_activations': '{}'; 'rhs_activations': '{}'; 'scalar': '1'; 'sub_core_grids': 'std::nullopt'; 'subtile_broadcast_type': 'SubtileBroadcastType::NONE'; 'worker_grid': '{[(x=0;y=0) - (x=10;y=9)]}'},HiFi4,110,110,,4124091618,4124144846,53228,1205005251416,1205005255979,1138973,1138639,3380,2836,2827,,,,553,2827,1069,1901,2425,707,,,,,,1[1],1[1],128[128],32[4],TILE,BFLOAT16,DEV_1_DRAM_INTERLEAVED,1[1],1[1],128[128],32[4],TILE,BFLOAT16,DEV_1_DRAM_INTERLEAVED,,,,,,,,,,,,,,,,,,,,,,,,,,,,,,,,,,,,,,,,,,,,,,,,,,,,,,,,,1[1],1[1],128[128],32[4],TILE,BFLOAT16,DEV_1_DRAM_INTERLEAVED,,,,,,,,,,,,,,,,,['ttnn/cpp/ttnn/operations/eltwise/binary_ng/device/kernels/compute/eltwise_binary_sfpu_scalar.cpp'],['eltwise_binary_sfpu_scalar/6302317103236044736/'],['ttnn/cpp/ttnn/operations/eltwise/binary_ng/device/kernels/dataflow/reader_interleaved_no_bcast.cpp'; 'ttnn/cpp/ttnn/operations/eltwise/binary_ng/device/kernels/dataflow/writer_interleaved_scalar.cpp'],['reader_interleaved_no_bcast/15501400787415134526/'; 'writer_interleaved_scalar/13747915134593411132/'],15691238620557725211,True,1228,1256,1532,1264,1296,0,0,0,0,1,1,1,[],[],0.035,,,,,
BinaryNgDeviceOperation,tt_dnn_device,55296,0,blackhole,{'binary_op_type': 'BinaryOpType::MUL'; 'compute_kernel_config': 'std::nullopt'; 'dtype': 'DataType::BFLOAT16'; 'input_dtype': 'DataType::BFLOAT16'; 'is_quant_op': 'false'; 'is_sfpu': 'true'; 'is_where_op': 'false'; 'lhs_activations': '{}'; 'memory_config': 'MemoryConfig(memory_layout=TensorMemoryLayout::INTERLEAVED;buffer_type=BufferType::DRAM;shard_spec=std::nullopt;nd_shard_spec=std::nullopt;created_with_nd_shard_spec=0)'; 'post_activations': '{}'; 'rhs_activations': '{}'; 'scalar': '1'; 'sub_core_grids': 'std::nullopt'; 'subtile_broadcast_type': 'SubtileBroadcastType::NONE'; 'worker_grid': '{[(x=0;y=0) - (x=10;y=9)]}'},HiFi4,110,110,,4134514120,4134561477,47357,1205019322493,1205019327024,10418546,10418546,3356,2824,2824,,,,562,2824,1107,1876,2412,703,,,,,,1[1],1[1],128[128],32[4],TILE,BFLOAT16,DEV_1_DRAM_INTERLEAVED,1[1],1[1],128[128],32[4],TILE,BFLOAT16,DEV_1_DRAM_INTERLEAVED,,,,,,,,,,,,,,,,,,,,,,,,,,,,,,,,,,,,,,,,,,,,,,,,,,,,,,,,,1[1],1[1],128[128],32[4],TILE,BFLOAT16,DEV_1_DRAM_INTERLEAVED,,,,,,,,,,,,,,,,,['ttnn/cpp/ttnn/operations/eltwise/binary_ng/device/kernels/compute/eltwise_binary_sfpu_scalar.cpp'],['eltwise_binary_sfpu_scalar/6302317103236044736/'],['ttnn/cpp/ttnn/operations/eltwise/binary_ng/device/kernels/dataflow/reader_interleaved_no_bcast.cpp'; 'ttnn/cpp/ttnn/operations/eltwise/binary_ng/device/kernels/dataflow/writer_interleaved_scalar.cpp'],['reader_interleaved_no_bcast/15501400787415134526/'; 'writer_interleaved_scalar/13747915134593411132/'],15691238620557725211,True,1228,1256,1532,1264,1296,0,0,0,0,1,1,1,[],[],0.035,,,,,
BinaryNgDeviceOperation,tt_dnn_device,56320,0,blackhole,{'binary_op_type': 'BinaryOpType::MUL'; 'compute_kernel_config': 'std::nullopt'; 'dtype': 'DataType::BFLOAT16'; 'input_dtype': 'DataType::BFLOAT16'; 'is_quant_op': 'false'; 'is_sfpu': 'true'; 'is_where_op': 'false'; 'lhs_activations': '{}'; 'memory_config': 'MemoryConfig(memory_layout=TensorMemoryLayout::INTERLEAVED;buffer_type=BufferType::DRAM;shard_spec=std::nullopt;nd_shard_spec=std::nullopt;created_with_nd_shard_spec=0)'; 'post_activations': '{}'; 'rhs_activations': '{}'; 'scalar': '1'; 'sub_core_grids': 'std::nullopt'; 'subtile_broadcast_type': 'SubtileBroadcastType::NONE'; 'worker_grid': '{[(x=0;y=0) - (x=10;y=9)]}'},HiFi4,110,110,,4135671481,4135724138,52657,1205020885127,1205020889702,1154722,1154511,3389,2823,2821,,,,559,2821,1099,1884,2419,707,,,,,,1[1],1[1],128[128],32[4],TILE,BFLOAT16,DEV_1_DRAM_INTERLEAVED,1[1],1[1],128[128],32[4],TILE,BFLOAT16,DEV_1_DRAM_INTERLEAVED,,,,,,,,,,,,,,,,,,,,,,,,,,,,,,,,,,,,,,,,,,,,,,,,,,,,,,,,,1[1],1[1],128[128],32[4],TILE,BFLOAT16,DEV_1_DRAM_INTERLEAVED,,,,,,,,,,,,,,,,,['ttnn/cpp/ttnn/operations/eltwise/binary_ng/device/kernels/compute/eltwise_binary_sfpu_scalar.cpp'],['eltwise_binary_sfpu_scalar/6302317103236044736/'],['ttnn/cpp/ttnn/operations/eltwise/binary_ng/device/kernels/dataflow/reader_interleaved_no_bcast.cpp'; 'ttnn/cpp/ttnn/operations/eltwise/binary_ng/device/kernels/dataflow/writer_interleaved_scalar.cpp'],['reader_interleaved_no_bcast/15501400787415134526/'; 'writer_interleaved_scalar/13747915134593411132/'],15691238620557725211,True,1228,1256,1532,1264,1296,0,0,0,0,1,1,1,[],[],0.035,,,,,
BinaryNgDeviceOperation,tt_dnn_device,57344,0,blackhole,{'binary_op_type': 'BinaryOpType::MUL'; 'compute_kernel_config': 'std::nullopt'; 'dtype': 'DataType::BFLOAT16'; 'input_dtype': 'DataType::BFLOAT16'; 'is_quant_op': 'false'; 'is_sfpu': 'true'; 'is_where_op': 'false'; 'lhs_activations': '{}'; 'memory_config': 'MemoryConfig(memory_layout=TensorMemoryLayout::INTERLEAVED;buffer_type=BufferType::DRAM;shard_spec=std::nullopt;nd_shard_spec=std::nullopt;created_with_nd_shard_spec=0)'; 'post_activations': '{}'; 'rhs_activations': '{}'; 'scalar': '1'; 'sub_core_grids': 'std::nullopt'; 'subtile_broadcast_type': 'SubtileBroadcastType::NONE'; 'worker_grid': '{[(x=0;y=0) - (x=10;y=9)]}'},HiFi4,110,110,,4146151670,4146202153,50483,1205035033616,1205035038163,10475739,10475739,3368,2821,2821,,,,562,2821,1117,1864,2416,705,,,,,,1[1],1[1],128[128],32[4],TILE,BFLOAT16,DEV_1_DRAM_INTERLEAVED,1[1],1[1],128[128],32[4],TILE,BFLOAT16,DEV_1_DRAM_INTERLEAVED,,,,,,,,,,,,,,,,,,,,,,,,,,,,,,,,,,,,,,,,,,,,,,,,,,,,,,,,,1[1],1[1],128[128],32[4],TILE,BFLOAT16,DEV_1_DRAM_INTERLEAVED,,,,,,,,,,,,,,,,,['ttnn/cpp/ttnn/operations/eltwise/binary_ng/device/kernels/compute/eltwise_binary_sfpu_scalar.cpp'],['eltwise_binary_sfpu_scalar/6302317103236044736/'],['ttnn/cpp/ttnn/operations/eltwise/binary_ng/device/kernels/dataflow/reader_interleaved_no_bcast.cpp'; 'ttnn/cpp/ttnn/operations/eltwise/binary_ng/device/kernels/dataflow/writer_interleaved_scalar.cpp'],['reader_interleaved_no_bcast/15501400787415134526/'; 'writer_interleaved_scalar/13747915134593411132/'],15691238620557725211,True,1228,1256,1532,1264,1296,0,0,0,0,1,1,1,[],[],0.035,,,,,
BinaryNgDeviceOperation,tt_dnn_device,58368,0,blackhole,{'binary_op_type': 'BinaryOpType::MUL'; 'compute_kernel_config': 'std::nullopt'; 'dtype': 'DataType::BFLOAT16'; 'input_dtype': 'DataType::BFLOAT16'; 'is_quant_op': 'false'; 'is_sfpu': 'true'; 'is_where_op': 'false'; 'lhs_activations': '{}'; 'memory_config': 'MemoryConfig(memory_layout=TensorMemoryLayout::INTERLEAVED;buffer_type=BufferType::DRAM;shard_spec=std::nullopt;nd_shard_spec=std::nullopt;created_with_nd_shard_spec=0)'; 'post_activations': '{}'; 'rhs_activations': '{}'; 'scalar': '1'; 'sub_core_grids': 'std::nullopt'; 'subtile_broadcast_type': 'SubtileBroadcastType::NONE'; 'worker_grid': '{[(x=0;y=0) - (x=10;y=9)]}'},HiFi4,110,110,,4147300244,4147353583,53339,1205036584656,1205036589256,1146283,1146077,3407,2859,2857,,,,562,2845,1081,1888,2426,702,,,,,,1[1],1[1],128[128],32[4],TILE,BFLOAT16,DEV_1_DRAM_INTERLEAVED,1[1],1[1],128[128],32[4],TILE,BFLOAT16,DEV_1_DRAM_INTERLEAVED,,,,,,,,,,,,,,,,,,,,,,,,,,,,,,,,,,,,,,,,,,,,,,,,,,,,,,,,,1[1],1[1],128[128],32[4],TILE,BFLOAT16,DEV_1_DRAM_INTERLEAVED,,,,,,,,,,,,,,,,,['ttnn/cpp/ttnn/operations/eltwise/binary_ng/device/kernels/compute/eltwise_binary_sfpu_scalar.cpp'],['eltwise_binary_sfpu_scalar/6302317103236044736/'],['ttnn/cpp/ttnn/operations/eltwise/binary_ng/device/kernels/dataflow/reader_interleaved_no_bcast.cpp'; 'ttnn/cpp/ttnn/operations/eltwise/binary_ng/device/kernels/dataflow/writer_interleaved_scalar.cpp'],['reader_interleaved_no_bcast/15501400787415134526/'; 'writer_interleaved_scalar/13747915134593411132/'],15691238620557725211,True,1228,1256,1532,1264,1296,0,0,0,0,1,1,1,[],[],0.035,,,,,
BinaryNgDeviceOperation,tt_dnn_device,59392,0,blackhole,{'binary_op_type': 'BinaryOpType::MUL'; 'compute_kernel_config': 'std::nullopt'; 'dtype': 'DataType::BFLOAT16'; 'input_dtype': 'DataType::BFLOAT16'; 'is_quant_op': 'false'; 'is_sfpu': 'true'; 'is_where_op': 'false'; 'lhs_activations': '{}'; 'memory_config': 'MemoryConfig(memory_layout=TensorMemoryLayout::INTERLEAVED;buffer_type=BufferType::DRAM;shard_spec=std::nullopt;nd_shard_spec=std::nullopt;created_with_nd_shard_spec=0)'; 'post_activations': '{}'; 'rhs_activations': '{}'; 'scalar': '1'; 'sub_core_grids': 'std::nullopt'; 'subtile_broadcast_type': 'SubtileBroadcastType::NONE'; 'worker_grid': '{[(x=0;y=0) - (x=10;y=9)]}'},HiFi4,110,110,,4157684345,4157735830,51485,1205050597524,1205050602159,10375711,10375711,3433,2870,2870,,,,576,2821,1159,1930,2444,696,,,,,,1[1],1[1],128[128],32[4],TILE,BFLOAT16,DEV_1_DRAM_INTERLEAVED,1[1],1[1],128[128],32[4],TILE,BFLOAT16,DEV_1_DRAM_INTERLEAVED,,,,,,,,,,,,,,,,,,,,,,,,,,,,,,,,,,,,,,,,,,,,,,,,,,,,,,,,,1[1],1[1],128[128],32[4],TILE,BFLOAT16,DEV_1_DRAM_INTERLEAVED,,,,,,,,,,,,,,,,,['ttnn/cpp/ttnn/operations/eltwise/binary_ng/device/kernels/compute/eltwise_binary_sfpu_scalar.cpp'],['eltwise_binary_sfpu_scalar/6302317103236044736/'],['ttnn/cpp/ttnn/operations/eltwise/binary_ng/device/kernels/dataflow/reader_interleaved_no_bcast.cpp'; 'ttnn/cpp/ttnn/operations/eltwise/binary_ng/device/kernels/dataflow/writer_interleaved_scalar.cpp'],['reader_interleaved_no_bcast/15501400787415134526/'; 'writer_interleaved_scalar/13747915134593411132/'],15691238620557725211,True,1228,1256,1532,1264,1296,0,0,0,0,1,1,1,[],[],0.035,,,,,
BinaryNgDeviceOperation,tt_dnn_device,60416,0,blackhole,{'binary_op_type': 'BinaryOpType::MUL'; 'compute_kernel_config': 'std::nullopt'; 'dtype': 'DataType::BFLOAT16'; 'input_dtype': 'DataType::BFLOAT16'; 'is_quant_op': 'false'; 'is_sfpu': 'true'; 'is_where_op': 'false'; 'lhs_activations': '{}'; 'memory_config': 'MemoryConfig(memory_layout=TensorMemoryLayout::INTERLEAVED;buffer_type=BufferType::DRAM;shard_spec=std::nullopt;nd_shard_spec=std::nullopt;created_with_nd_shard_spec=0)'; 'post_activations': '{}'; 'rhs_activations': '{}'; 'scalar': '1'; 'sub_core_grids': 'std::nullopt'; 'subtile_broadcast_type': 'SubtileBroadcastType::NONE'; 'worker_grid': '{[(x=0;y=0) - (x=10;y=9)]}'},HiFi4,110,110,,4158846425,4158907628,61203,1205052166353,1205052170911,1159217,1159217,3376,2817,2817,,,,558,2817,1099,1884,2419,703,,,,,,1[1],1[1],128[128],32[4],TILE,BFLOAT16,DEV_1_DRAM_INTERLEAVED,1[1],1[1],128[128],32[4],TILE,BFLOAT16,DEV_1_DRAM_INTERLEAVED,,,,,,,,,,,,,,,,,,,,,,,,,,,,,,,,,,,,,,,,,,,,,,,,,,,,,,,,,1[1],1[1],128[128],32[4],TILE,BFLOAT16,DEV_1_DRAM_INTERLEAVED,,,,,,,,,,,,,,,,,['ttnn/cpp/ttnn/operations/eltwise/binary_ng/device/kernels/compute/eltwise_binary_sfpu_scalar.cpp'],['eltwise_binary_sfpu_scalar/6302317103236044736/'],['ttnn/cpp/ttnn/operations/eltwise/binary_ng/device/kernels/dataflow/reader_interleaved_no_bcast.cpp'; 'ttnn/cpp/ttnn/operations/eltwise/binary_ng/device/kernels/dataflow/writer_interleaved_scalar.cpp'],['reader_interleaved_no_bcast/15501400787415134526/'; 'writer_interleaved_scalar/13747915134593411132/'],15691238620557725211,True,1228,1256,1532,1264,1296,0,0,0,0,1,1,1,[],[],0.035,,,,,
BinaryNgDeviceOperation,tt_dnn_device,61440,0,blackhole,{'binary_op_type': 'BinaryOpType::MUL'; 'compute_kernel_config': 'std::nullopt'; 'dtype': 'DataType::BFLOAT16'; 'input_dtype': 'DataType::BFLOAT16'; 'is_quant_op': 'false'; 'is_sfpu': 'true'; 'is_where_op': 'false'; 'lhs_activations': '{}'; 'memory_config': 'MemoryConfig(memory_layout=TensorMemoryLayout::INTERLEAVED;buffer_type=BufferType::DRAM;shard_spec=std::nullopt;nd_shard_spec=std::nullopt;created_with_nd_shard_spec=0)'; 'post_activations': '{}'; 'rhs_activations': '{}'; 'scalar': '1'; 'sub_core_grids': 'std::nullopt'; 'subtile_broadcast_type': 'SubtileBroadcastType::NONE'; 'worker_grid': '{[(x=0;y=0) - (x=10;y=9)]}'},HiFi4,110,110,,4169455292,4169515162,59870,1205066482364,1205066486908,10600511,10600511,3366,2816,2816,,,,559,2803,1099,1884,2414,704,,,,,,1[1],1[1],128[128],32[4],TILE,BFLOAT16,DEV_1_DRAM_INTERLEAVED,1[1],1[1],128[128],32[4],TILE,BFLOAT16,DEV_1_DRAM_INTERLEAVED,,,,,,,,,,,,,,,,,,,,,,,,,,,,,,,,,,,,,,,,,,,,,,,,,,,,,,,,,1[1],1[1],128[128],32[4],TILE,BFLOAT16,DEV_1_DRAM_INTERLEAVED,,,,,,,,,,,,,,,,,['ttnn/cpp/ttnn/operations/eltwise/binary_ng/device/kernels/compute/eltwise_binary_sfpu_scalar.cpp'],['eltwise_binary_sfpu_scalar/6302317103236044736/'],['ttnn/cpp/ttnn/operations/eltwise/binary_ng/device/kernels/dataflow/reader_interleaved_no_bcast.cpp'; 'ttnn/cpp/ttnn/operations/eltwise/binary_ng/device/kernels/dataflow/writer_interleaved_scalar.cpp'],['reader_interleaved_no_bcast/15501400787415134526/'; 'writer_interleaved_scalar/13747915134593411132/'],15691238620557725211,True,1228,1256,1532,1264,1296,0,0,0,0,1,1,1,[],[],0.036,,,,,
BinaryNgDeviceOperation,tt_dnn_device,62464,0,blackhole,{'binary_op_type': 'BinaryOpType::MUL'; 'compute_kernel_config': 'std::nullopt'; 'dtype': 'DataType::BFLOAT16'; 'input_dtype': 'DataType::BFLOAT16'; 'is_quant_op': 'false'; 'is_sfpu': 'true'; 'is_where_op': 'false'; 'lhs_activations': '{}'; 'memory_config': 'MemoryConfig(memory_layout=TensorMemoryLayout::INTERLEAVED;buffer_type=BufferType::DRAM;shard_spec=std::nullopt;nd_shard_spec=std::nullopt;created_with_nd_shard_spec=0)'; 'post_activations': '{}'; 'rhs_activations': '{}'; 'scalar': '1'; 'sub_core_grids': 'std::nullopt'; 'subtile_broadcast_type': 'SubtileBroadcastType::NONE'; 'worker_grid': '{[(x=0;y=0) - (x=10;y=9)]}'},HiFi4,110,110,,4170627811,4170679456,51645,1205068066113,1205068070667,1170510,1170510,3373,2813,2813,,,,562,2813,1093,1885,2410,696,,,,,,1[1],1[1],128[128],32[4],TILE,BFLOAT16,DEV_1_DRAM_INTERLEAVED,1[1],1[1],128[128],32[4],TILE,BFLOAT16,DEV_1_DRAM_INTERLEAVED,,,,,,,,,,,,,,,,,,,,,,,,,,,,,,,,,,,,,,,,,,,,,,,,,,,,,,,,,1[1],1[1],128[128],32[4],TILE,BFLOAT16,DEV_1_DRAM_INTERLEAVED,,,,,,,,,,,,,,,,,['ttnn/cpp/ttnn/operations/eltwise/binary_ng/device/kernels/compute/eltwise_binary_sfpu_scalar.cpp'],['eltwise_binary_sfpu_scalar/6302317103236044736/'],['ttnn/cpp/ttnn/operations/eltwise/binary_ng/device/kernels/dataflow/reader_interleaved_no_bcast.cpp'; 'ttnn/cpp/ttnn/operations/eltwise/binary_ng/device/kernels/dataflow/writer_interleaved_scalar.cpp'],['reader_interleaved_no_bcast/15501400787415134526/'; 'writer_interleaved_scalar/13747915134593411132/'],15691238620557725211,True,1228,1256,1532,1264,1296,0,0,0,0,1,1,1,[],[],0.036,,,,,
BinaryNgDeviceOperation,tt_dnn_device,63488,0,blackhole,{'binary_op_type': 'BinaryOpType::MUL'; 'compute_kernel_config': 'std::nullopt'; 'dtype': 'DataType::BFLOAT16'; 'input_dtype': 'DataType::BFLOAT16'; 'is_quant_op': 'false'; 'is_sfpu': 'true'; 'is_where_op': 'false'; 'lhs_activations': '{}'; 'memory_config': 'MemoryConfig(memory_layout=TensorMemoryLayout::INTERLEAVED;buffer_type=BufferType::DRAM;shard_spec=std::nullopt;nd_shard_spec=std::nullopt;created_with_nd_shard_spec=0)'; 'post_activations': '{}'; 'rhs_activations': '{}'; 'scalar': '1'; 'sub_core_grids': 'std::nullopt'; 'subtile_broadcast_type': 'SubtileBroadcastType::NONE'; 'worker_grid': '{[(x=0;y=0) - (x=10;y=9)]}'},HiFi4,110,110,,4181340500,4181401673,61173,1205082534856,1205082539418,10712950,10714780,3379,2821,2820,,,,558,2801,1095,1878,2412,699,,,,,,1[1],1[1],128[128],32[4],TILE,BFLOAT16,DEV_1_DRAM_INTERLEAVED,1[1],1[1],128[128],32[4],TILE,BFLOAT16,DEV_1_DRAM_INTERLEAVED,,,,,,,,,,,,,,,,,,,,,,,,,,,,,,,,,,,,,,,,,,,,,,,,,,,,,,,,,1[1],1[1],128[128],32[4],TILE,BFLOAT16,DEV_1_DRAM_INTERLEAVED,,,,,,,,,,,,,,,,,['ttnn/cpp/ttnn/operations/eltwise/binary_ng/device/kernels/compute/eltwise_binary_sfpu_scalar.cpp'],['eltwise_binary_sfpu_scalar/6302317103236044736/'],['ttnn/cpp/ttnn/operations/eltwise/binary_ng/device/kernels/dataflow/reader_interleaved_no_bcast.cpp'; 'ttnn/cpp/ttnn/operations/eltwise/binary_ng/device/kernels/dataflow/writer_interleaved_scalar.cpp'],['reader_interleaved_no_bcast/15501400787415134526/'; 'writer_interleaved_scalar/13747915134593411132/'],15691238620557725211,True,1228,1256,1532,1264,1296,0,0,0,0,1,1,1,[],[],0.035,,,,,
BinaryNgDeviceOperation,tt_dnn_device,64512,0,blackhole,{'binary_op_type': 'BinaryOpType::MUL'; 'compute_kernel_config': 'std::nullopt'; 'dtype': 'DataType::BFLOAT16'; 'input_dtype': 'DataType::BFLOAT16'; 'is_quant_op': 'false'; 'is_sfpu': 'true'; 'is_where_op': 'false'; 'lhs_activations': '{}'; 'memory_config': 'MemoryConfig(memory_layout=TensorMemoryLayout::INTERLEAVED;buffer_type=BufferType::DRAM;shard_spec=std::nullopt;nd_shard_spec=std::nullopt;created_with_nd_shard_spec=0)'; 'post_activations': '{}'; 'rhs_activations': '{}'; 'scalar': '1'; 'sub_core_grids': 'std::nullopt'; 'subtile_broadcast_type': 'SubtileBroadcastType::NONE'; 'worker_grid': '{[(x=0;y=0) - (x=10;y=9)]}'},HiFi4,110,110,,4182524119,4182577338,53219,1205084126686,1205084131249,1176212,1176414,3380,2822,2821,,,,551,2821,1079,1899,2419,708,,,,,,1[1],1[1],128[128],32[4],TILE,BFLOAT16,DEV_1_DRAM_INTERLEAVED,1[1],1[1],128[128],32[4],TILE,BFLOAT16,DEV_1_DRAM_INTERLEAVED,,,,,,,,,,,,,,,,,,,,,,,,,,,,,,,,,,,,,,,,,,,,,,,,,,,,,,,,,1[1],1[1],128[128],32[4],TILE,BFLOAT16,DEV_1_DRAM_INTERLEAVED,,,,,,,,,,,,,,,,,['ttnn/cpp/ttnn/operations/eltwise/binary_ng/device/kernels/compute/eltwise_binary_sfpu_scalar.cpp'],['eltwise_binary_sfpu_scalar/6302317103236044736/'],['ttnn/cpp/ttnn/operations/eltwise/binary_ng/device/kernels/dataflow/reader_interleaved_no_bcast.cpp'; 'ttnn/cpp/ttnn/operations/eltwise/binary_ng/device/kernels/dataflow/writer_interleaved_scalar.cpp'],['reader_interleaved_no_bcast/15501400787415134526/'; 'writer_interleaved_scalar/13747915134593411132/'],15691238620557725211,True,1228,1256,1532,1264,1296,0,0,0,0,1,1,1,[],[],0.035,,,,,
BinaryNgDeviceOperation,tt_dnn_device,65536,0,blackhole,{'binary_op_type': 'BinaryOpType::MUL'; 'compute_kernel_config': 'std::nullopt'; 'dtype': 'DataType::BFLOAT16'; 'input_dtype': 'DataType::BFLOAT16'; 'is_quant_op': 'false'; 'is_sfpu': 'true'; 'is_where_op': 'false'; 'lhs_activations': '{}'; 'memory_config': 'MemoryConfig(memory_layout=TensorMemoryLayout::INTERLEAVED;buffer_type=BufferType::DRAM;shard_spec=std::nullopt;nd_shard_spec=std::nullopt;created_with_nd_shard_spec=0)'; 'post_activations': '{}'; 'rhs_activations': '{}'; 'scalar': '1'; 'sub_core_grids': 'std::nullopt'; 'subtile_broadcast_type': 'SubtileBroadcastType::NONE'; 'worker_grid': '{[(x=0;y=0) - (x=10;y=9)]}'},HiFi4,110,110,,4192389370,4192451736,62366,1205097449988,1205097454566,9867712,9867712,3391,2833,2833,,,,563,2833,1107,1884,2419,697,,,,,,1[1],1[1],128[128],32[4],TILE,BFLOAT16,DEV_1_DRAM_INTERLEAVED,1[1],1[1],128[128],32[4],TILE,BFLOAT16,DEV_1_DRAM_INTERLEAVED,,,,,,,,,,,,,,,,,,,,,,,,,,,,,,,,,,,,,,,,,,,,,,,,,,,,,,,,,1[1],1[1],128[128],32[4],TILE,BFLOAT16,DEV_1_DRAM_INTERLEAVED,,,,,,,,,,,,,,,,,['ttnn/cpp/ttnn/operations/eltwise/binary_ng/device/kernels/compute/eltwise_binary_sfpu_scalar.cpp'],['eltwise_binary_sfpu_scalar/6302317103236044736/'],['ttnn/cpp/ttnn/operations/eltwise/binary_ng/device/kernels/dataflow/reader_interleaved_no_bcast.cpp'; 'ttnn/cpp/ttnn/operations/eltwise/binary_ng/device/kernels/dataflow/writer_interleaved_scalar.cpp'],['reader_interleaved_no_bcast/15501400787415134526/'; 'writer_interleaved_scalar/13747915134593411132/'],15691238620557725211,True,1228,1256,1532,1264,1296,0,0,0,0,1,1,1,[],[],0.035,,,,,
BinaryNgDeviceOperation,tt_dnn_device,66560,0,blackhole,{'binary_op_type': 'BinaryOpType::MUL'; 'compute_kernel_config': 'std::nullopt'; 'dtype': 'DataType::BFLOAT16'; 'input_dtype': 'DataType::BFLOAT16'; 'is_quant_op': 'false'; 'is_sfpu': 'true'; 'is_where_op': 'false'; 'lhs_activations': '{}'; 'memory_config': 'MemoryConfig(memory_layout=TensorMemoryLayout::INTERLEAVED;buffer_type=BufferType::DRAM;shard_spec=std::nullopt;nd_shard_spec=std::nullopt;created_with_nd_shard_spec=0)'; 'post_activations': '{}'; 'rhs_activations': '{}'; 'scalar': '1'; 'sub_core_grids': 'std::nullopt'; 'subtile_broadcast_type': 'SubtileBroadcastType::NONE'; 'worker_grid': '{[(x=0;y=0) - (x=10;y=9)]}'},HiFi4,110,110,,4193562721,4193618995,56274,1205099034754,1205099039296,1171244,1171019,3364,2839,2834,,,,559,2832,1084,1890,2427,699,,,,,,1[1],1[1],128[128],32[4],TILE,BFLOAT16,DEV_1_DRAM_INTERLEAVED,1[1],1[1],128[128],32[4],TILE,BFLOAT16,DEV_1_DRAM_INTERLEAVED,,,,,,,,,,,,,,,,,,,,,,,,,,,,,,,,,,,,,,,,,,,,,,,,,,,,,,,,,1[1],1[1],128[128],32[4],TILE,BFLOAT16,DEV_1_DRAM_INTERLEAVED,,,,,,,,,,,,,,,,,['ttnn/cpp/ttnn/operations/eltwise/binary_ng/device/kernels/compute/eltwise_binary_sfpu_scalar.cpp'],['eltwise_binary_sfpu_scalar/6302317103236044736/'],['ttnn/cpp/ttnn/operations/eltwise/binary_ng/device/kernels/dataflow/reader_interleaved_no_bcast.cpp'; 'ttnn/cpp/ttnn/operations/eltwise/binary_ng/device/kernels/dataflow/writer_interleaved_scalar.cpp'],['reader_interleaved_no_bcast/15501400787415134526/'; 'writer_interleaved_scalar/13747915134593411132/'],15691238620557725211,True,1228,1256,1532,1264,1296,0,0,0,0,1,1,1,[],[],0.035,,,,,
BinaryNgDeviceOperation,tt_dnn_device,67584,0,blackhole,{'binary_op_type': 'BinaryOpType::MUL'; 'compute_kernel_config': 'std::nullopt'; 'dtype': 'DataType::BFLOAT16'; 'input_dtype': 'DataType::BFLOAT16'; 'is_quant_op': 'false'; 'is_sfpu': 'true'; 'is_where_op': 'false'; 'lhs_activations': '{}'; 'memory_config': 'MemoryConfig(memory_layout=TensorMemoryLayout::INTERLEAVED;buffer_type=BufferType::DRAM;shard_spec=std::nullopt;nd_shard_spec=std::nullopt;created_with_nd_shard_spec=0)'; 'post_activations': '{}'; 'rhs_activations': '{}'; 'scalar': '1'; 'sub_core_grids': 'std::nullopt'; 'subtile_broadcast_type': 'SubtileBroadcastType::NONE'; 'worker_grid': '{[(x=0;y=0) - (x=10;y=9)]}'},HiFi4,110,110,,4203907689,4203960437,52748,1205112995960,1205113000515,10339770,10338821,3374,2821,2820,,,,550,2820,1098,1887,2415,695,,,,,,1[1],1[1],128[128],32[4],TILE,BFLOAT16,DEV_1_DRAM_INTERLEAVED,1[1],1[1],128[128],32[4],TILE,BFLOAT16,DEV_1_DRAM_INTERLEAVED,,,,,,,,,,,,,,,,,,,,,,,,,,,,,,,,,,,,,,,,,,,,,,,,,,,,,,,,,1[1],1[1],128[128],32[4],TILE,BFLOAT16,DEV_1_DRAM_INTERLEAVED,,,,,,,,,,,,,,,,,['ttnn/cpp/ttnn/operations/eltwise/binary_ng/device/kernels/compute/eltwise_binary_sfpu_scalar.cpp'],['eltwise_binary_sfpu_scalar/6302317103236044736/'],['ttnn/cpp/ttnn/operations/eltwise/binary_ng/device/kernels/dataflow/reader_interleaved_no_bcast.cpp'; 'ttnn/cpp/ttnn/operations/eltwise/binary_ng/device/kernels/dataflow/writer_interleaved_scalar.cpp'],['reader_interleaved_no_bcast/15501400787415134526/'; 'writer_interleaved_scalar/13747915134593411132/'],15691238620557725211,True,1228,1256,1532,1264,1296,0,0,0,0,1,1,1,[],[],0.035,,,,,
BinaryNgDeviceOperation,tt_dnn_device,68608,0,blackhole,{'binary_op_type': 'BinaryOpType::MUL'; 'compute_kernel_config': 'std::nullopt'; 'dtype': 'DataType::BFLOAT16'; 'input_dtype': 'DataType::BFLOAT16'; 'is_quant_op': 'false'; 'is_sfpu': 'true'; 'is_where_op': 'false'; 'lhs_activations': '{}'; 'memory_config': 'MemoryConfig(memory_layout=TensorMemoryLayout::INTERLEAVED;buffer_type=BufferType::DRAM;shard_spec=std::nullopt;nd_shard_spec=std::nullopt;created_with_nd_shard_spec=0)'; 'post_activations': '{}'; 'rhs_activations': '{}'; 'scalar': '1'; 'sub_core_grids': 'std::nullopt'; 'subtile_broadcast_type': 'SubtileBroadcastType::NONE'; 'worker_grid': '{[(x=0;y=0) - (x=10;y=9)]}'},HiFi4,110,110,,4205054581,4205110755,56174,1205114545129,1205114549716,1144642,1144837,3398,2848,2847,,,,558,2834,1094,1898,2421,706,,,,,,1[1],1[1],128[128],32[4],TILE,BFLOAT16,DEV_1_DRAM_INTERLEAVED,1[1],1[1],128[128],32[4],TILE,BFLOAT16,DEV_1_DRAM_INTERLEAVED,,,,,,,,,,,,,,,,,,,,,,,,,,,,,,,,,,,,,,,,,,,,,,,,,,,,,,,,,1[1],1[1],128[128],32[4],TILE,BFLOAT16,DEV_1_DRAM_INTERLEAVED,,,,,,,,,,,,,,,,,['ttnn/cpp/ttnn/operations/eltwise/binary_ng/device/kernels/compute/eltwise_binary_sfpu_scalar.cpp'],['eltwise_binary_sfpu_scalar/6302317103236044736/'],['ttnn/cpp/ttnn/operations/eltwise/binary_ng/device/kernels/dataflow/reader_interleaved_no_bcast.cpp'; 'ttnn/cpp/ttnn/operations/eltwise/binary_ng/device/kernels/dataflow/writer_interleaved_scalar.cpp'],['reader_interleaved_no_bcast/15501400787415134526/'; 'writer_interleaved_scalar/13747915134593411132/'],15691238620557725211,True,1228,1256,1532,1264,1296,0,0,0,0,1,1,1,[],[],0.035,,,,,
BinaryNgDeviceOperation,tt_dnn_device,69632,0,blackhole,{'binary_op_type': 'BinaryOpType::MUL'; 'compute_kernel_config': 'std::nullopt'; 'dtype': 'DataType::BFLOAT16'; 'input_dtype': 'DataType::BFLOAT16'; 'is_quant_op': 'false'; 'is_sfpu': 'true'; 'is_where_op': 'false'; 'lhs_activations': '{}'; 'memory_config': 'MemoryConfig(memory_layout=TensorMemoryLayout::INTERLEAVED;buffer_type=BufferType::DRAM;shard_spec=std::nullopt;nd_shard_spec=std::nullopt;created_with_nd_shard_spec=0)'; 'post_activations': '{}'; 'rhs_activations': '{}'; 'scalar': '1'; 'sub_core_grids': 'std::nullopt'; 'subtile_broadcast_type': 'SubtileBroadcastType::NONE'; 'worker_grid': '{[(x=0;y=0) - (x=10;y=9)]}'},HiFi4,110,110,,4215384652,4215430176,45524,1205128484111,1205128488773,10322473,10322214,3453,2883,2877,,,,607,2842,1148,1927,2465,709,,,,,,1[1],1[1],128[128],32[4],TILE,BFLOAT16,DEV_1_DRAM_INTERLEAVED,1[1],1[1],128[128],32[4],TILE,BFLOAT16,DEV_1_DRAM_INTERLEAVED,,,,,,,,,,,,,,,,,,,,,,,,,,,,,,,,,,,,,,,,,,,,,,,,,,,,,,,,,1[1],1[1],128[128],32[4],TILE,BFLOAT16,DEV_1_DRAM_INTERLEAVED,,,,,,,,,,,,,,,,,['ttnn/cpp/ttnn/operations/eltwise/binary_ng/device/kernels/compute/eltwise_binary_sfpu_scalar.cpp'],['eltwise_binary_sfpu_scalar/6302317103236044736/'],['ttnn/cpp/ttnn/operations/eltwise/binary_ng/device/kernels/dataflow/reader_interleaved_no_bcast.cpp'; 'ttnn/cpp/ttnn/operations/eltwise/binary_ng/device/kernels/dataflow/writer_interleaved_scalar.cpp'],['reader_interleaved_no_bcast/15501400787415134526/'; 'writer_interleaved_scalar/13747915134593411132/'],15691238620557725211,True,1228,1256,1532,1264,1296,0,0,0,0,1,1,1,[],[],0.035,,,,,
BinaryNgDeviceOperation,tt_dnn_device,70656,0,blackhole,{'binary_op_type': 'BinaryOpType::MUL'; 'compute_kernel_config': 'std::nullopt'; 'dtype': 'DataType::BFLOAT16'; 'input_dtype': 'DataType::BFLOAT16'; 'is_quant_op': 'false'; 'is_sfpu': 'true'; 'is_where_op': 'false'; 'lhs_activations': '{}'; 'memory_config': 'MemoryConfig(memory_layout=TensorMemoryLayout::INTERLEAVED;buffer_type=BufferType::DRAM;shard_spec=std::nullopt;nd_shard_spec=std::nullopt;created_with_nd_shard_spec=0)'; 'post_activations': '{}'; 'rhs_activations': '{}'; 'scalar': '1'; 'sub_core_grids': 'std::nullopt'; 'subtile_broadcast_type': 'SubtileBroadcastType::NONE'; 'worker_grid': '{[(x=0;y=0) - (x=10;y=9)]}'},HiFi4,110,110,,4216525623,4216578380,52757,1205130029943,1205130034480,1142127,1142324,3361,2814,2813,,,,551,2804,1107,1879,2418,704,,,,,,1[1],1[1],128[128],32[4],TILE,BFLOAT16,DEV_1_DRAM_INTERLEAVED,1[1],1[1],128[128],32[4],TILE,BFLOAT16,DEV_1_DRAM_INTERLEAVED,,,,,,,,,,,,,,,,,,,,,,,,,,,,,,,,,,,,,,,,,,,,,,,,,,,,,,,,,1[1],1[1],128[128],32[4],TILE,BFLOAT16,DEV_1_DRAM_INTERLEAVED,,,,,,,,,,,,,,,,,['ttnn/cpp/ttnn/operations/eltwise/binary_ng/device/kernels/compute/eltwise_binary_sfpu_scalar.cpp'],['eltwise_binary_sfpu_scalar/6302317103236044736/'],['ttnn/cpp/ttnn/operations/eltwise/binary_ng/device/kernels/dataflow/reader_interleaved_no_bcast.cpp'; 'ttnn/cpp/ttnn/operations/eltwise/binary_ng/device/kernels/dataflow/writer_interleaved_scalar.cpp'],['reader_interleaved_no_bcast/15501400787415134526/'; 'writer_interleaved_scalar/13747915134593411132/'],15691238620557725211,True,1228,1256,1532,1264,1296,0,0,0,0,1,1,1,[],[],0.036,,,,,
BinaryNgDeviceOperation,tt_dnn_device,71680,0,blackhole,{'binary_op_type': 'BinaryOpType::MUL'; 'compute_kernel_config': 'std::nullopt'; 'dtype': 'DataType::BFLOAT16'; 'input_dtype': 'DataType::BFLOAT16'; 'is_quant_op': 'false'; 'is_sfpu': 'true'; 'is_where_op': 'false'; 'lhs_activations': '{}'; 'memory_config': 'MemoryConfig(memory_layout=TensorMemoryLayout::INTERLEAVED;buffer_type=BufferType::DRAM;shard_spec=std::nullopt;nd_shard_spec=std::nullopt;created_with_nd_shard_spec=0)'; 'post_activations': '{}'; 'rhs_activations': '{}'; 'scalar': '1'; 'sub_core_grids': 'std::nullopt'; 'subtile_broadcast_type': 'SubtileBroadcastType::NONE'; 'worker_grid': '{[(x=0;y=0) - (x=10;y=9)]}'},HiFi4,110,110,,4227288655,4227342294,53639,1205144554148,1205144558690,10754725,10754725,3364,2816,2816,,,,561,2816,1091,1891,2422,699,,,,,,1[1],1[1],128[128],32[4],TILE,BFLOAT16,DEV_1_DRAM_INTERLEAVED,1[1],1[1],128[128],32[4],TILE,BFLOAT16,DEV_1_DRAM_INTERLEAVED,,,,,,,,,,,,,,,,,,,,,,,,,,,,,,,,,,,,,,,,,,,,,,,,,,,,,,,,,1[1],1[1],128[128],32[4],TILE,BFLOAT16,DEV_1_DRAM_INTERLEAVED,,,,,,,,,,,,,,,,,['ttnn/cpp/ttnn/operations/eltwise/binary_ng/device/kernels/compute/eltwise_binary_sfpu_scalar.cpp'],['eltwise_binary_sfpu_scalar/6302317103236044736/'],['ttnn/cpp/ttnn/operations/eltwise/binary_ng/device/kernels/dataflow/reader_interleaved_no_bcast.cpp'; 'ttnn/cpp/ttnn/operations/eltwise/binary_ng/device/kernels/dataflow/writer_interleaved_scalar.cpp'],['reader_interleaved_no_bcast/15501400787415134526/'; 'writer_interleaved_scalar/13747915134593411132/'],15691238620557725211,True,1228,1256,1532,1264,1296,0,0,0,0,1,1,1,[],[],0.036,,,,,
BinaryNgDeviceOperation,tt_dnn_device,72704,0,blackhole,{'binary_op_type': 'BinaryOpType::MUL'; 'compute_kernel_config': 'std::nullopt'; 'dtype': 'DataType::BFLOAT16'; 'input_dtype': 'DataType::BFLOAT16'; 'is_quant_op': 'false'; 'is_sfpu': 'true'; 'is_where_op': 'false'; 'lhs_activations': '{}'; 'memory_config': 'MemoryConfig(memory_layout=TensorMemoryLayout::INTERLEAVED;buffer_type=BufferType::DRAM;shard_spec=std::nullopt;nd_shard_spec=std::nullopt;created_with_nd_shard_spec=0)'; 'post_activations': '{}'; 'rhs_activations': '{}'; 'scalar': '1'; 'sub_core_grids': 'std::nullopt'; 'subtile_broadcast_type': 'SubtileBroadcastType::NONE'; 'worker_grid': '{[(x=0;y=0) - (x=10;y=9)]}'},HiFi4,110,110,,4228416070,4228467986,51916,1205146077109,1205146081670,1125501,1125501,3379,2816,2816,,,,559,2816,1113,1867,2413,701,,,,,,1[1],1[1],128[128],32[4],TILE,BFLOAT16,DEV_1_DRAM_INTERLEAVED,1[1],1[1],128[128],32[4],TILE,BFLOAT16,DEV_1_DRAM_INTERLEAVED,,,,,,,,,,,,,,,,,,,,,,,,,,,,,,,,,,,,,,,,,,,,,,,,,,,,,,,,,1[1],1[1],128[128],32[4],TILE,BFLOAT16,DEV_1_DRAM_INTERLEAVED,,,,,,,,,,,,,,,,,['ttnn/cpp/ttnn/operations/eltwise/binary_ng/device/kernels/compute/eltwise_binary_sfpu_scalar.cpp'],['eltwise_binary_sfpu_scalar/6302317103236044736/'],['ttnn/cpp/ttnn/operations/eltwise/binary_ng/device/kernels/dataflow/reader_interleaved_no_bcast.cpp'; 'ttnn/cpp/ttnn/operations/eltwise/binary_ng/device/kernels/dataflow/writer_interleaved_scalar.cpp'],['reader_interleaved_no_bcast/15501400787415134526/'; 'writer_interleaved_scalar/13747915134593411132/'],15691238620557725211,True,1228,1256,1532,1264,1296,0,0,0,0,1,1,1,[],[],0.036,,,,,
BinaryNgDeviceOperation,tt_dnn_device,73728,0,blackhole,{'binary_op_type': 'BinaryOpType::MUL'; 'compute_kernel_config': 'std::nullopt'; 'dtype': 'DataType::BFLOAT16'; 'input_dtype': 'DataType::BFLOAT16'; 'is_quant_op': 'false'; 'is_sfpu': 'true'; 'is_where_op': 'false'; 'lhs_activations': '{}'; 'memory_config': 'MemoryConfig(memory_layout=TensorMemoryLayout::INTERLEAVED;buffer_type=BufferType::DRAM;shard_spec=std::nullopt;nd_shard_spec=std::nullopt;created_with_nd_shard_spec=0)'; 'post_activations': '{}'; 'rhs_activations': '{}'; 'scalar': '1'; 'sub_core_grids': 'std::nullopt'; 'subtile_broadcast_type': 'SubtileBroadcastType::NONE'; 'worker_grid': '{[(x=0;y=0) - (x=10;y=9)]}'},HiFi4,110,110,,4238801113,4238849823,48710,1205160091031,1205160095569,10376212,10376212,3361,2824,2824,,,,568,2824,1104,1883,2415,704,,,,,,1[1],1[1],128[128],32[4],TILE,BFLOAT16,DEV_1_DRAM_INTERLEAVED,1[1],1[1],128[128],32[4],TILE,BFLOAT16,DEV_1_DRAM_INTERLEAVED,,,,,,,,,,,,,,,,,,,,,,,,,,,,,,,,,,,,,,,,,,,,,,,,,,,,,,,,,1[1],1[1],128[128],32[4],TILE,BFLOAT16,DEV_1_DRAM_INTERLEAVED,,,,,,,,,,,,,,,,,['ttnn/cpp/ttnn/operations/eltwise/binary_ng/device/kernels/compute/eltwise_binary_sfpu_scalar.cpp'],['eltwise_binary_sfpu_scalar/6302317103236044736/'],['ttnn/cpp/ttnn/operations/eltwise/binary_ng/device/kernels/dataflow/reader_interleaved_no_bcast.cpp'; 'ttnn/cpp/ttnn/operations/eltwise/binary_ng/device/kernels/dataflow/writer_interleaved_scalar.cpp'],['reader_interleaved_no_bcast/15501400787415134526/'; 'writer_interleaved_scalar/13747915134593411132/'],15691238620557725211,True,1228,1256,1532,1264,1296,0,0,0,0,1,1,1,[],[],0.035,,,,,
BinaryNgDeviceOperation,tt_dnn_device,74752,0,blackhole,{'binary_op_type': 'BinaryOpType::MUL'; 'compute_kernel_config': 'std::nullopt'; 'dtype': 'DataType::BFLOAT16'; 'input_dtype': 'DataType::BFLOAT16'; 'is_quant_op': 'false'; 'is_sfpu': 'true'; 'is_where_op': 'false'; 'lhs_activations': '{}'; 'memory_config': 'MemoryConfig(memory_layout=TensorMemoryLayout::INTERLEAVED;buffer_type=BufferType::DRAM;shard_spec=std::nullopt;nd_shard_spec=std::nullopt;created_with_nd_shard_spec=0)'; 'post_activations': '{}'; 'rhs_activations': '{}'; 'scalar': '1'; 'sub_core_grids': 'std::nullopt'; 'subtile_broadcast_type': 'SubtileBroadcastType::NONE'; 'worker_grid': '{[(x=0;y=0) - (x=10;y=9)]}'},HiFi4,110,110,,4239937315,4239987498,50183,1205161624854,1205161629434,1133406,1133200,3393,2829,2827,,,,560,2827,1099,1898,2424,703,,,,,,1[1],1[1],128[128],32[4],TILE,BFLOAT16,DEV_1_DRAM_INTERLEAVED,1[1],1[1],128[128],32[4],TILE,BFLOAT16,DEV_1_DRAM_INTERLEAVED,,,,,,,,,,,,,,,,,,,,,,,,,,,,,,,,,,,,,,,,,,,,,,,,,,,,,,,,,1[1],1[1],128[128],32[4],TILE,BFLOAT16,DEV_1_DRAM_INTERLEAVED,,,,,,,,,,,,,,,,,['ttnn/cpp/ttnn/operations/eltwise/binary_ng/device/kernels/compute/eltwise_binary_sfpu_scalar.cpp'],['eltwise_binary_sfpu_scalar/6302317103236044736/'],['ttnn/cpp/ttnn/operations/eltwise/binary_ng/device/kernels/dataflow/reader_interleaved_no_bcast.cpp'; 'ttnn/cpp/ttnn/operations/eltwise/binary_ng/device/kernels/dataflow/writer_interleaved_scalar.cpp'],['reader_interleaved_no_bcast/15501400787415134526/'; 'writer_interleaved_scalar/13747915134593411132/'],15691238620557725211,True,1228,1256,1532,1264,1296,0,0,0,0,1,1,1,[],[],0.035,,,,,
BinaryNgDeviceOperation,tt_dnn_device,75776,0,blackhole,{'binary_op_type': 'BinaryOpType::MUL'; 'compute_kernel_config': 'std::nullopt'; 'dtype': 'DataType::BFLOAT16'; 'input_dtype': 'DataType::BFLOAT16'; 'is_quant_op': 'false'; 'is_sfpu': 'true'; 'is_where_op': 'false'; 'lhs_activations': '{}'; 'memory_config': 'MemoryConfig(memory_layout=TensorMemoryLayout::INTERLEAVED;buffer_type=BufferType::DRAM;shard_spec=std::nullopt;nd_shard_spec=std::nullopt;created_with_nd_shard_spec=0)'; 'post_activations': '{}'; 'rhs_activations': '{}'; 'scalar': '1'; 'sub_core_grids': 'std::nullopt'; 'subtile_broadcast_type': 'SubtileBroadcastType::NONE'; 'worker_grid': '{[(x=0;y=0) - (x=10;y=9)]}'},HiFi4,110,110,,4250239013,4250285138,46125,1205175534759,1205175539312,10301054,10300110,3373,2826,2825,,,,558,2804,1090,1879,2417,704,,,,,,1[1],1[1],128[128],32[4],TILE,BFLOAT16,DEV_1_DRAM_INTERLEAVED,1[1],1[1],128[128],32[4],TILE,BFLOAT16,DEV_1_DRAM_INTERLEAVED,,,,,,,,,,,,,,,,,,,,,,,,,,,,,,,,,,,,,,,,,,,,,,,,,,,,,,,,,1[1],1[1],128[128],32[4],TILE,BFLOAT16,DEV_1_DRAM_INTERLEAVED,,,,,,,,,,,,,,,,,['ttnn/cpp/ttnn/operations/eltwise/binary_ng/device/kernels/compute/eltwise_binary_sfpu_scalar.cpp'],['eltwise_binary_sfpu_scalar/6302317103236044736/'],['ttnn/cpp/ttnn/operations/eltwise/binary_ng/device/kernels/dataflow/reader_interleaved_no_bcast.cpp'; 'ttnn/cpp/ttnn/operations/eltwise/binary_ng/device/kernels/dataflow/writer_interleaved_scalar.cpp'],['reader_interleaved_no_bcast/15501400787415134526/'; 'writer_interleaved_scalar/13747915134593411132/'],15691238620557725211,True,1228,1256,1532,1264,1296,0,0,0,0,1,1,1,[],[],0.035,,,,,
BinaryNgDeviceOperation,tt_dnn_device,76800,0,blackhole,{'binary_op_type': 'BinaryOpType::MUL'; 'compute_kernel_config': 'std::nullopt'; 'dtype': 'DataType::BFLOAT16'; 'input_dtype': 'DataType::BFLOAT16'; 'is_quant_op': 'false'; 'is_sfpu': 'true'; 'is_where_op': 'false'; 'lhs_activations': '{}'; 'memory_config': 'MemoryConfig(memory_layout=TensorMemoryLayout::INTERLEAVED;buffer_type=BufferType::DRAM;shard_spec=std::nullopt;nd_shard_spec=std::nullopt;created_with_nd_shard_spec=0)'; 'post_activations': '{}'; 'rhs_activations': '{}'; 'scalar': '1'; 'sub_core_grids': 'std::nullopt'; 'subtile_broadcast_type': 'SubtileBroadcastType::NONE'; 'worker_grid': '{[(x=0;y=0) - (x=10;y=9)]}'},HiFi4,110,110,,4251382899,4251434164,51265,1205177077379,1205177081945,1140075,1139866,3382,2819,2817,,,,558,2799,1101,1876,2415,710,,,,,,1[1],1[1],128[128],32[4],TILE,BFLOAT16,DEV_1_DRAM_INTERLEAVED,1[1],1[1],128[128],32[4],TILE,BFLOAT16,DEV_1_DRAM_INTERLEAVED,,,,,,,,,,,,,,,,,,,,,,,,,,,,,,,,,,,,,,,,,,,,,,,,,,,,,,,,,1[1],1[1],128[128],32[4],TILE,BFLOAT16,DEV_1_DRAM_INTERLEAVED,,,,,,,,,,,,,,,,,['ttnn/cpp/ttnn/operations/eltwise/binary_ng/device/kernels/compute/eltwise_binary_sfpu_scalar.cpp'],['eltwise_binary_sfpu_scalar/6302317103236044736/'],['ttnn/cpp/ttnn/operations/eltwise/binary_ng/device/kernels/dataflow/reader_interleaved_no_bcast.cpp'; 'ttnn/cpp/ttnn/operations/eltwise/binary_ng/device/kernels/dataflow/writer_interleaved_scalar.cpp'],['reader_interleaved_no_bcast/15501400787415134526/'; 'writer_interleaved_scalar/13747915134593411132/'],15691238620557725211,True,1228,1256,1532,1264,1296,0,0,0,0,1,1,1,[],[],0.035,,,,,
BinaryNgDeviceOperation,tt_dnn_device,77824,0,blackhole,{'binary_op_type': 'BinaryOpType::MUL'; 'compute_kernel_config': 'std::nullopt'; 'dtype': 'DataType::BFLOAT16'; 'input_dtype': 'DataType::BFLOAT16'; 'is_quant_op': 'false'; 'is_sfpu': 'true'; 'is_where_op': 'false'; 'lhs_activations': '{}'; 'memory_config': 'MemoryConfig(memory_layout=TensorMemoryLayout::INTERLEAVED;buffer_type=BufferType::DRAM;shard_spec=std::nullopt;nd_shard_spec=std::nullopt;created_with_nd_shard_spec=0)'; 'post_activations': '{}'; 'rhs_activations': '{}'; 'scalar': '1'; 'sub_core_grids': 'std::nullopt'; 'subtile_broadcast_type': 'SubtileBroadcastType::NONE'; 'worker_grid': '{[(x=0;y=0) - (x=10;y=9)]}'},HiFi4,110,110,,4261813737,4261864210,50473,1205191167663,1205191172234,10434558,10434558,3386,2823,2823,,,,566,2821,1101,1873,2416,710,,,,,,1[1],1[1],128[128],32[4],TILE,BFLOAT16,DEV_1_DRAM_INTERLEAVED,1[1],1[1],128[128],32[4],TILE,BFLOAT16,DEV_1_DRAM_INTERLEAVED,,,,,,,,,,,,,,,,,,,,,,,,,,,,,,,,,,,,,,,,,,,,,,,,,,,,,,,,,1[1],1[1],128[128],32[4],TILE,BFLOAT16,DEV_1_DRAM_INTERLEAVED,,,,,,,,,,,,,,,,,['ttnn/cpp/ttnn/operations/eltwise/binary_ng/device/kernels/compute/eltwise_binary_sfpu_scalar.cpp'],['eltwise_binary_sfpu_scalar/6302317103236044736/'],['ttnn/cpp/ttnn/operations/eltwise/binary_ng/device/kernels/dataflow/reader_interleaved_no_bcast.cpp'; 'ttnn/cpp/ttnn/operations/eltwise/binary_ng/device/kernels/dataflow/writer_interleaved_scalar.cpp'],['reader_interleaved_no_bcast/15501400787415134526/'; 'writer_interleaved_scalar/13747915134593411132/'],15691238620557725211,True,1228,1256,1532,1264,1296,0,0,0,0,1,1,1,[],[],0.035,,,,,
BinaryNgDeviceOperation,tt_dnn_device,78848,0,blackhole,{'binary_op_type': 'BinaryOpType::MUL'; 'compute_kernel_config': 'std::nullopt'; 'dtype': 'DataType::BFLOAT16'; 'input_dtype': 'DataType::BFLOAT16'; 'is_quant_op': 'false'; 'is_sfpu': 'true'; 'is_where_op': 'false'; 'lhs_activations': '{}'; 'memory_config': 'MemoryConfig(memory_layout=TensorMemoryLayout::INTERLEAVED;buffer_type=BufferType::DRAM;shard_spec=std::nullopt;nd_shard_spec=std::nullopt;created_with_nd_shard_spec=0)'; 'post_activations': '{}'; 'rhs_activations': '{}'; 'scalar': '1'; 'sub_core_grids': 'std::nullopt'; 'subtile_broadcast_type': 'SubtileBroadcastType::NONE'; 'worker_grid': '{[(x=0;y=0) - (x=10;y=9)]}'},HiFi4,110,110,,4262984472,4263035276,50804,1205192746741,1205192751309,1166994,1166665,3384,2850,2844,,,,556,2825,1094,1896,2426,703,,,,,,1[1],1[1],128[128],32[4],TILE,BFLOAT16,DEV_1_DRAM_INTERLEAVED,1[1],1[1],128[128],32[4],TILE,BFLOAT16,DEV_1_DRAM_INTERLEAVED,,,,,,,,,,,,,,,,,,,,,,,,,,,,,,,,,,,,,,,,,,,,,,,,,,,,,,,,,1[1],1[1],128[128],32[4],TILE,BFLOAT16,DEV_1_DRAM_INTERLEAVED,,,,,,,,,,,,,,,,,['ttnn/cpp/ttnn/operations/eltwise/binary_ng/device/kernels/compute/eltwise_binary_sfpu_scalar.cpp'],['eltwise_binary_sfpu_scalar/6302317103236044736/'],['ttnn/cpp/ttnn/operations/eltwise/binary_ng/device/kernels/dataflow/reader_interleaved_no_bcast.cpp'; 'ttnn/cpp/ttnn/operations/eltwise/binary_ng/device/kernels/dataflow/writer_interleaved_scalar.cpp'],['reader_interleaved_no_bcast/15501400787415134526/'; 'writer_interleaved_scalar/13747915134593411132/'],15691238620557725211,True,1228,1256,1532,1264,1296,0,0,0,0,1,1,1,[],[],0.035,,,,,
BinaryNgDeviceOperation,tt_dnn_device,79872,0,blackhole,{'binary_op_type': 'BinaryOpType::MUL'; 'compute_kernel_config': 'std::nullopt'; 'dtype': 'DataType::BFLOAT16'; 'input_dtype': 'DataType::BFLOAT16'; 'is_quant_op': 'false'; 'is_sfpu': 'true'; 'is_where_op': 'false'; 'lhs_activations': '{}'; 'memory_config': 'MemoryConfig(memory_layout=TensorMemoryLayout::INTERLEAVED;buffer_type=BufferType::DRAM;shard_spec=std::nullopt;nd_shard_spec=std::nullopt;created_with_nd_shard_spec=0)'; 'post_activations': '{}'; 'rhs_activations': '{}'; 'scalar': '1'; 'sub_core_grids': 'std::nullopt'; 'subtile_broadcast_type': 'SubtileBroadcastType::NONE'; 'worker_grid': '{[(x=0;y=0) - (x=10;y=9)]}'},HiFi4,110,110,,4273262828,4273312289,49461,1205206616770,1205206621409,10272212,10272212,3436,2861,2861,,,,587,2831,1128,1938,2467,690,,,,,,1[1],1[1],128[128],32[4],TILE,BFLOAT16,DEV_1_DRAM_INTERLEAVED,1[1],1[1],128[128],32[4],TILE,BFLOAT16,DEV_1_DRAM_INTERLEAVED,,,,,,,,,,,,,,,,,,,,,,,,,,,,,,,,,,,,,,,,,,,,,,,,,,,,,,,,,1[1],1[1],128[128],32[4],TILE,BFLOAT16,DEV_1_DRAM_INTERLEAVED,,,,,,,,,,,,,,,,,['ttnn/cpp/ttnn/operations/eltwise/binary_ng/device/kernels/compute/eltwise_binary_sfpu_scalar.cpp'],['eltwise_binary_sfpu_scalar/6302317103236044736/'],['ttnn/cpp/ttnn/operations/eltwise/binary_ng/device/kernels/dataflow/reader_interleaved_no_bcast.cpp'; 'ttnn/cpp/ttnn/operations/eltwise/binary_ng/device/kernels/dataflow/writer_interleaved_scalar.cpp'],['reader_interleaved_no_bcast/15501400787415134526/'; 'writer_interleaved_scalar/13747915134593411132/'],15691238620557725211,True,1228,1256,1532,1264,1296,0,0,0,0,1,1,1,[],[],0.035,,,,,
BinaryNgDeviceOperation,tt_dnn_device,80896,0,blackhole,{'binary_op_type': 'BinaryOpType::MUL'; 'compute_kernel_config': 'std::nullopt'; 'dtype': 'DataType::BFLOAT16'; 'input_dtype': 'DataType::BFLOAT16'; 'is_quant_op': 'false'; 'is_sfpu': 'true'; 'is_where_op': 'false'; 'lhs_activations': '{}'; 'memory_config': 'MemoryConfig(memory_layout=TensorMemoryLayout::INTERLEAVED;buffer_type=BufferType::DRAM;shard_spec=std::nullopt;nd_shard_spec=std::nullopt;created_with_nd_shard_spec=0)'; 'post_activations': '{}'; 'rhs_activations': '{}'; 'scalar': '1'; 'sub_core_grids': 'std::nullopt'; 'subtile_broadcast_type': 'SubtileBroadcastType::NONE'; 'worker_grid': '{[(x=0;y=0) - (x=10;y=9)]}'},HiFi4,110,110,,4274411122,4274465362,54240,1205208173217,1205208177798,1149956,1149852,3393,2842,2841,,,,558,2840,1099,1888,2419,699,,,,,,1[1],1[1],128[128],32[4],TILE,BFLOAT16,DEV_1_DRAM_INTERLEAVED,1[1],1[1],128[128],32[4],TILE,BFLOAT16,DEV_1_DRAM_INTERLEAVED,,,,,,,,,,,,,,,,,,,,,,,,,,,,,,,,,,,,,,,,,,,,,,,,,,,,,,,,,1[1],1[1],128[128],32[4],TILE,BFLOAT16,DEV_1_DRAM_INTERLEAVED,,,,,,,,,,,,,,,,,['ttnn/cpp/ttnn/operations/eltwise/binary_ng/device/kernels/compute/eltwise_binary_sfpu_scalar.cpp'],['eltwise_binary_sfpu_scalar/6302317103236044736/'],['ttnn/cpp/ttnn/operations/eltwise/binary_ng/device/kernels/dataflow/reader_interleaved_no_bcast.cpp'; 'ttnn/cpp/ttnn/operations/eltwise/binary_ng/device/kernels/dataflow/writer_interleaved_scalar.cpp'],['reader_interleaved_no_bcast/15501400787415134526/'; 'writer_interleaved_scalar/13747915134593411132/'],15691238620557725211,True,1228,1256,1532,1264,1296,0,0,0,0,1,1,1,[],[],0.035,,,,,
BinaryNgDeviceOperation,tt_dnn_device,81920,0,blackhole,{'binary_op_type': 'BinaryOpType::MUL'; 'compute_kernel_config': 'std::nullopt'; 'dtype': 'DataType::BFLOAT16'; 'input_dtype': 'DataType::BFLOAT16'; 'is_quant_op': 'false'; 'is_sfpu': 'true'; 'is_where_op': 'false'; 'lhs_activations': '{}'; 'memory_config': 'MemoryConfig(memory_layout=TensorMemoryLayout::INTERLEAVED;buffer_type=BufferType::DRAM;shard_spec=std::nullopt;nd_shard_spec=std::nullopt;created_with_nd_shard_spec=0)'; 'post_activations': '{}'; 'rhs_activations': '{}'; 'scalar': '1'; 'sub_core_grids': 'std::nullopt'; 'subtile_broadcast_type': 'SubtileBroadcastType::NONE'; 'worker_grid': '{[(x=0;y=0) - (x=10;y=9)]}'},HiFi4,110,110,,4284879298,4284929231,49933,1205222303210,1205222307767,10463951,10463951,3376,2823,2823,,,,567,2823,1102,1866,2413,703,,,,,,1[1],1[1],128[128],32[4],TILE,BFLOAT16,DEV_1_DRAM_INTERLEAVED,1[1],1[1],128[128],32[4],TILE,BFLOAT16,DEV_1_DRAM_INTERLEAVED,,,,,,,,,,,,,,,,,,,,,,,,,,,,,,,,,,,,,,,,,,,,,,,,,,,,,,,,,1[1],1[1],128[128],32[4],TILE,BFLOAT16,DEV_1_DRAM_INTERLEAVED,,,,,,,,,,,,,,,,,['ttnn/cpp/ttnn/operations/eltwise/binary_ng/device/kernels/compute/eltwise_binary_sfpu_scalar.cpp'],['eltwise_binary_sfpu_scalar/6302317103236044736/'],['ttnn/cpp/ttnn/operations/eltwise/binary_ng/device/kernels/dataflow/reader_interleaved_no_bcast.cpp'; 'ttnn/cpp/ttnn/operations/eltwise/binary_ng/device/kernels/dataflow/writer_interleaved_scalar.cpp'],['reader_interleaved_no_bcast/15501400787415134526/'; 'writer_interleaved_scalar/13747915134593411132/'],15691238620557725211,True,1228,1256,1532,1264,1296,0,0,0,0,1,1,1,[],[],0.035,,,,,
BinaryNgDeviceOperation,tt_dnn_device,82944,0,blackhole,{'binary_op_type': 'BinaryOpType::MUL'; 'compute_kernel_config': 'std::nullopt'; 'dtype': 'DataType::BFLOAT16'; 'input_dtype': 'DataType::BFLOAT16'; 'is_quant_op': 'false'; 'is_sfpu': 'true'; 'is_where_op': 'false'; 'lhs_activations': '{}'; 'memory_config': 'MemoryConfig(memory_layout=TensorMemoryLayout::INTERLEAVED;buffer_type=BufferType::DRAM;shard_spec=std::nullopt;nd_shard_spec=std::nullopt;created_with_nd_shard_spec=0)'; 'post_activations': '{}'; 'rhs_activations': '{}'; 'scalar': '1'; 'sub_core_grids': 'std::nullopt'; 'subtile_broadcast_type': 'SubtileBroadcastType::NONE'; 'worker_grid': '{[(x=0;y=0) - (x=10;y=9)]}'},HiFi4,110,110,,4286164476,4286217444,52968,1205224035077,1205224039621,1280057,1279823,3366,2823,2821,,,,558,2821,1112,1895,2422,697,,,,,,1[1],1[1],128[128],32[4],TILE,BFLOAT16,DEV_1_DRAM_INTERLEAVED,1[1],1[1],128[128],32[4],TILE,BFLOAT16,DEV_1_DRAM_INTERLEAVED,,,,,,,,,,,,,,,,,,,,,,,,,,,,,,,,,,,,,,,,,,,,,,,,,,,,,,,,,1[1],1[1],128[128],32[4],TILE,BFLOAT16,DEV_1_DRAM_INTERLEAVED,,,,,,,,,,,,,,,,,['ttnn/cpp/ttnn/operations/eltwise/binary_ng/device/kernels/compute/eltwise_binary_sfpu_scalar.cpp'],['eltwise_binary_sfpu_scalar/6302317103236044736/'],['ttnn/cpp/ttnn/operations/eltwise/binary_ng/device/kernels/dataflow/reader_interleaved_no_bcast.cpp'; 'ttnn/cpp/ttnn/operations/eltwise/binary_ng/device/kernels/dataflow/writer_interleaved_scalar.cpp'],['reader_interleaved_no_bcast/15501400787415134526/'; 'writer_interleaved_scalar/13747915134593411132/'],15691238620557725211,True,1228,1256,1532,1264,1296,0,0,0,0,1,1,1,[],[],0.035,,,,,
BinaryNgDeviceOperation,tt_dnn_device,83968,0,blackhole,{'binary_op_type': 'BinaryOpType::MUL'; 'compute_kernel_config': 'std::nullopt'; 'dtype': 'DataType::BFLOAT16'; 'input_dtype': 'DataType::BFLOAT16'; 'is_quant_op': 'false'; 'is_sfpu': 'true'; 'is_where_op': 'false'; 'lhs_activations': '{}'; 'memory_config': 'MemoryConfig(memory_layout=TensorMemoryLayout::INTERLEAVED;buffer_type=BufferType::DRAM;shard_spec=std::nullopt;nd_shard_spec=std::nullopt;created_with_nd_shard_spec=0)'; 'post_activations': '{}'; 'rhs_activations': '{}'; 'scalar': '1'; 'sub_core_grids': 'std::nullopt'; 'subtile_broadcast_type': 'SubtileBroadcastType::NONE'; 'worker_grid': '{[(x=0;y=0) - (x=10;y=9)]}'},HiFi4,110,110,,4296553025,4296601845,48820,1205238053136,1205238057702,10380258,10380258,3382,2825,2825,,,,559,2824,1101,1888,2419,698,,,,,,1[1],1[1],128[128],32[4],TILE,BFLOAT16,DEV_1_DRAM_INTERLEAVED,1[1],1[1],128[128],32[4],TILE,BFLOAT16,DEV_1_DRAM_INTERLEAVED,,,,,,,,,,,,,,,,,,,,,,,,,,,,,,,,,,,,,,,,,,,,,,,,,,,,,,,,,1[1],1[1],128[128],32[4],TILE,BFLOAT16,DEV_1_DRAM_INTERLEAVED,,,,,,,,,,,,,,,,,['ttnn/cpp/ttnn/operations/eltwise/binary_ng/device/kernels/compute/eltwise_binary_sfpu_scalar.cpp'],['eltwise_binary_sfpu_scalar/6302317103236044736/'],['ttnn/cpp/ttnn/operations/eltwise/binary_ng/device/kernels/dataflow/reader_interleaved_no_bcast.cpp'; 'ttnn/cpp/ttnn/operations/eltwise/binary_ng/device/kernels/dataflow/writer_interleaved_scalar.cpp'],['reader_interleaved_no_bcast/15501400787415134526/'; 'writer_interleaved_scalar/13747915134593411132/'],15691238620557725211,True,1228,1256,1532,1264,1296,0,0,0,0,1,1,1,[],[],0.035,,,,,
BinaryNgDeviceOperation,tt_dnn_device,84992,0,blackhole,{'binary_op_type': 'BinaryOpType::MUL'; 'compute_kernel_config': 'std::nullopt'; 'dtype': 'DataType::BFLOAT16'; 'input_dtype': 'DataType::BFLOAT16'; 'is_quant_op': 'false'; 'is_sfpu': 'true'; 'is_where_op': 'false'; 'lhs_activations': '{}'; 'memory_config': 'MemoryConfig(memory_layout=TensorMemoryLayout::INTERLEAVED;buffer_type=BufferType::DRAM;shard_spec=std::nullopt;nd_shard_spec=std::nullopt;created_with_nd_shard_spec=0)'; 'post_activations': '{}'; 'rhs_activations': '{}'; 'scalar': '1'; 'sub_core_grids': 'std::nullopt'; 'subtile_broadcast_type': 'SubtileBroadcastType::NONE'; 'worker_grid': '{[(x=0;y=0) - (x=10;y=9)]}'},HiFi4,110,110,,4297721216,4297774104,52888,1205239630119,1205239634657,1165498,1165498,3361,2819,2819,,,,556,2819,1100,1881,2424,703,,,,,,1[1],1[1],128[128],32[4],TILE,BFLOAT16,DEV_1_DRAM_INTERLEAVED,1[1],1[1],128[128],32[4],TILE,BFLOAT16,DEV_1_DRAM_INTERLEAVED,,,,,,,,,,,,,,,,,,,,,,,,,,,,,,,,,,,,,,,,,,,,,,,,,,,,,,,,,1[1],1[1],128[128],32[4],TILE,BFLOAT16,DEV_1_DRAM_INTERLEAVED,,,,,,,,,,,,,,,,,['ttnn/cpp/ttnn/operations/eltwise/binary_ng/device/kernels/compute/eltwise_binary_sfpu_scalar.cpp'],['eltwise_binary_sfpu_scalar/6302317103236044736/'],['ttnn/cpp/ttnn/operations/eltwise/binary_ng/device/kernels/dataflow/reader_interleaved_no_bcast.cpp'; 'ttnn/cpp/ttnn/operations/eltwise/binary_ng/device/kernels/dataflow/writer_interleaved_scalar.cpp'],['reader_interleaved_no_bcast/15501400787415134526/'; 'writer_interleaved_scalar/13747915134593411132/'],15691238620557725211,True,1228,1256,1532,1264,1296,0,0,0,0,1,1,1,[],[],0.035,,,,,
BinaryNgDeviceOperation,tt_dnn_device,86016,0,blackhole,{'binary_op_type': 'BinaryOpType::MUL'; 'compute_kernel_config': 'std::nullopt'; 'dtype': 'DataType::BFLOAT16'; 'input_dtype': 'DataType::BFLOAT16'; 'is_quant_op': 'false'; 'is_sfpu': 'true'; 'is_where_op': 'false'; 'lhs_activations': '{}'; 'memory_config': 'MemoryConfig(memory_layout=TensorMemoryLayout::INTERLEAVED;buffer_type=BufferType::DRAM;shard_spec=std::nullopt;nd_shard_spec=std::nullopt;created_with_nd_shard_spec=0)'; 'post_activations': '{}'; 'rhs_activations': '{}'; 'scalar': '1'; 'sub_core_grids': 'std::nullopt'; 'subtile_broadcast_type': 'SubtileBroadcastType::NONE'; 'worker_grid': '{[(x=0;y=0) - (x=10;y=9)]}'},HiFi4,110,110,,4308327778,4308374024,46246,1205253949570,1205253954131,10602940,10605733,3379,2813,2813,,,,550,2813,1097,1881,2416,702,,,,,,1[1],1[1],128[128],32[4],TILE,BFLOAT16,DEV_1_DRAM_INTERLEAVED,1[1],1[1],128[128],32[4],TILE,BFLOAT16,DEV_1_DRAM_INTERLEAVED,,,,,,,,,,,,,,,,,,,,,,,,,,,,,,,,,,,,,,,,,,,,,,,,,,,,,,,,,1[1],1[1],128[128],32[4],TILE,BFLOAT16,DEV_1_DRAM_INTERLEAVED,,,,,,,,,,,,,,,,,['ttnn/cpp/ttnn/operations/eltwise/binary_ng/device/kernels/compute/eltwise_binary_sfpu_scalar.cpp'],['eltwise_binary_sfpu_scalar/6302317103236044736/'],['ttnn/cpp/ttnn/operations/eltwise/binary_ng/device/kernels/dataflow/reader_interleaved_no_bcast.cpp'; 'ttnn/cpp/ttnn/operations/eltwise/binary_ng/device/kernels/dataflow/writer_interleaved_scalar.cpp'],['reader_interleaved_no_bcast/15501400787415134526/'; 'writer_interleaved_scalar/13747915134593411132/'],15691238620557725211,True,1228,1256,1532,1264,1296,0,0,0,0,1,1,1,[],[],0.036,,,,,
BinaryNgDeviceOperation,tt_dnn_device,87040,0,blackhole,{'binary_op_type': 'BinaryOpType::MUL'; 'compute_kernel_config': 'std::nullopt'; 'dtype': 'DataType::BFLOAT16'; 'input_dtype': 'DataType::BFLOAT16'; 'is_quant_op': 'false'; 'is_sfpu': 'true'; 'is_where_op': 'false'; 'lhs_activations': '{}'; 'memory_config': 'MemoryConfig(memory_layout=TensorMemoryLayout::INTERLEAVED;buffer_type=BufferType::DRAM;shard_spec=std::nullopt;nd_shard_spec=std::nullopt;created_with_nd_shard_spec=0)'; 'post_activations': '{}'; 'rhs_activations': '{}'; 'scalar': '1'; 'sub_core_grids': 'std::nullopt'; 'subtile_broadcast_type': 'SubtileBroadcastType::NONE'; 'worker_grid': '{[(x=0;y=0) - (x=10;y=9)]}'},HiFi4,110,110,,4309496691,4309552374,55683,1205255528473,1205255532994,1166866,1166652,3349,2807,2805,,,,560,2805,1073,1884,2416,704,,,,,,1[1],1[1],128[128],32[4],TILE,BFLOAT16,DEV_1_DRAM_INTERLEAVED,1[1],1[1],128[128],32[4],TILE,BFLOAT16,DEV_1_DRAM_INTERLEAVED,,,,,,,,,,,,,,,,,,,,,,,,,,,,,,,,,,,,,,,,,,,,,,,,,,,,,,,,,1[1],1[1],128[128],32[4],TILE,BFLOAT16,DEV_1_DRAM_INTERLEAVED,,,,,,,,,,,,,,,,,['ttnn/cpp/ttnn/operations/eltwise/binary_ng/device/kernels/compute/eltwise_binary_sfpu_scalar.cpp'],['eltwise_binary_sfpu_scalar/6302317103236044736/'],['ttnn/cpp/ttnn/operations/eltwise/binary_ng/device/kernels/dataflow/reader_interleaved_no_bcast.cpp'; 'ttnn/cpp/ttnn/operations/eltwise/binary_ng/device/kernels/dataflow/writer_interleaved_scalar.cpp'],['reader_interleaved_no_bcast/15501400787415134526/'; 'writer_interleaved_scalar/13747915134593411132/'],15691238620557725211,True,1228,1256,1532,1264,1296,0,0,0,0,1,1,1,[],[],0.036,,,,,
BinaryNgDeviceOperation,tt_dnn_device,88064,0,blackhole,{'binary_op_type': 'BinaryOpType::MUL'; 'compute_kernel_config': 'std::nullopt'; 'dtype': 'DataType::BFLOAT16'; 'input_dtype': 'DataType::BFLOAT16'; 'is_quant_op': 'false'; 'is_sfpu': 'true'; 'is_where_op': 'false'; 'lhs_activations': '{}'; 'memory_config': 'MemoryConfig(memory_layout=TensorMemoryLayout::INTERLEAVED;buffer_type=BufferType::DRAM;shard_spec=std::nullopt;nd_shard_spec=std::nullopt;created_with_nd_shard_spec=0)'; 'post_activations': '{}'; 'rhs_activations': '{}'; 'scalar': '1'; 'sub_core_grids': 'std::nullopt'; 'subtile_broadcast_type': 'SubtileBroadcastType::NONE'; 'worker_grid': '{[(x=0;y=0) - (x=10;y=9)]}'},HiFi4,110,110,,4320134611,4320189423,54812,1205269889853,1205269894413,10634277,10634277,3378,2819,2819,,,,552,2819,1106,1868,2415,700,,,,,,1[1],1[1],128[128],32[4],TILE,BFLOAT16,DEV_1_DRAM_INTERLEAVED,1[1],1[1],128[128],32[4],TILE,BFLOAT16,DEV_1_DRAM_INTERLEAVED,,,,,,,,,,,,,,,,,,,,,,,,,,,,,,,,,,,,,,,,,,,,,,,,,,,,,,,,,1[1],1[1],128[128],32[4],TILE,BFLOAT16,DEV_1_DRAM_INTERLEAVED,,,,,,,,,,,,,,,,,['ttnn/cpp/ttnn/operations/eltwise/binary_ng/device/kernels/compute/eltwise_binary_sfpu_scalar.cpp'],['eltwise_binary_sfpu_scalar/6302317103236044736/'],['ttnn/cpp/ttnn/operations/eltwise/binary_ng/device/kernels/dataflow/reader_interleaved_no_bcast.cpp'; 'ttnn/cpp/ttnn/operations/eltwise/binary_ng/device/kernels/dataflow/writer_interleaved_scalar.cpp'],['reader_interleaved_no_bcast/15501400787415134526/'; 'writer_interleaved_scalar/13747915134593411132/'],15691238620557725211,True,1228,1256,1532,1264,1296,0,0,0,0,1,1,1,[],[],0.035,,,,,
BinaryNgDeviceOperation,tt_dnn_device,89088,0,blackhole,{'binary_op_type': 'BinaryOpType::MUL'; 'compute_kernel_config': 'std::nullopt'; 'dtype': 'DataType::BFLOAT16'; 'input_dtype': 'DataType::BFLOAT16'; 'is_quant_op': 'false'; 'is_sfpu': 'true'; 'is_where_op': 'false'; 'lhs_activations': '{}'; 'memory_config': 'MemoryConfig(memory_layout=TensorMemoryLayout::INTERLEAVED;buffer_type=BufferType::DRAM;shard_spec=std::nullopt;nd_shard_spec=std::nullopt;created_with_nd_shard_spec=0)'; 'post_activations': '{}'; 'rhs_activations': '{}'; 'scalar': '1'; 'sub_core_grids': 'std::nullopt'; 'subtile_broadcast_type': 'SubtileBroadcastType::NONE'; 'worker_grid': '{[(x=0;y=0) - (x=10;y=9)]}'},HiFi4,110,110,,4321306720,4321359487,52767,1205271472405,1205271477015,1169357,1169357,3415,2862,2862,,,,559,2860,1096,1895,2427,704,,,,,,1[1],1[1],128[128],32[4],TILE,BFLOAT16,DEV_1_DRAM_INTERLEAVED,1[1],1[1],128[128],32[4],TILE,BFLOAT16,DEV_1_DRAM_INTERLEAVED,,,,,,,,,,,,,,,,,,,,,,,,,,,,,,,,,,,,,,,,,,,,,,,,,,,,,,,,,1[1],1[1],128[128],32[4],TILE,BFLOAT16,DEV_1_DRAM_INTERLEAVED,,,,,,,,,,,,,,,,,['ttnn/cpp/ttnn/operations/eltwise/binary_ng/device/kernels/compute/eltwise_binary_sfpu_scalar.cpp'],['eltwise_binary_sfpu_scalar/6302317103236044736/'],['ttnn/cpp/ttnn/operations/eltwise/binary_ng/device/kernels/dataflow/reader_interleaved_no_bcast.cpp'; 'ttnn/cpp/ttnn/operations/eltwise/binary_ng/device/kernels/dataflow/writer_interleaved_scalar.cpp'],['reader_interleaved_no_bcast/15501400787415134526/'; 'writer_interleaved_scalar/13747915134593411132/'],15691238620557725211,True,1228,1256,1532,1264,1296,0,0,0,0,1,1,1,[],[],0.035,,,,,
BinaryNgDeviceOperation,tt_dnn_device,90112,0,blackhole,{'binary_op_type': 'BinaryOpType::MUL'; 'compute_kernel_config': 'std::nullopt'; 'dtype': 'DataType::BFLOAT16'; 'input_dtype': 'DataType::BFLOAT16'; 'is_quant_op': 'false'; 'is_sfpu': 'true'; 'is_where_op': 'false'; 'lhs_activations': '{}'; 'memory_config': 'MemoryConfig(memory_layout=TensorMemoryLayout::INTERLEAVED;buffer_type=BufferType::DRAM;shard_spec=std::nullopt;nd_shard_spec=std::nullopt;created_with_nd_shard_spec=0)'; 'post_activations': '{}'; 'rhs_activations': '{}'; 'scalar': '1'; 'sub_core_grids': 'std::nullopt'; 'subtile_broadcast_type': 'SubtileBroadcastType::NONE'; 'worker_grid': '{[(x=0;y=0) - (x=10;y=9)]}'},HiFi4,110,110,,4331881854,4331931566,49712,1205285746340,1205285750967,10570301,10570301,3427,2857,2857,,,,559,2844,1154,1927,2456,699,,,,,,1[1],1[1],128[128],32[4],TILE,BFLOAT16,DEV_1_DRAM_INTERLEAVED,1[1],1[1],128[128],32[4],TILE,BFLOAT16,DEV_1_DRAM_INTERLEAVED,,,,,,,,,,,,,,,,,,,,,,,,,,,,,,,,,,,,,,,,,,,,,,,,,,,,,,,,,1[1],1[1],128[128],32[4],TILE,BFLOAT16,DEV_1_DRAM_INTERLEAVED,,,,,,,,,,,,,,,,,['ttnn/cpp/ttnn/operations/eltwise/binary_ng/device/kernels/compute/eltwise_binary_sfpu_scalar.cpp'],['eltwise_binary_sfpu_scalar/6302317103236044736/'],['ttnn/cpp/ttnn/operations/eltwise/binary_ng/device/kernels/dataflow/reader_interleaved_no_bcast.cpp'; 'ttnn/cpp/ttnn/operations/eltwise/binary_ng/device/kernels/dataflow/writer_interleaved_scalar.cpp'],['reader_interleaved_no_bcast/15501400787415134526/'; 'writer_interleaved_scalar/13747915134593411132/'],15691238620557725211,True,1228,1256,1532,1264,1296,0,0,0,0,1,1,1,[],[],0.035,,,,,
BinaryNgDeviceOperation,tt_dnn_device,91136,0,blackhole,{'binary_op_type': 'BinaryOpType::MUL'; 'compute_kernel_config': 'std::nullopt'; 'dtype': 'DataType::BFLOAT16'; 'input_dtype': 'DataType::BFLOAT16'; 'is_quant_op': 'false'; 'is_sfpu': 'true'; 'is_where_op': 'false'; 'lhs_activations': '{}'; 'memory_config': 'MemoryConfig(memory_layout=TensorMemoryLayout::INTERLEAVED;buffer_type=BufferType::DRAM;shard_spec=std::nullopt;nd_shard_spec=std::nullopt;created_with_nd_shard_spec=0)'; 'post_activations': '{}'; 'rhs_activations': '{}'; 'scalar': '1'; 'sub_core_grids': 'std::nullopt'; 'subtile_broadcast_type': 'SubtileBroadcastType::NONE'; 'worker_grid': '{[(x=0;y=0) - (x=10;y=9)]}'},HiFi4,110,110,,4333056357,4333108353,51996,1205287342139,1205287346698,1179150,1179150,3377,2831,2831,,,,564,2831,1205,1897,2420,699,,,,,,1[1],1[1],128[128],32[4],TILE,BFLOAT16,DEV_1_DRAM_INTERLEAVED,1[1],1[1],128[128],32[4],TILE,BFLOAT16,DEV_1_DRAM_INTERLEAVED,,,,,,,,,,,,,,,,,,,,,,,,,,,,,,,,,,,,,,,,,,,,,,,,,,,,,,,,,1[1],1[1],128[128],32[4],TILE,BFLOAT16,DEV_1_DRAM_INTERLEAVED,,,,,,,,,,,,,,,,,['ttnn/cpp/ttnn/operations/eltwise/binary_ng/device/kernels/compute/eltwise_binary_sfpu_scalar.cpp'],['eltwise_binary_sfpu_scalar/6302317103236044736/'],['ttnn/cpp/ttnn/operations/eltwise/binary_ng/device/kernels/dataflow/reader_interleaved_no_bcast.cpp'; 'ttnn/cpp/ttnn/operations/eltwise/binary_ng/device/kernels/dataflow/writer_interleaved_scalar.cpp'],['reader_interleaved_no_bcast/15501400787415134526/'; 'writer_interleaved_scalar/13747915134593411132/'],15691238620557725211,True,1228,1256,1532,1264,1296,0,0,0,0,1,1,1,[],[],0.035,,,,,
BinaryNgDeviceOperation,tt_dnn_device,92160,0,blackhole,{'binary_op_type': 'BinaryOpType::MUL'; 'compute_kernel_config': 'std::nullopt'; 'dtype': 'DataType::BFLOAT16'; 'input_dtype': 'DataType::BFLOAT16'; 'is_quant_op': 'false'; 'is_sfpu': 'true'; 'is_where_op': 'false'; 'lhs_activations': '{}'; 'memory_config': 'MemoryConfig(memory_layout=TensorMemoryLayout::INTERLEAVED;buffer_type=BufferType::DRAM;shard_spec=std::nullopt;nd_shard_spec=std::nullopt;created_with_nd_shard_spec=0)'; 'post_activations': '{}'; 'rhs_activations': '{}'; 'scalar': '1'; 'sub_core_grids': 'std::nullopt'; 'subtile_broadcast_type': 'SubtileBroadcastType::NONE'; 'worker_grid': '{[(x=0;y=0) - (x=10;y=9)]}'},HiFi4,110,110,,4343498415,4343550551,52136,1205301439862,1205301444413,10438282,10438282,3371,2824,2824,,,,559,2821,1104,1874,2408,702,,,,,,1[1],1[1],128[128],32[4],TILE,BFLOAT16,DEV_1_DRAM_INTERLEAVED,1[1],1[1],128[128],32[4],TILE,BFLOAT16,DEV_1_DRAM_INTERLEAVED,,,,,,,,,,,,,,,,,,,,,,,,,,,,,,,,,,,,,,,,,,,,,,,,,,,,,,,,,1[1],1[1],128[128],32[4],TILE,BFLOAT16,DEV_1_DRAM_INTERLEAVED,,,,,,,,,,,,,,,,,['ttnn/cpp/ttnn/operations/eltwise/binary_ng/device/kernels/compute/eltwise_binary_sfpu_scalar.cpp'],['eltwise_binary_sfpu_scalar/6302317103236044736/'],['ttnn/cpp/ttnn/operations/eltwise/binary_ng/device/kernels/dataflow/reader_interleaved_no_bcast.cpp'; 'ttnn/cpp/ttnn/operations/eltwise/binary_ng/device/kernels/dataflow/writer_interleaved_scalar.cpp'],['reader_interleaved_no_bcast/15501400787415134526/'; 'writer_interleaved_scalar/13747915134593411132/'],15691238620557725211,True,1228,1256,1532,1264,1296,0,0,0,0,1,1,1,[],[],0.035,,,,,
BinaryNgDeviceOperation,tt_dnn_device,93184,0,blackhole,{'binary_op_type': 'BinaryOpType::MUL'; 'compute_kernel_config': 'std::nullopt'; 'dtype': 'DataType::BFLOAT16'; 'input_dtype': 'DataType::BFLOAT16'; 'is_quant_op': 'false'; 'is_sfpu': 'true'; 'is_where_op': 'false'; 'lhs_activations': '{}'; 'memory_config': 'MemoryConfig(memory_layout=TensorMemoryLayout::INTERLEAVED;buffer_type=BufferType::DRAM;shard_spec=std::nullopt;nd_shard_spec=std::nullopt;created_with_nd_shard_spec=0)'; 'post_activations': '{}'; 'rhs_activations': '{}'; 'scalar': '1'; 'sub_core_grids': 'std::nullopt'; 'subtile_broadcast_type': 'SubtileBroadcastType::NONE'; 'worker_grid': '{[(x=0;y=0) - (x=10;y=9)]}'},HiFi4,110,110,,4344676895,4344728811,51916,1205303023968,1205303028512,1170699,1170699,3366,2821,2821,,,,561,2806,1159,1883,2419,699,,,,,,1[1],1[1],128[128],32[4],TILE,BFLOAT16,DEV_1_DRAM_INTERLEAVED,1[1],1[1],128[128],32[4],TILE,BFLOAT16,DEV_1_DRAM_INTERLEAVED,,,,,,,,,,,,,,,,,,,,,,,,,,,,,,,,,,,,,,,,,,,,,,,,,,,,,,,,,1[1],1[1],128[128],32[4],TILE,BFLOAT16,DEV_1_DRAM_INTERLEAVED,,,,,,,,,,,,,,,,,['ttnn/cpp/ttnn/operations/eltwise/binary_ng/device/kernels/compute/eltwise_binary_sfpu_scalar.cpp'],['eltwise_binary_sfpu_scalar/6302317103236044736/'],['ttnn/cpp/ttnn/operations/eltwise/binary_ng/device/kernels/dataflow/reader_interleaved_no_bcast.cpp'; 'ttnn/cpp/ttnn/operations/eltwise/binary_ng/device/kernels/dataflow/writer_interleaved_scalar.cpp'],['reader_interleaved_no_bcast/15501400787415134526/'; 'writer_interleaved_scalar/13747915134593411132/'],15691238620557725211,True,1228,1256,1532,1264,1296,0,0,0,0,1,1,1,[],[],0.035,,,,,
BinaryNgDeviceOperation,tt_dnn_device,94208,0,blackhole,{'binary_op_type': 'BinaryOpType::MUL'; 'compute_kernel_config': 'std::nullopt'; 'dtype': 'DataType::BFLOAT16'; 'input_dtype': 'DataType::BFLOAT16'; 'is_quant_op': 'false'; 'is_sfpu': 'true'; 'is_where_op': 'false'; 'lhs_activations': '{}'; 'memory_config': 'MemoryConfig(memory_layout=TensorMemoryLayout::INTERLEAVED;buffer_type=BufferType::DRAM;shard_spec=std::nullopt;nd_shard_spec=std::nullopt;created_with_nd_shard_spec=0)'; 'post_activations': '{}'; 'rhs_activations': '{}'; 'scalar': '1'; 'sub_core_grids': 'std::nullopt'; 'subtile_broadcast_type': 'SubtileBroadcastType::NONE'; 'worker_grid': '{[(x=0;y=0) - (x=10;y=9)]}'},HiFi4,110,110,,4355156142,4355203189,47047,1205317171953,1205317176501,10475653,10475653,3369,2827,2827,,,,558,2821,1099,1881,2416,702,,,,,,1[1],1[1],128[128],32[4],TILE,BFLOAT16,DEV_1_DRAM_INTERLEAVED,1[1],1[1],128[128],32[4],TILE,BFLOAT16,DEV_1_DRAM_INTERLEAVED,,,,,,,,,,,,,,,,,,,,,,,,,,,,,,,,,,,,,,,,,,,,,,,,,,,,,,,,,1[1],1[1],128[128],32[4],TILE,BFLOAT16,DEV_1_DRAM_INTERLEAVED,,,,,,,,,,,,,,,,,['ttnn/cpp/ttnn/operations/eltwise/binary_ng/device/kernels/compute/eltwise_binary_sfpu_scalar.cpp'],['eltwise_binary_sfpu_scalar/6302317103236044736/'],['ttnn/cpp/ttnn/operations/eltwise/binary_ng/device/kernels/dataflow/reader_interleaved_no_bcast.cpp'; 'ttnn/cpp/ttnn/operations/eltwise/binary_ng/device/kernels/dataflow/writer_interleaved_scalar.cpp'],['reader_interleaved_no_bcast/15501400787415134526/'; 'writer_interleaved_scalar/13747915134593411132/'],15691238620557725211,True,1228,1256,1532,1264,1296,0,0,0,0,1,1,1,[],[],0.035,,,,,
BinaryNgDeviceOperation,tt_dnn_device,95232,0,blackhole,{'binary_op_type': 'BinaryOpType::MUL'; 'compute_kernel_config': 'std::nullopt'; 'dtype': 'DataType::BFLOAT16'; 'input_dtype': 'DataType::BFLOAT16'; 'is_quant_op': 'false'; 'is_sfpu': 'true'; 'is_where_op': 'false'; 'lhs_activations': '{}'; 'memory_config': 'MemoryConfig(memory_layout=TensorMemoryLayout::INTERLEAVED;buffer_type=BufferType::DRAM;shard_spec=std::nullopt;nd_shard_spec=std::nullopt;created_with_nd_shard_spec=0)'; 'post_activations': '{}'; 'rhs_activations': '{}'; 'scalar': '1'; 'sub_core_grids': 'std::nullopt'; 'subtile_broadcast_type': 'SubtileBroadcastType::NONE'; 'worker_grid': '{[(x=0;y=0) - (x=10;y=9)]}'},HiFi4,110,110,,4356320195,4356370418,50223,1205318743117,1205318747648,1160792,1160991,3356,2821,2820,,,,558,2815,1092,1891,2421,702,,,,,,1[1],1[1],128[128],32[4],TILE,BFLOAT16,DEV_1_DRAM_INTERLEAVED,1[1],1[1],128[128],32[4],TILE,BFLOAT16,DEV_1_DRAM_INTERLEAVED,,,,,,,,,,,,,,,,,,,,,,,,,,,,,,,,,,,,,,,,,,,,,,,,,,,,,,,,,1[1],1[1],128[128],32[4],TILE,BFLOAT16,DEV_1_DRAM_INTERLEAVED,,,,,,,,,,,,,,,,,['ttnn/cpp/ttnn/operations/eltwise/binary_ng/device/kernels/compute/eltwise_binary_sfpu_scalar.cpp'],['eltwise_binary_sfpu_scalar/6302317103236044736/'],['ttnn/cpp/ttnn/operations/eltwise/binary_ng/device/kernels/dataflow/reader_interleaved_no_bcast.cpp'; 'ttnn/cpp/ttnn/operations/eltwise/binary_ng/device/kernels/dataflow/writer_interleaved_scalar.cpp'],['reader_interleaved_no_bcast/15501400787415134526/'; 'writer_interleaved_scalar/13747915134593411132/'],15691238620557725211,True,1228,1256,1532,1264,1296,0,0,0,0,1,1,1,[],[],0.035,,,,,
BinaryNgDeviceOperation,tt_dnn_device,96256,0,blackhole,{'binary_op_type': 'BinaryOpType::MUL'; 'compute_kernel_config': 'std::nullopt'; 'dtype': 'DataType::BFLOAT16'; 'input_dtype': 'DataType::BFLOAT16'; 'is_quant_op': 'false'; 'is_sfpu': 'true'; 'is_where_op': 'false'; 'lhs_activations': '{}'; 'memory_config': 'MemoryConfig(memory_layout=TensorMemoryLayout::INTERLEAVED;buffer_type=BufferType::DRAM;shard_spec=std::nullopt;nd_shard_spec=std::nullopt;created_with_nd_shard_spec=0)'; 'post_activations': '{}'; 'rhs_activations': '{}'; 'scalar': '1'; 'sub_core_grids': 'std::nullopt'; 'subtile_broadcast_type': 'SubtileBroadcastType::NONE'; 'worker_grid': '{[(x=0;y=0) - (x=10;y=9)]}'},HiFi4,110,110,,4366936866,4366984955,48089,1205333076049,1205333080599,10615858,10615858,3370,2816,2816,,,,560,2816,1096,1889,2421,704,,,,,,1[1],1[1],128[128],32[4],TILE,BFLOAT16,DEV_1_DRAM_INTERLEAVED,1[1],1[1],128[128],32[4],TILE,BFLOAT16,DEV_1_DRAM_INTERLEAVED,,,,,,,,,,,,,,,,,,,,,,,,,,,,,,,,,,,,,,,,,,,,,,,,,,,,,,,,,1[1],1[1],128[128],32[4],TILE,BFLOAT16,DEV_1_DRAM_INTERLEAVED,,,,,,,,,,,,,,,,,['ttnn/cpp/ttnn/operations/eltwise/binary_ng/device/kernels/compute/eltwise_binary_sfpu_scalar.cpp'],['eltwise_binary_sfpu_scalar/6302317103236044736/'],['ttnn/cpp/ttnn/operations/eltwise/binary_ng/device/kernels/dataflow/reader_interleaved_no_bcast.cpp'; 'ttnn/cpp/ttnn/operations/eltwise/binary_ng/device/kernels/dataflow/writer_interleaved_scalar.cpp'],['reader_interleaved_no_bcast/15501400787415134526/'; 'writer_interleaved_scalar/13747915134593411132/'],15691238620557725211,True,1228,1256,1532,1264,1296,0,0,0,0,1,1,1,[],[],0.036,,,,,
BinaryNgDeviceOperation,tt_dnn_device,97280,0,blackhole,{'binary_op_type': 'BinaryOpType::MUL'; 'compute_kernel_config': 'std::nullopt'; 'dtype': 'DataType::BFLOAT16'; 'input_dtype': 'DataType::BFLOAT16'; 'is_quant_op': 'false'; 'is_sfpu': 'true'; 'is_where_op': 'false'; 'lhs_activations': '{}'; 'memory_config': 'MemoryConfig(memory_layout=TensorMemoryLayout::INTERLEAVED;buffer_type=BufferType::DRAM;shard_spec=std::nullopt;nd_shard_spec=std::nullopt;created_with_nd_shard_spec=0)'; 'post_activations': '{}'; 'rhs_activations': '{}'; 'scalar': '1'; 'sub_core_grids': 'std::nullopt'; 'subtile_broadcast_type': 'SubtileBroadcastType::NONE'; 'worker_grid': '{[(x=0;y=0) - (x=10;y=9)]}'},HiFi4,110,110,,4368128180,4368181399,53219,1205334688081,1205334692635,1191420,1191311,3373,2827,2826,,,,560,2820,1108,1882,2413,704,,,,,,1[1],1[1],128[128],32[4],TILE,BFLOAT16,DEV_1_DRAM_INTERLEAVED,1[1],1[1],128[128],32[4],TILE,BFLOAT16,DEV_1_DRAM_INTERLEAVED,,,,,,,,,,,,,,,,,,,,,,,,,,,,,,,,,,,,,,,,,,,,,,,,,,,,,,,,,1[1],1[1],128[128],32[4],TILE,BFLOAT16,DEV_1_DRAM_INTERLEAVED,,,,,,,,,,,,,,,,,['ttnn/cpp/ttnn/operations/eltwise/binary_ng/device/kernels/compute/eltwise_binary_sfpu_scalar.cpp'],['eltwise_binary_sfpu_scalar/6302317103236044736/'],['ttnn/cpp/ttnn/operations/eltwise/binary_ng/device/kernels/dataflow/reader_interleaved_no_bcast.cpp'; 'ttnn/cpp/ttnn/operations/eltwise/binary_ng/device/kernels/dataflow/writer_interleaved_scalar.cpp'],['reader_interleaved_no_bcast/15501400787415134526/'; 'writer_interleaved_scalar/13747915134593411132/'],15691238620557725211,True,1228,1256,1532,1264,1296,0,0,0,0,1,1,1,[],[],0.035,,,,,
BinaryNgDeviceOperation,tt_dnn_device,98304,0,blackhole,{'binary_op_type': 'BinaryOpType::MUL'; 'compute_kernel_config': 'std::nullopt'; 'dtype': 'DataType::BFLOAT16'; 'input_dtype': 'DataType::BFLOAT16'; 'is_quant_op': 'false'; 'is_sfpu': 'true'; 'is_where_op': 'false'; 'lhs_activations': '{}'; 'memory_config': 'MemoryConfig(memory_layout=TensorMemoryLayout::INTERLEAVED;buffer_type=BufferType::DRAM;shard_spec=std::nullopt;nd_shard_spec=std::nullopt;created_with_nd_shard_spec=0)'; 'post_activations': '{}'; 'rhs_activations': '{}'; 'scalar': '1'; 'sub_core_grids': 'std::nullopt'; 'subtile_broadcast_type': 'SubtileBroadcastType::NONE'; 'worker_grid': '{[(x=0;y=0) - (x=10;y=9)]}'},HiFi4,110,110,,4378817696,4378862629,44933,1205349116185,1205349120748,10683402,10684105,3380,2833,2828,,,,549,2821,1094,1896,2427,704,,,,,,1[1],1[1],128[128],32[4],TILE,BFLOAT16,DEV_1_DRAM_INTERLEAVED,1[1],1[1],128[128],32[4],TILE,BFLOAT16,DEV_1_DRAM_INTERLEAVED,,,,,,,,,,,,,,,,,,,,,,,,,,,,,,,,,,,,,,,,,,,,,,,,,,,,,,,,,1[1],1[1],128[128],32[4],TILE,BFLOAT16,DEV_1_DRAM_INTERLEAVED,,,,,,,,,,,,,,,,,['ttnn/cpp/ttnn/operations/eltwise/binary_ng/device/kernels/compute/eltwise_binary_sfpu_scalar.cpp'],['eltwise_binary_sfpu_scalar/6302317103236044736/'],['ttnn/cpp/ttnn/operations/eltwise/binary_ng/device/kernels/dataflow/reader_interleaved_no_bcast.cpp'; 'ttnn/cpp/ttnn/operations/eltwise/binary_ng/device/kernels/dataflow/writer_interleaved_scalar.cpp'],['reader_interleaved_no_bcast/15501400787415134526/'; 'writer_interleaved_scalar/13747915134593411132/'],15691238620557725211,True,1228,1256,1532,1264,1296,0,0,0,0,1,1,1,[],[],0.035,,,,,
BinaryNgDeviceOperation,tt_dnn_device,99328,0,blackhole,{'binary_op_type': 'BinaryOpType::MUL'; 'compute_kernel_config': 'std::nullopt'; 'dtype': 'DataType::BFLOAT16'; 'input_dtype': 'DataType::BFLOAT16'; 'is_quant_op': 'false'; 'is_sfpu': 'true'; 'is_where_op': 'false'; 'lhs_activations': '{}'; 'memory_config': 'MemoryConfig(memory_layout=TensorMemoryLayout::INTERLEAVED;buffer_type=BufferType::DRAM;shard_spec=std::nullopt;nd_shard_spec=std::nullopt;created_with_nd_shard_spec=0)'; 'post_activations': '{}'; 'rhs_activations': '{}'; 'scalar': '1'; 'sub_core_grids': 'std::nullopt'; 'subtile_broadcast_type': 'SubtileBroadcastType::NONE'; 'worker_grid': '{[(x=0;y=0) - (x=10;y=9)]}'},HiFi4,110,110,,4379994143,4380047581,53438,1205350704291,1205350708909,1173730,1173730,3421,2856,2856,,,,568,2856,1093,1885,2421,701,,,,,,1[1],1[1],128[128],32[4],TILE,BFLOAT16,DEV_1_DRAM_INTERLEAVED,1[1],1[1],128[128],32[4],TILE,BFLOAT16,DEV_1_DRAM_INTERLEAVED,,,,,,,,,,,,,,,,,,,,,,,,,,,,,,,,,,,,,,,,,,,,,,,,,,,,,,,,,1[1],1[1],128[128],32[4],TILE,BFLOAT16,DEV_1_DRAM_INTERLEAVED,,,,,,,,,,,,,,,,,['ttnn/cpp/ttnn/operations/eltwise/binary_ng/device/kernels/compute/eltwise_binary_sfpu_scalar.cpp'],['eltwise_binary_sfpu_scalar/6302317103236044736/'],['ttnn/cpp/ttnn/operations/eltwise/binary_ng/device/kernels/dataflow/reader_interleaved_no_bcast.cpp'; 'ttnn/cpp/ttnn/operations/eltwise/binary_ng/device/kernels/dataflow/writer_interleaved_scalar.cpp'],['reader_interleaved_no_bcast/15501400787415134526/'; 'writer_interleaved_scalar/13747915134593411132/'],15691238620557725211,True,1228,1256,1532,1264,1296,0,0,0,0,1,1,1,[],[],0.035,,,,,
BinaryNgDeviceOperation,tt_dnn_device,100352,0,blackhole,{'binary_op_type': 'BinaryOpType::MUL'; 'compute_kernel_config': 'std::nullopt'; 'dtype': 'DataType::BFLOAT16'; 'input_dtype': 'DataType::BFLOAT16'; 'is_quant_op': 'false'; 'is_sfpu': 'true'; 'is_where_op': 'false'; 'lhs_activations': '{}'; 'memory_config': 'MemoryConfig(memory_layout=TensorMemoryLayout::INTERLEAVED;buffer_type=BufferType::DRAM;shard_spec=std::nullopt;nd_shard_spec=std::nullopt;created_with_nd_shard_spec=0)'; 'post_activations': '{}'; 'rhs_activations': '{}'; 'scalar': '1'; 'sub_core_grids': 'std::nullopt'; 'subtile_broadcast_type': 'SubtileBroadcastType::NONE'; 'worker_grid': '{[(x=0;y=0) - (x=10;y=9)]}'},HiFi4,110,110,,4390552476,4390612857,60381,1205364958451,1205364963061,10557127,10554952,3415,2870,2862,,,,589,2816,1162,1928,2462,704,,,,,,1[1],1[1],128[128],32[4],TILE,BFLOAT16,DEV_1_DRAM_INTERLEAVED,1[1],1[1],128[128],32[4],TILE,BFLOAT16,DEV_1_DRAM_INTERLEAVED,,,,,,,,,,,,,,,,,,,,,,,,,,,,,,,,,,,,,,,,,,,,,,,,,,,,,,,,,1[1],1[1],128[128],32[4],TILE,BFLOAT16,DEV_1_DRAM_INTERLEAVED,,,,,,,,,,,,,,,,,['ttnn/cpp/ttnn/operations/eltwise/binary_ng/device/kernels/compute/eltwise_binary_sfpu_scalar.cpp'],['eltwise_binary_sfpu_scalar/6302317103236044736/'],['ttnn/cpp/ttnn/operations/eltwise/binary_ng/device/kernels/dataflow/reader_interleaved_no_bcast.cpp'; 'ttnn/cpp/ttnn/operations/eltwise/binary_ng/device/kernels/dataflow/writer_interleaved_scalar.cpp'],['reader_interleaved_no_bcast/15501400787415134526/'; 'writer_interleaved_scalar/13747915134593411132/'],15691238620557725211,True,1228,1256,1532,1264,1296,0,0,0,0,1,1,1,[],[],0.035,,,,,
BinaryNgDeviceOperation,tt_dnn_device,101376,0,blackhole,{'binary_op_type': 'BinaryOpType::MUL'; 'compute_kernel_config': 'std::nullopt'; 'dtype': 'DataType::BFLOAT16'; 'input_dtype': 'DataType::BFLOAT16'; 'is_quant_op': 'false'; 'is_sfpu': 'true'; 'is_where_op': 'false'; 'lhs_activations': '{}'; 'memory_config': 'MemoryConfig(memory_layout=TensorMemoryLayout::INTERLEAVED;buffer_type=BufferType::DRAM;shard_spec=std::nullopt;nd_shard_spec=std::nullopt;created_with_nd_shard_spec=0)'; 'post_activations': '{}'; 'rhs_activations': '{}'; 'scalar': '1'; 'sub_core_grids': 'std::nullopt'; 'subtile_broadcast_type': 'SubtileBroadcastType::NONE'; 'worker_grid': '{[(x=0;y=0) - (x=10;y=9)]}'},HiFi4,110,110,,4391703034,4391757265,54231,1205366512661,1205366517184,1148557,1148545,3350,2813,2810,,,,564,2790,1073,1889,2423,710,,,,,,1[1],1[1],128[128],32[4],TILE,BFLOAT16,DEV_1_DRAM_INTERLEAVED,1[1],1[1],128[128],32[4],TILE,BFLOAT16,DEV_1_DRAM_INTERLEAVED,,,,,,,,,,,,,,,,,,,,,,,,,,,,,,,,,,,,,,,,,,,,,,,,,,,,,,,,,1[1],1[1],128[128],32[4],TILE,BFLOAT16,DEV_1_DRAM_INTERLEAVED,,,,,,,,,,,,,,,,,['ttnn/cpp/ttnn/operations/eltwise/binary_ng/device/kernels/compute/eltwise_binary_sfpu_scalar.cpp'],['eltwise_binary_sfpu_scalar/6302317103236044736/'],['ttnn/cpp/ttnn/operations/eltwise/binary_ng/device/kernels/dataflow/reader_interleaved_no_bcast.cpp'; 'ttnn/cpp/ttnn/operations/eltwise/binary_ng/device/kernels/dataflow/writer_interleaved_scalar.cpp'],['reader_interleaved_no_bcast/15501400787415134526/'; 'writer_interleaved_scalar/13747915134593411132/'],15691238620557725211,True,1228,1256,1532,1264,1296,0,0,0,0,1,1,1,[],[],0.036,,,,,
BinaryNgDeviceOperation,tt_dnn_device,102400,0,blackhole,{'binary_op_type': 'BinaryOpType::MUL'; 'compute_kernel_config': 'std::nullopt'; 'dtype': 'DataType::BFLOAT16'; 'input_dtype': 'DataType::BFLOAT16'; 'is_quant_op': 'false'; 'is_sfpu': 'true'; 'is_where_op': 'false'; 'lhs_activations': '{}'; 'memory_config': 'MemoryConfig(memory_layout=TensorMemoryLayout::INTERLEAVED;buffer_type=BufferType::DRAM;shard_spec=std::nullopt;nd_shard_spec=std::nullopt;created_with_nd_shard_spec=0)'; 'post_activations': '{}'; 'rhs_activations': '{}'; 'scalar': '1'; 'sub_core_grids': 'std::nullopt'; 'subtile_broadcast_type': 'SubtileBroadcastType::NONE'; 'worker_grid': '{[(x=0;y=0) - (x=10;y=9)]}'},HiFi4,110,110,,4401878229,4401930205,51976,1205380234951,1205380239507,10161601,10163082,3375,2814,2807,,,,558,2806,1084,1891,2420,699,,,,,,1[1],1[1],128[128],32[4],TILE,BFLOAT16,DEV_1_DRAM_INTERLEAVED,1[1],1[1],128[128],32[4],TILE,BFLOAT16,DEV_1_DRAM_INTERLEAVED,,,,,,,,,,,,,,,,,,,,,,,,,,,,,,,,,,,,,,,,,,,,,,,,,,,,,,,,,1[1],1[1],128[128],32[4],TILE,BFLOAT16,DEV_1_DRAM_INTERLEAVED,,,,,,,,,,,,,,,,,['ttnn/cpp/ttnn/operations/eltwise/binary_ng/device/kernels/compute/eltwise_binary_sfpu_scalar.cpp'],['eltwise_binary_sfpu_scalar/6302317103236044736/'],['ttnn/cpp/ttnn/operations/eltwise/binary_ng/device/kernels/dataflow/reader_interleaved_no_bcast.cpp'; 'ttnn/cpp/ttnn/operations/eltwise/binary_ng/device/kernels/dataflow/writer_interleaved_scalar.cpp'],['reader_interleaved_no_bcast/15501400787415134526/'; 'writer_interleaved_scalar/13747915134593411132/'],15691238620557725211,True,1228,1256,1532,1264,1296,0,0,0,0,1,1,1,[],[],0.036,,,,,
BinaryNgDeviceOperation,tt_dnn_device,103424,0,blackhole,{'binary_op_type': 'BinaryOpType::MUL'; 'compute_kernel_config': 'std::nullopt'; 'dtype': 'DataType::BFLOAT16'; 'input_dtype': 'DataType::BFLOAT16'; 'is_quant_op': 'false'; 'is_sfpu': 'true'; 'is_where_op': 'false'; 'lhs_activations': '{}'; 'memory_config': 'MemoryConfig(memory_layout=TensorMemoryLayout::INTERLEAVED;buffer_type=BufferType::DRAM;shard_spec=std::nullopt;nd_shard_spec=std::nullopt;created_with_nd_shard_spec=0)'; 'post_activations': '{}'; 'rhs_activations': '{}'; 'scalar': '1'; 'sub_core_grids': 'std::nullopt'; 'subtile_broadcast_type': 'SubtileBroadcastType::NONE'; 'worker_grid': '{[(x=0;y=0) - (x=10;y=9)]}'},HiFi4,110,110,,4403011545,4403064183,52638,1205381765074,1205381769657,1130558,1130455,3395,2828,2827,,,,561,2827,1099,1883,2417,704,,,,,,1[1],1[1],128[128],32[4],TILE,BFLOAT16,DEV_1_DRAM_INTERLEAVED,1[1],1[1],128[128],32[4],TILE,BFLOAT16,DEV_1_DRAM_INTERLEAVED,,,,,,,,,,,,,,,,,,,,,,,,,,,,,,,,,,,,,,,,,,,,,,,,,,,,,,,,,1[1],1[1],128[128],32[4],TILE,BFLOAT16,DEV_1_DRAM_INTERLEAVED,,,,,,,,,,,,,,,,,['ttnn/cpp/ttnn/operations/eltwise/binary_ng/device/kernels/compute/eltwise_binary_sfpu_scalar.cpp'],['eltwise_binary_sfpu_scalar/6302317103236044736/'],['ttnn/cpp/ttnn/operations/eltwise/binary_ng/device/kernels/dataflow/reader_interleaved_no_bcast.cpp'; 'ttnn/cpp/ttnn/operations/eltwise/binary_ng/device/kernels/dataflow/writer_interleaved_scalar.cpp'],['reader_interleaved_no_bcast/15501400787415134526/'; 'writer_interleaved_scalar/13747915134593411132/'],15691238620557725211,True,1228,1256,1532,1264,1296,0,0,0,0,1,1,1,[],[],0.035,,,,,
BinaryNgDeviceOperation,tt_dnn_device,104448,0,blackhole,{'binary_op_type': 'BinaryOpType::MUL'; 'compute_kernel_config': 'std::nullopt'; 'dtype': 'DataType::BFLOAT16'; 'input_dtype': 'DataType::BFLOAT16'; 'is_quant_op': 'false'; 'is_sfpu': 'true'; 'is_where_op': 'false'; 'lhs_activations': '{}'; 'memory_config': 'MemoryConfig(memory_layout=TensorMemoryLayout::INTERLEAVED;buffer_type=BufferType::DRAM;shard_spec=std::nullopt;nd_shard_spec=std::nullopt;created_with_nd_shard_spec=0)'; 'post_activations': '{}'; 'rhs_activations': '{}'; 'scalar': '1'; 'sub_core_grids': 'std::nullopt'; 'subtile_broadcast_type': 'SubtileBroadcastType::NONE'; 'worker_grid': '{[(x=0;y=0) - (x=10;y=9)]}'},HiFi4,110,110,,4413406115,4413453994,47879,1205395798659,1205395803184,10392933,10392933,3352,2812,2812,,,,556,2812,1116,1874,2408,700,,,,,,1[1],1[1],128[128],32[4],TILE,BFLOAT16,DEV_1_DRAM_INTERLEAVED,1[1],1[1],128[128],32[4],TILE,BFLOAT16,DEV_1_DRAM_INTERLEAVED,,,,,,,,,,,,,,,,,,,,,,,,,,,,,,,,,,,,,,,,,,,,,,,,,,,,,,,,,1[1],1[1],128[128],32[4],TILE,BFLOAT16,DEV_1_DRAM_INTERLEAVED,,,,,,,,,,,,,,,,,['ttnn/cpp/ttnn/operations/eltwise/binary_ng/device/kernels/compute/eltwise_binary_sfpu_scalar.cpp'],['eltwise_binary_sfpu_scalar/6302317103236044736/'],['ttnn/cpp/ttnn/operations/eltwise/binary_ng/device/kernels/dataflow/reader_interleaved_no_bcast.cpp'; 'ttnn/cpp/ttnn/operations/eltwise/binary_ng/device/kernels/dataflow/writer_interleaved_scalar.cpp'],['reader_interleaved_no_bcast/15501400787415134526/'; 'writer_interleaved_scalar/13747915134593411132/'],15691238620557725211,True,1228,1256,1532,1264,1296,0,0,0,0,1,1,1,[],[],0.036,,,,,
BinaryNgDeviceOperation,tt_dnn_device,105472,0,blackhole,{'binary_op_type': 'BinaryOpType::MUL'; 'compute_kernel_config': 'std::nullopt'; 'dtype': 'DataType::BFLOAT16'; 'input_dtype': 'DataType::BFLOAT16'; 'is_quant_op': 'false'; 'is_sfpu': 'true'; 'is_where_op': 'false'; 'lhs_activations': '{}'; 'memory_config': 'MemoryConfig(memory_layout=TensorMemoryLayout::INTERLEAVED;buffer_type=BufferType::DRAM;shard_spec=std::nullopt;nd_shard_spec=std::nullopt;created_with_nd_shard_spec=0)'; 'post_activations': '{}'; 'rhs_activations': '{}'; 'scalar': '1'; 'sub_core_grids': 'std::nullopt'; 'subtile_broadcast_type': 'SubtileBroadcastType::NONE'; 'worker_grid': '{[(x=0;y=0) - (x=10;y=9)]}'},HiFi4,110,110,,4414579085,4414631332,52247,1205397382152,1205397386724,1170111,1170111,3387,2828,2828,,,,560,2828,1085,1902,2427,707,,,,,,1[1],1[1],128[128],32[4],TILE,BFLOAT16,DEV_1_DRAM_INTERLEAVED,1[1],1[1],128[128],32[4],TILE,BFLOAT16,DEV_1_DRAM_INTERLEAVED,,,,,,,,,,,,,,,,,,,,,,,,,,,,,,,,,,,,,,,,,,,,,,,,,,,,,,,,,1[1],1[1],128[128],32[4],TILE,BFLOAT16,DEV_1_DRAM_INTERLEAVED,,,,,,,,,,,,,,,,,['ttnn/cpp/ttnn/operations/eltwise/binary_ng/device/kernels/compute/eltwise_binary_sfpu_scalar.cpp'],['eltwise_binary_sfpu_scalar/6302317103236044736/'],['ttnn/cpp/ttnn/operations/eltwise/binary_ng/device/kernels/dataflow/reader_interleaved_no_bcast.cpp'; 'ttnn/cpp/ttnn/operations/eltwise/binary_ng/device/kernels/dataflow/writer_interleaved_scalar.cpp'],['reader_interleaved_no_bcast/15501400787415134526/'; 'writer_interleaved_scalar/13747915134593411132/'],15691238620557725211,True,1228,1256,1532,1264,1296,0,0,0,0,1,1,1,[],[],0.035,,,,,
BinaryNgDeviceOperation,tt_dnn_device,106496,0,blackhole,{'binary_op_type': 'BinaryOpType::MUL'; 'compute_kernel_config': 'std::nullopt'; 'dtype': 'DataType::BFLOAT16'; 'input_dtype': 'DataType::BFLOAT16'; 'is_quant_op': 'false'; 'is_sfpu': 'true'; 'is_where_op': 'false'; 'lhs_activations': '{}'; 'memory_config': 'MemoryConfig(memory_layout=TensorMemoryLayout::INTERLEAVED;buffer_type=BufferType::DRAM;shard_spec=std::nullopt;nd_shard_spec=std::nullopt;created_with_nd_shard_spec=0)'; 'post_activations': '{}'; 'rhs_activations': '{}'; 'scalar': '1'; 'sub_core_grids': 'std::nullopt'; 'subtile_broadcast_type': 'SubtileBroadcastType::NONE'; 'worker_grid': '{[(x=0;y=0) - (x=10;y=9)]}'},HiFi4,110,110,,4424963998,4425014571,50573,1205411408944,1205411413479,10386288,10386288,3359,2816,2816,,,,552,2801,1098,1888,2418,711,,,,,,1[1],1[1],128[128],32[4],TILE,BFLOAT16,DEV_1_DRAM_INTERLEAVED,1[1],1[1],128[128],32[4],TILE,BFLOAT16,DEV_1_DRAM_INTERLEAVED,,,,,,,,,,,,,,,,,,,,,,,,,,,,,,,,,,,,,,,,,,,,,,,,,,,,,,,,,1[1],1[1],128[128],32[4],TILE,BFLOAT16,DEV_1_DRAM_INTERLEAVED,,,,,,,,,,,,,,,,,['ttnn/cpp/ttnn/operations/eltwise/binary_ng/device/kernels/compute/eltwise_binary_sfpu_scalar.cpp'],['eltwise_binary_sfpu_scalar/6302317103236044736/'],['ttnn/cpp/ttnn/operations/eltwise/binary_ng/device/kernels/dataflow/reader_interleaved_no_bcast.cpp'; 'ttnn/cpp/ttnn/operations/eltwise/binary_ng/device/kernels/dataflow/writer_interleaved_scalar.cpp'],['reader_interleaved_no_bcast/15501400787415134526/'; 'writer_interleaved_scalar/13747915134593411132/'],15691238620557725211,True,1228,1256,1532,1264,1296,0,0,0,0,1,1,1,[],[],0.036,,,,,
BinaryNgDeviceOperation,tt_dnn_device,107520,0,blackhole,{'binary_op_type': 'BinaryOpType::MUL'; 'compute_kernel_config': 'std::nullopt'; 'dtype': 'DataType::BFLOAT16'; 'input_dtype': 'DataType::BFLOAT16'; 'is_quant_op': 'false'; 'is_sfpu': 'true'; 'is_where_op': 'false'; 'lhs_activations': '{}'; 'memory_config': 'MemoryConfig(memory_layout=TensorMemoryLayout::INTERLEAVED;buffer_type=BufferType::DRAM;shard_spec=std::nullopt;nd_shard_spec=std::nullopt;created_with_nd_shard_spec=0)'; 'post_activations': '{}'; 'rhs_activations': '{}'; 'scalar': '1'; 'sub_core_grids': 'std::nullopt'; 'subtile_broadcast_type': 'SubtileBroadcastType::NONE'; 'worker_grid': '{[(x=0;y=0) - (x=10;y=9)]}'},HiFi4,110,110,,4426136447,4426191629,55182,1205412985744,1205412990319,1165058,1165363,3389,2833,2833,,,,558,2828,1095,1870,2416,706,,,,,,1[1],1[1],128[128],32[4],TILE,BFLOAT16,DEV_1_DRAM_INTERLEAVED,1[1],1[1],128[128],32[4],TILE,BFLOAT16,DEV_1_DRAM_INTERLEAVED,,,,,,,,,,,,,,,,,,,,,,,,,,,,,,,,,,,,,,,,,,,,,,,,,,,,,,,,,1[1],1[1],128[128],32[4],TILE,BFLOAT16,DEV_1_DRAM_INTERLEAVED,,,,,,,,,,,,,,,,,['ttnn/cpp/ttnn/operations/eltwise/binary_ng/device/kernels/compute/eltwise_binary_sfpu_scalar.cpp'],['eltwise_binary_sfpu_scalar/6302317103236044736/'],['ttnn/cpp/ttnn/operations/eltwise/binary_ng/device/kernels/dataflow/reader_interleaved_no_bcast.cpp'; 'ttnn/cpp/ttnn/operations/eltwise/binary_ng/device/kernels/dataflow/writer_interleaved_scalar.cpp'],['reader_interleaved_no_bcast/15501400787415134526/'; 'writer_interleaved_scalar/13747915134593411132/'],15691238620557725211,True,1228,1256,1532,1264,1296,0,0,0,0,1,1,1,[],[],0.035,,,,,
LayerNormDeviceOperation,tt_dnn_device,108544,0,blackhole,{'compute_kernel_config': 'ComputeKernelConfig(math_fidelity=HiFi4;math_approx_mode=0;fp32_dest_acc_en=1;packer_l1_acc=1;dst_full_sync_en=0;throttle_level=ThrottleLevel::NO_THROTTLE)'; 'distributed_norm_stage': 'DistributedLayerNormStage::NOT_DISTRIBUTED'; 'dtype': 'std::nullopt'; 'eps': '1e-05'; 'fused_activation': 'std::nullopt'; 'norm_type': 'LayerNormType::LAYERNORM'; 'output_mem_config': 'MemoryConfig(memory_layout=TensorMemoryLayout::INTERLEAVED;buffer_type=BufferType::DRAM;shard_spec=std::nullopt;nd_shard_spec=std::nullopt;created_with_nd_shard_spec=0)'; 'program_config': 'LayerNormDefaultProgramConfig(legacy_reduction=0;legacy_rsqrt=0;use_welford=0)'},HiFi4,9,110,,81426656785,81426848540,191755,1309365309821,1309365322695,76998281534,76997525548,9536,9127,8841,,,,707,8770,4684,8308,8304,8323,,,,,,1[1],1[1],288[288],256[256],TILE,BFLOAT16,DEV_1_DRAM_INTERLEAVED,1[1],1[1],32[1],256[256],TILE,BFLOAT16,DEV_1_DRAM_INTERLEAVED,1[1],1[1],32[1],256[256],TILE,BFLOAT16,DEV_1_DRAM_INTERLEAVED,,,,,,,,,,,,,,,,,,,,,,,,,,,,,,,,,,,,,,,,,,,,,,,,,,1[1],1[1],288[288],256[256],TILE,BFLOAT16,DEV_1_DRAM_INTERLEAVED,,,,,,,,,,,,,,,,,['ttnn/cpp/ttnn/operations/normalization/layernorm/device/kernels/compute/layernorm.cpp'],['layernorm/18319883958068211404/'],['ttnn/cpp/ttnn/operations/normalization/layernorm/device/kernels/dataflow/writer_unary_interleaved_start_id_blocked.cpp'; 'ttnn/cpp/ttnn/operations/normalization/layernorm/device/kernels/dataflow/reader_unary_interleaved_ln.cpp'],['writer_unary_interleaved_start_id_blocked/1072855677011524085/'; 'reader_unary_interleaved_ln/12670039668448626785/'],4103793129536580648,False,812,2112,4888,3956,6424,0,0,0,0,1,1,1,[],[],0.011,,,,,
MatmulDeviceOperation,tt_dnn_device,109568,0,blackhole,{'bcast_batch': 'true'; 'compute_kernel_config': 'ComputeKernelConfig(math_fidelity=HiFi4;math_approx_mode=0;fp32_dest_acc_en=1;packer_l1_acc=1;dst_full_sync_en=0;throttle_level=ThrottleLevel::NO_THROTTLE)'; 'global_cb': 'std::nullopt'; 'output_dtype': 'DataType::BFLOAT16'; 'output_mem_config': 'MemoryConfig(memory_layout=TensorMemoryLayout::INTERLEAVED;buffer_type=BufferType::DRAM;shard_spec=std::nullopt;nd_shard_spec=std::nullopt;created_with_nd_shard_spec=0)'; 'output_tile': 'Tile(tile_shape={32; 32};face_shape={16; 16};num_faces=4)'; 'program_config': 'MatmulMultiCoreReuseMultiCastProgramConfig(compute_with_storage_grid_size=(x=11;y=10);in0_block_w=4;out_subblock_h=1;out_subblock_w=3;out_block_h=1;out_block_w=3;per_core_M=1;per_core_N=3;transpose_mcast=0;fused_activation=std::nullopt;fuse_batch=1)'; 'sub_device_id': 'std::nullopt'; 'transpose_a': 'false'; 'transpose_b': 'false'; 'untilize_out': 'false'; 'user_core_coord': '(x=11;y=10)'; 'user_fused_activation': 'std::nullopt'; 'user_run_batched': 'false'},HiFi4,72,110,,81923937955,81924133987,196032,1310036679821,1310036691169,497272765,497286653,8406,6627,6622,,,,556,6621,3076,3841,3787,4378,,,,,,1[1],1[1],288[288],256[256],TILE,BFLOAT16,DEV_1_DRAM_INTERLEAVED,1[1],1[1],256[256],768[768],TILE,BFLOAT16,DEV_1_DRAM_INTERLEAVED,,,,,,,,,,,,,,,,,,,,,,,,,,,,,,,,,,,,,,,,,,,,,,,,,,,,,,,,,1[1],1[1],288[288],768[768],TILE,BFLOAT16,DEV_1_DRAM_INTERLEAVED,,,,,,,,,,,,,,,,,['ttnn/cpp/ttnn/operations/matmul/device/kernels/compute/bmm_large_block_zm_fused_bias_activation.cpp'],['bmm_large_block_zm_fused_bias_activation/8566679170139907154/'],['ttnn/cpp/ttnn/operations/matmul/device/kernels/dataflow/reader_bmm_tile_layout_in0_receiver.cpp'; 'ttnn/cpp/ttnn/operations/matmul/device/kernels/dataflow/reader_bmm_tile_layout_in1_receiver_writer_padding.cpp'; 'ttnn/cpp/ttnn/operations/matmul/device/kernels/dataflow/reader_bmm_tile_layout_in1_sender_writer_padding.cpp'; 'ttnn/cpp/ttnn/operations/matmul/device/kernels/dataflow/reader_bmm_tile_layout_in0_sender_padding.cpp'],['reader_bmm_tile_layout_in0_receiver/4654232816097320520/'; 'reader_bmm_tile_layout_in1_receiver_writer_padding/11355580600086887553/'; 'reader_bmm_tile_layout_in1_sender_writer_padding/5422102895988090527/'; 'reader_bmm_tile_layout_in0_sender_padding/8631205465612179768/'],9499241353403086995,False,2144,1104,2144,1824,1996,0,0,0,0,804,746,804,[183.40298461914062; 489.0746154785156],[550.208984375],11.257,,,,,
LayerNormDeviceOperation,tt_dnn_device,110592,0,blackhole,{'compute_kernel_config': 'ComputeKernelConfig(math_fidelity=HiFi4;math_approx_mode=0;fp32_dest_acc_en=1;packer_l1_acc=1;dst_full_sync_en=0;throttle_level=ThrottleLevel::NO_THROTTLE)'; 'distributed_norm_stage': 'DistributedLayerNormStage::NOT_DISTRIBUTED'; 'dtype': 'std::nullopt'; 'eps': '1e-05'; 'fused_activation': 'std::nullopt'; 'norm_type': 'LayerNormType::LAYERNORM'; 'output_mem_config': 'MemoryConfig(memory_layout=TensorMemoryLayout::INTERLEAVED;buffer_type=BufferType::DRAM;shard_spec=std::nullopt;nd_shard_spec=std::nullopt;created_with_nd_shard_spec=0)'; 'program_config': 'LayerNormDefaultProgramConfig(legacy_reduction=0;legacy_rsqrt=0;use_welford=0)'},HiFi4,110,110,,81930237409,81930353163,115754,1310045182032,1310045350251,6290106,6290226,124607,124055,123901,,,,769,123827,116268,123417,123263,123399,,,,,,1[1],288[288],288[288],128[128],TILE,BFLOAT16,DEV_1_DRAM_INTERLEAVED,1[1],1[1],32[1],128[128],TILE,BFLOAT16,DEV_1_DRAM_INTERLEAVED,1[1],1[1],32[1],128[128],TILE,BFLOAT16,DEV_1_DRAM_INTERLEAVED,,,,,,,,,,,,,,,,,,,,,,,,,,,,,,,,,,,,,,,,,,,,,,,,,,1[1],288[288],288[288],128[128],TILE,BFLOAT16,DEV_1_DRAM_INTERLEAVED,,,,,,,,,,,,,,,,,['ttnn/cpp/ttnn/operations/normalization/layernorm/device/kernels/compute/layernorm.cpp'],['layernorm/14806225178095602344/'],['ttnn/cpp/ttnn/operations/normalization/layernorm/device/kernels/dataflow/writer_unary_interleaved_start_id_blocked.cpp'; 'ttnn/cpp/ttnn/operations/normalization/layernorm/device/kernels/dataflow/reader_unary_interleaved_ln.cpp'],['writer_unary_interleaved_start_id_blocked/1072855677011524085/'; 'reader_unary_interleaved_ln/12670039668448626785/'],2703445868539915113,False,812,2112,4672,4696,5564,0,0,0,0,1,1,1,[],[],0.001,,,,,
MatmulDeviceOperation,tt_dnn_device,111616,0,blackhole,{'bcast_batch': 'true'; 'compute_kernel_config': 'ComputeKernelConfig(math_fidelity=HiFi4;math_approx_mode=0;fp32_dest_acc_en=1;packer_l1_acc=1;dst_full_sync_en=0;throttle_level=ThrottleLevel::NO_THROTTLE)'; 'global_cb': 'std::nullopt'; 'output_dtype': 'DataType::BFLOAT16'; 'output_mem_config': 'MemoryConfig(memory_layout=TensorMemoryLayout::INTERLEAVED;buffer_type=BufferType::DRAM;shard_spec=std::nullopt;nd_shard_spec=std::nullopt;created_with_nd_shard_spec=0)'; 'output_tile': 'Tile(tile_shape={32; 32};face_shape={16; 16};num_faces=4)'; 'program_config': 'MatmulMultiCoreReuseMultiCast1DProgramConfig(compute_with_storage_grid_size=(x=11;y=10);in0_block_w=4;out_subblock_h=1;out_subblock_w=1;out_block_h=5;out_block_w=1;per_core_M=25;per_core_N=1;fuse_batch=1;fused_activation=std::nullopt;mcast_in0=0;gather_in0=0;hop_cores={};num_global_cb_receivers=1;untilize_out=0)'; 'sub_device_id': 'std::nullopt'; 'transpose_a': 'false'; 'transpose_b': 'false'; 'untilize_out': 'false'; 'user_core_coord': 'std::nullopt'; 'user_fused_activation': 'std::nullopt'; 'user_run_batched': 'false'},HiFi4,104,110,,81937766357,81937943696,177339,1310055356925,1310055484117,7413877,7413817,94216,92704,92701,,,,647,92701,90421,91129,91531,91553,,,,,,1[1],288[288],288[288],128[128],TILE,BFLOAT16,DEV_1_DRAM_INTERLEAVED,1[1],1[1],128[128],32[8],TILE,BFLOAT16,DEV_1_DRAM_INTERLEAVED,,,,,,,,,,,,,,,,,,,,,,,,,,,,,,,,,,,,,,,,,,,,,,,,,,,,,,,,,1[1],288[288],288[288],32[8],TILE,BFLOAT16,DEV_1_DRAM_INTERLEAVED,,,,,,,,,,,,,,,,,['ttnn/cpp/ttnn/operations/matmul/device/kernels/compute/bmm_large_block_zm_fused_bias_activation.cpp'],['bmm_large_block_zm_fused_bias_activation/110771084487296781/'],['ttnn/cpp/ttnn/operations/matmul/device/kernels/dataflow/reader_bmm_tile_layout_in1_receiver_writer_padding.cpp'; 'ttnn/cpp/ttnn/operations/matmul/device/kernels/dataflow/reader_bmm_tile_layout_in1_sender_writer_padding.cpp'; 'ttnn/cpp/ttnn/operations/matmul/device/kernels/dataflow/reader_bmm_tile_layout_in0_sender_padding.cpp'],['reader_bmm_tile_layout_in1_receiver_writer_padding/4950289860550707270/'; 'reader_bmm_tile_layout_in1_sender_writer_padding/13465886954871218074/'; 'reader_bmm_tile_layout_in0_sender_padding/5163765105817206461/'],5614644772281060810,False,1964,856,1676,1564,1748,0,0,0,0,38623,1118,38623,[549.767333984375; 0.21210159361362457],[137.44183349609375],1.206,,,,,
PermuteDeviceOperation,tt_dnn_device,112640,0,blackhole,{'dims': '{0; 3; 1; 2}'; 'output_mem_config': 'MemoryConfig(memory_layout=TensorMemoryLayout::INTERLEAVED;buffer_type=BufferType::DRAM;shard_spec=std::nullopt;nd_shard_spec=std::nullopt;created_with_nd_shard_spec=0)'; 'pad_value': '0'},HiFi4,110,110,,81944141562,81944313860,172298,1310063946365,1310063997169,6268888,6268888,37633,37074,37074,,,,597,37017,33439,33473,31898,35042,,,,,,1[1],288[288],288[288],32[8],TILE,BFLOAT16,DEV_1_DRAM_INTERLEAVED,,,,,,,,,,,,,,,,,,,,,,,,,,,,,,,,,,,,,,,,,,,,,,,,,,,,,,,,,,,,,,,,1[1],8[8],288[288],288[288],TILE,BFLOAT16,DEV_1_DRAM_INTERLEAVED,,,,,,,,,,,,,,,,,['ttnn/cpp/ttnn/operations/data_movement/transpose/device/kernels/compute/transpose_wh.cpp'],['transpose_wh/14581025993053660267/'],['ttnn/cpp/ttnn/operations/data_movement/permute/device/kernels/dataflow/writer_permute_interleaved_tiled_row_invariant.cpp'; 'ttnn/cpp/ttnn/operations/data_movement/transpose/device/kernels/dataflow/reader_unary_transpose_hc_interleaved_tiled_padding_aware.cpp'],['writer_permute_interleaved_tiled_row_invariant/12258235698934258610/'; 'reader_unary_transpose_hc_interleaved_tiled_padding_aware/8106108285849505195/'],6020671882704238326,False,1340,944,1140,648,1296,0,0,0,0,20388,20388,9655,[260.36962890625],[65.0924072265625],54.993,,,,,
NlpCreateHeadsDeviceOperation,tt_dnn_device,113664,0,blackhole,{'head_dim': '32'; 'num_kv_heads': '8'; 'num_q_heads': '8'; 'output_mem_config': 'MemoryConfig(memory_layout=TensorMemoryLayout::INTERLEAVED;buffer_type=BufferType::DRAM;shard_spec=std::nullopt;nd_shard_spec=std::nullopt;created_with_nd_shard_spec=0)'; 'transpose_k_heads': 'false'},,9,110,,81948832229,81948928027,95798,1310070275737,1310070291525,4651552,4651552,11695,11090,11090,,,,72,11090,10749,,,,,,,,,1[1],1[1],288[288],768[768],TILE,BFLOAT16,DEV_1_DRAM_INTERLEAVED,,,,,,,,,,,,,,,,,,,,,,,,,,,,,,,,,,,,,,,,,,,,,,,,,,,,,,,,,,,,,,,,1[1],8[8],288[288],32[32],TILE,BFLOAT16,DEV_1_DRAM_INTERLEAVED,1[1],8[8],288[288],32[32],TILE,BFLOAT16,DEV_1_DRAM_INTERLEAVED,1[1],8[8],288[288],32[32],TILE,BFLOAT16,DEV_1_DRAM_INTERLEAVED,,,[],[],['ttnn/cpp/ttnn/operations/experimental/transformer/nlp_create_qkv_heads/device/kernels/dataflow/writer_tm_tile_layout_nlp_create_qkv_heads.cpp'; 'ttnn/cpp/ttnn/operations/experimental/transformer/nlp_create_qkv_heads/device/kernels/dataflow/reader_tm_tile_layout_nlp_create_qkv_heads.cpp'],['writer_tm_tile_layout_nlp_create_qkv_heads/965791010040149192/'; 'reader_tm_tile_layout_nlp_create_qkv_heads/14654666027295310639/'],4559056731499526171,False,1988,1728,0,0,0,0,0,0,0,1,1,1,[],[],0.009,,,,,
TransposeDeviceOperation,tt_dnn_device,114688,0,blackhole,{'dim': 'TransposeOpDim::WH'; 'output_mem_config': 'MemoryConfig(memory_layout=TensorMemoryLayout::INTERLEAVED;buffer_type=BufferType::DRAM;shard_spec=std::nullopt;nd_shard_spec=std::nullopt;created_with_nd_shard_spec=0)'; 'pad_value': '0'},HiFi4,110,110,,81953301097,81953407313,106216,1310076315839,1310076318960,4462826,4462826,2312,1754,1754,,,,618,1678,1243,1237,639,737,,,,,,1[1],8[8],288[288],32[32],TILE,BFLOAT16,DEV_1_DRAM_INTERLEAVED,,,,,,,,,,,,,,,,,,,,,,,,,,,,,,,,,,,,,,,,,,,,,,,,,,,,,,,,,,,,,,,,1[1],8[8],32[32],288[288],TILE,BFLOAT16,DEV_1_DRAM_INTERLEAVED,,,,,,,,,,,,,,,,,['ttnn/cpp/ttnn/operations/data_movement/transpose/device/kernels/compute/transpose_wh.cpp'],['transpose_wh/14581025993053660267/'],['ttnn/cpp/ttnn/operations/eltwise/unary/device/kernels/dataflow/writer_unary_interleaved_start_id.cpp'; 'ttnn/cpp/ttnn/operations/data_movement/transpose/device/kernels/dataflow/reader_unary_transpose_wh_interleaved_start_id.cpp'],['writer_unary_interleaved_start_id/6276820466797607771/'; 'reader_unary_transpose_wh_interleaved_start_id/890651917070584162/'],16461604712205784317,False,1000,1012,1140,648,1296,0,0,0,0,1281,1281,268,[115.11006927490234],[115.11006927490234],73.033,,,,,
MatmulDeviceOperation,tt_dnn_device,115712,0,blackhole,{'bcast_batch': 'false'; 'compute_kernel_config': 'ComputeKernelConfig(math_fidelity=HiFi4;math_approx_mode=0;fp32_dest_acc_en=1;packer_l1_acc=1;dst_full_sync_en=0;throttle_level=ThrottleLevel::NO_THROTTLE)'; 'global_cb': 'std::nullopt'; 'output_dtype': 'DataType::BFLOAT16'; 'output_mem_config': 'MemoryConfig(memory_layout=TensorMemoryLayout::INTERLEAVED;buffer_type=BufferType::DRAM;shard_spec=std::nullopt;nd_shard_spec=std::nullopt;created_with_nd_shard_spec=0)'; 'output_tile': 'Tile(tile_shape={32; 32};face_shape={16; 16};num_faces=4)'; 'program_config': 'MatmulMultiCoreReuseProgramConfig(compute_with_storage_grid_size=(x=8;y=8);in0_block_w=1;out_subblock_h=1;out_subblock_w=3;per_core_M=9;per_core_N=9)'; 'sub_device_id': 'std::nullopt'; 'transpose_a': 'false'; 'transpose_b': 'false'; 'untilize_out': 'false'; 'user_core_coord': '(x=8;y=8)'; 'user_fused_activation': 'std::nullopt'; 'user_run_batched': 'true'},HiFi4,8,110,,82304914228,82305063905,149677,1310551008884,1310551033462,351624253,351624253,18206,17566,17566,,,,86,17562,1653,5255,5569,6020,,,,,,1[1],8[8],288[288],32[32],TILE,BFLOAT16,DEV_1_DRAM_INTERLEAVED,1[1],8[8],32[32],288[288],TILE,BFLOAT16,DEV_1_DRAM_INTERLEAVED,,,,,,,,,,,,,,,,,,,,,,,,,,,,,,,,,,,,,,,,,,,,,,,,,,,,,,,,,1[1],8[8],288[288],288[288],TILE,BFLOAT16,DEV_1_DRAM_INTERLEAVED,,,,,,,,,,,,,,,,,['ttnn/cpp/ttnn/operations/matmul/device/kernels/compute/bmm_large_block_zm_fused_bias_activation.cpp'],['bmm_large_block_zm_fused_bias_activation/15234362582263845879/'],['ttnn/cpp/ttnn/operations/matmul/device/kernels/dataflow/reader_writer_bmm_tile_layout_in1.cpp'; 'ttnn/cpp/ttnn/operations/matmul/device/kernels/dataflow/reader_bmm_tile_layout_in0.cpp'],['reader_writer_bmm_tile_layout_in1/5963652661226992344/'; 'reader_bmm_tile_layout_in0/3077350800227034951/'],7761915241644997478,False,1120,712,1388,1464,1804,0,0,0,0,2413,280,2413,[61.10899353027344; 61.10899353027344],[549.98095703125],1.594,,,,,
TypecastDeviceOperation,tt_dnn_device,116736,0,blackhole,{'bfp8_pack_precise': 'false'; 'fp32_dest_acc_en': 'true'; 'input_dtype': 'DataType::BFLOAT16'; 'output_dtype': 'DataType::FLOAT32'; 'output_memory_config': 'MemoryConfig(memory_layout=TensorMemoryLayout::INTERLEAVED;buffer_type=BufferType::DRAM;shard_spec=std::nullopt;nd_shard_spec=std::nullopt;created_with_nd_shard_spec=0)'; 'preserve_fp32_precision': 'false'; 'sub_core_grids': 'std::nullopt'},HiFi4,110,110,,82605727829,82605828295,100466,1310957135431,1310957154492,300811892,300830340,14119,12079,12079,,,,608,12077,6119,6131,10596,11597,,,,,,1[1],8[8],288[288],288[288],TILE,BFLOAT16,DEV_1_DRAM_INTERLEAVED,,,,,,,,,,,,,,,,,,,,,,,,,,,,,,,,,,,,,,,,,,,,,,,,,,,,,,,,,,,,,,,,1[1],8[8],288[288],288[288],TILE,FLOAT32,DEV_1_DRAM_INTERLEAVED,,,,,,,,,,,,,,,,,['ttnn/cpp/ttnn/operations/copy/typecast/device/kernels/compute/eltwise_typecast.cpp'],['eltwise_typecast/9531996397938577704/'],['ttnn/cpp/ttnn/operations/eltwise/unary/device/kernels/dataflow/writer_unary_interleaved_start_id.cpp'; 'ttnn/cpp/ttnn/operations/eltwise/unary/device/kernels/dataflow/reader_unary_interleaved_start_id.cpp'],['writer_unary_interleaved_start_id/808015986803896428/'; 'reader_unary_interleaved_start_id/10624578204480920158/'],1717763057158984236,False,1000,928,1076,952,1268,0,0,0,0,1,1,1,[],[],0.008,,,,,
TypecastDeviceOperation,tt_dnn_device,117760,0,blackhole,{'bfp8_pack_precise': 'false'; 'fp32_dest_acc_en': 'true'; 'input_dtype': 'DataType::BFLOAT16'; 'output_dtype': 'DataType::FLOAT32'; 'output_memory_config': 'MemoryConfig(memory_layout=TensorMemoryLayout::INTERLEAVED;buffer_type=BufferType::DRAM;shard_spec=std::nullopt;nd_shard_spec=std::nullopt;created_with_nd_shard_spec=0)'; 'preserve_fp32_precision': 'false'; 'sub_core_grids': 'std::nullopt'},HiFi4,110,110,,82606048212,82606093666,45454,1310957573500,1310957593030,312419,312419,14467,12426,12426,,,,586,12426,6058,6110,10989,12015,,,,,,1[1],8[8],288[288],288[288],TILE,BFLOAT16,DEV_1_DRAM_INTERLEAVED,,,,,,,,,,,,,,,,,,,,,,,,,,,,,,,,,,,,,,,,,,,,,,,,,,,,,,,,,,,,,,,,1[1],8[8],288[288],288[288],TILE,FLOAT32,DEV_1_DRAM_INTERLEAVED,,,,,,,,,,,,,,,,,['ttnn/cpp/ttnn/operations/copy/typecast/device/kernels/compute/eltwise_typecast.cpp'],['eltwise_typecast/9531996397938577704/'],['ttnn/cpp/ttnn/operations/eltwise/unary/device/kernels/dataflow/writer_unary_interleaved_start_id.cpp'; 'ttnn/cpp/ttnn/operations/eltwise/unary/device/kernels/dataflow/reader_unary_interleaved_start_id.cpp'],['writer_unary_interleaved_start_id/808015986803896428/'; 'reader_unary_interleaved_start_id/10624578204480920158/'],1717763057158984236,True,1000,928,1076,952,1268,0,0,0,0,1,1,1,[],[],0.008,,,,,
BinaryNgDeviceOperation,tt_dnn_device,118784,0,blackhole,{'binary_op_type': 'BinaryOpType::MUL'; 'compute_kernel_config': 'std::nullopt'; 'dtype': 'DataType::FLOAT32'; 'input_dtype': 'DataType::FLOAT32'; 'is_quant_op': 'false'; 'is_sfpu': 'true'; 'is_where_op': 'false'; 'lhs_activations': '{}'; 'memory_config': 'MemoryConfig(memory_layout=TensorMemoryLayout::INTERLEAVED;buffer_type=BufferType::DRAM;shard_spec=std::nullopt;nd_shard_spec=std::nullopt;created_with_nd_shard_spec=0)'; 'post_activations': '{}'; 'rhs_activations': '{}'; 'scalar': '1'; 'sub_core_grids': 'std::nullopt'; 'subtile_broadcast_type': 'SubtileBroadcastType::NONE'; 'worker_grid': '{[(x=0;y=0) - (x=10;y=9)]}'},HiFi4,110,110,,82611567893,82611653121,85228,1310965023445,1310965046536,5504510,5504510,17104,16545,16545,,,,566,16545,11076,15440,15519,15887,,,,,,1[1],8[8],288[288],288[288],TILE,FLOAT32,DEV_1_DRAM_INTERLEAVED,,,,,,,,,,,,,,,,,,,,,,,,,,,,,,,,,,,,,,,,,,,,,,,,,,,,,,,,,,,,,,,,1[1],8[8],288[288],288[288],TILE,FLOAT32,DEV_1_DRAM_INTERLEAVED,,,,,,,,,,,,,,,,,['ttnn/cpp/ttnn/operations/eltwise/binary_ng/device/kernels/compute/eltwise_binary_sfpu_scalar.cpp'],['eltwise_binary_sfpu_scalar/3587141111786362306/'],['ttnn/cpp/ttnn/operations/eltwise/binary_ng/device/kernels/dataflow/reader_interleaved_no_bcast.cpp'; 'ttnn/cpp/ttnn/operations/eltwise/binary_ng/device/kernels/dataflow/writer_interleaved_scalar.cpp'],['reader_interleaved_no_bcast/1193013300382676517/'; 'writer_interleaved_scalar/11954420667241610979/'],15813396155379461253,False,1228,1224,2100,1348,1292,0,0,0,0,1,1,1,[],[],0.006,,,,,
BinaryNgDeviceOperation,tt_dnn_device,119808,0,blackhole,{'binary_op_type': 'BinaryOpType::MUL'; 'compute_kernel_config': 'std::nullopt'; 'dtype': 'DataType::FLOAT32'; 'input_dtype': 'DataType::FLOAT32'; 'is_quant_op': 'false'; 'is_sfpu': 'true'; 'is_where_op': 'false'; 'lhs_activations': '{}'; 'memory_config': 'MemoryConfig(memory_layout=TensorMemoryLayout::INTERLEAVED;buffer_type=BufferType::DRAM;shard_spec=std::nullopt;nd_shard_spec=std::nullopt;created_with_nd_shard_spec=0)'; 'post_activations': '{}'; 'rhs_activations': '{}'; 'scalar': '0'; 'sub_core_grids': 'std::nullopt'; 'subtile_broadcast_type': 'SubtileBroadcastType::NONE'; 'worker_grid': '{[(x=0;y=0) - (x=10;y=9)]}'},HiFi4,110,110,,82611887224,82611938639,51415,1310965460053,1310965483434,306859,306870,17319,16767,16766,,,,562,16756,11095,15533,15615,16061,,,,,,1[1],8[8],288[288],288[288],TILE,FLOAT32,DEV_1_DRAM_INTERLEAVED,,,,,,,,,,,,,,,,,,,,,,,,,,,,,,,,,,,,,,,,,,,,,,,,,,,,,,,,,,,,,,,,1[1],8[8],288[288],288[288],TILE,FLOAT32,DEV_1_DRAM_INTERLEAVED,,,,,,,,,,,,,,,,,['ttnn/cpp/ttnn/operations/eltwise/binary_ng/device/kernels/compute/eltwise_binary_sfpu_scalar.cpp'],['eltwise_binary_sfpu_scalar/3587141111786362306/'],['ttnn/cpp/ttnn/operations/eltwise/binary_ng/device/kernels/dataflow/reader_interleaved_no_bcast.cpp'; 'ttnn/cpp/ttnn/operations/eltwise/binary_ng/device/kernels/dataflow/writer_interleaved_scalar.cpp'],['reader_interleaved_no_bcast/1193013300382676517/'; 'writer_interleaved_scalar/11954420667241610979/'],15813396155379461253,True,1228,1224,2100,1348,1292,0,0,0,0,1,1,1,[],[],0.006,,,,,
BinaryNgDeviceOperation,tt_dnn_device,120832,0,blackhole,{'binary_op_type': 'BinaryOpType::ADD'; 'compute_kernel_config': 'std::nullopt'; 'dtype': 'DataType::FLOAT32'; 'input_dtype': 'DataType::FLOAT32'; 'is_quant_op': 'false'; 'is_sfpu': 'true'; 'is_where_op': 'false'; 'lhs_activations': '{BasicUnaryWithParam<float; int; unsigned int>(base=BasicUnaryWithParam<float>(op_type=UnaryOpType::MUL_UNARY_SFPU;param={0.176777}))}'; 'memory_config': 'MemoryConfig(memory_layout=TensorMemoryLayout::INTERLEAVED;buffer_type=BufferType::DRAM;shard_spec=std::nullopt;nd_shard_spec=std::nullopt;created_with_nd_shard_spec=0)'; 'post_activations': '{}'; 'rhs_activations': '{}'; 'scalar': 'std::nullopt'; 'sub_core_grids': 'std::nullopt'; 'subtile_broadcast_type': 'SubtileBroadcastType::NONE'; 'worker_grid': '{[(x=0;y=0) - (x=10;y=9)]}'},HiFi4,110,110,,82617188782,82617289158,100376,1310972611716,1310972644972,5280685,5280843,24634,24070,24067,,,,559,24062,23012,23459,23544,23196,,,,,,1[1],8[8],288[288],288[288],TILE,FLOAT32,DEV_1_DRAM_INTERLEAVED,1[1],8[8],288[288],288[288],TILE,FLOAT32,DEV_1_DRAM_INTERLEAVED,,,,,,,,,,,,,,,,,,,,,,,,,,,,,,,,,,,,,,,,,,,,,,,,,,,,,,,,,1[1],8[8],288[288],288[288],TILE,FLOAT32,DEV_1_DRAM_INTERLEAVED,,,,,,,,,,,,,,,,,['ttnn/cpp/ttnn/operations/eltwise/binary_ng/device/kernels/compute/eltwise_binary_sfpu_no_bcast.cpp'],['eltwise_binary_sfpu_no_bcast/14546352100034836009/'],['ttnn/cpp/ttnn/operations/eltwise/binary_ng/device/kernels_ng/dataflow/reader_interleaved_no_bcast.cpp'; 'ttnn/cpp/ttnn/operations/eltwise/binary_ng/device/kernels_ng/dataflow/writer_interleaved_no_bcast.cpp'],['reader_interleaved_no_bcast/4062015061431556712/'; 'writer_interleaved_no_bcast/15687401595948906457/'],13275960590458526551,False,1108,1652,2504,1824,1556,0,0,0,0,1,1,1,[],[],0.004,,,,,
BinaryNgDeviceOperation,tt_dnn_device,121856,0,blackhole,{'binary_op_type': 'BinaryOpType::MUL'; 'compute_kernel_config': 'std::nullopt'; 'dtype': 'DataType::FLOAT32'; 'input_dtype': 'DataType::FLOAT32'; 'is_quant_op': 'false'; 'is_sfpu': 'true'; 'is_where_op': 'false'; 'lhs_activations': '{}'; 'memory_config': 'MemoryConfig(memory_layout=TensorMemoryLayout::INTERLEAVED;buffer_type=BufferType::DRAM;shard_spec=std::nullopt;nd_shard_spec=std::nullopt;created_with_nd_shard_spec=0)'; 'post_activations': '{}'; 'rhs_activations': '{}'; 'scalar': '0.17677669'; 'sub_core_grids': 'std::nullopt'; 'subtile_broadcast_type': 'SubtileBroadcastType::NONE'; 'worker_grid': '{[(x=0;y=0) - (x=10;y=9)]}'},HiFi4,110,110,,82617356432,82617402357,45925,1310972846442,1310972870353,149792,149792,17712,17164,17164,,,,554,17164,11205,16046,16122,16464,,,,,,1[1],8[8],288[288],288[288],TILE,FLOAT32,DEV_1_DRAM_INTERLEAVED,,,,,,,,,,,,,,,,,,,,,,,,,,,,,,,,,,,,,,,,,,,,,,,,,,,,,,,,,,,,,,,,1[1],8[8],288[288],288[288],TILE,FLOAT32,DEV_1_DRAM_INTERLEAVED,,,,,,,,,,,,,,,,,['ttnn/cpp/ttnn/operations/eltwise/binary_ng/device/kernels/compute/eltwise_binary_sfpu_scalar.cpp'],['eltwise_binary_sfpu_scalar/3587141111786362306/'],['ttnn/cpp/ttnn/operations/eltwise/binary_ng/device/kernels/dataflow/reader_interleaved_no_bcast.cpp'; 'ttnn/cpp/ttnn/operations/eltwise/binary_ng/device/kernels/dataflow/writer_interleaved_scalar.cpp'],['reader_interleaved_no_bcast/1193013300382676517/'; 'writer_interleaved_scalar/11954420667241610979/'],15813396155379461253,True,1228,1224,2100,1348,1292,0,0,0,0,1,1,1,[],[],0.006,,,,,
BinaryNgDeviceOperation,tt_dnn_device,122880,0,blackhole,{'binary_op_type': 'BinaryOpType::SUB'; 'compute_kernel_config': 'std::nullopt'; 'dtype': 'DataType::FLOAT32'; 'input_dtype': 'DataType::FLOAT32'; 'is_quant_op': 'false'; 'is_sfpu': 'true'; 'is_where_op': 'false'; 'lhs_activations': '{}'; 'memory_config': 'MemoryConfig(memory_layout=TensorMemoryLayout::INTERLEAVED;buffer_type=BufferType::DRAM;shard_spec=std::nullopt;nd_shard_spec=std::nullopt;created_with_nd_shard_spec=0)'; 'post_activations': '{}'; 'rhs_activations': '{}'; 'scalar': 'std::nullopt'; 'sub_core_grids': 'std::nullopt'; 'subtile_broadcast_type': 'SubtileBroadcastType::NONE'; 'worker_grid': '{[(x=0;y=0) - (x=10;y=9)]}'},HiFi4,110,110,,82622576299,82622659773,83474,1310979891452,1310979922867,5201376,5201487,23270,22700,22699,,,,558,22699,21937,22086,22172,20381,,,,,,1[1],8[8],288[288],288[288],TILE,FLOAT32,DEV_1_DRAM_INTERLEAVED,1[1],8[8],288[288],288[288],TILE,FLOAT32,DEV_1_DRAM_INTERLEAVED,,,,,,,,,,,,,,,,,,,,,,,,,,,,,,,,,,,,,,,,,,,,,,,,,,,,,,,,,1[1],8[8],288[288],288[288],TILE,FLOAT32,DEV_1_DRAM_INTERLEAVED,,,,,,,,,,,,,,,,,['ttnn/cpp/ttnn/operations/eltwise/binary_ng/device/kernels/compute/eltwise_binary_sfpu_no_bcast.cpp'],['eltwise_binary_sfpu_no_bcast/2972092960896372343/'],['ttnn/cpp/ttnn/operations/eltwise/binary_ng/device/kernels_ng/dataflow/reader_interleaved_no_bcast.cpp'; 'ttnn/cpp/ttnn/operations/eltwise/binary_ng/device/kernels_ng/dataflow/writer_interleaved_no_bcast.cpp'],['reader_interleaved_no_bcast/1658512407459465037/'; 'writer_interleaved_no_bcast/17590832996174141580/'],12571647483804383901,False,1108,1652,2016,1348,1292,0,0,0,0,1,1,1,[],[],0.004,,,,,
UnaryNgDeviceOperation,tt_dnn_device,123904,0,blackhole,{'bfp8_pack_precise': 'false'; 'fp32_dest_acc_en': 'true'; 'memory_config': 'MemoryConfig(memory_layout=TensorMemoryLayout::INTERLEAVED;buffer_type=BufferType::DRAM;shard_spec=std::nullopt;nd_shard_spec=std::nullopt;created_with_nd_shard_spec=0)'; 'op_chain': '{BasicUnaryWithParam<float; int; unsigned int>(base=BasicUnaryWithParam<float>(op_type=UnaryOpType::ABS;param={}))}'; 'output_dtype': 'DataType::FLOAT32'; 'preserve_fp32_precision': 'true'; 'sub_core_grids': 'std::nullopt'; 'worker_grid': '{[(x=0;y=0) - (x=10;y=9)]}'},HiFi4,110,110,,82627960931,82628029828,68897,1310987153462,1310987174710,5356521,5356521,15739,15171,15171,,,,558,15171,10974,14459,14521,14755,,,,,,1[1],8[8],288[288],288[288],TILE,FLOAT32,DEV_1_DRAM_INTERLEAVED,,,,,,,,,,,,,,,,,,,,,,,,,,,,,,,,,,,,,,,,,,,,,,,,,,,,,,,,,,,,,,,,1[1],8[8],288[288],288[288],TILE,FLOAT32,DEV_1_DRAM_INTERLEAVED,,,,,,,,,,,,,,,,,['ttnn/cpp/ttnn/operations/eltwise/unary_ng/device/kernels/compute/eltwise_sfpu.cpp'],['eltwise_sfpu/12126708680960502962/'],['ttnn/cpp/ttnn/operations/eltwise/unary_ng/device/kernels/dataflow/writer_unary_ng.cpp'; 'ttnn/cpp/ttnn/operations/eltwise/unary_ng/device/kernels/dataflow/reader_unary_ng.cpp'],['writer_unary_ng/11946944830141593233/'; 'reader_unary_ng/16384993297340005514/'],14631556711274172741,False,1000,928,1420,896,1260,0,0,0,0,1,1,1,[],[],0.007,,,,,
ReduceDeviceOperation,tt_dnn_device,124928,0,blackhole,{'compute_kernel_config': 'ComputeKernelConfig(math_fidelity=HiFi4;math_approx_mode=0;fp32_dest_acc_en=1;packer_l1_acc=0;dst_full_sync_en=0;throttle_level=ThrottleLevel::NO_THROTTLE)'; 'dim': 'ReduceOpDim::W'; 'math_op': 'ReduceOpMath::MAX'; 'negate': 'false'; 'output_dtype': 'DataType::FLOAT32'; 'output_mem_config': 'MemoryConfig(memory_layout=TensorMemoryLayout::INTERLEAVED;buffer_type=BufferType::DRAM;shard_spec=std::nullopt;nd_shard_spec=std::nullopt;created_with_nd_shard_spec=0)'; 'scaler': '1'; 'sub_core_grids': 'std::nullopt'},HiFi4,72,110,,82633002247,82633070093,67846,1310993958236,1310993973333,5025604,5025843,11183,10204,10203,,,,559,10203,9715,9753,9762,761,,,,,,1[1],8[8],288[288],288[288],TILE,FLOAT32,DEV_1_DRAM_INTERLEAVED,,,,,,,,,,,,,,,,,,,,,,,,,,,,,,,,,,,,,,,,,,,,,,,,,,,,,,,,,,,,,,,,1[1],8[8],288[288],32[1],TILE,FLOAT32,DEV_1_DRAM_INTERLEAVED,,,,,,,,,,,,,,,,,['ttnn/cpp/ttnn/operations/reduction/generic/device/kernels/compute/reduce_w.cpp'],['reduce_w/7377275767001527157/'],['ttnn/cpp/ttnn/operations/eltwise/unary/device/kernels/dataflow/writer_unary_interleaved_start_id.cpp'; 'ttnn/cpp/ttnn/operations/reduction/generic/device/kernels/dataflow/reader_unary_reduce_universal_start_id.cpp'],['writer_unary_interleaved_start_id/10757693452745113454/'; 'reader_unary_reduce_universal_start_id/7696484559506021702/'],6741529871893567688,False,1000,884,1168,760,1168,0,0,0,0,1,1,1,[],[],0.01,,,,,
ReduceDeviceOperation,tt_dnn_device,125952,0,blackhole,{'compute_kernel_config': 'ComputeKernelConfig(math_fidelity=HiFi4;math_approx_mode=0;fp32_dest_acc_en=1;packer_l1_acc=0;dst_full_sync_en=0;throttle_level=ThrottleLevel::NO_THROTTLE)'; 'dim': 'ReduceOpDim::H'; 'math_op': 'ReduceOpMath::MAX'; 'negate': 'false'; 'output_dtype': 'DataType::FLOAT32'; 'output_mem_config': 'MemoryConfig(memory_layout=TensorMemoryLayout::INTERLEAVED;buffer_type=BufferType::DRAM;shard_spec=std::nullopt;nd_shard_spec=std::nullopt;created_with_nd_shard_spec=0)'; 'scaler': '1'; 'sub_core_grids': 'std::nullopt'},HiFi4,8,110,,82637607277,82637670564,63287,1311000171220,1311000179267,4591624,4592042,5961,5320,5319,,,,88,5307,4849,4889,3923,279,,,,,,1[1],8[8],288[288],32[1],TILE,FLOAT32,DEV_1_DRAM_INTERLEAVED,,,,,,,,,,,,,,,,,,,,,,,,,,,,,,,,,,,,,,,,,,,,,,,,,,,,,,,,,,,,,,,,1[1],8[8],32[1],32[1],TILE,FLOAT32,DEV_1_DRAM_INTERLEAVED,,,,,,,,,,,,,,,,,['ttnn/cpp/ttnn/operations/reduction/generic/device/kernels/compute/reduce_h.cpp'],['reduce_h/16603860791444939960/'],['ttnn/cpp/ttnn/operations/eltwise/unary/device/kernels/dataflow/writer_unary_interleaved_start_id.cpp'; 'ttnn/cpp/ttnn/operations/reduction/generic/device/kernels/dataflow/reader_unary_transpose_wh_universal_input_cols_partitioned.cpp'],['writer_unary_interleaved_start_id/11046027572020512892/'; 'reader_unary_transpose_wh_universal_input_cols_partitioned/5045501290562950722/'],10112274478059574585,False,1000,1064,1164,1020,1168,0,0,0,0,1,1,1,[],[],0.019,,,,,
TransposeDeviceOperation,tt_dnn_device,126976,0,blackhole,{'dim': 'TransposeOpDim::HC'; 'output_mem_config': 'MemoryConfig(memory_layout=TensorMemoryLayout::INTERLEAVED;buffer_type=BufferType::DRAM;shard_spec=std::nullopt;nd_shard_spec=std::nullopt;created_with_nd_shard_spec=0)'; 'pad_value': '-inf'},,110,110,,82640790666,82640863200,72534,1311004474699,1311004478288,3182512,3182512,2659,2086,2086,,,,568,2086,1764,,,,,,,,,1[1],8[8],32[1],32[1],TILE,FLOAT32,DEV_1_DRAM_INTERLEAVED,,,,,,,,,,,,,,,,,,,,,,,,,,,,,,,,,,,,,,,,,,,,,,,,,,,,,,,,,,,,,,,,1[1],1[1],32[8],32[1],TILE,FLOAT32,DEV_1_DRAM_INTERLEAVED,,,,,,,,,,,,,,,,,[],[],['ttnn/cpp/ttnn/operations/data_movement/transpose/device/kernels/dataflow/writer_unary_transpose_hc_interleaved_tiled_padding_aware.cpp'; 'ttnn/cpp/ttnn/operations/data_movement/transpose/device/kernels/dataflow/reader_unary_transpose_hc_interleaved_tiled_padding_aware.cpp'],['writer_unary_transpose_hc_interleaved_tiled_padding_aware/9389716217292500328/'; 'reader_unary_transpose_hc_interleaved_tiled_padding_aware/18817116345919172/'],14337646928815044766,False,1092,1012,0,0,0,0,0,0,0,610,610,59,[53.71803283691406],[6.714754104614258],29.243,,,,,
ReduceDeviceOperation,tt_dnn_device,128000,0,blackhole,{'compute_kernel_config': 'ComputeKernelConfig(math_fidelity=HiFi4;math_approx_mode=0;fp32_dest_acc_en=1;packer_l1_acc=0;dst_full_sync_en=0;throttle_level=ThrottleLevel::NO_THROTTLE)'; 'dim': 'ReduceOpDim::H'; 'math_op': 'ReduceOpMath::MAX'; 'negate': 'false'; 'output_dtype': 'DataType::FLOAT32'; 'output_mem_config': 'MemoryConfig(memory_layout=TensorMemoryLayout::INTERLEAVED;buffer_type=BufferType::DRAM;shard_spec=std::nullopt;nd_shard_spec=std::nullopt;created_with_nd_shard_spec=0)'; 'scaler': '1'; 'sub_core_grids': 'std::nullopt'},HiFi4,1,110,,82644885802,82644948418,62616,1311009997517,1311009999940,4088154,4088887,1795,1242,1240,,,,28,1214,769,815,96,221,,,,,,1[1],1[1],32[8],32[1],TILE,FLOAT32,DEV_1_DRAM_INTERLEAVED,,,,,,,,,,,,,,,,,,,,,,,,,,,,,,,,,,,,,,,,,,,,,,,,,,,,,,,,,,,,,,,,1[1],1[1],32[1],32[1],TILE,FLOAT32,DEV_1_DRAM_INTERLEAVED,,,,,,,,,,,,,,,,,['ttnn/cpp/ttnn/operations/reduction/generic/device/kernels/compute/reduce_h.cpp'],['reduce_h/14188229054242822864/'],['ttnn/cpp/ttnn/operations/eltwise/unary/device/kernels/dataflow/writer_unary_interleaved_start_id.cpp'; 'ttnn/cpp/ttnn/operations/reduction/generic/device/kernels/dataflow/reader_unary_transpose_wh_universal_input_cols_partitioned.cpp'],['writer_unary_interleaved_start_id/11046027572020512892/'; 'reader_unary_transpose_wh_universal_input_cols_partitioned/7891319267957717106/'],10112274478059562068,False,1000,932,1132,672,1168,0,0,0,0,1,1,1,[],[],0.081,,,,,
TransposeDeviceOperation,tt_dnn_device,129024,0,blackhole,{'dim': 'TransposeOpDim::HC'; 'output_mem_config': 'MemoryConfig(memory_layout=TensorMemoryLayout::INTERLEAVED;buffer_type=BufferType::DRAM;shard_spec=std::nullopt;nd_shard_spec=std::nullopt;created_with_nd_shard_spec=0)'; 'pad_value': '-inf'},,110,110,,82647453783,82647516729,62946,1311013470718,1311013474203,2571547,2571547,2581,2023,2023,,,,549,2023,1611,,,,,,,,,1[1],1[1],32[1],32[1],TILE,FLOAT32,DEV_1_DRAM_INTERLEAVED,,,,,,,,,,,,,,,,,,,,,,,,,,,,,,,,,,,,,,,,,,,,,,,,,,,,,,,,,,,,,,,,1[1],1[1],32[1],32[1],TILE,FLOAT32,DEV_1_DRAM_INTERLEAVED,,,,,,,,,,,,,,,,,[],[],['ttnn/cpp/ttnn/operations/data_movement/transpose/device/kernels/dataflow/writer_unary_transpose_hc_interleaved_tiled_padding_aware.cpp'; 'ttnn/cpp/ttnn/operations/data_movement/transpose/device/kernels/dataflow/reader_unary_transpose_hc_interleaved_tiled_padding_aware.cpp'],['writer_unary_transpose_hc_interleaved_tiled_padding_aware/16073141507428410675/'; 'reader_unary_transpose_hc_interleaved_tiled_padding_aware/18817116345919172/'],14337646928815072141,False,1064,1012,0,0,0,0,0,0,0,538,538,7,[7.613382816314697],[7.613382816314697],26.594,,,,,
PermuteDeviceOperation,tt_dnn_device,130048,0,blackhole,{'dims': '{2; 1; 0; 3}'; 'output_mem_config': 'MemoryConfig(memory_layout=TensorMemoryLayout::INTERLEAVED;buffer_type=BufferType::DRAM;shard_spec=std::nullopt;nd_shard_spec=std::nullopt;created_with_nd_shard_spec=0)'; 'pad_value': '-inf'},,1,110,,82650249234,82650298706,49472,1311017239270,1311017243633,2789914,2789914,3232,2673,2673,,,,1,2672,593,,,,,,,,,1[1],1[1],32[1],32[1],TILE,FLOAT32,DEV_1_DRAM_INTERLEAVED,,,,,,,,,,,,,,,,,,,,,,,,,,,,,,,,,,,,,,,,,,,,,,,,,,,,,,,,,,,,,,,,1[1],1[1],32[1],32[1],TILE,FLOAT32,DEV_1_DRAM_INTERLEAVED,,,,,,,,,,,,,,,,,[],[],['ttnn/cpp/ttnn/operations/data_movement/permute/device/kernels/dataflow/writer_permute_interleaved_tiled_row_invariant.cpp'; 'ttnn/cpp/ttnn/operations/data_movement/transpose/device/kernels/dataflow/reader_unary_transpose_hc_interleaved_tiled_padding_aware.cpp'],['writer_permute_interleaved_tiled_row_invariant/10153863573293268065/'; 'reader_unary_transpose_hc_interleaved_tiled_padding_aware/15585265642199976774/'],2818190401539083759,False,1856,1012,0,0,0,0,0,0,0,538,538,7,[7.613382816314697],[7.613382816314697],20.127,,,,,
ReduceDeviceOperation,tt_dnn_device,131072,0,blackhole,{'compute_kernel_config': 'ComputeKernelConfig(math_fidelity=HiFi4;math_approx_mode=0;fp32_dest_acc_en=1;packer_l1_acc=0;dst_full_sync_en=0;throttle_level=ThrottleLevel::NO_THROTTLE)'; 'dim': 'ReduceOpDim::H'; 'math_op': 'ReduceOpMath::MAX'; 'negate': 'false'; 'output_dtype': 'DataType::FLOAT32'; 'output_mem_config': 'MemoryConfig(memory_layout=TensorMemoryLayout::INTERLEAVED;buffer_type=BufferType::DRAM;shard_spec=std::nullopt;nd_shard_spec=std::nullopt;created_with_nd_shard_spec=0)'; 'scaler': '1'; 'sub_core_grids': 'std::nullopt'},HiFi4,1,110,,82650316619,82650357405,40786,1311017330969,1311017333366,65224,65226,1776,1248,1242,,,,58,1190,768,813,121,220,,,,,,1[1],1[1],32[1],32[1],TILE,FLOAT32,DEV_1_DRAM_INTERLEAVED,,,,,,,,,,,,,,,,,,,,,,,,,,,,,,,,,,,,,,,,,,,,,,,,,,,,,,,,,,,,,,,,1[1],1[1],32[1],32[1],TILE,FLOAT32,DEV_1_DRAM_INTERLEAVED,,,,,,,,,,,,,,,,,['ttnn/cpp/ttnn/operations/reduction/generic/device/kernels/compute/reduce_h.cpp'],['reduce_h/14188229054242822864/'],['ttnn/cpp/ttnn/operations/eltwise/unary/device/kernels/dataflow/writer_unary_interleaved_start_id.cpp'; 'ttnn/cpp/ttnn/operations/reduction/generic/device/kernels/dataflow/reader_unary_transpose_wh_universal_input_cols_partitioned.cpp'],['writer_unary_interleaved_start_id/11046027572020512892/'; 'reader_unary_transpose_wh_universal_input_cols_partitioned/7891319267957717106/'],10112274478059562068,True,1000,932,1132,672,1168,0,0,0,0,1,1,1,[],[],0.08,,,,,
PermuteDeviceOperation,tt_dnn_device,132096,0,blackhole,{'dims': '{2; 1; 0; 3}'; 'output_mem_config': 'MemoryConfig(memory_layout=TensorMemoryLayout::INTERLEAVED;buffer_type=BufferType::DRAM;shard_spec=std::nullopt;nd_shard_spec=std::nullopt;created_with_nd_shard_spec=0)'; 'pad_value': '-inf'},,1,110,,82650373284,82650401436,28152,1311017407327,1311017411694,55322,55322,3235,2698,2698,,,,1,2697,608,,,,,,,,,1[1],1[1],32[1],32[1],TILE,FLOAT32,DEV_1_DRAM_INTERLEAVED,,,,,,,,,,,,,,,,,,,,,,,,,,,,,,,,,,,,,,,,,,,,,,,,,,,,,,,,,,,,,,,,1[1],1[1],32[1],32[1],TILE,FLOAT32,DEV_1_DRAM_INTERLEAVED,,,,,,,,,,,,,,,,,[],[],['ttnn/cpp/ttnn/operations/data_movement/permute/device/kernels/dataflow/writer_permute_interleaved_tiled_row_invariant.cpp'; 'ttnn/cpp/ttnn/operations/data_movement/transpose/device/kernels/dataflow/reader_unary_transpose_hc_interleaved_tiled_padding_aware.cpp'],['writer_permute_interleaved_tiled_row_invariant/10153863573293268065/'; 'reader_unary_transpose_hc_interleaved_tiled_padding_aware/15585265642199976774/'],2818190401539083759,True,1856,1012,0,0,0,0,0,0,0,538,538,7,[7.613382816314697],[7.613382816314697],19.941,,,,,
UnaryNgDeviceOperation,tt_dnn_device,133120,0,blackhole,{'bfp8_pack_precise': 'false'; 'fp32_dest_acc_en': 'true'; 'memory_config': 'MemoryConfig(memory_layout=TensorMemoryLayout::INTERLEAVED;buffer_type=BufferType::DRAM;shard_spec=std::nullopt;nd_shard_spec=std::nullopt;created_with_nd_shard_spec=0)'; 'op_chain': '{BasicUnaryWithParam<float; int; unsigned int>(base=BasicUnaryWithParam<float>(op_type=UnaryOpType::ABS;param={}))}'; 'output_dtype': 'DataType::FLOAT32'; 'preserve_fp32_precision': 'true'; 'sub_core_grids': 'std::nullopt'; 'worker_grid': '{[(x=0;y=0) - (x=10;y=9)]}'},HiFi4,110,110,,82650480071,82650527609,47538,1311017557317,1311017579583,108436,108446,16493,15933,15926,,,,547,15896,11874,15115,15174,15544,,,,,,1[1],8[8],288[288],288[288],TILE,FLOAT32,DEV_1_DRAM_INTERLEAVED,,,,,,,,,,,,,,,,,,,,,,,,,,,,,,,,,,,,,,,,,,,,,,,,,,,,,,,,,,,,,,,,1[1],8[8],288[288],288[288],TILE,FLOAT32,DEV_1_DRAM_INTERLEAVED,,,,,,,,,,,,,,,,,['ttnn/cpp/ttnn/operations/eltwise/unary_ng/device/kernels/compute/eltwise_sfpu.cpp'],['eltwise_sfpu/12126708680960502962/'],['ttnn/cpp/ttnn/operations/eltwise/unary_ng/device/kernels/dataflow/writer_unary_ng.cpp'; 'ttnn/cpp/ttnn/operations/eltwise/unary_ng/device/kernels/dataflow/reader_unary_ng.cpp'],['writer_unary_ng/11946944830141593233/'; 'reader_unary_ng/16384993297340005514/'],14631556711274172741,True,1000,928,1420,896,1260,0,0,0,0,1,1,1,[],[],0.006,,,,,
ReduceDeviceOperation,tt_dnn_device,134144,0,blackhole,{'compute_kernel_config': 'ComputeKernelConfig(math_fidelity=HiFi4;math_approx_mode=0;fp32_dest_acc_en=1;packer_l1_acc=0;dst_full_sync_en=0;throttle_level=ThrottleLevel::NO_THROTTLE)'; 'dim': 'ReduceOpDim::W'; 'math_op': 'ReduceOpMath::MAX'; 'negate': 'false'; 'output_dtype': 'DataType::FLOAT32'; 'output_mem_config': 'MemoryConfig(memory_layout=TensorMemoryLayout::INTERLEAVED;buffer_type=BufferType::DRAM;shard_spec=std::nullopt;nd_shard_spec=std::nullopt;created_with_nd_shard_spec=0)'; 'scaler': '1'; 'sub_core_grids': 'std::nullopt'},HiFi4,72,110,,82650544941,82650578684,33743,1311017650716,1311017665896,53660,53660,11244,10279,10279,,,,564,10278,9749,9771,9786,753,,,,,,1[1],8[8],288[288],288[288],TILE,FLOAT32,DEV_1_DRAM_INTERLEAVED,,,,,,,,,,,,,,,,,,,,,,,,,,,,,,,,,,,,,,,,,,,,,,,,,,,,,,,,,,,,,,,,1[1],8[8],288[288],32[1],TILE,FLOAT32,DEV_1_DRAM_INTERLEAVED,,,,,,,,,,,,,,,,,['ttnn/cpp/ttnn/operations/reduction/generic/device/kernels/compute/reduce_w.cpp'],['reduce_w/7377275767001527157/'],['ttnn/cpp/ttnn/operations/eltwise/unary/device/kernels/dataflow/writer_unary_interleaved_start_id.cpp'; 'ttnn/cpp/ttnn/operations/reduction/generic/device/kernels/dataflow/reader_unary_reduce_universal_start_id.cpp'],['writer_unary_interleaved_start_id/10757693452745113454/'; 'reader_unary_reduce_universal_start_id/7696484559506021702/'],6741529871893567688,True,1000,884,1168,760,1168,0,0,0,0,1,1,1,[],[],0.01,,,,,
ReduceDeviceOperation,tt_dnn_device,135168,0,blackhole,{'compute_kernel_config': 'ComputeKernelConfig(math_fidelity=HiFi4;math_approx_mode=0;fp32_dest_acc_en=1;packer_l1_acc=0;dst_full_sync_en=0;throttle_level=ThrottleLevel::NO_THROTTLE)'; 'dim': 'ReduceOpDim::H'; 'math_op': 'ReduceOpMath::MAX'; 'negate': 'false'; 'output_dtype': 'DataType::FLOAT32'; 'output_mem_config': 'MemoryConfig(memory_layout=TensorMemoryLayout::INTERLEAVED;buffer_type=BufferType::DRAM;shard_spec=std::nullopt;nd_shard_spec=std::nullopt;created_with_nd_shard_spec=0)'; 'scaler': '1'; 'sub_core_grids': 'std::nullopt'},HiFi4,8,110,,82650586027,82650611004,24977,1311017695118,1311017703031,22247,22247,5861,5254,5254,,,,90,5254,4786,4825,3859,291,,,,,,1[1],8[8],288[288],32[1],TILE,FLOAT32,DEV_1_DRAM_INTERLEAVED,,,,,,,,,,,,,,,,,,,,,,,,,,,,,,,,,,,,,,,,,,,,,,,,,,,,,,,,,,,,,,,,1[1],8[8],32[1],32[1],TILE,FLOAT32,DEV_1_DRAM_INTERLEAVED,,,,,,,,,,,,,,,,,['ttnn/cpp/ttnn/operations/reduction/generic/device/kernels/compute/reduce_h.cpp'],['reduce_h/16603860791444939960/'],['ttnn/cpp/ttnn/operations/eltwise/unary/device/kernels/dataflow/writer_unary_interleaved_start_id.cpp'; 'ttnn/cpp/ttnn/operations/reduction/generic/device/kernels/dataflow/reader_unary_transpose_wh_universal_input_cols_partitioned.cpp'],['writer_unary_interleaved_start_id/11046027572020512892/'; 'reader_unary_transpose_wh_universal_input_cols_partitioned/5045501290562950722/'],10112274478059574585,True,1000,1064,1164,1020,1168,0,0,0,0,1,1,1,[],[],0.019,,,,,
TransposeDeviceOperation,tt_dnn_device,136192,0,blackhole,{'dim': 'TransposeOpDim::HC'; 'output_mem_config': 'MemoryConfig(memory_layout=TensorMemoryLayout::INTERLEAVED;buffer_type=BufferType::DRAM;shard_spec=std::nullopt;nd_shard_spec=std::nullopt;created_with_nd_shard_spec=0)'; 'pad_value': '-inf'},,110,110,,82650624208,82650657720,33512,1311017751287,1311017754825,36302,36302,2621,2053,2053,,,,548,2051,1733,,,,,,,,,1[1],8[8],32[1],32[1],TILE,FLOAT32,DEV_1_DRAM_INTERLEAVED,,,,,,,,,,,,,,,,,,,,,,,,,,,,,,,,,,,,,,,,,,,,,,,,,,,,,,,,,,,,,,,,1[1],1[1],32[8],32[1],TILE,FLOAT32,DEV_1_DRAM_INTERLEAVED,,,,,,,,,,,,,,,,,[],[],['ttnn/cpp/ttnn/operations/data_movement/transpose/device/kernels/dataflow/writer_unary_transpose_hc_interleaved_tiled_padding_aware.cpp'; 'ttnn/cpp/ttnn/operations/data_movement/transpose/device/kernels/dataflow/reader_unary_transpose_hc_interleaved_tiled_padding_aware.cpp'],['writer_unary_transpose_hc_interleaved_tiled_padding_aware/9389716217292500328/'; 'reader_unary_transpose_hc_interleaved_tiled_padding_aware/18817116345919172/'],14337646928815044766,True,1092,1012,0,0,0,0,0,0,0,610,610,59,[53.71803283691406],[6.714754104614258],29.713,,,,,
ReduceDeviceOperation,tt_dnn_device,137216,0,blackhole,{'compute_kernel_config': 'ComputeKernelConfig(math_fidelity=HiFi4;math_approx_mode=0;fp32_dest_acc_en=1;packer_l1_acc=0;dst_full_sync_en=0;throttle_level=ThrottleLevel::NO_THROTTLE)'; 'dim': 'ReduceOpDim::H'; 'math_op': 'ReduceOpMath::MAX'; 'negate': 'false'; 'output_dtype': 'DataType::FLOAT32'; 'output_mem_config': 'MemoryConfig(memory_layout=TensorMemoryLayout::INTERLEAVED;buffer_type=BufferType::DRAM;shard_spec=std::nullopt;nd_shard_spec=std::nullopt;created_with_nd_shard_spec=0)'; 'scaler': '1'; 'sub_core_grids': 'std::nullopt'},HiFi4,1,110,,82650666546,82650689629,23083,1311017804021,1311017806387,36987,36980,1753,1230,1229,,,,61,1169,760,806,100,213,,,,,,1[1],1[1],32[8],32[1],TILE,FLOAT32,DEV_1_DRAM_INTERLEAVED,,,,,,,,,,,,,,,,,,,,,,,,,,,,,,,,,,,,,,,,,,,,,,,,,,,,,,,,,,,,,,,,1[1],1[1],32[1],32[1],TILE,FLOAT32,DEV_1_DRAM_INTERLEAVED,,,,,,,,,,,,,,,,,['ttnn/cpp/ttnn/operations/reduction/generic/device/kernels/compute/reduce_h.cpp'],['reduce_h/14188229054242822864/'],['ttnn/cpp/ttnn/operations/eltwise/unary/device/kernels/dataflow/writer_unary_interleaved_start_id.cpp'; 'ttnn/cpp/ttnn/operations/reduction/generic/device/kernels/dataflow/reader_unary_transpose_wh_universal_input_cols_partitioned.cpp'],['writer_unary_interleaved_start_id/11046027572020512892/'; 'reader_unary_transpose_wh_universal_input_cols_partitioned/7891319267957717106/'],10112274478059562068,True,1000,932,1132,672,1168,0,0,0,0,1,1,1,[],[],0.081,,,,,
TransposeDeviceOperation,tt_dnn_device,138240,0,blackhole,{'dim': 'TransposeOpDim::HC'; 'output_mem_config': 'MemoryConfig(memory_layout=TensorMemoryLayout::INTERLEAVED;buffer_type=BufferType::DRAM;shard_spec=std::nullopt;nd_shard_spec=std::nullopt;created_with_nd_shard_spec=0)'; 'pad_value': '-inf'},,110,110,,82650698295,82650722340,24045,1311017851812,1311017855286,34190,34190,2573,2019,2019,,,,547,2013,1611,,,,,,,,,1[1],1[1],32[1],32[1],TILE,FLOAT32,DEV_1_DRAM_INTERLEAVED,,,,,,,,,,,,,,,,,,,,,,,,,,,,,,,,,,,,,,,,,,,,,,,,,,,,,,,,,,,,,,,,1[1],1[1],32[1],32[1],TILE,FLOAT32,DEV_1_DRAM_INTERLEAVED,,,,,,,,,,,,,,,,,[],[],['ttnn/cpp/ttnn/operations/data_movement/transpose/device/kernels/dataflow/writer_unary_transpose_hc_interleaved_tiled_padding_aware.cpp'; 'ttnn/cpp/ttnn/operations/data_movement/transpose/device/kernels/dataflow/reader_unary_transpose_hc_interleaved_tiled_padding_aware.cpp'],['writer_unary_transpose_hc_interleaved_tiled_padding_aware/16073141507428410675/'; 'reader_unary_transpose_hc_interleaved_tiled_padding_aware/18817116345919172/'],14337646928815072141,True,1064,1012,0,0,0,0,0,0,0,538,538,7,[7.613382816314697],[7.613382816314697],26.647,,,,,
PermuteDeviceOperation,tt_dnn_device,139264,0,blackhole,{'dims': '{2; 1; 0; 3}'; 'output_mem_config': 'MemoryConfig(memory_layout=TensorMemoryLayout::INTERLEAVED;buffer_type=BufferType::DRAM;shard_spec=std::nullopt;nd_shard_spec=std::nullopt;created_with_nd_shard_spec=0)'; 'pad_value': '-inf'},,1,110,,82650728461,82650752926,24465,1311017887116,1311017891482,24116,24116,3234,2689,2689,,,,1,2688,600,,,,,,,,,1[1],1[1],32[1],32[1],TILE,FLOAT32,DEV_1_DRAM_INTERLEAVED,,,,,,,,,,,,,,,,,,,,,,,,,,,,,,,,,,,,,,,,,,,,,,,,,,,,,,,,,,,,,,,,1[1],1[1],32[1],32[1],TILE,FLOAT32,DEV_1_DRAM_INTERLEAVED,,,,,,,,,,,,,,,,,[],[],['ttnn/cpp/ttnn/operations/data_movement/permute/device/kernels/dataflow/writer_permute_interleaved_tiled_row_invariant.cpp'; 'ttnn/cpp/ttnn/operations/data_movement/transpose/device/kernels/dataflow/reader_unary_transpose_hc_interleaved_tiled_padding_aware.cpp'],['writer_permute_interleaved_tiled_row_invariant/10153863573293268065/'; 'reader_unary_transpose_hc_interleaved_tiled_padding_aware/15585265642199976774/'],2818190401539083759,True,1856,1012,0,0,0,0,0,0,0,538,538,7,[7.613382816314697],[7.613382816314697],20.007,,,,,
ReduceDeviceOperation,tt_dnn_device,140288,0,blackhole,{'compute_kernel_config': 'ComputeKernelConfig(math_fidelity=HiFi4;math_approx_mode=0;fp32_dest_acc_en=1;packer_l1_acc=0;dst_full_sync_en=0;throttle_level=ThrottleLevel::NO_THROTTLE)'; 'dim': 'ReduceOpDim::H'; 'math_op': 'ReduceOpMath::MAX'; 'negate': 'false'; 'output_dtype': 'DataType::FLOAT32'; 'output_mem_config': 'MemoryConfig(memory_layout=TensorMemoryLayout::INTERLEAVED;buffer_type=BufferType::DRAM;shard_spec=std::nullopt;nd_shard_spec=std::nullopt;created_with_nd_shard_spec=0)'; 'scaler': '1'; 'sub_core_grids': 'std::nullopt'},HiFi4,1,110,,82650756673,82650777492,20819,1311017925944,1311017928331,26084,26084,1768,1232,1232,,,,49,1183,759,799,94,213,,,,,,1[1],1[1],32[1],32[1],TILE,FLOAT32,DEV_1_DRAM_INTERLEAVED,,,,,,,,,,,,,,,,,,,,,,,,,,,,,,,,,,,,,,,,,,,,,,,,,,,,,,,,,,,,,,,,1[1],1[1],32[1],32[1],TILE,FLOAT32,DEV_1_DRAM_INTERLEAVED,,,,,,,,,,,,,,,,,['ttnn/cpp/ttnn/operations/reduction/generic/device/kernels/compute/reduce_h.cpp'],['reduce_h/14188229054242822864/'],['ttnn/cpp/ttnn/operations/eltwise/unary/device/kernels/dataflow/writer_unary_interleaved_start_id.cpp'; 'ttnn/cpp/ttnn/operations/reduction/generic/device/kernels/dataflow/reader_unary_transpose_wh_universal_input_cols_partitioned.cpp'],['writer_unary_interleaved_start_id/11046027572020512892/'; 'reader_unary_transpose_wh_universal_input_cols_partitioned/7891319267957717106/'],10112274478059562068,True,1000,932,1132,672,1168,0,0,0,0,1,1,1,[],[],0.081,,,,,
PermuteDeviceOperation,tt_dnn_device,141312,0,blackhole,{'dims': '{2; 1; 0; 3}'; 'output_mem_config': 'MemoryConfig(memory_layout=TensorMemoryLayout::INTERLEAVED;buffer_type=BufferType::DRAM;shard_spec=std::nullopt;nd_shard_spec=std::nullopt;created_with_nd_shard_spec=0)'; 'pad_value': '-inf'},,1,110,,82650781599,82650803530,21931,1311017958988,1311017963365,23249,23249,3242,2684,2684,,,,10,2674,606,,,,,,,,,1[1],1[1],32[1],32[1],TILE,FLOAT32,DEV_1_DRAM_INTERLEAVED,,,,,,,,,,,,,,,,,,,,,,,,,,,,,,,,,,,,,,,,,,,,,,,,,,,,,,,,,,,,,,,,1[1],1[1],32[1],32[1],TILE,FLOAT32,DEV_1_DRAM_INTERLEAVED,,,,,,,,,,,,,,,,,[],[],['ttnn/cpp/ttnn/operations/data_movement/permute/device/kernels/dataflow/writer_permute_interleaved_tiled_row_invariant.cpp'; 'ttnn/cpp/ttnn/operations/data_movement/transpose/device/kernels/dataflow/reader_unary_transpose_hc_interleaved_tiled_padding_aware.cpp'],['writer_permute_interleaved_tiled_row_invariant/10153863573293268065/'; 'reader_unary_transpose_hc_interleaved_tiled_padding_aware/15585265642199976774/'],2818190401539083759,True,1856,1012,0,0,0,0,0,0,0,538,538,7,[7.613382816314697],[7.613382816314697],20.045,,,,,
BinaryNgDeviceOperation,tt_dnn_device,142336,0,blackhole,{'binary_op_type': 'BinaryOpType::ADD'; 'compute_kernel_config': 'std::nullopt'; 'dtype': 'DataType::FLOAT32'; 'input_dtype': 'DataType::FLOAT32'; 'is_quant_op': 'false'; 'is_sfpu': 'true'; 'is_where_op': 'false'; 'lhs_activations': '{BasicUnaryWithParam<float; int; unsigned int>(base=BasicUnaryWithParam<float>(op_type=UnaryOpType::MUL_UNARY_SFPU;param={0.176777}))}'; 'memory_config': 'MemoryConfig(memory_layout=TensorMemoryLayout::INTERLEAVED;buffer_type=BufferType::DRAM;shard_spec=std::nullopt;nd_shard_spec=std::nullopt;created_with_nd_shard_spec=0)'; 'post_activations': '{}'; 'rhs_activations': '{}'; 'scalar': 'std::nullopt'; 'sub_core_grids': 'std::nullopt'; 'subtile_broadcast_type': 'SubtileBroadcastType::NONE'; 'worker_grid': '{[(x=0;y=0) - (x=10;y=9)]}'},HiFi4,110,110,,82651161672,82651231962,70290,1311018483545,1311018516066,385883,385884,24090,23540,23533,,,,553,23482,22464,22921,23004,22633,,,,,,1[1],8[8],288[288],288[288],TILE,FLOAT32,DEV_1_DRAM_INTERLEAVED,1[1],8[8],288[288],288[288],TILE,FLOAT32,DEV_1_DRAM_INTERLEAVED,,,,,,,,,,,,,,,,,,,,,,,,,,,,,,,,,,,,,,,,,,,,,,,,,,,,,,,,,1[1],8[8],288[288],288[288],TILE,FLOAT32,DEV_1_DRAM_INTERLEAVED,,,,,,,,,,,,,,,,,['ttnn/cpp/ttnn/operations/eltwise/binary_ng/device/kernels/compute/eltwise_binary_sfpu_no_bcast.cpp'],['eltwise_binary_sfpu_no_bcast/14546352100034836009/'],['ttnn/cpp/ttnn/operations/eltwise/binary_ng/device/kernels_ng/dataflow/reader_interleaved_no_bcast.cpp'; 'ttnn/cpp/ttnn/operations/eltwise/binary_ng/device/kernels_ng/dataflow/writer_interleaved_no_bcast.cpp'],['reader_interleaved_no_bcast/4062015061431556712/'; 'writer_interleaved_no_bcast/15687401595948906457/'],13275960590458526551,True,1108,1652,2504,1824,1556,0,0,0,0,1,1,1,[],[],0.004,,,,,
SoftmaxDeviceOperation,tt_dnn_device,143360,0,blackhole,{'compute_kernel_config': 'ComputeKernelConfig(math_fidelity=HiFi4;math_approx_mode=0;fp32_dest_acc_en=1;packer_l1_acc=1;dst_full_sync_en=0;throttle_level=ThrottleLevel::NO_THROTTLE)'; 'dim': '3'; 'inplace': 'false'; 'is_causal_mask': 'false'; 'is_scale_causal_mask_hw_dims_softmax': 'false'; 'numeric_stable': 'true'; 'output_mem_config': 'MemoryConfig(memory_layout=TensorMemoryLayout::INTERLEAVED;buffer_type=BufferType::DRAM;shard_spec=std::nullopt;nd_shard_spec=std::nullopt;created_with_nd_shard_spec=0)'; 'program_config': 'SoftmaxDefaultProgramConfig()'; 'scale': 'std::nullopt'; 'softmax_type': 'SoftmaxOperationType::Softmax'},HiFi4,110,110,,82656125175,82656195736,70561,1311025182977,1311025229706,4938943,4938978,34614,34070,34024,,,,635,33955,7601,26993,27086,32937,,,,,,1[1],8[8],288[288],288[288],TILE,FLOAT32,DEV_1_DRAM_INTERLEAVED,,,,,,,,,,,,,,,,,,,,,,,,,,,,,,,,,,,,,,,,,,,,,,,,,,,,,,,,,,,,,,,,1[1],8[8],288[288],288[288],TILE,FLOAT32,DEV_1_DRAM_INTERLEAVED,,,,,,,,,,,,,,,,,['ttnn/cpp/ttnn/operations/normalization/softmax/device/kernels/attention/compute/softmax.cpp'],['softmax/6083361266339700009/'],['ttnn/cpp/ttnn/operations/normalization/softmax/device/kernels/attention/dataflow/writer_unary_interleaved_start_id_blocked_sm.cpp'; 'ttnn/cpp/ttnn/operations/normalization/softmax/device/kernels/attention/dataflow/reader_unary_interleaved_sm.cpp'],['writer_unary_interleaved_start_id_blocked_sm/4285437211829840113/'; 'reader_unary_interleaved_sm/3032302961551347615/'],8498045760153638529,False,840,1032,5088,4248,3420,0,0,0,0,16047,16047,4827,[165.40213012695312],[165.40213012695312],47.1,,,,,
TypecastDeviceOperation,tt_dnn_device,144384,0,blackhole,{'bfp8_pack_precise': 'false'; 'fp32_dest_acc_en': 'true'; 'input_dtype': 'DataType::FLOAT32'; 'output_dtype': 'DataType::BFLOAT16'; 'output_memory_config': 'MemoryConfig(memory_layout=TensorMemoryLayout::INTERLEAVED;buffer_type=BufferType::DRAM;shard_spec=std::nullopt;nd_shard_spec=std::nullopt;created_with_nd_shard_spec=0)'; 'preserve_fp32_precision': 'true'; 'sub_core_grids': 'std::nullopt'},HiFi4,110,110,,82985770515,82985870761,100246,1311470219018,1311470237033,329633466,329633466,13344,11307,11307,,,,556,11305,10782,10832,10958,9757,,,,,,1[1],8[8],288[288],288[288],TILE,FLOAT32,DEV_1_DRAM_INTERLEAVED,,,,,,,,,,,,,,,,,,,,,,,,,,,,,,,,,,,,,,,,,,,,,,,,,,,,,,,,,,,,,,,,1[1],8[8],288[288],288[288],TILE,BFLOAT16,DEV_1_DRAM_INTERLEAVED,,,,,,,,,,,,,,,,,['ttnn/cpp/ttnn/operations/copy/typecast/device/kernels/compute/eltwise_typecast.cpp'],['eltwise_typecast/5014317627408711170/'],['ttnn/cpp/ttnn/operations/eltwise/unary/device/kernels/dataflow/writer_unary_interleaved_start_id.cpp'; 'ttnn/cpp/ttnn/operations/eltwise/unary/device/kernels/dataflow/reader_unary_interleaved_start_id.cpp'],['writer_unary_interleaved_start_id/15487931821133672948/'; 'reader_unary_interleaved_start_id/8137388031877499190/'],4060195799957936049,False,1000,928,1400,1116,1272,0,0,0,0,1,1,1,[],[],0.009,,,,,
MatmulDeviceOperation,tt_dnn_device,145408,0,blackhole,{'bcast_batch': 'false'; 'compute_kernel_config': 'ComputeKernelConfig(math_fidelity=HiFi4;math_approx_mode=0;fp32_dest_acc_en=1;packer_l1_acc=1;dst_full_sync_en=0;throttle_level=ThrottleLevel::NO_THROTTLE)'; 'global_cb': 'std::nullopt'; 'output_dtype': 'DataType::BFLOAT16'; 'output_mem_config': 'MemoryConfig(memory_layout=TensorMemoryLayout::INTERLEAVED;buffer_type=BufferType::DRAM;shard_spec=std::nullopt;nd_shard_spec=std::nullopt;created_with_nd_shard_spec=0)'; 'output_tile': 'Tile(tile_shape={32; 32};face_shape={16; 16};num_faces=4)'; 'program_config': 'MatmulMultiCoreReuseProgramConfig(compute_with_storage_grid_size=(x=8;y=8);in0_block_w=1;out_subblock_h=3;out_subblock_w=1;per_core_M=9;per_core_N=1)'; 'sub_device_id': 'std::nullopt'; 'transpose_a': 'false'; 'transpose_b': 'false'; 'untilize_out': 'false'; 'user_core_coord': '(x=8;y=8)'; 'user_fused_activation': 'std::nullopt'; 'user_run_batched': 'true'},HiFi4,8,110,,83326622818,83326769169,146351,1311930385133,1311930405442,340855410,340855410,15044,14455,14455,,,,90,14455,12635,13427,13478,13707,,,,,,1[1],8[8],288[288],288[288],TILE,BFLOAT16,DEV_1_DRAM_INTERLEAVED,1[1],8[8],288[288],32[32],TILE,BFLOAT16,DEV_1_DRAM_INTERLEAVED,,,,,,,,,,,,,,,,,,,,,,,,,,,,,,,,,,,,,,,,,,,,,,,,,,,,,,,,,1[1],8[8],288[288],32[32],TILE,BFLOAT16,DEV_1_DRAM_INTERLEAVED,,,,,,,,,,,,,,,,,['ttnn/cpp/ttnn/operations/matmul/device/kernels/compute/bmm_large_block_zm_fused_bias_activation.cpp'],['bmm_large_block_zm_fused_bias_activation/14247514301267054224/'],['ttnn/cpp/ttnn/operations/matmul/device/kernels/dataflow/reader_writer_bmm_tile_layout_in1.cpp'; 'ttnn/cpp/ttnn/operations/matmul/device/kernels/dataflow/reader_bmm_tile_layout_in0.cpp'],['reader_writer_bmm_tile_layout_in1/3363864358764037324/'; 'reader_bmm_tile_layout_in0/14041989064640360959/'],16394115088109621175,False,1036,752,2204,2408,2376,0,0,0,0,2413,280,2413,[549.98095703125; 61.10899353027344],[61.10899353027344],1.937,,,,,
NLPConcatHeadsDeviceOperation,tt_dnn_device,146432,0,blackhole,{'output_mem_config': 'MemoryConfig(memory_layout=TensorMemoryLayout::INTERLEAVED;buffer_type=BufferType::DRAM;shard_spec=std::nullopt;nd_shard_spec=std::nullopt;created_with_nd_shard_spec=0)'},,9,110,,83330131229,83330181522,50293,1311935123726,1311935129988,3495612,3495612,4639,4017,4017,,,,78,4013,3748,,,,,,,,,1[1],8[8],288[288],32[32],TILE,BFLOAT16,DEV_1_DRAM_INTERLEAVED,,,,,,,,,,,,,,,,,,,,,,,,,,,,,,,,,,,,,,,,,,,,,,,,,,,,,,,,,,,,,,,,1[1],1[1],288[288],256[256],TILE,BFLOAT16,DEV_1_DRAM_INTERLEAVED,,,,,,,,,,,,,,,,,[],[],['ttnn/cpp/ttnn/operations/eltwise/unary/device/kernels/dataflow/writer_unary_interleaved_start_id.cpp'; 'ttnn/cpp/ttnn/operations/experimental/transformer/nlp_concat_heads/device/kernels/dataflow/reader_tm_tile_layout_nlp_concat_heads.cpp'],['writer_unary_interleaved_start_id/9607551389675776825/'; 'reader_tm_tile_layout_nlp_concat_heads/1909738144826727770/'],9204059146385914614,False,1000,1016,0,0,0,0,0,0,0,1,1,1,[],[],0.025,,,,,
MatmulDeviceOperation,tt_dnn_device,147456,0,blackhole,{'bcast_batch': 'true'; 'compute_kernel_config': 'ComputeKernelConfig(math_fidelity=HiFi4;math_approx_mode=0;fp32_dest_acc_en=1;packer_l1_acc=1;dst_full_sync_en=0;throttle_level=ThrottleLevel::NO_THROTTLE)'; 'global_cb': 'std::nullopt'; 'output_dtype': 'DataType::BFLOAT16'; 'output_mem_config': 'MemoryConfig(memory_layout=TensorMemoryLayout::INTERLEAVED;buffer_type=BufferType::DRAM;shard_spec=std::nullopt;nd_shard_spec=std::nullopt;created_with_nd_shard_spec=0)'; 'output_tile': 'Tile(tile_shape={32; 32};face_shape={16; 16};num_faces=4)'; 'program_config': 'MatmulMultiCoreReuseMultiCastProgramConfig(compute_with_storage_grid_size=(x=11;y=10);in0_block_w=4;out_subblock_h=1;out_subblock_w=1;out_block_h=1;out_block_w=1;per_core_M=1;per_core_N=1;transpose_mcast=0;fused_activation=std::nullopt;fuse_batch=1)'; 'sub_device_id': 'std::nullopt'; 'transpose_a': 'false'; 'transpose_b': 'false'; 'untilize_out': 'false'; 'user_core_coord': '(x=11;y=10)'; 'user_fused_activation': 'std::nullopt'; 'user_run_batched': 'false'},HiFi4,72,110,,83805952287,83806090112,137825,1312577520428,1312577528295,475902679,475803214,5827,4079,4070,,,,556,4070,3021,3398,3257,3430,,,,,,1[1],1[1],288[288],256[256],TILE,BFLOAT16,DEV_1_DRAM_INTERLEAVED,1[1],1[1],256[256],256[256],TILE,BFLOAT16,DEV_1_DRAM_INTERLEAVED,1[1],1[1],32[1],256[256],TILE,BFLOAT16,DEV_1_DRAM_INTERLEAVED,,,,,,,,,,,,,,,,,,,,,,,,,,,,,,,,,,,,,,,,,,,,,,,,,,1[1],1[1],288[288],256[256],TILE,BFLOAT16,DEV_1_DRAM_INTERLEAVED,,,,,,,,,,,,,,,,,['ttnn/cpp/ttnn/operations/matmul/device/kernels/compute/bmm_large_block_zm_fused_bias_activation.cpp'],['bmm_large_block_zm_fused_bias_activation/3500914672714499483/'],['ttnn/cpp/ttnn/operations/matmul/device/kernels/dataflow/reader_bmm_tile_layout_in0_receiver.cpp'; 'ttnn/cpp/ttnn/operations/matmul/device/kernels/dataflow/reader_bmm_tile_layout_in1_receiver_writer_padding.cpp'; 'ttnn/cpp/ttnn/operations/matmul/device/kernels/dataflow/reader_bmm_tile_layout_in1_sender_writer_padding.cpp'; 'ttnn/cpp/ttnn/operations/matmul/device/kernels/dataflow/reader_bmm_tile_layout_in0_sender_padding.cpp'],['reader_bmm_tile_layout_in0_receiver/7000401374503455926/'; 'reader_bmm_tile_layout_in1_receiver_writer_padding/3182939560542937622/'; 'reader_bmm_tile_layout_in1_sender_writer_padding/5195339064142780160/'; 'reader_bmm_tile_layout_in0_sender_padding/17761131282111667046/'],3176040439755789137,False,2380,1104,2012,1584,2136,0,0,0,0,268,249,268,[550.208984375; 489.0746154785156],[550.208984375],6.104,,,,,
BinaryNgDeviceOperation,tt_dnn_device,148480,0,blackhole,{'binary_op_type': 'BinaryOpType::MUL'; 'compute_kernel_config': 'std::nullopt'; 'dtype': 'DataType::BFLOAT16'; 'input_dtype': 'DataType::BFLOAT16'; 'is_quant_op': 'false'; 'is_sfpu': 'true'; 'is_where_op': 'false'; 'lhs_activations': '{}'; 'memory_config': 'MemoryConfig(memory_layout=TensorMemoryLayout::INTERLEAVED;buffer_type=BufferType::DRAM;shard_spec=std::nullopt;nd_shard_spec=std::nullopt;created_with_nd_shard_spec=0)'; 'post_activations': '{}'; 'rhs_activations': '{BasicUnaryWithParam<float; int; unsigned int>(base=BasicUnaryWithParam<float>(op_type=UnaryOpType::SIGMOID;param={}))}'; 'scalar': 'std::nullopt'; 'sub_core_grids': 'std::nullopt'; 'subtile_broadcast_type': 'SubtileBroadcastType::NONE'; 'worker_grid': '{[(x=0;y=0) - (x=10;y=9)]}'},HiFi4,110,110,,83812084161,83812212609,128448,1312585805864,1312585811877,6131571,6132623,4454,3913,3907,,,,559,3871,1788,2942,3481,2761,,,,,,1[1],1[1],288[288],256[256],TILE,BFLOAT16,DEV_1_DRAM_INTERLEAVED,1[1],1[1],288[288],256[256],TILE,BFLOAT16,DEV_1_DRAM_INTERLEAVED,,,,,,,,,,,,,,,,,,,,,,,,,,,,,,,,,,,,,,,,,,,,,,,,,,,,,,,,,1[1],1[1],288[288],256[256],TILE,BFLOAT16,DEV_1_DRAM_INTERLEAVED,,,,,,,,,,,,,,,,,['ttnn/cpp/ttnn/operations/eltwise/binary_ng/device/kernels/compute/eltwise_binary_sfpu_no_bcast.cpp'],['eltwise_binary_sfpu_no_bcast/16161308948743346830/'],['ttnn/cpp/ttnn/operations/eltwise/binary_ng/device/kernels_ng/dataflow/reader_interleaved_no_bcast.cpp'; 'ttnn/cpp/ttnn/operations/eltwise/binary_ng/device/kernels_ng/dataflow/writer_interleaved_no_bcast.cpp'],['reader_interleaved_no_bcast/5406995968467651208/'; 'writer_interleaved_no_bcast/12304832950705642753/'],1422597016547192474,False,1120,1644,1768,2328,1552,0,0,0,0,1,1,1,[],[],0.026,,,,,
MatmulDeviceOperation,tt_dnn_device,149504,0,blackhole,{'bcast_batch': 'true'; 'compute_kernel_config': 'ComputeKernelConfig(math_fidelity=HiFi4;math_approx_mode=0;fp32_dest_acc_en=1;packer_l1_acc=1;dst_full_sync_en=0;throttle_level=ThrottleLevel::NO_THROTTLE)'; 'global_cb': 'std::nullopt'; 'output_dtype': 'DataType::BFLOAT16'; 'output_mem_config': 'MemoryConfig(memory_layout=TensorMemoryLayout::INTERLEAVED;buffer_type=BufferType::DRAM;shard_spec=std::nullopt;nd_shard_spec=std::nullopt;created_with_nd_shard_spec=0)'; 'output_tile': 'Tile(tile_shape={32; 32};face_shape={16; 16};num_faces=4)'; 'program_config': 'MatmulMultiCoreReuseMultiCastProgramConfig(compute_with_storage_grid_size=(x=11;y=10);in0_block_w=4;out_subblock_h=1;out_subblock_w=1;out_block_h=1;out_block_w=1;per_core_M=1;per_core_N=1;transpose_mcast=0;fused_activation=std::nullopt;fuse_batch=1)'; 'sub_device_id': 'std::nullopt'; 'transpose_a': 'false'; 'transpose_b': 'false'; 'untilize_out': 'false'; 'user_core_coord': '(x=11;y=10)'; 'user_fused_activation': 'std::nullopt'; 'user_run_batched': 'false'},HiFi4,72,110,,83812590508,83812707675,117167,1312586486083,1312586494245,501179,501120,6046,4263,4261,,,,553,4259,3064,3457,3295,3476,,,,,,1[1],1[1],288[288],256[256],TILE,BFLOAT16,DEV_1_DRAM_INTERLEAVED,1[1],1[1],256[256],256[256],TILE,BFLOAT16,DEV_1_DRAM_INTERLEAVED,1[1],1[1],32[1],256[256],TILE,BFLOAT16,DEV_1_DRAM_INTERLEAVED,,,,,,,,,,,,,,,,,,,,,,,,,,,,,,,,,,,,,,,,,,,,,,,,,,1[1],1[1],288[288],256[256],TILE,BFLOAT16,DEV_1_DRAM_INTERLEAVED,,,,,,,,,,,,,,,,,['ttnn/cpp/ttnn/operations/matmul/device/kernels/compute/bmm_large_block_zm_fused_bias_activation.cpp'],['bmm_large_block_zm_fused_bias_activation/3500914672714499483/'],['ttnn/cpp/ttnn/operations/matmul/device/kernels/dataflow/reader_bmm_tile_layout_in0_receiver.cpp'; 'ttnn/cpp/ttnn/operations/matmul/device/kernels/dataflow/reader_bmm_tile_layout_in1_receiver_writer_padding.cpp'; 'ttnn/cpp/ttnn/operations/matmul/device/kernels/dataflow/reader_bmm_tile_layout_in1_sender_writer_padding.cpp'; 'ttnn/cpp/ttnn/operations/matmul/device/kernels/dataflow/reader_bmm_tile_layout_in0_sender_padding.cpp'],['reader_bmm_tile_layout_in0_receiver/7000401374503455926/'; 'reader_bmm_tile_layout_in1_receiver_writer_padding/3182939560542937622/'; 'reader_bmm_tile_layout_in1_sender_writer_padding/5195339064142780160/'; 'reader_bmm_tile_layout_in0_sender_padding/17761131282111667046/'],3176040439755789137,True,2380,1104,2012,1584,2136,0,0,0,0,268,249,268,[550.208984375; 489.0746154785156],[550.208984375],5.841,,,,,
GenericOpDeviceOperation,tt_dnn_device,150528,0,blackhole,{'num_mesh_programs': '1'},HiFi4,72,110,,83819428128,83819508286,80158,1312595720409,1312595725358,6834146,6836017,3666,2707,2707,,,,559,2707,1679,1853,2351,804,,,,,,1[1],1[1],288[288],256[256],TILE,BFLOAT16,DEV_1_DRAM_INTERLEAVED,1[1],1[1],288[288],256[256],TILE,BFLOAT16,DEV_1_DRAM_INTERLEAVED,1[1],1[1],288[288],256[256],TILE,BFLOAT16,DEV_1_DRAM_INTERLEAVED,1[1],1[1],288[288],256[256],TILE,BFLOAT16,DEV_1_DRAM_INTERLEAVED,,,,,,,,,,,,,,,,,,,,,,,,,,,,,,,,,,,,,,,,,,,1[1],1[1],288[288],256[256],TILE,BFLOAT16,DEV_1_DRAM_INTERLEAVED,,,,,,,,,,,,,,,,,['/home/ttuser/.coworker/wt/bcp-evo/tt_bio/kernels/rne_add/compute_rne_add.cpp'],['compute_rne_add/15506775982570106819/'],['/home/ttuser/.coworker/wt/bcp-evo/tt_bio/kernels/rne_add/writer_rne_add.cpp'; '/home/ttuser/.coworker/wt/bcp-evo/tt_bio/kernels/rne_add/reader_rne_add.cpp'],['writer_rne_add/11689109000663956392/'; 'reader_rne_add/5462348467134491698/'],11998302437493887239,False,768,1412,1604,1376,1432,0,0,0,0,1,1,1,[],[],0.037,,,,,
TransposeDeviceOperation,tt_dnn_device,151552,0,blackhole,{'dim': 'TransposeOpDim::HC'; 'output_mem_config': 'MemoryConfig(memory_layout=TensorMemoryLayout::INTERLEAVED;buffer_type=BufferType::DRAM;shard_spec=std::nullopt;nd_shard_spec=std::nullopt;created_with_nd_shard_spec=0)'; 'pad_value': '0'},,110,110,,84096739740,84096867165,127425,1312970098275,1312970125354,277313283,277313283,20059,19517,19517,,,,548,19517,1592,,,,,,,,,1[1],1[1],288[288],256[256],TILE,BFLOAT16,DEV_1_DRAM_INTERLEAVED,,,,,,,,,,,,,,,,,,,,,,,,,,,,,,,,,,,,,,,,,,,,,,,,,,,,,,,,,,,,,,,,1[1],288[288],32[1],256[256],TILE,BFLOAT16,DEV_1_DRAM_INTERLEAVED,,,,,,,,,,,,,,,,,[],[],['ttnn/cpp/ttnn/operations/data_movement/transpose/device/kernels/dataflow/writer_unary_transpose_hc_interleaved_tiled_padding_aware.cpp'; 'ttnn/cpp/ttnn/operations/data_movement/transpose/device/kernels/dataflow/reader_unary_transpose_hc_interleaved_tiled_padding_aware.cpp'],['writer_unary_transpose_hc_interleaved_tiled_padding_aware/12073795627088921673/'; 'reader_unary_transpose_hc_interleaved_tiled_padding_aware/18058893178598846918/'],16461604712191519207,False,1260,1016,0,0,0,0,0,0,0,15056,15056,8583,[9.79383659362793],[313.40277099609375],77.143,,,,,
LayerNormDeviceOperation,tt_dnn_device,152576,0,blackhole,{'compute_kernel_config': 'ComputeKernelConfig(math_fidelity=HiFi4;math_approx_mode=0;fp32_dest_acc_en=1;packer_l1_acc=1;dst_full_sync_en=0;throttle_level=ThrottleLevel::NO_THROTTLE)'; 'distributed_norm_stage': 'DistributedLayerNormStage::NOT_DISTRIBUTED'; 'dtype': 'std::nullopt'; 'eps': '1e-05'; 'fused_activation': 'std::nullopt'; 'norm_type': 'LayerNormType::LAYERNORM'; 'output_mem_config': 'MemoryConfig(memory_layout=TensorMemoryLayout::INTERLEAVED;buffer_type=BufferType::DRAM;shard_spec=std::nullopt;nd_shard_spec=std::nullopt;created_with_nd_shard_spec=0)'; 'program_config': 'LayerNormDefaultProgramConfig(legacy_reduction=0;legacy_rsqrt=0;use_welford=0)'},HiFi4,110,110,,84097816051,84097909964,93913,1312971557935,1312971616455,1061730,1061872,43348,42789,42646,,,,730,42571,31884,42139,41996,42149,,,,,,1[1],288[288],32[1],256[256],TILE,BFLOAT16,DEV_1_DRAM_INTERLEAVED,1[1],1[1],32[1],256[256],TILE,BFLOAT16,DEV_1_DRAM_INTERLEAVED,1[1],1[1],32[1],256[256],TILE,BFLOAT16,DEV_1_DRAM_INTERLEAVED,,,,,,,,,,,,,,,,,,,,,,,,,,,,,,,,,,,,,,,,,,,,,,,,,,1[1],288[288],32[1],256[256],TILE,BFLOAT16,DEV_1_DRAM_INTERLEAVED,,,,,,,,,,,,,,,,,['ttnn/cpp/ttnn/operations/normalization/layernorm/device/kernels/compute/layernorm.cpp'],['layernorm/18319883958068211404/'],['ttnn/cpp/ttnn/operations/normalization/layernorm/device/kernels/dataflow/writer_unary_interleaved_start_id_blocked.cpp'; 'ttnn/cpp/ttnn/operations/normalization/layernorm/device/kernels/dataflow/reader_unary_interleaved_ln.cpp'],['writer_unary_interleaved_start_id_blocked/1072855677011524085/'; 'reader_unary_interleaved_ln/12670039668448626785/'],2628029868252573251,False,812,2112,4888,3956,6424,0,0,0,0,1,1,1,[],[],0.002,,,,,
MatmulDeviceOperation,tt_dnn_device,153600,0,blackhole,{'bcast_batch': 'true'; 'compute_kernel_config': 'ComputeKernelConfig(math_fidelity=HiFi4;math_approx_mode=0;fp32_dest_acc_en=1;packer_l1_acc=1;dst_full_sync_en=0;throttle_level=ThrottleLevel::NO_THROTTLE)'; 'global_cb': 'std::nullopt'; 'output_dtype': 'DataType::BFLOAT16'; 'output_mem_config': 'MemoryConfig(memory_layout=TensorMemoryLayout::INTERLEAVED;buffer_type=BufferType::DRAM;shard_spec=std::nullopt;nd_shard_spec=std::nullopt;created_with_nd_shard_spec=0)'; 'output_tile': 'Tile(tile_shape={32; 32};face_shape={16; 16};num_faces=4)'; 'program_config': 'MatmulMultiCoreReuseMultiCast1DProgramConfig(compute_with_storage_grid_size=(x=11;y=10);in0_block_w=1;out_subblock_h=1;out_subblock_w=4;out_block_h=3;out_block_w=24;per_core_M=3;per_core_N=24;fuse_batch=1;fused_activation=std::nullopt;mcast_in0=0;gather_in0=0;hop_cores={};num_global_cb_receivers=0;untilize_out=0)'; 'sub_device_id': 'std::nullopt'; 'transpose_a': 'false'; 'transpose_b': 'false'; 'untilize_out': 'false'; 'user_core_coord': '(x=11;y=10)'; 'user_fused_activation': 'std::nullopt'; 'user_run_batched': 'false'},HiFi4,96,110,,84104684518,84104883335,198817,1312980831546,1312981017148,6827547,6827549,137483,135926,135923,,,,668,135906,47951,57116,57129,57410,,,,,,1[1],288[288],32[1],256[256],TILE,BFLOAT16,DEV_1_DRAM_INTERLEAVED,1[1],1[1],256[256],768[768],TILE,BFLOAT16,DEV_1_DRAM_INTERLEAVED,,,,,,,,,,,,,,,,,,,,,,,,,,,,,,,,,,,,,,,,,,,,,,,,,,,,,,,,,1[1],288[288],32[1],768[768],TILE,BFLOAT16,DEV_1_DRAM_INTERLEAVED,,,,,,,,,,,,,,,,,['ttnn/cpp/ttnn/operations/matmul/device/kernels/compute/bmm_large_block_zm_fused_bias_activation.cpp'],['bmm_large_block_zm_fused_bias_activation/967129834102632603/'],['ttnn/cpp/ttnn/operations/matmul/device/kernels/dataflow/reader_bmm_tile_layout_in1_receiver_writer_padding.cpp'; 'ttnn/cpp/ttnn/operations/matmul/device/kernels/dataflow/reader_bmm_tile_layout_in1_sender_writer_padding.cpp'; 'ttnn/cpp/ttnn/operations/matmul/device/kernels/dataflow/reader_bmm_tile_layout_in0_sender_padding.cpp'],['reader_bmm_tile_layout_in1_receiver_writer_padding/3403426774406611820/'; 'reader_bmm_tile_layout_in1_sender_writer_padding/16788296208235144645/'; 'reader_bmm_tile_layout_in0_sender_padding/14698950015033945893/'],11815523566254623970,False,2100,752,2260,2468,2668,0,0,0,0,25749,746,25749,[183.25340270996094; 15.271117210388184],[549.76025390625],0.549,,,,,
NlpCreateHeadsDeviceOperation,tt_dnn_device,154624,0,blackhole,{'head_dim': '32'; 'num_kv_heads': '8'; 'num_q_heads': '8'; 'output_mem_config': 'MemoryConfig(memory_layout=TensorMemoryLayout::INTERLEAVED;buffer_type=BufferType::DRAM;shard_spec=std::nullopt;nd_shard_spec=std::nullopt;created_with_nd_shard_spec=0)'; 'transpose_k_heads': 'false'},,110,110,,84107966149,84108038332,72183,1312985260016,1312985368881,3143423,3143423,80641,80094,80094,,,,548,80089,79773,,,,,,,,,288[288],1[1],32[1],768[768],TILE,BFLOAT16,DEV_1_DRAM_INTERLEAVED,,,,,,,,,,,,,,,,,,,,,,,,,,,,,,,,,,,,,,,,,,,,,,,,,,,,,,,,,,,,,,,,288[288],8[8],32[1],32[32],TILE,BFLOAT16,DEV_1_DRAM_INTERLEAVED,288[288],8[8],32[1],32[32],TILE,BFLOAT16,DEV_1_DRAM_INTERLEAVED,288[288],8[8],32[1],32[32],TILE,BFLOAT16,DEV_1_DRAM_INTERLEAVED,,,[],[],['ttnn/cpp/ttnn/operations/experimental/transformer/nlp_create_qkv_heads/device/kernels/dataflow/writer_tm_tile_layout_nlp_create_qkv_heads.cpp'; 'ttnn/cpp/ttnn/operations/experimental/transformer/nlp_create_qkv_heads/device/kernels/dataflow/reader_tm_tile_layout_nlp_create_qkv_heads.cpp'],['writer_tm_tile_layout_nlp_create_qkv_heads/6339029172839813976/'; 'reader_tm_tile_layout_nlp_create_qkv_heads/14654666027295310639/'],4559058773513648580,False,2008,1728,0,0,0,0,0,0,0,1,1,1,[],[],0.001,,,,,
TransposeDeviceOperation,tt_dnn_device,155648,0,blackhole,{'dim': 'TransposeOpDim::WH'; 'output_mem_config': 'MemoryConfig(memory_layout=TensorMemoryLayout::INTERLEAVED;buffer_type=BufferType::DRAM;shard_spec=std::nullopt;nd_shard_spec=std::nullopt;created_with_nd_shard_spec=0)'; 'pad_value': '0'},HiFi4,110,110,,84108730082,84108799570,69488,1312986291958,1312986326341,684322,684315,25469,24903,24902,,,,591,24839,24524,24539,23271,24138,,,,,,288[288],8[8],32[1],32[32],TILE,BFLOAT16,DEV_1_DRAM_INTERLEAVED,,,,,,,,,,,,,,,,,,,,,,,,,,,,,,,,,,,,,,,,,,,,,,,,,,,,,,,,,,,,,,,,288[288],8[8],32[32],32[1],TILE,BFLOAT16,DEV_1_DRAM_INTERLEAVED,,,,,,,,,,,,,,,,,['ttnn/cpp/ttnn/operations/data_movement/transpose/device/kernels/compute/transpose_wh.cpp'],['transpose_wh/14581025993053660267/'],['ttnn/cpp/ttnn/operations/eltwise/unary/device/kernels/dataflow/writer_unary_interleaved_start_id.cpp'; 'ttnn/cpp/ttnn/operations/data_movement/transpose/device/kernels/dataflow/reader_unary_transpose_wh_interleaved_start_id.cpp'],['writer_unary_interleaved_start_id/6276820466797607771/'; 'reader_unary_transpose_wh_interleaved_start_id/890651917070584162/'],16461604749335509356,False,1000,1012,1140,648,1296,0,0,0,0,28831,28831,8583,[163.66383361816406],[163.66383361816406],115.773,,,,,
MatmulDeviceOperation,tt_dnn_device,156672,0,blackhole,{'bcast_batch': 'false'; 'compute_kernel_config': 'ComputeKernelConfig(math_fidelity=HiFi4;math_approx_mode=0;fp32_dest_acc_en=1;packer_l1_acc=1;dst_full_sync_en=0;throttle_level=ThrottleLevel::NO_THROTTLE)'; 'global_cb': 'std::nullopt'; 'output_dtype': 'DataType::BFLOAT16'; 'output_mem_config': 'MemoryConfig(memory_layout=TensorMemoryLayout::INTERLEAVED;buffer_type=BufferType::DRAM;shard_spec=std::nullopt;nd_shard_spec=std::nullopt;created_with_nd_shard_spec=0)'; 'output_tile': 'Tile(tile_shape={32; 32};face_shape={16; 16};num_faces=4)'; 'program_config': 'MatmulMultiCoreReuseProgramConfig(compute_with_storage_grid_size=(x=11;y=10);in0_block_w=1;out_subblock_h=1;out_subblock_w=1;per_core_M=1;per_core_N=1)'; 'sub_device_id': 'std::nullopt'; 'transpose_a': 'false'; 'transpose_b': 'false'; 'untilize_out': 'false'; 'user_core_coord': 'std::nullopt'; 'user_fused_activation': 'std::nullopt'; 'user_run_batched': 'true'},HiFi4,110,110,,84115954728,84116044243,89515,1312996047046,1312996093397,7201951,7201951,34334,32801,32801,,,,595,32801,30863,32395,32419,32442,,,,,,288[288],8[8],32[1],32[32],TILE,BFLOAT16,DEV_1_DRAM_INTERLEAVED,288[288],8[8],32[32],32[1],TILE,BFLOAT16,DEV_1_DRAM_INTERLEAVED,,,,,,,,,,,,,,,,,,,,,,,,,,,,,,,,,,,,,,,,,,,,,,,,,,,,,,,,,288[288],8[8],32[1],32[1],TILE,BFLOAT16,DEV_1_DRAM_INTERLEAVED,,,,,,,,,,,,,,,,,['ttnn/cpp/ttnn/operations/matmul/device/kernels/compute/bmm_large_block_zm_fused_bias_activation.cpp'],['bmm_large_block_zm_fused_bias_activation/6171249479130063200/'],['ttnn/cpp/ttnn/operations/matmul/device/kernels/dataflow/reader_writer_bmm_tile_layout_in1.cpp'; 'ttnn/cpp/ttnn/operations/matmul/device/kernels/dataflow/reader_bmm_tile_layout_in0.cpp'],['reader_writer_bmm_tile_layout_in1/2606604549083059180/'; 'reader_bmm_tile_layout_in0/1639249638953984223/'],4458138529861187807,False,928,632,1572,1300,1660,0,0,0,0,8583,2,8583,[549.76025390625; 549.76025390625],[549.76025390625],0.006,,,,,
BinaryNgDeviceOperation,tt_dnn_device,157696,0,blackhole,{'binary_op_type': 'BinaryOpType::MUL'; 'compute_kernel_config': 'std::nullopt'; 'dtype': 'DataType::BFLOAT16'; 'input_dtype': 'DataType::BFLOAT16'; 'is_quant_op': 'false'; 'is_sfpu': 'true'; 'is_where_op': 'false'; 'lhs_activations': '{}'; 'memory_config': 'MemoryConfig(memory_layout=TensorMemoryLayout::INTERLEAVED;buffer_type=BufferType::DRAM;shard_spec=std::nullopt;nd_shard_spec=std::nullopt;created_with_nd_shard_spec=0)'; 'post_activations': '{}'; 'rhs_activations': '{}'; 'scalar': '0.17677669'; 'sub_core_grids': 'std::nullopt'; 'subtile_broadcast_type': 'SubtileBroadcastType::NONE'; 'worker_grid': '{[(x=0;y=0) - (x=10;y=9)]}'},HiFi4,110,110,,84116199180,84116257818,58638,1312996386100,1312996424786,217378,217377,28656,28098,28097,,,,556,28097,26321,26581,27696,27087,,,,,,288[288],8[8],32[1],32[1],TILE,BFLOAT16,DEV_1_DRAM_INTERLEAVED,,,,,,,,,,,,,,,,,,,,,,,,,,,,,,,,,,,,,,,,,,,,,,,,,,,,,,,,,,,,,,,,288[288],8[8],32[1],32[1],TILE,BFLOAT16,DEV_1_DRAM_INTERLEAVED,,,,,,,,,,,,,,,,,['ttnn/cpp/ttnn/operations/eltwise/binary_ng/device/kernels/compute/eltwise_binary_sfpu_scalar.cpp'],['eltwise_binary_sfpu_scalar/6302317103236044736/'],['ttnn/cpp/ttnn/operations/eltwise/binary_ng/device/kernels/dataflow/reader_interleaved_no_bcast.cpp'; 'ttnn/cpp/ttnn/operations/eltwise/binary_ng/device/kernels/dataflow/writer_interleaved_scalar.cpp'],['reader_interleaved_no_bcast/15501400787415134526/'; 'writer_interleaved_scalar/13747915134593411132/'],15691238620557725211,True,1228,1256,1532,1264,1296,0,0,0,0,1,1,1,[],[],0.004,,,,,
SoftmaxDeviceOperation,tt_dnn_device,158720,0,blackhole,{'compute_kernel_config': 'ComputeKernelConfig(math_fidelity=HiFi4;math_approx_mode=0;fp32_dest_acc_en=1;packer_l1_acc=1;dst_full_sync_en=0;throttle_level=ThrottleLevel::NO_THROTTLE)'; 'dim': '3'; 'inplace': 'false'; 'is_causal_mask': 'false'; 'is_scale_causal_mask_hw_dims_softmax': 'false'; 'numeric_stable': 'true'; 'output_mem_config': 'MemoryConfig(memory_layout=TensorMemoryLayout::INTERLEAVED;buffer_type=BufferType::DRAM;shard_spec=std::nullopt;nd_shard_spec=std::nullopt;created_with_nd_shard_spec=0)'; 'program_config': 'SoftmaxDefaultProgramConfig()'; 'scale': 'std::nullopt'; 'softmax_type': 'SoftmaxOperationType::Softmax'},HiFi4,110,110,,84400778738,84400895644,116906,1313380574312,1313380687546,284556775,284554778,83877,83324,83296,,,,620,83209,76328,82484,82348,82356,,,,,,288[288],8[8],32[1],32[1],TILE,BFLOAT16,DEV_1_DRAM_INTERLEAVED,,,,,,,,,,,,,,,,,,,,,,,,,,,,,,,,,,,,,,,,,,,,,,,,,,,,,,,,,,,,,,,,288[288],8[8],32[1],32[1],TILE,BFLOAT16,DEV_1_DRAM_INTERLEAVED,,,,,,,,,,,,,,,,,['ttnn/cpp/ttnn/operations/normalization/softmax/device/kernels/attention/compute/softmax.cpp'],['softmax/6046299601752265851/'],['ttnn/cpp/ttnn/operations/normalization/softmax/device/kernels/attention/dataflow/writer_unary_interleaved_start_id_blocked_sm.cpp'; 'ttnn/cpp/ttnn/operations/normalization/softmax/device/kernels/attention/dataflow/reader_unary_interleaved_sm.cpp'],['writer_unary_interleaved_start_id_blocked_sm/6892677344859179542/'; 'reader_unary_interleaved_sm/9749543346036458505/'],1770874428758184147,False,988,1044,5072,4248,3428,0,0,0,0,28831,28831,8583,[163.66383361816406],[163.66383361816406],34.601,,,,,
MatmulDeviceOperation,tt_dnn_device,159744,0,blackhole,{'bcast_batch': 'false'; 'compute_kernel_config': 'ComputeKernelConfig(math_fidelity=HiFi4;math_approx_mode=0;fp32_dest_acc_en=1;packer_l1_acc=1;dst_full_sync_en=0;throttle_level=ThrottleLevel::NO_THROTTLE)'; 'global_cb': 'std::nullopt'; 'output_dtype': 'DataType::BFLOAT16'; 'output_mem_config': 'MemoryConfig(memory_layout=TensorMemoryLayout::INTERLEAVED;buffer_type=BufferType::DRAM;shard_spec=std::nullopt;nd_shard_spec=std::nullopt;created_with_nd_shard_spec=0)'; 'output_tile': 'Tile(tile_shape={32; 32};face_shape={16; 16};num_faces=4)'; 'program_config': 'MatmulMultiCoreReuseProgramConfig(compute_with_storage_grid_size=(x=11;y=10);in0_block_w=1;out_subblock_h=1;out_subblock_w=1;per_core_M=1;per_core_N=1)'; 'sub_device_id': 'std::nullopt'; 'transpose_a': 'false'; 'transpose_b': 'false'; 'untilize_out': 'false'; 'user_core_coord': 'std::nullopt'; 'user_fused_activation': 'std::nullopt'; 'user_run_batched': 'true'},HiFi4,110,110,,84760960721,84761140404,179683,1313866842994,1313866939576,360115330,360115913,71542,70019,70008,,,,631,70008,69500,69622,69640,69665,,,,,,288[288],8[8],32[1],32[1],TILE,BFLOAT16,DEV_1_DRAM_INTERLEAVED,288[288],8[8],32[1],32[32],TILE,BFLOAT16,DEV_1_DRAM_INTERLEAVED,,,,,,,,,,,,,,,,,,,,,,,,,,,,,,,,,,,,,,,,,,,,,,,,,,,,,,,,,288[288],8[8],32[1],32[32],TILE,BFLOAT16,DEV_1_DRAM_INTERLEAVED,,,,,,,,,,,,,,,,,['ttnn/cpp/ttnn/operations/matmul/device/kernels/compute/bmm_large_block_zm_fused_bias_activation.cpp'],['bmm_large_block_zm_fused_bias_activation/6171249479130063200/'],['ttnn/cpp/ttnn/operations/matmul/device/kernels/dataflow/reader_writer_bmm_tile_layout_in1.cpp'; 'ttnn/cpp/ttnn/operations/matmul/device/kernels/dataflow/reader_bmm_tile_layout_in0.cpp'],['reader_writer_bmm_tile_layout_in1/2606604549083059180/'; 'reader_bmm_tile_layout_in0/14891122895172806846/'],4458138529860887262,False,928,772,1572,1300,1660,0,0,0,0,8583,2,8583,[549.76025390625; 549.76025390625],[549.76025390625],0.003,,,,,
NLPConcatHeadsDeviceOperation,tt_dnn_device,160768,0,blackhole,{'output_mem_config': 'MemoryConfig(memory_layout=TensorMemoryLayout::INTERLEAVED;buffer_type=BufferType::DRAM;shard_spec=std::nullopt;nd_shard_spec=std::nullopt;created_with_nd_shard_spec=0)'},,110,110,,84765599262,84765689740,90478,1313873106193,1313873147657,4568436,4568436,30714,30146,30146,,,,550,30146,29914,,,,,,,,,288[288],8[8],32[1],32[32],TILE,BFLOAT16,DEV_1_DRAM_INTERLEAVED,,,,,,,,,,,,,,,,,,,,,,,,,,,,,,,,,,,,,,,,,,,,,,,,,,,,,,,,,,,,,,,,288[288],1[1],32[1],256[256],TILE,BFLOAT16,DEV_1_DRAM_INTERLEAVED,,,,,,,,,,,,,,,,,[],[],['ttnn/cpp/ttnn/operations/eltwise/unary/device/kernels/dataflow/writer_unary_interleaved_start_id.cpp'; 'ttnn/cpp/ttnn/operations/experimental/transformer/nlp_concat_heads/device/kernels/dataflow/reader_tm_tile_layout_nlp_concat_heads.cpp'],['writer_unary_interleaved_start_id/9607551389675776825/'; 'reader_tm_tile_layout_nlp_concat_heads/13160343082803479770/'],9204059178956302183,False,1000,1028,0,0,0,0,0,0,0,1,1,1,[],[],0.003,,,,,
MatmulDeviceOperation,tt_dnn_device,161792,0,blackhole,{'bcast_batch': 'true'; 'compute_kernel_config': 'ComputeKernelConfig(math_fidelity=HiFi4;math_approx_mode=0;fp32_dest_acc_en=1;packer_l1_acc=1;dst_full_sync_en=0;throttle_level=ThrottleLevel::NO_THROTTLE)'; 'global_cb': 'std::nullopt'; 'output_dtype': 'DataType::BFLOAT16'; 'output_mem_config': 'MemoryConfig(memory_layout=TensorMemoryLayout::INTERLEAVED;buffer_type=BufferType::DRAM;shard_spec=std::nullopt;nd_shard_spec=std::nullopt;created_with_nd_shard_spec=0)'; 'output_tile': 'Tile(tile_shape={32; 32};face_shape={16; 16};num_faces=4)'; 'program_config': 'MatmulMultiCoreReuseMultiCast1DProgramConfig(compute_with_storage_grid_size=(x=11;y=10);in0_block_w=1;out_subblock_h=1;out_subblock_w=4;out_block_h=3;out_block_w=8;per_core_M=3;per_core_N=8;fuse_batch=1;fused_activation=std::nullopt;mcast_in0=0;gather_in0=0;hop_cores={};num_global_cb_receivers=0;untilize_out=0)'; 'sub_device_id': 'std::nullopt'; 'transpose_a': 'false'; 'transpose_b': 'false'; 'untilize_out': 'false'; 'user_core_coord': '(x=11;y=10)'; 'user_fused_activation': 'std::nullopt'; 'user_run_batched': 'false'},HiFi4,96,110,,84776307583,84776437724,130141,1313887566124,1313887670479,10681993,10681993,77300,75713,75713,,,,637,75713,43327,46284,46086,46350,,,,,,1[1],288[288],32[1],256[256],TILE,BFLOAT16,DEV_1_DRAM_INTERLEAVED,1[1],1[1],256[256],256[256],TILE,BFLOAT16,DEV_1_DRAM_INTERLEAVED,1[1],1[1],32[1],256[256],TILE,BFLOAT16,DEV_1_DRAM_INTERLEAVED,,,,,,,,,,,,,,,,,,,,,,,,,,,,,,,,,,,,,,,,,,,,,,,,,,1[1],288[288],32[1],256[256],TILE,BFLOAT16,DEV_1_DRAM_INTERLEAVED,,,,,,,,,,,,,,,,,['ttnn/cpp/ttnn/operations/matmul/device/kernels/compute/bmm_large_block_zm_fused_bias_activation.cpp'],['bmm_large_block_zm_fused_bias_activation/18369262318261600387/'],['ttnn/cpp/ttnn/operations/matmul/device/kernels/dataflow/reader_bmm_tile_layout_in1_receiver_writer_padding.cpp'; 'ttnn/cpp/ttnn/operations/matmul/device/kernels/dataflow/reader_bmm_tile_layout_in1_sender_writer_padding.cpp'; 'ttnn/cpp/ttnn/operations/matmul/device/kernels/dataflow/reader_bmm_tile_layout_in0_sender_padding.cpp'],['reader_bmm_tile_layout_in1_receiver_writer_padding/3660654599154577488/'; 'reader_bmm_tile_layout_in1_sender_writer_padding/5905047603454325090/'; 'reader_bmm_tile_layout_in0_sender_padding/6809859234258625143/'],4416536916882163205,False,2400,752,2192,2168,3584,0,0,0,0,8583,249,8583,[549.76025390625; 15.271117210388184],[549.76025390625],0.329,,,,,
BinaryNgDeviceOperation,tt_dnn_device,162816,0,blackhole,{'binary_op_type': 'BinaryOpType::MUL'; 'compute_kernel_config': 'std::nullopt'; 'dtype': 'DataType::BFLOAT16'; 'input_dtype': 'DataType::BFLOAT16'; 'is_quant_op': 'false'; 'is_sfpu': 'true'; 'is_where_op': 'false'; 'lhs_activations': '{}'; 'memory_config': 'MemoryConfig(memory_layout=TensorMemoryLayout::INTERLEAVED;buffer_type=BufferType::DRAM;shard_spec=std::nullopt;nd_shard_spec=std::nullopt;created_with_nd_shard_spec=0)'; 'post_activations': '{}'; 'rhs_activations': '{BasicUnaryWithParam<float; int; unsigned int>(base=BasicUnaryWithParam<float>(op_type=UnaryOpType::SIGMOID;param={}))}'; 'scalar': 'std::nullopt'; 'sub_core_grids': 'std::nullopt'; 'subtile_broadcast_type': 'SubtileBroadcastType::NONE'; 'worker_grid': '{[(x=0;y=0) - (x=10;y=9)]}'},HiFi4,110,110,,84776704547,84776769888,65341,1313888105451,1313888158284,322773,322783,39136,38570,38557,,,,556,38530,35353,37591,38131,37454,,,,,,1[1],288[288],32[1],256[256],TILE,BFLOAT16,DEV_1_DRAM_INTERLEAVED,1[1],288[288],32[1],256[256],TILE,BFLOAT16,DEV_1_DRAM_INTERLEAVED,,,,,,,,,,,,,,,,,,,,,,,,,,,,,,,,,,,,,,,,,,,,,,,,,,,,,,,,,1[1],288[288],32[1],256[256],TILE,BFLOAT16,DEV_1_DRAM_INTERLEAVED,,,,,,,,,,,,,,,,,['ttnn/cpp/ttnn/operations/eltwise/binary_ng/device/kernels/compute/eltwise_binary_sfpu_no_bcast.cpp'],['eltwise_binary_sfpu_no_bcast/16161308948743346830/'],['ttnn/cpp/ttnn/operations/eltwise/binary_ng/device/kernels_ng/dataflow/reader_interleaved_no_bcast.cpp'; 'ttnn/cpp/ttnn/operations/eltwise/binary_ng/device/kernels_ng/dataflow/writer_interleaved_no_bcast.cpp'],['reader_interleaved_no_bcast/5406995968467651208/'; 'writer_interleaved_no_bcast/12304832950705642753/'],1422597016547192474,True,1120,1644,1768,2328,1552,0,0,0,0,1,1,1,[],[],0.003,,,,,
MatmulDeviceOperation,tt_dnn_device,163840,0,blackhole,{'bcast_batch': 'true'; 'compute_kernel_config': 'ComputeKernelConfig(math_fidelity=HiFi4;math_approx_mode=0;fp32_dest_acc_en=1;packer_l1_acc=1;dst_full_sync_en=0;throttle_level=ThrottleLevel::NO_THROTTLE)'; 'global_cb': 'std::nullopt'; 'output_dtype': 'DataType::BFLOAT16'; 'output_mem_config': 'MemoryConfig(memory_layout=TensorMemoryLayout::INTERLEAVED;buffer_type=BufferType::DRAM;shard_spec=std::nullopt;nd_shard_spec=std::nullopt;created_with_nd_shard_spec=0)'; 'output_tile': 'Tile(tile_shape={32; 32};face_shape={16; 16};num_faces=4)'; 'program_config': 'MatmulMultiCoreReuseMultiCast1DProgramConfig(compute_with_storage_grid_size=(x=11;y=10);in0_block_w=1;out_subblock_h=1;out_subblock_w=4;out_block_h=3;out_block_w=8;per_core_M=3;per_core_N=8;fuse_batch=1;fused_activation=std::nullopt;mcast_in0=0;gather_in0=0;hop_cores={};num_global_cb_receivers=0;untilize_out=0)'; 'sub_device_id': 'std::nullopt'; 'transpose_a': 'false'; 'transpose_b': 'false'; 'untilize_out': 'false'; 'user_core_coord': '(x=11;y=10)'; 'user_fused_activation': 'std::nullopt'; 'user_run_batched': 'false'},HiFi4,96,110,,84777057891,84777115207,57316,1313888591800,1313888696041,322682,322682,77216,75655,75655,,,,658,75655,43338,46133,45938,46206,,,,,,1[1],288[288],32[1],256[256],TILE,BFLOAT16,DEV_1_DRAM_INTERLEAVED,1[1],1[1],256[256],256[256],TILE,BFLOAT16,DEV_1_DRAM_INTERLEAVED,1[1],1[1],32[1],256[256],TILE,BFLOAT16,DEV_1_DRAM_INTERLEAVED,,,,,,,,,,,,,,,,,,,,,,,,,,,,,,,,,,,,,,,,,,,,,,,,,,1[1],288[288],32[1],256[256],TILE,BFLOAT16,DEV_1_DRAM_INTERLEAVED,,,,,,,,,,,,,,,,,['ttnn/cpp/ttnn/operations/matmul/device/kernels/compute/bmm_large_block_zm_fused_bias_activation.cpp'],['bmm_large_block_zm_fused_bias_activation/18369262318261600387/'],['ttnn/cpp/ttnn/operations/matmul/device/kernels/dataflow/reader_bmm_tile_layout_in1_receiver_writer_padding.cpp'; 'ttnn/cpp/ttnn/operations/matmul/device/kernels/dataflow/reader_bmm_tile_layout_in1_sender_writer_padding.cpp'; 'ttnn/cpp/ttnn/operations/matmul/device/kernels/dataflow/reader_bmm_tile_layout_in0_sender_padding.cpp'],['reader_bmm_tile_layout_in1_receiver_writer_padding/3660654599154577488/'; 'reader_bmm_tile_layout_in1_sender_writer_padding/5905047603454325090/'; 'reader_bmm_tile_layout_in0_sender_padding/6809859234258625143/'],4416536916882163205,True,2400,752,2192,2168,3584,0,0,0,0,8583,249,8583,[549.76025390625; 15.271117210388184],[549.76025390625],0.329,,,,,
TransposeDeviceOperation,tt_dnn_device,164864,0,blackhole,{'dim': 'TransposeOpDim::HC'; 'output_mem_config': 'MemoryConfig(memory_layout=TensorMemoryLayout::INTERLEAVED;buffer_type=BufferType::DRAM;shard_spec=std::nullopt;nd_shard_spec=std::nullopt;created_with_nd_shard_spec=0)'; 'pad_value': '0'},,110,110,,85036370224,85036485718,115494,1314238663713,1314238685659,259243186,259243186,16256,15716,15716,,,,548,15716,15391,,,,,,,,,1[1],288[288],32[1],256[256],TILE,BFLOAT16,DEV_1_DRAM_INTERLEAVED,,,,,,,,,,,,,,,,,,,,,,,,,,,,,,,,,,,,,,,,,,,,,,,,,,,,,,,,,,,,,,,,1[1],1[1],288[288],256[256],TILE,BFLOAT16,DEV_1_DRAM_INTERLEAVED,,,,,,,,,,,,,,,,,[],[],['ttnn/cpp/ttnn/operations/data_movement/transpose/device/kernels/dataflow/writer_unary_transpose_hc_interleaved_tiled_padding_aware.cpp'; 'ttnn/cpp/ttnn/operations/data_movement/transpose/device/kernels/dataflow/reader_unary_transpose_hc_interleaved_tiled_padding_aware.cpp'],['writer_unary_transpose_hc_interleaved_tiled_padding_aware/5586472296567324416/'; 'reader_unary_transpose_hc_interleaved_tiled_padding_aware/790041023213831019/'],16461604712183790755,False,800,900,0,0,0,0,0,0,0,15056,15056,8583,[313.40277099609375],[9.79383659362793],95.8,,,,,
GenericOpDeviceOperation,tt_dnn_device,165888,0,blackhole,{'num_mesh_programs': '1'},HiFi4,72,110,,85037100695,85037160917,60222,1314239655344,1314239660370,719136,719330,3723,2764,2764,,,,559,2762,1747,1906,2418,817,,,,,,1[1],1[1],288[288],256[256],TILE,BFLOAT16,DEV_1_DRAM_INTERLEAVED,1[1],1[1],288[288],256[256],TILE,BFLOAT16,DEV_1_DRAM_INTERLEAVED,1[1],1[1],288[288],256[256],TILE,BFLOAT16,DEV_1_DRAM_INTERLEAVED,1[1],1[1],288[288],256[256],TILE,BFLOAT16,DEV_1_DRAM_INTERLEAVED,,,,,,,,,,,,,,,,,,,,,,,,,,,,,,,,,,,,,,,,,,,1[1],1[1],288[288],256[256],TILE,BFLOAT16,DEV_1_DRAM_INTERLEAVED,,,,,,,,,,,,,,,,,['/home/ttuser/.coworker/wt/bcp-evo/tt_bio/kernels/rne_add/compute_rne_add.cpp'],['compute_rne_add/15506775982570106819/'],['/home/ttuser/.coworker/wt/bcp-evo/tt_bio/kernels/rne_add/writer_rne_add.cpp'; '/home/ttuser/.coworker/wt/bcp-evo/tt_bio/kernels/rne_add/reader_rne_add.cpp'],['writer_rne_add/11689109000663956392/'; 'reader_rne_add/5462348467134491698/'],11998302437493887239,True,768,1412,1604,1376,1432,0,0,0,0,1,1,1,[],[],0.036,,,,,
LayerNormDeviceOperation,tt_dnn_device,166912,0,blackhole,{'compute_kernel_config': 'ComputeKernelConfig(math_fidelity=HiFi4;math_approx_mode=0;fp32_dest_acc_en=1;packer_l1_acc=1;dst_full_sync_en=0;throttle_level=ThrottleLevel::NO_THROTTLE)'; 'distributed_norm_stage': 'DistributedLayerNormStage::NOT_DISTRIBUTED'; 'dtype': 'std::nullopt'; 'eps': '1e-05'; 'fused_activation': 'std::nullopt'; 'norm_type': 'LayerNormType::LAYERNORM'; 'output_mem_config': 'MemoryConfig(memory_layout=TensorMemoryLayout::INTERLEAVED;buffer_type=BufferType::DRAM;shard_spec=std::nullopt;nd_shard_spec=std::nullopt;created_with_nd_shard_spec=0)'; 'program_config': 'LayerNormDefaultProgramConfig(legacy_reduction=0;legacy_rsqrt=0;use_welford=0)'},HiFi4,9,110,,85037407904,85037484986,77082,1314240065794,1314240078494,300733,301015,9407,8984,8701,,,,698,8653,4627,8206,8182,8190,,,,,,1[1],1[1],288[288],256[256],TILE,BFLOAT16,DEV_1_DRAM_INTERLEAVED,1[1],1[1],32[1],256[256],TILE,BFLOAT16,DEV_1_DRAM_INTERLEAVED,1[1],1[1],32[1],256[256],TILE,BFLOAT16,DEV_1_DRAM_INTERLEAVED,,,,,,,,,,,,,,,,,,,,,,,,,,,,,,,,,,,,,,,,,,,,,,,,,,1[1],1[1],288[288],256[256],TILE,BFLOAT16,DEV_1_DRAM_INTERLEAVED,,,,,,,,,,,,,,,,,['ttnn/cpp/ttnn/operations/normalization/layernorm/device/kernels/compute/layernorm.cpp'],['layernorm/18319883958068211404/'],['ttnn/cpp/ttnn/operations/normalization/layernorm/device/kernels/dataflow/writer_unary_interleaved_start_id_blocked.cpp'; 'ttnn/cpp/ttnn/operations/normalization/layernorm/device/kernels/dataflow/reader_unary_interleaved_ln.cpp'],['writer_unary_interleaved_start_id_blocked/1072855677011524085/'; 'reader_unary_interleaved_ln/12670039668448626785/'],4103793129536580648,True,812,2112,4888,3956,6424,0,0,0,0,1,1,1,[],[],0.011,,,,,
MatmulDeviceOperation,tt_dnn_device,167936,0,blackhole,{'bcast_batch': 'true'; 'compute_kernel_config': 'ComputeKernelConfig(math_fidelity=HiFi4;math_approx_mode=0;fp32_dest_acc_en=1;packer_l1_acc=1;dst_full_sync_en=0;throttle_level=ThrottleLevel::NO_THROTTLE)'; 'global_cb': 'std::nullopt'; 'output_dtype': 'DataType::BFLOAT16'; 'output_mem_config': 'MemoryConfig(memory_layout=TensorMemoryLayout::INTERLEAVED;buffer_type=BufferType::DRAM;shard_spec=std::nullopt;nd_shard_spec=std::nullopt;created_with_nd_shard_spec=0)'; 'output_tile': 'Tile(tile_shape={32; 32};face_shape={16; 16};num_faces=4)'; 'program_config': 'MatmulMultiCoreReuseMultiCastProgramConfig(compute_with_storage_grid_size=(x=11;y=10);in0_block_w=4;out_subblock_h=1;out_subblock_w=3;out_block_h=1;out_block_w=3;per_core_M=1;per_core_N=3;transpose_mcast=0;fused_activation=std::nullopt;fuse_batch=1)'; 'sub_device_id': 'std::nullopt'; 'transpose_a': 'false'; 'transpose_b': 'false'; 'untilize_out': 'false'; 'user_core_coord': '(x=11;y=10)'; 'user_fused_activation': 'std::nullopt'; 'user_run_batched': 'false'},HiFi4,99,110,,85418033438,85418163308,129870,1314753927823,1314753940076,380640765,380652498,9076,7215,7213,,,,559,7210,3102,4532,4249,4602,,,,,,1[1],1[1],288[288],256[256],TILE,BFLOAT16,DEV_1_DRAM_INTERLEAVED,1[1],1[1],256[256],1024[1024],TILE,BFLOAT16,DEV_1_DRAM_INTERLEAVED,1[1],1[1],32[1],1024[1024],TILE,BFLOAT16,DEV_1_DRAM_INTERLEAVED,,,,,,,,,,,,,,,,,,,,,,,,,,,,,,,,,,,,,,,,,,,,,,,,,,1[1],1[1],288[288],1024[1024],TILE,BFLOAT16,DEV_1_DRAM_INTERLEAVED,,,,,,,,,,,,,,,,,['ttnn/cpp/ttnn/operations/matmul/device/kernels/compute/bmm_large_block_zm_fused_bias_activation.cpp'],['bmm_large_block_zm_fused_bias_activation/11832743512040634795/'],['ttnn/cpp/ttnn/operations/matmul/device/kernels/dataflow/reader_bmm_tile_layout_in0_receiver.cpp'; 'ttnn/cpp/ttnn/operations/matmul/device/kernels/dataflow/reader_bmm_tile_layout_in1_receiver_writer_padding.cpp'; 'ttnn/cpp/ttnn/operations/matmul/device/kernels/dataflow/reader_bmm_tile_layout_in1_sender_writer_padding.cpp'; 'ttnn/cpp/ttnn/operations/matmul/device/kernels/dataflow/reader_bmm_tile_layout_in0_sender_padding.cpp'],['reader_bmm_tile_layout_in0_receiver/7000401374503455926/'; 'reader_bmm_tile_layout_in1_receiver_writer_padding/16813644139627595748/'; 'reader_bmm_tile_layout_in1_sender_writer_padding/1663047398804248336/'; 'reader_bmm_tile_layout_in0_sender_padding/230837090348657336/'],16728705712178173509,False,2656,1104,2120,1736,2708,0,0,0,0,1072,994,1072,[137.55224609375; 489.0746154785156],[550.208984375],13.777,,,,,
UnaryNgDeviceOperation,tt_dnn_device,168960,0,blackhole,{'bfp8_pack_precise': 'false'; 'fp32_dest_acc_en': 'false'; 'memory_config': 'MemoryConfig(memory_layout=TensorMemoryLayout::INTERLEAVED;buffer_type=BufferType::DRAM;shard_spec=std::nullopt;nd_shard_spec=std::nullopt;created_with_nd_shard_spec=0)'; 'op_chain': '{BasicUnaryWithParam<float; int; unsigned int>(base=BasicUnaryWithParam<float>(op_type=UnaryOpType::RELU;param={}))}'; 'output_dtype': 'DataType::BFLOAT16'; 'preserve_fp32_precision': 'false'; 'sub_core_grids': 'std::nullopt'; 'worker_grid': '{[(x=0;y=0) - (x=10;y=9)]}'},HiFi4,110,110,,85423503207,85423585600,82393,1314761310401,1314761316135,5459465,5460179,4247,3687,3686,,,,558,3677,3004,3032,3153,2819,,,,,,1[1],1[1],288[288],1024[1024],TILE,BFLOAT16,DEV_1_DRAM_INTERLEAVED,,,,,,,,,,,,,,,,,,,,,,,,,,,,,,,,,,,,,,,,,,,,,,,,,,,,,,,,,,,,,,,,1[1],1[1],288[288],1024[1024],TILE,BFLOAT16,DEV_1_DRAM_INTERLEAVED,,,,,,,,,,,,,,,,,['ttnn/cpp/ttnn/operations/eltwise/unary_ng/device/kernels/compute/eltwise_sfpu.cpp'],['eltwise_sfpu/17300983965006119984/'],['ttnn/cpp/ttnn/operations/eltwise/unary_ng/device/kernels/dataflow/writer_unary_ng.cpp'; 'ttnn/cpp/ttnn/operations/eltwise/unary_ng/device/kernels/dataflow/reader_unary_ng.cpp'],['writer_unary_ng/13835163660338601625/'; 'reader_unary_ng/850304498476538194/'],9784030615441581399,False,1000,928,1096,784,1264,0,0,0,0,1,1,1,[],[],0.027,,,,,
MatmulDeviceOperation,tt_dnn_device,169984,0,blackhole,{'bcast_batch': 'true'; 'compute_kernel_config': 'ComputeKernelConfig(math_fidelity=HiFi4;math_approx_mode=0;fp32_dest_acc_en=1;packer_l1_acc=1;dst_full_sync_en=0;throttle_level=ThrottleLevel::NO_THROTTLE)'; 'global_cb': 'std::nullopt'; 'output_dtype': 'DataType::BFLOAT16'; 'output_mem_config': 'MemoryConfig(memory_layout=TensorMemoryLayout::INTERLEAVED;buffer_type=BufferType::DRAM;shard_spec=std::nullopt;nd_shard_spec=std::nullopt;created_with_nd_shard_spec=0)'; 'output_tile': 'Tile(tile_shape={32; 32};face_shape={16; 16};num_faces=4)'; 'program_config': 'MatmulMultiCoreReuseMultiCastProgramConfig(compute_with_storage_grid_size=(x=11;y=10);in0_block_w=4;out_subblock_h=1;out_subblock_w=1;out_block_h=1;out_block_w=1;per_core_M=1;per_core_N=1;transpose_mcast=0;fused_activation=std::nullopt;fuse_batch=1)'; 'sub_device_id': 'std::nullopt'; 'transpose_a': 'false'; 'transpose_b': 'false'; 'untilize_out': 'false'; 'user_core_coord': '(x=11;y=10)'; 'user_fused_activation': 'std::nullopt'; 'user_run_batched': 'false'},HiFi4,72,110,,85965748191,85966020274,272083,1315493348703,1315493364216,542266686,542223322,11491,9727,9724,,,,556,9720,8812,9202,9043,9211,,,,,,1[1],1[1],288[288],1024[1024],TILE,BFLOAT16,DEV_1_DRAM_INTERLEAVED,1[1],1[1],1024[1024],256[256],TILE,BFLOAT16,DEV_1_DRAM_INTERLEAVED,1[1],1[1],32[1],256[256],TILE,BFLOAT16,DEV_1_DRAM_INTERLEAVED,,,,,,,,,,,,,,,,,,,,,,,,,,,,,,,,,,,,,,,,,,,,,,,,,,1[1],1[1],288[288],256[256],TILE,BFLOAT16,DEV_1_DRAM_INTERLEAVED,,,,,,,,,,,,,,,,,['ttnn/cpp/ttnn/operations/matmul/device/kernels/compute/bmm_large_block_zm_fused_bias_activation.cpp'],['bmm_large_block_zm_fused_bias_activation/10308972690440573509/'],['ttnn/cpp/ttnn/operations/matmul/device/kernels/dataflow/reader_bmm_tile_layout_in0_receiver.cpp'; 'ttnn/cpp/ttnn/operations/matmul/device/kernels/dataflow/reader_bmm_tile_layout_in1_receiver_writer_padding.cpp'; 'ttnn/cpp/ttnn/operations/matmul/device/kernels/dataflow/reader_bmm_tile_layout_in1_sender_writer_padding.cpp'; 'ttnn/cpp/ttnn/operations/matmul/device/kernels/dataflow/reader_bmm_tile_layout_in0_sender_padding.cpp'],['reader_bmm_tile_layout_in0_receiver/9263361256393339100/'; 'reader_bmm_tile_layout_in1_receiver_writer_padding/4883398118879754740/'; 'reader_bmm_tile_layout_in1_sender_writer_padding/10156388445767237818/'; 'reader_bmm_tile_layout_in0_sender_padding/15189974851610810448/'],3176040432604373097,False,2340,1080,2012,1592,2408,0,0,0,0,1072,994,1072,[550.208984375; 489.0746154785156],[137.55224609375],10.219,,,,,
GenericOpDeviceOperation,tt_dnn_device,171008,0,blackhole,{'num_mesh_programs': '1'},HiFi4,72,110,,85967154913,85967298489,143576,1315495250227,1315495255218,1398167,1398167,3697,2721,2721,,,,567,2721,1682,1829,2336,814,,,,,,1[1],1[1],288[288],256[256],TILE,BFLOAT16,DEV_1_DRAM_INTERLEAVED,1[1],1[1],288[288],256[256],TILE,BFLOAT16,DEV_1_DRAM_INTERLEAVED,1[1],1[1],288[288],256[256],TILE,BFLOAT16,DEV_1_DRAM_INTERLEAVED,1[1],1[1],288[288],256[256],TILE,BFLOAT16,DEV_1_DRAM_INTERLEAVED,,,,,,,,,,,,,,,,,,,,,,,,,,,,,,,,,,,,,,,,,,,1[1],1[1],288[288],256[256],TILE,BFLOAT16,DEV_1_DRAM_INTERLEAVED,,,,,,,,,,,,,,,,,['/home/ttuser/.coworker/wt/bcp-evo/tt_bio/kernels/rne_add/compute_rne_add.cpp'],['compute_rne_add/15506775982570106819/'],['/home/ttuser/.coworker/wt/bcp-evo/tt_bio/kernels/rne_add/writer_rne_add.cpp'; '/home/ttuser/.coworker/wt/bcp-evo/tt_bio/kernels/rne_add/reader_rne_add.cpp'],['writer_rne_add/11689109000663956392/'; 'reader_rne_add/5462348467134491698/'],11998302437493887239,True,768,1412,1604,1376,1432,0,0,0,0,1,1,1,[],[],0.037,,,,,
LayerNormDeviceOperation,tt_dnn_device,172032,0,blackhole,{'compute_kernel_config': 'ComputeKernelConfig(math_fidelity=HiFi4;math_approx_mode=0;fp32_dest_acc_en=1;packer_l1_acc=1;dst_full_sync_en=0;throttle_level=ThrottleLevel::NO_THROTTLE)'; 'distributed_norm_stage': 'DistributedLayerNormStage::NOT_DISTRIBUTED'; 'dtype': 'std::nullopt'; 'eps': '1e-05'; 'fused_activation': 'std::nullopt'; 'norm_type': 'LayerNormType::LAYERNORM'; 'output_mem_config': 'MemoryConfig(memory_layout=TensorMemoryLayout::INTERLEAVED;buffer_type=BufferType::DRAM;shard_spec=std::nullopt;nd_shard_spec=std::nullopt;created_with_nd_shard_spec=0)'; 'program_config': 'LayerNormDefaultProgramConfig(legacy_reduction=0;legacy_rsqrt=0;use_welford=0)'},HiFi4,9,110,,85968072391,85968237456,165065,1315496487250,1315496500106,913084,913288,9523,9099,8819,,,,710,8767,4608,8281,8257,8282,,,,,,1[1],1[1],288[288],256[256],TILE,BFLOAT16,DEV_1_DRAM_INTERLEAVED,1[1],1[1],32[1],256[256],TILE,BFLOAT16,DEV_1_DRAM_INTERLEAVED,1[1],1[1],32[1],256[256],TILE,BFLOAT16,DEV_1_DRAM_INTERLEAVED,,,,,,,,,,,,,,,,,,,,,,,,,,,,,,,,,,,,,,,,,,,,,,,,,,1[1],1[1],288[288],256[256],TILE,BFLOAT16,DEV_1_DRAM_INTERLEAVED,,,,,,,,,,,,,,,,,['ttnn/cpp/ttnn/operations/normalization/layernorm/device/kernels/compute/layernorm.cpp'],['layernorm/18319883958068211404/'],['ttnn/cpp/ttnn/operations/normalization/layernorm/device/kernels/dataflow/writer_unary_interleaved_start_id_blocked.cpp'; 'ttnn/cpp/ttnn/operations/normalization/layernorm/device/kernels/dataflow/reader_unary_interleaved_ln.cpp'],['writer_unary_interleaved_start_id_blocked/1072855677011524085/'; 'reader_unary_interleaved_ln/12670039668448626785/'],4103793129536580648,True,812,2112,4888,3956,6424,0,0,0,0,1,1,1,[],[],0.011,,,,,
MatmulDeviceOperation,tt_dnn_device,173056,0,blackhole,{'bcast_batch': 'true'; 'compute_kernel_config': 'ComputeKernelConfig(math_fidelity=HiFi4;math_approx_mode=0;fp32_dest_acc_en=1;packer_l1_acc=1;dst_full_sync_en=0;throttle_level=ThrottleLevel::NO_THROTTLE)'; 'global_cb': 'std::nullopt'; 'output_dtype': 'DataType::BFLOAT16'; 'output_mem_config': 'MemoryConfig(memory_layout=TensorMemoryLayout::INTERLEAVED;buffer_type=BufferType::DRAM;shard_spec=std::nullopt;nd_shard_spec=std::nullopt;created_with_nd_shard_spec=0)'; 'output_tile': 'Tile(tile_shape={32; 32};face_shape={16; 16};num_faces=4)'; 'program_config': 'MatmulMultiCoreReuseMultiCast1DProgramConfig(compute_with_storage_grid_size=(x=11;y=10);in0_block_w=1;out_subblock_h=1;out_subblock_w=1;out_block_h=1;out_block_w=1;per_core_M=1;per_core_N=1;fuse_batch=1;fused_activation=std::nullopt;mcast_in0=0;gather_in0=0;hop_cores={};num_global_cb_receivers=0;untilize_out=0)'; 'sub_device_id': 'std::nullopt'; 'transpose_a': 'false'; 'transpose_b': 'false'; 'untilize_out': 'false'; 'user_core_coord': '(x=11;y=10)'; 'user_fused_activation': 'std::nullopt'; 'user_run_batched': 'false'},HiFi4,9,110,,86361123062,86361252011,128949,1316027133937,1316027144016,393052102,393039129,7466,6885,6767,,,,531,6688,4939,6233,5169,5771,,,,,,1[1],1[1],288[288],256[256],TILE,BFLOAT16,DEV_1_DRAM_INTERLEAVED,1[1],1[1],256[256],32[32],TILE,BFLOAT16,DEV_1_DRAM_INTERLEAVED,1[1],1[1],32[1],32[32],TILE,BFLOAT16,DEV_1_DRAM_INTERLEAVED,,,,,,,,,,,,,,,,,,,,,,,,,,,,,,,,,,,,,,,,,,,,,,,,,,1[1],1[1],288[288],32[32],TILE,BFLOAT16,DEV_1_DRAM_INTERLEAVED,,,,,,,,,,,,,,,,,['ttnn/cpp/ttnn/operations/matmul/device/kernels/compute/bmm_large_block_zm_fused_bias_activation.cpp'],['bmm_large_block_zm_fused_bias_activation/2168610931193228605/'],['ttnn/cpp/ttnn/operations/matmul/device/kernels/dataflow/reader_bmm_tile_layout_in1_receiver_writer_padding.cpp'; 'ttnn/cpp/ttnn/operations/matmul/device/kernels/dataflow/reader_bmm_tile_layout_in1_sender_writer_padding.cpp'; 'ttnn/cpp/ttnn/operations/matmul/device/kernels/dataflow/reader_bmm_tile_layout_in0_sender_padding.cpp'],['reader_bmm_tile_layout_in1_receiver_writer_padding/13553072436853913734/'; 'reader_bmm_tile_layout_in1_sender_writer_padding/17475428285067537154/'; 'reader_bmm_tile_layout_in0_sender_padding/8041300386083492419/'],16294053291500015348,False,2268,680,1980,1572,2408,0,0,0,0,268,32,268,[550.208984375; 61.13432693481445],[68.776123046875],0.465,,,,,
MatmulDeviceOperation,tt_dnn_device,174080,0,blackhole,{'bcast_batch': 'true'; 'compute_kernel_config': 'ComputeKernelConfig(math_fidelity=HiFi4;math_approx_mode=0;fp32_dest_acc_en=1;packer_l1_acc=1;dst_full_sync_en=0;throttle_level=ThrottleLevel::NO_THROTTLE)'; 'global_cb': 'std::nullopt'; 'output_dtype': 'DataType::BFLOAT16'; 'output_mem_config': 'MemoryConfig(memory_layout=TensorMemoryLayout::INTERLEAVED;buffer_type=BufferType::DRAM;shard_spec=std::nullopt;nd_shard_spec=std::nullopt;created_with_nd_shard_spec=0)'; 'output_tile': 'Tile(tile_shape={32; 32};face_shape={16; 16};num_faces=4)'; 'program_config': 'MatmulMultiCoreReuseMultiCast1DProgramConfig(compute_with_storage_grid_size=(x=11;y=10);in0_block_w=1;out_subblock_h=1;out_subblock_w=1;out_block_h=1;out_block_w=1;per_core_M=1;per_core_N=1;fuse_batch=1;fused_activation=std::nullopt;mcast_in0=0;gather_in0=0;hop_cores={};num_global_cb_receivers=0;untilize_out=0)'; 'sub_device_id': 'std::nullopt'; 'transpose_a': 'false'; 'transpose_b': 'false'; 'untilize_out': 'false'; 'user_core_coord': '(x=11;y=10)'; 'user_fused_activation': 'std::nullopt'; 'user_run_batched': 'false'},HiFi4,9,110,,86361457671,86361517542,59871,1316027590187,1316027600284,331053,331193,7479,6901,6792,,,,548,6728,4953,6250,5164,5781,,,,,,1[1],1[1],288[288],256[256],TILE,BFLOAT16,DEV_1_DRAM_INTERLEAVED,1[1],1[1],256[256],32[32],TILE,BFLOAT16,DEV_1_DRAM_INTERLEAVED,1[1],1[1],32[1],32[32],TILE,BFLOAT16,DEV_1_DRAM_INTERLEAVED,,,,,,,,,,,,,,,,,,,,,,,,,,,,,,,,,,,,,,,,,,,,,,,,,,1[1],1[1],288[288],32[32],TILE,BFLOAT16,DEV_1_DRAM_INTERLEAVED,,,,,,,,,,,,,,,,,['ttnn/cpp/ttnn/operations/matmul/device/kernels/compute/bmm_large_block_zm_fused_bias_activation.cpp'],['bmm_large_block_zm_fused_bias_activation/2168610931193228605/'],['ttnn/cpp/ttnn/operations/matmul/device/kernels/dataflow/reader_bmm_tile_layout_in1_receiver_writer_padding.cpp'; 'ttnn/cpp/ttnn/operations/matmul/device/kernels/dataflow/reader_bmm_tile_layout_in1_sender_writer_padding.cpp'; 'ttnn/cpp/ttnn/operations/matmul/device/kernels/dataflow/reader_bmm_tile_layout_in0_sender_padding.cpp'],['reader_bmm_tile_layout_in1_receiver_writer_padding/13553072436853913734/'; 'reader_bmm_tile_layout_in1_sender_writer_padding/17475428285067537154/'; 'reader_bmm_tile_layout_in0_sender_padding/8041300386083492419/'],16294053291500015348,True,2268,680,1980,1572,2408,0,0,0,0,268,32,268,[550.208984375; 61.13432693481445],[68.776123046875],0.464,,,,,
PermuteDeviceOperation,tt_dnn_device,175104,0,blackhole,{'dims': '{0; 2; 3; 1}'; 'output_mem_config': 'MemoryConfig(memory_layout=TensorMemoryLayout::INTERLEAVED;buffer_type=BufferType::DRAM;shard_spec=std::nullopt;nd_shard_spec=std::nullopt;created_with_nd_shard_spec=0)'; 'pad_value': '0'},HiFi4,110,110,,86646569463,86646681591,112128,1316412489260,1316412506682,285110352,285106946,12905,12344,12332,,,,563,12301,8256,8455,8399,8847,,,,,,1[1],1[1],288[288],32[32],TILE,BFLOAT16,DEV_1_DRAM_INTERLEAVED,,,,,,,,,,,,,,,,,,,,,,,,,,,,,,,,,,,,,,,,,,,,,,,,,,,,,,,,,,,,,,,,1[1],288[288],32[32],32[1],TILE,BFLOAT16,DEV_1_DRAM_INTERLEAVED,,,,,,,,,,,,,,,,,['ttnn/cpp/ttnn/operations/data_movement/permute/device/kernels/compute/transpose_xw_tiled.cpp'],['transpose_xw_tiled/3700826860125243985/'],['ttnn/cpp/ttnn/operations/data_movement/permute/device/kernels/dataflow/writer_permute_interleaved_tiled_generic.cpp'; 'ttnn/cpp/ttnn/operations/data_movement/permute/device/kernels/dataflow/reader_permute_interleaved_tiled_generic.cpp'],['writer_permute_interleaved_tiled_generic/7935463194172988025/'; 'reader_permute_interleaved_tiled_generic/16086757020757737515/'],6020671791344146520,False,1112,1144,1764,1080,2748,0,0,0,0,1072,651,1072,[17.19403076171875],[550.208984375],5.274,,,,,
PermuteDeviceOperation,tt_dnn_device,176128,0,blackhole,{'dims': '{0; 3; 2; 1}'; 'output_mem_config': 'MemoryConfig(memory_layout=TensorMemoryLayout::INTERLEAVED;buffer_type=BufferType::DRAM;shard_spec=std::nullopt;nd_shard_spec=std::nullopt;created_with_nd_shard_spec=0)'; 'pad_value': '0'},HiFi4,110,110,,86970261279,86970369790,108511,1316849469134,1316849489575,323667405,323665763,15141,14587,14581,,,,554,14557,10918,11101,11045,11495,,,,,,1[1],1[1],288[288],32[32],TILE,BFLOAT16,DEV_1_DRAM_INTERLEAVED,,,,,,,,,,,,,,,,,,,,,,,,,,,,,,,,,,,,,,,,,,,,,,,,,,,,,,,,,,,,,,,,1[1],32[32],288[288],32[1],TILE,BFLOAT16,DEV_1_DRAM_INTERLEAVED,,,,,,,,,,,,,,,,,['ttnn/cpp/ttnn/operations/data_movement/permute/device/kernels/compute/transpose_xw_tiled.cpp'],['transpose_xw_tiled/3700826860125243985/'],['ttnn/cpp/ttnn/operations/data_movement/permute/device/kernels/dataflow/writer_permute_interleaved_tiled_generic.cpp'; 'ttnn/cpp/ttnn/operations/data_movement/permute/device/kernels/dataflow/reader_permute_interleaved_tiled_generic.cpp'],['writer_permute_interleaved_tiled_generic/14811419382607311620/'; 'reader_permute_interleaved_tiled_generic/16086757020757737515/'],6020671883500918597,False,1080,1144,1764,1080,2748,0,0,0,0,2244,2244,1072,[8.213903427124023],[262.84490966796875],15.384,,,,,
UntilizeWithUnpaddingDeviceOperation,tt_dnn_device,177152,0,blackhole,{'enough_space_height': 'true'; 'enough_space_width': 'true'; 'fp32_dest_acc_en': 'false'; 'output_mem_config': 'MemoryConfig(memory_layout=TensorMemoryLayout::INTERLEAVED;buffer_type=BufferType::DRAM;shard_spec=std::nullopt;nd_shard_spec=std::nullopt;created_with_nd_shard_spec=0)'; 'output_tensor_end': 'Shape([31; 287; 0])'; 'sub_core_grids': 'std::nullopt'; 'use_multicore': 'true'},HiFi4,96,110,,87357042743,87357215312,172569,1317371646663,1317371685722,386778412,386777901,28933,27907,27904,,,,556,27904,2626,2667,687,19403,,,,,,1[1],32[32],288[288],32[1],TILE,BFLOAT16,DEV_1_DRAM_INTERLEAVED,,,,,,,,,,,,,,,,,,,,,,,,,,,,,,,,,,,,,,,,,,,,,,,,,,,,,,,,,,,,,,,,1[1],32[32],288[288],1[1],ROW_MAJOR,BFLOAT16,DEV_1_DRAM_INTERLEAVED,,,,,,,,,,,,,,,,,['ttnn/cpp/ttnn/operations/data_movement/untilize/device/kernels/compute/untilize.cpp'],['untilize/14598893515600315013/'],['ttnn/cpp/ttnn/operations/data_movement/untilize_with_unpadding/device/kernels/dataflow/writer_unary_stick_layout_split_rows_multicore.cpp'; 'ttnn/cpp/ttnn/operations/eltwise/unary/device/kernels/dataflow/reader_unary_interleaved_start_id.cpp'],['writer_unary_stick_layout_split_rows_multicore/16062909771743976108/'; 'reader_unary_interleaved_start_id/17828978230959924579/'],16953984852946803075,False,1340,928,1076,760,2268,0,0,0,0,3591,3591,1072,[164.25062561035156],[5.132832050323486],12.868,,,,,
TilizeWithValPaddingDeviceOperation,tt_dnn_device,178176,0,blackhole,{'enough_space_height': 'true'; 'enough_space_width': 'true'; 'output_dtype': 'DataType::BFLOAT16'; 'output_mem_config': 'MemoryConfig(memory_layout=TensorMemoryLayout::INTERLEAVED;buffer_type=BufferType::DRAM;shard_spec=std::nullopt;nd_shard_spec=std::nullopt;created_with_nd_shard_spec=0)'; 'output_padded_shape': 'Shape([9216; 32])'; 'pad_value': '0'; 'sub_core_grids': 'std::nullopt'; 'use_multicore': 'true'},HiFi4,96,110,,87829344039,87829512020,167981,1318009282658,1318009310213,472285111,472285111,20411,19407,19407,,,,563,19407,19103,19050,650,19076,,,,,,1[1],1[1],9216[9216],1[1],ROW_MAJOR,BFLOAT16,DEV_1_DRAM_INTERLEAVED,,,,,,,,,,,,,,,,,,,,,,,,,,,,,,,,,,,,,,,,,,,,,,,,,,,,,,,,,,,,,,,,1[1],1[1],9216[9216],32[1],TILE,BFLOAT16,DEV_1_DRAM_INTERLEAVED,,,,,,,,,,,,,,,,,['ttnn/cpp/ttnn/kernel/compute/tilize.cpp'],['tilize/7536982316202289583/'],['ttnn/cpp/ttnn/operations/eltwise/unary/device/kernels/dataflow/writer_unary_interleaved_start_id.cpp'; 'ttnn/cpp/ttnn/operations/data_movement/tilize_with_val_padding/device/kernels/dataflow/reader_unary_pad_dims_split_rows_multicore.cpp'],['writer_unary_interleaved_start_id/6276820466797607771/'; 'reader_unary_pad_dims_split_rows_multicore/14472615118499954527/'],17453325207707020084,False,1000,1836,1296,696,1672,0,0,0,0,1,1,1,[],[],0.005,,,,,
BinaryNgDeviceOperation,tt_dnn_device,179200,0,blackhole,{'binary_op_type': 'BinaryOpType::MUL'; 'compute_kernel_config': 'std::nullopt'; 'dtype': 'DataType::BFLOAT16'; 'input_dtype': 'DataType::BFLOAT16'; 'is_quant_op': 'false'; 'is_sfpu': 'true'; 'is_where_op': 'false'; 'lhs_activations': '{}'; 'memory_config': 'MemoryConfig(memory_layout=TensorMemoryLayout::INTERLEAVED;buffer_type=BufferType::DRAM;shard_spec=std::nullopt;nd_shard_spec=std::nullopt;created_with_nd_shard_spec=0)'; 'post_activations': '{}'; 'rhs_activations': '{}'; 'scalar': '1'; 'sub_core_grids': 'std::nullopt'; 'subtile_broadcast_type': 'SubtileBroadcastType::NONE'; 'worker_grid': '{[(x=0;y=0) - (x=10;y=9)]}'},HiFi4,110,110,,87830026962,87830131746,104784,1318010220993,1318010228597,675187,675153,5633,5097,5096,,,,562,5093,2716,2786,3759,4019,,,,,,1[1],288[288],32[32],32[1],TILE,BFLOAT16,DEV_1_DRAM_INTERLEAVED,,,,,,,,,,,,,,,,,,,,,,,,,,,,,,,,,,,,,,,,,,,,,,,,,,,,,,,,,,,,,,,,1[1],288[288],32[32],32[1],TILE,BFLOAT16,DEV_1_DRAM_INTERLEAVED,,,,,,,,,,,,,,,,,['ttnn/cpp/ttnn/operations/eltwise/binary_ng/device/kernels/compute/eltwise_binary_sfpu_scalar.cpp'],['eltwise_binary_sfpu_scalar/6302317103236044736/'],['ttnn/cpp/ttnn/operations/eltwise/binary_ng/device/kernels/dataflow/reader_interleaved_no_bcast.cpp'; 'ttnn/cpp/ttnn/operations/eltwise/binary_ng/device/kernels/dataflow/writer_interleaved_scalar.cpp'],['reader_interleaved_no_bcast/15501400787415134526/'; 'writer_interleaved_scalar/13747915134593411132/'],15691238620557725211,True,1228,1256,1532,1264,1296,0,0,0,0,1,1,1,[],[],0.02,,,,,
MatmulDeviceOperation,tt_dnn_device,180224,0,blackhole,{'bcast_batch': 'true'; 'compute_kernel_config': 'ComputeKernelConfig(math_fidelity=HiFi4;math_approx_mode=0;fp32_dest_acc_en=1;packer_l1_acc=1;dst_full_sync_en=0;throttle_level=ThrottleLevel::NO_THROTTLE)'; 'global_cb': 'std::nullopt'; 'output_dtype': 'DataType::BFLOAT16'; 'output_mem_config': 'MemoryConfig(memory_layout=TensorMemoryLayout::INTERLEAVED;buffer_type=BufferType::DRAM;shard_spec=std::nullopt;nd_shard_spec=std::nullopt;created_with_nd_shard_spec=0)'; 'output_tile': 'Tile(tile_shape={32; 32};face_shape={16; 16};num_faces=4)'; 'program_config': 'MatmulMultiCoreReuseMultiCastProgramConfig(compute_with_storage_grid_size=(x=11;y=10);in0_block_w=1;out_subblock_h=1;out_subblock_w=3;out_block_h=29;out_block_w=3;per_core_M=29;per_core_N=27;transpose_mcast=0;fused_activation=std::nullopt;fuse_batch=0)'; 'sub_device_id': 'std::nullopt'; 'transpose_a': 'false'; 'transpose_b': 'true'; 'untilize_out': 'false'; 'user_core_coord': 'std::nullopt'; 'user_fused_activation': 'std::nullopt'; 'user_run_batched': 'false'},HiFi4,110,110,,88341078027,88341203319,125292,1318700113672,1318701420062,511028113,511027823,967696,965799,965794,,,,590,965781,895353,899363,899983,900028,,,,,,1[1],1[1],9216[9216],32[1],TILE,BFLOAT16,DEV_1_DRAM_INTERLEAVED,1[1],1[1],9216[9216],32[1],TILE,BFLOAT16,DEV_1_DRAM_INTERLEAVED,,,,,,,,,,,,,,,,,,,,,,,,,,,,,,,,,,,,,,,,,,,,,,,,,,,,,,,,,1[1],1[1],9216[9216],9216[9216],TILE,BFLOAT16,DEV_1_DRAM_INTERLEAVED,,,,,,,,,,,,,,,,,['ttnn/cpp/ttnn/operations/matmul/device/kernels/compute/bmm_large_block_zm_fused_bias_activation.cpp'],['bmm_large_block_zm_fused_bias_activation/17011991442953904925/'],['ttnn/cpp/ttnn/operations/matmul/device/kernels/dataflow/reader_bmm_tile_layout_in0_receiver.cpp'; 'ttnn/cpp/ttnn/operations/matmul/device/kernels/dataflow/reader_bmm_tile_layout_in1_receiver_writer_padding.cpp'; 'ttnn/cpp/ttnn/operations/matmul/device/kernels/dataflow/reader_bmm_tile_layout_in1_sender_writer_padding.cpp'; 'ttnn/cpp/ttnn/operations/matmul/device/kernels/dataflow/reader_bmm_tile_layout_in0_sender_padding.cpp'],['reader_bmm_tile_layout_in0_receiver/845774383565853096/'; 'reader_bmm_tile_layout_in1_receiver_writer_padding/1689682983056826671/'; 'reader_bmm_tile_layout_in1_sender_writer_padding/14286486610988475284/'; 'reader_bmm_tile_layout_in0_sender_padding/1937095211725684913/'],11120590440074740615,False,2272,1468,1628,1628,1936,0,0,0,0,308990,1118,308990,[1.9088772535324097; 1.9088772535324097],[549.7566528320312],0.116,,,,,
UntilizeDeviceOperation,tt_dnn_device,181248,0,blackhole,{'enough_space_height': 'true'; 'enough_space_width': 'true'; 'fp32_dest_acc_en': 'false'; 'output_mem_config': 'MemoryConfig(memory_layout=TensorMemoryLayout::INTERLEAVED;buffer_type=BufferType::DRAM;shard_spec=std::nullopt;nd_shard_spec=std::nullopt;created_with_nd_shard_spec=0)'; 'pf_type': '1'; 'sub_core_grids': 'std::nullopt'; 'use_multicore': 'true'},HiFi4,100,110,,88979326298,88979434008,107710,1319561801822,1319563041785,637330733,637330552,918491,907623,907622,,,,558,907622,880593,896501,896433,898111,,,,,,1[1],1[1],9216[9216],9216[9216],TILE,BFLOAT16,DEV_1_DRAM_INTERLEAVED,,,,,,,,,,,,,,,,,,,,,,,,,,,,,,,,,,,,,,,,,,,,,,,,,,,,,,,,,,,,,,,,1[1],1[1],9216[9216],9216[9216],ROW_MAJOR,BFLOAT16,DEV_1_DRAM_INTERLEAVED,,,,,,,,,,,,,,,,,['ttnn/cpp/ttnn/operations/data_movement/untilize/device/kernels/compute/untilize_wh.cpp'],['untilize_wh/4502215952345497706/'],['ttnn/cpp/ttnn/operations/data_movement/untilize_with_unpadding/device/kernels/dataflow/writer_unary_stick_layout_wh_multicore.cpp'; 'ttnn/cpp/ttnn/operations/eltwise/unary/device/kernels/dataflow/reader_unary_interleaved_wh_multicore.cpp'],['writer_unary_stick_layout_wh_multicore/5982521402100270698/'; 'reader_unary_interleaved_wh_multicore/8397063767344784194/'],16364214799995266330,False,1480,688,1156,1204,2344,0,0,0,0,1009263,1009263,308990,[168.3102569580078],[168.3102569580078],111.198,,,,,
ReshapeViewDeviceOperation,tt_dnn_device,182272,0,blackhole,{'logical_output_shape': 'Shape([294912; 288])'; 'output_mem_config': 'MemoryConfig(memory_layout=TensorMemoryLayout::INTERLEAVED;buffer_type=BufferType::DRAM;shard_spec=std::nullopt;nd_shard_spec=std::nullopt;created_with_nd_shard_spec=0)'; 'padded_output_shape': 'Shape([294912; 288])'; 'recreate_mapping_tensor': 'false'; 'sub_core_grid': 'std::nullopt'},,110,110,,89256749647,89256832540,82893,1319936287876,1319937877735,276479222,276479222,1177673,1177110,1177110,,,,547,963158,1177110,,,,,,,,,1[1],1[1],9216[9216],9216[9216],ROW_MAJOR,BFLOAT16,DEV_1_DRAM_INTERLEAVED,,,,,,,,,,,,,,,,,,,,,,,,,,,,,,,,,,,,,,,,,,,,,,,,,,,,,,,,,,,,,,,,1[1],1[1],294912[294912],288[288],ROW_MAJOR,BFLOAT16,DEV_1_DRAM_INTERLEAVED,,,,,,,,,,,,,,,,,[],[],['ttnn/cpp/ttnn/operations/data_movement/reshape_view/device/device/rm_reshape_interleaved.cpp'],['rm_reshape_interleaved/9442750713519455817/'],13387720420309696525,False,1596,1592,0,0,0,0,0,0,0,1,1,1,[],[],0.0,,,,,
TilizeDeviceOperation,tt_dnn_device,183296,0,blackhole,{'enough_space_height': 'true'; 'enough_space_width': 'true'; 'output_dtype': 'DataType::BFLOAT16'; 'output_mem_config': 'MemoryConfig(memory_layout=TensorMemoryLayout::INTERLEAVED;buffer_type=BufferType::DRAM;shard_spec=std::nullopt;nd_shard_spec=std::nullopt;created_with_nd_shard_spec=0)'; 'sub_core_grids': 'std::nullopt'; 'use_low_perf': 'false'; 'use_multicore': 'true'},HiFi4,110,110,,89563736118,89563817558,81440,1320350594075,1320351874377,305717490,305717490,948372,946833,946833,,,,662,946824,945275,945453,945521,945743,,,,,,1[1],288[288],1024[1024],288[288],ROW_MAJOR,BFLOAT16,DEV_1_DRAM_INTERLEAVED,,,,,,,,,,,,,,,,,,,,,,,,,,,,,,,,,,,,,,,,,,,,,,,,,,,,,,,,,,,,,,,,1[1],288[288],1024[1024],288[288],TILE,BFLOAT16,DEV_1_DRAM_INTERLEAVED,,,,,,,,,,,,,,,,,['ttnn/cpp/ttnn/kernel/compute/tilize.cpp'],['tilize/12061752242369301704/'],['ttnn/cpp/ttnn/operations/eltwise/unary/device/kernels/dataflow/writer_unary_interleaved_start_id.cpp'; 'ttnn/cpp/ttnn/operations/data_movement/tilize/device/kernels/dataflow/reader_unary_stick_layout_split_rows_multicore.cpp'],['writer_unary_interleaved_start_id/6276820466797607771/'; 'reader_unary_stick_layout_split_rows_multicore/3375219457389867534/'],942223227813711344,False,1000,756,1356,900,1720,0,0,0,0,1,1,1,[],[],0.0,,,,,
TransposeDeviceOperation,tt_dnn_device,184320,0,blackhole,{'dim': 'TransposeOpDim::WH'; 'output_mem_config': 'MemoryConfig(memory_layout=TensorMemoryLayout::INTERLEAVED;buffer_type=BufferType::DRAM;shard_spec=std::nullopt;nd_shard_spec=std::nullopt;created_with_nd_shard_spec=0)'; 'pad_value': '0'},HiFi4,110,110,,89564461229,89564538592,77363,1320351883395,1320353063652,7226,7226,874264,873727,873727,,,,627,873613,873418,873430,872196,873019,,,,,,1[1],288[288],1024[1024],288[288],TILE,BFLOAT16,DEV_1_DRAM_INTERLEAVED,,,,,,,,,,,,,,,,,,,,,,,,,,,,,,,,,,,,,,,,,,,,,,,,,,,,,,,,,,,,,,,,1[1],288[288],288[288],1024[1024],TILE,BFLOAT16,DEV_1_DRAM_INTERLEAVED,,,,,,,,,,,,,,,,,['ttnn/cpp/ttnn/operations/data_movement/transpose/device/kernels/compute/transpose_wh.cpp'],['transpose_wh/14581025993053660267/'],['ttnn/cpp/ttnn/operations/eltwise/unary/device/kernels/dataflow/writer_unary_interleaved_start_id.cpp'; 'ttnn/cpp/ttnn/operations/data_movement/transpose/device/kernels/dataflow/reader_unary_transpose_wh_interleaved_start_id.cpp'],['writer_unary_interleaved_start_id/6276820466797607771/'; 'reader_unary_transpose_wh_interleaved_start_id/890651917070584162/'],16461604712198312856,False,1000,1012,1140,648,1296,0,0,0,0,1024143,1024143,308990,[165.86483764648438],[165.86483764648438],117.215,,,,,
BinaryNgDeviceOperation,tt_dnn_device,185344,0,blackhole,{'binary_op_type': 'BinaryOpType::MUL'; 'compute_kernel_config': 'std::nullopt'; 'dtype': 'DataType::BFLOAT16'; 'input_dtype': 'DataType::BFLOAT16'; 'is_quant_op': 'false'; 'is_sfpu': 'true'; 'is_where_op': 'false'; 'lhs_activations': '{}'; 'memory_config': 'MemoryConfig(memory_layout=TensorMemoryLayout::INTERLEAVED;buffer_type=BufferType::DRAM;shard_spec=std::nullopt;nd_shard_spec=std::nullopt;created_with_nd_shard_spec=0)'; 'post_activations': '{}'; 'rhs_activations': '{}'; 'scalar': '1'; 'sub_core_grids': 'std::nullopt'; 'subtile_broadcast_type': 'SubtileBroadcastType::NONE'; 'worker_grid': '{[(x=0;y=0) - (x=10;y=9)]}'},HiFi4,110,110,,89564750825,89564809173,58348,1320352585755,1320353067907,320,320,357150,2828,2828,,,,1350,2828,1339,2613,2417,1478,,,,,,1[1],1[1],32[1],128[128],TILE,BFLOAT16,DEV_1_DRAM_INTERLEAVED,,,,,,,,,,,,,,,,,,,,,,,,,,,,,,,,,,,,,,,,,,,,,,,,,,,,,,,,,,,,,,,,1[1],1[1],32[1],128[128],TILE,BFLOAT16,DEV_1_DRAM_INTERLEAVED,,,,,,,,,,,,,,,,,['ttnn/cpp/ttnn/operations/eltwise/binary_ng/device/kernels/compute/eltwise_binary_sfpu_scalar.cpp'],['eltwise_binary_sfpu_scalar/6302317103236044736/'],['ttnn/cpp/ttnn/operations/eltwise/binary_ng/device/kernels/dataflow/reader_interleaved_no_bcast.cpp'; 'ttnn/cpp/ttnn/operations/eltwise/binary_ng/device/kernels/dataflow/writer_interleaved_scalar.cpp'],['reader_interleaved_no_bcast/15501400787415134526/'; 'writer_interleaved_scalar/13747915134593411132/'],15691238620557725211,True,1228,1256,1532,1264,1296,0,0,0,0,1,1,1,[],[],0.035,,,,,
MatmulDeviceOperation,tt_dnn_device,186368,0,blackhole,{'bcast_batch': 'true'; 'compute_kernel_config': 'ComputeKernelConfig(math_fidelity=HiFi4;math_approx_mode=0;fp32_dest_acc_en=1;packer_l1_acc=1;dst_full_sync_en=0;throttle_level=ThrottleLevel::NO_THROTTLE)'; 'global_cb': 'std::nullopt'; 'output_dtype': 'DataType::BFLOAT16'; 'output_mem_config': 'MemoryConfig(memory_layout=TensorMemoryLayout::INTERLEAVED;buffer_type=BufferType::DRAM;shard_spec=std::nullopt;nd_shard_spec=std::nullopt;created_with_nd_shard_spec=0)'; 'output_tile': 'Tile(tile_shape={32; 32};face_shape={16; 16};num_faces=4)'; 'program_config': 'MatmulMultiCoreReuseMultiCast1DProgramConfig(compute_with_storage_grid_size=(x=11;y=10);in0_block_w=2;out_subblock_h=2;out_subblock_w=2;out_block_h=24;out_block_w=4;per_core_M=24;per_core_N=4;fuse_batch=0;fused_activation=std::nullopt;mcast_in0=0;gather_in0=0;hop_cores={};num_global_cb_receivers=0;untilize_out=0)'; 'sub_device_id': 'std::nullopt'; 'transpose_a': 'false'; 'transpose_b': 'false'; 'untilize_out': 'false'; 'user_core_coord': 'std::nullopt'; 'user_fused_activation': 'std::nullopt'; 'user_run_batched': 'false'},HiFi4,108,110,,89957667188,89957808880,141692,1320882395770,1320883879658,392096502,392096318,1099176,1097559,1097557,,,,640,1097557,963260,982335,982094,982390,,,,,,1[1],1[1],82944[82944],1024[1024],TILE,BFLOAT16,DEV_1_DRAM_INTERLEAVED,1[1],1[1],1024[1024],128[128],TILE,BFLOAT16,DEV_1_DRAM_INTERLEAVED,1[1],1[1],32[1],128[128],TILE,BFLOAT16,DEV_1_DRAM_INTERLEAVED,,,,,,,,,,,,,,,,,,,,,,,,,,,,,,,,,,,,,,,,,,,,,,,,,,1[1],1[1],82944[82944],128[128],TILE,BFLOAT16,DEV_1_DRAM_INTERLEAVED,,,,,,,,,,,,,,,,,['ttnn/cpp/ttnn/operations/matmul/device/kernels/compute/bmm_large_block_zm_fused_bias_activation.cpp'],['bmm_large_block_zm_fused_bias_activation/10122991816653124442/'],['ttnn/cpp/ttnn/operations/matmul/device/kernels/dataflow/reader_bmm_tile_layout_in1_receiver_writer_padding.cpp'; 'ttnn/cpp/ttnn/operations/matmul/device/kernels/dataflow/reader_bmm_tile_layout_in1_sender_writer_padding.cpp'; 'ttnn/cpp/ttnn/operations/matmul/device/kernels/dataflow/reader_bmm_tile_layout_in0_sender_padding.cpp'],['reader_bmm_tile_layout_in1_receiver_writer_padding/10933918222903490883/'; 'reader_bmm_tile_layout_in1_sender_writer_padding/661007060411339295/'; 'reader_bmm_tile_layout_in0_sender_padding/9748702780105566829/'],290524960780084260,False,2464,828,2316,1908,3512,0,0,0,0,308990,142989,308990,[549.7566528320312; 0.8483899235725403],[68.7195816040039],13.028,,,,,
GenericOpDeviceOperation,tt_dnn_device,187392,0,blackhole,{'num_mesh_programs': '1'},HiFi4,110,110,,89959600184,89959667468,67284,1320884976623,1320885173040,813120,813120,145494,144946,144946,,,,626,144876,142267,143093,144587,143970,,,,,,1[1],288[288],288[288],128[128],TILE,BFLOAT16,DEV_1_DRAM_INTERLEAVED,1[1],288[288],288[288],128[128],TILE,BFLOAT16,DEV_1_DRAM_INTERLEAVED,1[1],288[288],288[288],128[128],TILE,BFLOAT16,DEV_1_DRAM_INTERLEAVED,1[1],288[288],288[288],128[128],TILE,BFLOAT16,DEV_1_DRAM_INTERLEAVED,,,,,,,,,,,,,,,,,,,,,,,,,,,,,,,,,,,,,,,,,,,1[1],288[288],288[288],128[128],TILE,BFLOAT16,DEV_1_DRAM_INTERLEAVED,,,,,,,,,,,,,,,,,['/home/ttuser/.coworker/wt/bcp-evo/tt_bio/kernels/rne_add/compute_rne_add.cpp'],['compute_rne_add/15506775982570106819/'],['/home/ttuser/.coworker/wt/bcp-evo/tt_bio/kernels/rne_add/writer_rne_add.cpp'; '/home/ttuser/.coworker/wt/bcp-evo/tt_bio/kernels/rne_add/reader_rne_add.cpp'],['writer_rne_add/11689109000663956392/'; 'reader_rne_add/5462348467134491698/'],16281275380064118936,False,768,1412,1604,1376,1432,0,0,0,0,1,1,1,[],[],0.001,,,,,
LayerNormDeviceOperation,tt_dnn_device,188416,0,blackhole,{'compute_kernel_config': 'ComputeKernelConfig(math_fidelity=HiFi4;math_approx_mode=0;fp32_dest_acc_en=1;packer_l1_acc=1;dst_full_sync_en=0;throttle_level=ThrottleLevel::NO_THROTTLE)'; 'distributed_norm_stage': 'DistributedLayerNormStage::NOT_DISTRIBUTED'; 'dtype': 'std::nullopt'; 'eps': '1e-05'; 'fused_activation': 'std::nullopt'; 'norm_type': 'LayerNormType::LAYERNORM'; 'output_mem_config': 'MemoryConfig(memory_layout=TensorMemoryLayout::INTERLEAVED;buffer_type=BufferType::DRAM;shard_spec=std::nullopt;nd_shard_spec=std::nullopt;created_with_nd_shard_spec=0)'; 'program_config': 'LayerNormDefaultProgramConfig(legacy_reduction=0;legacy_rsqrt=0;use_welford=0)'},HiFi4,110,110,,89961473590,89961544130,70540,1320887512248,1320887678872,1733295,1733450,123425,122867,122713,,,,742,122653,115184,122213,122058,122199,,,,,,1[1],288[288],288[288],128[128],TILE,BFLOAT16,DEV_1_DRAM_INTERLEAVED,1[1],1[1],32[1],128[128],TILE,BFLOAT16,DEV_1_DRAM_INTERLEAVED,1[1],1[1],32[1],128[128],TILE,BFLOAT16,DEV_1_DRAM_INTERLEAVED,,,,,,,,,,,,,,,,,,,,,,,,,,,,,,,,,,,,,,,,,,,,,,,,,,1[1],288[288],288[288],128[128],TILE,BFLOAT16,DEV_1_DRAM_INTERLEAVED,,,,,,,,,,,,,,,,,['ttnn/cpp/ttnn/operations/normalization/layernorm/device/kernels/compute/layernorm.cpp'],['layernorm/14806225178095602344/'],['ttnn/cpp/ttnn/operations/normalization/layernorm/device/kernels/dataflow/writer_unary_interleaved_start_id_blocked.cpp'; 'ttnn/cpp/ttnn/operations/normalization/layernorm/device/kernels/dataflow/reader_unary_interleaved_ln.cpp'],['writer_unary_interleaved_start_id_blocked/1072855677011524085/'; 'reader_unary_interleaved_ln/12670039668448626785/'],2703445868539915113,True,812,2112,4672,4696,5564,0,0,0,0,1,1,1,[],[],0.001,,,,,
MinimalMatmulDeviceOperation,tt_dnn_device,189440,0,blackhole,{'chunks': '1'; 'compute_kernel_config': 'ComputeKernelConfig(math_fidelity=HiFi4;math_approx_mode=0;fp32_dest_acc_en=1;packer_l1_acc=1;dst_full_sync_en=0;throttle_level=ThrottleLevel::NO_THROTTLE)'; 'config': 'std::nullopt'; 'dim': '-1'; 'fused_activation': 'std::nullopt'; 'fused_ternary_scalar': 'std::nullopt'; 'output_dtype': 'DataType::BFLOAT16'; 'output_mem_config': 'MemoryConfig(memory_layout=TensorMemoryLayout::INTERLEAVED;buffer_type=BufferType::DRAM;shard_spec=std::nullopt;nd_shard_spec=std::nullopt;created_with_nd_shard_spec=0)'},HiFi4,110,110,,89969347526,89969420942,73416,1320898147527,1320898821464,7756050,7756050,499213,497708,497708,,,,589,490610,497708,497490,497456,497581,,,,,,1[1],288[288],288[288],128[128],TILE,BFLOAT16,DEV_1_DRAM_INTERLEAVED,1[1],1[1],128[128],512[512],TILE,BFLOAT16,DEV_1_DRAM_INTERLEAVED,1[1],1[1],32[1],512[512],TILE,BFLOAT16,DEV_1_DRAM_INTERLEAVED,,,,,,,,,,,,,,,,,,,,,,,,,,,,,,,,,,,,,,,,,,,,,,,,,,1[1],288[288],288[288],512[512],TILE,BFLOAT16,DEV_1_DRAM_INTERLEAVED,,,,,,,,,,,,,,,,,['ttnn/cpp/ttnn/operations/experimental/minimal_matmul/device/kernels/compute.cpp'],['compute/9886034342289370308/'],['ttnn/cpp/ttnn/operations/experimental/minimal_matmul/device/kernels/dm_in1_sender_out.cpp'; 'ttnn/cpp/ttnn/operations/experimental/minimal_matmul/device/kernels/dm_in0_sender.cpp'],['dm_in1_sender_out/1322033097880513244/'; 'dm_in0_sender/3817655575592439204/'],18006847517563646066,False,2540,2168,2892,2584,2768,0,0,0,0,1,1,1,[],[],0.0,,,,,
GenericOpDeviceOperation,tt_dnn_device,190464,0,blackhole,{'num_mesh_programs': '1'},HiFi4,110,110,,89975504798,89975554359,49561,1320906428339,1320906727641,5635282,5635356,221705,221151,221080,,,,681,221003,170242,177081,177012,176964,,,,,,1[1],288[288],288[288],512[512],TILE,BFLOAT16,DEV_1_DRAM_INTERLEAVED,1[1],128[128],288[288],288[288],TILE,BFLOAT16,DEV_1_DRAM_INTERLEAVED,1[1],128[128],288[288],288[288],TILE,BFLOAT16,DEV_1_DRAM_INTERLEAVED,,,,,,,,,,,,,,,,,,,,,,,,,,,,,,,,,,,,,,,,,,,,,,,,,,1[1],128[128],288[288],288[288],TILE,BFLOAT16,DEV_1_DRAM_INTERLEAVED,,,,,,,,,,,,,,,,,['/home/ttuser/.coworker/wt/bcp-evo/tt_bio/kernels/reblock_permute_gated/compute_reblock_permute_gated.cpp'],['compute_reblock_permute_gated/12593050776112047065/'],['/home/ttuser/.coworker/wt/bcp-evo/tt_bio/kernels/reblock_permute_gated/writer_reblock_permute_gated.cpp'; '/home/ttuser/.coworker/wt/bcp-evo/tt_bio/kernels/reblock_permute_gated/reader_reblock_permute_gated.cpp'],['writer_reblock_permute_gated/8552877936627637250/'; 'reader_reblock_permute_gated/5612551769286026/'],13432334433755954035,False,1652,2412,2632,2740,2660,0,0,0,0,1,1,1,[],[],0.0,,,,,
GenericOpDeviceOperation,tt_dnn_device,191488,0,blackhole,{'num_mesh_programs': '1'},HiFi4,110,110,,89975806606,89975835199,28593,1320906830282,1320907129505,76596,76669,221647,221081,221007,,,,683,220919,170087,177015,176941,176901,,,,,,1[1],288[288],288[288],512[512],TILE,BFLOAT16,DEV_1_DRAM_INTERLEAVED,1[1],128[128],288[288],288[288],TILE,BFLOAT16,DEV_1_DRAM_INTERLEAVED,1[1],128[128],288[288],288[288],TILE,BFLOAT16,DEV_1_DRAM_INTERLEAVED,,,,,,,,,,,,,,,,,,,,,,,,,,,,,,,,,,,,,,,,,,,,,,,,,,1[1],128[128],288[288],288[288],TILE,BFLOAT16,DEV_1_DRAM_INTERLEAVED,,,,,,,,,,,,,,,,,['/home/ttuser/.coworker/wt/bcp-evo/tt_bio/kernels/reblock_permute_gated/compute_reblock_permute_gated.cpp'],['compute_reblock_permute_gated/12593050776112047065/'],['/home/ttuser/.coworker/wt/bcp-evo/tt_bio/kernels/reblock_permute_gated/writer_reblock_permute_gated.cpp'; '/home/ttuser/.coworker/wt/bcp-evo/tt_bio/kernels/reblock_permute_gated/reader_reblock_permute_gated.cpp'],['writer_reblock_permute_gated/8552877936627637250/'; 'reader_reblock_permute_gated/5612551769286026/'],13432334433755954035,True,1652,2412,2632,2740,2660,0,0,0,0,1,1,1,[],[],0.0,,,,,
MatmulDeviceOperation,tt_dnn_device,192512,0,blackhole,{'bcast_batch': 'false'; 'compute_kernel_config': 'ComputeKernelConfig(math_fidelity=HiFi4;math_approx_mode=0;fp32_dest_acc_en=1;packer_l1_acc=1;dst_full_sync_en=0;throttle_level=ThrottleLevel::NO_THROTTLE)'; 'global_cb': 'std::nullopt'; 'output_dtype': 'DataType::BFLOAT16'; 'output_mem_config': 'MemoryConfig(memory_layout=TensorMemoryLayout::INTERLEAVED;buffer_type=BufferType::DRAM;shard_spec=std::nullopt;nd_shard_spec=std::nullopt;created_with_nd_shard_spec=0)'; 'output_tile': 'Tile(tile_shape={32; 32};face_shape={16; 16};num_faces=4)'; 'program_config': 'MatmulMultiCoreReuseMultiCastProgramConfig(compute_with_storage_grid_size=(x=11;y=10);in0_block_w=9;out_subblock_h=1;out_subblock_w=1;out_block_h=1;out_block_w=1;per_core_M=1;per_core_N=1;transpose_mcast=0;fused_activation=std::nullopt;fuse_batch=0)'; 'sub_device_id': 'std::nullopt'; 'transpose_a': 'false'; 'transpose_b': 'true'; 'untilize_out': 'false'; 'user_core_coord': 'std::nullopt'; 'user_fused_activation': 'std::nullopt'; 'user_run_batched': 'true'},HiFi4,81,110,,89983523512,89983614160,90648,1320917241877,1320917636045,7492431,7492435,291976,290182,290176,,,,566,290176,287005,289378,289634,289646,,,,,,1[1],128[128],288[288],288[288],TILE,BFLOAT16,DEV_1_DRAM_INTERLEAVED,1[1],128[128],288[288],288[288],TILE,BFLOAT16,DEV_1_DRAM_INTERLEAVED,,,,,,,,,,,,,,,,,,,,,,,,,,,,,,,,,,,,,,,,,,,,,,,,,,,,,,,,,1[1],128[128],288[288],288[288],TILE,BFLOAT16,DEV_1_DRAM_INTERLEAVED,,,,,,,,,,,,,,,,,['ttnn/cpp/ttnn/operations/matmul/device/kernels/compute/bmm_large_block_zm_fused_bias_activation.cpp'],['bmm_large_block_zm_fused_bias_activation/3198512849830083402/'],['ttnn/cpp/ttnn/operations/matmul/device/kernels/dataflow/reader_bmm_tile_layout_in0_receiver.cpp'; 'ttnn/cpp/ttnn/operations/matmul/device/kernels/dataflow/reader_bmm_tile_layout_in1_receiver_writer_padding.cpp'; 'ttnn/cpp/ttnn/operations/matmul/device/kernels/dataflow/reader_bmm_tile_layout_in1_sender_writer_padding.cpp'; 'ttnn/cpp/ttnn/operations/matmul/device/kernels/dataflow/reader_bmm_tile_layout_in0_sender_padding.cpp'],['reader_bmm_tile_layout_in0_receiver/11551938741952917079/'; 'reader_bmm_tile_layout_in1_receiver_writer_padding/9019629390541850968/'; 'reader_bmm_tile_layout_in1_sender_writer_padding/2735014010121070461/'; 'reader_bmm_tile_layout_in0_sender_padding/4577283022765865931/'],7381053692621358630,False,2148,1216,1640,1512,1660,0,0,0,0,40216,40216,38623,[527.990478515625; 527.990478515625],[527.990478515625],13.859,,,,,
GenericOpDeviceOperation,tt_dnn_device,193536,0,blackhole,{'num_mesh_programs': '1'},HiFi2,110,110,,89989943329,89989990957,47628,1320925905358,1320926130098,6125993,6126020,166474,165919,165868,,,,667,165795,163625,163704,162522,162496,,,,,,1[1],128[128],288[288],288[288],TILE,BFLOAT16,DEV_1_DRAM_INTERLEAVED,1[1],288[288],288[288],128[128],TILE,BFLOAT16,DEV_1_DRAM_INTERLEAVED,1[1],288[288],288[288],128[128],TILE,BFLOAT16,DEV_1_DRAM_INTERLEAVED,,,,,,,,,,,,,,,,,,,,,,,,,,,,,,,,,,,,,,,,,,,,,,,,,,1[1],288[288],288[288],128[128],TILE,BFLOAT16,DEV_1_DRAM_INTERLEAVED,,,,,,,,,,,,,,,,,['/home/ttuser/.coworker/wt/bcp-evo/tt_bio/kernels/reblock_permute/compute_reblock_permute.cpp'],['compute_reblock_permute/8664219691617291280/'],['/home/ttuser/.coworker/wt/bcp-evo/tt_bio/kernels/reblock_permute_back/writer_reblock_permute_back.cpp'; '/home/ttuser/.coworker/wt/bcp-evo/tt_bio/kernels/reblock_permute_back/reader_reblock_permute_back.cpp'],['writer_reblock_permute_back/16104139510508165148/'; 'reader_reblock_permute_back/16107670734854057122/'],5219768147295344545,False,876,1532,1604,900,1744,0,0,0,0,1,1,1,[],[],0.001,,,,,
LayerNormDeviceOperation,tt_dnn_device,194560,0,blackhole,{'compute_kernel_config': 'ComputeKernelConfig(math_fidelity=HiFi4;math_approx_mode=0;fp32_dest_acc_en=1;packer_l1_acc=1;dst_full_sync_en=0;throttle_level=ThrottleLevel::NO_THROTTLE)'; 'distributed_norm_stage': 'DistributedLayerNormStage::NOT_DISTRIBUTED'; 'dtype': 'std::nullopt'; 'eps': '1e-05'; 'fused_activation': 'std::nullopt'; 'norm_type': 'LayerNormType::LAYERNORM'; 'output_mem_config': 'MemoryConfig(memory_layout=TensorMemoryLayout::INTERLEAVED;buffer_type=BufferType::DRAM;shard_spec=std::nullopt;nd_shard_spec=std::nullopt;created_with_nd_shard_spec=0)'; 'program_config': 'LayerNormDefaultProgramConfig(legacy_reduction=0;legacy_rsqrt=0;use_welford=0)'},HiFi4,110,110,,89990183113,89990245258,62145,1320926224978,1320926392181,70851,70976,123854,123287,123161,,,,720,123096,115571,122663,122500,122650,,,,,,1[1],288[288],288[288],128[128],TILE,BFLOAT16,DEV_1_DRAM_INTERLEAVED,1[1],1[1],32[1],128[128],TILE,BFLOAT16,DEV_1_DRAM_INTERLEAVED,1[1],1[1],32[1],128[128],TILE,BFLOAT16,DEV_1_DRAM_INTERLEAVED,,,,,,,,,,,,,,,,,,,,,,,,,,,,,,,,,,,,,,,,,,,,,,,,,,1[1],288[288],288[288],128[128],TILE,BFLOAT16,DEV_1_DRAM_INTERLEAVED,,,,,,,,,,,,,,,,,['ttnn/cpp/ttnn/operations/normalization/layernorm/device/kernels/compute/layernorm.cpp'],['layernorm/14806225178095602344/'],['ttnn/cpp/ttnn/operations/normalization/layernorm/device/kernels/dataflow/writer_unary_interleaved_start_id_blocked.cpp'; 'ttnn/cpp/ttnn/operations/normalization/layernorm/device/kernels/dataflow/reader_unary_interleaved_ln.cpp'],['writer_unary_interleaved_start_id_blocked/1072855677011524085/'; 'reader_unary_interleaved_ln/12670039668448626785/'],2703445868539915113,True,812,2112,4672,4696,5564,0,0,0,0,1,1,1,[],[],0.001,,,,,
MatmulDeviceOperation,tt_dnn_device,195584,0,blackhole,{'bcast_batch': 'true'; 'compute_kernel_config': 'ComputeKernelConfig(math_fidelity=HiFi4;math_approx_mode=0;fp32_dest_acc_en=1;packer_l1_acc=1;dst_full_sync_en=0;throttle_level=ThrottleLevel::NO_THROTTLE)'; 'global_cb': 'std::nullopt'; 'output_dtype': 'DataType::BFLOAT16'; 'output_mem_config': 'MemoryConfig(memory_layout=TensorMemoryLayout::INTERLEAVED;buffer_type=BufferType::DRAM;shard_spec=std::nullopt;nd_shard_spec=std::nullopt;created_with_nd_shard_spec=0)'; 'output_tile': 'Tile(tile_shape={32; 32};face_shape={16; 16};num_faces=4)'; 'program_config': 'MatmulMultiCoreReuseMultiCast1DProgramConfig(compute_with_storage_grid_size=(x=11;y=10);in0_block_w=4;out_subblock_h=1;out_subblock_w=4;out_block_h=5;out_block_w=4;per_core_M=25;per_core_N=4;fuse_batch=1;fused_activation=std::nullopt;mcast_in0=0;gather_in0=0;hop_cores={};num_global_cb_receivers=1;untilize_out=0)'; 'sub_device_id': 'std::nullopt'; 'transpose_a': 'false'; 'transpose_b': 'false'; 'untilize_out': 'false'; 'user_core_coord': 'std::nullopt'; 'user_fused_activation': 'std::nullopt'; 'user_run_batched': 'false'},HiFi4,104,110,,89996831803,89996949821,118018,1320935202653,1320935438408,6527793,6527793,174633,173096,173096,,,,660,173094,131753,147489,147494,147543,,,,,,1[1],288[288],288[288],128[128],TILE,BFLOAT16,DEV_1_DRAM_INTERLEAVED,1[1],1[1],128[128],128[128],TILE,BFLOAT16,DEV_1_DRAM_INTERLEAVED,1[1],1[1],32[1],128[128],TILE,BFLOAT16,DEV_1_DRAM_INTERLEAVED,,,,,,,,,,,,,,,,,,,,,,,,,,,,,,,,,,,,,,,,,,,,,,,,,,1[1],288[288],288[288],128[128],TILE,BFLOAT16,DEV_1_DRAM_INTERLEAVED,,,,,,,,,,,,,,,,,['ttnn/cpp/ttnn/operations/matmul/device/kernels/compute/bmm_large_block_zm_fused_bias_activation.cpp'],['bmm_large_block_zm_fused_bias_activation/17608312779855468387/'],['ttnn/cpp/ttnn/operations/matmul/device/kernels/dataflow/reader_bmm_tile_layout_in1_receiver_writer_padding.cpp'; 'ttnn/cpp/ttnn/operations/matmul/device/kernels/dataflow/reader_bmm_tile_layout_in1_sender_writer_padding.cpp'; 'ttnn/cpp/ttnn/operations/matmul/device/kernels/dataflow/reader_bmm_tile_layout_in0_sender_padding.cpp'],['reader_bmm_tile_layout_in1_receiver_writer_padding/10711249484914055111/'; 'reader_bmm_tile_layout_in1_sender_writer_padding/5765851023675674821/'; 'reader_bmm_tile_layout_in0_sender_padding/10331777992099284703/'],9402424805738121639,False,2704,856,2216,2288,2852,0,0,0,0,38623,17875,38623,[549.767333984375; 0.8484063744544983],[549.767333984375],10.327,,,,,
MatmulDeviceOperation,tt_dnn_device,196608,0,blackhole,{'bcast_batch': 'true'; 'compute_kernel_config': 'ComputeKernelConfig(math_fidelity=HiFi4;math_approx_mode=0;fp32_dest_acc_en=1;packer_l1_acc=1;dst_full_sync_en=0;throttle_level=ThrottleLevel::NO_THROTTLE)'; 'global_cb': 'std::nullopt'; 'output_dtype': 'DataType::BFLOAT16'; 'output_mem_config': 'MemoryConfig(memory_layout=TensorMemoryLayout::INTERLEAVED;buffer_type=BufferType::DRAM;shard_spec=std::nullopt;nd_shard_spec=std::nullopt;created_with_nd_shard_spec=0)'; 'output_tile': 'Tile(tile_shape={32; 32};face_shape={16; 16};num_faces=4)'; 'program_config': 'MatmulMultiCoreReuseMultiCast1DProgramConfig(compute_with_storage_grid_size=(x=11;y=10);in0_block_w=4;out_subblock_h=1;out_subblock_w=4;out_block_h=5;out_block_w=4;per_core_M=25;per_core_N=4;fuse_batch=1;fused_activation=std::nullopt;mcast_in0=0;gather_in0=0;hop_cores={};num_global_cb_receivers=1;untilize_out=0)'; 'sub_device_id': 'std::nullopt'; 'transpose_a': 'false'; 'transpose_b': 'false'; 'untilize_out': 'false'; 'user_core_coord': 'std::nullopt'; 'user_fused_activation': 'std::nullopt'; 'user_run_batched': 'false'},HiFi4,104,110,,89997290101,89997354841,64740,1320935823173,1320936057808,286543,286543,173804,172267,172267,,,,670,172265,131156,146209,146209,146257,,,,,,1[1],288[288],288[288],128[128],TILE,BFLOAT16,DEV_1_DRAM_INTERLEAVED,1[1],1[1],128[128],128[128],TILE,BFLOAT16,DEV_1_DRAM_INTERLEAVED,1[1],1[1],32[1],128[128],TILE,BFLOAT16,DEV_1_DRAM_INTERLEAVED,,,,,,,,,,,,,,,,,,,,,,,,,,,,,,,,,,,,,,,,,,,,,,,,,,1[1],288[288],288[288],128[128],TILE,BFLOAT16,DEV_1_DRAM_INTERLEAVED,,,,,,,,,,,,,,,,,['ttnn/cpp/ttnn/operations/matmul/device/kernels/compute/bmm_large_block_zm_fused_bias_activation.cpp'],['bmm_large_block_zm_fused_bias_activation/17608312779855468387/'],['ttnn/cpp/ttnn/operations/matmul/device/kernels/dataflow/reader_bmm_tile_layout_in1_receiver_writer_padding.cpp'; 'ttnn/cpp/ttnn/operations/matmul/device/kernels/dataflow/reader_bmm_tile_layout_in1_sender_writer_padding.cpp'; 'ttnn/cpp/ttnn/operations/matmul/device/kernels/dataflow/reader_bmm_tile_layout_in0_sender_padding.cpp'],['reader_bmm_tile_layout_in1_receiver_writer_padding/10711249484914055111/'; 'reader_bmm_tile_layout_in1_sender_writer_padding/5765851023675674821/'; 'reader_bmm_tile_layout_in0_sender_padding/10331777992099284703/'],9402424805738121639,True,2704,856,2216,2288,2852,0,0,0,0,38623,17875,38623,[549.767333984375; 0.8484063744544983],[549.767333984375],10.376,,,,,
BinaryNgDeviceOperation,tt_dnn_device,197632,0,blackhole,{'binary_op_type': 'BinaryOpType::MUL'; 'compute_kernel_config': 'std::nullopt'; 'dtype': 'DataType::BFLOAT16'; 'input_dtype': 'DataType::BFLOAT16'; 'is_quant_op': 'false'; 'is_sfpu': 'true'; 'is_where_op': 'false'; 'lhs_activations': '{}'; 'memory_config': 'MemoryConfig(memory_layout=TensorMemoryLayout::INTERLEAVED;buffer_type=BufferType::DRAM;shard_spec=std::nullopt;nd_shard_spec=std::nullopt;created_with_nd_shard_spec=0)'; 'post_activations': '{}'; 'rhs_activations': '{BasicUnaryWithParam<float; int; unsigned int>(base=BasicUnaryWithParam<float>(op_type=UnaryOpType::SIGMOID;param={}))}'; 'scalar': 'std::nullopt'; 'sub_core_grids': 'std::nullopt'; 'subtile_broadcast_type': 'SubtileBroadcastType::NONE'; 'worker_grid': '{[(x=0;y=0) - (x=10;y=9)]}'},HiFi4,110,110,,89997508104,89997573305,65201,1320936118473,1320936341157,45493,45501,164951,164397,164390,,,,555,164346,160907,163441,163982,163291,,,,,,1[1],288[288],288[288],128[128],TILE,BFLOAT16,DEV_1_DRAM_INTERLEAVED,1[1],288[288],288[288],128[128],TILE,BFLOAT16,DEV_1_DRAM_INTERLEAVED,,,,,,,,,,,,,,,,,,,,,,,,,,,,,,,,,,,,,,,,,,,,,,,,,,,,,,,,,1[1],288[288],288[288],128[128],TILE,BFLOAT16,DEV_1_DRAM_INTERLEAVED,,,,,,,,,,,,,,,,,['ttnn/cpp/ttnn/operations/eltwise/binary_ng/device/kernels/compute/eltwise_binary_sfpu_no_bcast.cpp'],['eltwise_binary_sfpu_no_bcast/16161308948743346830/'],['ttnn/cpp/ttnn/operations/eltwise/binary_ng/device/kernels_ng/dataflow/reader_interleaved_no_bcast.cpp'; 'ttnn/cpp/ttnn/operations/eltwise/binary_ng/device/kernels_ng/dataflow/writer_interleaved_no_bcast.cpp'],['reader_interleaved_no_bcast/5406995968467651208/'; 'writer_interleaved_no_bcast/12304832950705642753/'],1422597016547192474,True,1120,1644,1768,2328,1552,0,0,0,0,1,1,1,[],[],0.001,,,,,
GenericOpDeviceOperation,tt_dnn_device,198656,0,blackhole,{'num_mesh_programs': '1'},HiFi4,110,110,,89997941546,89997981229,39683,1320936690191,1320936890291,259103,259106,148222,147681,147676,,,,580,147603,145074,145827,147325,146696,,,,,,1[1],288[288],288[288],128[128],TILE,BFLOAT16,DEV_1_DRAM_INTERLEAVED,1[1],288[288],288[288],128[128],TILE,BFLOAT16,DEV_1_DRAM_INTERLEAVED,1[1],288[288],288[288],128[128],TILE,BFLOAT16,DEV_1_DRAM_INTERLEAVED,1[1],288[288],288[288],128[128],TILE,BFLOAT16,DEV_1_DRAM_INTERLEAVED,,,,,,,,,,,,,,,,,,,,,,,,,,,,,,,,,,,,,,,,,,,1[1],288[288],288[288],128[128],TILE,BFLOAT16,DEV_1_DRAM_INTERLEAVED,,,,,,,,,,,,,,,,,['/home/ttuser/.coworker/wt/bcp-evo/tt_bio/kernels/rne_add/compute_rne_add.cpp'],['compute_rne_add/15506775982570106819/'],['/home/ttuser/.coworker/wt/bcp-evo/tt_bio/kernels/rne_add/writer_rne_add.cpp'; '/home/ttuser/.coworker/wt/bcp-evo/tt_bio/kernels/rne_add/reader_rne_add.cpp'],['writer_rne_add/11689109000663956392/'; 'reader_rne_add/5462348467134491698/'],16281275380064118936,True,768,1412,1604,1376,1432,0,0,0,0,1,1,1,[],[],0.001,,,,,
LayerNormDeviceOperation,tt_dnn_device,199680,0,blackhole,{'compute_kernel_config': 'ComputeKernelConfig(math_fidelity=HiFi4;math_approx_mode=0;fp32_dest_acc_en=1;packer_l1_acc=1;dst_full_sync_en=0;throttle_level=ThrottleLevel::NO_THROTTLE)'; 'distributed_norm_stage': 'DistributedLayerNormStage::NOT_DISTRIBUTED'; 'dtype': 'std::nullopt'; 'eps': '1e-05'; 'fused_activation': 'std::nullopt'; 'norm_type': 'LayerNormType::LAYERNORM'; 'output_mem_config': 'MemoryConfig(memory_layout=TensorMemoryLayout::INTERLEAVED;buffer_type=BufferType::DRAM;shard_spec=std::nullopt;nd_shard_spec=std::nullopt;created_with_nd_shard_spec=0)'; 'program_config': 'LayerNormDefaultProgramConfig(legacy_reduction=0;legacy_rsqrt=0;use_welford=0)'},HiFi4,110,110,,89998198101,89998255447,57346,1320937034409,1320937200757,107324,107444,123221,122649,122529,,,,733,122464,114953,122041,121860,122042,,,,,,1[1],288[288],288[288],128[128],TILE,BFLOAT16,DEV_1_DRAM_INTERLEAVED,1[1],1[1],32[1],128[128],TILE,BFLOAT16,DEV_1_DRAM_INTERLEAVED,1[1],1[1],32[1],128[128],TILE,BFLOAT16,DEV_1_DRAM_INTERLEAVED,,,,,,,,,,,,,,,,,,,,,,,,,,,,,,,,,,,,,,,,,,,,,,,,,,1[1],288[288],288[288],128[128],TILE,BFLOAT16,DEV_1_DRAM_INTERLEAVED,,,,,,,,,,,,,,,,,['ttnn/cpp/ttnn/operations/normalization/layernorm/device/kernels/compute/layernorm.cpp'],['layernorm/14806225178095602344/'],['ttnn/cpp/ttnn/operations/normalization/layernorm/device/kernels/dataflow/writer_unary_interleaved_start_id_blocked.cpp'; 'ttnn/cpp/ttnn/operations/normalization/layernorm/device/kernels/dataflow/reader_unary_interleaved_ln.cpp'],['writer_unary_interleaved_start_id_blocked/1072855677011524085/'; 'reader_unary_interleaved_ln/12670039668448626785/'],2703445868539915113,True,812,2112,4672,4696,5564,0,0,0,0,1,1,1,[],[],0.001,,,,,
MinimalMatmulDeviceOperation,tt_dnn_device,200704,0,blackhole,{'chunks': '1'; 'compute_kernel_config': 'ComputeKernelConfig(math_fidelity=HiFi4;math_approx_mode=0;fp32_dest_acc_en=1;packer_l1_acc=1;dst_full_sync_en=0;throttle_level=ThrottleLevel::NO_THROTTLE)'; 'config': 'std::nullopt'; 'dim': '-1'; 'fused_activation': 'std::nullopt'; 'fused_ternary_scalar': 'std::nullopt'; 'output_dtype': 'DataType::BFLOAT16'; 'output_mem_config': 'MemoryConfig(memory_layout=TensorMemoryLayout::INTERLEAVED;buffer_type=BufferType::DRAM;shard_spec=std::nullopt;nd_shard_spec=std::nullopt;created_with_nd_shard_spec=0)'},HiFi4,110,110,,89999420923,89999495751,74828,1320938692213,1320939305715,1106291,1106297,454446,452921,452916,,,,554,445679,452916,452708,452671,452810,,,,,,1[1],288[288],288[288],128[128],TILE,BFLOAT16,DEV_1_DRAM_INTERLEAVED,1[1],1[1],128[128],512[512],TILE,BFLOAT16,DEV_1_DRAM_INTERLEAVED,1[1],1[1],32[1],512[512],TILE,BFLOAT16,DEV_1_DRAM_INTERLEAVED,,,,,,,,,,,,,,,,,,,,,,,,,,,,,,,,,,,,,,,,,,,,,,,,,,1[1],288[288],288[288],512[512],TILE,BFLOAT16,DEV_1_DRAM_INTERLEAVED,,,,,,,,,,,,,,,,,['ttnn/cpp/ttnn/operations/experimental/minimal_matmul/device/kernels/compute.cpp'],['compute/9886034342289370308/'],['ttnn/cpp/ttnn/operations/experimental/minimal_matmul/device/kernels/dm_in1_sender_out.cpp'; 'ttnn/cpp/ttnn/operations/experimental/minimal_matmul/device/kernels/dm_in0_sender.cpp'],['dm_in1_sender_out/1322033097880513244/'; 'dm_in0_sender/3817655575592439204/'],18006847517563646066,True,2540,2168,2892,2584,2768,0,0,0,0,1,1,1,[],[],0.0,,,,,
GenericOpDeviceOperation,tt_dnn_device,201728,0,blackhole,{'num_mesh_programs': '1'},HiFi4,110,110,,89999935735,89999983193,47458,1320939377832,1320939676748,53984,54036,221419,220864,220813,,,,650,220747,170005,176776,176685,176667,,,,,,1[1],288[288],288[288],512[512],TILE,BFLOAT16,DEV_1_DRAM_INTERLEAVED,1[1],128[128],288[288],288[288],TILE,BFLOAT16,DEV_1_DRAM_INTERLEAVED,1[1],128[128],288[288],288[288],TILE,BFLOAT16,DEV_1_DRAM_INTERLEAVED,,,,,,,,,,,,,,,,,,,,,,,,,,,,,,,,,,,,,,,,,,,,,,,,,,1[1],128[128],288[288],288[288],TILE,BFLOAT16,DEV_1_DRAM_INTERLEAVED,,,,,,,,,,,,,,,,,['/home/ttuser/.coworker/wt/bcp-evo/tt_bio/kernels/reblock_permute_gated/compute_reblock_permute_gated.cpp'],['compute_reblock_permute_gated/12593050776112047065/'],['/home/ttuser/.coworker/wt/bcp-evo/tt_bio/kernels/reblock_permute_gated/writer_reblock_permute_gated.cpp'; '/home/ttuser/.coworker/wt/bcp-evo/tt_bio/kernels/reblock_permute_gated/reader_reblock_permute_gated.cpp'],['writer_reblock_permute_gated/8552877936627637250/'; 'reader_reblock_permute_gated/5612551769286026/'],13432334433755954035,True,1652,2412,2632,2740,2660,0,0,0,0,1,1,1,[],[],0.0,,,,,
GenericOpDeviceOperation,tt_dnn_device,202752,0,blackhole,{'num_mesh_programs': '1'},HiFi4,110,110,,90000236983,90000264343,27360,1320939784734,1320940083688,80542,80617,221447,220903,220828,,,,657,220765,170080,176827,176750,176707,,,,,,1[1],288[288],288[288],512[512],TILE,BFLOAT16,DEV_1_DRAM_INTERLEAVED,1[1],128[128],288[288],288[288],TILE,BFLOAT16,DEV_1_DRAM_INTERLEAVED,1[1],128[128],288[288],288[288],TILE,BFLOAT16,DEV_1_DRAM_INTERLEAVED,,,,,,,,,,,,,,,,,,,,,,,,,,,,,,,,,,,,,,,,,,,,,,,,,,1[1],128[128],288[288],288[288],TILE,BFLOAT16,DEV_1_DRAM_INTERLEAVED,,,,,,,,,,,,,,,,,['/home/ttuser/.coworker/wt/bcp-evo/tt_bio/kernels/reblock_permute_gated/compute_reblock_permute_gated.cpp'],['compute_reblock_permute_gated/12593050776112047065/'],['/home/ttuser/.coworker/wt/bcp-evo/tt_bio/kernels/reblock_permute_gated/writer_reblock_permute_gated.cpp'; '/home/ttuser/.coworker/wt/bcp-evo/tt_bio/kernels/reblock_permute_gated/reader_reblock_permute_gated.cpp'],['writer_reblock_permute_gated/8552877936627637250/'; 'reader_reblock_permute_gated/5612551769286026/'],13432334433755954035,True,1652,2412,2632,2740,2660,0,0,0,0,1,1,1,[],[],0.0,,,,,
MatmulDeviceOperation,tt_dnn_device,203776,0,blackhole,{'bcast_batch': 'false'; 'compute_kernel_config': 'ComputeKernelConfig(math_fidelity=HiFi4;math_approx_mode=0;fp32_dest_acc_en=1;packer_l1_acc=1;dst_full_sync_en=0;throttle_level=ThrottleLevel::NO_THROTTLE)'; 'global_cb': 'std::nullopt'; 'output_dtype': 'DataType::BFLOAT16'; 'output_mem_config': 'MemoryConfig(memory_layout=TensorMemoryLayout::INTERLEAVED;buffer_type=BufferType::DRAM;shard_spec=std::nullopt;nd_shard_spec=std::nullopt;created_with_nd_shard_spec=0)'; 'output_tile': 'Tile(tile_shape={32; 32};face_shape={16; 16};num_faces=4)'; 'program_config': 'MatmulMultiCoreReuseMultiCastProgramConfig(compute_with_storage_grid_size=(x=11;y=10);in0_block_w=9;out_subblock_h=1;out_subblock_w=1;out_block_h=1;out_block_w=1;per_core_M=1;per_core_N=1;transpose_mcast=0;fused_activation=std::nullopt;fuse_batch=0)'; 'sub_device_id': 'std::nullopt'; 'transpose_a': 'true'; 'transpose_b': 'false'; 'untilize_out': 'false'; 'user_core_coord': 'std::nullopt'; 'user_fused_activation': 'std::nullopt'; 'user_run_batched': 'true'},HiFi4,81,110,,90009216114,90009331718,115604,1320951890392,1320952302004,8747469,8747459,304898,303129,303121,,,,552,303121,297879,302357,302588,302602,,,,,,1[1],128[128],288[288],288[288],TILE,BFLOAT16,DEV_1_DRAM_INTERLEAVED,1[1],128[128],288[288],288[288],TILE,BFLOAT16,DEV_1_DRAM_INTERLEAVED,,,,,,,,,,,,,,,,,,,,,,,,,,,,,,,,,,,,,,,,,,,,,,,,,,,,,,,,,1[1],128[128],288[288],288[288],TILE,BFLOAT16,DEV_1_DRAM_INTERLEAVED,,,,,,,,,,,,,,,,,['ttnn/cpp/ttnn/operations/matmul/device/kernels/compute/bmm_large_block_zm_fused_bias_activation.cpp'],['bmm_large_block_zm_fused_bias_activation/7321852416526556787/'],['ttnn/cpp/ttnn/operations/matmul/device/kernels/dataflow/reader_bmm_tile_layout_in0_receiver.cpp'; 'ttnn/cpp/ttnn/operations/matmul/device/kernels/dataflow/reader_bmm_tile_layout_in1_receiver_writer_padding.cpp'; 'ttnn/cpp/ttnn/operations/matmul/device/kernels/dataflow/reader_bmm_tile_layout_in1_sender_writer_padding.cpp'; 'ttnn/cpp/ttnn/operations/matmul/device/kernels/dataflow/reader_bmm_tile_layout_in0_sender_padding.cpp'],['reader_bmm_tile_layout_in0_receiver/14608708573655620973/'; 'reader_bmm_tile_layout_in1_receiver_writer_padding/13707395826484893550/'; 'reader_bmm_tile_layout_in1_sender_writer_padding/12356538437570146439/'; 'reader_bmm_tile_layout_in0_sender_padding/7039446303454597425/'],7380596313474526905,False,2148,1224,2452,2128,2876,0,0,0,0,40216,40216,38623,[527.990478515625; 527.990478515625],[527.990478515625],13.267,,,,,
GenericOpDeviceOperation,tt_dnn_device,204800,0,blackhole,{'num_mesh_programs': '1'},HiFi2,110,110,,90009768546,90009805585,37039,1320952629268,1320952850700,242982,243003,164024,163459,163437,,,,667,163350,161252,161303,160120,160092,,,,,,1[1],128[128],288[288],288[288],TILE,BFLOAT16,DEV_1_DRAM_INTERLEAVED,1[1],288[288],288[288],128[128],TILE,BFLOAT16,DEV_1_DRAM_INTERLEAVED,1[1],288[288],288[288],128[128],TILE,BFLOAT16,DEV_1_DRAM_INTERLEAVED,,,,,,,,,,,,,,,,,,,,,,,,,,,,,,,,,,,,,,,,,,,,,,,,,,1[1],288[288],288[288],128[128],TILE,BFLOAT16,DEV_1_DRAM_INTERLEAVED,,,,,,,,,,,,,,,,,['/home/ttuser/.coworker/wt/bcp-evo/tt_bio/kernels/reblock_permute/compute_reblock_permute.cpp'],['compute_reblock_permute/8664219691617291280/'],['/home/ttuser/.coworker/wt/bcp-evo/tt_bio/kernels/reblock_permute_back/writer_reblock_permute_back.cpp'; '/home/ttuser/.coworker/wt/bcp-evo/tt_bio/kernels/reblock_permute_back/reader_reblock_permute_back.cpp'],['writer_reblock_permute_back/16104139510508165148/'; 'reader_reblock_permute_back/16107670734854057122/'],5219768147295344545,True,876,1532,1604,900,1744,0,0,0,0,1,1,1,[],[],0.001,,,,,
LayerNormDeviceOperation,tt_dnn_device,205824,0,blackhole,{'compute_kernel_config': 'ComputeKernelConfig(math_fidelity=HiFi4;math_approx_mode=0;fp32_dest_acc_en=1;packer_l1_acc=1;dst_full_sync_en=0;throttle_level=ThrottleLevel::NO_THROTTLE)'; 'distributed_norm_stage': 'DistributedLayerNormStage::NOT_DISTRIBUTED'; 'dtype': 'std::nullopt'; 'eps': '1e-05'; 'fused_activation': 'std::nullopt'; 'norm_type': 'LayerNormType::LAYERNORM'; 'output_mem_config': 'MemoryConfig(memory_layout=TensorMemoryLayout::INTERLEAVED;buffer_type=BufferType::DRAM;shard_spec=std::nullopt;nd_shard_spec=std::nullopt;created_with_nd_shard_spec=0)'; 'program_config': 'LayerNormDefaultProgramConfig(legacy_reduction=0;legacy_rsqrt=0;use_welford=0)'},HiFi4,110,110,,90009973085,90010028437,55352,1320952906637,1320953102504,41996,42147,145087,144527,144376,,,,716,144324,136756,143891,143741,143890,,,,,,1[1],288[288],288[288],128[128],TILE,BFLOAT16,DEV_1_DRAM_INTERLEAVED,1[1],1[1],32[1],128[128],TILE,BFLOAT16,DEV_1_DRAM_INTERLEAVED,1[1],1[1],32[1],128[128],TILE,BFLOAT16,DEV_1_DRAM_INTERLEAVED,,,,,,,,,,,,,,,,,,,,,,,,,,,,,,,,,,,,,,,,,,,,,,,,,,1[1],288[288],288[288],128[128],TILE,BFLOAT16,DEV_1_DRAM_INTERLEAVED,,,,,,,,,,,,,,,,,['ttnn/cpp/ttnn/operations/normalization/layernorm/device/kernels/compute/layernorm.cpp'],['layernorm/14806225178095602344/'],['ttnn/cpp/ttnn/operations/normalization/layernorm/device/kernels/dataflow/writer_unary_interleaved_start_id_blocked.cpp'; 'ttnn/cpp/ttnn/operations/normalization/layernorm/device/kernels/dataflow/reader_unary_interleaved_ln.cpp'],['writer_unary_interleaved_start_id_blocked/1072855677011524085/'; 'reader_unary_interleaved_ln/12670039668448626785/'],2703445868539915113,True,812,2112,4672,4696,5564,0,0,0,0,1,1,1,[],[],0.001,,,,,
MatmulDeviceOperation,tt_dnn_device,206848,0,blackhole,{'bcast_batch': 'true'; 'compute_kernel_config': 'ComputeKernelConfig(math_fidelity=HiFi4;math_approx_mode=0;fp32_dest_acc_en=1;packer_l1_acc=1;dst_full_sync_en=0;throttle_level=ThrottleLevel::NO_THROTTLE)'; 'global_cb': 'std::nullopt'; 'output_dtype': 'DataType::BFLOAT16'; 'output_mem_config': 'MemoryConfig(memory_layout=TensorMemoryLayout::INTERLEAVED;buffer_type=BufferType::DRAM;shard_spec=std::nullopt;nd_shard_spec=std::nullopt;created_with_nd_shard_spec=0)'; 'output_tile': 'Tile(tile_shape={32; 32};face_shape={16; 16};num_faces=4)'; 'program_config': 'MatmulMultiCoreReuseMultiCast1DProgramConfig(compute_with_storage_grid_size=(x=11;y=10);in0_block_w=4;out_subblock_h=1;out_subblock_w=4;out_block_h=5;out_block_w=4;per_core_M=25;per_core_N=4;fuse_batch=1;fused_activation=std::nullopt;mcast_in0=0;gather_in0=0;hop_cores={};num_global_cb_receivers=1;untilize_out=0)'; 'sub_device_id': 'std::nullopt'; 'transpose_a': 'false'; 'transpose_b': 'false'; 'untilize_out': 'false'; 'user_core_coord': 'std::nullopt'; 'user_fused_activation': 'std::nullopt'; 'user_run_batched': 'false'},HiFi4,104,110,,90010208600,90010298957,90357,1320953234060,1320953467505,98961,98961,172922,171401,171401,,,,637,171401,132207,146656,146644,146688,,,,,,1[1],288[288],288[288],128[128],TILE,BFLOAT16,DEV_1_DRAM_INTERLEAVED,1[1],1[1],128[128],128[128],TILE,BFLOAT16,DEV_1_DRAM_INTERLEAVED,1[1],1[1],32[1],128[128],TILE,BFLOAT16,DEV_1_DRAM_INTERLEAVED,,,,,,,,,,,,,,,,,,,,,,,,,,,,,,,,,,,,,,,,,,,,,,,,,,1[1],288[288],288[288],128[128],TILE,BFLOAT16,DEV_1_DRAM_INTERLEAVED,,,,,,,,,,,,,,,,,['ttnn/cpp/ttnn/operations/matmul/device/kernels/compute/bmm_large_block_zm_fused_bias_activation.cpp'],['bmm_large_block_zm_fused_bias_activation/17608312779855468387/'],['ttnn/cpp/ttnn/operations/matmul/device/kernels/dataflow/reader_bmm_tile_layout_in1_receiver_writer_padding.cpp'; 'ttnn/cpp/ttnn/operations/matmul/device/kernels/dataflow/reader_bmm_tile_layout_in1_sender_writer_padding.cpp'; 'ttnn/cpp/ttnn/operations/matmul/device/kernels/dataflow/reader_bmm_tile_layout_in0_sender_padding.cpp'],['reader_bmm_tile_layout_in1_receiver_writer_padding/10711249484914055111/'; 'reader_bmm_tile_layout_in1_sender_writer_padding/5765851023675674821/'; 'reader_bmm_tile_layout_in0_sender_padding/10331777992099284703/'],9402424805738121639,True,2704,856,2216,2288,2852,0,0,0,0,38623,17875,38623,[549.767333984375; 0.8484063744544983],[549.767333984375],10.429,,,,,
MatmulDeviceOperation,tt_dnn_device,207872,0,blackhole,{'bcast_batch': 'true'; 'compute_kernel_config': 'ComputeKernelConfig(math_fidelity=HiFi4;math_approx_mode=0;fp32_dest_acc_en=1;packer_l1_acc=1;dst_full_sync_en=0;throttle_level=ThrottleLevel::NO_THROTTLE)'; 'global_cb': 'std::nullopt'; 'output_dtype': 'DataType::BFLOAT16'; 'output_mem_config': 'MemoryConfig(memory_layout=TensorMemoryLayout::INTERLEAVED;buffer_type=BufferType::DRAM;shard_spec=std::nullopt;nd_shard_spec=std::nullopt;created_with_nd_shard_spec=0)'; 'output_tile': 'Tile(tile_shape={32; 32};face_shape={16; 16};num_faces=4)'; 'program_config': 'MatmulMultiCoreReuseMultiCast1DProgramConfig(compute_with_storage_grid_size=(x=11;y=10);in0_block_w=4;out_subblock_h=1;out_subblock_w=4;out_block_h=5;out_block_w=4;per_core_M=25;per_core_N=4;fuse_batch=1;fused_activation=std::nullopt;mcast_in0=0;gather_in0=0;hop_cores={};num_global_cb_receivers=1;untilize_out=0)'; 'sub_device_id': 'std::nullopt'; 'transpose_a': 'false'; 'transpose_b': 'false'; 'untilize_out': 'false'; 'user_core_coord': 'std::nullopt'; 'user_fused_activation': 'std::nullopt'; 'user_run_batched': 'false'},HiFi4,104,110,,90010506431,90010568797,62366,1320953630982,1320953864751,122633,122633,173162,171627,171627,,,,668,171612,131726,145933,145931,145976,,,,,,1[1],288[288],288[288],128[128],TILE,BFLOAT16,DEV_1_DRAM_INTERLEAVED,1[1],1[1],128[128],128[128],TILE,BFLOAT16,DEV_1_DRAM_INTERLEAVED,1[1],1[1],32[1],128[128],TILE,BFLOAT16,DEV_1_DRAM_INTERLEAVED,,,,,,,,,,,,,,,,,,,,,,,,,,,,,,,,,,,,,,,,,,,,,,,,,,1[1],288[288],288[288],128[128],TILE,BFLOAT16,DEV_1_DRAM_INTERLEAVED,,,,,,,,,,,,,,,,,['ttnn/cpp/ttnn/operations/matmul/device/kernels/compute/bmm_large_block_zm_fused_bias_activation.cpp'],['bmm_large_block_zm_fused_bias_activation/17608312779855468387/'],['ttnn/cpp/ttnn/operations/matmul/device/kernels/dataflow/reader_bmm_tile_layout_in1_receiver_writer_padding.cpp'; 'ttnn/cpp/ttnn/operations/matmul/device/kernels/dataflow/reader_bmm_tile_layout_in1_sender_writer_padding.cpp'; 'ttnn/cpp/ttnn/operations/matmul/device/kernels/dataflow/reader_bmm_tile_layout_in0_sender_padding.cpp'],['reader_bmm_tile_layout_in1_receiver_writer_padding/10711249484914055111/'; 'reader_bmm_tile_layout_in1_sender_writer_padding/5765851023675674821/'; 'reader_bmm_tile_layout_in0_sender_padding/10331777992099284703/'],9402424805738121639,True,2704,856,2216,2288,2852,0,0,0,0,38623,17875,38623,[549.767333984375; 0.8484063744544983],[549.767333984375],10.415,,,,,
BinaryNgDeviceOperation,tt_dnn_device,208896,0,blackhole,{'binary_op_type': 'BinaryOpType::MUL'; 'compute_kernel_config': 'std::nullopt'; 'dtype': 'DataType::BFLOAT16'; 'input_dtype': 'DataType::BFLOAT16'; 'is_quant_op': 'false'; 'is_sfpu': 'true'; 'is_where_op': 'false'; 'lhs_activations': '{}'; 'memory_config': 'MemoryConfig(memory_layout=TensorMemoryLayout::INTERLEAVED;buffer_type=BufferType::DRAM;shard_spec=std::nullopt;nd_shard_spec=std::nullopt;created_with_nd_shard_spec=0)'; 'post_activations': '{}'; 'rhs_activations': '{BasicUnaryWithParam<float; int; unsigned int>(base=BasicUnaryWithParam<float>(op_type=UnaryOpType::SIGMOID;param={}))}'; 'scalar': 'std::nullopt'; 'sub_core_grids': 'std::nullopt'; 'subtile_broadcast_type': 'SubtileBroadcastType::NONE'; 'worker_grid': '{[(x=0;y=0) - (x=10;y=9)]}'},HiFi4,110,110,,90010778414,90010852301,73887,1320953995837,1320954226701,97666,97667,171010,170450,170450,,,,572,170437,166350,169377,170033,169239,,,,,,1[1],288[288],288[288],128[128],TILE,BFLOAT16,DEV_1_DRAM_INTERLEAVED,1[1],288[288],288[288],128[128],TILE,BFLOAT16,DEV_1_DRAM_INTERLEAVED,,,,,,,,,,,,,,,,,,,,,,,,,,,,,,,,,,,,,,,,,,,,,,,,,,,,,,,,,1[1],288[288],288[288],128[128],TILE,BFLOAT16,DEV_1_DRAM_INTERLEAVED,,,,,,,,,,,,,,,,,['ttnn/cpp/ttnn/operations/eltwise/binary_ng/device/kernels/compute/eltwise_binary_sfpu_no_bcast.cpp'],['eltwise_binary_sfpu_no_bcast/16161308948743346830/'],['ttnn/cpp/ttnn/operations/eltwise/binary_ng/device/kernels_ng/dataflow/reader_interleaved_no_bcast.cpp'; 'ttnn/cpp/ttnn/operations/eltwise/binary_ng/device/kernels_ng/dataflow/writer_interleaved_no_bcast.cpp'],['reader_interleaved_no_bcast/5406995968467651208/'; 'writer_interleaved_no_bcast/12304832950705642753/'],1422597016547192474,True,1120,1644,1768,2328,1552,0,0,0,0,1,1,1,[],[],0.001,,,,,
GenericOpDeviceOperation,tt_dnn_device,209920,0,blackhole,{'num_mesh_programs': '1'},HiFi4,110,110,,90011306531,90011347117,40586,1320954712715,1320954906015,360565,360574,143185,142636,142630,,,,605,142564,140023,140790,142279,141661,,,,,,1[1],288[288],288[288],128[128],TILE,BFLOAT16,DEV_1_DRAM_INTERLEAVED,1[1],288[288],288[288],128[128],TILE,BFLOAT16,DEV_1_DRAM_INTERLEAVED,1[1],288[288],288[288],128[128],TILE,BFLOAT16,DEV_1_DRAM_INTERLEAVED,1[1],288[288],288[288],128[128],TILE,BFLOAT16,DEV_1_DRAM_INTERLEAVED,,,,,,,,,,,,,,,,,,,,,,,,,,,,,,,,,,,,,,,,,,,1[1],288[288],288[288],128[128],TILE,BFLOAT16,DEV_1_DRAM_INTERLEAVED,,,,,,,,,,,,,,,,,['/home/ttuser/.coworker/wt/bcp-evo/tt_bio/kernels/rne_add/compute_rne_add.cpp'],['compute_rne_add/15506775982570106819/'],['/home/ttuser/.coworker/wt/bcp-evo/tt_bio/kernels/rne_add/writer_rne_add.cpp'; '/home/ttuser/.coworker/wt/bcp-evo/tt_bio/kernels/rne_add/reader_rne_add.cpp'],['writer_rne_add/11689109000663956392/'; 'reader_rne_add/5462348467134491698/'],16281275380064118936,True,768,1412,1604,1376,1432,0,0,0,0,1,1,1,[],[],0.001,,,,,
LayerNormDeviceOperation,tt_dnn_device,210944,0,blackhole,{'compute_kernel_config': 'ComputeKernelConfig(math_fidelity=HiFi4;math_approx_mode=0;fp32_dest_acc_en=1;packer_l1_acc=1;dst_full_sync_en=0;throttle_level=ThrottleLevel::NO_THROTTLE)'; 'distributed_norm_stage': 'DistributedLayerNormStage::NOT_DISTRIBUTED'; 'dtype': 'std::nullopt'; 'eps': '1e-05'; 'fused_activation': 'std::nullopt'; 'norm_type': 'LayerNormType::LAYERNORM'; 'output_mem_config': 'MemoryConfig(memory_layout=TensorMemoryLayout::INTERLEAVED;buffer_type=BufferType::DRAM;shard_spec=std::nullopt;nd_shard_spec=std::nullopt;created_with_nd_shard_spec=0)'; 'program_config': 'LayerNormDefaultProgramConfig(legacy_reduction=0;legacy_rsqrt=0;use_welford=0)'},HiFi4,110,110,,90011745954,90011817747,71793,1320955295170,1320955461170,288816,288925,122963,122410,122299,,,,730,122209,114676,121779,121627,121787,,,,,,1[1],288[288],288[288],128[128],TILE,BFLOAT16,DEV_1_DRAM_INTERLEAVED,1[1],1[1],32[1],128[128],TILE,BFLOAT16,DEV_1_DRAM_INTERLEAVED,1[1],1[1],32[1],128[128],TILE,BFLOAT16,DEV_1_DRAM_INTERLEAVED,,,,,,,,,,,,,,,,,,,,,,,,,,,,,,,,,,,,,,,,,,,,,,,,,,1[1],288[288],288[288],128[128],TILE,BFLOAT16,DEV_1_DRAM_INTERLEAVED,,,,,,,,,,,,,,,,,['ttnn/cpp/ttnn/operations/normalization/layernorm/device/kernels/compute/layernorm.cpp'],['layernorm/14806225178095602344/'],['ttnn/cpp/ttnn/operations/normalization/layernorm/device/kernels/dataflow/writer_unary_interleaved_start_id_blocked.cpp'; 'ttnn/cpp/ttnn/operations/normalization/layernorm/device/kernels/dataflow/reader_unary_interleaved_ln.cpp'],['writer_unary_interleaved_start_id_blocked/1072855677011524085/'; 'reader_unary_interleaved_ln/12670039668448626785/'],2703445868539915113,True,812,2112,4672,4696,5564,0,0,0,0,1,1,1,[],[],0.001,,,,,
MatmulDeviceOperation,tt_dnn_device,211968,0,blackhole,{'bcast_batch': 'true'; 'compute_kernel_config': 'ComputeKernelConfig(math_fidelity=HiFi4;math_approx_mode=0;fp32_dest_acc_en=1;packer_l1_acc=1;dst_full_sync_en=0;throttle_level=ThrottleLevel::NO_THROTTLE)'; 'global_cb': 'std::nullopt'; 'output_dtype': 'DataType::BFLOAT16'; 'output_mem_config': 'MemoryConfig(memory_layout=TensorMemoryLayout::INTERLEAVED;buffer_type=BufferType::DRAM;shard_spec=std::nullopt;nd_shard_spec=std::nullopt;created_with_nd_shard_spec=0)'; 'output_tile': 'Tile(tile_shape={32; 32};face_shape={16; 16};num_faces=4)'; 'program_config': 'MatmulMultiCoreReuseMultiCast1DProgramConfig(compute_with_storage_grid_size=(x=11;y=10);in0_block_w=4;out_subblock_h=1;out_subblock_w=1;out_block_h=5;out_block_w=1;per_core_M=25;per_core_N=1;fuse_batch=1;fused_activation=std::nullopt;mcast_in0=0;gather_in0=0;hop_cores={};num_global_cb_receivers=1;untilize_out=0)'; 'sub_device_id': 'std::nullopt'; 'transpose_a': 'false'; 'transpose_b': 'false'; 'untilize_out': 'false'; 'user_core_coord': 'std::nullopt'; 'user_fused_activation': 'std::nullopt'; 'user_run_batched': 'false'},HiFi4,104,110,,90012488218,90012554661,66443,1320956295772,1320956424400,619740,619739,95280,93757,93756,,,,685,93756,91380,92061,92473,92501,,,,,,1[1],288[288],288[288],128[128],TILE,BFLOAT16,DEV_1_DRAM_INTERLEAVED,1[1],1[1],128[128],32[4],TILE,BFLOAT16,DEV_1_DRAM_INTERLEAVED,,,,,,,,,,,,,,,,,,,,,,,,,,,,,,,,,,,,,,,,,,,,,,,,,,,,,,,,,1[1],288[288],288[288],32[4],TILE,BFLOAT16,DEV_1_DRAM_INTERLEAVED,,,,,,,,,,,,,,,,,['ttnn/cpp/ttnn/operations/matmul/device/kernels/compute/bmm_large_block_zm_fused_bias_activation.cpp'],['bmm_large_block_zm_fused_bias_activation/110771084487296781/'],['ttnn/cpp/ttnn/operations/matmul/device/kernels/dataflow/reader_bmm_tile_layout_in1_receiver_writer_padding.cpp'; 'ttnn/cpp/ttnn/operations/matmul/device/kernels/dataflow/reader_bmm_tile_layout_in1_sender_writer_padding.cpp'; 'ttnn/cpp/ttnn/operations/matmul/device/kernels/dataflow/reader_bmm_tile_layout_in0_sender_padding.cpp'],['reader_bmm_tile_layout_in1_receiver_writer_padding/4950289860550707270/'; 'reader_bmm_tile_layout_in1_sender_writer_padding/13465886954871218074/'; 'reader_bmm_tile_layout_in0_sender_padding/5163765105817206461/'],5614644772281119957,False,1964,856,1676,1564,1748,0,0,0,0,38623,560,38623,[549.767333984375; 0.21210159361362457],[137.44183349609375],0.597,,,,,
PermuteDeviceOperation,tt_dnn_device,212992,0,blackhole,{'dims': '{0; 3; 1; 2}'; 'output_mem_config': 'MemoryConfig(memory_layout=TensorMemoryLayout::INTERLEAVED;buffer_type=BufferType::DRAM;shard_spec=std::nullopt;nd_shard_spec=std::nullopt;created_with_nd_shard_spec=0)'; 'pad_value': '0'},HiFi4,110,110,,90020094730,90020259284,164554,1320966539523,1320966576482,7493237,7493237,27377,26817,26817,,,,579,26752,25969,25980,24040,25464,,,,,,1[1],288[288],288[288],32[4],TILE,BFLOAT16,DEV_1_DRAM_INTERLEAVED,,,,,,,,,,,,,,,,,,,,,,,,,,,,,,,,,,,,,,,,,,,,,,,,,,,,,,,,,,,,,,,,1[1],4[4],288[288],288[288],TILE,BFLOAT16,DEV_1_DRAM_INTERLEAVED,,,,,,,,,,,,,,,,,['ttnn/cpp/ttnn/operations/data_movement/transpose/device/kernels/compute/transpose_wh.cpp'],['transpose_wh/14581025993053660267/'],['ttnn/cpp/ttnn/operations/data_movement/permute/device/kernels/dataflow/writer_permute_interleaved_tiled_row_invariant.cpp'; 'ttnn/cpp/ttnn/operations/data_movement/transpose/device/kernels/dataflow/reader_unary_transpose_hc_interleaved_tiled_padding_aware.cpp'],['writer_permute_interleaved_tiled_row_invariant/12882376229727892710/'; 'reader_unary_transpose_hc_interleaved_tiled_padding_aware/5433227001150697623/'],6020671882703957466,False,1340,944,1140,648,1296,0,0,0,0,18389,18389,9655,[288.6734313964844],[36.08417892456055],68.572,,,,,
MinimalMatmulDeviceOperation,tt_dnn_device,214016,0,blackhole,{'chunks': '1'; 'compute_kernel_config': 'ComputeKernelConfig(math_fidelity=HiFi4;math_approx_mode=0;fp32_dest_acc_en=1;packer_l1_acc=1;dst_full_sync_en=0;throttle_level=ThrottleLevel::NO_THROTTLE)'; 'config': 'MinimalMatmulConfig(M_block_size=4;K_block_size=4;N_block_size=1;subblock_h=4;subblock_w=1;compute_with_storage_grid_size=(x=11;y=10))'; 'dim': '-1'; 'fused_activation': 'std::nullopt'; 'fused_ternary_scalar': 'std::nullopt'; 'output_dtype': 'DataType::BFLOAT16'; 'output_mem_config': 'std::nullopt'},HiFi4,110,110,,90030723373,90030822897,99524,1320980904194,1320981296767,10614612,10614604,290795,289304,289303,,,,558,284739,289303,288837,288734,288850,,,,,,1[1],288[288],288[288],128[128],TILE,BFLOAT16,DEV_1_DRAM_INTERLEAVED,1[1],1[1],128[128],384[384],TILE,BFLOAT16,DEV_1_DRAM_INTERLEAVED,,,,,,,,,,,,,,,,,,,,,,,,,,,,,,,,,,,,,,,,,,,,,,,,,,,,,,,,,1[1],288[288],288[288],384[384],TILE,BFLOAT16,DEV_1_DRAM_INTERLEAVED,,,,,,,,,,,,,,,,,['ttnn/cpp/ttnn/operations/experimental/minimal_matmul/device/kernels/compute.cpp'],['compute/3115284922236065016/'],['ttnn/cpp/ttnn/operations/experimental/minimal_matmul/device/kernels/dm_in1_sender_out.cpp'; 'ttnn/cpp/ttnn/operations/experimental/minimal_matmul/device/kernels/dm_in0_sender.cpp'],['dm_in1_sender_out/4463326614624474887/'; 'dm_in0_sender/8758059186078402385/'],3181693430792813899,False,1832,2200,2600,2408,3292,0,0,0,0,1,1,1,[],[],0.0,,,,,
MinimalMatmulDeviceOperation,tt_dnn_device,215040,0,blackhole,{'chunks': '1'; 'compute_kernel_config': 'ComputeKernelConfig(math_fidelity=HiFi4;math_approx_mode=0;fp32_dest_acc_en=1;packer_l1_acc=1;dst_full_sync_en=0;throttle_level=ThrottleLevel::NO_THROTTLE)'; 'config': 'MinimalMatmulConfig(M_block_size=4;K_block_size=4;N_block_size=1;subblock_h=4;subblock_w=1;compute_with_storage_grid_size=(x=11;y=10))'; 'dim': '-1'; 'fused_activation': 'std::nullopt'; 'fused_ternary_scalar': 'std::nullopt'; 'output_dtype': 'DataType::BFLOAT16'; 'output_mem_config': 'std::nullopt'},HiFi4,110,110,,90037484171,90037568587,84416,1320990000141,1320990211282,6448459,6448459,156401,154892,154892,,,,560,152875,154892,154721,154652,154757,,,,,,1[1],288[288],288[288],128[128],TILE,BFLOAT16,DEV_1_DRAM_INTERLEAVED,1[1],1[1],128[128],128[128],TILE,BFLOAT16,DEV_1_DRAM_INTERLEAVED,1[1],1[1],32[1],128[128],TILE,BFLOAT16,DEV_1_DRAM_INTERLEAVED,,,,,,,,,,,,,,,,,,,,,,,,,,,,,,,,,,,,,,,,,,,,,,,,,,1[1],288[288],288[288],128[128],TILE,BFLOAT16,DEV_1_DRAM_INTERLEAVED,,,,,,,,,,,,,,,,,['ttnn/cpp/ttnn/operations/experimental/minimal_matmul/device/kernels/compute.cpp'],['compute/9683565378348403167/'],['ttnn/cpp/ttnn/operations/experimental/minimal_matmul/device/kernels/dm_in1_sender_out.cpp'; 'ttnn/cpp/ttnn/operations/experimental/minimal_matmul/device/kernels/dm_in0_sender.cpp'],['dm_in1_sender_out/11858185509760375404/'; 'dm_in0_sender/10937635939712819240/'],2564325879825607064,False,2312,2108,2672,2324,3120,0,0,0,0,1,1,1,[],[],0.001,,,,,
NlpCreateHeadsDeviceOperation,tt_dnn_device,216064,0,blackhole,{'head_dim': '32'; 'num_kv_heads': '4'; 'num_q_heads': '4'; 'output_mem_config': 'MemoryConfig(memory_layout=TensorMemoryLayout::INTERLEAVED;buffer_type=BufferType::DRAM;shard_spec=std::nullopt;nd_shard_spec=std::nullopt;created_with_nd_shard_spec=0)'; 'transpose_k_heads': 'false'},,110,110,,90040939453,90041003331,63878,1320994655144,1320995119080,3292307,3292307,343656,343108,343108,,,,548,343108,342784,,,,,,,,,288[288],1[1],288[288],384[384],TILE,BFLOAT16,DEV_1_DRAM_INTERLEAVED,,,,,,,,,,,,,,,,,,,,,,,,,,,,,,,,,,,,,,,,,,,,,,,,,,,,,,,,,,,,,,,,288[288],4[4],288[288],32[32],TILE,BFLOAT16,DEV_1_DRAM_INTERLEAVED,288[288],4[4],288[288],32[32],TILE,BFLOAT16,DEV_1_DRAM_INTERLEAVED,288[288],4[4],288[288],32[32],TILE,BFLOAT16,DEV_1_DRAM_INTERLEAVED,,,[],[],['ttnn/cpp/ttnn/operations/experimental/transformer/nlp_create_qkv_heads/device/kernels/dataflow/writer_tm_tile_layout_nlp_create_qkv_heads.cpp'; 'ttnn/cpp/ttnn/operations/experimental/transformer/nlp_create_qkv_heads/device/kernels/dataflow/reader_tm_tile_layout_nlp_create_qkv_heads.cpp'],['writer_tm_tile_layout_nlp_create_qkv_heads/11730341634691296032/'; 'reader_tm_tile_layout_nlp_create_qkv_heads/15066080694631099887/'],4559057150348919065,False,2016,1704,0,0,0,0,0,0,0,1,1,1,[],[],0.0,,,,,
BinaryNgDeviceOperation,tt_dnn_device,217088,0,blackhole,{'binary_op_type': 'BinaryOpType::MUL'; 'compute_kernel_config': 'std::nullopt'; 'dtype': 'DataType::BFLOAT16'; 'input_dtype': 'DataType::BFLOAT16'; 'is_quant_op': 'false'; 'is_sfpu': 'true'; 'is_where_op': 'false'; 'lhs_activations': '{}'; 'memory_config': 'MemoryConfig(memory_layout=TensorMemoryLayout::INTERLEAVED;buffer_type=BufferType::DRAM;shard_spec=std::nullopt;nd_shard_spec=std::nullopt;created_with_nd_shard_spec=0)'; 'post_activations': '{}'; 'rhs_activations': '{}'; 'scalar': '5.656854'; 'sub_core_grids': 'std::nullopt'; 'subtile_broadcast_type': 'SubtileBroadcastType::NONE'; 'worker_grid': '{[(x=0;y=0) - (x=10;y=9)]}'},HiFi4,110,110,,90041189616,90041249316,59700,1320995001634,1320995126357,316,316,92387,5072,5071,,,,1370,5071,3244,3450,4567,4277,,,,,,1[1],4[4],288[288],288[288],TILE,BFLOAT16,DEV_1_DRAM_INTERLEAVED,,,,,,,,,,,,,,,,,,,,,,,,,,,,,,,,,,,,,,,,,,,,,,,,,,,,,,,,,,,,,,,,1[1],4[4],288[288],288[288],TILE,BFLOAT16,DEV_1_DRAM_INTERLEAVED,,,,,,,,,,,,,,,,,['ttnn/cpp/ttnn/operations/eltwise/binary_ng/device/kernels/compute/eltwise_binary_sfpu_scalar.cpp'],['eltwise_binary_sfpu_scalar/6302317103236044736/'],['ttnn/cpp/ttnn/operations/eltwise/binary_ng/device/kernels/dataflow/reader_interleaved_no_bcast.cpp'; 'ttnn/cpp/ttnn/operations/eltwise/binary_ng/device/kernels/dataflow/writer_interleaved_scalar.cpp'],['reader_interleaved_no_bcast/15501400787415134526/'; 'writer_interleaved_scalar/13747915134593411132/'],15691238620557725211,True,1228,1256,1532,1264,1296,0,0,0,0,1,1,1,[],[],0.02,,,,,
GenericOpDeviceOperation,tt_dnn_device,218112,0,blackhole,{'num_mesh_programs': '1'},HiFi4,110,110,,90922727187,90922819187,92000,1322185122147,1322185548104,881479319,881478008,315524,314992,314747,,,,1086,314704,297323,313325,313982,313786,,,,,,288[288],4[4],288[288],32[32],TILE,BFLOAT16,DEV_1_DRAM_INTERLEAVED,288[288],4[4],288[288],32[32],TILE,BFLOAT16,DEV_1_DRAM_INTERLEAVED,288[288],4[4],288[288],32[32],TILE,BFLOAT16,DEV_1_DRAM_INTERLEAVED,1[1],4[4],288[288],288[288],TILE,BFLOAT16,DEV_1_DRAM_INTERLEAVED,288[288],4[4],288[288],32[32],TILE,BFLOAT16,DEV_1_DRAM_INTERLEAVED,288[288],4[4],288[288],32[32],TILE,BFLOAT16,DEV_1_DRAM_INTERLEAVED,,,,,,,,,,,,,,,,,,,,,,,,,,,,,288[288],4[4],288[288],32[32],TILE,BFLOAT16,DEV_1_DRAM_INTERLEAVED,,,,,,,,,,,,,,,,,['/home/ttuser/.coworker/wt/bcp-evo/tt_bio/kernels/triatt_sdpa/compute/sdpa.cpp'],['sdpa/6443954416559138199/'],['/home/ttuser/tt-metal-b2z/ttnn/cpp/ttnn/operations/transformer/sdpa/device/kernels/dataflow/writer_interleaved.cpp'; '/home/ttuser/.coworker/wt/bcp-evo/tt_bio/kernels/triatt_sdpa/dataflow/reader_interleaved.cpp'],['writer_interleaved/14487806200429715675/'; 'reader_interleaved/8214456957785208752/'],8837759648348085067,False,1932,6012,7172,8348,7416,0,0,0,0,1,1,1,[],[],0.0,,,,,
BinaryNgDeviceOperation,tt_dnn_device,219136,0,blackhole,{'binary_op_type': 'BinaryOpType::MUL'; 'compute_kernel_config': 'std::nullopt'; 'dtype': 'DataType::BFLOAT16'; 'input_dtype': 'DataType::BFLOAT16'; 'is_quant_op': 'false'; 'is_sfpu': 'true'; 'is_where_op': 'false'; 'lhs_activations': '{}'; 'memory_config': 'MemoryConfig(memory_layout=TensorMemoryLayout::INTERLEAVED;buffer_type=BufferType::DRAM;shard_spec=std::nullopt;nd_shard_spec=std::nullopt;created_with_nd_shard_spec=0)'; 'post_activations': '{}'; 'rhs_activations': '{}'; 'scalar': '0.17677669'; 'sub_core_grids': 'std::nullopt'; 'subtile_broadcast_type': 'SubtileBroadcastType::NONE'; 'worker_grid': '{[(x=0;y=0) - (x=10;y=9)]}'},HiFi4,110,110,,90923004059,90923074640,70581,1322185499256,1322185555255,299,300,41481,4999,4998,,,,1372,4979,3267,3452,4575,4239,,,,,,1[1],4[4],288[288],288[288],TILE,BFLOAT16,DEV_1_DRAM_INTERLEAVED,,,,,,,,,,,,,,,,,,,,,,,,,,,,,,,,,,,,,,,,,,,,,,,,,,,,,,,,,,,,,,,,1[1],4[4],288[288],288[288],TILE,BFLOAT16,DEV_1_DRAM_INTERLEAVED,,,,,,,,,,,,,,,,,['ttnn/cpp/ttnn/operations/eltwise/binary_ng/device/kernels/compute/eltwise_binary_sfpu_scalar.cpp'],['eltwise_binary_sfpu_scalar/6302317103236044736/'],['ttnn/cpp/ttnn/operations/eltwise/binary_ng/device/kernels/dataflow/reader_interleaved_no_bcast.cpp'; 'ttnn/cpp/ttnn/operations/eltwise/binary_ng/device/kernels/dataflow/writer_interleaved_scalar.cpp'],['reader_interleaved_no_bcast/15501400787415134526/'; 'writer_interleaved_scalar/13747915134593411132/'],15691238620557725211,True,1228,1256,1532,1264,1296,0,0,0,0,1,1,1,[],[],0.02,,,,,
NLPConcatHeadsDeviceOperation,tt_dnn_device,220160,0,blackhole,{'output_mem_config': 'MemoryConfig(memory_layout=TensorMemoryLayout::INTERLEAVED;buffer_type=BufferType::DRAM;shard_spec=std::nullopt;nd_shard_spec=std::nullopt;created_with_nd_shard_spec=0)'},,110,110,,90926063339,90926106739,43400,1322189626021,1322189786680,3015926,3015926,119007,118441,118441,,,,545,118441,118157,,,,,,,,,288[288],4[4],288[288],32[32],TILE,BFLOAT16,DEV_1_DRAM_INTERLEAVED,,,,,,,,,,,,,,,,,,,,,,,,,,,,,,,,,,,,,,,,,,,,,,,,,,,,,,,,,,,,,,,,288[288],1[1],288[288],128[128],TILE,BFLOAT16,DEV_1_DRAM_INTERLEAVED,,,,,,,,,,,,,,,,,[],[],['ttnn/cpp/ttnn/operations/eltwise/unary/device/kernels/dataflow/writer_unary_interleaved_start_id.cpp'; 'ttnn/cpp/ttnn/operations/experimental/transformer/nlp_concat_heads/device/kernels/dataflow/reader_tm_tile_layout_nlp_concat_heads.cpp'],['writer_unary_interleaved_start_id/9607551389675776825/'; 'reader_tm_tile_layout_nlp_concat_heads/8147411415799185190/'],9204059178956250018,False,1000,1024,0,0,0,0,0,0,0,1,1,1,[],[],0.001,,,,,
BinaryNgDeviceOperation,tt_dnn_device,221184,0,blackhole,{'binary_op_type': 'BinaryOpType::MUL'; 'compute_kernel_config': 'std::nullopt'; 'dtype': 'DataType::BFLOAT16'; 'input_dtype': 'DataType::BFLOAT16'; 'is_quant_op': 'false'; 'is_sfpu': 'true'; 'is_where_op': 'false'; 'lhs_activations': '{}'; 'memory_config': 'MemoryConfig(memory_layout=TensorMemoryLayout::INTERLEAVED;buffer_type=BufferType::DRAM;shard_spec=std::nullopt;nd_shard_spec=std::nullopt;created_with_nd_shard_spec=0)'; 'post_activations': '{}'; 'rhs_activations': '{BasicUnaryWithParam<float; int; unsigned int>(base=BasicUnaryWithParam<float>(op_type=UnaryOpType::SIGMOID;param={}))}'; 'scalar': 'std::nullopt'; 'sub_core_grids': 'std::nullopt'; 'subtile_broadcast_type': 'SubtileBroadcastType::NONE'; 'worker_grid': '{[(x=0;y=0) - (x=10;y=9)]}'},HiFi4,110,110,,90926392017,90926458190,66173,1322190074541,1322190297957,213771,213771,165493,164956,164955,,,,553,164910,161371,164050,164587,163890,,,,,,1[1],288[288],288[288],128[128],TILE,BFLOAT16,DEV_1_DRAM_INTERLEAVED,1[1],288[288],288[288],128[128],TILE,BFLOAT16,DEV_1_DRAM_INTERLEAVED,,,,,,,,,,,,,,,,,,,,,,,,,,,,,,,,,,,,,,,,,,,,,,,,,,,,,,,,,1[1],288[288],288[288],128[128],TILE,BFLOAT16,DEV_1_DRAM_INTERLEAVED,,,,,,,,,,,,,,,,,['ttnn/cpp/ttnn/operations/eltwise/binary_ng/device/kernels/compute/eltwise_binary_sfpu_no_bcast.cpp'],['eltwise_binary_sfpu_no_bcast/16161308948743346830/'],['ttnn/cpp/ttnn/operations/eltwise/binary_ng/device/kernels_ng/dataflow/reader_interleaved_no_bcast.cpp'; 'ttnn/cpp/ttnn/operations/eltwise/binary_ng/device/kernels_ng/dataflow/writer_interleaved_no_bcast.cpp'],['reader_interleaved_no_bcast/5406995968467651208/'; 'writer_interleaved_no_bcast/12304832950705642753/'],1422597016547192474,True,1120,1644,1768,2328,1552,0,0,0,0,1,1,1,[],[],0.001,,,,,
MatmulDeviceOperation,tt_dnn_device,222208,0,blackhole,{'bcast_batch': 'true'; 'compute_kernel_config': 'ComputeKernelConfig(math_fidelity=HiFi4;math_approx_mode=0;fp32_dest_acc_en=1;packer_l1_acc=1;dst_full_sync_en=0;throttle_level=ThrottleLevel::NO_THROTTLE)'; 'global_cb': 'std::nullopt'; 'output_dtype': 'DataType::BFLOAT16'; 'output_mem_config': 'MemoryConfig(memory_layout=TensorMemoryLayout::INTERLEAVED;buffer_type=BufferType::DRAM;shard_spec=std::nullopt;nd_shard_spec=std::nullopt;created_with_nd_shard_spec=0)'; 'output_tile': 'Tile(tile_shape={32; 32};face_shape={16; 16};num_faces=4)'; 'program_config': 'MatmulMultiCoreReuseMultiCast1DProgramConfig(compute_with_storage_grid_size=(x=11;y=10);in0_block_w=4;out_subblock_h=1;out_subblock_w=4;out_block_h=5;out_block_w=4;per_core_M=25;per_core_N=4;fuse_batch=1;fused_activation=std::nullopt;mcast_in0=0;gather_in0=0;hop_cores={};num_global_cb_receivers=1;untilize_out=0)'; 'sub_device_id': 'std::nullopt'; 'transpose_a': 'false'; 'transpose_b': 'false'; 'untilize_out': 'false'; 'user_core_coord': 'std::nullopt'; 'user_fused_activation': 'std::nullopt'; 'user_run_batched': 'false'},HiFi4,104,110,,90926674390,90926762843,88453,1322190456405,1322190694290,118897,118898,176211,174676,174674,,,,638,174673,133916,149155,149158,149202,,,,,,1[1],288[288],288[288],128[128],TILE,BFLOAT16,DEV_1_DRAM_INTERLEAVED,1[1],1[1],128[128],128[128],TILE,BFLOAT16,DEV_1_DRAM_INTERLEAVED,1[1],1[1],32[1],128[128],TILE,BFLOAT16,DEV_1_DRAM_INTERLEAVED,,,,,,,,,,,,,,,,,,,,,,,,,,,,,,,,,,,,,,,,,,,,,,,,,,1[1],288[288],288[288],128[128],TILE,BFLOAT16,DEV_1_DRAM_INTERLEAVED,,,,,,,,,,,,,,,,,['ttnn/cpp/ttnn/operations/matmul/device/kernels/compute/bmm_large_block_zm_fused_bias_activation.cpp'],['bmm_large_block_zm_fused_bias_activation/17608312779855468387/'],['ttnn/cpp/ttnn/operations/matmul/device/kernels/dataflow/reader_bmm_tile_layout_in1_receiver_writer_padding.cpp'; 'ttnn/cpp/ttnn/operations/matmul/device/kernels/dataflow/reader_bmm_tile_layout_in1_sender_writer_padding.cpp'; 'ttnn/cpp/ttnn/operations/matmul/device/kernels/dataflow/reader_bmm_tile_layout_in0_sender_padding.cpp'],['reader_bmm_tile_layout_in1_receiver_writer_padding/10711249484914055111/'; 'reader_bmm_tile_layout_in1_sender_writer_padding/5765851023675674821/'; 'reader_bmm_tile_layout_in0_sender_padding/10331777992099284703/'],9402424805738121639,True,2704,856,2216,2288,2852,0,0,0,0,38623,17875,38623,[549.767333984375; 0.8484063744544983],[549.767333984375],10.233,,,,,
GenericOpDeviceOperation,tt_dnn_device,223232,0,blackhole,{'num_mesh_programs': '1'},HiFi4,110,110,,90927170547,90927210231,39684,1322191119172,1322191313939,315294,315294,144272,143716,143716,,,,587,143648,141108,141899,143362,142770,,,,,,1[1],288[288],288[288],128[128],TILE,BFLOAT16,DEV_1_DRAM_INTERLEAVED,1[1],288[288],288[288],128[128],TILE,BFLOAT16,DEV_1_DRAM_INTERLEAVED,1[1],288[288],288[288],128[128],TILE,BFLOAT16,DEV_1_DRAM_INTERLEAVED,1[1],288[288],288[288],128[128],TILE,BFLOAT16,DEV_1_DRAM_INTERLEAVED,,,,,,,,,,,,,,,,,,,,,,,,,,,,,,,,,,,,,,,,,,,1[1],288[288],288[288],128[128],TILE,BFLOAT16,DEV_1_DRAM_INTERLEAVED,,,,,,,,,,,,,,,,,['/home/ttuser/.coworker/wt/bcp-evo/tt_bio/kernels/rne_add/compute_rne_add.cpp'],['compute_rne_add/15506775982570106819/'],['/home/ttuser/.coworker/wt/bcp-evo/tt_bio/kernels/rne_add/writer_rne_add.cpp'; '/home/ttuser/.coworker/wt/bcp-evo/tt_bio/kernels/rne_add/reader_rne_add.cpp'],['writer_rne_add/11689109000663956392/'; 'reader_rne_add/5462348467134491698/'],16281275380064118936,True,768,1412,1604,1376,1432,0,0,0,0,1,1,1,[],[],0.001,,,,,
GenericOpDeviceOperation,tt_dnn_device,224256,0,blackhole,{'num_mesh_programs': '1'},,110,110,,90931210752,90931251688,40936,1322196560885,1322196833124,3887171,3887171,201659,201110,201110,,,,564,201068,94158,,,,,,,,,1[1],288[288],288[288],128[128],TILE,BFLOAT16,DEV_1_DRAM_INTERLEAVED,1[1],288[288],288[288],128[128],TILE,BFLOAT16,DEV_1_DRAM_INTERLEAVED,1[1],288[288],288[288],128[128],TILE,BFLOAT16,DEV_1_DRAM_INTERLEAVED,,,,,,,,,,,,,,,,,,,,,,,,,,,,,,,,,,,,,,,,,,,,,,,,,,1[1],288[288],288[288],128[128],TILE,BFLOAT16,DEV_1_DRAM_INTERLEAVED,,,,,,,,,,,,,,,,,[],[],['/home/ttuser/.coworker/wt/bcp-evo/tt_bio/kernels/pair_transpose/writer_pair_transpose.cpp'; '/home/ttuser/.coworker/wt/bcp-evo/tt_bio/kernels/pair_transpose/reader_pair_transpose.cpp'],['writer_pair_transpose/1148656286276345152/'; 'reader_pair_transpose/17721277455869609166/'],11664639922038897897,False,1180,1028,0,0,0,0,0,0,0,1,1,1,[],[],0.0,,,,,
LayerNormDeviceOperation,tt_dnn_device,225280,0,blackhole,{'compute_kernel_config': 'ComputeKernelConfig(math_fidelity=HiFi4;math_approx_mode=0;fp32_dest_acc_en=1;packer_l1_acc=1;dst_full_sync_en=0;throttle_level=ThrottleLevel::NO_THROTTLE)'; 'distributed_norm_stage': 'DistributedLayerNormStage::NOT_DISTRIBUTED'; 'dtype': 'std::nullopt'; 'eps': '1e-05'; 'fused_activation': 'std::nullopt'; 'norm_type': 'LayerNormType::LAYERNORM'; 'output_mem_config': 'MemoryConfig(memory_layout=TensorMemoryLayout::INTERLEAVED;buffer_type=BufferType::DRAM;shard_spec=std::nullopt;nd_shard_spec=std::nullopt;created_with_nd_shard_spec=0)'; 'program_config': 'LayerNormDefaultProgramConfig(legacy_reduction=0;legacy_rsqrt=0;use_welford=0)'},HiFi4,110,110,,90931401795,90931468960,67165,1322196821231,1322197000841,433,433,133044,123793,123793,,,,1434,123793,116155,123291,122987,123332,,,,,,1[1],288[288],288[288],128[128],TILE,BFLOAT16,DEV_1_DRAM_INTERLEAVED,1[1],1[1],32[1],128[128],TILE,BFLOAT16,DEV_1_DRAM_INTERLEAVED,1[1],1[1],32[1],128[128],TILE,BFLOAT16,DEV_1_DRAM_INTERLEAVED,,,,,,,,,,,,,,,,,,,,,,,,,,,,,,,,,,,,,,,,,,,,,,,,,,1[1],288[288],288[288],128[128],TILE,BFLOAT16,DEV_1_DRAM_INTERLEAVED,,,,,,,,,,,,,,,,,['ttnn/cpp/ttnn/operations/normalization/layernorm/device/kernels/compute/layernorm.cpp'],['layernorm/14806225178095602344/'],['ttnn/cpp/ttnn/operations/normalization/layernorm/device/kernels/dataflow/writer_unary_interleaved_start_id_blocked.cpp'; 'ttnn/cpp/ttnn/operations/normalization/layernorm/device/kernels/dataflow/reader_unary_interleaved_ln.cpp'],['writer_unary_interleaved_start_id_blocked/1072855677011524085/'; 'reader_unary_interleaved_ln/12670039668448626785/'],2703445868539915113,True,812,2112,4672,4696,5564,0,0,0,0,1,1,1,[],[],0.001,,,,,
MatmulDeviceOperation,tt_dnn_device,226304,0,blackhole,{'bcast_batch': 'true'; 'compute_kernel_config': 'ComputeKernelConfig(math_fidelity=HiFi4;math_approx_mode=0;fp32_dest_acc_en=1;packer_l1_acc=1;dst_full_sync_en=0;throttle_level=ThrottleLevel::NO_THROTTLE)'; 'global_cb': 'std::nullopt'; 'output_dtype': 'DataType::BFLOAT16'; 'output_mem_config': 'MemoryConfig(memory_layout=TensorMemoryLayout::INTERLEAVED;buffer_type=BufferType::DRAM;shard_spec=std::nullopt;nd_shard_spec=std::nullopt;created_with_nd_shard_spec=0)'; 'output_tile': 'Tile(tile_shape={32; 32};face_shape={16; 16};num_faces=4)'; 'program_config': 'MatmulMultiCoreReuseMultiCast1DProgramConfig(compute_with_storage_grid_size=(x=11;y=10);in0_block_w=4;out_subblock_h=1;out_subblock_w=1;out_block_h=5;out_block_w=1;per_core_M=25;per_core_N=1;fuse_batch=1;fused_activation=std::nullopt;mcast_in0=0;gather_in0=0;hop_cores={};num_global_cb_receivers=1;untilize_out=0)'; 'sub_device_id': 'std::nullopt'; 'transpose_a': 'false'; 'transpose_b': 'false'; 'untilize_out': 'false'; 'user_core_coord': 'std::nullopt'; 'user_fused_activation': 'std::nullopt'; 'user_run_batched': 'false'},HiFi4,104,110,,90931628094,90931729702,101608,1322197129387,1322197256108,96754,96754,93867,92317,92317,,,,659,92317,89657,90362,90755,90781,,,,,,1[1],288[288],288[288],128[128],TILE,BFLOAT16,DEV_1_DRAM_INTERLEAVED,1[1],1[1],128[128],32[4],TILE,BFLOAT16,DEV_1_DRAM_INTERLEAVED,,,,,,,,,,,,,,,,,,,,,,,,,,,,,,,,,,,,,,,,,,,,,,,,,,,,,,,,,1[1],288[288],288[288],32[4],TILE,BFLOAT16,DEV_1_DRAM_INTERLEAVED,,,,,,,,,,,,,,,,,['ttnn/cpp/ttnn/operations/matmul/device/kernels/compute/bmm_large_block_zm_fused_bias_activation.cpp'],['bmm_large_block_zm_fused_bias_activation/110771084487296781/'],['ttnn/cpp/ttnn/operations/matmul/device/kernels/dataflow/reader_bmm_tile_layout_in1_receiver_writer_padding.cpp'; 'ttnn/cpp/ttnn/operations/matmul/device/kernels/dataflow/reader_bmm_tile_layout_in1_sender_writer_padding.cpp'; 'ttnn/cpp/ttnn/operations/matmul/device/kernels/dataflow/reader_bmm_tile_layout_in0_sender_padding.cpp'],['reader_bmm_tile_layout_in1_receiver_writer_padding/4950289860550707270/'; 'reader_bmm_tile_layout_in1_sender_writer_padding/13465886954871218074/'; 'reader_bmm_tile_layout_in0_sender_padding/5163765105817206461/'],5614644772281119957,True,1964,856,1676,1564,1748,0,0,0,0,38623,560,38623,[549.767333984375; 0.21210159361362457],[137.44183349609375],0.607,,,,,
PermuteDeviceOperation,tt_dnn_device,227328,0,blackhole,{'dims': '{0; 3; 1; 2}'; 'output_mem_config': 'MemoryConfig(memory_layout=TensorMemoryLayout::INTERLEAVED;buffer_type=BufferType::DRAM;shard_spec=std::nullopt;nd_shard_spec=std::nullopt;created_with_nd_shard_spec=0)'; 'pad_value': '0'},HiFi4,110,110,,90931941564,90931992769,51205,1322197554648,1322197590807,221692,221692,26784,26244,26244,,,,613,26181,25085,25099,23444,24836,,,,,,1[1],288[288],288[288],32[4],TILE,BFLOAT16,DEV_1_DRAM_INTERLEAVED,,,,,,,,,,,,,,,,,,,,,,,,,,,,,,,,,,,,,,,,,,,,,,,,,,,,,,,,,,,,,,,,1[1],4[4],288[288],288[288],TILE,BFLOAT16,DEV_1_DRAM_INTERLEAVED,,,,,,,,,,,,,,,,,['ttnn/cpp/ttnn/operations/data_movement/transpose/device/kernels/compute/transpose_wh.cpp'],['transpose_wh/14581025993053660267/'],['ttnn/cpp/ttnn/operations/data_movement/permute/device/kernels/dataflow/writer_permute_interleaved_tiled_row_invariant.cpp'; 'ttnn/cpp/ttnn/operations/data_movement/transpose/device/kernels/dataflow/reader_unary_transpose_hc_interleaved_tiled_padding_aware.cpp'],['writer_permute_interleaved_tiled_row_invariant/12882376229727892710/'; 'reader_unary_transpose_hc_interleaved_tiled_padding_aware/5433227001150697623/'],6020671882703957466,True,1340,944,1140,648,1296,0,0,0,0,18389,18389,9655,[288.6734313964844],[36.08417892456055],70.069,,,,,
MinimalMatmulDeviceOperation,tt_dnn_device,228352,0,blackhole,{'chunks': '1'; 'compute_kernel_config': 'ComputeKernelConfig(math_fidelity=HiFi4;math_approx_mode=0;fp32_dest_acc_en=1;packer_l1_acc=1;dst_full_sync_en=0;throttle_level=ThrottleLevel::NO_THROTTLE)'; 'config': 'MinimalMatmulConfig(M_block_size=4;K_block_size=4;N_block_size=1;subblock_h=4;subblock_w=1;compute_with_storage_grid_size=(x=11;y=10))'; 'dim': '-1'; 'fused_activation': 'std::nullopt'; 'fused_ternary_scalar': 'std::nullopt'; 'output_dtype': 'DataType::BFLOAT16'; 'output_mem_config': 'std::nullopt'},HiFi4,110,110,,90932287644,90932352705,65061,1322198017684,1322198411963,317692,317696,292059,290553,290547,,,,585,285950,290547,290070,289974,290099,,,,,,1[1],288[288],288[288],128[128],TILE,BFLOAT16,DEV_1_DRAM_INTERLEAVED,1[1],1[1],128[128],384[384],TILE,BFLOAT16,DEV_1_DRAM_INTERLEAVED,,,,,,,,,,,,,,,,,,,,,,,,,,,,,,,,,,,,,,,,,,,,,,,,,,,,,,,,,1[1],288[288],288[288],384[384],TILE,BFLOAT16,DEV_1_DRAM_INTERLEAVED,,,,,,,,,,,,,,,,,['ttnn/cpp/ttnn/operations/experimental/minimal_matmul/device/kernels/compute.cpp'],['compute/3115284922236065016/'],['ttnn/cpp/ttnn/operations/experimental/minimal_matmul/device/kernels/dm_in1_sender_out.cpp'; 'ttnn/cpp/ttnn/operations/experimental/minimal_matmul/device/kernels/dm_in0_sender.cpp'],['dm_in1_sender_out/4463326614624474887/'; 'dm_in0_sender/8758059186078402385/'],3181693430792813899,True,1832,2200,2600,2408,3292,0,0,0,0,1,1,1,[],[],0.0,,,,,
MinimalMatmulDeviceOperation,tt_dnn_device,229376,0,blackhole,{'chunks': '1'; 'compute_kernel_config': 'ComputeKernelConfig(math_fidelity=HiFi4;math_approx_mode=0;fp32_dest_acc_en=1;packer_l1_acc=1;dst_full_sync_en=0;throttle_level=ThrottleLevel::NO_THROTTLE)'; 'config': 'MinimalMatmulConfig(M_block_size=4;K_block_size=4;N_block_size=1;subblock_h=4;subblock_w=1;compute_with_storage_grid_size=(x=11;y=10))'; 'dim': '-1'; 'fused_activation': 'std::nullopt'; 'fused_ternary_scalar': 'std::nullopt'; 'output_dtype': 'DataType::BFLOAT16'; 'output_mem_config': 'std::nullopt'},HiFi4,110,110,,90932475882,90932518531,42649,1322198387937,1322198621691,247,247,173151,155116,155116,,,,1470,153214,155113,154949,154879,154979,,,,,,1[1],288[288],288[288],128[128],TILE,BFLOAT16,DEV_1_DRAM_INTERLEAVED,1[1],1[1],128[128],128[128],TILE,BFLOAT16,DEV_1_DRAM_INTERLEAVED,1[1],1[1],32[1],128[128],TILE,BFLOAT16,DEV_1_DRAM_INTERLEAVED,,,,,,,,,,,,,,,,,,,,,,,,,,,,,,,,,,,,,,,,,,,,,,,,,,1[1],288[288],288[288],128[128],TILE,BFLOAT16,DEV_1_DRAM_INTERLEAVED,,,,,,,,,,,,,,,,,['ttnn/cpp/ttnn/operations/experimental/minimal_matmul/device/kernels/compute.cpp'],['compute/9683565378348403167/'],['ttnn/cpp/ttnn/operations/experimental/minimal_matmul/device/kernels/dm_in1_sender_out.cpp'; 'ttnn/cpp/ttnn/operations/experimental/minimal_matmul/device/kernels/dm_in0_sender.cpp'],['dm_in1_sender_out/11858185509760375404/'; 'dm_in0_sender/10937635939712819240/'],2564325879825607064,True,2312,2108,2672,2324,3120,0,0,0,0,1,1,1,[],[],0.001,,,,,
NlpCreateHeadsDeviceOperation,tt_dnn_device,230400,0,blackhole,{'head_dim': '32'; 'num_kv_heads': '4'; 'num_q_heads': '4'; 'output_mem_config': 'MemoryConfig(memory_layout=TensorMemoryLayout::INTERLEAVED;buffer_type=BufferType::DRAM;shard_spec=std::nullopt;nd_shard_spec=std::nullopt;created_with_nd_shard_spec=0)'; 'transpose_k_heads': 'false'},,110,110,,90932722058,90932779654,57596,1322198612445,1322199080010,193,193,346344,339321,339321,,,,1459,339314,338998,,,,,,,,,288[288],1[1],288[288],384[384],TILE,BFLOAT16,DEV_1_DRAM_INTERLEAVED,,,,,,,,,,,,,,,,,,,,,,,,,,,,,,,,,,,,,,,,,,,,,,,,,,,,,,,,,,,,,,,,288[288],4[4],288[288],32[32],TILE,BFLOAT16,DEV_1_DRAM_INTERLEAVED,288[288],4[4],288[288],32[32],TILE,BFLOAT16,DEV_1_DRAM_INTERLEAVED,288[288],4[4],288[288],32[32],TILE,BFLOAT16,DEV_1_DRAM_INTERLEAVED,,,[],[],['ttnn/cpp/ttnn/operations/experimental/transformer/nlp_create_qkv_heads/device/kernels/dataflow/writer_tm_tile_layout_nlp_create_qkv_heads.cpp'; 'ttnn/cpp/ttnn/operations/experimental/transformer/nlp_create_qkv_heads/device/kernels/dataflow/reader_tm_tile_layout_nlp_create_qkv_heads.cpp'],['writer_tm_tile_layout_nlp_create_qkv_heads/11730341634691296032/'; 'reader_tm_tile_layout_nlp_create_qkv_heads/15066080694631099887/'],4559057150348919065,True,2016,1704,0,0,0,0,0,0,0,1,1,1,[],[],0.0,,,,,
BinaryNgDeviceOperation,tt_dnn_device,231424,0,blackhole,{'binary_op_type': 'BinaryOpType::MUL'; 'compute_kernel_config': 'std::nullopt'; 'dtype': 'DataType::BFLOAT16'; 'input_dtype': 'DataType::BFLOAT16'; 'is_quant_op': 'false'; 'is_sfpu': 'true'; 'is_where_op': 'false'; 'lhs_activations': '{}'; 'memory_config': 'MemoryConfig(memory_layout=TensorMemoryLayout::INTERLEAVED;buffer_type=BufferType::DRAM;shard_spec=std::nullopt;nd_shard_spec=std::nullopt;created_with_nd_shard_spec=0)'; 'post_activations': '{}'; 'rhs_activations': '{}'; 'scalar': '5.656854'; 'sub_core_grids': 'std::nullopt'; 'subtile_broadcast_type': 'SubtileBroadcastType::NONE'; 'worker_grid': '{[(x=0;y=0) - (x=10;y=9)]}'},HiFi4,110,110,,90932923751,90932983441,59690,1322198871903,1322199087823,309,309,159941,5473,5473,,,,1380,5473,3213,3449,4576,4784,,,,,,1[1],4[4],288[288],288[288],TILE,BFLOAT16,DEV_1_DRAM_INTERLEAVED,,,,,,,,,,,,,,,,,,,,,,,,,,,,,,,,,,,,,,,,,,,,,,,,,,,,,,,,,,,,,,,,1[1],4[4],288[288],288[288],TILE,BFLOAT16,DEV_1_DRAM_INTERLEAVED,,,,,,,,,,,,,,,,,['ttnn/cpp/ttnn/operations/eltwise/binary_ng/device/kernels/compute/eltwise_binary_sfpu_scalar.cpp'],['eltwise_binary_sfpu_scalar/6302317103236044736/'],['ttnn/cpp/ttnn/operations/eltwise/binary_ng/device/kernels/dataflow/reader_interleaved_no_bcast.cpp'; 'ttnn/cpp/ttnn/operations/eltwise/binary_ng/device/kernels/dataflow/writer_interleaved_scalar.cpp'],['reader_interleaved_no_bcast/15501400787415134526/'; 'writer_interleaved_scalar/13747915134593411132/'],15691238620557725211,True,1228,1256,1532,1264,1296,0,0,0,0,1,1,1,[],[],0.018,,,,,
GenericOpDeviceOperation,tt_dnn_device,232448,0,blackhole,{'num_mesh_programs': '1'},HiFi4,110,110,,90933565358,90933612435,47077,1322199726799,1322200151811,473889,474117,314824,314251,314024,,,,1090,314001,296643,312424,313052,312896,,,,,,288[288],4[4],288[288],32[32],TILE,BFLOAT16,DEV_1_DRAM_INTERLEAVED,288[288],4[4],288[288],32[32],TILE,BFLOAT16,DEV_1_DRAM_INTERLEAVED,288[288],4[4],288[288],32[32],TILE,BFLOAT16,DEV_1_DRAM_INTERLEAVED,1[1],4[4],288[288],288[288],TILE,BFLOAT16,DEV_1_DRAM_INTERLEAVED,288[288],4[4],288[288],32[32],TILE,BFLOAT16,DEV_1_DRAM_INTERLEAVED,288[288],4[4],288[288],32[32],TILE,BFLOAT16,DEV_1_DRAM_INTERLEAVED,,,,,,,,,,,,,,,,,,,,,,,,,,,,,288[288],4[4],288[288],32[32],TILE,BFLOAT16,DEV_1_DRAM_INTERLEAVED,,,,,,,,,,,,,,,,,['/home/ttuser/.coworker/wt/bcp-evo/tt_bio/kernels/triatt_sdpa/compute/sdpa.cpp'],['sdpa/6443954416559138199/'],['/home/ttuser/tt-metal-b2z/ttnn/cpp/ttnn/operations/transformer/sdpa/device/kernels/dataflow/writer_interleaved.cpp'; '/home/ttuser/.coworker/wt/bcp-evo/tt_bio/kernels/triatt_sdpa/dataflow/reader_interleaved.cpp'],['writer_interleaved/14487806200429715675/'; 'reader_interleaved/8214456957785208752/'],8837759648348085067,True,1932,6012,7172,8348,7416,0,0,0,0,1,1,1,[],[],0.0,,,,,
BinaryNgDeviceOperation,tt_dnn_device,233472,0,blackhole,{'binary_op_type': 'BinaryOpType::MUL'; 'compute_kernel_config': 'std::nullopt'; 'dtype': 'DataType::BFLOAT16'; 'input_dtype': 'DataType::BFLOAT16'; 'is_quant_op': 'false'; 'is_sfpu': 'true'; 'is_where_op': 'false'; 'lhs_activations': '{}'; 'memory_config': 'MemoryConfig(memory_layout=TensorMemoryLayout::INTERLEAVED;buffer_type=BufferType::DRAM;shard_spec=std::nullopt;nd_shard_spec=std::nullopt;created_with_nd_shard_spec=0)'; 'post_activations': '{}'; 'rhs_activations': '{}'; 'scalar': '0.17677669'; 'sub_core_grids': 'std::nullopt'; 'subtile_broadcast_type': 'SubtileBroadcastType::NONE'; 'worker_grid': '{[(x=0;y=0) - (x=10;y=9)]}'},HiFi4,110,110,,90933668198,90933709545,41347,1322199859150,1322200159095,397,397,222181,5004,5004,,,,1288,5004,3219,3357,4484,4327,,,,,,1[1],4[4],288[288],288[288],TILE,BFLOAT16,DEV_1_DRAM_INTERLEAVED,,,,,,,,,,,,,,,,,,,,,,,,,,,,,,,,,,,,,,,,,,,,,,,,,,,,,,,,,,,,,,,,1[1],4[4],288[288],288[288],TILE,BFLOAT16,DEV_1_DRAM_INTERLEAVED,,,,,,,,,,,,,,,,,['ttnn/cpp/ttnn/operations/eltwise/binary_ng/device/kernels/compute/eltwise_binary_sfpu_scalar.cpp'],['eltwise_binary_sfpu_scalar/6302317103236044736/'],['ttnn/cpp/ttnn/operations/eltwise/binary_ng/device/kernels/dataflow/reader_interleaved_no_bcast.cpp'; 'ttnn/cpp/ttnn/operations/eltwise/binary_ng/device/kernels/dataflow/writer_interleaved_scalar.cpp'],['reader_interleaved_no_bcast/15501400787415134526/'; 'writer_interleaved_scalar/13747915134593411132/'],15691238620557725211,True,1228,1256,1532,1264,1296,0,0,0,0,1,1,1,[],[],0.02,,,,,
NLPConcatHeadsDeviceOperation,tt_dnn_device,234496,0,blackhole,{'output_mem_config': 'MemoryConfig(memory_layout=TensorMemoryLayout::INTERLEAVED;buffer_type=BufferType::DRAM;shard_spec=std::nullopt;nd_shard_spec=std::nullopt;created_with_nd_shard_spec=0)'},,110,110,,90933854162,90933880982,26820,1322200158390,1322200313008,310,310,114532,113696,113696,,,,1346,113664,113428,,,,,,,,,288[288],4[4],288[288],32[32],TILE,BFLOAT16,DEV_1_DRAM_INTERLEAVED,,,,,,,,,,,,,,,,,,,,,,,,,,,,,,,,,,,,,,,,,,,,,,,,,,,,,,,,,,,,,,,,288[288],1[1],288[288],128[128],TILE,BFLOAT16,DEV_1_DRAM_INTERLEAVED,,,,,,,,,,,,,,,,,[],[],['ttnn/cpp/ttnn/operations/eltwise/unary/device/kernels/dataflow/writer_unary_interleaved_start_id.cpp'; 'ttnn/cpp/ttnn/operations/experimental/transformer/nlp_concat_heads/device/kernels/dataflow/reader_tm_tile_layout_nlp_concat_heads.cpp'],['writer_unary_interleaved_start_id/9607551389675776825/'; 'reader_tm_tile_layout_nlp_concat_heads/8147411415799185190/'],9204059178956250018,True,1000,1024,0,0,0,0,0,0,0,1,1,1,[],[],0.001,,,,,
BinaryNgDeviceOperation,tt_dnn_device,235520,0,blackhole,{'binary_op_type': 'BinaryOpType::MUL'; 'compute_kernel_config': 'std::nullopt'; 'dtype': 'DataType::BFLOAT16'; 'input_dtype': 'DataType::BFLOAT16'; 'is_quant_op': 'false'; 'is_sfpu': 'true'; 'is_where_op': 'false'; 'lhs_activations': '{}'; 'memory_config': 'MemoryConfig(memory_layout=TensorMemoryLayout::INTERLEAVED;buffer_type=BufferType::DRAM;shard_spec=std::nullopt;nd_shard_spec=std::nullopt;created_with_nd_shard_spec=0)'; 'post_activations': '{}'; 'rhs_activations': '{BasicUnaryWithParam<float; int; unsigned int>(base=BasicUnaryWithParam<float>(op_type=UnaryOpType::SIGMOID;param={}))}'; 'scalar': 'std::nullopt'; 'sub_core_grids': 'std::nullopt'; 'subtile_broadcast_type': 'SubtileBroadcastType::NONE'; 'worker_grid': '{[(x=0;y=0) - (x=10;y=9)]}'},HiFi4,110,110,,90934050275,90934092002,41727,1322200358048,1322200580915,33904,33904,165087,164543,164543,,,,553,164527,160801,163590,164136,163451,,,,,,1[1],288[288],288[288],128[128],TILE,BFLOAT16,DEV_1_DRAM_INTERLEAVED,1[1],288[288],288[288],128[128],TILE,BFLOAT16,DEV_1_DRAM_INTERLEAVED,,,,,,,,,,,,,,,,,,,,,,,,,,,,,,,,,,,,,,,,,,,,,,,,,,,,,,,,,1[1],288[288],288[288],128[128],TILE,BFLOAT16,DEV_1_DRAM_INTERLEAVED,,,,,,,,,,,,,,,,,['ttnn/cpp/ttnn/operations/eltwise/binary_ng/device/kernels/compute/eltwise_binary_sfpu_no_bcast.cpp'],['eltwise_binary_sfpu_no_bcast/16161308948743346830/'],['ttnn/cpp/ttnn/operations/eltwise/binary_ng/device/kernels_ng/dataflow/reader_interleaved_no_bcast.cpp'; 'ttnn/cpp/ttnn/operations/eltwise/binary_ng/device/kernels_ng/dataflow/writer_interleaved_no_bcast.cpp'],['reader_interleaved_no_bcast/5406995968467651208/'; 'writer_interleaved_no_bcast/12304832950705642753/'],1422597016547192474,True,1120,1644,1768,2328,1552,0,0,0,0,1,1,1,[],[],0.001,,,,,
MatmulDeviceOperation,tt_dnn_device,236544,0,blackhole,{'bcast_batch': 'true'; 'compute_kernel_config': 'ComputeKernelConfig(math_fidelity=HiFi4;math_approx_mode=0;fp32_dest_acc_en=1;packer_l1_acc=1;dst_full_sync_en=0;throttle_level=ThrottleLevel::NO_THROTTLE)'; 'global_cb': 'std::nullopt'; 'output_dtype': 'DataType::BFLOAT16'; 'output_mem_config': 'MemoryConfig(memory_layout=TensorMemoryLayout::INTERLEAVED;buffer_type=BufferType::DRAM;shard_spec=std::nullopt;nd_shard_spec=std::nullopt;created_with_nd_shard_spec=0)'; 'output_tile': 'Tile(tile_shape={32; 32};face_shape={16; 16};num_faces=4)'; 'program_config': 'MatmulMultiCoreReuseMultiCast1DProgramConfig(compute_with_storage_grid_size=(x=11;y=10);in0_block_w=4;out_subblock_h=1;out_subblock_w=4;out_block_h=5;out_block_w=4;per_core_M=25;per_core_N=4;fuse_batch=1;fused_activation=std::nullopt;mcast_in0=0;gather_in0=0;hop_cores={};num_global_cb_receivers=1;untilize_out=0)'; 'sub_device_id': 'std::nullopt'; 'transpose_a': 'false'; 'transpose_b': 'false'; 'untilize_out': 'false'; 'user_core_coord': 'std::nullopt'; 'user_fused_activation': 'std::nullopt'; 'user_run_batched': 'false'},HiFi4,104,110,,90934251587,90934316007,64420,1322200636246,1322200871912,42504,42506,174567,173042,173041,,,,650,173041,133042,148004,147987,148036,,,,,,1[1],288[288],288[288],128[128],TILE,BFLOAT16,DEV_1_DRAM_INTERLEAVED,1[1],1[1],128[128],128[128],TILE,BFLOAT16,DEV_1_DRAM_INTERLEAVED,1[1],1[1],32[1],128[128],TILE,BFLOAT16,DEV_1_DRAM_INTERLEAVED,,,,,,,,,,,,,,,,,,,,,,,,,,,,,,,,,,,,,,,,,,,,,,,,,,1[1],288[288],288[288],128[128],TILE,BFLOAT16,DEV_1_DRAM_INTERLEAVED,,,,,,,,,,,,,,,,,['ttnn/cpp/ttnn/operations/matmul/device/kernels/compute/bmm_large_block_zm_fused_bias_activation.cpp'],['bmm_large_block_zm_fused_bias_activation/17608312779855468387/'],['ttnn/cpp/ttnn/operations/matmul/device/kernels/dataflow/reader_bmm_tile_layout_in1_receiver_writer_padding.cpp'; 'ttnn/cpp/ttnn/operations/matmul/device/kernels/dataflow/reader_bmm_tile_layout_in1_sender_writer_padding.cpp'; 'ttnn/cpp/ttnn/operations/matmul/device/kernels/dataflow/reader_bmm_tile_layout_in0_sender_padding.cpp'],['reader_bmm_tile_layout_in1_receiver_writer_padding/10711249484914055111/'; 'reader_bmm_tile_layout_in1_sender_writer_padding/5765851023675674821/'; 'reader_bmm_tile_layout_in0_sender_padding/10331777992099284703/'],9402424805738121639,True,2704,856,2216,2288,2852,0,0,0,0,38623,17875,38623,[549.767333984375; 0.8484063744544983],[549.767333984375],10.33,,,,,
GenericOpDeviceOperation,tt_dnn_device,237568,0,blackhole,{'num_mesh_programs': '1'},,110,110,,90934643903,90934674730,30827,1322201153600,1322201425820,209219,209219,201644,201098,201098,,,,570,201053,94165,,,,,,,,,1[1],288[288],288[288],128[128],TILE,BFLOAT16,DEV_1_DRAM_INTERLEAVED,1[1],288[288],288[288],128[128],TILE,BFLOAT16,DEV_1_DRAM_INTERLEAVED,1[1],288[288],288[288],128[128],TILE,BFLOAT16,DEV_1_DRAM_INTERLEAVED,,,,,,,,,,,,,,,,,,,,,,,,,,,,,,,,,,,,,,,,,,,,,,,,,,1[1],288[288],288[288],128[128],TILE,BFLOAT16,DEV_1_DRAM_INTERLEAVED,,,,,,,,,,,,,,,,,[],[],['/home/ttuser/.coworker/wt/bcp-evo/tt_bio/kernels/pair_transpose/writer_pair_transpose.cpp'; '/home/ttuser/.coworker/wt/bcp-evo/tt_bio/kernels/pair_transpose/reader_pair_transpose.cpp'],['writer_pair_transpose/1148656286276345152/'; 'reader_pair_transpose/17721277455869609166/'],11664639922038897897,True,1180,1028,0,0,0,0,0,0,0,1,1,1,[],[],0.0,,,,,
GenericOpDeviceOperation,tt_dnn_device,238592,0,blackhole,{'num_mesh_programs': '1'},HiFi4,110,110,,90934981608,90935012084,30476,1322201610701,1322201807120,137487,137488,145496,144955,144953,,,,615,144881,142306,143096,144599,143958,,,,,,1[1],288[288],288[288],128[128],TILE,BFLOAT16,DEV_1_DRAM_INTERLEAVED,1[1],288[288],288[288],128[128],TILE,BFLOAT16,DEV_1_DRAM_INTERLEAVED,1[1],288[288],288[288],128[128],TILE,BFLOAT16,DEV_1_DRAM_INTERLEAVED,1[1],288[288],288[288],128[128],TILE,BFLOAT16,DEV_1_DRAM_INTERLEAVED,,,,,,,,,,,,,,,,,,,,,,,,,,,,,,,,,,,,,,,,,,,1[1],288[288],288[288],128[128],TILE,BFLOAT16,DEV_1_DRAM_INTERLEAVED,,,,,,,,,,,,,,,,,['/home/ttuser/.coworker/wt/bcp-evo/tt_bio/kernels/rne_add/compute_rne_add.cpp'],['compute_rne_add/15506775982570106819/'],['/home/ttuser/.coworker/wt/bcp-evo/tt_bio/kernels/rne_add/writer_rne_add.cpp'; '/home/ttuser/.coworker/wt/bcp-evo/tt_bio/kernels/rne_add/reader_rne_add.cpp'],['writer_rne_add/11689109000663956392/'; 'reader_rne_add/5462348467134491698/'],16281275380064118936,True,768,1412,1604,1376,1432,0,0,0,0,1,1,1,[],[],0.001,,,,,
LayerNormDeviceOperation,tt_dnn_device,239616,0,blackhole,{'compute_kernel_config': 'ComputeKernelConfig(math_fidelity=HiFi4;math_approx_mode=0;fp32_dest_acc_en=1;packer_l1_acc=1;dst_full_sync_en=0;throttle_level=ThrottleLevel::NO_THROTTLE)'; 'distributed_norm_stage': 'DistributedLayerNormStage::NOT_DISTRIBUTED'; 'dtype': 'std::nullopt'; 'eps': '1e-05'; 'fused_activation': 'std::nullopt'; 'norm_type': 'LayerNormType::LAYERNORM'; 'output_mem_config': 'MemoryConfig(memory_layout=TensorMemoryLayout::INTERLEAVED;buffer_type=BufferType::DRAM;shard_spec=std::nullopt;nd_shard_spec=std::nullopt;created_with_nd_shard_spec=0)'; 'program_config': 'LayerNormDefaultProgramConfig(legacy_reduction=0;legacy_rsqrt=0;use_welford=0)'},HiFi4,110,110,,90935157844,90935207205,49361,1322201849430,1322202017160,31898,32021,124244,123681,123558,,,,739,123492,115938,123076,122886,123041,,,,,,1[1],288[288],288[288],128[128],TILE,BFLOAT16,DEV_1_DRAM_INTERLEAVED,1[1],1[1],32[1],128[128],TILE,BFLOAT16,DEV_1_DRAM_INTERLEAVED,1[1],1[1],32[1],128[128],TILE,BFLOAT16,DEV_1_DRAM_INTERLEAVED,,,,,,,,,,,,,,,,,,,,,,,,,,,,,,,,,,,,,,,,,,,,,,,,,,1[1],288[288],288[288],128[128],TILE,BFLOAT16,DEV_1_DRAM_INTERLEAVED,,,,,,,,,,,,,,,,,['ttnn/cpp/ttnn/operations/normalization/layernorm/device/kernels/compute/layernorm.cpp'],['layernorm/14806225178095602344/'],['ttnn/cpp/ttnn/operations/normalization/layernorm/device/kernels/dataflow/writer_unary_interleaved_start_id_blocked.cpp'; 'ttnn/cpp/ttnn/operations/normalization/layernorm/device/kernels/dataflow/reader_unary_interleaved_ln.cpp'],['writer_unary_interleaved_start_id_blocked/1072855677011524085/'; 'reader_unary_interleaved_ln/12670039668448626785/'],2703445868539915113,True,812,2112,4672,4696,5564,0,0,0,0,1,1,1,[],[],0.001,,,,,
MatmulDeviceOperation,tt_dnn_device,240640,0,blackhole,{'bcast_batch': 'true'; 'compute_kernel_config': 'ComputeKernelConfig(math_fidelity=HiFi4;math_approx_mode=0;fp32_dest_acc_en=1;packer_l1_acc=1;dst_full_sync_en=0;throttle_level=ThrottleLevel::NO_THROTTLE)'; 'global_cb': 'std::nullopt'; 'output_dtype': 'DataType::BFLOAT16'; 'output_mem_config': 'MemoryConfig(memory_layout=TensorMemoryLayout::INTERLEAVED;buffer_type=BufferType::DRAM;shard_spec=std::nullopt;nd_shard_spec=std::nullopt;created_with_nd_shard_spec=0)'; 'output_tile': 'Tile(tile_shape={32; 32};face_shape={16; 16};num_faces=4)'; 'program_config': 'MatmulMultiCoreReuseMultiCast1DProgramConfig(compute_with_storage_grid_size=(x=11;y=10);in0_block_w=1;out_subblock_h=2;out_subblock_w=2;out_block_h=12;out_block_w=16;per_core_M=24;per_core_N=16;fuse_batch=1;fused_activation=std::nullopt;mcast_in0=0;gather_in0=0;hop_cores={};num_global_cb_receivers=0;untilize_out=0)'; 'sub_device_id': 'std::nullopt'; 'transpose_a': 'false'; 'transpose_b': 'false'; 'untilize_out': 'false'; 'user_core_coord': '(x=11;y=10)'; 'user_fused_activation': 'std::nullopt'; 'user_run_batched': 'false'},HiFi4,108,110,,90941491802,90941570448,78646,1322210402940,1322211239087,6213287,6213287,619368,617757,617757,,,,631,617757,367320,386028,385990,386045,,,,,,1[1],288[288],288[288],128[128],TILE,BFLOAT16,DEV_1_DRAM_INTERLEAVED,1[1],1[1],128[128],512[512],TILE,BFLOAT16,DEV_1_DRAM_INTERLEAVED,1[1],1[1],32[1],512[512],TILE,BFLOAT16,DEV_1_DRAM_INTERLEAVED,,,,,,,,,,,,,,,,,,,,,,,,,,,,,,,,,,,,,,,,,,,,,,,,,,1[1],288[288],288[288],512[512],TILE,BFLOAT16,DEV_1_DRAM_INTERLEAVED,,,,,,,,,,,,,,,,,['ttnn/cpp/ttnn/operations/matmul/device/kernels/compute/bmm_large_block_zm_fused_bias_activation.cpp'],['bmm_large_block_zm_fused_bias_activation/6058776359863018542/'],['ttnn/cpp/ttnn/operations/matmul/device/kernels/dataflow/reader_bmm_tile_layout_in1_receiver_writer_padding.cpp'; 'ttnn/cpp/ttnn/operations/matmul/device/kernels/dataflow/reader_bmm_tile_layout_in1_sender_writer_padding.cpp'; 'ttnn/cpp/ttnn/operations/matmul/device/kernels/dataflow/reader_bmm_tile_layout_in0_sender_padding.cpp'],['reader_bmm_tile_layout_in1_receiver_writer_padding/2729213787116323906/'; 'reader_bmm_tile_layout_in1_sender_writer_padding/3380661367570271999/'; 'reader_bmm_tile_layout_in0_sender_padding/13862609463375289196/'],4385233334199347051,False,2844,828,2500,3220,3828,0,0,0,0,154495,71495,154495,[137.4391632080078; 0.8483899235725403],[549.7566528320312],11.573,,,,,
UnaryNgDeviceOperation,tt_dnn_device,241664,0,blackhole,{'bfp8_pack_precise': 'false'; 'fp32_dest_acc_en': 'false'; 'memory_config': 'MemoryConfig(memory_layout=TensorMemoryLayout::INTERLEAVED;buffer_type=BufferType::DRAM;shard_spec=std::nullopt;nd_shard_spec=std::nullopt;created_with_nd_shard_spec=0)'; 'op_chain': '{BasicUnaryWithParam<float; int; unsigned int>(base=BasicUnaryWithParam<float>(op_type=UnaryOpType::RELU;param={}))}'; 'output_dtype': 'DataType::BFLOAT16'; 'preserve_fp32_precision': 'false'; 'sub_core_grids': 'std::nullopt'; 'worker_grid': '{[(x=0;y=0) - (x=10;y=9)]}'},HiFi4,110,110,,90941660705,90941706820,46115,1322210687939,1322211817466,171,176,836687,428272,428267,,,,1524,428267,427692,427744,427855,427541,,,,,,1[1],288[288],288[288],512[512],TILE,BFLOAT16,DEV_1_DRAM_INTERLEAVED,,,,,,,,,,,,,,,,,,,,,,,,,,,,,,,,,,,,,,,,,,,,,,,,,,,,,,,,,,,,,,,,1[1],288[288],288[288],512[512],TILE,BFLOAT16,DEV_1_DRAM_INTERLEAVED,,,,,,,,,,,,,,,,,['ttnn/cpp/ttnn/operations/eltwise/unary_ng/device/kernels/compute/eltwise_sfpu.cpp'],['eltwise_sfpu/17300983965006119984/'],['ttnn/cpp/ttnn/operations/eltwise/unary_ng/device/kernels/dataflow/writer_unary_ng.cpp'; 'ttnn/cpp/ttnn/operations/eltwise/unary_ng/device/kernels/dataflow/reader_unary_ng.cpp'],['writer_unary_ng/13835163660338601625/'; 'reader_unary_ng/850304498476538194/'],9784030615441581399,True,1000,928,1096,784,1264,0,0,0,0,1,1,1,[],[],0.0,,,,,
MatmulDeviceOperation,tt_dnn_device,242688,0,blackhole,{'bcast_batch': 'true'; 'compute_kernel_config': 'ComputeKernelConfig(math_fidelity=HiFi4;math_approx_mode=0;fp32_dest_acc_en=1;packer_l1_acc=1;dst_full_sync_en=0;throttle_level=ThrottleLevel::NO_THROTTLE)'; 'global_cb': 'std::nullopt'; 'output_dtype': 'DataType::BFLOAT16'; 'output_mem_config': 'MemoryConfig(memory_layout=TensorMemoryLayout::INTERLEAVED;buffer_type=BufferType::DRAM;shard_spec=std::nullopt;nd_shard_spec=std::nullopt;created_with_nd_shard_spec=0)'; 'output_tile': 'Tile(tile_shape={32; 32};face_shape={16; 16};num_faces=4)'; 'program_config': 'MatmulMultiCoreReuseMultiCast1DProgramConfig(compute_with_storage_grid_size=(x=11;y=10);in0_block_w=1;out_subblock_h=2;out_subblock_w=2;out_block_h=24;out_block_w=4;per_core_M=24;per_core_N=4;fuse_batch=1;fused_activation=std::nullopt;mcast_in0=0;gather_in0=0;hop_cores={};num_global_cb_receivers=0;untilize_out=0)'; 'sub_device_id': 'std::nullopt'; 'transpose_a': 'false'; 'transpose_b': 'false'; 'untilize_out': 'false'; 'user_core_coord': '(x=11;y=10)'; 'user_fused_activation': 'std::nullopt'; 'user_run_batched': 'false'},HiFi4,108,110,,90947725354,90947811223,85869,1322218787218,1322219882846,5164370,5164374,811576,809978,809976,,,,655,809976,684899,695808,695568,695859,,,,,,1[1],288[288],288[288],512[512],TILE,BFLOAT16,DEV_1_DRAM_INTERLEAVED,1[1],1[1],512[512],128[128],TILE,BFLOAT16,DEV_1_DRAM_INTERLEAVED,1[1],1[1],32[1],128[128],TILE,BFLOAT16,DEV_1_DRAM_INTERLEAVED,,,,,,,,,,,,,,,,,,,,,,,,,,,,,,,,,,,,,,,,,,,,,,,,,,1[1],288[288],288[288],128[128],TILE,BFLOAT16,DEV_1_DRAM_INTERLEAVED,,,,,,,,,,,,,,,,,['ttnn/cpp/ttnn/operations/matmul/device/kernels/compute/bmm_large_block_zm_fused_bias_activation.cpp'],['bmm_large_block_zm_fused_bias_activation/10696666321506271469/'],['ttnn/cpp/ttnn/operations/matmul/device/kernels/dataflow/reader_bmm_tile_layout_in1_receiver_writer_padding.cpp'; 'ttnn/cpp/ttnn/operations/matmul/device/kernels/dataflow/reader_bmm_tile_layout_in1_sender_writer_padding.cpp'; 'ttnn/cpp/ttnn/operations/matmul/device/kernels/dataflow/reader_bmm_tile_layout_in0_sender_padding.cpp'],['reader_bmm_tile_layout_in1_receiver_writer_padding/7981920027523340695/'; 'reader_bmm_tile_layout_in1_sender_writer_padding/4483421418749743224/'; 'reader_bmm_tile_layout_in0_sender_padding/7160567936455286557/'],11104876521957590653,False,2404,752,2272,1908,3512,0,0,0,0,154495,71495,154495,[549.7566528320312; 0.8483899235725403],[137.4391632080078],8.827,,,,,
GenericOpDeviceOperation,tt_dnn_device,243712,0,blackhole,{'num_mesh_programs': '1'},HiFi4,110,110,,90948179034,90948218487,39453,1322219391810,1322220079567,171,172,509450,145562,145561,,,,1544,145561,142950,143750,145207,144625,,,,,,1[1],288[288],288[288],128[128],TILE,BFLOAT16,DEV_1_DRAM_INTERLEAVED,1[1],288[288],288[288],128[128],TILE,BFLOAT16,DEV_1_DRAM_INTERLEAVED,1[1],288[288],288[288],128[128],TILE,BFLOAT16,DEV_1_DRAM_INTERLEAVED,1[1],288[288],288[288],128[128],TILE,BFLOAT16,DEV_1_DRAM_INTERLEAVED,,,,,,,,,,,,,,,,,,,,,,,,,,,,,,,,,,,,,,,,,,,1[1],288[288],288[288],128[128],TILE,BFLOAT16,DEV_1_DRAM_INTERLEAVED,,,,,,,,,,,,,,,,,['/home/ttuser/.coworker/wt/bcp-evo/tt_bio/kernels/rne_add/compute_rne_add.cpp'],['compute_rne_add/15506775982570106819/'],['/home/ttuser/.coworker/wt/bcp-evo/tt_bio/kernels/rne_add/writer_rne_add.cpp'; '/home/ttuser/.coworker/wt/bcp-evo/tt_bio/kernels/rne_add/reader_rne_add.cpp'],['writer_rne_add/11689109000663956392/'; 'reader_rne_add/5462348467134491698/'],16281275380064118936,True,768,1412,1604,1376,1432,0,0,0,0,1,1,1,[],[],0.001,,,,,
MatmulDeviceOperation,tt_dnn_device,244736,0,blackhole,{'bcast_batch': 'true'; 'compute_kernel_config': 'ComputeKernelConfig(math_fidelity=HiFi4;math_approx_mode=0;fp32_dest_acc_en=1;packer_l1_acc=1;dst_full_sync_en=0;throttle_level=ThrottleLevel::NO_THROTTLE)'; 'global_cb': 'std::nullopt'; 'output_dtype': 'DataType::BFLOAT16'; 'output_mem_config': 'MemoryConfig(memory_layout=TensorMemoryLayout::INTERLEAVED;buffer_type=BufferType::DRAM;shard_spec=std::nullopt;nd_shard_spec=std::nullopt;created_with_nd_shard_spec=0)'; 'output_tile': 'Tile(tile_shape={32; 32};face_shape={16; 16};num_faces=4)'; 'program_config': 'MatmulMultiCoreReuseMultiCast1DProgramConfig(compute_with_storage_grid_size=(x=11;y=10);in0_block_w=2;out_subblock_h=2;out_subblock_w=2;out_block_h=12;out_block_w=16;per_core_M=24;per_core_N=16;fuse_batch=0;fused_activation=std::nullopt;mcast_in0=0;gather_in0=0;hop_cores={};num_global_cb_receivers=0;untilize_out=0)'; 'sub_device_id': 'std::nullopt'; 'transpose_a': 'false'; 'transpose_b': 'true'; 'untilize_out': 'false'; 'user_core_coord': 'std::nullopt'; 'user_fused_activation': 'std::nullopt'; 'user_run_batched': 'false'},HiFi4,108,110,,90966633535,90966762343,128808,1322244297235,1322245060874,17940608,17940600,565659,564059,564058,,,,641,564058,110196,336666,336942,337024,,,,,,1[1],1[1],82944[82944],128[128],TILE,BFLOAT16,DEV_1_DRAM_INTERLEAVED,1[1],1[1],512[512],128[128],TILE,BFLOAT16,DEV_1_DRAM_INTERLEAVED,,,,,,,,,,,,,,,,,,,,,,,,,,,,,,,,,,,,,,,,,,,,,,,,,,,,,,,,,1[1],1[1],82944[82944],512[512],TILE,BFLOAT16,DEV_1_DRAM_INTERLEAVED,,,,,,,,,,,,,,,,,['ttnn/cpp/ttnn/operations/matmul/device/kernels/compute/bmm_large_block_zm_fused_bias_activation.cpp'],['bmm_large_block_zm_fused_bias_activation/13249229802872656148/'],['ttnn/cpp/ttnn/operations/matmul/device/kernels/dataflow/reader_bmm_tile_layout_in1_receiver_writer_padding.cpp'; 'ttnn/cpp/ttnn/operations/matmul/device/kernels/dataflow/reader_bmm_tile_layout_in1_sender_writer_padding.cpp'; 'ttnn/cpp/ttnn/operations/matmul/device/kernels/dataflow/reader_bmm_tile_layout_in0_sender_padding.cpp'],['reader_bmm_tile_layout_in1_receiver_writer_padding/7531525775076409880/'; 'reader_bmm_tile_layout_in1_sender_writer_padding/503748654733573981/'; 'reader_bmm_tile_layout_in0_sender_padding/15502933994814789856/'],18210461845603767720,False,2280,944,2512,2192,2752,0,0,0,0,154495,71495,154495,[137.4391632080078; 0.8483899235725403],[549.7566528320312],12.675,,,,,
UnaryNgDeviceOperation,tt_dnn_device,245760,0,blackhole,{'bfp8_pack_precise': 'false'; 'fp32_dest_acc_en': 'false'; 'memory_config': 'MemoryConfig(memory_layout=TensorMemoryLayout::INTERLEAVED;buffer_type=BufferType::DRAM;shard_spec=std::nullopt;nd_shard_spec=std::nullopt;created_with_nd_shard_spec=0)'; 'op_chain': '{BasicUnaryWithParam<float; int; unsigned int>(base=BasicUnaryWithParam<float>(op_type=UnaryOpType::GTZ;param={}))}'; 'output_dtype': 'DataType::BFLOAT16'; 'preserve_fp32_precision': 'false'; 'sub_core_grids': 'std::nullopt'; 'worker_grid': '{[(x=0;y=0) - (x=10;y=9)]}'},HiFi4,110,110,,90972160830,90972235138,74308,1322251761116,1322252351462,4963710,4963710,437293,436739,436739,,,,555,436738,436121,436158,436318,436009,,,,,,1[1],288[288],288[288],512[512],TILE,BFLOAT16,DEV_1_DRAM_INTERLEAVED,,,,,,,,,,,,,,,,,,,,,,,,,,,,,,,,,,,,,,,,,,,,,,,,,,,,,,,,,,,,,,,,1[1],288[288],288[288],512[512],TILE,BFLOAT16,DEV_1_DRAM_INTERLEAVED,,,,,,,,,,,,,,,,,['ttnn/cpp/ttnn/operations/eltwise/unary_ng/device/kernels/compute/eltwise_sfpu.cpp'],['eltwise_sfpu/9205010554989736738/'],['ttnn/cpp/ttnn/operations/eltwise/unary_ng/device/kernels/dataflow/writer_unary_ng.cpp'; 'ttnn/cpp/ttnn/operations/eltwise/unary_ng/device/kernels/dataflow/reader_unary_ng.cpp'],['writer_unary_ng/13835163660338601625/'; 'reader_unary_ng/850304498476538194/'],3124980364959531136,False,1000,928,1096,796,1264,0,0,0,0,1,1,1,[],[],0.0,,,,,
BinaryNgDeviceOperation,tt_dnn_device,246784,0,blackhole,{'binary_op_type': 'BinaryOpType::MUL'; 'compute_kernel_config': 'std::nullopt'; 'dtype': 'DataType::BFLOAT16'; 'input_dtype': 'DataType::BFLOAT16'; 'is_quant_op': 'false'; 'is_sfpu': 'true'; 'is_where_op': 'false'; 'lhs_activations': '{}'; 'memory_config': 'MemoryConfig(memory_layout=TensorMemoryLayout::INTERLEAVED;buffer_type=BufferType::DRAM;shard_spec=std::nullopt;nd_shard_spec=std::nullopt;created_with_nd_shard_spec=0)'; 'post_activations': '{}'; 'rhs_activations': '{}'; 'scalar': 'std::nullopt'; 'sub_core_grids': 'std::nullopt'; 'subtile_broadcast_type': 'SubtileBroadcastType::NONE'; 'worker_grid': '{[(x=0;y=0) - (x=10;y=9)]}'},HiFi4,110,110,,90976269511,90976340322,70811,1322257311149,1322258078830,3674403,3674401,568653,568089,568087,,,,571,568087,566407,566559,567681,567067,,,,,,1[1],288[288],288[288],512[512],TILE,BFLOAT16,DEV_1_DRAM_INTERLEAVED,1[1],288[288],288[288],512[512],TILE,BFLOAT16,DEV_1_DRAM_INTERLEAVED,,,,,,,,,,,,,,,,,,,,,,,,,,,,,,,,,,,,,,,,,,,,,,,,,,,,,,,,,1[1],288[288],288[288],512[512],TILE,BFLOAT16,DEV_1_DRAM_INTERLEAVED,,,,,,,,,,,,,,,,,['ttnn/cpp/ttnn/operations/eltwise/binary_ng/device/kernels/compute/eltwise_binary_sfpu_no_bcast.cpp'],['eltwise_binary_sfpu_no_bcast/12748254803204292867/'],['ttnn/cpp/ttnn/operations/eltwise/binary_ng/device/kernels_ng/dataflow/reader_interleaved_no_bcast.cpp'; 'ttnn/cpp/ttnn/operations/eltwise/binary_ng/device/kernels_ng/dataflow/writer_interleaved_no_bcast.cpp'],['reader_interleaved_no_bcast/13569263223077070646/'; 'writer_interleaved_no_bcast/17771707349566412835/'],2894756004430506998,False,1120,1644,1492,1264,1296,0,0,0,0,1,1,1,[],[],0.0,,,,,
MatmulDeviceOperation,tt_dnn_device,247808,0,blackhole,{'bcast_batch': 'true'; 'compute_kernel_config': 'ComputeKernelConfig(math_fidelity=HiFi4;math_approx_mode=0;fp32_dest_acc_en=1;packer_l1_acc=1;dst_full_sync_en=0;throttle_level=ThrottleLevel::NO_THROTTLE)'; 'global_cb': 'std::nullopt'; 'output_dtype': 'DataType::BFLOAT16'; 'output_mem_config': 'MemoryConfig(memory_layout=TensorMemoryLayout::INTERLEAVED;buffer_type=BufferType::DRAM;shard_spec=std::nullopt;nd_shard_spec=std::nullopt;created_with_nd_shard_spec=0)'; 'output_tile': 'Tile(tile_shape={32; 32};face_shape={16; 16};num_faces=4)'; 'program_config': 'MatmulMultiCoreReuseMultiCast1DProgramConfig(compute_with_storage_grid_size=(x=11;y=10);in0_block_w=2;out_subblock_h=2;out_subblock_w=2;out_block_h=24;out_block_w=4;per_core_M=24;per_core_N=4;fuse_batch=0;fused_activation=std::nullopt;mcast_in0=0;gather_in0=0;hop_cores={};num_global_cb_receivers=0;untilize_out=0)'; 'sub_device_id': 'std::nullopt'; 'transpose_a': 'false'; 'transpose_b': 'true'; 'untilize_out': 'false'; 'user_core_coord': 'std::nullopt'; 'user_fused_activation': 'std::nullopt'; 'user_run_batched': 'false'},HiFi4,108,110,,90982187440,90982287064,99624,1322265300419,1322266101930,5350922,5350922,593712,592119,592119,,,,645,592116,535792,548697,548640,549079,,,,,,1[1],1[1],82944[82944],512[512],TILE,BFLOAT16,DEV_1_DRAM_INTERLEAVED,1[1],1[1],128[128],512[512],TILE,BFLOAT16,DEV_1_DRAM_INTERLEAVED,,,,,,,,,,,,,,,,,,,,,,,,,,,,,,,,,,,,,,,,,,,,,,,,,,,,,,,,,1[1],1[1],82944[82944],128[128],TILE,BFLOAT16,DEV_1_DRAM_INTERLEAVED,,,,,,,,,,,,,,,,,['ttnn/cpp/ttnn/operations/matmul/device/kernels/compute/bmm_large_block_zm_fused_bias_activation.cpp'],['bmm_large_block_zm_fused_bias_activation/9994270714168620856/'],['ttnn/cpp/ttnn/operations/matmul/device/kernels/dataflow/reader_bmm_tile_layout_in1_receiver_writer_padding.cpp'; 'ttnn/cpp/ttnn/operations/matmul/device/kernels/dataflow/reader_bmm_tile_layout_in1_sender_writer_padding.cpp'; 'ttnn/cpp/ttnn/operations/matmul/device/kernels/dataflow/reader_bmm_tile_layout_in0_sender_padding.cpp'],['reader_bmm_tile_layout_in1_receiver_writer_padding/756092456165307023/'; 'reader_bmm_tile_layout_in1_sender_writer_padding/11030256850429484256/'; 'reader_bmm_tile_layout_in0_sender_padding/14459429756791866279/'],8656061627017802998,False,1944,828,2376,1968,2584,0,0,0,0,154495,71495,154495,[549.7566528320312; 0.8483899235725403],[137.4391632080078],12.074,,,,,
GenericOpDeviceOperation,tt_dnn_device,248832,0,blackhole,{'num_mesh_programs': '1'},HiFi4,110,110,,90988053131,90988117300,64169,1322273187152,1322273430377,5248867,5248995,180167,179607,179498,,,,879,179418,164100,178871,179008,178808,,,,,,1[1],288[288],288[288],128[128],TILE,BFLOAT16,DEV_1_DRAM_INTERLEAVED,1[1],288[288],288[288],128[128],TILE,BFLOAT16,DEV_1_DRAM_INTERLEAVED,1[1],1[1],32[1],128[128],TILE,BFLOAT16,DEV_1_DRAM_INTERLEAVED,1[1],288[288],288[288],128[128],TILE,BFLOAT16,DEV_1_DRAM_INTERLEAVED,1[1],288[288],288[288],128[128],TILE,BFLOAT16,DEV_1_DRAM_INTERLEAVED,,,,,,,,,,,,,,,,,,,,,,,,,,,,,,,,,,,,1[1],288[288],288[288],128[128],TILE,BFLOAT16,DEV_1_DRAM_INTERLEAVED,,,,,,,,,,,,,,,,,['/home/ttuser/.coworker/wt/bcp-evo/tt_bio/kernels/lnbw/compute_lnbw.cpp'],['compute_lnbw/7523916731524505336/'],['/home/ttuser/.coworker/wt/bcp-evo/tt_bio/kernels/lnbw/writer_lnbw.cpp'; '/home/ttuser/.coworker/wt/bcp-evo/tt_bio/kernels/lnbw/reader_lnbw.cpp'],['writer_lnbw/8051665203697858371/'; 'reader_lnbw/8486842166353870432/'],895543367223761992,False,764,2236,7708,7544,10412,0,0,0,0,1,1,1,[],[],0.001,,,,,
GenericOpDeviceOperation,tt_dnn_device,249856,0,blackhole,{'num_mesh_programs': '1'},HiFi4,110,110,,90988338519,90988377221,38702,1322273584438,1322273781588,114664,114664,146037,145496,145496,,,,619,145382,142853,143651,145139,144542,,,,,,1[1],288[288],288[288],128[128],TILE,BFLOAT16,DEV_1_DRAM_INTERLEAVED,1[1],288[288],288[288],128[128],TILE,BFLOAT16,DEV_1_DRAM_INTERLEAVED,1[1],288[288],288[288],128[128],TILE,BFLOAT16,DEV_1_DRAM_INTERLEAVED,1[1],288[288],288[288],128[128],TILE,BFLOAT16,DEV_1_DRAM_INTERLEAVED,,,,,,,,,,,,,,,,,,,,,,,,,,,,,,,,,,,,,,,,,,,1[1],288[288],288[288],128[128],TILE,BFLOAT16,DEV_1_DRAM_INTERLEAVED,,,,,,,,,,,,,,,,,['/home/ttuser/.coworker/wt/bcp-evo/tt_bio/kernels/rne_add/compute_rne_add.cpp'],['compute_rne_add/15506775982570106819/'],['/home/ttuser/.coworker/wt/bcp-evo/tt_bio/kernels/rne_add/writer_rne_add.cpp'; '/home/ttuser/.coworker/wt/bcp-evo/tt_bio/kernels/rne_add/reader_rne_add.cpp'],['writer_rne_add/11689109000663956392/'; 'reader_rne_add/5462348467134491698/'],16281275380064118936,True,768,1412,1604,1376,1432,0,0,0,0,1,1,1,[],[],0.001,,,,,
GenericOpDeviceOperation,tt_dnn_device,250880,0,blackhole,{'num_mesh_programs': '1'},,110,110,,90988533440,90988561442,28002,1322273837185,1322274110411,41710,41710,202390,201850,201850,,,,579,201793,93870,,,,,,,,,1[1],288[288],288[288],128[128],TILE,BFLOAT16,DEV_1_DRAM_INTERLEAVED,1[1],288[288],288[288],128[128],TILE,BFLOAT16,DEV_1_DRAM_INTERLEAVED,1[1],288[288],288[288],128[128],TILE,BFLOAT16,DEV_1_DRAM_INTERLEAVED,,,,,,,,,,,,,,,,,,,,,,,,,,,,,,,,,,,,,,,,,,,,,,,,,,1[1],288[288],288[288],128[128],TILE,BFLOAT16,DEV_1_DRAM_INTERLEAVED,,,,,,,,,,,,,,,,,[],[],['/home/ttuser/.coworker/wt/bcp-evo/tt_bio/kernels/pair_transpose/writer_pair_transpose.cpp'; '/home/ttuser/.coworker/wt/bcp-evo/tt_bio/kernels/pair_transpose/reader_pair_transpose.cpp'],['writer_pair_transpose/1148656286276345152/'; 'reader_pair_transpose/17721277455869609166/'],11664639922038897897,True,1180,1028,0,0,0,0,0,0,0,1,1,1,[],[],0.0,,,,,
MatmulDeviceOperation,tt_dnn_device,251904,0,blackhole,{'bcast_batch': 'true'; 'compute_kernel_config': 'ComputeKernelConfig(math_fidelity=HiFi4;math_approx_mode=0;fp32_dest_acc_en=1;packer_l1_acc=1;dst_full_sync_en=0;throttle_level=ThrottleLevel::NO_THROTTLE)'; 'global_cb': 'std::nullopt'; 'output_dtype': 'DataType::BFLOAT16'; 'output_mem_config': 'MemoryConfig(memory_layout=TensorMemoryLayout::INTERLEAVED;buffer_type=BufferType::DRAM;shard_spec=std::nullopt;nd_shard_spec=std::nullopt;created_with_nd_shard_spec=0)'; 'output_tile': 'Tile(tile_shape={32; 32};face_shape={16; 16};num_faces=4)'; 'program_config': 'MatmulMultiCoreReuseMultiCast1DProgramConfig(compute_with_storage_grid_size=(x=11;y=10);in0_block_w=2;out_subblock_h=2;out_subblock_w=2;out_block_h=24;out_block_w=4;per_core_M=24;per_core_N=4;fuse_batch=0;fused_activation=std::nullopt;mcast_in0=0;gather_in0=0;hop_cores={};num_global_cb_receivers=0;untilize_out=0)'; 'sub_device_id': 'std::nullopt'; 'transpose_a': 'false'; 'transpose_b': 'true'; 'untilize_out': 'false'; 'user_core_coord': 'std::nullopt'; 'user_fused_activation': 'std::nullopt'; 'user_run_batched': 'false'},HiFi4,108,110,,90994350171,90994450547,100376,1322281698478,1322281903164,5622408,5622408,151619,149997,149997,,,,648,149997,95550,108452,108398,108841,,,,,,1[1],1[1],82944[82944],128[128],TILE,BFLOAT16,DEV_1_DRAM_INTERLEAVED,1[1],1[1],128[128],128[128],TILE,BFLOAT16,DEV_1_DRAM_INTERLEAVED,,,,,,,,,,,,,,,,,,,,,,,,,,,,,,,,,,,,,,,,,,,,,,,,,,,,,,,,,1[1],1[1],82944[82944],128[128],TILE,BFLOAT16,DEV_1_DRAM_INTERLEAVED,,,,,,,,,,,,,,,,,['ttnn/cpp/ttnn/operations/matmul/device/kernels/compute/bmm_large_block_zm_fused_bias_activation.cpp'],['bmm_large_block_zm_fused_bias_activation/12348306712591899303/'],['ttnn/cpp/ttnn/operations/matmul/device/kernels/dataflow/reader_bmm_tile_layout_in1_receiver_writer_padding.cpp'; 'ttnn/cpp/ttnn/operations/matmul/device/kernels/dataflow/reader_bmm_tile_layout_in1_sender_writer_padding.cpp'; 'ttnn/cpp/ttnn/operations/matmul/device/kernels/dataflow/reader_bmm_tile_layout_in0_sender_padding.cpp'],['reader_bmm_tile_layout_in1_receiver_writer_padding/11533872026438281213/'; 'reader_bmm_tile_layout_in1_sender_writer_padding/3090007330516364150/'; 'reader_bmm_tile_layout_in0_sender_padding/17208581116664715941/'],8656061627070775966,False,1952,824,2236,1964,2504,0,0,0,0,38623,17875,38623,[549.767333984375; 0.8484063744544983],[549.767333984375],11.917,,,,,
GenericOpDeviceOperation,tt_dnn_device,252928,0,blackhole,{'num_mesh_programs': '1'},HiFi4,110,110,,91000173254,91000236972,63718,1322289550401,1322289931103,5665185,5665212,282001,281448,281433,,,,639,281347,256183,275302,280759,280845,,,,,,1[1],288[288],288[288],128[128],TILE,BFLOAT16,DEV_1_DRAM_INTERLEAVED,1[1],288[288],288[288],128[128],TILE,BFLOAT16,DEV_1_DRAM_INTERLEAVED,1[1],288[288],288[288],128[128],TILE,BFLOAT16,DEV_1_DRAM_INTERLEAVED,1[1],288[288],288[288],128[128],TILE,BFLOAT16,DEV_1_DRAM_INTERLEAVED,1[1],288[288],288[288],128[128],TILE,BFLOAT16,DEV_1_DRAM_INTERLEAVED,1[1],288[288],288[288],128[128],TILE,BFLOAT16,DEV_1_DRAM_INTERLEAVED,,,,,,,,,,,,,,,,,,,,,,,,,,,,,1[1],288[288],288[288],128[128],TILE,BFLOAT16,DEV_1_DRAM_INTERLEAVED,,,,,,,,,,,,,,,,,['/home/ttuser/.coworker/wt/bcp-evo/tt_bio/kernels/gate_bw/compute_gate_bw.cpp'],['compute_gate_bw/7752279662899972872/'],['/home/ttuser/.coworker/wt/bcp-evo/tt_bio/kernels/gate_bw/writer_gate_bw.cpp'; '/home/ttuser/.coworker/wt/bcp-evo/tt_bio/kernels/gate_bw/reader_gate_bw.cpp'],['writer_gate_bw/8111932171875705432/'; 'reader_gate_bw/7533951476172066466/'],14448888073515459580,False,984,1804,1800,5476,1892,0,0,0,0,1,1,1,[],[],0.0,,,,,
TransposeDeviceOperation,tt_dnn_device,253952,0,blackhole,{'dim': 'TransposeOpDim::WH'; 'output_mem_config': 'MemoryConfig(memory_layout=TensorMemoryLayout::INTERLEAVED;buffer_type=BufferType::DRAM;shard_spec=std::nullopt;nd_shard_spec=std::nullopt;created_with_nd_shard_spec=0)'; 'pad_value': '0'},HiFi4,110,110,,91000780217,91000850497,70280,1322290377819,1322290528472,331432,331432,111595,111057,111057,,,,596,110990,110747,110754,109526,110370,,,,,,288[288],1[1],288[288],128[128],TILE,BFLOAT16,DEV_1_DRAM_INTERLEAVED,,,,,,,,,,,,,,,,,,,,,,,,,,,,,,,,,,,,,,,,,,,,,,,,,,,,,,,,,,,,,,,,288[288],1[1],128[128],288[288],TILE,BFLOAT16,DEV_1_DRAM_INTERLEAVED,,,,,,,,,,,,,,,,,['ttnn/cpp/ttnn/operations/data_movement/transpose/device/kernels/compute/transpose_wh.cpp'],['transpose_wh/14581025993053660267/'],['ttnn/cpp/ttnn/operations/eltwise/unary/device/kernels/dataflow/writer_unary_interleaved_start_id.cpp'; 'ttnn/cpp/ttnn/operations/data_movement/transpose/device/kernels/dataflow/reader_unary_transpose_wh_interleaved_start_id.cpp'],['writer_unary_interleaved_start_id/6276820466797607771/'; 'reader_unary_transpose_wh_interleaved_start_id/890651917070584162/'],16461604749335367939,False,1000,1012,1140,648,1296,0,0,0,0,128361,128361,38623,[165.4214630126953],[165.4214630126953],115.581,,,,,
TransposeDeviceOperation,tt_dnn_device,254976,0,blackhole,{'dim': 'TransposeOpDim::WH'; 'output_mem_config': 'MemoryConfig(memory_layout=TensorMemoryLayout::INTERLEAVED;buffer_type=BufferType::DRAM;shard_spec=std::nullopt;nd_shard_spec=std::nullopt;created_with_nd_shard_spec=0)'; 'pad_value': '0'},HiFi4,110,110,,91001194774,91001244516,49742,1322290931585,1322291081386,299150,299152,110964,110419,110419,,,,569,110350,110113,110138,108884,109741,,,,,,288[288],4[4],32[32],288[288],TILE,BFLOAT16,DEV_1_DRAM_INTERLEAVED,,,,,,,,,,,,,,,,,,,,,,,,,,,,,,,,,,,,,,,,,,,,,,,,,,,,,,,,,,,,,,,,288[288],4[4],288[288],32[32],TILE,BFLOAT16,DEV_1_DRAM_INTERLEAVED,,,,,,,,,,,,,,,,,['ttnn/cpp/ttnn/operations/data_movement/transpose/device/kernels/compute/transpose_wh.cpp'],['transpose_wh/14581025993053660267/'],['ttnn/cpp/ttnn/operations/eltwise/unary/device/kernels/dataflow/writer_unary_interleaved_start_id.cpp'; 'ttnn/cpp/ttnn/operations/data_movement/transpose/device/kernels/dataflow/reader_unary_transpose_wh_interleaved_start_id.cpp'],['writer_unary_interleaved_start_id/6276820466797607771/'; 'reader_unary_transpose_wh_interleaved_start_id/890651917070584162/'],16461604749334402497,False,1000,1012,1140,648,1296,0,0,0,0,128361,128361,38623,[165.4214630126953],[165.4214630126953],116.249,,,,,
GenericOpDeviceOperation,tt_dnn_device,256000,0,blackhole,{'num_mesh_programs': '1'},HiFi4,108,110,,91008031732,91008102102,70370,1322300163533,1322303755307,6728549,6728549,2660573,2659533,2659533,,,,1345,2659533,2139761,2593965,2594264,2594764,,,,,,288[288],4[4],288[288],32[32],TILE,BFLOAT16,DEV_1_DRAM_INTERLEAVED,288[288],4[4],288[288],32[32],TILE,BFLOAT16,DEV_1_DRAM_INTERLEAVED,288[288],4[4],288[288],32[32],TILE,BFLOAT16,DEV_1_DRAM_INTERLEAVED,288[288],4[4],288[288],32[32],TILE,BFLOAT16,DEV_1_DRAM_INTERLEAVED,1[1],4[4],288[288],288[288],TILE,BFLOAT16,DEV_1_DRAM_INTERLEAVED,288[288],1[1],288[288],384[384],TILE,BFLOAT16,DEV_1_DRAM_INTERLEAVED,288[288],1[1],288[288],384[384],TILE,BFLOAT16,DEV_1_DRAM_INTERLEAVED,288[288],1[1],288[288],384[384],TILE,BFLOAT16,DEV_1_DRAM_INTERLEAVED,27[27],4[4],288[288],288[288],TILE,FLOAT32,DEV_1_DRAM_INTERLEAVED,27[27],4[4],288[288],288[288],TILE,FLOAT32,DEV_1_DRAM_INTERLEAVED,27[27],4[4],288[288],288[288],TILE,FLOAT32,DEV_1_DRAM_INTERLEAVED,,,,,,,,,,,,,,,,,['/home/ttuser/.coworker/wt/bcp-evo/tt_bio/kernels/triatt_bw/compute/triatt_bw.cpp'],['triatt_bw/14031568487708199352/'],['/home/ttuser/.coworker/wt/bcp-evo/tt_bio/kernels/triatt_bw/dataflow/writer.cpp'; '/home/ttuser/.coworker/wt/bcp-evo/tt_bio/kernels/triatt_bw/dataflow/reader.cpp'],['writer/16389780824563323312/'; 'reader/3131828587854662785/'],3487059909925065279,False,3104,2668,12768,12420,16756,0,0,0,0,1,1,1,[],[],0.0,,,,,
GenericOpDeviceOperation,tt_dnn_device,257024,0,blackhole,{'num_mesh_programs': '1'},HiFi4,110,110,,91013497614,91013553397,55783,1322307466565,1322307594494,2749620,2749630,94762,94216,94211,,,,611,94148,93046,93616,93754,86090,,,,,,27[27],4[4],288[288],288[288],TILE,FLOAT32,DEV_1_DRAM_INTERLEAVED,1[1],4[4],288[288],288[288],TILE,FLOAT32,DEV_1_DRAM_INTERLEAVED,1[1],4[4],288[288],288[288],TILE,FLOAT32,DEV_1_DRAM_INTERLEAVED,,,,,,,,,,,,,,,,,,,,,,,,,,,,,,,,,,,,,,,,,,,,,,,,,,1[1],4[4],288[288],288[288],TILE,FLOAT32,DEV_1_DRAM_INTERLEAVED,,,,,,,,,,,,,,,,,['/home/ttuser/.coworker/wt/bcp-evo/tt_bio/kernels/lead_sum/compute_lead_sum.cpp'],['compute_lead_sum/4067854701688430489/'],['/home/ttuser/.coworker/wt/bcp-evo/tt_bio/kernels/rne_add/writer_rne_add.cpp'; '/home/ttuser/.coworker/wt/bcp-evo/tt_bio/kernels/lead_sum/reader_lead_sum.cpp'],['writer_rne_add/3656401552221671705/'; 'reader_lead_sum/3863039908359406338/'],18019050278127221404,False,668,1044,2096,1244,1292,0,0,0,0,1,1,1,[],[],0.001,,,,,
MatmulDeviceOperation,tt_dnn_device,258048,0,blackhole,{'bcast_batch': 'true'; 'compute_kernel_config': 'ComputeKernelConfig(math_fidelity=HiFi4;math_approx_mode=0;fp32_dest_acc_en=1;packer_l1_acc=1;dst_full_sync_en=0;throttle_level=ThrottleLevel::NO_THROTTLE)'; 'global_cb': 'std::nullopt'; 'output_dtype': 'DataType::BFLOAT16'; 'output_mem_config': 'MemoryConfig(memory_layout=TensorMemoryLayout::INTERLEAVED;buffer_type=BufferType::DRAM;shard_spec=std::nullopt;nd_shard_spec=std::nullopt;created_with_nd_shard_spec=0)'; 'output_tile': 'Tile(tile_shape={32; 32};face_shape={16; 16};num_faces=4)'; 'program_config': 'MatmulMultiCoreReuseMultiCast1DProgramConfig(compute_with_storage_grid_size=(x=11;y=10);in0_block_w=2;out_subblock_h=2;out_subblock_w=2;out_block_h=24;out_block_w=4;per_core_M=24;per_core_N=4;fuse_batch=0;fused_activation=std::nullopt;mcast_in0=0;gather_in0=0;hop_cores={};num_global_cb_receivers=0;untilize_out=0)'; 'sub_device_id': 'std::nullopt'; 'transpose_a': 'false'; 'transpose_b': 'true'; 'untilize_out': 'false'; 'user_core_coord': 'std::nullopt'; 'user_fused_activation': 'std::nullopt'; 'user_run_batched': 'false'},HiFi4,108,110,,91019662059,91019770239,108180,1322315798285,1322316313926,6078491,6078491,381956,380339,380339,,,,621,380339,261082,276525,276456,276907,,,,,,1[1],1[1],82944[82944],384[384],TILE,BFLOAT16,DEV_1_DRAM_INTERLEAVED,1[1],1[1],128[128],384[384],TILE,BFLOAT16,DEV_1_DRAM_INTERLEAVED,,,,,,,,,,,,,,,,,,,,,,,,,,,,,,,,,,,,,,,,,,,,,,,,,,,,,,,,,1[1],1[1],82944[82944],128[128],TILE,BFLOAT16,DEV_1_DRAM_INTERLEAVED,,,,,,,,,,,,,,,,,['ttnn/cpp/ttnn/operations/matmul/device/kernels/compute/bmm_large_block_zm_fused_bias_activation.cpp'],['bmm_large_block_zm_fused_bias_activation/12457779508691317190/'],['ttnn/cpp/ttnn/operations/matmul/device/kernels/dataflow/reader_bmm_tile_layout_in1_receiver_writer_padding.cpp'; 'ttnn/cpp/ttnn/operations/matmul/device/kernels/dataflow/reader_bmm_tile_layout_in1_sender_writer_padding.cpp'; 'ttnn/cpp/ttnn/operations/matmul/device/kernels/dataflow/reader_bmm_tile_layout_in0_sender_padding.cpp'],['reader_bmm_tile_layout_in1_receiver_writer_padding/5476760934562266441/'; 'reader_bmm_tile_layout_in1_sender_writer_padding/5186848334029062562/'; 'reader_bmm_tile_layout_in0_sender_padding/1838516876025428529/'],8656061627416951438,False,1944,828,2356,1968,2608,0,0,0,0,115871,53621,115871,[549.7578735351562; 0.8483917713165283],[183.25262451171875],14.098,,,,,
TypecastDeviceOperation,tt_dnn_device,259072,0,blackhole,{'bfp8_pack_precise': 'false'; 'fp32_dest_acc_en': 'true'; 'input_dtype': 'DataType::FLOAT32'; 'output_dtype': 'DataType::BFLOAT16'; 'output_memory_config': 'MemoryConfig(memory_layout=TensorMemoryLayout::INTERLEAVED;buffer_type=BufferType::DRAM;shard_spec=std::nullopt;nd_shard_spec=std::nullopt;created_with_nd_shard_spec=0)'; 'preserve_fp32_precision': 'true'; 'sub_core_grids': 'std::nullopt'},HiFi4,110,110,,91025788182,91025846620,58438,1322324061266,1322324070948,5740307,5740307,7172,5640,5640,,,,601,5633,5108,5174,5291,4021,,,,,,1[1],4[4],288[288],288[288],TILE,FLOAT32,DEV_1_DRAM_INTERLEAVED,,,,,,,,,,,,,,,,,,,,,,,,,,,,,,,,,,,,,,,,,,,,,,,,,,,,,,,,,,,,,,,,1[1],4[4],288[288],288[288],TILE,BFLOAT16,DEV_1_DRAM_INTERLEAVED,,,,,,,,,,,,,,,,,['ttnn/cpp/ttnn/operations/copy/typecast/device/kernels/compute/eltwise_typecast.cpp'],['eltwise_typecast/9084048224073061541/'],['ttnn/cpp/ttnn/operations/eltwise/unary/device/kernels/dataflow/writer_unary_interleaved_start_id.cpp'; 'ttnn/cpp/ttnn/operations/eltwise/unary/device/kernels/dataflow/reader_unary_interleaved_start_id.cpp'],['writer_unary_interleaved_start_id/15487931821133672948/'; 'reader_unary_interleaved_start_id/8137388031877499190/'],4060195800005397425,False,1000,928,1404,1120,1272,0,0,0,0,1,1,1,[],[],0.018,,,,,
BinaryNgDeviceOperation,tt_dnn_device,260096,0,blackhole,{'binary_op_type': 'BinaryOpType::MUL'; 'compute_kernel_config': 'std::nullopt'; 'dtype': 'DataType::BFLOAT16'; 'input_dtype': 'DataType::BFLOAT16'; 'is_quant_op': 'false'; 'is_sfpu': 'true'; 'is_where_op': 'false'; 'lhs_activations': '{}'; 'memory_config': 'MemoryConfig(memory_layout=TensorMemoryLayout::INTERLEAVED;buffer_type=BufferType::DRAM;shard_spec=std::nullopt;nd_shard_spec=std::nullopt;created_with_nd_shard_spec=0)'; 'post_activations': '{}'; 'rhs_activations': '{}'; 'scalar': '0.17677669'; 'sub_core_grids': 'std::nullopt'; 'subtile_broadcast_type': 'SubtileBroadcastType::NONE'; 'worker_grid': '{[(x=0;y=0) - (x=10;y=9)]}'},HiFi4,110,110,,91025936977,91025991498,54521,1322324264035,1322324271845,143596,143596,5785,5233,5233,,,,562,5216,2744,2813,3767,4573,,,,,,1[1],4[4],288[288],288[288],TILE,BFLOAT16,DEV_1_DRAM_INTERLEAVED,,,,,,,,,,,,,,,,,,,,,,,,,,,,,,,,,,,,,,,,,,,,,,,,,,,,,,,,,,,,,,,,1[1],4[4],288[288],288[288],TILE,BFLOAT16,DEV_1_DRAM_INTERLEAVED,,,,,,,,,,,,,,,,,['ttnn/cpp/ttnn/operations/eltwise/binary_ng/device/kernels/compute/eltwise_binary_sfpu_scalar.cpp'],['eltwise_binary_sfpu_scalar/6302317103236044736/'],['ttnn/cpp/ttnn/operations/eltwise/binary_ng/device/kernels/dataflow/reader_interleaved_no_bcast.cpp'; 'ttnn/cpp/ttnn/operations/eltwise/binary_ng/device/kernels/dataflow/writer_interleaved_scalar.cpp'],['reader_interleaved_no_bcast/15501400787415134526/'; 'writer_interleaved_scalar/13747915134593411132/'],15691238620557725211,True,1228,1256,1532,1264,1296,0,0,0,0,1,1,1,[],[],0.019,,,,,
BinaryNgDeviceOperation,tt_dnn_device,261120,0,blackhole,{'binary_op_type': 'BinaryOpType::MUL'; 'compute_kernel_config': 'std::nullopt'; 'dtype': 'DataType::BFLOAT16'; 'input_dtype': 'DataType::BFLOAT16'; 'is_quant_op': 'false'; 'is_sfpu': 'true'; 'is_where_op': 'false'; 'lhs_activations': '{}'; 'memory_config': 'MemoryConfig(memory_layout=TensorMemoryLayout::INTERLEAVED;buffer_type=BufferType::DRAM;shard_spec=std::nullopt;nd_shard_spec=std::nullopt;created_with_nd_shard_spec=0)'; 'post_activations': '{}'; 'rhs_activations': '{}'; 'scalar': '5.656854'; 'sub_core_grids': 'std::nullopt'; 'subtile_broadcast_type': 'SubtileBroadcastType::NONE'; 'worker_grid': '{[(x=0;y=0) - (x=10;y=9)]}'},HiFi4,110,110,,91026063171,91026092134,28963,1322324435243,1322324442892,121596,121591,5666,5109,5108,,,,552,5104,2768,2826,3780,4105,,,,,,1[1],4[4],288[288],288[288],TILE,BFLOAT16,DEV_1_DRAM_INTERLEAVED,,,,,,,,,,,,,,,,,,,,,,,,,,,,,,,,,,,,,,,,,,,,,,,,,,,,,,,,,,,,,,,,1[1],4[4],288[288],288[288],TILE,BFLOAT16,DEV_1_DRAM_INTERLEAVED,,,,,,,,,,,,,,,,,['ttnn/cpp/ttnn/operations/eltwise/binary_ng/device/kernels/compute/eltwise_binary_sfpu_scalar.cpp'],['eltwise_binary_sfpu_scalar/6302317103236044736/'],['ttnn/cpp/ttnn/operations/eltwise/binary_ng/device/kernels/dataflow/reader_interleaved_no_bcast.cpp'; 'ttnn/cpp/ttnn/operations/eltwise/binary_ng/device/kernels/dataflow/writer_interleaved_scalar.cpp'],['reader_interleaved_no_bcast/15501400787415134526/'; 'writer_interleaved_scalar/13747915134593411132/'],15691238620557725211,True,1228,1256,1532,1264,1296,0,0,0,0,1,1,1,[],[],0.02,,,,,
PermuteDeviceOperation,tt_dnn_device,262144,0,blackhole,{'dims': '{0; 2; 3; 1}'; 'output_mem_config': 'MemoryConfig(memory_layout=TensorMemoryLayout::INTERLEAVED;buffer_type=BufferType::DRAM;shard_spec=std::nullopt;nd_shard_spec=std::nullopt;created_with_nd_shard_spec=0)'; 'pad_value': '0'},HiFi4,110,110,,91029537138,91029609161,72023,1322329123473,1322329321490,3467655,3467657,146679,146124,146121,,,,560,146117,143403,143589,143532,143974,,,,,,1[1],4[4],288[288],288[288],TILE,BFLOAT16,DEV_1_DRAM_INTERLEAVED,,,,,,,,,,,,,,,,,,,,,,,,,,,,,,,,,,,,,,,,,,,,,,,,,,,,,,,,,,,,,,,,1[1],288[288],288[288],32[4],TILE,BFLOAT16,DEV_1_DRAM_INTERLEAVED,,,,,,,,,,,,,,,,,['ttnn/cpp/ttnn/operations/data_movement/permute/device/kernels/compute/transpose_xw_tiled.cpp'],['transpose_xw_tiled/3700826860125243985/'],['ttnn/cpp/ttnn/operations/data_movement/permute/device/kernels/dataflow/writer_permute_interleaved_tiled_generic.cpp'; 'ttnn/cpp/ttnn/operations/data_movement/permute/device/kernels/dataflow/reader_permute_interleaved_tiled_generic.cpp'],['writer_permute_interleaved_tiled_generic/12978767909115892113/'; 'reader_permute_interleaved_tiled_generic/12490802708496418744/'],6020671804791083783,False,1172,1232,1764,1080,2748,0,0,0,0,18389,18389,9655,[36.08417892456055],[288.6734313964844],12.585,,,,,
MatmulDeviceOperation,tt_dnn_device,263168,0,blackhole,{'bcast_batch': 'true'; 'compute_kernel_config': 'ComputeKernelConfig(math_fidelity=HiFi4;math_approx_mode=0;fp32_dest_acc_en=1;packer_l1_acc=1;dst_full_sync_en=0;throttle_level=ThrottleLevel::NO_THROTTLE)'; 'global_cb': 'std::nullopt'; 'output_dtype': 'DataType::BFLOAT16'; 'output_mem_config': 'MemoryConfig(memory_layout=TensorMemoryLayout::INTERLEAVED;buffer_type=BufferType::DRAM;shard_spec=std::nullopt;nd_shard_spec=std::nullopt;created_with_nd_shard_spec=0)'; 'output_tile': 'Tile(tile_shape={32; 32};face_shape={16; 16};num_faces=4)'; 'program_config': 'MatmulMultiCoreReuseMultiCast1DProgramConfig(compute_with_storage_grid_size=(x=11;y=10);in0_block_w=1;out_subblock_h=2;out_subblock_w=2;out_block_h=24;out_block_w=4;per_core_M=24;per_core_N=4;fuse_batch=0;fused_activation=std::nullopt;mcast_in0=0;gather_in0=0;hop_cores={};num_global_cb_receivers=0;untilize_out=0)'; 'sub_device_id': 'std::nullopt'; 'transpose_a': 'false'; 'transpose_b': 'true'; 'untilize_out': 'false'; 'user_core_coord': 'std::nullopt'; 'user_fused_activation': 'std::nullopt'; 'user_run_batched': 'false'},HiFi4,108,110,,91035502504,91035594223,91719,1322337177408,1322337450329,5820799,5820799,202164,200539,200539,,,,639,200537,76618,81050,81238,81721,,,,,,1[1],1[1],82944[82944],32[4],TILE,BFLOAT16,DEV_1_DRAM_INTERLEAVED,1[1],1[1],128[128],32[4],TILE,BFLOAT16,DEV_1_DRAM_INTERLEAVED,,,,,,,,,,,,,,,,,,,,,,,,,,,,,,,,,,,,,,,,,,,,,,,,,,,,,,,,,1[1],1[1],82944[82944],128[128],TILE,BFLOAT16,DEV_1_DRAM_INTERLEAVED,,,,,,,,,,,,,,,,,['ttnn/cpp/ttnn/operations/matmul/device/kernels/compute/bmm_large_block_zm_fused_bias_activation.cpp'],['bmm_large_block_zm_fused_bias_activation/12403807181074774487/'],['ttnn/cpp/ttnn/operations/matmul/device/kernels/dataflow/reader_bmm_tile_layout_in1_receiver_writer_padding.cpp'; 'ttnn/cpp/ttnn/operations/matmul/device/kernels/dataflow/reader_bmm_tile_layout_in1_sender_writer_padding.cpp'; 'ttnn/cpp/ttnn/operations/matmul/device/kernels/dataflow/reader_bmm_tile_layout_in0_sender_padding.cpp'],['reader_bmm_tile_layout_in1_receiver_writer_padding/4816666628977820460/'; 'reader_bmm_tile_layout_in1_sender_writer_padding/15014427916231959280/'; 'reader_bmm_tile_layout_in0_sender_padding/397502495397229749/'],5349242496453281346,False,1888,896,1432,1508,1864,0,0,0,0,38623,560,38623,[137.44183349609375; 0.21210159361362457],[549.767333984375],0.279,,,,,
MatmulDeviceOperation,tt_dnn_device,264192,0,blackhole,{'bcast_batch': 'true'; 'compute_kernel_config': 'ComputeKernelConfig(math_fidelity=HiFi4;math_approx_mode=0;fp32_dest_acc_en=1;packer_l1_acc=1;dst_full_sync_en=0;throttle_level=ThrottleLevel::NO_THROTTLE)'; 'global_cb': 'std::nullopt'; 'output_dtype': 'DataType::BFLOAT16'; 'output_mem_config': 'MemoryConfig(memory_layout=TensorMemoryLayout::INTERLEAVED;buffer_type=BufferType::DRAM;shard_spec=std::nullopt;nd_shard_spec=std::nullopt;created_with_nd_shard_spec=0)'; 'output_tile': 'Tile(tile_shape={32; 32};face_shape={16; 16};num_faces=4)'; 'program_config': 'MatmulMultiCoreReuseMultiCast1DProgramConfig(compute_with_storage_grid_size=(x=11;y=10);in0_block_w=2;out_subblock_h=2;out_subblock_w=2;out_block_h=24;out_block_w=4;per_core_M=24;per_core_N=4;fuse_batch=0;fused_activation=std::nullopt;mcast_in0=0;gather_in0=0;hop_cores={};num_global_cb_receivers=0;untilize_out=0)'; 'sub_device_id': 'std::nullopt'; 'transpose_a': 'false'; 'transpose_b': 'true'; 'untilize_out': 'false'; 'user_core_coord': 'std::nullopt'; 'user_fused_activation': 'std::nullopt'; 'user_run_batched': 'false'},HiFi4,108,110,,91035776430,91035834518,58088,1322337551223,1322337753354,76335,76335,149727,148127,148127,,,,653,148125,96429,109449,109397,109844,,,,,,1[1],1[1],82944[82944],128[128],TILE,BFLOAT16,DEV_1_DRAM_INTERLEAVED,1[1],1[1],128[128],128[128],TILE,BFLOAT16,DEV_1_DRAM_INTERLEAVED,,,,,,,,,,,,,,,,,,,,,,,,,,,,,,,,,,,,,,,,,,,,,,,,,,,,,,,,,1[1],1[1],82944[82944],128[128],TILE,BFLOAT16,DEV_1_DRAM_INTERLEAVED,,,,,,,,,,,,,,,,,['ttnn/cpp/ttnn/operations/matmul/device/kernels/compute/bmm_large_block_zm_fused_bias_activation.cpp'],['bmm_large_block_zm_fused_bias_activation/12348306712591899303/'],['ttnn/cpp/ttnn/operations/matmul/device/kernels/dataflow/reader_bmm_tile_layout_in1_receiver_writer_padding.cpp'; 'ttnn/cpp/ttnn/operations/matmul/device/kernels/dataflow/reader_bmm_tile_layout_in1_sender_writer_padding.cpp'; 'ttnn/cpp/ttnn/operations/matmul/device/kernels/dataflow/reader_bmm_tile_layout_in0_sender_padding.cpp'],['reader_bmm_tile_layout_in1_receiver_writer_padding/11533872026438281213/'; 'reader_bmm_tile_layout_in1_sender_writer_padding/3090007330516364150/'; 'reader_bmm_tile_layout_in0_sender_padding/17208581116664715941/'],8656061627070775966,True,1952,824,2236,1964,2504,0,0,0,0,38623,17875,38623,[549.767333984375; 0.8484063744544983],[549.767333984375],12.067,,,,,
GenericOpDeviceOperation,tt_dnn_device,265216,0,blackhole,{'num_mesh_programs': '1'},HiFi4,110,110,,91041242873,91041298546,55673,1322344918605,1322345203327,5308138,5308158,210905,210373,210353,,,,610,210294,209391,209569,209819,209356,,,,,,1[1],288[288],288[288],128[128],TILE,BFLOAT16,DEV_1_DRAM_INTERLEAVED,1[1],288[288],288[288],128[128],TILE,BFLOAT16,DEV_1_DRAM_INTERLEAVED,1[1],288[288],288[288],128[128],TILE,FLOAT32,DEV_1_DRAM_INTERLEAVED,1[1],288[288],288[288],128[128],TILE,FLOAT32,DEV_1_DRAM_INTERLEAVED,,,,,,,,,,,,,,,,,,,,,,,,,,,,,,,,,,,,,,,,,,,1[1],288[288],288[288],128[128],TILE,FLOAT32,DEV_1_DRAM_INTERLEAVED,,,,,,,,,,,,,,,,,['/home/ttuser/.coworker/wt/bcp-evo/tt_bio/kernels/rne_add/compute_rne_add.cpp'],['compute_rne_add/2992878184498688995/'],['/home/ttuser/.coworker/wt/bcp-evo/tt_bio/kernels/rne_add/writer_rne_add.cpp'; '/home/ttuser/.coworker/wt/bcp-evo/tt_bio/kernels/rne_add/reader_rne_add.cpp'],['writer_rne_add/1960461789912003921/'; 'reader_rne_add/9080596772748175215/'],17508131030540209524,False,756,1412,1604,1212,1428,0,0,0,0,1,1,1,[],[],0.0,,,,,
GenericOpDeviceOperation,tt_dnn_device,266240,0,blackhole,{'num_mesh_programs': '1'},HiFi4,110,110,,91047118664,91047189284,70620,1322352850778,1322353116223,5665347,5665340,196626,196070,196069,,,,601,196008,193234,195182,195723,195026,,,,,,1[1],288[288],288[288],128[128],TILE,FLOAT32,DEV_1_DRAM_INTERLEAVED,1[1],288[288],288[288],128[128],TILE,BFLOAT16,DEV_1_DRAM_INTERLEAVED,1[1],288[288],288[288],128[128],TILE,BFLOAT16,DEV_1_DRAM_INTERLEAVED,1[1],288[288],288[288],128[128],TILE,BFLOAT16,DEV_1_DRAM_INTERLEAVED,,,,,,,,,,,,,,,,,,,,,,,,,,,,,,,,,,,,,,,,,,,1[1],288[288],288[288],128[128],TILE,BFLOAT16,DEV_1_DRAM_INTERLEAVED,,,,,,,,,,,,,,,,,['/home/ttuser/.coworker/wt/bcp-evo/tt_bio/kernels/rne_add/compute_rne_add.cpp'],['compute_rne_add/1949524675310930412/'],['/home/ttuser/.coworker/wt/bcp-evo/tt_bio/kernels/rne_add/writer_rne_add.cpp'; '/home/ttuser/.coworker/wt/bcp-evo/tt_bio/kernels/rne_add/reader_rne_add.cpp'],['writer_rne_add/9924544566302932517/'; 'reader_rne_add/487084115699691163/'],6487815903460990456,False,768,1420,2152,1480,1432,0,0,0,0,1,1,1,[],[],0.001,,,,,
GenericOpDeviceOperation,tt_dnn_device,267264,0,blackhole,{'num_mesh_programs': '1'},HiFi4,110,110,,91048022826,91048074542,51716,1322354072409,1322354313686,708851,708968,178724,178148,178031,,,,879,177948,162567,177392,177545,177343,,,,,,1[1],288[288],288[288],128[128],TILE,BFLOAT16,DEV_1_DRAM_INTERLEAVED,1[1],288[288],288[288],128[128],TILE,BFLOAT16,DEV_1_DRAM_INTERLEAVED,1[1],1[1],32[1],128[128],TILE,BFLOAT16,DEV_1_DRAM_INTERLEAVED,1[1],288[288],288[288],128[128],TILE,BFLOAT16,DEV_1_DRAM_INTERLEAVED,1[1],288[288],288[288],128[128],TILE,BFLOAT16,DEV_1_DRAM_INTERLEAVED,,,,,,,,,,,,,,,,,,,,,,,,,,,,,,,,,,,,1[1],288[288],288[288],128[128],TILE,BFLOAT16,DEV_1_DRAM_INTERLEAVED,,,,,,,,,,,,,,,,,['/home/ttuser/.coworker/wt/bcp-evo/tt_bio/kernels/lnbw/compute_lnbw.cpp'],['compute_lnbw/7523916731524505336/'],['/home/ttuser/.coworker/wt/bcp-evo/tt_bio/kernels/lnbw/writer_lnbw.cpp'; '/home/ttuser/.coworker/wt/bcp-evo/tt_bio/kernels/lnbw/reader_lnbw.cpp'],['writer_lnbw/8051665203697858371/'; 'reader_lnbw/8486842166353870432/'],895543367223761992,True,764,2236,7708,7544,10412,0,0,0,0,1,1,1,[],[],0.001,,,,,
GenericOpDeviceOperation,tt_dnn_device,268288,0,blackhole,{'num_mesh_programs': '1'},,110,110,,91048204122,91048234789,30667,1322354323818,1322354596235,8071,8071,201790,201233,201233,,,,568,201210,93717,,,,,,,,,1[1],288[288],288[288],128[128],TILE,BFLOAT16,DEV_1_DRAM_INTERLEAVED,1[1],288[288],288[288],128[128],TILE,BFLOAT16,DEV_1_DRAM_INTERLEAVED,1[1],288[288],288[288],128[128],TILE,BFLOAT16,DEV_1_DRAM_INTERLEAVED,,,,,,,,,,,,,,,,,,,,,,,,,,,,,,,,,,,,,,,,,,,,,,,,,,1[1],288[288],288[288],128[128],TILE,BFLOAT16,DEV_1_DRAM_INTERLEAVED,,,,,,,,,,,,,,,,,[],[],['/home/ttuser/.coworker/wt/bcp-evo/tt_bio/kernels/pair_transpose/writer_pair_transpose.cpp'; '/home/ttuser/.coworker/wt/bcp-evo/tt_bio/kernels/pair_transpose/reader_pair_transpose.cpp'],['writer_pair_transpose/1148656286276345152/'; 'reader_pair_transpose/17721277455869609166/'],11664639922038897897,True,1180,1028,0,0,0,0,0,0,0,1,1,1,[],[],0.0,,,,,
GenericOpDeviceOperation,tt_dnn_device,269312,0,blackhole,{'num_mesh_programs': '1'},HiFi4,110,110,,91048366312,91048398451,32139,1322354537740,1322354792283,389,391,188550,144830,144828,,,,1394,144828,142142,143020,144471,143896,,,,,,1[1],288[288],288[288],128[128],TILE,BFLOAT16,DEV_1_DRAM_INTERLEAVED,1[1],288[288],288[288],128[128],TILE,BFLOAT16,DEV_1_DRAM_INTERLEAVED,1[1],288[288],288[288],128[128],TILE,BFLOAT16,DEV_1_DRAM_INTERLEAVED,1[1],288[288],288[288],128[128],TILE,BFLOAT16,DEV_1_DRAM_INTERLEAVED,,,,,,,,,,,,,,,,,,,,,,,,,,,,,,,,,,,,,,,,,,,1[1],288[288],288[288],128[128],TILE,BFLOAT16,DEV_1_DRAM_INTERLEAVED,,,,,,,,,,,,,,,,,['/home/ttuser/.coworker/wt/bcp-evo/tt_bio/kernels/rne_add/compute_rne_add.cpp'],['compute_rne_add/15506775982570106819/'],['/home/ttuser/.coworker/wt/bcp-evo/tt_bio/kernels/rne_add/writer_rne_add.cpp'; '/home/ttuser/.coworker/wt/bcp-evo/tt_bio/kernels/rne_add/reader_rne_add.cpp'],['writer_rne_add/11689109000663956392/'; 'reader_rne_add/5462348467134491698/'],16281275380064118936,True,768,1412,1604,1376,1432,0,0,0,0,1,1,1,[],[],0.001,,,,,
MatmulDeviceOperation,tt_dnn_device,270336,0,blackhole,{'bcast_batch': 'true'; 'compute_kernel_config': 'ComputeKernelConfig(math_fidelity=HiFi4;math_approx_mode=0;fp32_dest_acc_en=1;packer_l1_acc=1;dst_full_sync_en=0;throttle_level=ThrottleLevel::NO_THROTTLE)'; 'global_cb': 'std::nullopt'; 'output_dtype': 'DataType::BFLOAT16'; 'output_mem_config': 'MemoryConfig(memory_layout=TensorMemoryLayout::INTERLEAVED;buffer_type=BufferType::DRAM;shard_spec=std::nullopt;nd_shard_spec=std::nullopt;created_with_nd_shard_spec=0)'; 'output_tile': 'Tile(tile_shape={32; 32};face_shape={16; 16};num_faces=4)'; 'program_config': 'MatmulMultiCoreReuseMultiCast1DProgramConfig(compute_with_storage_grid_size=(x=11;y=10);in0_block_w=2;out_subblock_h=2;out_subblock_w=2;out_block_h=24;out_block_w=4;per_core_M=24;per_core_N=4;fuse_batch=0;fused_activation=std::nullopt;mcast_in0=0;gather_in0=0;hop_cores={};num_global_cb_receivers=0;untilize_out=0)'; 'sub_device_id': 'std::nullopt'; 'transpose_a': 'false'; 'transpose_b': 'true'; 'untilize_out': 'false'; 'user_core_coord': 'std::nullopt'; 'user_fused_activation': 'std::nullopt'; 'user_run_batched': 'false'},HiFi4,108,110,,91048510939,91048593011,82072,1322354741534,1322354992514,81,81,185911,148224,148224,,,,1604,148224,95363,108273,108216,108661,,,,,,1[1],1[1],82944[82944],128[128],TILE,BFLOAT16,DEV_1_DRAM_INTERLEAVED,1[1],1[1],128[128],128[128],TILE,BFLOAT16,DEV_1_DRAM_INTERLEAVED,,,,,,,,,,,,,,,,,,,,,,,,,,,,,,,,,,,,,,,,,,,,,,,,,,,,,,,,,1[1],1[1],82944[82944],128[128],TILE,BFLOAT16,DEV_1_DRAM_INTERLEAVED,,,,,,,,,,,,,,,,,['ttnn/cpp/ttnn/operations/matmul/device/kernels/compute/bmm_large_block_zm_fused_bias_activation.cpp'],['bmm_large_block_zm_fused_bias_activation/12348306712591899303/'],['ttnn/cpp/ttnn/operations/matmul/device/kernels/dataflow/reader_bmm_tile_layout_in1_receiver_writer_padding.cpp'; 'ttnn/cpp/ttnn/operations/matmul/device/kernels/dataflow/reader_bmm_tile_layout_in1_sender_writer_padding.cpp'; 'ttnn/cpp/ttnn/operations/matmul/device/kernels/dataflow/reader_bmm_tile_layout_in0_sender_padding.cpp'],['reader_bmm_tile_layout_in1_receiver_writer_padding/11533872026438281213/'; 'reader_bmm_tile_layout_in1_sender_writer_padding/3090007330516364150/'; 'reader_bmm_tile_layout_in0_sender_padding/17208581116664715941/'],8656061627070775966,True,1952,824,2236,1964,2504,0,0,0,0,38623,17875,38623,[549.767333984375; 0.8484063744544983],[549.767333984375],12.059,,,,,
GenericOpDeviceOperation,tt_dnn_device,271360,0,blackhole,{'num_mesh_programs': '1'},HiFi4,110,110,,91048730165,91048767504,37339,1322355028666,1322355410502,27331,27366,282841,282305,282270,,,,647,282174,257196,276161,281629,281709,,,,,,1[1],288[288],288[288],128[128],TILE,BFLOAT16,DEV_1_DRAM_INTERLEAVED,1[1],288[288],288[288],128[128],TILE,BFLOAT16,DEV_1_DRAM_INTERLEAVED,1[1],288[288],288[288],128[128],TILE,BFLOAT16,DEV_1_DRAM_INTERLEAVED,1[1],288[288],288[288],128[128],TILE,BFLOAT16,DEV_1_DRAM_INTERLEAVED,1[1],288[288],288[288],128[128],TILE,BFLOAT16,DEV_1_DRAM_INTERLEAVED,1[1],288[288],288[288],128[128],TILE,BFLOAT16,DEV_1_DRAM_INTERLEAVED,,,,,,,,,,,,,,,,,,,,,,,,,,,,,1[1],288[288],288[288],128[128],TILE,BFLOAT16,DEV_1_DRAM_INTERLEAVED,,,,,,,,,,,,,,,,,['/home/ttuser/.coworker/wt/bcp-evo/tt_bio/kernels/gate_bw/compute_gate_bw.cpp'],['compute_gate_bw/7752279662899972872/'],['/home/ttuser/.coworker/wt/bcp-evo/tt_bio/kernels/gate_bw/writer_gate_bw.cpp'; '/home/ttuser/.coworker/wt/bcp-evo/tt_bio/kernels/gate_bw/reader_gate_bw.cpp'],['writer_gate_bw/8111932171875705432/'; 'reader_gate_bw/7533951476172066466/'],14448888073515459580,True,984,1804,1800,5476,1892,0,0,0,0,1,1,1,[],[],0.0,,,,,
TransposeDeviceOperation,tt_dnn_device,272384,0,blackhole,{'dim': 'TransposeOpDim::WH'; 'output_mem_config': 'MemoryConfig(memory_layout=TensorMemoryLayout::INTERLEAVED;buffer_type=BufferType::DRAM;shard_spec=std::nullopt;nd_shard_spec=std::nullopt;created_with_nd_shard_spec=0)'; 'pad_value': '0'},HiFi4,110,110,,91048844066,91048902614,58548,1322355394084,1322355561616,73,76,124098,111856,111854,,,,1659,111839,111536,111582,110329,111199,,,,,,288[288],1[1],288[288],128[128],TILE,BFLOAT16,DEV_1_DRAM_INTERLEAVED,,,,,,,,,,,,,,,,,,,,,,,,,,,,,,,,,,,,,,,,,,,,,,,,,,,,,,,,,,,,,,,,288[288],1[1],128[128],288[288],TILE,BFLOAT16,DEV_1_DRAM_INTERLEAVED,,,,,,,,,,,,,,,,,['ttnn/cpp/ttnn/operations/data_movement/transpose/device/kernels/compute/transpose_wh.cpp'],['transpose_wh/14581025993053660267/'],['ttnn/cpp/ttnn/operations/eltwise/unary/device/kernels/dataflow/writer_unary_interleaved_start_id.cpp'; 'ttnn/cpp/ttnn/operations/data_movement/transpose/device/kernels/dataflow/reader_unary_transpose_wh_interleaved_start_id.cpp'],['writer_unary_interleaved_start_id/6276820466797607771/'; 'reader_unary_transpose_wh_interleaved_start_id/890651917070584162/'],16461604749335367939,True,1000,1012,1140,648,1296,0,0,0,0,128361,128361,38623,[165.4214630126953],[165.4214630126953],114.756,,,,,
TransposeDeviceOperation,tt_dnn_device,273408,0,blackhole,{'dim': 'TransposeOpDim::WH'; 'output_mem_config': 'MemoryConfig(memory_layout=TensorMemoryLayout::INTERLEAVED;buffer_type=BufferType::DRAM;shard_spec=std::nullopt;nd_shard_spec=std::nullopt;created_with_nd_shard_spec=0)'; 'pad_value': '0'},HiFi4,110,110,,91048924655,91048952246,27591,1322355495395,1322355710673,321,321,159465,110093,110092,,,,1421,110092,109795,109840,108563,109445,,,,,,288[288],4[4],32[32],288[288],TILE,BFLOAT16,DEV_1_DRAM_INTERLEAVED,,,,,,,,,,,,,,,,,,,,,,,,,,,,,,,,,,,,,,,,,,,,,,,,,,,,,,,,,,,,,,,,288[288],4[4],288[288],32[32],TILE,BFLOAT16,DEV_1_DRAM_INTERLEAVED,,,,,,,,,,,,,,,,,['ttnn/cpp/ttnn/operations/data_movement/transpose/device/kernels/compute/transpose_wh.cpp'],['transpose_wh/14581025993053660267/'],['ttnn/cpp/ttnn/operations/eltwise/unary/device/kernels/dataflow/writer_unary_interleaved_start_id.cpp'; 'ttnn/cpp/ttnn/operations/data_movement/transpose/device/kernels/dataflow/reader_unary_transpose_wh_interleaved_start_id.cpp'],['writer_unary_interleaved_start_id/6276820466797607771/'; 'reader_unary_transpose_wh_interleaved_start_id/890651917070584162/'],16461604749334402497,True,1000,1012,1140,648,1296,0,0,0,0,128361,128361,38623,[165.4214630126953],[165.4214630126953],116.593,,,,,
GenericOpDeviceOperation,tt_dnn_device,274432,0,blackhole,{'num_mesh_programs': '1'},HiFi4,108,110,,91050215964,91050267419,51455,1322357017346,1322360607753,968936,968936,2659561,2658527,2658527,,,,1370,2658521,2140694,2594882,2595160,2595667,,,,,,288[288],4[4],288[288],32[32],TILE,BFLOAT16,DEV_1_DRAM_INTERLEAVED,288[288],4[4],288[288],32[32],TILE,BFLOAT16,DEV_1_DRAM_INTERLEAVED,288[288],4[4],288[288],32[32],TILE,BFLOAT16,DEV_1_DRAM_INTERLEAVED,288[288],4[4],288[288],32[32],TILE,BFLOAT16,DEV_1_DRAM_INTERLEAVED,1[1],4[4],288[288],288[288],TILE,BFLOAT16,DEV_1_DRAM_INTERLEAVED,288[288],1[1],288[288],384[384],TILE,BFLOAT16,DEV_1_DRAM_INTERLEAVED,288[288],1[1],288[288],384[384],TILE,BFLOAT16,DEV_1_DRAM_INTERLEAVED,288[288],1[1],288[288],384[384],TILE,BFLOAT16,DEV_1_DRAM_INTERLEAVED,27[27],4[4],288[288],288[288],TILE,FLOAT32,DEV_1_DRAM_INTERLEAVED,27[27],4[4],288[288],288[288],TILE,FLOAT32,DEV_1_DRAM_INTERLEAVED,27[27],4[4],288[288],288[288],TILE,FLOAT32,DEV_1_DRAM_INTERLEAVED,,,,,,,,,,,,,,,,,['/home/ttuser/.coworker/wt/bcp-evo/tt_bio/kernels/triatt_bw/compute/triatt_bw.cpp'],['triatt_bw/14031568487708199352/'],['/home/ttuser/.coworker/wt/bcp-evo/tt_bio/kernels/triatt_bw/dataflow/writer.cpp'; '/home/ttuser/.coworker/wt/bcp-evo/tt_bio/kernels/triatt_bw/dataflow/reader.cpp'],['writer/16389780824563323312/'; 'reader/3131828587854662785/'],3487059909925065279,True,3104,2668,12768,12420,16756,0,0,0,0,1,1,1,[],[],0.0,,,,,
GenericOpDeviceOperation,tt_dnn_device,275456,0,blackhole,{'num_mesh_programs': '1'},HiFi4,110,110,,91050351935,91050376220,24285,1322357196873,1322360736774,310,310,2622149,95266,95266,,,,1420,95266,93814,94779,94887,87814,,,,,,27[27],4[4],288[288],288[288],TILE,FLOAT32,DEV_1_DRAM_INTERLEAVED,1[1],4[4],288[288],288[288],TILE,FLOAT32,DEV_1_DRAM_INTERLEAVED,1[1],4[4],288[288],288[288],TILE,FLOAT32,DEV_1_DRAM_INTERLEAVED,,,,,,,,,,,,,,,,,,,,,,,,,,,,,,,,,,,,,,,,,,,,,,,,,,1[1],4[4],288[288],288[288],TILE,FLOAT32,DEV_1_DRAM_INTERLEAVED,,,,,,,,,,,,,,,,,['/home/ttuser/.coworker/wt/bcp-evo/tt_bio/kernels/lead_sum/compute_lead_sum.cpp'],['compute_lead_sum/4067854701688430489/'],['/home/ttuser/.coworker/wt/bcp-evo/tt_bio/kernels/rne_add/writer_rne_add.cpp'; '/home/ttuser/.coworker/wt/bcp-evo/tt_bio/kernels/lead_sum/reader_lead_sum.cpp'],['writer_rne_add/3656401552221671705/'; 'reader_lead_sum/3863039908359406338/'],18019050278127221404,True,668,1044,2096,1244,1292,0,0,0,0,1,1,1,[],[],0.001,,,,,
MatmulDeviceOperation,tt_dnn_device,276480,0,blackhole,{'bcast_batch': 'true'; 'compute_kernel_config': 'ComputeKernelConfig(math_fidelity=HiFi4;math_approx_mode=0;fp32_dest_acc_en=1;packer_l1_acc=1;dst_full_sync_en=0;throttle_level=ThrottleLevel::NO_THROTTLE)'; 'global_cb': 'std::nullopt'; 'output_dtype': 'DataType::BFLOAT16'; 'output_mem_config': 'MemoryConfig(memory_layout=TensorMemoryLayout::INTERLEAVED;buffer_type=BufferType::DRAM;shard_spec=std::nullopt;nd_shard_spec=std::nullopt;created_with_nd_shard_spec=0)'; 'output_tile': 'Tile(tile_shape={32; 32};face_shape={16; 16};num_faces=4)'; 'program_config': 'MatmulMultiCoreReuseMultiCast1DProgramConfig(compute_with_storage_grid_size=(x=11;y=10);in0_block_w=2;out_subblock_h=2;out_subblock_w=2;out_block_h=24;out_block_w=4;per_core_M=24;per_core_N=4;fuse_batch=0;fused_activation=std::nullopt;mcast_in0=0;gather_in0=0;hop_cores={};num_global_cb_receivers=0;untilize_out=0)'; 'sub_device_id': 'std::nullopt'; 'transpose_a': 'false'; 'transpose_b': 'true'; 'untilize_out': 'false'; 'user_core_coord': 'std::nullopt'; 'user_fused_activation': 'std::nullopt'; 'user_run_batched': 'false'},HiFi4,108,110,,91050538721,91050615122,76401,1322360658335,1322361173061,91,93,381279,323070,323069,,,,1601,323056,266936,279931,279853,280296,,,,,,1[1],1[1],82944[82944],384[384],TILE,BFLOAT16,DEV_1_DRAM_INTERLEAVED,1[1],1[1],128[128],384[384],TILE,BFLOAT16,DEV_1_DRAM_INTERLEAVED,,,,,,,,,,,,,,,,,,,,,,,,,,,,,,,,,,,,,,,,,,,,,,,,,,,,,,,,,1[1],1[1],82944[82944],128[128],TILE,BFLOAT16,DEV_1_DRAM_INTERLEAVED,,,,,,,,,,,,,,,,,['ttnn/cpp/ttnn/operations/matmul/device/kernels/compute/bmm_large_block_zm_fused_bias_activation.cpp'],['bmm_large_block_zm_fused_bias_activation/12457779508691317190/'],['ttnn/cpp/ttnn/operations/matmul/device/kernels/dataflow/reader_bmm_tile_layout_in1_receiver_writer_padding.cpp'; 'ttnn/cpp/ttnn/operations/matmul/device/kernels/dataflow/reader_bmm_tile_layout_in1_sender_writer_padding.cpp'; 'ttnn/cpp/ttnn/operations/matmul/device/kernels/dataflow/reader_bmm_tile_layout_in0_sender_padding.cpp'],['reader_bmm_tile_layout_in1_receiver_writer_padding/5476760934562266441/'; 'reader_bmm_tile_layout_in1_sender_writer_padding/5186848334029062562/'; 'reader_bmm_tile_layout_in0_sender_padding/1838516876025428529/'],8656061627416951438,True,1944,828,2356,1968,2608,0,0,0,0,115871,53621,115871,[549.7578735351562; 0.8483917713165283],[183.25262451171875],16.597,,,,,
TypecastDeviceOperation,tt_dnn_device,277504,0,blackhole,{'bfp8_pack_precise': 'false'; 'fp32_dest_acc_en': 'true'; 'input_dtype': 'DataType::FLOAT32'; 'output_dtype': 'DataType::BFLOAT16'; 'output_memory_config': 'MemoryConfig(memory_layout=TensorMemoryLayout::INTERLEAVED;buffer_type=BufferType::DRAM;shard_spec=std::nullopt;nd_shard_spec=std::nullopt;created_with_nd_shard_spec=0)'; 'preserve_fp32_precision': 'true'; 'sub_core_grids': 'std::nullopt'},HiFi4,110,110,,91050670705,91050710118,39413,1322360738347,1322361181235,277,279,328065,5790,5788,,,,1401,5788,5238,5317,5442,4609,,,,,,1[1],4[4],288[288],288[288],TILE,FLOAT32,DEV_1_DRAM_INTERLEAVED,,,,,,,,,,,,,,,,,,,,,,,,,,,,,,,,,,,,,,,,,,,,,,,,,,,,,,,,,,,,,,,,1[1],4[4],288[288],288[288],TILE,BFLOAT16,DEV_1_DRAM_INTERLEAVED,,,,,,,,,,,,,,,,,['ttnn/cpp/ttnn/operations/copy/typecast/device/kernels/compute/eltwise_typecast.cpp'],['eltwise_typecast/9084048224073061541/'],['ttnn/cpp/ttnn/operations/eltwise/unary/device/kernels/dataflow/writer_unary_interleaved_start_id.cpp'; 'ttnn/cpp/ttnn/operations/eltwise/unary/device/kernels/dataflow/reader_unary_interleaved_start_id.cpp'],['writer_unary_interleaved_start_id/15487931821133672948/'; 'reader_unary_interleaved_start_id/8137388031877499190/'],4060195800005397425,True,1000,928,1404,1120,1272,0,0,0,0,1,1,1,[],[],0.017,,,,,
BinaryNgDeviceOperation,tt_dnn_device,278528,0,blackhole,{'binary_op_type': 'BinaryOpType::MUL'; 'compute_kernel_config': 'std::nullopt'; 'dtype': 'DataType::BFLOAT16'; 'input_dtype': 'DataType::BFLOAT16'; 'is_quant_op': 'false'; 'is_sfpu': 'true'; 'is_where_op': 'false'; 'lhs_activations': '{}'; 'memory_config': 'MemoryConfig(memory_layout=TensorMemoryLayout::INTERLEAVED;buffer_type=BufferType::DRAM;shard_spec=std::nullopt;nd_shard_spec=std::nullopt;created_with_nd_shard_spec=0)'; 'post_activations': '{}'; 'rhs_activations': '{}'; 'scalar': '0.17677669'; 'sub_core_grids': 'std::nullopt'; 'subtile_broadcast_type': 'SubtileBroadcastType::NONE'; 'worker_grid': '{[(x=0;y=0) - (x=10;y=9)]}'},HiFi4,110,110,,91050755282,91050802459,47177,1322361178331,1322361188806,270,278,7759,5340,5332,,,,1407,5312,3233,3476,4613,4684,,,,,,1[1],4[4],288[288],288[288],TILE,BFLOAT16,DEV_1_DRAM_INTERLEAVED,,,,,,,,,,,,,,,,,,,,,,,,,,,,,,,,,,,,,,,,,,,,,,,,,,,,,,,,,,,,,,,,1[1],4[4],288[288],288[288],TILE,BFLOAT16,DEV_1_DRAM_INTERLEAVED,,,,,,,,,,,,,,,,,['ttnn/cpp/ttnn/operations/eltwise/binary_ng/device/kernels/compute/eltwise_binary_sfpu_scalar.cpp'],['eltwise_binary_sfpu_scalar/6302317103236044736/'],['ttnn/cpp/ttnn/operations/eltwise/binary_ng/device/kernels/dataflow/reader_interleaved_no_bcast.cpp'; 'ttnn/cpp/ttnn/operations/eltwise/binary_ng/device/kernels/dataflow/writer_interleaved_scalar.cpp'],['reader_interleaved_no_bcast/15501400787415134526/'; 'writer_interleaved_scalar/13747915134593411132/'],15691238620557725211,True,1228,1256,1532,1264,1296,0,0,0,0,1,1,1,[],[],0.019,,,,,
BinaryNgDeviceOperation,tt_dnn_device,279552,0,blackhole,{'binary_op_type': 'BinaryOpType::MUL'; 'compute_kernel_config': 'std::nullopt'; 'dtype': 'DataType::BFLOAT16'; 'input_dtype': 'DataType::BFLOAT16'; 'is_quant_op': 'false'; 'is_sfpu': 'true'; 'is_where_op': 'false'; 'lhs_activations': '{}'; 'memory_config': 'MemoryConfig(memory_layout=TensorMemoryLayout::INTERLEAVED;buffer_type=BufferType::DRAM;shard_spec=std::nullopt;nd_shard_spec=std::nullopt;created_with_nd_shard_spec=0)'; 'post_activations': '{}'; 'rhs_activations': '{}'; 'scalar': '5.656854'; 'sub_core_grids': 'std::nullopt'; 'subtile_broadcast_type': 'SubtileBroadcastType::NONE'; 'worker_grid': '{[(x=0;y=0) - (x=10;y=9)]}'},HiFi4,110,110,,91050840159,91050865996,25837,1322361187240,1322361195960,323,323,6459,4979,4979,,,,1344,4973,3230,3421,4535,3932,,,,,,1[1],4[4],288[288],288[288],TILE,BFLOAT16,DEV_1_DRAM_INTERLEAVED,,,,,,,,,,,,,,,,,,,,,,,,,,,,,,,,,,,,,,,,,,,,,,,,,,,,,,,,,,,,,,,,1[1],4[4],288[288],288[288],TILE,BFLOAT16,DEV_1_DRAM_INTERLEAVED,,,,,,,,,,,,,,,,,['ttnn/cpp/ttnn/operations/eltwise/binary_ng/device/kernels/compute/eltwise_binary_sfpu_scalar.cpp'],['eltwise_binary_sfpu_scalar/6302317103236044736/'],['ttnn/cpp/ttnn/operations/eltwise/binary_ng/device/kernels/dataflow/reader_interleaved_no_bcast.cpp'; 'ttnn/cpp/ttnn/operations/eltwise/binary_ng/device/kernels/dataflow/writer_interleaved_scalar.cpp'],['reader_interleaved_no_bcast/15501400787415134526/'; 'writer_interleaved_scalar/13747915134593411132/'],15691238620557725211,True,1228,1256,1532,1264,1296,0,0,0,0,1,1,1,[],[],0.02,,,,,
PermuteDeviceOperation,tt_dnn_device,280576,0,blackhole,{'dims': '{0; 2; 3; 1}'; 'output_mem_config': 'MemoryConfig(memory_layout=TensorMemoryLayout::INTERLEAVED;buffer_type=BufferType::DRAM;shard_spec=std::nullopt;nd_shard_spec=std::nullopt;created_with_nd_shard_spec=0)'; 'pad_value': '0'},HiFi4,110,110,,91050937599,91050979917,42318,1322361195108,1322361400884,313,315,152427,151479,151477,,,,1331,151441,148673,148827,148801,149216,,,,,,1[1],4[4],288[288],288[288],TILE,BFLOAT16,DEV_1_DRAM_INTERLEAVED,,,,,,,,,,,,,,,,,,,,,,,,,,,,,,,,,,,,,,,,,,,,,,,,,,,,,,,,,,,,,,,,1[1],288[288],288[288],32[4],TILE,BFLOAT16,DEV_1_DRAM_INTERLEAVED,,,,,,,,,,,,,,,,,['ttnn/cpp/ttnn/operations/data_movement/permute/device/kernels/compute/transpose_xw_tiled.cpp'],['transpose_xw_tiled/3700826860125243985/'],['ttnn/cpp/ttnn/operations/data_movement/permute/device/kernels/dataflow/writer_permute_interleaved_tiled_generic.cpp'; 'ttnn/cpp/ttnn/operations/data_movement/permute/device/kernels/dataflow/reader_permute_interleaved_tiled_generic.cpp'],['writer_permute_interleaved_tiled_generic/12978767909115892113/'; 'reader_permute_interleaved_tiled_generic/12490802708496418744/'],6020671804791083783,True,1172,1232,1764,1080,2748,0,0,0,0,18389,18389,9655,[36.08417892456055],[288.6734313964844],12.14,,,,,
MatmulDeviceOperation,tt_dnn_device,281600,0,blackhole,{'bcast_batch': 'true'; 'compute_kernel_config': 'ComputeKernelConfig(math_fidelity=HiFi4;math_approx_mode=0;fp32_dest_acc_en=1;packer_l1_acc=1;dst_full_sync_en=0;throttle_level=ThrottleLevel::NO_THROTTLE)'; 'global_cb': 'std::nullopt'; 'output_dtype': 'DataType::BFLOAT16'; 'output_mem_config': 'MemoryConfig(memory_layout=TensorMemoryLayout::INTERLEAVED;buffer_type=BufferType::DRAM;shard_spec=std::nullopt;nd_shard_spec=std::nullopt;created_with_nd_shard_spec=0)'; 'output_tile': 'Tile(tile_shape={32; 32};face_shape={16; 16};num_faces=4)'; 'program_config': 'MatmulMultiCoreReuseMultiCast1DProgramConfig(compute_with_storage_grid_size=(x=11;y=10);in0_block_w=1;out_subblock_h=2;out_subblock_w=2;out_block_h=24;out_block_w=4;per_core_M=24;per_core_N=4;fuse_batch=0;fused_activation=std::nullopt;mcast_in0=0;gather_in0=0;hop_cores={};num_global_cb_receivers=0;untilize_out=0)'; 'sub_device_id': 'std::nullopt'; 'transpose_a': 'false'; 'transpose_b': 'true'; 'untilize_out': 'false'; 'user_core_coord': 'std::nullopt'; 'user_fused_activation': 'std::nullopt'; 'user_run_batched': 'false'},HiFi4,108,110,,91051057831,91051107092,49261,1322361349507,1322361673041,333,333,239655,201249,201249,,,,1376,201243,76558,80999,81181,81664,,,,,,1[1],1[1],82944[82944],32[4],TILE,BFLOAT16,DEV_1_DRAM_INTERLEAVED,1[1],1[1],128[128],32[4],TILE,BFLOAT16,DEV_1_DRAM_INTERLEAVED,,,,,,,,,,,,,,,,,,,,,,,,,,,,,,,,,,,,,,,,,,,,,,,,,,,,,,,,,1[1],1[1],82944[82944],128[128],TILE,BFLOAT16,DEV_1_DRAM_INTERLEAVED,,,,,,,,,,,,,,,,,['ttnn/cpp/ttnn/operations/matmul/device/kernels/compute/bmm_large_block_zm_fused_bias_activation.cpp'],['bmm_large_block_zm_fused_bias_activation/12403807181074774487/'],['ttnn/cpp/ttnn/operations/matmul/device/kernels/dataflow/reader_bmm_tile_layout_in1_receiver_writer_padding.cpp'; 'ttnn/cpp/ttnn/operations/matmul/device/kernels/dataflow/reader_bmm_tile_layout_in1_sender_writer_padding.cpp'; 'ttnn/cpp/ttnn/operations/matmul/device/kernels/dataflow/reader_bmm_tile_layout_in0_sender_padding.cpp'],['reader_bmm_tile_layout_in1_receiver_writer_padding/4816666628977820460/'; 'reader_bmm_tile_layout_in1_sender_writer_padding/15014427916231959280/'; 'reader_bmm_tile_layout_in0_sender_padding/397502495397229749/'],5349242496453281346,True,1888,896,1432,1508,1864,0,0,0,0,38623,560,38623,[137.44183349609375; 0.21210159361362457],[549.767333984375],0.278,,,,,
MatmulDeviceOperation,tt_dnn_device,282624,0,blackhole,{'bcast_batch': 'true'; 'compute_kernel_config': 'ComputeKernelConfig(math_fidelity=HiFi4;math_approx_mode=0;fp32_dest_acc_en=1;packer_l1_acc=1;dst_full_sync_en=0;throttle_level=ThrottleLevel::NO_THROTTLE)'; 'global_cb': 'std::nullopt'; 'output_dtype': 'DataType::BFLOAT16'; 'output_mem_config': 'MemoryConfig(memory_layout=TensorMemoryLayout::INTERLEAVED;buffer_type=BufferType::DRAM;shard_spec=std::nullopt;nd_shard_spec=std::nullopt;created_with_nd_shard_spec=0)'; 'output_tile': 'Tile(tile_shape={32; 32};face_shape={16; 16};num_faces=4)'; 'program_config': 'MatmulMultiCoreReuseMultiCast1DProgramConfig(compute_with_storage_grid_size=(x=11;y=10);in0_block_w=2;out_subblock_h=2;out_subblock_w=2;out_block_h=24;out_block_w=4;per_core_M=24;per_core_N=4;fuse_batch=0;fused_activation=std::nullopt;mcast_in0=0;gather_in0=0;hop_cores={};num_global_cb_receivers=0;untilize_out=0)'; 'sub_device_id': 'std::nullopt'; 'transpose_a': 'false'; 'transpose_b': 'true'; 'untilize_out': 'false'; 'user_core_coord': 'std::nullopt'; 'user_fused_activation': 'std::nullopt'; 'user_run_batched': 'false'},HiFi4,108,110,,91051177513,91051214792,37279,1322361525631,1322361871450,177,177,256162,146809,146809,,,,1516,146809,95233,108307,108255,108693,,,,,,1[1],1[1],82944[82944],128[128],TILE,BFLOAT16,DEV_1_DRAM_INTERLEAVED,1[1],1[1],128[128],128[128],TILE,BFLOAT16,DEV_1_DRAM_INTERLEAVED,,,,,,,,,,,,,,,,,,,,,,,,,,,,,,,,,,,,,,,,,,,,,,,,,,,,,,,,,1[1],1[1],82944[82944],128[128],TILE,BFLOAT16,DEV_1_DRAM_INTERLEAVED,,,,,,,,,,,,,,,,,['ttnn/cpp/ttnn/operations/matmul/device/kernels/compute/bmm_large_block_zm_fused_bias_activation.cpp'],['bmm_large_block_zm_fused_bias_activation/12348306712591899303/'],['ttnn/cpp/ttnn/operations/matmul/device/kernels/dataflow/reader_bmm_tile_layout_in1_receiver_writer_padding.cpp'; 'ttnn/cpp/ttnn/operations/matmul/device/kernels/dataflow/reader_bmm_tile_layout_in1_sender_writer_padding.cpp'; 'ttnn/cpp/ttnn/operations/matmul/device/kernels/dataflow/reader_bmm_tile_layout_in0_sender_padding.cpp'],['reader_bmm_tile_layout_in1_receiver_writer_padding/11533872026438281213/'; 'reader_bmm_tile_layout_in1_sender_writer_padding/3090007330516364150/'; 'reader_bmm_tile_layout_in0_sender_padding/17208581116664715941/'],8656061627070775966,True,1952,824,2236,1964,2504,0,0,0,0,38623,17875,38623,[549.767333984375; 0.8484063744544983],[549.767333984375],12.176,,,,,
GenericOpDeviceOperation,tt_dnn_device,283648,0,blackhole,{'num_mesh_programs': '1'},HiFi4,110,110,,91051296713,91051327691,30978,1322361674660,1322362154936,255,256,355760,209745,209744,,,,1519,209744,208778,208982,209189,208776,,,,,,1[1],288[288],288[288],128[128],TILE,BFLOAT16,DEV_1_DRAM_INTERLEAVED,1[1],288[288],288[288],128[128],TILE,BFLOAT16,DEV_1_DRAM_INTERLEAVED,1[1],288[288],288[288],128[128],TILE,FLOAT32,DEV_1_DRAM_INTERLEAVED,1[1],288[288],288[288],128[128],TILE,FLOAT32,DEV_1_DRAM_INTERLEAVED,,,,,,,,,,,,,,,,,,,,,,,,,,,,,,,,,,,,,,,,,,,1[1],288[288],288[288],128[128],TILE,FLOAT32,DEV_1_DRAM_INTERLEAVED,,,,,,,,,,,,,,,,,['/home/ttuser/.coworker/wt/bcp-evo/tt_bio/kernels/rne_add/compute_rne_add.cpp'],['compute_rne_add/2992878184498688995/'],['/home/ttuser/.coworker/wt/bcp-evo/tt_bio/kernels/rne_add/writer_rne_add.cpp'; '/home/ttuser/.coworker/wt/bcp-evo/tt_bio/kernels/rne_add/reader_rne_add.cpp'],['writer_rne_add/1960461789912003921/'; 'reader_rne_add/9080596772748175215/'],17508131030540209524,True,756,1412,1604,1212,1428,0,0,0,0,1,1,1,[],[],0.0,,,,,
GenericOpDeviceOperation,tt_dnn_device,284672,0,blackhole,{'num_mesh_programs': '1'},HiFi4,110,110,,91051403701,91051428838,25137,1322361967244,1322362431649,311,311,344004,204657,204657,,,,1399,204654,201820,203774,204320,203636,,,,,,1[1],288[288],288[288],128[128],TILE,FLOAT32,DEV_1_DRAM_INTERLEAVED,1[1],288[288],288[288],128[128],TILE,BFLOAT16,DEV_1_DRAM_INTERLEAVED,1[1],288[288],288[288],128[128],TILE,BFLOAT16,DEV_1_DRAM_INTERLEAVED,1[1],288[288],288[288],128[128],TILE,BFLOAT16,DEV_1_DRAM_INTERLEAVED,,,,,,,,,,,,,,,,,,,,,,,,,,,,,,,,,,,,,,,,,,,1[1],288[288],288[288],128[128],TILE,BFLOAT16,DEV_1_DRAM_INTERLEAVED,,,,,,,,,,,,,,,,,['/home/ttuser/.coworker/wt/bcp-evo/tt_bio/kernels/rne_add/compute_rne_add.cpp'],['compute_rne_add/1949524675310930412/'],['/home/ttuser/.coworker/wt/bcp-evo/tt_bio/kernels/rne_add/writer_rne_add.cpp'; '/home/ttuser/.coworker/wt/bcp-evo/tt_bio/kernels/rne_add/reader_rne_add.cpp'],['writer_rne_add/9924544566302932517/'; 'reader_rne_add/487084115699691163/'],6487815903460990456,True,768,1420,2152,1480,1432,0,0,0,0,1,1,1,[],[],0.0,,,,,
GenericOpDeviceOperation,tt_dnn_device,285696,0,blackhole,{'num_mesh_programs': '1'},HiFi4,110,110,,91051520938,91051549110,28172,1322362316250,1322362674100,73,73,265074,179508,179508,,,,1899,179508,164039,178888,178903,179010,,,,,,1[1],288[288],288[288],128[128],TILE,BFLOAT16,DEV_1_DRAM_INTERLEAVED,1[1],288[288],288[288],128[128],TILE,BFLOAT16,DEV_1_DRAM_INTERLEAVED,1[1],1[1],32[1],128[128],TILE,BFLOAT16,DEV_1_DRAM_INTERLEAVED,1[1],288[288],288[288],128[128],TILE,BFLOAT16,DEV_1_DRAM_INTERLEAVED,1[1],288[288],288[288],128[128],TILE,BFLOAT16,DEV_1_DRAM_INTERLEAVED,,,,,,,,,,,,,,,,,,,,,,,,,,,,,,,,,,,,1[1],288[288],288[288],128[128],TILE,BFLOAT16,DEV_1_DRAM_INTERLEAVED,,,,,,,,,,,,,,,,,['/home/ttuser/.coworker/wt/bcp-evo/tt_bio/kernels/lnbw/compute_lnbw.cpp'],['compute_lnbw/7523916731524505336/'],['/home/ttuser/.coworker/wt/bcp-evo/tt_bio/kernels/lnbw/writer_lnbw.cpp'; '/home/ttuser/.coworker/wt/bcp-evo/tt_bio/kernels/lnbw/reader_lnbw.cpp'],['writer_lnbw/8051665203697858371/'; 'reader_lnbw/8486842166353870432/'],895543367223761992,True,764,2236,7708,7544,10412,0,0,0,0,1,1,1,[],[],0.001,,,,,
GenericOpDeviceOperation,tt_dnn_device,286720,0,blackhole,{'num_mesh_programs': '1'},HiFi4,110,110,,91051657841,91051683679,25838,1322362638551,1322362869490,87,87,171066,144658,144658,,,,1630,144658,142075,142845,144304,143726,,,,,,1[1],288[288],288[288],128[128],TILE,BFLOAT16,DEV_1_DRAM_INTERLEAVED,1[1],288[288],288[288],128[128],TILE,BFLOAT16,DEV_1_DRAM_INTERLEAVED,1[1],288[288],288[288],128[128],TILE,BFLOAT16,DEV_1_DRAM_INTERLEAVED,1[1],288[288],288[288],128[128],TILE,BFLOAT16,DEV_1_DRAM_INTERLEAVED,,,,,,,,,,,,,,,,,,,,,,,,,,,,,,,,,,,,,,,,,,,1[1],288[288],288[288],128[128],TILE,BFLOAT16,DEV_1_DRAM_INTERLEAVED,,,,,,,,,,,,,,,,,['/home/ttuser/.coworker/wt/bcp-evo/tt_bio/kernels/rne_add/compute_rne_add.cpp'],['compute_rne_add/15506775982570106819/'],['/home/ttuser/.coworker/wt/bcp-evo/tt_bio/kernels/rne_add/writer_rne_add.cpp'; '/home/ttuser/.coworker/wt/bcp-evo/tt_bio/kernels/rne_add/reader_rne_add.cpp'],['writer_rne_add/11689109000663956392/'; 'reader_rne_add/5462348467134491698/'],16281275380064118936,True,768,1412,1604,1376,1432,0,0,0,0,1,1,1,[],[],0.001,,,,,
GenericOpDeviceOperation,tt_dnn_device,287744,0,blackhole,{'num_mesh_programs': '1'},HiFi4,110,110,,91051796528,91051825391,28863,1322362789672,1322363249640,90,90,340717,281505,281504,,,,1655,281504,256212,275445,280834,280987,,,,,,1[1],288[288],288[288],128[128],TILE,BFLOAT16,DEV_1_DRAM_INTERLEAVED,1[1],288[288],288[288],128[128],TILE,BFLOAT16,DEV_1_DRAM_INTERLEAVED,1[1],288[288],288[288],128[128],TILE,BFLOAT16,DEV_1_DRAM_INTERLEAVED,1[1],288[288],288[288],128[128],TILE,BFLOAT16,DEV_1_DRAM_INTERLEAVED,1[1],288[288],288[288],128[128],TILE,BFLOAT16,DEV_1_DRAM_INTERLEAVED,1[1],288[288],288[288],128[128],TILE,BFLOAT16,DEV_1_DRAM_INTERLEAVED,,,,,,,,,,,,,,,,,,,,,,,,,,,,,1[1],288[288],288[288],128[128],TILE,BFLOAT16,DEV_1_DRAM_INTERLEAVED,,,,,,,,,,,,,,,,,['/home/ttuser/.coworker/wt/bcp-evo/tt_bio/kernels/gate_bw/compute_gate_bw.cpp'],['compute_gate_bw/7752279662899972872/'],['/home/ttuser/.coworker/wt/bcp-evo/tt_bio/kernels/gate_bw/writer_gate_bw.cpp'; '/home/ttuser/.coworker/wt/bcp-evo/tt_bio/kernels/gate_bw/reader_gate_bw.cpp'],['writer_gate_bw/8111932171875705432/'; 'reader_gate_bw/7533951476172066466/'],14448888073515459580,True,984,1804,1800,5476,1892,0,0,0,0,1,1,1,[],[],0.0,,,,,
MatmulDeviceOperation,tt_dnn_device,288768,0,blackhole,{'bcast_batch': 'true'; 'compute_kernel_config': 'ComputeKernelConfig(math_fidelity=HiFi4;math_approx_mode=0;fp32_dest_acc_en=1;packer_l1_acc=1;dst_full_sync_en=0;throttle_level=ThrottleLevel::NO_THROTTLE)'; 'global_cb': 'std::nullopt'; 'output_dtype': 'DataType::BFLOAT16'; 'output_mem_config': 'MemoryConfig(memory_layout=TensorMemoryLayout::INTERLEAVED;buffer_type=BufferType::DRAM;shard_spec=std::nullopt;nd_shard_spec=std::nullopt;created_with_nd_shard_spec=0)'; 'output_tile': 'Tile(tile_shape={32; 32};face_shape={16; 16};num_faces=4)'; 'program_config': 'MatmulMultiCoreReuseMultiCast1DProgramConfig(compute_with_storage_grid_size=(x=11;y=10);in0_block_w=2;out_subblock_h=2;out_subblock_w=2;out_block_h=24;out_block_w=4;per_core_M=24;per_core_N=4;fuse_batch=0;fused_activation=std::nullopt;mcast_in0=0;gather_in0=0;hop_cores={};num_global_cb_receivers=0;untilize_out=0)'; 'sub_device_id': 'std::nullopt'; 'transpose_a': 'false'; 'transpose_b': 'true'; 'untilize_out': 'false'; 'user_core_coord': 'std::nullopt'; 'user_fused_activation': 'std::nullopt'; 'user_run_batched': 'false'},HiFi4,108,110,,91051881024,91051929754,48730,1322363234077,1322363452126,64,64,161518,149912,149912,,,,1615,149905,95039,107950,107895,108348,,,,,,1[1],1[1],82944[82944],128[128],TILE,BFLOAT16,DEV_1_DRAM_INTERLEAVED,1[1],1[1],128[128],128[128],TILE,BFLOAT16,DEV_1_DRAM_INTERLEAVED,,,,,,,,,,,,,,,,,,,,,,,,,,,,,,,,,,,,,,,,,,,,,,,,,,,,,,,,,1[1],1[1],82944[82944],128[128],TILE,BFLOAT16,DEV_1_DRAM_INTERLEAVED,,,,,,,,,,,,,,,,,['ttnn/cpp/ttnn/operations/matmul/device/kernels/compute/bmm_large_block_zm_fused_bias_activation.cpp'],['bmm_large_block_zm_fused_bias_activation/12348306712591899303/'],['ttnn/cpp/ttnn/operations/matmul/device/kernels/dataflow/reader_bmm_tile_layout_in1_receiver_writer_padding.cpp'; 'ttnn/cpp/ttnn/operations/matmul/device/kernels/dataflow/reader_bmm_tile_layout_in1_sender_writer_padding.cpp'; 'ttnn/cpp/ttnn/operations/matmul/device/kernels/dataflow/reader_bmm_tile_layout_in0_sender_padding.cpp'],['reader_bmm_tile_layout_in1_receiver_writer_padding/11533872026438281213/'; 'reader_bmm_tile_layout_in1_sender_writer_padding/3090007330516364150/'; 'reader_bmm_tile_layout_in0_sender_padding/17208581116664715941/'],8656061627070775966,True,1952,824,2236,1964,2504,0,0,0,0,38623,17875,38623,[549.767333984375; 0.8484063744544983],[549.767333984375],11.924,,,,,
GenericOpDeviceOperation,tt_dnn_device,289792,0,blackhole,{'num_mesh_programs': '1'},HiFi4,110,110,,91052041641,91052069252,27611,1322363251183,1322363695532,266,266,329147,180050,180050,,,,1764,180050,164584,179427,179442,179557,,,,,,1[1],288[288],288[288],128[128],TILE,BFLOAT16,DEV_1_DRAM_INTERLEAVED,1[1],288[288],288[288],128[128],TILE,BFLOAT16,DEV_1_DRAM_INTERLEAVED,1[1],1[1],32[1],128[128],TILE,BFLOAT16,DEV_1_DRAM_INTERLEAVED,1[1],288[288],288[288],128[128],TILE,BFLOAT16,DEV_1_DRAM_INTERLEAVED,1[1],288[288],288[288],128[128],TILE,BFLOAT16,DEV_1_DRAM_INTERLEAVED,,,,,,,,,,,,,,,,,,,,,,,,,,,,,,,,,,,,1[1],288[288],288[288],128[128],TILE,BFLOAT16,DEV_1_DRAM_INTERLEAVED,,,,,,,,,,,,,,,,,['/home/ttuser/.coworker/wt/bcp-evo/tt_bio/kernels/lnbw/compute_lnbw.cpp'],['compute_lnbw/7523916731524505336/'],['/home/ttuser/.coworker/wt/bcp-evo/tt_bio/kernels/lnbw/writer_lnbw.cpp'; '/home/ttuser/.coworker/wt/bcp-evo/tt_bio/kernels/lnbw/reader_lnbw.cpp'],['writer_lnbw/8051665203697858371/'; 'reader_lnbw/8486842166353870432/'],895543367223761992,True,764,2236,7708,7544,10412,0,0,0,0,1,1,1,[],[],0.001,,,,,
GenericOpDeviceOperation,tt_dnn_device,290816,0,blackhole,{'num_mesh_programs': '1'},HiFi2,81,110,,91057798051,91057843755,45704,1322367175229,1322367496916,2578454,2578469,238287,237373,237363,,,,561,237362,191818,191877,191564,191623,,,,,,1[1],288[288],288[288],128[128],TILE,BFLOAT16,DEV_1_DRAM_INTERLEAVED,1[1],128[128],288[288],288[288],TILE,BFLOAT16,DEV_1_DRAM_INTERLEAVED,1[1],128[128],288[288],288[288],TILE,BFLOAT16,DEV_1_DRAM_INTERLEAVED,,,,,,,,,,,,,,,,,,,,,,,,,,,,,,,,,,,,,,,,,,,,,,,,,,1[1],128[128],288[288],288[288],TILE,BFLOAT16,DEV_1_DRAM_INTERLEAVED,,,,,,,,,,,,,,,,,['/home/ttuser/.coworker/wt/bcp-evo/tt_bio/kernels/reblock_permute/compute_reblock_permute.cpp'],['compute_reblock_permute/4463651639282670576/'],['/home/ttuser/.coworker/wt/bcp-evo/tt_bio/kernels/reblock_permute/writer_reblock_permute.cpp'; '/home/ttuser/.coworker/wt/bcp-evo/tt_bio/kernels/reblock_permute/reader_reblock_permute.cpp'],['writer_reblock_permute/18341476097452678202/'; 'reader_reblock_permute/8145120466937455894/'],13663216445211379391,False,1728,1608,1604,900,1744,0,0,0,0,1,1,1,[],[],0.0,,,,,
MatmulDeviceOperation,tt_dnn_device,291840,0,blackhole,{'bcast_batch': 'false'; 'compute_kernel_config': 'ComputeKernelConfig(math_fidelity=HiFi4;math_approx_mode=0;fp32_dest_acc_en=1;packer_l1_acc=1;dst_full_sync_en=0;throttle_level=ThrottleLevel::NO_THROTTLE)'; 'global_cb': 'std::nullopt'; 'output_dtype': 'DataType::BFLOAT16'; 'output_mem_config': 'MemoryConfig(memory_layout=TensorMemoryLayout::INTERLEAVED;buffer_type=BufferType::DRAM;shard_spec=std::nullopt;nd_shard_spec=std::nullopt;created_with_nd_shard_spec=0)'; 'output_tile': 'Tile(tile_shape={32; 32};face_shape={16; 16};num_faces=4)'; 'program_config': 'MatmulMultiCoreReuseProgramConfig(compute_with_storage_grid_size=(x=8;y=8);in0_block_w=1;out_subblock_h=1;out_subblock_w=3;per_core_M=9;per_core_N=9)'; 'sub_device_id': 'std::nullopt'; 'transpose_a': 'false'; 'transpose_b': 'true'; 'untilize_out': 'false'; 'user_core_coord': '(x=8;y=8)'; 'user_fused_activation': 'std::nullopt'; 'user_run_batched': 'true'},HiFi4,64,110,,91062337329,91062414361,77032,1322373298478,1322373516978,4297968,4297964,161852,161343,161339,,,,550,161270,146862,157648,157857,157880,,,,,,1[1],128[128],288[288],288[288],TILE,BFLOAT16,DEV_1_DRAM_INTERLEAVED,1[1],128[128],288[288],288[288],TILE,BFLOAT16,DEV_1_DRAM_INTERLEAVED,,,,,,,,,,,,,,,,,,,,,,,,,,,,,,,,,,,,,,,,,,,,,,,,,,,,,,,,,1[1],128[128],288[288],288[288],TILE,BFLOAT16,DEV_1_DRAM_INTERLEAVED,,,,,,,,,,,,,,,,,['ttnn/cpp/ttnn/operations/matmul/device/kernels/compute/bmm_large_block_zm_fused_bias_activation.cpp'],['bmm_large_block_zm_fused_bias_activation/10728359630391883171/'],['ttnn/cpp/ttnn/operations/matmul/device/kernels/dataflow/reader_writer_bmm_tile_layout_in1.cpp'; 'ttnn/cpp/ttnn/operations/matmul/device/kernels/dataflow/reader_bmm_tile_layout_in0.cpp'],['reader_writer_bmm_tile_layout_in1/14391687638420806576/'; 'reader_bmm_tile_layout_in0/14041989064640360959/'],7761915415407835732,False,1168,752,2496,2580,2648,0,0,0,0,40216,40216,38623,[527.990478515625; 527.990478515625],[527.990478515625],24.926,,,,,
MatmulDeviceOperation,tt_dnn_device,292864,0,blackhole,{'bcast_batch': 'false'; 'compute_kernel_config': 'ComputeKernelConfig(math_fidelity=HiFi4;math_approx_mode=0;fp32_dest_acc_en=1;packer_l1_acc=1;dst_full_sync_en=0;throttle_level=ThrottleLevel::NO_THROTTLE)'; 'global_cb': 'std::nullopt'; 'output_dtype': 'DataType::BFLOAT16'; 'output_mem_config': 'MemoryConfig(memory_layout=TensorMemoryLayout::INTERLEAVED;buffer_type=BufferType::DRAM;shard_spec=std::nullopt;nd_shard_spec=std::nullopt;created_with_nd_shard_spec=0)'; 'output_tile': 'Tile(tile_shape={32; 32};face_shape={16; 16};num_faces=4)'; 'program_config': 'MatmulMultiCoreReuseProgramConfig(compute_with_storage_grid_size=(x=8;y=8);in0_block_w=1;out_subblock_h=1;out_subblock_w=3;per_core_M=9;per_core_N=9)'; 'sub_device_id': 'std::nullopt'; 'transpose_a': 'false'; 'transpose_b': 'false'; 'untilize_out': 'false'; 'user_core_coord': '(x=8;y=8)'; 'user_fused_activation': 'std::nullopt'; 'user_run_batched': 'true'},HiFi4,64,110,,91066859004,91066931388,72384,1322379403645,1322379620962,4361023,4361023,160976,160452,160452,,,,567,160386,145782,156621,156796,156819,,,,,,1[1],128[128],288[288],288[288],TILE,BFLOAT16,DEV_1_DRAM_INTERLEAVED,1[1],128[128],288[288],288[288],TILE,BFLOAT16,DEV_1_DRAM_INTERLEAVED,,,,,,,,,,,,,,,,,,,,,,,,,,,,,,,,,,,,,,,,,,,,,,,,,,,,,,,,,1[1],128[128],288[288],288[288],TILE,BFLOAT16,DEV_1_DRAM_INTERLEAVED,,,,,,,,,,,,,,,,,['ttnn/cpp/ttnn/operations/matmul/device/kernels/compute/bmm_large_block_zm_fused_bias_activation.cpp'],['bmm_large_block_zm_fused_bias_activation/14392671756721055929/'],['ttnn/cpp/ttnn/operations/matmul/device/kernels/dataflow/reader_writer_bmm_tile_layout_in1.cpp'; 'ttnn/cpp/ttnn/operations/matmul/device/kernels/dataflow/reader_bmm_tile_layout_in0.cpp'],['reader_writer_bmm_tile_layout_in1/13817810101887666520/'; 'reader_bmm_tile_layout_in0/14041989064640360959/'],7761915265023932966,False,1184,752,2500,2580,2648,0,0,0,0,40216,40216,38623,[527.990478515625; 527.990478515625],[527.990478515625],25.064,,,,,
GenericOpDeviceOperation,tt_dnn_device,293888,0,blackhole,{'num_mesh_programs': '1'},HiFi4,110,110,,91072580869,91072651740,70871,1322387130363,1322387691810,5563072,5563158,415887,415327,415253,,,,688,415193,403453,405048,410530,410465,,,,,,1[1],128[128],288[288],288[288],TILE,BFLOAT16,DEV_1_DRAM_INTERLEAVED,1[1],288[288],288[288],512[512],TILE,BFLOAT16,DEV_1_DRAM_INTERLEAVED,1[1],288[288],288[288],512[512],TILE,BFLOAT16,DEV_1_DRAM_INTERLEAVED,1[1],288[288],288[288],512[512],TILE,BFLOAT16,DEV_1_DRAM_INTERLEAVED,,,,,,,,,,,,,,,,,,,,,,,,,,,,,,,,,,,,,,,,,,,1[1],288[288],288[288],512[512],TILE,BFLOAT16,DEV_1_DRAM_INTERLEAVED,,,,,,,,,,,,,,,,,['/home/ttuser/.coworker/wt/bcp-evo/tt_bio/kernels/reblock_permute_gated_bw/compute_reblock_permute_gated_bw.cpp'],['compute_reblock_permute_gated_bw/15463227523404628406/'],['/home/ttuser/.coworker/wt/bcp-evo/tt_bio/kernels/reblock_permute_gated_bw/writer_reblock_permute_gated_bw.cpp'; '/home/ttuser/.coworker/wt/bcp-evo/tt_bio/kernels/reblock_permute_back/reader_reblock_permute_back.cpp'],['writer_reblock_permute_gated_bw/12514840373719664582/'; 'reader_reblock_permute_back/5028479914719063664/'],16693092915661971138,False,2540,1532,1856,5604,1552,0,0,0,0,1,1,1,[],[],0.0,,,,,
GenericOpDeviceOperation,tt_dnn_device,294912,0,blackhole,{'num_mesh_programs': '1'},HiFi4,110,110,,91072856850,91072900551,43701,1322387505531,1322388251276,309,312,552404,414113,414110,,,,1520,414109,402912,404619,409984,410053,,,,,,1[1],128[128],288[288],288[288],TILE,BFLOAT16,DEV_1_DRAM_INTERLEAVED,1[1],288[288],288[288],512[512],TILE,BFLOAT16,DEV_1_DRAM_INTERLEAVED,1[1],288[288],288[288],512[512],TILE,BFLOAT16,DEV_1_DRAM_INTERLEAVED,1[1],288[288],288[288],512[512],TILE,BFLOAT16,DEV_1_DRAM_INTERLEAVED,,,,,,,,,,,,,,,,,,,,,,,,,,,,,,,,,,,,,,,,,,,1[1],288[288],288[288],512[512],TILE,BFLOAT16,DEV_1_DRAM_INTERLEAVED,,,,,,,,,,,,,,,,,['/home/ttuser/.coworker/wt/bcp-evo/tt_bio/kernels/reblock_permute_gated_bw/compute_reblock_permute_gated_bw.cpp'],['compute_reblock_permute_gated_bw/15463227523404628406/'],['/home/ttuser/.coworker/wt/bcp-evo/tt_bio/kernels/reblock_permute_gated_bw/writer_reblock_permute_gated_bw.cpp'; '/home/ttuser/.coworker/wt/bcp-evo/tt_bio/kernels/reblock_permute_back/reader_reblock_permute_back.cpp'],['writer_reblock_permute_gated_bw/12514840373719664582/'; 'reader_reblock_permute_back/5028479914719063664/'],16693092915661971138,True,2540,1532,1856,5604,1552,0,0,0,0,1,1,1,[],[],0.0,,,,,
MatmulDeviceOperation,tt_dnn_device,295936,0,blackhole,{'bcast_batch': 'true'; 'compute_kernel_config': 'ComputeKernelConfig(math_fidelity=HiFi4;math_approx_mode=0;fp32_dest_acc_en=1;packer_l1_acc=1;dst_full_sync_en=0;throttle_level=ThrottleLevel::NO_THROTTLE)'; 'global_cb': 'std::nullopt'; 'output_dtype': 'DataType::BFLOAT16'; 'output_mem_config': 'MemoryConfig(memory_layout=TensorMemoryLayout::INTERLEAVED;buffer_type=BufferType::DRAM;shard_spec=std::nullopt;nd_shard_spec=std::nullopt;created_with_nd_shard_spec=0)'; 'output_tile': 'Tile(tile_shape={32; 32};face_shape={16; 16};num_faces=4)'; 'program_config': 'MatmulMultiCoreReuseMultiCast1DProgramConfig(compute_with_storage_grid_size=(x=11;y=10);in0_block_w=2;out_subblock_h=2;out_subblock_w=2;out_block_h=24;out_block_w=4;per_core_M=24;per_core_N=4;fuse_batch=0;fused_activation=std::nullopt;mcast_in0=0;gather_in0=0;hop_cores={};num_global_cb_receivers=0;untilize_out=0)'; 'sub_device_id': 'std::nullopt'; 'transpose_a': 'false'; 'transpose_b': 'true'; 'untilize_out': 'false'; 'user_core_coord': 'std::nullopt'; 'user_fused_activation': 'std::nullopt'; 'user_run_batched': 'false'},HiFi4,108,110,,91073078330,91073172824,94494,1322388096668,1322389067905,303,304,719435,604595,604594,,,,1415,604593,527175,540080,540023,540463,,,,,,1[1],1[1],82944[82944],512[512],TILE,BFLOAT16,DEV_1_DRAM_INTERLEAVED,1[1],1[1],128[128],512[512],TILE,BFLOAT16,DEV_1_DRAM_INTERLEAVED,,,,,,,,,,,,,,,,,,,,,,,,,,,,,,,,,,,,,,,,,,,,,,,,,,,,,,,,,1[1],1[1],82944[82944],128[128],TILE,BFLOAT16,DEV_1_DRAM_INTERLEAVED,,,,,,,,,,,,,,,,,['ttnn/cpp/ttnn/operations/matmul/device/kernels/compute/bmm_large_block_zm_fused_bias_activation.cpp'],['bmm_large_block_zm_fused_bias_activation/9994270714168620856/'],['ttnn/cpp/ttnn/operations/matmul/device/kernels/dataflow/reader_bmm_tile_layout_in1_receiver_writer_padding.cpp'; 'ttnn/cpp/ttnn/operations/matmul/device/kernels/dataflow/reader_bmm_tile_layout_in1_sender_writer_padding.cpp'; 'ttnn/cpp/ttnn/operations/matmul/device/kernels/dataflow/reader_bmm_tile_layout_in0_sender_padding.cpp'],['reader_bmm_tile_layout_in1_receiver_writer_padding/756092456165307023/'; 'reader_bmm_tile_layout_in1_sender_writer_padding/11030256850429484256/'; 'reader_bmm_tile_layout_in0_sender_padding/14459429756791866279/'],8656061627017802998,True,1944,828,2376,1968,2584,0,0,0,0,154495,71495,154495,[549.7566528320312; 0.8483899235725403],[137.4391632080078],11.825,,,,,
MatmulDeviceOperation,tt_dnn_device,296960,0,blackhole,{'bcast_batch': 'true'; 'compute_kernel_config': 'ComputeKernelConfig(math_fidelity=HiFi4;math_approx_mode=0;fp32_dest_acc_en=1;packer_l1_acc=1;dst_full_sync_en=0;throttle_level=ThrottleLevel::NO_THROTTLE)'; 'global_cb': 'std::nullopt'; 'output_dtype': 'DataType::BFLOAT16'; 'output_mem_config': 'MemoryConfig(memory_layout=TensorMemoryLayout::INTERLEAVED;buffer_type=BufferType::DRAM;shard_spec=std::nullopt;nd_shard_spec=std::nullopt;created_with_nd_shard_spec=0)'; 'output_tile': 'Tile(tile_shape={32; 32};face_shape={16; 16};num_faces=4)'; 'program_config': 'MatmulMultiCoreReuseMultiCast1DProgramConfig(compute_with_storage_grid_size=(x=11;y=10);in0_block_w=2;out_subblock_h=2;out_subblock_w=2;out_block_h=24;out_block_w=4;per_core_M=24;per_core_N=4;fuse_batch=0;fused_activation=std::nullopt;mcast_in0=0;gather_in0=0;hop_cores={};num_global_cb_receivers=0;untilize_out=0)'; 'sub_device_id': 'std::nullopt'; 'transpose_a': 'false'; 'transpose_b': 'true'; 'untilize_out': 'false'; 'user_core_coord': 'std::nullopt'; 'user_fused_activation': 'std::nullopt'; 'user_run_batched': 'false'},HiFi4,108,110,,91073280734,91073345364,64630,1322388914933,1322389267371,166,166,261065,147576,147576,,,,1533,147574,96550,109455,109402,109846,,,,,,1[1],1[1],82944[82944],128[128],TILE,BFLOAT16,DEV_1_DRAM_INTERLEAVED,1[1],1[1],128[128],128[128],TILE,BFLOAT16,DEV_1_DRAM_INTERLEAVED,,,,,,,,,,,,,,,,,,,,,,,,,,,,,,,,,,,,,,,,,,,,,,,,,,,,,,,,,1[1],1[1],82944[82944],128[128],TILE,BFLOAT16,DEV_1_DRAM_INTERLEAVED,,,,,,,,,,,,,,,,,['ttnn/cpp/ttnn/operations/matmul/device/kernels/compute/bmm_large_block_zm_fused_bias_activation.cpp'],['bmm_large_block_zm_fused_bias_activation/12348306712591899303/'],['ttnn/cpp/ttnn/operations/matmul/device/kernels/dataflow/reader_bmm_tile_layout_in1_receiver_writer_padding.cpp'; 'ttnn/cpp/ttnn/operations/matmul/device/kernels/dataflow/reader_bmm_tile_layout_in1_sender_writer_padding.cpp'; 'ttnn/cpp/ttnn/operations/matmul/device/kernels/dataflow/reader_bmm_tile_layout_in0_sender_padding.cpp'],['reader_bmm_tile_layout_in1_receiver_writer_padding/11533872026438281213/'; 'reader_bmm_tile_layout_in1_sender_writer_padding/3090007330516364150/'; 'reader_bmm_tile_layout_in0_sender_padding/17208581116664715941/'],8656061627070775966,True,1952,824,2236,1964,2504,0,0,0,0,38623,17875,38623,[549.767333984375; 0.8484063744544983],[549.767333984375],12.112,,,,,
GenericOpDeviceOperation,tt_dnn_device,297984,0,blackhole,{'num_mesh_programs': '1'},HiFi4,110,110,,91073524485,91073576812,52327,1322389069497,1322389474377,267,267,299911,153084,153084,,,,1514,153084,150519,151276,152730,152146,,,,,,1[1],288[288],288[288],128[128],TILE,BFLOAT16,DEV_1_DRAM_INTERLEAVED,1[1],288[288],288[288],128[128],TILE,BFLOAT16,DEV_1_DRAM_INTERLEAVED,1[1],288[288],288[288],128[128],TILE,BFLOAT16,DEV_1_DRAM_INTERLEAVED,1[1],288[288],288[288],128[128],TILE,BFLOAT16,DEV_1_DRAM_INTERLEAVED,,,,,,,,,,,,,,,,,,,,,,,,,,,,,,,,,,,,,,,,,,,1[1],288[288],288[288],128[128],TILE,BFLOAT16,DEV_1_DRAM_INTERLEAVED,,,,,,,,,,,,,,,,,['/home/ttuser/.coworker/wt/bcp-evo/tt_bio/kernels/rne_add/compute_rne_add.cpp'],['compute_rne_add/15506775982570106819/'],['/home/ttuser/.coworker/wt/bcp-evo/tt_bio/kernels/rne_add/writer_rne_add.cpp'; '/home/ttuser/.coworker/wt/bcp-evo/tt_bio/kernels/rne_add/reader_rne_add.cpp'],['writer_rne_add/11689109000663956392/'; 'reader_rne_add/5462348467134491698/'],16281275380064118936,True,768,1412,1604,1376,1432,0,0,0,0,1,1,1,[],[],0.001,,,,,
GenericOpDeviceOperation,tt_dnn_device,299008,0,blackhole,{'num_mesh_programs': '1'},HiFi4,110,110,,91073771963,91073823458,51495,1322389393714,1322389713368,195,195,236781,176839,176839,,,,1802,176832,161364,176221,176233,176356,,,,,,1[1],288[288],288[288],128[128],TILE,BFLOAT16,DEV_1_DRAM_INTERLEAVED,1[1],288[288],288[288],128[128],TILE,BFLOAT16,DEV_1_DRAM_INTERLEAVED,1[1],1[1],32[1],128[128],TILE,BFLOAT16,DEV_1_DRAM_INTERLEAVED,1[1],288[288],288[288],128[128],TILE,BFLOAT16,DEV_1_DRAM_INTERLEAVED,1[1],288[288],288[288],128[128],TILE,BFLOAT16,DEV_1_DRAM_INTERLEAVED,,,,,,,,,,,,,,,,,,,,,,,,,,,,,,,,,,,,1[1],288[288],288[288],128[128],TILE,BFLOAT16,DEV_1_DRAM_INTERLEAVED,,,,,,,,,,,,,,,,,['/home/ttuser/.coworker/wt/bcp-evo/tt_bio/kernels/lnbw/compute_lnbw.cpp'],['compute_lnbw/7523916731524505336/'],['/home/ttuser/.coworker/wt/bcp-evo/tt_bio/kernels/lnbw/writer_lnbw.cpp'; '/home/ttuser/.coworker/wt/bcp-evo/tt_bio/kernels/lnbw/reader_lnbw.cpp'],['writer_lnbw/8051665203697858371/'; 'reader_lnbw/8486842166353870432/'],895543367223761992,True,764,2236,7708,7544,10412,0,0,0,0,1,1,1,[],[],0.001,,,,,
GenericOpDeviceOperation,tt_dnn_device,300032,0,blackhole,{'num_mesh_programs': '1'},HiFi4,110,110,,91073972203,91074017858,45655,1322389681382,1322389910489,193,193,169709,145825,145825,,,,1577,145825,143210,144014,145468,144886,,,,,,1[1],288[288],288[288],128[128],TILE,BFLOAT16,DEV_1_DRAM_INTERLEAVED,1[1],288[288],288[288],128[128],TILE,BFLOAT16,DEV_1_DRAM_INTERLEAVED,1[1],288[288],288[288],128[128],TILE,BFLOAT16,DEV_1_DRAM_INTERLEAVED,1[1],288[288],288[288],128[128],TILE,BFLOAT16,DEV_1_DRAM_INTERLEAVED,,,,,,,,,,,,,,,,,,,,,,,,,,,,,,,,,,,,,,,,,,,1[1],288[288],288[288],128[128],TILE,BFLOAT16,DEV_1_DRAM_INTERLEAVED,,,,,,,,,,,,,,,,,['/home/ttuser/.coworker/wt/bcp-evo/tt_bio/kernels/rne_add/compute_rne_add.cpp'],['compute_rne_add/15506775982570106819/'],['/home/ttuser/.coworker/wt/bcp-evo/tt_bio/kernels/rne_add/writer_rne_add.cpp'; '/home/ttuser/.coworker/wt/bcp-evo/tt_bio/kernels/rne_add/reader_rne_add.cpp'],['writer_rne_add/11689109000663956392/'; 'reader_rne_add/5462348467134491698/'],16281275380064118936,True,768,1412,1604,1376,1432,0,0,0,0,1,1,1,[],[],0.001,,,,,
GenericOpDeviceOperation,tt_dnn_device,301056,0,blackhole,{'num_mesh_programs': '1'},HiFi4,110,110,,91074233106,91074291484,58378,1322389816400,1322390290409,194,194,351118,281229,281229,,,,1569,281223,255994,275090,280491,280645,,,,,,1[1],288[288],288[288],128[128],TILE,BFLOAT16,DEV_1_DRAM_INTERLEAVED,1[1],288[288],288[288],128[128],TILE,BFLOAT16,DEV_1_DRAM_INTERLEAVED,1[1],288[288],288[288],128[128],TILE,BFLOAT16,DEV_1_DRAM_INTERLEAVED,1[1],288[288],288[288],128[128],TILE,BFLOAT16,DEV_1_DRAM_INTERLEAVED,1[1],288[288],288[288],128[128],TILE,BFLOAT16,DEV_1_DRAM_INTERLEAVED,1[1],288[288],288[288],128[128],TILE,BFLOAT16,DEV_1_DRAM_INTERLEAVED,,,,,,,,,,,,,,,,,,,,,,,,,,,,,1[1],288[288],288[288],128[128],TILE,BFLOAT16,DEV_1_DRAM_INTERLEAVED,,,,,,,,,,,,,,,,,['/home/ttuser/.coworker/wt/bcp-evo/tt_bio/kernels/gate_bw/compute_gate_bw.cpp'],['compute_gate_bw/7752279662899972872/'],['/home/ttuser/.coworker/wt/bcp-evo/tt_bio/kernels/gate_bw/writer_gate_bw.cpp'; '/home/ttuser/.coworker/wt/bcp-evo/tt_bio/kernels/gate_bw/reader_gate_bw.cpp'],['writer_gate_bw/8111932171875705432/'; 'reader_gate_bw/7533951476172066466/'],14448888073515459580,True,984,1804,1800,5476,1892,0,0,0,0,1,1,1,[],[],0.0,,,,,
MatmulDeviceOperation,tt_dnn_device,302080,0,blackhole,{'bcast_batch': 'true'; 'compute_kernel_config': 'ComputeKernelConfig(math_fidelity=HiFi4;math_approx_mode=0;fp32_dest_acc_en=1;packer_l1_acc=1;dst_full_sync_en=0;throttle_level=ThrottleLevel::NO_THROTTLE)'; 'global_cb': 'std::nullopt'; 'output_dtype': 'DataType::BFLOAT16'; 'output_mem_config': 'MemoryConfig(memory_layout=TensorMemoryLayout::INTERLEAVED;buffer_type=BufferType::DRAM;shard_spec=std::nullopt;nd_shard_spec=std::nullopt;created_with_nd_shard_spec=0)'; 'output_tile': 'Tile(tile_shape={32; 32};face_shape={16; 16};num_faces=4)'; 'program_config': 'MatmulMultiCoreReuseMultiCast1DProgramConfig(compute_with_storage_grid_size=(x=11;y=10);in0_block_w=2;out_subblock_h=2;out_subblock_w=2;out_block_h=24;out_block_w=4;per_core_M=24;per_core_N=4;fuse_batch=0;fused_activation=std::nullopt;mcast_in0=0;gather_in0=0;hop_cores={};num_global_cb_receivers=0;untilize_out=0)'; 'sub_device_id': 'std::nullopt'; 'transpose_a': 'false'; 'transpose_b': 'true'; 'untilize_out': 'false'; 'user_core_coord': 'std::nullopt'; 'user_fused_activation': 'std::nullopt'; 'user_run_batched': 'false'},HiFi4,108,110,,91074406717,91074492285,85568,1322390275122,1322390489190,73,73,158569,147157,147157,,,,1630,147153,96402,109357,109292,109746,,,,,,1[1],1[1],82944[82944],128[128],TILE,BFLOAT16,DEV_1_DRAM_INTERLEAVED,1[1],1[1],128[128],128[128],TILE,BFLOAT16,DEV_1_DRAM_INTERLEAVED,,,,,,,,,,,,,,,,,,,,,,,,,,,,,,,,,,,,,,,,,,,,,,,,,,,,,,,,,1[1],1[1],82944[82944],128[128],TILE,BFLOAT16,DEV_1_DRAM_INTERLEAVED,,,,,,,,,,,,,,,,,['ttnn/cpp/ttnn/operations/matmul/device/kernels/compute/bmm_large_block_zm_fused_bias_activation.cpp'],['bmm_large_block_zm_fused_bias_activation/12348306712591899303/'],['ttnn/cpp/ttnn/operations/matmul/device/kernels/dataflow/reader_bmm_tile_layout_in1_receiver_writer_padding.cpp'; 'ttnn/cpp/ttnn/operations/matmul/device/kernels/dataflow/reader_bmm_tile_layout_in1_sender_writer_padding.cpp'; 'ttnn/cpp/ttnn/operations/matmul/device/kernels/dataflow/reader_bmm_tile_layout_in0_sender_padding.cpp'],['reader_bmm_tile_layout_in1_receiver_writer_padding/11533872026438281213/'; 'reader_bmm_tile_layout_in1_sender_writer_padding/3090007330516364150/'; 'reader_bmm_tile_layout_in0_sender_padding/17208581116664715941/'],8656061627070775966,True,1952,824,2236,1964,2504,0,0,0,0,38623,17875,38623,[549.767333984375; 0.8484063744544983],[549.767333984375],12.147,,,,,
GenericOpDeviceOperation,tt_dnn_device,303104,0,blackhole,{'num_mesh_programs': '1'},HiFi4,110,110,,91074694460,91074747337,52877,1322390291978,1322390726121,266,266,321587,175253,175253,,,,1752,175253,159804,174643,174652,174764,,,,,,1[1],288[288],288[288],128[128],TILE,BFLOAT16,DEV_1_DRAM_INTERLEAVED,1[1],288[288],288[288],128[128],TILE,BFLOAT16,DEV_1_DRAM_INTERLEAVED,1[1],1[1],32[1],128[128],TILE,BFLOAT16,DEV_1_DRAM_INTERLEAVED,1[1],288[288],288[288],128[128],TILE,BFLOAT16,DEV_1_DRAM_INTERLEAVED,1[1],288[288],288[288],128[128],TILE,BFLOAT16,DEV_1_DRAM_INTERLEAVED,,,,,,,,,,,,,,,,,,,,,,,,,,,,,,,,,,,,1[1],288[288],288[288],128[128],TILE,BFLOAT16,DEV_1_DRAM_INTERLEAVED,,,,,,,,,,,,,,,,,['/home/ttuser/.coworker/wt/bcp-evo/tt_bio/kernels/lnbw/compute_lnbw.cpp'],['compute_lnbw/7523916731524505336/'],['/home/ttuser/.coworker/wt/bcp-evo/tt_bio/kernels/lnbw/writer_lnbw.cpp'; '/home/ttuser/.coworker/wt/bcp-evo/tt_bio/kernels/lnbw/reader_lnbw.cpp'],['writer_lnbw/8051665203697858371/'; 'reader_lnbw/8486842166353870432/'],895543367223761992,True,764,2236,7708,7544,10412,0,0,0,0,1,1,1,[],[],0.001,,,,,
GenericOpDeviceOperation,tt_dnn_device,304128,0,blackhole,{'num_mesh_programs': '1'},HiFi2,81,110,,91074938000,91074983364,45364,1322390696441,1322391047713,193,193,260201,238018,238018,,,,1582,238018,193018,193097,192752,192824,,,,,,1[1],288[288],288[288],128[128],TILE,BFLOAT16,DEV_1_DRAM_INTERLEAVED,1[1],128[128],288[288],288[288],TILE,BFLOAT16,DEV_1_DRAM_INTERLEAVED,1[1],128[128],288[288],288[288],TILE,BFLOAT16,DEV_1_DRAM_INTERLEAVED,,,,,,,,,,,,,,,,,,,,,,,,,,,,,,,,,,,,,,,,,,,,,,,,,,1[1],128[128],288[288],288[288],TILE,BFLOAT16,DEV_1_DRAM_INTERLEAVED,,,,,,,,,,,,,,,,,['/home/ttuser/.coworker/wt/bcp-evo/tt_bio/kernels/reblock_permute/compute_reblock_permute.cpp'],['compute_reblock_permute/4463651639282670576/'],['/home/ttuser/.coworker/wt/bcp-evo/tt_bio/kernels/reblock_permute/writer_reblock_permute.cpp'; '/home/ttuser/.coworker/wt/bcp-evo/tt_bio/kernels/reblock_permute/reader_reblock_permute.cpp'],['writer_reblock_permute/18341476097452678202/'; 'reader_reblock_permute/8145120466937455894/'],13663216445211379391,True,1728,1608,1604,900,1744,0,0,0,0,1,1,1,[],[],0.0,,,,,
MatmulDeviceOperation,tt_dnn_device,305152,0,blackhole,{'bcast_batch': 'false'; 'compute_kernel_config': 'ComputeKernelConfig(math_fidelity=HiFi4;math_approx_mode=0;fp32_dest_acc_en=1;packer_l1_acc=1;dst_full_sync_en=0;throttle_level=ThrottleLevel::NO_THROTTLE)'; 'global_cb': 'std::nullopt'; 'output_dtype': 'DataType::BFLOAT16'; 'output_mem_config': 'MemoryConfig(memory_layout=TensorMemoryLayout::INTERLEAVED;buffer_type=BufferType::DRAM;shard_spec=std::nullopt;nd_shard_spec=std::nullopt;created_with_nd_shard_spec=0)'; 'output_tile': 'Tile(tile_shape={32; 32};face_shape={16; 16};num_faces=4)'; 'program_config': 'MatmulMultiCoreReuseProgramConfig(compute_with_storage_grid_size=(x=8;y=8);in0_block_w=1;out_subblock_h=1;out_subblock_w=3;per_core_M=9;per_core_N=9)'; 'sub_device_id': 'std::nullopt'; 'transpose_a': 'false'; 'transpose_b': 'false'; 'untilize_out': 'false'; 'user_core_coord': '(x=8;y=8)'; 'user_fused_activation': 'std::nullopt'; 'user_run_batched': 'true'},HiFi4,64,110,,91075112032,91075192922,80890,1322391037966,1322391266063,196,198,168961,161552,161550,,,,1486,161547,146931,157781,157913,157984,,,,,,1[1],128[128],288[288],288[288],TILE,BFLOAT16,DEV_1_DRAM_INTERLEAVED,1[1],128[128],288[288],288[288],TILE,BFLOAT16,DEV_1_DRAM_INTERLEAVED,,,,,,,,,,,,,,,,,,,,,,,,,,,,,,,,,,,,,,,,,,,,,,,,,,,,,,,,,1[1],128[128],288[288],288[288],TILE,BFLOAT16,DEV_1_DRAM_INTERLEAVED,,,,,,,,,,,,,,,,,['ttnn/cpp/ttnn/operations/matmul/device/kernels/compute/bmm_large_block_zm_fused_bias_activation.cpp'],['bmm_large_block_zm_fused_bias_activation/14392671756721055929/'],['ttnn/cpp/ttnn/operations/matmul/device/kernels/dataflow/reader_writer_bmm_tile_layout_in1.cpp'; 'ttnn/cpp/ttnn/operations/matmul/device/kernels/dataflow/reader_bmm_tile_layout_in0.cpp'],['reader_writer_bmm_tile_layout_in1/13817810101887666520/'; 'reader_bmm_tile_layout_in0/14041989064640360959/'],7761915265023932966,True,1184,752,2500,2580,2648,0,0,0,0,40216,40216,38623,[527.990478515625; 527.990478515625],[527.990478515625],24.894,,,,,
MatmulDeviceOperation,tt_dnn_device,306176,0,blackhole,{'bcast_batch': 'false'; 'compute_kernel_config': 'ComputeKernelConfig(math_fidelity=HiFi4;math_approx_mode=0;fp32_dest_acc_en=1;packer_l1_acc=1;dst_full_sync_en=0;throttle_level=ThrottleLevel::NO_THROTTLE)'; 'global_cb': 'std::nullopt'; 'output_dtype': 'DataType::BFLOAT16'; 'output_mem_config': 'MemoryConfig(memory_layout=TensorMemoryLayout::INTERLEAVED;buffer_type=BufferType::DRAM;shard_spec=std::nullopt;nd_shard_spec=std::nullopt;created_with_nd_shard_spec=0)'; 'output_tile': 'Tile(tile_shape={32; 32};face_shape={16; 16};num_faces=4)'; 'program_config': 'MatmulMultiCoreReuseProgramConfig(compute_with_storage_grid_size=(x=8;y=8);in0_block_w=1;out_subblock_h=1;out_subblock_w=3;per_core_M=9;per_core_N=9)'; 'sub_device_id': 'std::nullopt'; 'transpose_a': 'true'; 'transpose_b': 'false'; 'untilize_out': 'false'; 'user_core_coord': '(x=8;y=8)'; 'user_fused_activation': 'std::nullopt'; 'user_run_batched': 'true'},HiFi4,64,110,,91080349361,91080442373,93012,1322397583931,1322397802514,4680424,4680448,161913,161385,161369,,,,561,161310,141250,157579,157761,157761,,,,,,1[1],128[128],288[288],288[288],TILE,BFLOAT16,DEV_1_DRAM_INTERLEAVED,1[1],128[128],288[288],288[288],TILE,BFLOAT16,DEV_1_DRAM_INTERLEAVED,,,,,,,,,,,,,,,,,,,,,,,,,,,,,,,,,,,,,,,,,,,,,,,,,,,,,,,,,1[1],128[128],288[288],288[288],TILE,BFLOAT16,DEV_1_DRAM_INTERLEAVED,,,,,,,,,,,,,,,,,['ttnn/cpp/ttnn/operations/matmul/device/kernels/compute/bmm_large_block_zm_fused_bias_activation.cpp'],['bmm_large_block_zm_fused_bias_activation/12074921893903732282/'],['ttnn/cpp/ttnn/operations/matmul/device/kernels/dataflow/reader_writer_bmm_tile_layout_in1.cpp'; 'ttnn/cpp/ttnn/operations/matmul/device/kernels/dataflow/reader_bmm_tile_layout_in0.cpp'],['reader_writer_bmm_tile_layout_in1/7868585631417882478/'; 'reader_bmm_tile_layout_in0/18394671280083270989/'],8379068791659967838,False,1184,736,3376,3124,4064,0,0,0,0,40216,40216,38623,[527.990478515625; 527.990478515625],[527.990478515625],24.919,,,,,
GenericOpDeviceOperation,tt_dnn_device,307200,0,blackhole,{'num_mesh_programs': '1'},HiFi4,110,110,,91080660066,91080714366,54300,1322398006984,1322398570472,152024,152081,417399,416832,416776,,,,693,416685,405261,406873,412320,412272,,,,,,1[1],128[128],288[288],288[288],TILE,BFLOAT16,DEV_1_DRAM_INTERLEAVED,1[1],288[288],288[288],512[512],TILE,BFLOAT16,DEV_1_DRAM_INTERLEAVED,1[1],288[288],288[288],512[512],TILE,BFLOAT16,DEV_1_DRAM_INTERLEAVED,1[1],288[288],288[288],512[512],TILE,BFLOAT16,DEV_1_DRAM_INTERLEAVED,,,,,,,,,,,,,,,,,,,,,,,,,,,,,,,,,,,,,,,,,,,1[1],288[288],288[288],512[512],TILE,BFLOAT16,DEV_1_DRAM_INTERLEAVED,,,,,,,,,,,,,,,,,['/home/ttuser/.coworker/wt/bcp-evo/tt_bio/kernels/reblock_permute_gated_bw/compute_reblock_permute_gated_bw.cpp'],['compute_reblock_permute_gated_bw/15463227523404628406/'],['/home/ttuser/.coworker/wt/bcp-evo/tt_bio/kernels/reblock_permute_gated_bw/writer_reblock_permute_gated_bw.cpp'; '/home/ttuser/.coworker/wt/bcp-evo/tt_bio/kernels/reblock_permute_back/reader_reblock_permute_back.cpp'],['writer_reblock_permute_gated_bw/12514840373719664582/'; 'reader_reblock_permute_back/5028479914719063664/'],16693092915661971138,True,2540,1532,1856,5604,1552,0,0,0,0,1,1,1,[],[],0.0,,,,,
GenericOpDeviceOperation,tt_dnn_device,308224,0,blackhole,{'num_mesh_programs': '1'},HiFi4,110,110,,91080856890,91080903927,47037,1322398389124,1322399133626,313,313,551483,416840,416840,,,,1529,416840,405816,407444,412812,412877,,,,,,1[1],128[128],288[288],288[288],TILE,BFLOAT16,DEV_1_DRAM_INTERLEAVED,1[1],288[288],288[288],512[512],TILE,BFLOAT16,DEV_1_DRAM_INTERLEAVED,1[1],288[288],288[288],512[512],TILE,BFLOAT16,DEV_1_DRAM_INTERLEAVED,1[1],288[288],288[288],512[512],TILE,BFLOAT16,DEV_1_DRAM_INTERLEAVED,,,,,,,,,,,,,,,,,,,,,,,,,,,,,,,,,,,,,,,,,,,1[1],288[288],288[288],512[512],TILE,BFLOAT16,DEV_1_DRAM_INTERLEAVED,,,,,,,,,,,,,,,,,['/home/ttuser/.coworker/wt/bcp-evo/tt_bio/kernels/reblock_permute_gated_bw/compute_reblock_permute_gated_bw.cpp'],['compute_reblock_permute_gated_bw/15463227523404628406/'],['/home/ttuser/.coworker/wt/bcp-evo/tt_bio/kernels/reblock_permute_gated_bw/writer_reblock_permute_gated_bw.cpp'; '/home/ttuser/.coworker/wt/bcp-evo/tt_bio/kernels/reblock_permute_back/reader_reblock_permute_back.cpp'],['writer_reblock_permute_gated_bw/12514840373719664582/'; 'reader_reblock_permute_back/5028479914719063664/'],16693092915661971138,True,2540,1532,1856,5604,1552,0,0,0,0,1,1,1,[],[],0.0,,,,,
MatmulDeviceOperation,tt_dnn_device,309248,0,blackhole,{'bcast_batch': 'true'; 'compute_kernel_config': 'ComputeKernelConfig(math_fidelity=HiFi4;math_approx_mode=0;fp32_dest_acc_en=1;packer_l1_acc=1;dst_full_sync_en=0;throttle_level=ThrottleLevel::NO_THROTTLE)'; 'global_cb': 'std::nullopt'; 'output_dtype': 'DataType::BFLOAT16'; 'output_mem_config': 'MemoryConfig(memory_layout=TensorMemoryLayout::INTERLEAVED;buffer_type=BufferType::DRAM;shard_spec=std::nullopt;nd_shard_spec=std::nullopt;created_with_nd_shard_spec=0)'; 'output_tile': 'Tile(tile_shape={32; 32};face_shape={16; 16};num_faces=4)'; 'program_config': 'MatmulMultiCoreReuseMultiCast1DProgramConfig(compute_with_storage_grid_size=(x=11;y=10);in0_block_w=2;out_subblock_h=2;out_subblock_w=2;out_block_h=24;out_block_w=4;per_core_M=24;per_core_N=4;fuse_batch=0;fused_activation=std::nullopt;mcast_in0=0;gather_in0=0;hop_cores={};num_global_cb_receivers=0;untilize_out=0)'; 'sub_device_id': 'std::nullopt'; 'transpose_a': 'false'; 'transpose_b': 'true'; 'untilize_out': 'false'; 'user_core_coord': 'std::nullopt'; 'user_fused_activation': 'std::nullopt'; 'user_run_batched': 'false'},HiFi4,108,110,,91081059154,91081151756,92602,1322398976130,1322399968784,308,308,735299,618316,618316,,,,1410,618316,526952,540011,539941,540376,,,,,,1[1],1[1],82944[82944],512[512],TILE,BFLOAT16,DEV_1_DRAM_INTERLEAVED,1[1],1[1],128[128],512[512],TILE,BFLOAT16,DEV_1_DRAM_INTERLEAVED,,,,,,,,,,,,,,,,,,,,,,,,,,,,,,,,,,,,,,,,,,,,,,,,,,,,,,,,,1[1],1[1],82944[82944],128[128],TILE,BFLOAT16,DEV_1_DRAM_INTERLEAVED,,,,,,,,,,,,,,,,,['ttnn/cpp/ttnn/operations/matmul/device/kernels/compute/bmm_large_block_zm_fused_bias_activation.cpp'],['bmm_large_block_zm_fused_bias_activation/9994270714168620856/'],['ttnn/cpp/ttnn/operations/matmul/device/kernels/dataflow/reader_bmm_tile_layout_in1_receiver_writer_padding.cpp'; 'ttnn/cpp/ttnn/operations/matmul/device/kernels/dataflow/reader_bmm_tile_layout_in1_sender_writer_padding.cpp'; 'ttnn/cpp/ttnn/operations/matmul/device/kernels/dataflow/reader_bmm_tile_layout_in0_sender_padding.cpp'],['reader_bmm_tile_layout_in1_receiver_writer_padding/756092456165307023/'; 'reader_bmm_tile_layout_in1_sender_writer_padding/11030256850429484256/'; 'reader_bmm_tile_layout_in0_sender_padding/14459429756791866279/'],8656061627017802998,True,1944,828,2376,1968,2584,0,0,0,0,154495,71495,154495,[549.7566528320312; 0.8483899235725403],[137.4391632080078],11.563,,,,,
MatmulDeviceOperation,tt_dnn_device,310272,0,blackhole,{'bcast_batch': 'true'; 'compute_kernel_config': 'ComputeKernelConfig(math_fidelity=HiFi4;math_approx_mode=0;fp32_dest_acc_en=1;packer_l1_acc=1;dst_full_sync_en=0;throttle_level=ThrottleLevel::NO_THROTTLE)'; 'global_cb': 'std::nullopt'; 'output_dtype': 'DataType::BFLOAT16'; 'output_mem_config': 'MemoryConfig(memory_layout=TensorMemoryLayout::INTERLEAVED;buffer_type=BufferType::DRAM;shard_spec=std::nullopt;nd_shard_spec=std::nullopt;created_with_nd_shard_spec=0)'; 'output_tile': 'Tile(tile_shape={32; 32};face_shape={16; 16};num_faces=4)'; 'program_config': 'MatmulMultiCoreReuseMultiCast1DProgramConfig(compute_with_storage_grid_size=(x=11;y=10);in0_block_w=2;out_subblock_h=2;out_subblock_w=2;out_block_h=24;out_block_w=4;per_core_M=24;per_core_N=4;fuse_batch=0;fused_activation=std::nullopt;mcast_in0=0;gather_in0=0;hop_cores={};num_global_cb_receivers=0;untilize_out=0)'; 'sub_device_id': 'std::nullopt'; 'transpose_a': 'false'; 'transpose_b': 'true'; 'untilize_out': 'false'; 'user_core_coord': 'std::nullopt'; 'user_fused_activation': 'std::nullopt'; 'user_run_batched': 'false'},HiFi4,108,110,,91081274032,91081349081,75049,1322399812963,1322400169330,164,165,263976,148385,148384,,,,1533,148384,97516,110432,110372,110810,,,,,,1[1],1[1],82944[82944],128[128],TILE,BFLOAT16,DEV_1_DRAM_INTERLEAVED,1[1],1[1],128[128],128[128],TILE,BFLOAT16,DEV_1_DRAM_INTERLEAVED,,,,,,,,,,,,,,,,,,,,,,,,,,,,,,,,,,,,,,,,,,,,,,,,,,,,,,,,,1[1],1[1],82944[82944],128[128],TILE,BFLOAT16,DEV_1_DRAM_INTERLEAVED,,,,,,,,,,,,,,,,,['ttnn/cpp/ttnn/operations/matmul/device/kernels/compute/bmm_large_block_zm_fused_bias_activation.cpp'],['bmm_large_block_zm_fused_bias_activation/12348306712591899303/'],['ttnn/cpp/ttnn/operations/matmul/device/kernels/dataflow/reader_bmm_tile_layout_in1_receiver_writer_padding.cpp'; 'ttnn/cpp/ttnn/operations/matmul/device/kernels/dataflow/reader_bmm_tile_layout_in1_sender_writer_padding.cpp'; 'ttnn/cpp/ttnn/operations/matmul/device/kernels/dataflow/reader_bmm_tile_layout_in0_sender_padding.cpp'],['reader_bmm_tile_layout_in1_receiver_writer_padding/11533872026438281213/'; 'reader_bmm_tile_layout_in1_sender_writer_padding/3090007330516364150/'; 'reader_bmm_tile_layout_in0_sender_padding/17208581116664715941/'],8656061627070775966,True,1952,824,2236,1964,2504,0,0,0,0,38623,17875,38623,[549.767333984375; 0.8484063744544983],[549.767333984375],12.046,,,,,
GenericOpDeviceOperation,tt_dnn_device,311296,0,blackhole,{'num_mesh_programs': '1'},HiFi4,110,110,,91081523153,91081573235,50082,1322399970389,1322400368073,259,261,294581,146972,146970,,,,1491,146970,144481,145255,146701,146121,,,,,,1[1],288[288],288[288],128[128],TILE,BFLOAT16,DEV_1_DRAM_INTERLEAVED,1[1],288[288],288[288],128[128],TILE,BFLOAT16,DEV_1_DRAM_INTERLEAVED,1[1],288[288],288[288],128[128],TILE,BFLOAT16,DEV_1_DRAM_INTERLEAVED,1[1],288[288],288[288],128[128],TILE,BFLOAT16,DEV_1_DRAM_INTERLEAVED,,,,,,,,,,,,,,,,,,,,,,,,,,,,,,,,,,,,,,,,,,,1[1],288[288],288[288],128[128],TILE,BFLOAT16,DEV_1_DRAM_INTERLEAVED,,,,,,,,,,,,,,,,,['/home/ttuser/.coworker/wt/bcp-evo/tt_bio/kernels/rne_add/compute_rne_add.cpp'],['compute_rne_add/15506775982570106819/'],['/home/ttuser/.coworker/wt/bcp-evo/tt_bio/kernels/rne_add/writer_rne_add.cpp'; '/home/ttuser/.coworker/wt/bcp-evo/tt_bio/kernels/rne_add/reader_rne_add.cpp'],['writer_rne_add/11689109000663956392/'; 'reader_rne_add/5462348467134491698/'],16281275380064118936,True,768,1412,1604,1376,1432,0,0,0,0,1,1,1,[],[],0.001,,,,,
GenericOpDeviceOperation,tt_dnn_device,312320,0,blackhole,{'num_mesh_programs': '1'},HiFi4,110,110,,91081744923,91081793142,48219,1322400272776,1322400609589,79,79,249491,178821,178820,,,,1897,178804,163371,178199,178213,178328,,,,,,1[1],288[288],288[288],128[128],TILE,BFLOAT16,DEV_1_DRAM_INTERLEAVED,1[1],288[288],288[288],128[128],TILE,BFLOAT16,DEV_1_DRAM_INTERLEAVED,1[1],1[1],32[1],128[128],TILE,BFLOAT16,DEV_1_DRAM_INTERLEAVED,1[1],288[288],288[288],128[128],TILE,BFLOAT16,DEV_1_DRAM_INTERLEAVED,1[1],288[288],288[288],128[128],TILE,BFLOAT16,DEV_1_DRAM_INTERLEAVED,,,,,,,,,,,,,,,,,,,,,,,,,,,,,,,,,,,,1[1],288[288],288[288],128[128],TILE,BFLOAT16,DEV_1_DRAM_INTERLEAVED,,,,,,,,,,,,,,,,,['/home/ttuser/.coworker/wt/bcp-evo/tt_bio/kernels/lnbw/compute_lnbw.cpp'],['compute_lnbw/7523916731524505336/'],['/home/ttuser/.coworker/wt/bcp-evo/tt_bio/kernels/lnbw/writer_lnbw.cpp'; '/home/ttuser/.coworker/wt/bcp-evo/tt_bio/kernels/lnbw/reader_lnbw.cpp'],['writer_lnbw/8051665203697858371/'; 'reader_lnbw/8486842166353870432/'],895543367223761992,True,764,2236,7708,7544,10412,0,0,0,0,1,1,1,[],[],0.001,,,,,
GenericOpDeviceOperation,tt_dnn_device,313344,0,blackhole,{'num_mesh_programs': '1'},HiFi4,110,110,,91081942138,91081989155,47017,1322400574829,1322400803629,199,200,169481,143535,143534,,,,1533,143532,140943,141733,143184,142605,,,,,,1[1],288[288],288[288],128[128],TILE,BFLOAT16,DEV_1_DRAM_INTERLEAVED,1[1],288[288],288[288],128[128],TILE,BFLOAT16,DEV_1_DRAM_INTERLEAVED,1[1],288[288],288[288],128[128],TILE,BFLOAT16,DEV_1_DRAM_INTERLEAVED,1[1],288[288],288[288],128[128],TILE,BFLOAT16,DEV_1_DRAM_INTERLEAVED,,,,,,,,,,,,,,,,,,,,,,,,,,,,,,,,,,,,,,,,,,,1[1],288[288],288[288],128[128],TILE,BFLOAT16,DEV_1_DRAM_INTERLEAVED,,,,,,,,,,,,,,,,,['/home/ttuser/.coworker/wt/bcp-evo/tt_bio/kernels/rne_add/compute_rne_add.cpp'],['compute_rne_add/15506775982570106819/'],['/home/ttuser/.coworker/wt/bcp-evo/tt_bio/kernels/rne_add/writer_rne_add.cpp'; '/home/ttuser/.coworker/wt/bcp-evo/tt_bio/kernels/rne_add/reader_rne_add.cpp'],['writer_rne_add/11689109000663956392/'; 'reader_rne_add/5462348467134491698/'],16281275380064118936,True,768,1412,1604,1376,1432,0,0,0,0,1,1,1,[],[],0.001,,,,,
MatmulDeviceOperation,tt_dnn_device,314368,0,blackhole,{'bcast_batch': 'true'; 'compute_kernel_config': 'ComputeKernelConfig(math_fidelity=HiFi4;math_approx_mode=0;fp32_dest_acc_en=1;packer_l1_acc=1;dst_full_sync_en=0;throttle_level=ThrottleLevel::NO_THROTTLE)'; 'global_cb': 'std::nullopt'; 'output_dtype': 'DataType::BFLOAT16'; 'output_mem_config': 'MemoryConfig(memory_layout=TensorMemoryLayout::INTERLEAVED;buffer_type=BufferType::DRAM;shard_spec=std::nullopt;nd_shard_spec=std::nullopt;created_with_nd_shard_spec=0)'; 'output_tile': 'Tile(tile_shape={32; 32};face_shape={16; 16};num_faces=4)'; 'program_config': 'MatmulMultiCoreReuseMultiCast1DProgramConfig(compute_with_storage_grid_size=(x=11;y=10);in0_block_w=2;out_subblock_h=2;out_subblock_w=2;out_block_h=12;out_block_w=16;per_core_M=24;per_core_N=32;fuse_batch=0;fused_activation=std::nullopt;mcast_in0=0;gather_in0=0;hop_cores={};num_global_cb_receivers=0;untilize_out=0)'; 'sub_device_id': 'std::nullopt'; 'transpose_a': 'false'; 'transpose_b': 'true'; 'untilize_out': 'false'; 'user_core_coord': 'std::nullopt'; 'user_fused_activation': 'std::nullopt'; 'user_run_batched': 'false'},HiFi4,108,110,,91496278428,91496412616,134188,1322959100062,1322960635985,413554638,413554638,1137721,1136107,1136107,,,,671,1136101,666581,909961,910212,910302,,,,,,1[1],1[1],82944[82944],128[128],TILE,BFLOAT16,DEV_1_DRAM_INTERLEAVED,1[1],1[1],1024[1024],128[128],TILE,BFLOAT16,DEV_1_DRAM_INTERLEAVED,,,,,,,,,,,,,,,,,,,,,,,,,,,,,,,,,,,,,,,,,,,,,,,,,,,,,,,,,1[1],1[1],82944[82944],1024[1024],TILE,BFLOAT16,DEV_1_DRAM_INTERLEAVED,,,,,,,,,,,,,,,,,['ttnn/cpp/ttnn/operations/matmul/device/kernels/compute/bmm_large_block_zm_fused_bias_activation.cpp'],['bmm_large_block_zm_fused_bias_activation/9121642124747897465/'],['ttnn/cpp/ttnn/operations/matmul/device/kernels/dataflow/reader_bmm_tile_layout_in1_receiver_writer_padding.cpp'; 'ttnn/cpp/ttnn/operations/matmul/device/kernels/dataflow/reader_bmm_tile_layout_in1_sender_writer_padding.cpp'; 'ttnn/cpp/ttnn/operations/matmul/device/kernels/dataflow/reader_bmm_tile_layout_in0_sender_padding.cpp'],['reader_bmm_tile_layout_in1_receiver_writer_padding/8909816093139549903/'; 'reader_bmm_tile_layout_in1_sender_writer_padding/17917446874117021888/'; 'reader_bmm_tile_layout_in0_sender_padding/2889035832712899663/'],1190769988013136329,False,2592,976,2540,2212,2808,0,0,0,0,308990,142989,308990,[68.7195816040039; 0.8483899235725403],[549.7566528320312],12.586,,,,,
TransposeDeviceOperation,tt_dnn_device,315392,0,blackhole,{'dim': 'TransposeOpDim::WH'; 'output_mem_config': 'MemoryConfig(memory_layout=TensorMemoryLayout::INTERLEAVED;buffer_type=BufferType::DRAM;shard_spec=std::nullopt;nd_shard_spec=std::nullopt;created_with_nd_shard_spec=0)'; 'pad_value': '0'},HiFi4,110,110,,91497211434,91497300879,89445,1322960645029,1322961833863,7241,7241,880618,880082,880082,,,,671,879941,879773,879767,878541,879393,,,,,,1[1],288[288],288[288],1024[1024],TILE,BFLOAT16,DEV_1_DRAM_INTERLEAVED,,,,,,,,,,,,,,,,,,,,,,,,,,,,,,,,,,,,,,,,,,,,,,,,,,,,,,,,,,,,,,,,1[1],288[288],1024[1024],288[288],TILE,BFLOAT16,DEV_1_DRAM_INTERLEAVED,,,,,,,,,,,,,,,,,['ttnn/cpp/ttnn/operations/data_movement/transpose/device/kernels/compute/transpose_wh.cpp'],['transpose_wh/14581025993053660267/'],['ttnn/cpp/ttnn/operations/eltwise/unary/device/kernels/dataflow/writer_unary_interleaved_start_id.cpp'; 'ttnn/cpp/ttnn/operations/data_movement/transpose/device/kernels/dataflow/reader_unary_transpose_wh_interleaved_start_id.cpp'],['writer_unary_interleaved_start_id/6276820466797607771/'; 'reader_unary_transpose_wh_interleaved_start_id/890651917070584162/'],16461604712195776742,False,1000,1012,1140,648,1296,0,0,0,0,1024143,1024143,308990,[165.86483764648438],[165.86483764648438],116.369,,,,,
UntilizeDeviceOperation,tt_dnn_device,316416,0,blackhole,{'enough_space_height': 'true'; 'enough_space_width': 'true'; 'fp32_dest_acc_en': 'false'; 'output_mem_config': 'MemoryConfig(memory_layout=TensorMemoryLayout::INTERLEAVED;buffer_type=BufferType::DRAM;shard_spec=std::nullopt;nd_shard_spec=std::nullopt;created_with_nd_shard_spec=0)'; 'pf_type': '2'; 'sub_core_grids': 'std::nullopt'; 'use_multicore': 'true'},HiFi4,110,110,,91801696477,91801834743,138266,1323371424408,1323372559768,303402031,303401939,841007,839481,839480,,,,656,839471,837200,837328,834956,837767,,,,,,1[1],288[288],1024[1024],288[288],TILE,BFLOAT16,DEV_1_DRAM_INTERLEAVED,,,,,,,,,,,,,,,,,,,,,,,,,,,,,,,,,,,,,,,,,,,,,,,,,,,,,,,,,,,,,,,,1[1],288[288],1024[1024],288[288],ROW_MAJOR,BFLOAT16,DEV_1_DRAM_INTERLEAVED,,,,,,,,,,,,,,,,,['ttnn/cpp/ttnn/operations/data_movement/untilize/device/kernels/compute/untilize_variable_num_blocks.cpp'],['untilize_variable_num_blocks/8046174886120674883/'],['ttnn/cpp/ttnn/operations/data_movement/untilize/device/kernels/dataflow/writer_unary_stick_layout_split_rows_multi_core.cpp'; 'ttnn/cpp/ttnn/operations/data_movement/untilize/device/kernels/dataflow/reader_unary_start_id.cpp'],['writer_unary_stick_layout_split_rows_multi_core/13726517367008709323/'; 'reader_unary_start_id/17954513282066156707/'],16364214800764071391,False,1088,624,1176,880,2624,0,0,0,0,2548173,2548173,308990,[66.66317749023438],[66.66317749023438],303.541,,,,,
ReshapeViewDeviceOperation,tt_dnn_device,317440,0,blackhole,{'logical_output_shape': 'Shape([9216; 9216])'; 'output_mem_config': 'MemoryConfig(memory_layout=TensorMemoryLayout::INTERLEAVED;buffer_type=BufferType::DRAM;shard_spec=std::nullopt;nd_shard_spec=std::nullopt;created_with_nd_shard_spec=0)'; 'padded_output_shape': 'Shape([9216; 9216])'; 'recreate_mapping_tensor': 'false'; 'sub_core_grid': 'std::nullopt'},,110,110,,92147565672,92147670566,104894,1323838363438,1323839762175,345040286,345040286,1036101,1035534,1035534,,,,547,984231,1035534,,,,,,,,,1[1],1[1],294912[294912],288[288],ROW_MAJOR,BFLOAT16,DEV_1_DRAM_INTERLEAVED,,,,,,,,,,,,,,,,,,,,,,,,,,,,,,,,,,,,,,,,,,,,,,,,,,,,,,,,,,,,,,,,1[1],1[1],9216[9216],9216[9216],ROW_MAJOR,BFLOAT16,DEV_1_DRAM_INTERLEAVED,,,,,,,,,,,,,,,,,[],[],['ttnn/cpp/ttnn/operations/data_movement/reshape_view/device/device/rm_reshape_interleaved.cpp'],['rm_reshape_interleaved/10101160344467352393/'],6809976610032435387,False,2132,2128,0,0,0,0,0,0,0,1,1,1,[],[],0.0,,,,,
TilizeDeviceOperation,tt_dnn_device,318464,0,blackhole,{'enough_space_height': 'true'; 'enough_space_width': 'true'; 'output_dtype': 'DataType::BFLOAT16'; 'output_mem_config': 'MemoryConfig(memory_layout=TensorMemoryLayout::INTERLEAVED;buffer_type=BufferType::DRAM;shard_spec=std::nullopt;nd_shard_spec=std::nullopt;created_with_nd_shard_spec=0)'; 'sub_core_grids': 'std::nullopt'; 'use_low_perf': 'false'; 'use_multicore': 'true'},HiFi4,100,110,,92894042037,92894189510,147473,1324846073556,1324847450210,745417515,745417515,1019744,1017721,1017721,,,,565,1017721,1013463,1014410,1014679,1014900,,,,,,1[1],1[1],9216[9216],9216[9216],ROW_MAJOR,BFLOAT16,DEV_1_DRAM_INTERLEAVED,,,,,,,,,,,,,,,,,,,,,,,,,,,,,,,,,,,,,,,,,,,,,,,,,,,,,,,,,,,,,,,,1[1],1[1],9216[9216],9216[9216],TILE,BFLOAT16,DEV_1_DRAM_INTERLEAVED,,,,,,,,,,,,,,,,,['ttnn/cpp/ttnn/operations/data_movement/tilize/device/kernels/compute/tilize_wh.cpp'],['tilize_wh/12958507796178471826/'],['ttnn/cpp/ttnn/operations/eltwise/unary/device/kernels/dataflow/writer_unary_interleaved_start_id_wh.cpp'; 'ttnn/cpp/ttnn/operations/data_movement/tilize_with_val_padding/device/kernels/dataflow/reader_unary_pad_multicore_both_dims.cpp'],['writer_unary_interleaved_start_id_wh/14568387395061096584/'; 'reader_unary_pad_multicore_both_dims/16869729060810258356/'],942223220967048263,False,744,1568,1364,656,1728,0,0,0,0,1,1,1,[],[],0.0,,,,,
MatmulDeviceOperation,tt_dnn_device,319488,0,blackhole,{'bcast_batch': 'true'; 'compute_kernel_config': 'ComputeKernelConfig(math_fidelity=HiFi4;math_approx_mode=0;fp32_dest_acc_en=1;packer_l1_acc=1;dst_full_sync_en=0;throttle_level=ThrottleLevel::NO_THROTTLE)'; 'global_cb': 'std::nullopt'; 'output_dtype': 'DataType::BFLOAT16'; 'output_mem_config': 'MemoryConfig(memory_layout=TensorMemoryLayout::INTERLEAVED;buffer_type=BufferType::DRAM;shard_spec=std::nullopt;nd_shard_spec=std::nullopt;created_with_nd_shard_spec=0)'; 'output_tile': 'Tile(tile_shape={32; 32};face_shape={16; 16};num_faces=4)'; 'program_config': 'MatmulMultiCoreReuseMultiCast1DProgramConfig(compute_with_storage_grid_size=(x=11;y=10);in0_block_w=2;out_subblock_h=3;out_subblock_w=1;out_block_h=3;out_block_w=1;per_core_M=3;per_core_N=1;fuse_batch=0;fused_activation=std::nullopt;mcast_in0=0;gather_in0=0;hop_cores={};num_global_cb_receivers=0;untilize_out=0)'; 'sub_device_id': 'std::nullopt'; 'transpose_a': 'false'; 'transpose_b': 'false'; 'untilize_out': 'false'; 'user_core_coord': 'std::nullopt'; 'user_fused_activation': 'std::nullopt'; 'user_run_batched': 'false'},HiFi4,96,110,,93308109901,93308237226,127325,1325405025579,1325406068957,413020597,413020183,772873,771319,771316,,,,679,771301,770147,770481,770396,770788,,,,,,1[1],1[1],9216[9216],9216[9216],TILE,BFLOAT16,DEV_1_DRAM_INTERLEAVED,1[1],1[1],9216[9216],32[1],TILE,BFLOAT16,DEV_1_DRAM_INTERLEAVED,,,,,,,,,,,,,,,,,,,,,,,,,,,,,,,,,,,,,,,,,,,,,,,,,,,,,,,,,1[1],1[1],9216[9216],32[1],TILE,BFLOAT16,DEV_1_DRAM_INTERLEAVED,,,,,,,,,,,,,,,,,['ttnn/cpp/ttnn/operations/matmul/device/kernels/compute/bmm_large_block_zm_fused_bias_activation.cpp'],['bmm_large_block_zm_fused_bias_activation/11676955660384533667/'],['ttnn/cpp/ttnn/operations/matmul/device/kernels/dataflow/reader_bmm_tile_layout_in1_receiver_writer_padding.cpp'; 'ttnn/cpp/ttnn/operations/matmul/device/kernels/dataflow/reader_bmm_tile_layout_in1_sender_writer_padding.cpp'; 'ttnn/cpp/ttnn/operations/matmul/device/kernels/dataflow/reader_bmm_tile_layout_in0_sender_padding.cpp'],['reader_bmm_tile_layout_in1_receiver_writer_padding/4593044969022897259/'; 'reader_bmm_tile_layout_in1_sender_writer_padding/4674454234512329358/'; 'reader_bmm_tile_layout_in0_sender_padding/7224506516927653266/'],11798307930951322203,False,1916,824,2224,1868,2292,0,0,0,0,308990,1118,308990,[549.7566528320312; 1.9088772535324097],[1.9088772535324097],0.145,,,,,
MatmulDeviceOperation,tt_dnn_device,320512,0,blackhole,{'bcast_batch': 'true'; 'compute_kernel_config': 'ComputeKernelConfig(math_fidelity=HiFi4;math_approx_mode=0;fp32_dest_acc_en=1;packer_l1_acc=1;dst_full_sync_en=0;throttle_level=ThrottleLevel::NO_THROTTLE)'; 'global_cb': 'std::nullopt'; 'output_dtype': 'DataType::BFLOAT16'; 'output_mem_config': 'MemoryConfig(memory_layout=TensorMemoryLayout::INTERLEAVED;buffer_type=BufferType::DRAM;shard_spec=std::nullopt;nd_shard_spec=std::nullopt;created_with_nd_shard_spec=0)'; 'output_tile': 'Tile(tile_shape={32; 32};face_shape={16; 16};num_faces=4)'; 'program_config': 'MatmulMultiCoreReuseMultiCast1DProgramConfig(compute_with_storage_grid_size=(x=11;y=10);in0_block_w=2;out_subblock_h=3;out_subblock_w=1;out_block_h=3;out_block_w=1;per_core_M=3;per_core_N=1;fuse_batch=0;fused_activation=std::nullopt;mcast_in0=0;gather_in0=0;hop_cores={};num_global_cb_receivers=0;untilize_out=0)'; 'sub_device_id': 'std::nullopt'; 'transpose_a': 'true'; 'transpose_b': 'false'; 'untilize_out': 'false'; 'user_core_coord': 'std::nullopt'; 'user_fused_activation': 'std::nullopt'; 'user_run_batched': 'false'},HiFi4,96,110,,93779300683,93779429722,129039,1326041115631,1326042085477,470406241,470406558,718404,716804,716803,,,,656,716801,711463,712464,712381,712754,,,,,,1[1],1[1],9216[9216],9216[9216],TILE,BFLOAT16,DEV_1_DRAM_INTERLEAVED,1[1],1[1],9216[9216],32[1],TILE,BFLOAT16,DEV_1_DRAM_INTERLEAVED,,,,,,,,,,,,,,,,,,,,,,,,,,,,,,,,,,,,,,,,,,,,,,,,,,,,,,,,,1[1],1[1],9216[9216],32[1],TILE,BFLOAT16,DEV_1_DRAM_INTERLEAVED,,,,,,,,,,,,,,,,,['ttnn/cpp/ttnn/operations/matmul/device/kernels/compute/bmm_large_block_zm_fused_bias_activation.cpp'],['bmm_large_block_zm_fused_bias_activation/10371762773193374432/'],['ttnn/cpp/ttnn/operations/matmul/device/kernels/dataflow/reader_bmm_tile_layout_in1_receiver_writer_padding.cpp'; 'ttnn/cpp/ttnn/operations/matmul/device/kernels/dataflow/reader_bmm_tile_layout_in1_sender_writer_padding.cpp'; 'ttnn/cpp/ttnn/operations/matmul/device/kernels/dataflow/reader_bmm_tile_layout_in0_sender_padding.cpp'],['reader_bmm_tile_layout_in1_receiver_writer_padding/46216822836682369/'; 'reader_bmm_tile_layout_in1_sender_writer_padding/16869443857621687160/'; 'reader_bmm_tile_layout_in0_sender_padding/11630255965531955095/'],11798689719694060044,False,1916,800,2940,2344,3608,0,0,0,0,308990,1118,308990,[549.7566528320312; 1.9088772535324097],[1.9088772535324097],0.156,,,,,
BinaryNgDeviceOperation,tt_dnn_device,321536,0,blackhole,{'binary_op_type': 'BinaryOpType::MUL'; 'compute_kernel_config': 'std::nullopt'; 'dtype': 'DataType::BFLOAT16'; 'input_dtype': 'DataType::BFLOAT16'; 'is_quant_op': 'false'; 'is_sfpu': 'true'; 'is_where_op': 'false'; 'lhs_activations': '{}'; 'memory_config': 'MemoryConfig(memory_layout=TensorMemoryLayout::INTERLEAVED;buffer_type=BufferType::DRAM;shard_spec=std::nullopt;nd_shard_spec=std::nullopt;created_with_nd_shard_spec=0)'; 'post_activations': '{}'; 'rhs_activations': '{}'; 'scalar': '1'; 'sub_core_grids': 'std::nullopt'; 'subtile_broadcast_type': 'SubtileBroadcastType::NONE'; 'worker_grid': '{[(x=0;y=0) - (x=10;y=9)]}'},HiFi4,110,110,,93779672781,93779734485,61704,1326041616186,1326042092569,208,208,352876,5069,5069,,,,1456,5067,3333,3524,4653,4041,,,,,,1[1],288[288],32[32],32[1],TILE,BFLOAT16,DEV_1_DRAM_INTERLEAVED,,,,,,,,,,,,,,,,,,,,,,,,,,,,,,,,,,,,,,,,,,,,,,,,,,,,,,,,,,,,,,,,1[1],288[288],32[32],32[1],TILE,BFLOAT16,DEV_1_DRAM_INTERLEAVED,,,,,,,,,,,,,,,,,['ttnn/cpp/ttnn/operations/eltwise/binary_ng/device/kernels/compute/eltwise_binary_sfpu_scalar.cpp'],['eltwise_binary_sfpu_scalar/6302317103236044736/'],['ttnn/cpp/ttnn/operations/eltwise/binary_ng/device/kernels/dataflow/reader_interleaved_no_bcast.cpp'; 'ttnn/cpp/ttnn/operations/eltwise/binary_ng/device/kernels/dataflow/writer_interleaved_scalar.cpp'],['reader_interleaved_no_bcast/15501400787415134526/'; 'writer_interleaved_scalar/13747915134593411132/'],15691238620557725211,True,1228,1256,1532,1264,1296,0,0,0,0,1,1,1,[],[],0.02,,,,,
PermuteDeviceOperation,tt_dnn_device,322560,0,blackhole,{'dims': '{0; 3; 1; 2}'; 'output_mem_config': 'MemoryConfig(memory_layout=TensorMemoryLayout::INTERLEAVED;buffer_type=BufferType::DRAM;shard_spec=std::nullopt;nd_shard_spec=std::nullopt;created_with_nd_shard_spec=0)'; 'pad_value': '0'},HiFi4,110,110,,94063146323,94063256617,110294,1326424237764,1326424243102,283046370,283043262,3954,3396,3393,,,,573,3341,3013,3044,670,2673,,,,,,1[1],288[288],32[32],32[1],TILE,BFLOAT16,DEV_1_DRAM_INTERLEAVED,,,,,,,,,,,,,,,,,,,,,,,,,,,,,,,,,,,,,,,,,,,,,,,,,,,,,,,,,,,,,,,,1[1],1[1],288[288],32[32],TILE,BFLOAT16,DEV_1_DRAM_INTERLEAVED,,,,,,,,,,,,,,,,,['ttnn/cpp/ttnn/operations/data_movement/transpose/device/kernels/compute/transpose_wh.cpp'],['transpose_wh/14581025993053660267/'],['ttnn/cpp/ttnn/operations/data_movement/permute/device/kernels/dataflow/writer_permute_interleaved_tiled_row_invariant.cpp'; 'ttnn/cpp/ttnn/operations/data_movement/transpose/device/kernels/dataflow/reader_unary_transpose_hc_interleaved_tiled_padding_aware.cpp'],['writer_permute_interleaved_tiled_row_invariant/10035339569382962743/'; 'reader_unary_transpose_hc_interleaved_tiled_padding_aware/11653448181110011090/'],6020671882690411745,False,1332,924,1140,648,1296,0,0,0,0,5708,5708,1072,[103.3328628540039],[3.229151964187622],168.08,,,,,
MatmulDeviceOperation,tt_dnn_device,323584,0,blackhole,{'bcast_batch': 'true'; 'compute_kernel_config': 'ComputeKernelConfig(math_fidelity=HiFi4;math_approx_mode=0;fp32_dest_acc_en=1;packer_l1_acc=1;dst_full_sync_en=0;throttle_level=ThrottleLevel::NO_THROTTLE)'; 'global_cb': 'std::nullopt'; 'output_dtype': 'DataType::BFLOAT16'; 'output_mem_config': 'MemoryConfig(memory_layout=TensorMemoryLayout::INTERLEAVED;buffer_type=BufferType::DRAM;shard_spec=std::nullopt;nd_shard_spec=std::nullopt;created_with_nd_shard_spec=0)'; 'output_tile': 'Tile(tile_shape={32; 32};face_shape={16; 16};num_faces=4)'; 'program_config': 'MatmulMultiCoreReuseMultiCast1DProgramConfig(compute_with_storage_grid_size=(x=11;y=10);in0_block_w=1;out_subblock_h=1;out_subblock_w=4;out_block_h=1;out_block_w=8;per_core_M=1;per_core_N=8;fuse_batch=0;fused_activation=std::nullopt;mcast_in0=0;gather_in0=0;hop_cores={};num_global_cb_receivers=0;untilize_out=0)'; 'sub_device_id': 'std::nullopt'; 'transpose_a': 'false'; 'transpose_b': 'true'; 'untilize_out': 'false'; 'user_core_coord': 'std::nullopt'; 'user_fused_activation': 'std::nullopt'; 'user_run_batched': 'false'},HiFi4,9,110,,94543522257,94543766960,244703,1327072743530,1327072750502,480375107,480407047,5164,4603,4487,,,,549,4418,899,1773,687,2184,,,,,,1[1],1[1],288[288],32[32],TILE,BFLOAT16,DEV_1_DRAM_INTERLEAVED,1[1],1[1],256[256],32[32],TILE,BFLOAT16,DEV_1_DRAM_INTERLEAVED,,,,,,,,,,,,,,,,,,,,,,,,,,,,,,,,,,,,,,,,,,,,,,,,,,,,,,,,,1[1],1[1],288[288],256[256],TILE,BFLOAT16,DEV_1_DRAM_INTERLEAVED,,,,,,,,,,,,,,,,,['ttnn/cpp/ttnn/operations/matmul/device/kernels/compute/bmm_large_block_zm_fused_bias_activation.cpp'],['bmm_large_block_zm_fused_bias_activation/14489720710837825477/'],['ttnn/cpp/ttnn/operations/matmul/device/kernels/dataflow/reader_bmm_tile_layout_in1_receiver_writer_padding.cpp'; 'ttnn/cpp/ttnn/operations/matmul/device/kernels/dataflow/reader_bmm_tile_layout_in1_sender_writer_padding.cpp'; 'ttnn/cpp/ttnn/operations/matmul/device/kernels/dataflow/reader_bmm_tile_layout_in0_sender_padding.cpp'],['reader_bmm_tile_layout_in1_receiver_writer_padding/8699361306040904659/'; 'reader_bmm_tile_layout_in1_sender_writer_padding/16290715274855184317/'; 'reader_bmm_tile_layout_in0_sender_padding/13219938150511008239/'],3969529032051505131,False,1888,656,1336,1460,1804,0,0,0,0,268,32,268,[68.776123046875; 61.13432693481445],[550.208984375],0.695,,,,,
UntilizeWithUnpaddingDeviceOperation,tt_dnn_device,324608,0,blackhole,{'enough_space_height': 'true'; 'enough_space_width': 'true'; 'fp32_dest_acc_en': 'false'; 'output_mem_config': 'MemoryConfig(memory_layout=TensorMemoryLayout::INTERLEAVED;buffer_type=BufferType::DRAM;shard_spec=std::nullopt;nd_shard_spec=std::nullopt;created_with_nd_shard_spec=0)'; 'output_tensor_end': 'Shape([9215; 0])'; 'sub_core_grids': 'std::nullopt'; 'use_multicore': 'true'},HiFi4,96,110,,94547321967,94547502661,180694,1327077882800,1327077921792,3802742,3802742,28883,27875,27875,,,,559,27875,2541,2576,679,19376,,,,,,1[1],1[1],9216[9216],32[1],TILE,BFLOAT16,DEV_1_DRAM_INTERLEAVED,,,,,,,,,,,,,,,,,,,,,,,,,,,,,,,,,,,,,,,,,,,,,,,,,,,,,,,,,,,,,,,,1[1],1[1],9216[9216],1[1],ROW_MAJOR,BFLOAT16,DEV_1_DRAM_INTERLEAVED,,,,,,,,,,,,,,,,,['ttnn/cpp/ttnn/operations/data_movement/untilize/device/kernels/compute/untilize.cpp'],['untilize/14598893515600315013/'],['ttnn/cpp/ttnn/operations/data_movement/untilize_with_unpadding/device/kernels/dataflow/writer_unary_stick_layout_split_rows_multicore.cpp'; 'ttnn/cpp/ttnn/operations/eltwise/unary/device/kernels/dataflow/reader_unary_interleaved_start_id.cpp'],['writer_unary_stick_layout_split_rows_multicore/16062909771743976108/'; 'reader_unary_interleaved_start_id/17828978230959924579/'],2323525405351511273,False,1340,928,1076,760,2268,0,0,0,0,3591,3591,1072,[164.25062561035156],[5.132832050323486],12.883,,,,,
TilizeWithValPaddingDeviceOperation,tt_dnn_device,325632,0,blackhole,{'enough_space_height': 'true'; 'enough_space_width': 'true'; 'output_dtype': 'DataType::BFLOAT16'; 'output_mem_config': 'MemoryConfig(memory_layout=TensorMemoryLayout::INTERLEAVED;buffer_type=BufferType::DRAM;shard_spec=std::nullopt;nd_shard_spec=std::nullopt;created_with_nd_shard_spec=0)'; 'output_padded_shape': 'Shape([32; 288; 32])'; 'pad_value': '0'; 'sub_core_grids': 'std::nullopt'; 'use_multicore': 'true'},HiFi4,96,110,,94549189782,94549331805,142023,1327080407846,1327080435841,1842511,1842581,20737,19704,19704,,,,559,19702,19423,19344,661,19370,,,,,,1[1],32[32],288[288],1[1],ROW_MAJOR,BFLOAT16,DEV_1_DRAM_INTERLEAVED,,,,,,,,,,,,,,,,,,,,,,,,,,,,,,,,,,,,,,,,,,,,,,,,,,,,,,,,,,,,,,,,1[1],32[32],288[288],32[1],TILE,BFLOAT16,DEV_1_DRAM_INTERLEAVED,,,,,,,,,,,,,,,,,['ttnn/cpp/ttnn/kernel/compute/tilize.cpp'],['tilize/7536982316202289583/'],['ttnn/cpp/ttnn/operations/eltwise/unary/device/kernels/dataflow/writer_unary_interleaved_start_id.cpp'; 'ttnn/cpp/ttnn/operations/data_movement/tilize_with_val_padding/device/kernels/dataflow/reader_unary_pad_dims_split_rows_multicore.cpp'],['writer_unary_interleaved_start_id/6276820466797607771/'; 'reader_unary_pad_dims_split_rows_multicore/14472615118499954527/'],5875773644302910042,False,1000,1836,1296,696,1672,0,0,0,0,1,1,1,[],[],0.005,,,,,
PermuteDeviceOperation,tt_dnn_device,326656,0,blackhole,{'dims': '{0; 3; 2; 1}'; 'output_mem_config': 'MemoryConfig(memory_layout=TensorMemoryLayout::INTERLEAVED;buffer_type=BufferType::DRAM;shard_spec=std::nullopt;nd_shard_spec=std::nullopt;created_with_nd_shard_spec=0)'; 'pad_value': '0'},HiFi4,110,110,,94851346969,94851456241,109272,1327488305249,1327488368583,302125080,302124603,46914,46348,46342,,,,578,46309,45476,45651,45598,46033,,,,,,1[1],32[32],288[288],32[1],TILE,BFLOAT16,DEV_1_DRAM_INTERLEAVED,,,,,,,,,,,,,,,,,,,,,,,,,,,,,,,,,,,,,,,,,,,,,,,,,,,,,,,,,,,,,,,,1[1],1[1],288[288],32[32],TILE,BFLOAT16,DEV_1_DRAM_INTERLEAVED,,,,,,,,,,,,,,,,,['ttnn/cpp/ttnn/operations/data_movement/permute/device/kernels/compute/transpose_xw_tiled.cpp'],['transpose_xw_tiled/3700826860125243985/'],['ttnn/cpp/ttnn/operations/data_movement/permute/device/kernels/dataflow/writer_permute_interleaved_tiled_generic.cpp'; 'ttnn/cpp/ttnn/operations/data_movement/permute/device/kernels/dataflow/reader_permute_interleaved_tiled_generic.cpp'],['writer_permute_interleaved_tiled_generic/7113338942912669473/'; 'reader_permute_interleaved_tiled_generic/1147746296162973548/'],6020671878533715554,False,1080,1032,1764,1080,2748,0,0,0,0,2244,2244,1072,[262.84490966796875],[8.213903427124023],4.842,,,,,
MatmulDeviceOperation,tt_dnn_device,327680,0,blackhole,{'bcast_batch': 'true'; 'compute_kernel_config': 'ComputeKernelConfig(math_fidelity=HiFi4;math_approx_mode=0;fp32_dest_acc_en=1;packer_l1_acc=1;dst_full_sync_en=0;throttle_level=ThrottleLevel::NO_THROTTLE)'; 'global_cb': 'std::nullopt'; 'output_dtype': 'DataType::BFLOAT16'; 'output_mem_config': 'MemoryConfig(memory_layout=TensorMemoryLayout::INTERLEAVED;buffer_type=BufferType::DRAM;shard_spec=std::nullopt;nd_shard_spec=std::nullopt;created_with_nd_shard_spec=0)'; 'output_tile': 'Tile(tile_shape={32; 32};face_shape={16; 16};num_faces=4)'; 'program_config': 'MatmulMultiCoreReuseMultiCast1DProgramConfig(compute_with_storage_grid_size=(x=11;y=10);in0_block_w=1;out_subblock_h=1;out_subblock_w=4;out_block_h=1;out_block_w=8;per_core_M=1;per_core_N=8;fuse_batch=0;fused_activation=std::nullopt;mcast_in0=0;gather_in0=0;hop_cores={};num_global_cb_receivers=0;untilize_out=0)'; 'sub_device_id': 'std::nullopt'; 'transpose_a': 'false'; 'transpose_b': 'true'; 'untilize_out': 'false'; 'user_core_coord': 'std::nullopt'; 'user_fused_activation': 'std::nullopt'; 'user_run_batched': 'false'},HiFi4,9,110,,94851702537,94851785550,83013,1327488785863,1327488792699,309670,309753,5064,4483,4379,,,,573,4295,953,1602,678,2041,,,,,,1[1],1[1],288[288],32[32],TILE,BFLOAT16,DEV_1_DRAM_INTERLEAVED,1[1],1[1],256[256],32[32],TILE,BFLOAT16,DEV_1_DRAM_INTERLEAVED,,,,,,,,,,,,,,,,,,,,,,,,,,,,,,,,,,,,,,,,,,,,,,,,,,,,,,,,,1[1],1[1],288[288],256[256],TILE,BFLOAT16,DEV_1_DRAM_INTERLEAVED,,,,,,,,,,,,,,,,,['ttnn/cpp/ttnn/operations/matmul/device/kernels/compute/bmm_large_block_zm_fused_bias_activation.cpp'],['bmm_large_block_zm_fused_bias_activation/14489720710837825477/'],['ttnn/cpp/ttnn/operations/matmul/device/kernels/dataflow/reader_bmm_tile_layout_in1_receiver_writer_padding.cpp'; 'ttnn/cpp/ttnn/operations/matmul/device/kernels/dataflow/reader_bmm_tile_layout_in1_sender_writer_padding.cpp'; 'ttnn/cpp/ttnn/operations/matmul/device/kernels/dataflow/reader_bmm_tile_layout_in0_sender_padding.cpp'],['reader_bmm_tile_layout_in1_receiver_writer_padding/8699361306040904659/'; 'reader_bmm_tile_layout_in1_sender_writer_padding/16290715274855184317/'; 'reader_bmm_tile_layout_in0_sender_padding/13219938150511008239/'],3969529032051505131,True,1888,656,1336,1460,1804,0,0,0,0,268,32,268,[68.776123046875; 61.13432693481445],[550.208984375],0.714,,,,,
GenericOpDeviceOperation,tt_dnn_device,328704,0,blackhole,{'num_mesh_programs': '1'},HiFi4,72,110,,94851962127,94852002632,40505,1327489140536,1327489145547,258653,258653,3712,2740,2740,,,,558,2740,1696,1852,2357,810,,,,,,1[1],1[1],288[288],256[256],TILE,BFLOAT16,DEV_1_DRAM_INTERLEAVED,1[1],1[1],288[288],256[256],TILE,BFLOAT16,DEV_1_DRAM_INTERLEAVED,1[1],1[1],288[288],256[256],TILE,BFLOAT16,DEV_1_DRAM_INTERLEAVED,1[1],1[1],288[288],256[256],TILE,BFLOAT16,DEV_1_DRAM_INTERLEAVED,,,,,,,,,,,,,,,,,,,,,,,,,,,,,,,,,,,,,,,,,,,1[1],1[1],288[288],256[256],TILE,BFLOAT16,DEV_1_DRAM_INTERLEAVED,,,,,,,,,,,,,,,,,['/home/ttuser/.coworker/wt/bcp-evo/tt_bio/kernels/rne_add/compute_rne_add.cpp'],['compute_rne_add/15506775982570106819/'],['/home/ttuser/.coworker/wt/bcp-evo/tt_bio/kernels/rne_add/writer_rne_add.cpp'; '/home/ttuser/.coworker/wt/bcp-evo/tt_bio/kernels/rne_add/reader_rne_add.cpp'],['writer_rne_add/11689109000663956392/'; 'reader_rne_add/5462348467134491698/'],11998302437493887239,True,768,1412,1604,1376,1432,0,0,0,0,1,1,1,[],[],0.036,,,,,
GenericOpDeviceOperation,tt_dnn_device,329728,0,blackhole,{'num_mesh_programs': '1'},HiFi4,9,110,,94857305873,94857362879,57006,1327496308732,1327496335103,5306547,5306829,19534,18927,18844,,,,339,18781,7097,17561,17727,17553,,,,,,1[1],1[1],288[288],256[256],TILE,BFLOAT16,DEV_1_DRAM_INTERLEAVED,1[1],1[1],288[288],256[256],TILE,BFLOAT16,DEV_1_DRAM_INTERLEAVED,1[1],1[1],32[1],256[256],TILE,BFLOAT16,DEV_1_DRAM_INTERLEAVED,1[1],1[1],288[288],256[256],TILE,BFLOAT16,DEV_1_DRAM_INTERLEAVED,1[1],1[1],288[288],256[256],TILE,BFLOAT16,DEV_1_DRAM_INTERLEAVED,,,,,,,,,,,,,,,,,,,,,,,,,,,,,,,,,,,,1[1],1[1],288[288],256[256],TILE,BFLOAT16,DEV_1_DRAM_INTERLEAVED,,,,,,,,,,,,,,,,,['/home/ttuser/.coworker/wt/bcp-evo/tt_bio/kernels/lnbw/compute_lnbw.cpp'],['compute_lnbw/2414198757789453252/'],['/home/ttuser/.coworker/wt/bcp-evo/tt_bio/kernels/lnbw/writer_lnbw.cpp'; '/home/ttuser/.coworker/wt/bcp-evo/tt_bio/kernels/lnbw/reader_lnbw.cpp'],['writer_lnbw/2864312284307755311/'; 'reader_lnbw/179600140981458844/'],11226655930517690592,False,776,2204,7732,6568,7912,0,0,0,0,1,1,1,[],[],0.005,,,,,
GenericOpDeviceOperation,tt_dnn_device,330752,0,blackhole,{'num_mesh_programs': '1'},HiFi4,72,110,,94857568569,94857607722,39153,1327496675331,1327496680454,253027,253027,3795,2827,2827,,,,559,2824,1776,1963,2443,823,,,,,,1[1],1[1],288[288],256[256],TILE,BFLOAT16,DEV_1_DRAM_INTERLEAVED,1[1],1[1],288[288],256[256],TILE,BFLOAT16,DEV_1_DRAM_INTERLEAVED,1[1],1[1],288[288],256[256],TILE,BFLOAT16,DEV_1_DRAM_INTERLEAVED,1[1],1[1],288[288],256[256],TILE,BFLOAT16,DEV_1_DRAM_INTERLEAVED,,,,,,,,,,,,,,,,,,,,,,,,,,,,,,,,,,,,,,,,,,,1[1],1[1],288[288],256[256],TILE,BFLOAT16,DEV_1_DRAM_INTERLEAVED,,,,,,,,,,,,,,,,,['/home/ttuser/.coworker/wt/bcp-evo/tt_bio/kernels/rne_add/compute_rne_add.cpp'],['compute_rne_add/15506775982570106819/'],['/home/ttuser/.coworker/wt/bcp-evo/tt_bio/kernels/rne_add/writer_rne_add.cpp'; '/home/ttuser/.coworker/wt/bcp-evo/tt_bio/kernels/rne_add/reader_rne_add.cpp'],['writer_rne_add/11689109000663956392/'; 'reader_rne_add/5462348467134491698/'],11998302437493887239,True,768,1412,1604,1376,1432,0,0,0,0,1,1,1,[],[],0.035,,,,,
MatmulDeviceOperation,tt_dnn_device,331776,0,blackhole,{'bcast_batch': 'true'; 'compute_kernel_config': 'ComputeKernelConfig(math_fidelity=HiFi4;math_approx_mode=0;fp32_dest_acc_en=1;packer_l1_acc=1;dst_full_sync_en=0;throttle_level=ThrottleLevel::NO_THROTTLE)'; 'global_cb': 'std::nullopt'; 'output_dtype': 'DataType::BFLOAT16'; 'output_mem_config': 'MemoryConfig(memory_layout=TensorMemoryLayout::INTERLEAVED;buffer_type=BufferType::DRAM;shard_spec=std::nullopt;nd_shard_spec=std::nullopt;created_with_nd_shard_spec=0)'; 'output_tile': 'Tile(tile_shape={32; 32};face_shape={16; 16};num_faces=4)'; 'program_config': 'MatmulMultiCoreReuseMultiCastProgramConfig(compute_with_storage_grid_size=(x=11;y=10);in0_block_w=1;out_subblock_h=1;out_subblock_w=3;out_block_h=1;out_block_w=3;per_core_M=1;per_core_N=3;transpose_mcast=0;fused_activation=std::nullopt;fuse_batch=0)'; 'sub_device_id': 'std::nullopt'; 'transpose_a': 'false'; 'transpose_b': 'true'; 'untilize_out': 'false'; 'user_core_coord': 'std::nullopt'; 'user_fused_activation': 'std::nullopt'; 'user_run_batched': 'false'},HiFi4,99,110,,95428296176,95428462935,166759,1328267159896,1328267177691,570706830,570727364,13181,11327,11320,,,,557,11320,8360,8861,8810,9056,,,,,,1[1],1[1],288[288],256[256],TILE,BFLOAT16,DEV_1_DRAM_INTERLEAVED,1[1],1[1],1024[1024],256[256],TILE,BFLOAT16,DEV_1_DRAM_INTERLEAVED,,,,,,,,,,,,,,,,,,,,,,,,,,,,,,,,,,,,,,,,,,,,,,,,,,,,,,,,,1[1],1[1],288[288],1024[1024],TILE,BFLOAT16,DEV_1_DRAM_INTERLEAVED,,,,,,,,,,,,,,,,,['ttnn/cpp/ttnn/operations/matmul/device/kernels/compute/bmm_large_block_zm_fused_bias_activation.cpp'],['bmm_large_block_zm_fused_bias_activation/16721305734473715161/'],['ttnn/cpp/ttnn/operations/matmul/device/kernels/dataflow/reader_bmm_tile_layout_in0_receiver.cpp'; 'ttnn/cpp/ttnn/operations/matmul/device/kernels/dataflow/reader_bmm_tile_layout_in1_receiver_writer_padding.cpp'; 'ttnn/cpp/ttnn/operations/matmul/device/kernels/dataflow/reader_bmm_tile_layout_in1_sender_writer_padding.cpp'; 'ttnn/cpp/ttnn/operations/matmul/device/kernels/dataflow/reader_bmm_tile_layout_in0_sender_padding.cpp'],['reader_bmm_tile_layout_in0_receiver/4719514205604703201/'; 'reader_bmm_tile_layout_in1_receiver_writer_padding/3836835921275945332/'; 'reader_bmm_tile_layout_in1_sender_writer_padding/17921597959548187607/'; 'reader_bmm_tile_layout_in0_sender_padding/645902752684699339/'],14067762741310137474,False,1888,1000,2164,1888,2284,0,0,0,0,1072,994,1072,[137.55224609375; 489.0746154785156],[550.208984375],8.775,,,,,
UnaryNgDeviceOperation,tt_dnn_device,332800,0,blackhole,{'bfp8_pack_precise': 'false'; 'fp32_dest_acc_en': 'false'; 'memory_config': 'MemoryConfig(memory_layout=TensorMemoryLayout::INTERLEAVED;buffer_type=BufferType::DRAM;shard_spec=std::nullopt;nd_shard_spec=std::nullopt;created_with_nd_shard_spec=0)'; 'op_chain': '{BasicUnaryWithParam<float; int; unsigned int>(base=BasicUnaryWithParam<float>(op_type=UnaryOpType::GTZ;param={}))}'; 'output_dtype': 'DataType::BFLOAT16'; 'preserve_fp32_precision': 'false'; 'sub_core_grids': 'std::nullopt'; 'worker_grid': '{[(x=0;y=0) - (x=10;y=9)]}'},HiFi4,110,110,,95428739166,95428815677,76511,1328267752723,1328267758549,426487,426487,4316,3771,3771,,,,564,3771,3129,3180,3338,2709,,,,,,1[1],1[1],288[288],1024[1024],TILE,BFLOAT16,DEV_1_DRAM_INTERLEAVED,,,,,,,,,,,,,,,,,,,,,,,,,,,,,,,,,,,,,,,,,,,,,,,,,,,,,,,,,,,,,,,,1[1],1[1],288[288],1024[1024],TILE,BFLOAT16,DEV_1_DRAM_INTERLEAVED,,,,,,,,,,,,,,,,,['ttnn/cpp/ttnn/operations/eltwise/unary_ng/device/kernels/compute/eltwise_sfpu.cpp'],['eltwise_sfpu/9205010554989736738/'],['ttnn/cpp/ttnn/operations/eltwise/unary_ng/device/kernels/dataflow/writer_unary_ng.cpp'; 'ttnn/cpp/ttnn/operations/eltwise/unary_ng/device/kernels/dataflow/reader_unary_ng.cpp'],['writer_unary_ng/13835163660338601625/'; 'reader_unary_ng/850304498476538194/'],3124980364959531136,True,1000,928,1096,796,1264,0,0,0,0,1,1,1,[],[],0.027,,,,,
BinaryNgDeviceOperation,tt_dnn_device,333824,0,blackhole,{'binary_op_type': 'BinaryOpType::MUL'; 'compute_kernel_config': 'std::nullopt'; 'dtype': 'DataType::BFLOAT16'; 'input_dtype': 'DataType::BFLOAT16'; 'is_quant_op': 'false'; 'is_sfpu': 'true'; 'is_where_op': 'false'; 'lhs_activations': '{}'; 'memory_config': 'MemoryConfig(memory_layout=TensorMemoryLayout::INTERLEAVED;buffer_type=BufferType::DRAM;shard_spec=std::nullopt;nd_shard_spec=std::nullopt;created_with_nd_shard_spec=0)'; 'post_activations': '{}'; 'rhs_activations': '{}'; 'scalar': 'std::nullopt'; 'sub_core_grids': 'std::nullopt'; 'subtile_broadcast_type': 'SubtileBroadcastType::NONE'; 'worker_grid': '{[(x=0;y=0) - (x=10;y=9)]}'},HiFi4,110,110,,95428867533,95428937973,70440,1328267930066,1328267939619,127598,127598,7076,6539,6532,,,,563,6501,5612,5654,6195,4916,,,,,,1[1],1[1],288[288],1024[1024],TILE,BFLOAT16,DEV_1_DRAM_INTERLEAVED,1[1],1[1],288[288],1024[1024],TILE,BFLOAT16,DEV_1_DRAM_INTERLEAVED,,,,,,,,,,,,,,,,,,,,,,,,,,,,,,,,,,,,,,,,,,,,,,,,,,,,,,,,,1[1],1[1],288[288],1024[1024],TILE,BFLOAT16,DEV_1_DRAM_INTERLEAVED,,,,,,,,,,,,,,,,,['ttnn/cpp/ttnn/operations/eltwise/binary_ng/device/kernels/compute/eltwise_binary_sfpu_no_bcast.cpp'],['eltwise_binary_sfpu_no_bcast/12748254803204292867/'],['ttnn/cpp/ttnn/operations/eltwise/binary_ng/device/kernels_ng/dataflow/reader_interleaved_no_bcast.cpp'; 'ttnn/cpp/ttnn/operations/eltwise/binary_ng/device/kernels_ng/dataflow/writer_interleaved_no_bcast.cpp'],['reader_interleaved_no_bcast/13569263223077070646/'; 'writer_interleaved_no_bcast/17771707349566412835/'],2894756004430506998,True,1120,1644,1492,1264,1296,0,0,0,0,1,1,1,[],[],0.015,,,,,
MatmulDeviceOperation,tt_dnn_device,334848,0,blackhole,{'bcast_batch': 'true'; 'compute_kernel_config': 'ComputeKernelConfig(math_fidelity=HiFi4;math_approx_mode=0;fp32_dest_acc_en=1;packer_l1_acc=1;dst_full_sync_en=0;throttle_level=ThrottleLevel::NO_THROTTLE)'; 'global_cb': 'std::nullopt'; 'output_dtype': 'DataType::BFLOAT16'; 'output_mem_config': 'MemoryConfig(memory_layout=TensorMemoryLayout::INTERLEAVED;buffer_type=BufferType::DRAM;shard_spec=std::nullopt;nd_shard_spec=std::nullopt;created_with_nd_shard_spec=0)'; 'output_tile': 'Tile(tile_shape={32; 32};face_shape={16; 16};num_faces=4)'; 'program_config': 'MatmulMultiCoreReuseMultiCast1DProgramConfig(compute_with_storage_grid_size=(x=11;y=10);in0_block_w=2;out_subblock_h=1;out_subblock_w=4;out_block_h=1;out_block_w=8;per_core_M=1;per_core_N=8;fuse_batch=0;fused_activation=std::nullopt;mcast_in0=0;gather_in0=0;hop_cores={};num_global_cb_receivers=0;untilize_out=0)'; 'sub_device_id': 'std::nullopt'; 'transpose_a': 'false'; 'transpose_b': 'true'; 'untilize_out': 'false'; 'user_core_coord': 'std::nullopt'; 'user_fused_activation': 'std::nullopt'; 'user_run_batched': 'false'},HiFi4,9,110,,95939164542,95939312105,147563,1328956829595,1328956868227,510281361,510296988,28616,28024,27933,,,,531,27852,23342,25519,25624,25943,,,,,,1[1],1[1],288[288],1024[1024],TILE,BFLOAT16,DEV_1_DRAM_INTERLEAVED,1[1],1[1],256[256],1024[1024],TILE,BFLOAT16,DEV_1_DRAM_INTERLEAVED,,,,,,,,,,,,,,,,,,,,,,,,,,,,,,,,,,,,,,,,,,,,,,,,,,,,,,,,,1[1],1[1],288[288],256[256],TILE,BFLOAT16,DEV_1_DRAM_INTERLEAVED,,,,,,,,,,,,,,,,,['ttnn/cpp/ttnn/operations/matmul/device/kernels/compute/bmm_large_block_zm_fused_bias_activation.cpp'],['bmm_large_block_zm_fused_bias_activation/6282514076406986486/'],['ttnn/cpp/ttnn/operations/matmul/device/kernels/dataflow/reader_bmm_tile_layout_in1_receiver_writer_padding.cpp'; 'ttnn/cpp/ttnn/operations/matmul/device/kernels/dataflow/reader_bmm_tile_layout_in1_sender_writer_padding.cpp'; 'ttnn/cpp/ttnn/operations/matmul/device/kernels/dataflow/reader_bmm_tile_layout_in0_sender_padding.cpp'],['reader_bmm_tile_layout_in1_receiver_writer_padding/13111619059037728116/'; 'reader_bmm_tile_layout_in1_sender_writer_padding/14366895441599596385/'; 'reader_bmm_tile_layout_in0_sender_padding/5814679561988057560/'],5729168373587257821,False,2088,728,2236,1976,2580,0,0,0,0,1072,994,1072,[550.208984375; 489.0746154785156],[137.55224609375],3.547,,,,,
GenericOpDeviceOperation,tt_dnn_device,335872,0,blackhole,{'num_mesh_programs': '1'},HiFi4,9,110,,95940093030,95940158952,65922,1328958085136,1328958111718,902021,902134,19690,19073,18999,,,,361,18921,7293,17749,17924,17753,,,,,,1[1],1[1],288[288],256[256],TILE,BFLOAT16,DEV_1_DRAM_INTERLEAVED,1[1],1[1],288[288],256[256],TILE,BFLOAT16,DEV_1_DRAM_INTERLEAVED,1[1],1[1],32[1],256[256],TILE,BFLOAT16,DEV_1_DRAM_INTERLEAVED,1[1],1[1],288[288],256[256],TILE,BFLOAT16,DEV_1_DRAM_INTERLEAVED,1[1],1[1],288[288],256[256],TILE,BFLOAT16,DEV_1_DRAM_INTERLEAVED,,,,,,,,,,,,,,,,,,,,,,,,,,,,,,,,,,,,1[1],1[1],288[288],256[256],TILE,BFLOAT16,DEV_1_DRAM_INTERLEAVED,,,,,,,,,,,,,,,,,['/home/ttuser/.coworker/wt/bcp-evo/tt_bio/kernels/lnbw/compute_lnbw.cpp'],['compute_lnbw/2414198757789453252/'],['/home/ttuser/.coworker/wt/bcp-evo/tt_bio/kernels/lnbw/writer_lnbw.cpp'; '/home/ttuser/.coworker/wt/bcp-evo/tt_bio/kernels/lnbw/reader_lnbw.cpp'],['writer_lnbw/2864312284307755311/'; 'reader_lnbw/179600140981458844/'],11226655930517690592,True,776,2204,7732,6568,7912,0,0,0,0,1,1,1,[],[],0.005,,,,,
GenericOpDeviceOperation,tt_dnn_device,336896,0,blackhole,{'num_mesh_programs': '1'},HiFi4,72,110,,95940312256,95940348202,35946,1328958388063,1328958393008,205674,205674,3663,2715,2715,,,,560,2713,1655,1827,2314,803,,,,,,1[1],1[1],288[288],256[256],TILE,BFLOAT16,DEV_1_DRAM_INTERLEAVED,1[1],1[1],288[288],256[256],TILE,BFLOAT16,DEV_1_DRAM_INTERLEAVED,1[1],1[1],288[288],256[256],TILE,BFLOAT16,DEV_1_DRAM_INTERLEAVED,1[1],1[1],288[288],256[256],TILE,BFLOAT16,DEV_1_DRAM_INTERLEAVED,,,,,,,,,,,,,,,,,,,,,,,,,,,,,,,,,,,,,,,,,,,1[1],1[1],288[288],256[256],TILE,BFLOAT16,DEV_1_DRAM_INTERLEAVED,,,,,,,,,,,,,,,,,['/home/ttuser/.coworker/wt/bcp-evo/tt_bio/kernels/rne_add/compute_rne_add.cpp'],['compute_rne_add/15506775982570106819/'],['/home/ttuser/.coworker/wt/bcp-evo/tt_bio/kernels/rne_add/writer_rne_add.cpp'; '/home/ttuser/.coworker/wt/bcp-evo/tt_bio/kernels/rne_add/reader_rne_add.cpp'],['writer_rne_add/11689109000663956392/'; 'reader_rne_add/5462348467134491698/'],11998302437493887239,True,768,1412,1604,1376,1432,0,0,0,0,1,1,1,[],[],0.037,,,,,
TransposeDeviceOperation,tt_dnn_device,337920,0,blackhole,{'dim': 'TransposeOpDim::HC'; 'output_mem_config': 'MemoryConfig(memory_layout=TensorMemoryLayout::INTERLEAVED;buffer_type=BufferType::DRAM;shard_spec=std::nullopt;nd_shard_spec=std::nullopt;created_with_nd_shard_spec=0)'; 'pad_value': '0'},,110,110,,95940461181,95940517636,56455,1328958588316,1328958615331,145198,145198,20011,19473,19473,,,,549,19473,1622,,,,,,,,,1[1],1[1],288[288],256[256],TILE,BFLOAT16,DEV_1_DRAM_INTERLEAVED,,,,,,,,,,,,,,,,,,,,,,,,,,,,,,,,,,,,,,,,,,,,,,,,,,,,,,,,,,,,,,,,1[1],288[288],32[1],256[256],TILE,BFLOAT16,DEV_1_DRAM_INTERLEAVED,,,,,,,,,,,,,,,,,[],[],['ttnn/cpp/ttnn/operations/data_movement/transpose/device/kernels/dataflow/writer_unary_transpose_hc_interleaved_tiled_padding_aware.cpp'; 'ttnn/cpp/ttnn/operations/data_movement/transpose/device/kernels/dataflow/reader_unary_transpose_hc_interleaved_tiled_padding_aware.cpp'],['writer_unary_transpose_hc_interleaved_tiled_padding_aware/12073795627088921673/'; 'reader_unary_transpose_hc_interleaved_tiled_padding_aware/18058893178598846918/'],16461604712191519207,True,1260,1016,0,0,0,0,0,0,0,15056,15056,8583,[9.79383659362793],[313.40277099609375],77.317,,,,,
ReshapeViewDeviceOperation,tt_dnn_device,338944,0,blackhole,{'logical_output_shape': 'Shape([1; 288; 256])'; 'output_mem_config': 'MemoryConfig(memory_layout=TensorMemoryLayout::INTERLEAVED;buffer_type=BufferType::DRAM;shard_spec=std::nullopt;nd_shard_spec=std::nullopt;created_with_nd_shard_spec=0)'; 'padded_output_shape': 'Shape([1; 288; 256])'; 'recreate_mapping_tensor': 'false'; 'sub_core_grid': 'std::nullopt'},,72,110,,95946032729,95946101786,69057,1328966105726,1328966134360,5549335,5549335,21210,20236,20236,,,,549,20236,19756,,,,,,,,,1[1],288[288],32[1],256[256],TILE,BFLOAT16,DEV_1_DRAM_INTERLEAVED,,,,,,,,,,,,,,,,,,,,,,,,,,,,,,,,,,,,,,,,,,,,,,,,,,,,,,,,,,,,,,,,1[1],1[1],288[288],256[256],TILE,BFLOAT16,DEV_1_DRAM_INTERLEAVED,,,,,,,,,,,,,,,,,[],[],['ttnn/cpp/ttnn/operations/data_movement/reshape_view/device/device/dataflow/writer_reshape_tiled.cpp'; 'ttnn/cpp/ttnn/operations/data_movement/reshape_view/device/device/dataflow/reader_reshape_tiled.cpp'],['writer_reshape_tiled/10233859783596735604/'; 'reader_reshape_tiled/12672329859594754840/'],6816877232042109598,False,1732,948,0,0,0,0,0,0,0,1,1,1,[],[],0.005,,,,,
MatmulDeviceOperation,tt_dnn_device,339968,0,blackhole,{'bcast_batch': 'true'; 'compute_kernel_config': 'ComputeKernelConfig(math_fidelity=HiFi4;math_approx_mode=0;fp32_dest_acc_en=1;packer_l1_acc=1;dst_full_sync_en=0;throttle_level=ThrottleLevel::NO_THROTTLE)'; 'global_cb': 'std::nullopt'; 'output_dtype': 'DataType::BFLOAT16'; 'output_mem_config': 'MemoryConfig(memory_layout=TensorMemoryLayout::INTERLEAVED;buffer_type=BufferType::DRAM;shard_spec=std::nullopt;nd_shard_spec=std::nullopt;created_with_nd_shard_spec=0)'; 'output_tile': 'Tile(tile_shape={32; 32};face_shape={16; 16};num_faces=4)'; 'program_config': 'MatmulMultiCoreReuseMultiCast1DProgramConfig(compute_with_storage_grid_size=(x=11;y=10);in0_block_w=2;out_subblock_h=1;out_subblock_w=4;out_block_h=1;out_block_w=8;per_core_M=1;per_core_N=8;fuse_batch=0;fused_activation=std::nullopt;mcast_in0=0;gather_in0=0;hop_cores={};num_global_cb_receivers=0;untilize_out=0)'; 'sub_device_id': 'std::nullopt'; 'transpose_a': 'false'; 'transpose_b': 'true'; 'untilize_out': 'false'; 'user_core_coord': 'std::nullopt'; 'user_fused_activation': 'std::nullopt'; 'user_run_batched': 'false'},HiFi4,9,110,,96577989741,96578239724,249983,1329819238065,1329819252631,631904022,631901551,10790,10207,10104,,,,582,10019,5390,7721,7857,8159,,,,,,1[1],1[1],288[288],256[256],TILE,BFLOAT16,DEV_1_DRAM_INTERLEAVED,1[1],1[1],256[256],256[256],TILE,BFLOAT16,DEV_1_DRAM_INTERLEAVED,,,,,,,,,,,,,,,,,,,,,,,,,,,,,,,,,,,,,,,,,,,,,,,,,,,,,,,,,1[1],1[1],288[288],256[256],TILE,BFLOAT16,DEV_1_DRAM_INTERLEAVED,,,,,,,,,,,,,,,,,['ttnn/cpp/ttnn/operations/matmul/device/kernels/compute/bmm_large_block_zm_fused_bias_activation.cpp'],['bmm_large_block_zm_fused_bias_activation/10560588865599254586/'],['ttnn/cpp/ttnn/operations/matmul/device/kernels/dataflow/reader_bmm_tile_layout_in1_receiver_writer_padding.cpp'; 'ttnn/cpp/ttnn/operations/matmul/device/kernels/dataflow/reader_bmm_tile_layout_in1_sender_writer_padding.cpp'; 'ttnn/cpp/ttnn/operations/matmul/device/kernels/dataflow/reader_bmm_tile_layout_in0_sender_padding.cpp'],['reader_bmm_tile_layout_in1_receiver_writer_padding/6256039447678154272/'; 'reader_bmm_tile_layout_in1_sender_writer_padding/3884429638124265397/'; 'reader_bmm_tile_layout_in0_sender_padding/9820741442600851932/'],5729168373540146701,False,2136,752,2236,1976,2544,0,0,0,0,268,249,268,[550.208984375; 489.0746154785156],[550.208984375],2.44,,,,,
ReshapeViewDeviceOperation,tt_dnn_device,340992,0,blackhole,{'logical_output_shape': 'Shape([288; 1; 256])'; 'output_mem_config': 'MemoryConfig(memory_layout=TensorMemoryLayout::INTERLEAVED;buffer_type=BufferType::DRAM;shard_spec=std::nullopt;nd_shard_spec=std::nullopt;created_with_nd_shard_spec=0)'; 'padded_output_shape': 'Shape([288; 32; 256])'; 'recreate_mapping_tensor': 'false'; 'sub_core_grid': 'std::nullopt'},,110,110,,96588675210,96589058028,382818,1329833647991,1329833692035,10663831,10663831,32625,32069,32069,,,,543,32064,31601,,,,,,,,,1[1],1[1],288[288],256[256],TILE,BFLOAT16,DEV_1_DRAM_INTERLEAVED,,,,,,,,,,,,,,,,,,,,,,,,,,,,,,,,,,,,,,,,,,,,,,,,,,,,,,,,,,,,,,,,1[1],288[288],32[1],256[256],TILE,BFLOAT16,DEV_1_DRAM_INTERLEAVED,,,,,,,,,,,,,,,,,[],[],['ttnn/cpp/ttnn/operations/data_movement/reshape_view/device/device/dataflow/writer_reshape_tiled.cpp'; 'ttnn/cpp/ttnn/operations/data_movement/reshape_view/device/device/dataflow/reader_reshape_tiled.cpp'],['writer_reshape_tiled/17030411512468554936/'; 'reader_reshape_tiled/14182050078885912600/'],6817828670409232879,False,1716,948,0,0,0,0,0,0,0,1,1,1,[],[],0.003,,,,,
GenericOpDeviceOperation,tt_dnn_device,342016,0,blackhole,{'num_mesh_programs': '1'},HiFi4,110,110,,96592162000,96592293343,131343,1329838380929,1329838480907,3473848,3473842,74058,73496,73480,,,,624,73372,48140,67486,72939,73031,,,,,,1[1],288[288],32[1],256[256],TILE,BFLOAT16,DEV_1_DRAM_INTERLEAVED,1[1],288[288],32[1],256[256],TILE,BFLOAT16,DEV_1_DRAM_INTERLEAVED,1[1],288[288],32[1],256[256],TILE,BFLOAT16,DEV_1_DRAM_INTERLEAVED,1[1],288[288],32[1],256[256],TILE,BFLOAT16,DEV_1_DRAM_INTERLEAVED,1[1],288[288],32[1],256[256],TILE,BFLOAT16,DEV_1_DRAM_INTERLEAVED,1[1],288[288],32[1],256[256],TILE,BFLOAT16,DEV_1_DRAM_INTERLEAVED,,,,,,,,,,,,,,,,,,,,,,,,,,,,,1[1],288[288],32[1],256[256],TILE,BFLOAT16,DEV_1_DRAM_INTERLEAVED,,,,,,,,,,,,,,,,,['/home/ttuser/.coworker/wt/bcp-evo/tt_bio/kernels/gate_bw/compute_gate_bw.cpp'],['compute_gate_bw/7752279662899972872/'],['/home/ttuser/.coworker/wt/bcp-evo/tt_bio/kernels/gate_bw/writer_gate_bw.cpp'; '/home/ttuser/.coworker/wt/bcp-evo/tt_bio/kernels/gate_bw/reader_gate_bw.cpp'],['writer_gate_bw/8111932171875705432/'; 'reader_gate_bw/7533951476172066466/'],14448888073515459580,True,984,1804,1800,5476,1892,0,0,0,0,1,1,1,[],[],0.001,,,,,
TransposeDeviceOperation,tt_dnn_device,343040,0,blackhole,{'dim': 'TransposeOpDim::WH'; 'output_mem_config': 'MemoryConfig(memory_layout=TensorMemoryLayout::INTERLEAVED;buffer_type=BufferType::DRAM;shard_spec=std::nullopt;nd_shard_spec=std::nullopt;created_with_nd_shard_spec=0)'; 'pad_value': '0'},HiFi4,110,110,,96593389481,96593658348,268867,1329840041794,1329840077540,1156777,1156777,26479,25909,25909,,,,601,25862,25516,25540,24284,25165,,,,,,288[288],1[1],32[1],256[256],TILE,BFLOAT16,DEV_1_DRAM_INTERLEAVED,,,,,,,,,,,,,,,,,,,,,,,,,,,,,,,,,,,,,,,,,,,,,,,,,,,,,,,,,,,,,,,,288[288],1[1],256[256],32[1],TILE,BFLOAT16,DEV_1_DRAM_INTERLEAVED,,,,,,,,,,,,,,,,,['ttnn/cpp/ttnn/operations/data_movement/transpose/device/kernels/compute/transpose_wh.cpp'],['transpose_wh/14581025993053660267/'],['ttnn/cpp/ttnn/operations/eltwise/unary/device/kernels/dataflow/writer_unary_interleaved_start_id.cpp'; 'ttnn/cpp/ttnn/operations/data_movement/transpose/device/kernels/dataflow/reader_unary_transpose_wh_interleaved_start_id.cpp'],['writer_unary_interleaved_start_id/6276820466797607771/'; 'reader_unary_transpose_wh_interleaved_start_id/890651917070584162/'],16461604749336081303,False,1000,1012,1140,648,1296,0,0,0,0,28831,28831,8583,[163.66383361816406],[163.66383361816406],111.278,,,,,
TransposeDeviceOperation,tt_dnn_device,344064,0,blackhole,{'dim': 'TransposeOpDim::WH'; 'output_mem_config': 'MemoryConfig(memory_layout=TensorMemoryLayout::INTERLEAVED;buffer_type=BufferType::DRAM;shard_spec=std::nullopt;nd_shard_spec=std::nullopt;created_with_nd_shard_spec=0)'; 'pad_value': '0'},HiFi4,110,110,,96595805982,96595900196,94214,1329843306936,1329843341571,2392703,2392703,25656,25112,25112,,,,591,25038,24719,24734,23430,24333,,,,,,288[288],8[8],32[32],32[1],TILE,BFLOAT16,DEV_1_DRAM_INTERLEAVED,,,,,,,,,,,,,,,,,,,,,,,,,,,,,,,,,,,,,,,,,,,,,,,,,,,,,,,,,,,,,,,,288[288],8[8],32[1],32[32],TILE,BFLOAT16,DEV_1_DRAM_INTERLEAVED,,,,,,,,,,,,,,,,,['ttnn/cpp/ttnn/operations/data_movement/transpose/device/kernels/compute/transpose_wh.cpp'],['transpose_wh/14581025993053660267/'],['ttnn/cpp/ttnn/operations/eltwise/unary/device/kernels/dataflow/writer_unary_interleaved_start_id.cpp'; 'ttnn/cpp/ttnn/operations/data_movement/transpose/device/kernels/dataflow/reader_unary_transpose_wh_interleaved_start_id.cpp'],['writer_unary_interleaved_start_id/6276820466797607771/'; 'reader_unary_transpose_wh_interleaved_start_id/890651917070584162/'],16461604749335441118,False,1000,1012,1140,648,1296,0,0,0,0,28831,28831,8583,[163.66383361816406],[163.66383361816406],114.81,,,,,
MatmulDeviceOperation,tt_dnn_device,345088,0,blackhole,{'bcast_batch': 'false'; 'compute_kernel_config': 'ComputeKernelConfig(math_fidelity=HiFi4;math_approx_mode=0;fp32_dest_acc_en=1;packer_l1_acc=1;dst_full_sync_en=0;throttle_level=ThrottleLevel::NO_THROTTLE)'; 'global_cb': 'std::nullopt'; 'output_dtype': 'DataType::BFLOAT16'; 'output_mem_config': 'MemoryConfig(memory_layout=TensorMemoryLayout::INTERLEAVED;buffer_type=BufferType::DRAM;shard_spec=std::nullopt;nd_shard_spec=std::nullopt;created_with_nd_shard_spec=0)'; 'output_tile': 'Tile(tile_shape={32; 32};face_shape={16; 16};num_faces=4)'; 'program_config': 'MatmulMultiCoreReuseProgramConfig(compute_with_storage_grid_size=(x=11;y=10);in0_block_w=1;out_subblock_h=1;out_subblock_w=1;per_core_M=1;per_core_N=1)'; 'sub_device_id': 'std::nullopt'; 'transpose_a': 'false'; 'transpose_b': 'true'; 'untilize_out': 'false'; 'user_core_coord': 'std::nullopt'; 'user_fused_activation': 'std::nullopt'; 'user_run_batched': 'true'},HiFi4,110,110,,96603346752,96603480399,133647,1329853487810,1329853535808,7517184,7517184,35554,34033,34033,,,,634,34027,32151,33625,33653,33679,,,,,,288[288],8[8],32[1],32[32],TILE,BFLOAT16,DEV_1_DRAM_INTERLEAVED,288[288],8[8],32[1],32[32],TILE,BFLOAT16,DEV_1_DRAM_INTERLEAVED,,,,,,,,,,,,,,,,,,,,,,,,,,,,,,,,,,,,,,,,,,,,,,,,,,,,,,,,,288[288],8[8],32[1],32[1],TILE,BFLOAT16,DEV_1_DRAM_INTERLEAVED,,,,,,,,,,,,,,,,,['ttnn/cpp/ttnn/operations/matmul/device/kernels/compute/bmm_large_block_zm_fused_bias_activation.cpp'],['bmm_large_block_zm_fused_bias_activation/17755025034713765454/'],['ttnn/cpp/ttnn/operations/matmul/device/kernels/dataflow/reader_writer_bmm_tile_layout_in1.cpp'; 'ttnn/cpp/ttnn/operations/matmul/device/kernels/dataflow/reader_bmm_tile_layout_in0.cpp'],['reader_writer_bmm_tile_layout_in1/2606604549083059180/'; 'reader_bmm_tile_layout_in0/1639249638953984223/'],4458139209322410895,False,928,632,1572,1300,1660,0,0,0,0,8583,2,8583,[549.76025390625; 549.76025390625],[549.76025390625],0.006,,,,,
MatmulDeviceOperation,tt_dnn_device,346112,0,blackhole,{'bcast_batch': 'false'; 'compute_kernel_config': 'ComputeKernelConfig(math_fidelity=HiFi4;math_approx_mode=0;fp32_dest_acc_en=1;packer_l1_acc=1;dst_full_sync_en=0;throttle_level=ThrottleLevel::NO_THROTTLE)'; 'global_cb': 'std::nullopt'; 'output_dtype': 'DataType::BFLOAT16'; 'output_mem_config': 'MemoryConfig(memory_layout=TensorMemoryLayout::INTERLEAVED;buffer_type=BufferType::DRAM;shard_spec=std::nullopt;nd_shard_spec=std::nullopt;created_with_nd_shard_spec=0)'; 'output_tile': 'Tile(tile_shape={32; 32};face_shape={16; 16};num_faces=4)'; 'program_config': 'MatmulMultiCoreReuseProgramConfig(compute_with_storage_grid_size=(x=11;y=10);in0_block_w=1;out_subblock_h=1;out_subblock_w=1;per_core_M=1;per_core_N=1)'; 'sub_device_id': 'std::nullopt'; 'transpose_a': 'true'; 'transpose_b': 'false'; 'untilize_out': 'false'; 'user_core_coord': 'std::nullopt'; 'user_fused_activation': 'std::nullopt'; 'user_run_batched': 'true'},HiFi4,110,110,,97120432801,97120738547,305746,1330551526419,1330551622688,517032440,517032169,71310,69769,69766,,,,648,69760,69145,69367,69385,69409,,,,,,288[288],8[8],32[1],32[1],TILE,BFLOAT16,DEV_1_DRAM_INTERLEAVED,288[288],8[8],32[1],32[32],TILE,BFLOAT16,DEV_1_DRAM_INTERLEAVED,,,,,,,,,,,,,,,,,,,,,,,,,,,,,,,,,,,,,,,,,,,,,,,,,,,,,,,,,288[288],8[8],32[1],32[32],TILE,BFLOAT16,DEV_1_DRAM_INTERLEAVED,,,,,,,,,,,,,,,,,['ttnn/cpp/ttnn/operations/matmul/device/kernels/compute/bmm_large_block_zm_fused_bias_activation.cpp'],['bmm_large_block_zm_fused_bias_activation/1810550547295428247/'],['ttnn/cpp/ttnn/operations/matmul/device/kernels/dataflow/reader_writer_bmm_tile_layout_in1.cpp'; 'ttnn/cpp/ttnn/operations/matmul/device/kernels/dataflow/reader_bmm_tile_layout_in0.cpp'],['reader_writer_bmm_tile_layout_in1/7782424874039784962/'; 'reader_bmm_tile_layout_in0/3652130819312092106/'],4456735765215784114,False,928,776,2036,1692,2160,0,0,0,0,8583,2,8583,[549.76025390625; 549.76025390625],[549.76025390625],0.003,,,,,
BinaryNgDeviceOperation,tt_dnn_device,347136,0,blackhole,{'binary_op_type': 'BinaryOpType::MUL'; 'compute_kernel_config': 'std::nullopt'; 'dtype': 'DataType::BFLOAT16'; 'input_dtype': 'DataType::BFLOAT16'; 'is_quant_op': 'false'; 'is_sfpu': 'true'; 'is_where_op': 'false'; 'lhs_activations': '{}'; 'memory_config': 'MemoryConfig(memory_layout=TensorMemoryLayout::INTERLEAVED;buffer_type=BufferType::DRAM;shard_spec=std::nullopt;nd_shard_spec=std::nullopt;created_with_nd_shard_spec=0)'; 'post_activations': '{}'; 'rhs_activations': '{}'; 'scalar': 'std::nullopt'; 'sub_core_grids': 'std::nullopt'; 'subtile_broadcast_type': 'SubtileBroadcastType::NONE'; 'worker_grid': '{[(x=0;y=0) - (x=10;y=9)]}'},HiFi4,110,110,,97121121555,97121243130,121575,1330552482342,1330552528115,637331,637331,33906,33350,33350,,,,559,33347,32348,32401,32952,32313,,,,,,288[288],8[8],32[1],32[1],TILE,BFLOAT16,DEV_1_DRAM_INTERLEAVED,288[288],8[8],32[1],32[1],TILE,BFLOAT16,DEV_1_DRAM_INTERLEAVED,,,,,,,,,,,,,,,,,,,,,,,,,,,,,,,,,,,,,,,,,,,,,,,,,,,,,,,,,288[288],8[8],32[1],32[1],TILE,BFLOAT16,DEV_1_DRAM_INTERLEAVED,,,,,,,,,,,,,,,,,['ttnn/cpp/ttnn/operations/eltwise/binary_ng/device/kernels/compute/eltwise_binary_sfpu_no_bcast.cpp'],['eltwise_binary_sfpu_no_bcast/12748254803204292867/'],['ttnn/cpp/ttnn/operations/eltwise/binary_ng/device/kernels_ng/dataflow/reader_interleaved_no_bcast.cpp'; 'ttnn/cpp/ttnn/operations/eltwise/binary_ng/device/kernels_ng/dataflow/writer_interleaved_no_bcast.cpp'],['reader_interleaved_no_bcast/13569263223077070646/'; 'writer_interleaved_no_bcast/17771707349566412835/'],2894756004430506998,True,1120,1644,1492,1264,1296,0,0,0,0,1,1,1,[],[],0.003,,,,,
FillPadDeviceOperation,tt_dnn_device,348160,0,blackhole,{'fill_value': '0'; 'output_mem_config': 'MemoryConfig(memory_layout=TensorMemoryLayout::INTERLEAVED;buffer_type=BufferType::DRAM;shard_spec=std::nullopt;nd_shard_spec=std::nullopt;created_with_nd_shard_spec=0)'},,110,110,,97610962541,97611046486,83945,1331213751782,1331213865577,489796290,489796290,84293,83746,83746,,,,543,83746,,,,,,,,,,1[1],2304[2304],32[1],32[1],TILE,BFLOAT16,DEV_1_DRAM_INTERLEAVED,,,,,,,,,,,,,,,,,,,,,,,,,,,,,,,,,,,,,,,,,,,,,,,,,,,,,,,,,,,,,,,,1[1],2304[2304],32[1],32[1],TILE,BFLOAT16,DEV_1_DRAM_INTERLEAVED,,,,,,,,,,,,,,,,,[],[],['ttnn/cpp/ttnn/operations/data_movement/fill_pad/device/kernels/dataflow/fill_pad_writer.cpp'],['fill_pad_writer/13144009699929246296/'],9204063088700965458,False,908,0,0,0,0,0,0,0,0,1,1,1,[],[],0.001,,,,,
ReduceDeviceOperation,tt_dnn_device,349184,0,blackhole,{'compute_kernel_config': 'ComputeKernelConfig(math_fidelity=HiFi4;math_approx_mode=0;fp32_dest_acc_en=1;packer_l1_acc=0;dst_full_sync_en=0;throttle_level=ThrottleLevel::NO_THROTTLE)'; 'dim': 'ReduceOpDim::W'; 'math_op': 'ReduceOpMath::SUM'; 'negate': 'false'; 'output_dtype': 'DataType::BFLOAT16'; 'output_mem_config': 'MemoryConfig(memory_layout=TensorMemoryLayout::INTERLEAVED;buffer_type=BufferType::DRAM;shard_spec=std::nullopt;nd_shard_spec=std::nullopt;created_with_nd_shard_spec=0)'; 'scaler': '1'; 'sub_core_grids': 'std::nullopt'},HiFi4,110,110,,97619056966,97619165306,108340,1331224681987,1331224717845,8013541,8013541,26561,25021,25021,,,,633,25021,24577,24616,23440,24287,,,,,,288[288],8[8],32[1],32[1],TILE,BFLOAT16,DEV_1_DRAM_INTERLEAVED,,,,,,,,,,,,,,,,,,,,,,,,,,,,,,,,,,,,,,,,,,,,,,,,,,,,,,,,,,,,,,,,288[288],8[8],32[1],32[1],TILE,BFLOAT16,DEV_1_DRAM_INTERLEAVED,,,,,,,,,,,,,,,,,['ttnn/cpp/ttnn/operations/reduction/generic/device/kernels/compute/reduce_w.cpp'],['reduce_w/2704880154411101675/'],['ttnn/cpp/ttnn/operations/eltwise/unary/device/kernels/dataflow/writer_unary_interleaved_start_id.cpp'; 'ttnn/cpp/ttnn/operations/reduction/generic/device/kernels/dataflow/reader_unary_reduce_universal_start_id.cpp'],['writer_unary_interleaved_start_id/7610405289054196905/'; 'reader_unary_reduce_universal_start_id/2917012571179936195/'],5729171537560000615,False,1000,900,1248,724,1248,0,0,0,0,1,1,1,[],[],0.004,,,,,
FillPadDeviceOperation,tt_dnn_device,350208,0,blackhole,{'fill_value': '0'; 'output_mem_config': 'MemoryConfig(memory_layout=TensorMemoryLayout::INTERLEAVED;buffer_type=BufferType::DRAM;shard_spec=std::nullopt;nd_shard_spec=std::nullopt;created_with_nd_shard_spec=0)'},,110,110,,97619263828,97619296248,32420,1331224964914,1331225084914,183573,183573,88889,88333,88333,,,,545,88333,,,,,,,,,,1[1],2304[2304],32[1],32[1],TILE,BFLOAT16,DEV_1_DRAM_INTERLEAVED,,,,,,,,,,,,,,,,,,,,,,,,,,,,,,,,,,,,,,,,,,,,,,,,,,,,,,,,,,,,,,,,1[1],2304[2304],32[1],32[1],TILE,BFLOAT16,DEV_1_DRAM_INTERLEAVED,,,,,,,,,,,,,,,,,[],[],['ttnn/cpp/ttnn/operations/data_movement/fill_pad/device/kernels/dataflow/fill_pad_writer.cpp'],['fill_pad_writer/13144009699929246296/'],9204063088700965458,True,908,0,0,0,0,0,0,0,0,1,1,1,[],[],0.001,,,,,
ReduceDeviceOperation,tt_dnn_device,351232,0,blackhole,{'compute_kernel_config': 'ComputeKernelConfig(math_fidelity=HiFi4;math_approx_mode=0;fp32_dest_acc_en=1;packer_l1_acc=1;dst_full_sync_en=0;throttle_level=ThrottleLevel::NO_THROTTLE)'; 'dim': 'ReduceOpDim::W'; 'math_op': 'ReduceOpMath::SUM'; 'negate': 'false'; 'output_dtype': 'DataType::BFLOAT16'; 'output_mem_config': 'MemoryConfig(memory_layout=TensorMemoryLayout::INTERLEAVED;buffer_type=BufferType::DRAM;shard_spec=std::nullopt;nd_shard_spec=std::nullopt;created_with_nd_shard_spec=0)'; 'scaler': '1'; 'sub_core_grids': 'std::nullopt'},HiFi4,110,110,,97619756069,97619806963,50894,1331225631833,1331225668016,406646,406643,26802,25287,25286,,,,590,25286,24837,24884,23727,24554,,,,,,288[288],8[8],32[1],32[1],TILE,BFLOAT16,DEV_1_DRAM_INTERLEAVED,,,,,,,,,,,,,,,,,,,,,,,,,,,,,,,,,,,,,,,,,,,,,,,,,,,,,,,,,,,,,,,,288[288],8[8],32[1],32[1],TILE,BFLOAT16,DEV_1_DRAM_INTERLEAVED,,,,,,,,,,,,,,,,,['ttnn/cpp/ttnn/operations/reduction/generic/device/kernels/compute/reduce_w.cpp'],['reduce_w/2704880154411101675/'],['ttnn/cpp/ttnn/operations/eltwise/unary/device/kernels/dataflow/writer_unary_interleaved_start_id.cpp'; 'ttnn/cpp/ttnn/operations/reduction/generic/device/kernels/dataflow/reader_unary_reduce_universal_start_id.cpp'],['writer_unary_interleaved_start_id/7610405289054196905/'; 'reader_unary_reduce_universal_start_id/2917012571179936195/'],4781595923585201638,False,1000,900,1248,724,1248,0,0,0,0,1,1,1,[],[],0.004,,,,,
BinaryNgDeviceOperation,tt_dnn_device,352256,0,blackhole,{'binary_op_type': 'BinaryOpType::DIV'; 'compute_kernel_config': 'std::nullopt'; 'dtype': 'DataType::BFLOAT16'; 'input_dtype': 'DataType::BFLOAT16'; 'is_quant_op': 'false'; 'is_sfpu': 'true'; 'is_where_op': 'false'; 'lhs_activations': '{}'; 'memory_config': 'MemoryConfig(memory_layout=TensorMemoryLayout::INTERLEAVED;buffer_type=BufferType::DRAM;shard_spec=std::nullopt;nd_shard_spec=std::nullopt;created_with_nd_shard_spec=0)'; 'post_activations': '{}'; 'rhs_activations': '{}'; 'scalar': 'std::nullopt'; 'sub_core_grids': 'std::nullopt'; 'subtile_broadcast_type': 'SubtileBroadcastType::NONE'; 'worker_grid': '{[(x=0;y=0) - (x=10;y=9)]}'},HiFi4,110,110,,97624260242,97624359125,98883,1331231711058,1331231759002,4476908,4476908,35514,34955,34955,,,,563,34955,32255,32536,34559,33490,,,,,,288[288],8[8],32[1],32[1],TILE,BFLOAT16,DEV_1_DRAM_INTERLEAVED,288[288],8[8],32[1],32[1],TILE,BFLOAT16,DEV_1_DRAM_INTERLEAVED,,,,,,,,,,,,,,,,,,,,,,,,,,,,,,,,,,,,,,,,,,,,,,,,,,,,,,,,,288[288],8[8],32[1],32[1],TILE,BFLOAT16,DEV_1_DRAM_INTERLEAVED,,,,,,,,,,,,,,,,,['ttnn/cpp/ttnn/operations/eltwise/binary_ng/device/kernels/compute/eltwise_binary_sfpu_no_bcast.cpp'],['eltwise_binary_sfpu_no_bcast/11307325579817166369/'],['ttnn/cpp/ttnn/operations/eltwise/binary_ng/device/kernels_ng/dataflow/reader_interleaved_no_bcast.cpp'; 'ttnn/cpp/ttnn/operations/eltwise/binary_ng/device/kernels_ng/dataflow/writer_interleaved_no_bcast.cpp'],['reader_interleaved_no_bcast/13569263223077070646/'; 'writer_interleaved_no_bcast/17771707349566412835/'],12334435838624983150,False,1120,1644,1492,1424,1296,0,0,0,0,1,1,1,[],[],0.003,,,,,
BinaryNgDeviceOperation,tt_dnn_device,353280,0,blackhole,{'binary_op_type': 'BinaryOpType::SUB'; 'compute_kernel_config': 'std::nullopt'; 'dtype': 'DataType::BFLOAT16'; 'input_dtype': 'DataType::BFLOAT16'; 'is_quant_op': 'false'; 'is_sfpu': 'false'; 'is_where_op': 'false'; 'lhs_activations': '{}'; 'memory_config': 'MemoryConfig(memory_layout=TensorMemoryLayout::INTERLEAVED;buffer_type=BufferType::DRAM;shard_spec=std::nullopt;nd_shard_spec=std::nullopt;created_with_nd_shard_spec=0)'; 'post_activations': '{}'; 'rhs_activations': '{}'; 'scalar': 'std::nullopt'; 'sub_core_grids': 'std::nullopt'; 'subtile_broadcast_type': 'SubtileBroadcastType::NONE'; 'worker_grid': '{[(x=0;y=0) - (x=10;y=9)]}'},HiFi4,110,110,,97628645414,97628751841,106427,1331237632387,1331237677630,4351203,4351203,33513,32948,32948,,,,557,32948,32514,32518,31040,32122,,,,,,288[288],8[8],32[1],32[1],TILE,BFLOAT16,DEV_1_DRAM_INTERLEAVED,288[288],8[8],32[1],32[1],TILE,BFLOAT16,DEV_1_DRAM_INTERLEAVED,,,,,,,,,,,,,,,,,,,,,,,,,,,,,,,,,,,,,,,,,,,,,,,,,,,,,,,,,288[288],8[8],32[1],32[1],TILE,BFLOAT16,DEV_1_DRAM_INTERLEAVED,,,,,,,,,,,,,,,,,['ttnn/cpp/ttnn/operations/eltwise/binary_ng/device/kernels/compute/eltwise_binary_no_bcast.cpp'],['eltwise_binary_no_bcast/12765106541863638414/'],['ttnn/cpp/ttnn/operations/eltwise/binary_ng/device/kernels_ng/dataflow/reader_interleaved_no_bcast.cpp'; 'ttnn/cpp/ttnn/operations/eltwise/binary_ng/device/kernels_ng/dataflow/writer_interleaved_no_bcast.cpp'],['reader_interleaved_no_bcast/13569263223077070646/'; 'writer_interleaved_no_bcast/17771707349566412835/'],16580198881536174177,False,1120,1644,1344,672,1296,0,0,0,0,1,1,1,[],[],0.003,,,,,
BinaryNgDeviceOperation,tt_dnn_device,354304,0,blackhole,{'binary_op_type': 'BinaryOpType::MUL'; 'compute_kernel_config': 'std::nullopt'; 'dtype': 'DataType::BFLOAT16'; 'input_dtype': 'DataType::BFLOAT16'; 'is_quant_op': 'false'; 'is_sfpu': 'true'; 'is_where_op': 'false'; 'lhs_activations': '{}'; 'memory_config': 'MemoryConfig(memory_layout=TensorMemoryLayout::INTERLEAVED;buffer_type=BufferType::DRAM;shard_spec=std::nullopt;nd_shard_spec=std::nullopt;created_with_nd_shard_spec=0)'; 'post_activations': '{}'; 'rhs_activations': '{}'; 'scalar': 'std::nullopt'; 'sub_core_grids': 'std::nullopt'; 'subtile_broadcast_type': 'SubtileBroadcastType::NONE'; 'worker_grid': '{[(x=0;y=0) - (x=10;y=9)]}'},HiFi4,110,110,,97628857427,97628902821,45394,1331237919554,1331237965658,179754,179754,34151,33600,33600,,,,556,33572,32404,32461,33259,32650,,,,,,288[288],8[8],32[1],32[1],TILE,BFLOAT16,DEV_1_DRAM_INTERLEAVED,288[288],8[8],32[1],32[1],TILE,BFLOAT16,DEV_1_DRAM_INTERLEAVED,,,,,,,,,,,,,,,,,,,,,,,,,,,,,,,,,,,,,,,,,,,,,,,,,,,,,,,,,288[288],8[8],32[1],32[1],TILE,BFLOAT16,DEV_1_DRAM_INTERLEAVED,,,,,,,,,,,,,,,,,['ttnn/cpp/ttnn/operations/eltwise/binary_ng/device/kernels/compute/eltwise_binary_sfpu_no_bcast.cpp'],['eltwise_binary_sfpu_no_bcast/12748254803204292867/'],['ttnn/cpp/ttnn/operations/eltwise/binary_ng/device/kernels_ng/dataflow/reader_interleaved_no_bcast.cpp'; 'ttnn/cpp/ttnn/operations/eltwise/binary_ng/device/kernels_ng/dataflow/writer_interleaved_no_bcast.cpp'],['reader_interleaved_no_bcast/13569263223077070646/'; 'writer_interleaved_no_bcast/17771707349566412835/'],2894756004430506998,True,1120,1644,1492,1264,1296,0,0,0,0,1,1,1,[],[],0.003,,,,,
BinaryNgDeviceOperation,tt_dnn_device,355328,0,blackhole,{'binary_op_type': 'BinaryOpType::MUL'; 'compute_kernel_config': 'std::nullopt'; 'dtype': 'DataType::BFLOAT16'; 'input_dtype': 'DataType::BFLOAT16'; 'is_quant_op': 'false'; 'is_sfpu': 'true'; 'is_where_op': 'false'; 'lhs_activations': '{}'; 'memory_config': 'MemoryConfig(memory_layout=TensorMemoryLayout::INTERLEAVED;buffer_type=BufferType::DRAM;shard_spec=std::nullopt;nd_shard_spec=std::nullopt;created_with_nd_shard_spec=0)'; 'post_activations': '{}'; 'rhs_activations': '{}'; 'scalar': '0.17677669'; 'sub_core_grids': 'std::nullopt'; 'subtile_broadcast_type': 'SubtileBroadcastType::NONE'; 'worker_grid': '{[(x=0;y=0) - (x=10;y=9)]}'},HiFi4,110,110,,97629036558,97629071743,35185,1331238162659,1331238200923,146499,146498,28344,27778,27776,,,,553,27776,25995,26251,27376,26765,,,,,,288[288],8[8],32[1],32[1],TILE,BFLOAT16,DEV_1_DRAM_INTERLEAVED,,,,,,,,,,,,,,,,,,,,,,,,,,,,,,,,,,,,,,,,,,,,,,,,,,,,,,,,,,,,,,,,288[288],8[8],32[1],32[1],TILE,BFLOAT16,DEV_1_DRAM_INTERLEAVED,,,,,,,,,,,,,,,,,['ttnn/cpp/ttnn/operations/eltwise/binary_ng/device/kernels/compute/eltwise_binary_sfpu_scalar.cpp'],['eltwise_binary_sfpu_scalar/6302317103236044736/'],['ttnn/cpp/ttnn/operations/eltwise/binary_ng/device/kernels/dataflow/reader_interleaved_no_bcast.cpp'; 'ttnn/cpp/ttnn/operations/eltwise/binary_ng/device/kernels/dataflow/writer_interleaved_scalar.cpp'],['reader_interleaved_no_bcast/15501400787415134526/'; 'writer_interleaved_scalar/13747915134593411132/'],15691238620557725211,True,1228,1256,1532,1264,1296,0,0,0,0,1,1,1,[],[],0.004,,,,,
MatmulDeviceOperation,tt_dnn_device,356352,0,blackhole,{'bcast_batch': 'false'; 'compute_kernel_config': 'ComputeKernelConfig(math_fidelity=HiFi4;math_approx_mode=0;fp32_dest_acc_en=1;packer_l1_acc=1;dst_full_sync_en=0;throttle_level=ThrottleLevel::NO_THROTTLE)'; 'global_cb': 'std::nullopt'; 'output_dtype': 'DataType::BFLOAT16'; 'output_mem_config': 'MemoryConfig(memory_layout=TensorMemoryLayout::INTERLEAVED;buffer_type=BufferType::DRAM;shard_spec=std::nullopt;nd_shard_spec=std::nullopt;created_with_nd_shard_spec=0)'; 'output_tile': 'Tile(tile_shape={32; 32};face_shape={16; 16};num_faces=4)'; 'program_config': 'MatmulMultiCoreReuseProgramConfig(compute_with_storage_grid_size=(x=11;y=10);in0_block_w=1;out_subblock_h=1;out_subblock_w=1;per_core_M=1;per_core_N=1)'; 'sub_device_id': 'std::nullopt'; 'transpose_a': 'false'; 'transpose_b': 'true'; 'untilize_out': 'false'; 'user_core_coord': 'std::nullopt'; 'user_fused_activation': 'std::nullopt'; 'user_run_batched': 'true'},HiFi4,110,110,,97629673817,97629758744,84927,1331239020808,1331239117388,608831,608831,71541,70029,70029,,,,635,70027,69526,69623,69651,69670,,,,,,288[288],8[8],32[1],32[1],TILE,BFLOAT16,DEV_1_DRAM_INTERLEAVED,288[288],8[8],32[32],32[1],TILE,BFLOAT16,DEV_1_DRAM_INTERLEAVED,,,,,,,,,,,,,,,,,,,,,,,,,,,,,,,,,,,,,,,,,,,,,,,,,,,,,,,,,288[288],8[8],32[1],32[32],TILE,BFLOAT16,DEV_1_DRAM_INTERLEAVED,,,,,,,,,,,,,,,,,['ttnn/cpp/ttnn/operations/matmul/device/kernels/compute/bmm_large_block_zm_fused_bias_activation.cpp'],['bmm_large_block_zm_fused_bias_activation/17755025034713765454/'],['ttnn/cpp/ttnn/operations/matmul/device/kernels/dataflow/reader_writer_bmm_tile_layout_in1.cpp'; 'ttnn/cpp/ttnn/operations/matmul/device/kernels/dataflow/reader_bmm_tile_layout_in0.cpp'],['reader_writer_bmm_tile_layout_in1/2606604549083059180/'; 'reader_bmm_tile_layout_in0/14891122895172806846/'],4458139209322233881,False,928,772,1572,1300,1660,0,0,0,0,8583,2,8583,[549.76025390625; 549.76025390625],[549.76025390625],0.003,,,,,
MatmulDeviceOperation,tt_dnn_device,357376,0,blackhole,{'bcast_batch': 'false'; 'compute_kernel_config': 'ComputeKernelConfig(math_fidelity=HiFi4;math_approx_mode=0;fp32_dest_acc_en=1;packer_l1_acc=1;dst_full_sync_en=0;throttle_level=ThrottleLevel::NO_THROTTLE)'; 'global_cb': 'std::nullopt'; 'output_dtype': 'DataType::BFLOAT16'; 'output_mem_config': 'MemoryConfig(memory_layout=TensorMemoryLayout::INTERLEAVED;buffer_type=BufferType::DRAM;shard_spec=std::nullopt;nd_shard_spec=std::nullopt;created_with_nd_shard_spec=0)'; 'output_tile': 'Tile(tile_shape={32; 32};face_shape={16; 16};num_faces=4)'; 'program_config': 'MatmulMultiCoreReuseProgramConfig(compute_with_storage_grid_size=(x=11;y=10);in0_block_w=1;out_subblock_h=1;out_subblock_w=1;per_core_M=1;per_core_N=1)'; 'sub_device_id': 'std::nullopt'; 'transpose_a': 'true'; 'transpose_b': 'false'; 'untilize_out': 'false'; 'user_core_coord': 'std::nullopt'; 'user_fused_activation': 'std::nullopt'; 'user_run_batched': 'true'},HiFi4,110,110,,97630298603,97630374042,75439,1331239864315,1331239960750,554807,554807,71433,69901,69901,,,,642,69901,69273,69496,69521,69541,,,,,,288[288],8[8],32[1],32[32],TILE,BFLOAT16,DEV_1_DRAM_INTERLEAVED,288[288],8[8],32[1],32[1],TILE,BFLOAT16,DEV_1_DRAM_INTERLEAVED,,,,,,,,,,,,,,,,,,,,,,,,,,,,,,,,,,,,,,,,,,,,,,,,,,,,,,,,,288[288],8[8],32[32],32[1],TILE,BFLOAT16,DEV_1_DRAM_INTERLEAVED,,,,,,,,,,,,,,,,,['ttnn/cpp/ttnn/operations/matmul/device/kernels/compute/bmm_large_block_zm_fused_bias_activation.cpp'],['bmm_large_block_zm_fused_bias_activation/1810550547295428247/'],['ttnn/cpp/ttnn/operations/matmul/device/kernels/dataflow/reader_writer_bmm_tile_layout_in1.cpp'; 'ttnn/cpp/ttnn/operations/matmul/device/kernels/dataflow/reader_bmm_tile_layout_in0.cpp'],['reader_writer_bmm_tile_layout_in1/7782424874039784962/'; 'reader_bmm_tile_layout_in0/3652130819312092106/'],4456735765214691313,False,928,776,2036,1692,2160,0,0,0,0,8583,32,8583,[549.76025390625; 549.76025390625],[549.76025390625],0.046,,,,,
NLPConcatHeadsDeviceOperation,tt_dnn_device,358400,0,blackhole,{'output_mem_config': 'MemoryConfig(memory_layout=TensorMemoryLayout::INTERLEAVED;buffer_type=BufferType::DRAM;shard_spec=std::nullopt;nd_shard_spec=std::nullopt;created_with_nd_shard_spec=0)'},,110,110,,97630482293,97630514222,31929,1331240111171,1331240152823,111986,111986,30853,30289,30289,,,,546,30287,28950,,,,,,,,,288[288],8[8],32[1],32[32],TILE,BFLOAT16,DEV_1_DRAM_INTERLEAVED,,,,,,,,,,,,,,,,,,,,,,,,,,,,,,,,,,,,,,,,,,,,,,,,,,,,,,,,,,,,,,,,288[288],1[1],32[1],256[256],TILE,BFLOAT16,DEV_1_DRAM_INTERLEAVED,,,,,,,,,,,,,,,,,[],[],['ttnn/cpp/ttnn/operations/eltwise/unary/device/kernels/dataflow/writer_unary_interleaved_start_id.cpp'; 'ttnn/cpp/ttnn/operations/experimental/transformer/nlp_concat_heads/device/kernels/dataflow/reader_tm_tile_layout_nlp_concat_heads.cpp'],['writer_unary_interleaved_start_id/9607551389675776825/'; 'reader_tm_tile_layout_nlp_concat_heads/13160343082803479770/'],9204059178956302183,True,1000,1028,0,0,0,0,0,0,0,1,1,1,[],[],0.003,,,,,
TransposeDeviceOperation,tt_dnn_device,359424,0,blackhole,{'dim': 'TransposeOpDim::WH'; 'output_mem_config': 'MemoryConfig(memory_layout=TensorMemoryLayout::INTERLEAVED;buffer_type=BufferType::DRAM;shard_spec=std::nullopt;nd_shard_spec=std::nullopt;created_with_nd_shard_spec=0)'; 'pad_value': '0'},HiFi4,110,110,,97630612864,97630660763,47899,1331240288362,1331240323671,100966,100966,26155,25589,25589,,,,570,25534,25199,25226,23967,24846,,,,,,288[288],8[8],32[32],32[1],TILE,BFLOAT16,DEV_1_DRAM_INTERLEAVED,,,,,,,,,,,,,,,,,,,,,,,,,,,,,,,,,,,,,,,,,,,,,,,,,,,,,,,,,,,,,,,,288[288],8[8],32[1],32[32],TILE,BFLOAT16,DEV_1_DRAM_INTERLEAVED,,,,,,,,,,,,,,,,,['ttnn/cpp/ttnn/operations/data_movement/transpose/device/kernels/compute/transpose_wh.cpp'],['transpose_wh/14581025993053660267/'],['ttnn/cpp/ttnn/operations/eltwise/unary/device/kernels/dataflow/writer_unary_interleaved_start_id.cpp'; 'ttnn/cpp/ttnn/operations/data_movement/transpose/device/kernels/dataflow/reader_unary_transpose_wh_interleaved_start_id.cpp'],['writer_unary_interleaved_start_id/6276820466797607771/'; 'reader_unary_transpose_wh_interleaved_start_id/890651917070584162/'],16461604749335441118,True,1000,1012,1140,648,1296,0,0,0,0,28831,28831,8583,[163.66383361816406],[163.66383361816406],112.67,,,,,
NLPConcatHeadsDeviceOperation,tt_dnn_device,360448,0,blackhole,{'output_mem_config': 'MemoryConfig(memory_layout=TensorMemoryLayout::INTERLEAVED;buffer_type=BufferType::DRAM;shard_spec=std::nullopt;nd_shard_spec=std::nullopt;created_with_nd_shard_spec=0)'},,110,110,,97630712959,97630732465,19506,1331240423369,1331240464661,74407,74407,30587,30029,30029,,,,546,30029,28833,,,,,,,,,288[288],8[8],32[1],32[32],TILE,BFLOAT16,DEV_1_DRAM_INTERLEAVED,,,,,,,,,,,,,,,,,,,,,,,,,,,,,,,,,,,,,,,,,,,,,,,,,,,,,,,,,,,,,,,,288[288],1[1],32[1],256[256],TILE,BFLOAT16,DEV_1_DRAM_INTERLEAVED,,,,,,,,,,,,,,,,,[],[],['ttnn/cpp/ttnn/operations/eltwise/unary/device/kernels/dataflow/writer_unary_interleaved_start_id.cpp'; 'ttnn/cpp/ttnn/operations/experimental/transformer/nlp_concat_heads/device/kernels/dataflow/reader_tm_tile_layout_nlp_concat_heads.cpp'],['writer_unary_interleaved_start_id/9607551389675776825/'; 'reader_tm_tile_layout_nlp_concat_heads/13160343082803479770/'],9204059178956302183,True,1000,1028,0,0,0,0,0,0,0,1,1,1,[],[],0.003,,,,,
NLPConcatHeadsDeviceOperation,tt_dnn_device,361472,0,blackhole,{'output_mem_config': 'MemoryConfig(memory_layout=TensorMemoryLayout::INTERLEAVED;buffer_type=BufferType::DRAM;shard_spec=std::nullopt;nd_shard_spec=std::nullopt;created_with_nd_shard_spec=0)'},,110,110,,97630774573,97630791274,16701,1331240506369,1331240547522,31449,31449,30484,29932,29932,,,,546,29932,28950,,,,,,,,,288[288],8[8],32[1],32[32],TILE,BFLOAT16,DEV_1_DRAM_INTERLEAVED,,,,,,,,,,,,,,,,,,,,,,,,,,,,,,,,,,,,,,,,,,,,,,,,,,,,,,,,,,,,,,,,288[288],1[1],32[1],256[256],TILE,BFLOAT16,DEV_1_DRAM_INTERLEAVED,,,,,,,,,,,,,,,,,[],[],['ttnn/cpp/ttnn/operations/eltwise/unary/device/kernels/dataflow/writer_unary_interleaved_start_id.cpp'; 'ttnn/cpp/ttnn/operations/experimental/transformer/nlp_concat_heads/device/kernels/dataflow/reader_tm_tile_layout_nlp_concat_heads.cpp'],['writer_unary_interleaved_start_id/9607551389675776825/'; 'reader_tm_tile_layout_nlp_concat_heads/13160343082803479770/'],9204059178956302183,True,1000,1028,0,0,0,0,0,0,0,1,1,1,[],[],0.003,,,,,
ConcatDeviceOperation,tt_dnn_device,362496,0,blackhole,{'dim': '3'; 'groups': '1'; 'output_mem_config': 'MemoryConfig(memory_layout=TensorMemoryLayout::INTERLEAVED;buffer_type=BufferType::DRAM;shard_spec=std::nullopt;nd_shard_spec=std::nullopt;created_with_nd_shard_spec=0)'; 'sub_core_grids': 'std::nullopt'},,110,110,,97633746091,97633799469,53378,1331244517906,1331244619077,2941595,2941595,74941,74378,74378,,,,548,74378,74172,,,,,,,,,288[288],1[1],32[1],256[256],TILE,BFLOAT16,DEV_1_DRAM_INTERLEAVED,288[288],1[1],32[1],256[256],TILE,BFLOAT16,DEV_1_DRAM_INTERLEAVED,288[288],1[1],32[1],256[256],TILE,BFLOAT16,DEV_1_DRAM_INTERLEAVED,,,,,,,,,,,,,,,,,,,,,,,,,,,,,,,,,,,,,,,,,,,,,,,,,,288[288],1[1],32[1],768[768],TILE,BFLOAT16,DEV_1_DRAM_INTERLEAVED,,,,,,,,,,,,,,,,,[],[],['ttnn/cpp/ttnn/operations/eltwise/unary/device/kernels/dataflow/writer_unary_interleaved_start_id.cpp'; 'ttnn/cpp/ttnn/operations/data_movement/concat/device/kernels/dataflow/reader_concat_interleaved_start_id.cpp'],['writer_unary_interleaved_start_id/9607551389675776825/'; 'reader_concat_interleaved_start_id/14011537912641755161/'],1986044876256750933,False,1000,1028,0,0,0,0,0,0,0,25749,1,25749,[183.25340270996094; 183.25340270996094; 183.25340270996094],[549.76025390625],0.001,,,,,
ReshapeViewDeviceOperation,tt_dnn_device,363520,0,blackhole,{'logical_output_shape': 'Shape([1; 288; 768])'; 'output_mem_config': 'MemoryConfig(memory_layout=TensorMemoryLayout::INTERLEAVED;buffer_type=BufferType::DRAM;shard_spec=std::nullopt;nd_shard_spec=std::nullopt;created_with_nd_shard_spec=0)'; 'padded_output_shape': 'Shape([1; 288; 768])'; 'recreate_mapping_tensor': 'false'; 'sub_core_grid': 'std::nullopt'},,110,110,,97638041117,97638094886,53769,1331250315335,1331250406287,4219977,4219977,67372,66831,66831,,,,547,66800,66372,,,,,,,,,1[1],288[288],32[1],768[768],TILE,BFLOAT16,DEV_1_DRAM_INTERLEAVED,,,,,,,,,,,,,,,,,,,,,,,,,,,,,,,,,,,,,,,,,,,,,,,,,,,,,,,,,,,,,,,,1[1],1[1],288[288],768[768],TILE,BFLOAT16,DEV_1_DRAM_INTERLEAVED,,,,,,,,,,,,,,,,,[],[],['ttnn/cpp/ttnn/operations/data_movement/reshape_view/device/device/dataflow/writer_reshape_tiled.cpp'; 'ttnn/cpp/ttnn/operations/data_movement/reshape_view/device/device/dataflow/reader_reshape_tiled.cpp'],['writer_reshape_tiled/10233859783596735604/'; 'reader_reshape_tiled/12672329859594754840/'],6816895109479067270,False,1732,948,0,0,0,0,0,0,0,1,1,1,[],[],0.001,,,,,
MatmulDeviceOperation,tt_dnn_device,364544,0,blackhole,{'bcast_batch': 'true'; 'compute_kernel_config': 'ComputeKernelConfig(math_fidelity=HiFi4;math_approx_mode=0;fp32_dest_acc_en=1;packer_l1_acc=1;dst_full_sync_en=0;throttle_level=ThrottleLevel::NO_THROTTLE)'; 'global_cb': 'std::nullopt'; 'output_dtype': 'DataType::BFLOAT16'; 'output_mem_config': 'MemoryConfig(memory_layout=TensorMemoryLayout::INTERLEAVED;buffer_type=BufferType::DRAM;shard_spec=std::nullopt;nd_shard_spec=std::nullopt;created_with_nd_shard_spec=0)'; 'output_tile': 'Tile(tile_shape={32; 32};face_shape={16; 16};num_faces=4)'; 'program_config': 'MatmulMultiCoreReuseMultiCast1DProgramConfig(compute_with_storage_grid_size=(x=11;y=10);in0_block_w=2;out_subblock_h=1;out_subblock_w=4;out_block_h=1;out_block_w=8;per_core_M=1;per_core_N=8;fuse_batch=0;fused_activation=std::nullopt;mcast_in0=0;gather_in0=0;hop_cores={};num_global_cb_receivers=0;untilize_out=0)'; 'sub_device_id': 'std::nullopt'; 'transpose_a': 'false'; 'transpose_b': 'true'; 'untilize_out': 'false'; 'user_core_coord': 'std::nullopt'; 'user_fused_activation': 'std::nullopt'; 'user_run_batched': 'false'},HiFi4,9,110,,98075659639,98075783649,124010,1331841076855,1331841108708,437539238,437533008,23595,23041,22934,,,,557,22845,18090,20495,20665,20966,,,,,,1[1],1[1],288[288],768[768],TILE,BFLOAT16,DEV_1_DRAM_INTERLEAVED,1[1],1[1],256[256],768[768],TILE,BFLOAT16,DEV_1_DRAM_INTERLEAVED,,,,,,,,,,,,,,,,,,,,,,,,,,,,,,,,,,,,,,,,,,,,,,,,,,,,,,,,,1[1],1[1],288[288],256[256],TILE,BFLOAT16,DEV_1_DRAM_INTERLEAVED,,,,,,,,,,,,,,,,,['ttnn/cpp/ttnn/operations/matmul/device/kernels/compute/bmm_large_block_zm_fused_bias_activation.cpp'],['bmm_large_block_zm_fused_bias_activation/2286946594852536290/'],['ttnn/cpp/ttnn/operations/matmul/device/kernels/dataflow/reader_bmm_tile_layout_in1_receiver_writer_padding.cpp'; 'ttnn/cpp/ttnn/operations/matmul/device/kernels/dataflow/reader_bmm_tile_layout_in1_sender_writer_padding.cpp'; 'ttnn/cpp/ttnn/operations/matmul/device/kernels/dataflow/reader_bmm_tile_layout_in0_sender_padding.cpp'],['reader_bmm_tile_layout_in1_receiver_writer_padding/16359546352991987240/'; 'reader_bmm_tile_layout_in1_sender_writer_padding/6694614555187315709/'; 'reader_bmm_tile_layout_in0_sender_padding/11781439013745131380/'],5729168373541275629,False,2104,728,2240,1976,2580,0,0,0,0,804,746,804,[550.208984375; 489.0746154785156],[183.40298461914062],3.238,,,,,
ReshapeViewDeviceOperation,tt_dnn_device,365568,0,blackhole,{'logical_output_shape': 'Shape([288; 1; 256])'; 'output_mem_config': 'MemoryConfig(memory_layout=TensorMemoryLayout::INTERLEAVED;buffer_type=BufferType::DRAM;shard_spec=std::nullopt;nd_shard_spec=std::nullopt;created_with_nd_shard_spec=0)'; 'padded_output_shape': 'Shape([288; 32; 256])'; 'recreate_mapping_tensor': 'false'; 'sub_core_grid': 'std::nullopt'},,110,110,,98075896377,98075937483,41106,1331841403768,1331841447082,219107,219107,32084,31539,31539,,,,546,31512,31076,,,,,,,,,1[1],1[1],288[288],256[256],TILE,BFLOAT16,DEV_1_DRAM_INTERLEAVED,,,,,,,,,,,,,,,,,,,,,,,,,,,,,,,,,,,,,,,,,,,,,,,,,,,,,,,,,,,,,,,,1[1],288[288],32[1],256[256],TILE,BFLOAT16,DEV_1_DRAM_INTERLEAVED,,,,,,,,,,,,,,,,,[],[],['ttnn/cpp/ttnn/operations/data_movement/reshape_view/device/device/dataflow/writer_reshape_tiled.cpp'; 'ttnn/cpp/ttnn/operations/data_movement/reshape_view/device/device/dataflow/reader_reshape_tiled.cpp'],['writer_reshape_tiled/17030411512468554936/'; 'reader_reshape_tiled/14182050078885912600/'],6817828670409232879,True,1716,948,0,0,0,0,0,0,0,1,1,1,[],[],0.003,,,,,
ReshapeViewDeviceOperation,tt_dnn_device,366592,0,blackhole,{'logical_output_shape': 'Shape([1; 288; 256])'; 'output_mem_config': 'MemoryConfig(memory_layout=TensorMemoryLayout::INTERLEAVED;buffer_type=BufferType::DRAM;shard_spec=std::nullopt;nd_shard_spec=std::nullopt;created_with_nd_shard_spec=0)'; 'padded_output_shape': 'Shape([1; 288; 256])'; 'recreate_mapping_tensor': 'false'; 'sub_core_grid': 'std::nullopt'},,72,110,,98077665260,98077709401,44141,1331843790061,1331843818809,1736538,1736538,21295,20333,20333,,,,550,20333,19876,,,,,,,,,1[1],288[288],32[1],256[256],TILE,BFLOAT16,DEV_1_DRAM_INTERLEAVED,,,,,,,,,,,,,,,,,,,,,,,,,,,,,,,,,,,,,,,,,,,,,,,,,,,,,,,,,,,,,,,,1[1],1[1],288[288],256[256],TILE,BFLOAT16,DEV_1_DRAM_INTERLEAVED,,,,,,,,,,,,,,,,,[],[],['ttnn/cpp/ttnn/operations/data_movement/reshape_view/device/device/dataflow/writer_reshape_tiled.cpp'; 'ttnn/cpp/ttnn/operations/data_movement/reshape_view/device/device/dataflow/reader_reshape_tiled.cpp'],['writer_reshape_tiled/10233859783596735604/'; 'reader_reshape_tiled/12672329859594754840/'],6816877232042530198,False,1732,948,0,0,0,0,0,0,0,1,1,1,[],[],0.005,,,,,
MatmulDeviceOperation,tt_dnn_device,367616,0,blackhole,{'bcast_batch': 'true'; 'compute_kernel_config': 'ComputeKernelConfig(math_fidelity=HiFi4;math_approx_mode=0;fp32_dest_acc_en=1;packer_l1_acc=1;dst_full_sync_en=0;throttle_level=ThrottleLevel::NO_THROTTLE)'; 'global_cb': 'std::nullopt'; 'output_dtype': 'DataType::BFLOAT16'; 'output_mem_config': 'MemoryConfig(memory_layout=TensorMemoryLayout::INTERLEAVED;buffer_type=BufferType::DRAM;shard_spec=std::nullopt;nd_shard_spec=std::nullopt;created_with_nd_shard_spec=0)'; 'output_tile': 'Tile(tile_shape={32; 32};face_shape={16; 16};num_faces=4)'; 'program_config': 'MatmulMultiCoreReuseMultiCast1DProgramConfig(compute_with_storage_grid_size=(x=11;y=10);in0_block_w=2;out_subblock_h=1;out_subblock_w=4;out_block_h=1;out_block_w=8;per_core_M=1;per_core_N=8;fuse_batch=0;fused_activation=std::nullopt;mcast_in0=0;gather_in0=0;hop_cores={};num_global_cb_receivers=0;untilize_out=0)'; 'sub_device_id': 'std::nullopt'; 'transpose_a': 'false'; 'transpose_b': 'true'; 'untilize_out': 'false'; 'user_core_coord': 'std::nullopt'; 'user_fused_activation': 'std::nullopt'; 'user_run_batched': 'false'},HiFi4,9,110,,98077785232,98077851294,66062,1331843951435,1331843966178,98823,98917,10921,10336,10237,,,,547,10153,5338,7787,7947,8252,,,,,,1[1],1[1],288[288],256[256],TILE,BFLOAT16,DEV_1_DRAM_INTERLEAVED,1[1],1[1],256[256],256[256],TILE,BFLOAT16,DEV_1_DRAM_INTERLEAVED,,,,,,,,,,,,,,,,,,,,,,,,,,,,,,,,,,,,,,,,,,,,,,,,,,,,,,,,,1[1],1[1],288[288],256[256],TILE,BFLOAT16,DEV_1_DRAM_INTERLEAVED,,,,,,,,,,,,,,,,,['ttnn/cpp/ttnn/operations/matmul/device/kernels/compute/bmm_large_block_zm_fused_bias_activation.cpp'],['bmm_large_block_zm_fused_bias_activation/10560588865599254586/'],['ttnn/cpp/ttnn/operations/matmul/device/kernels/dataflow/reader_bmm_tile_layout_in1_receiver_writer_padding.cpp'; 'ttnn/cpp/ttnn/operations/matmul/device/kernels/dataflow/reader_bmm_tile_layout_in1_sender_writer_padding.cpp'; 'ttnn/cpp/ttnn/operations/matmul/device/kernels/dataflow/reader_bmm_tile_layout_in0_sender_padding.cpp'],['reader_bmm_tile_layout_in1_receiver_writer_padding/6256039447678154272/'; 'reader_bmm_tile_layout_in1_sender_writer_padding/3884429638124265397/'; 'reader_bmm_tile_layout_in0_sender_padding/9820741442600851932/'],5729168373540146701,True,2136,752,2236,1976,2544,0,0,0,0,268,249,268,[550.208984375; 489.0746154785156],[550.208984375],2.409,,,,,
ReshapeViewDeviceOperation,tt_dnn_device,368640,0,blackhole,{'logical_output_shape': 'Shape([288; 1; 256])'; 'output_mem_config': 'MemoryConfig(memory_layout=TensorMemoryLayout::INTERLEAVED;buffer_type=BufferType::DRAM;shard_spec=std::nullopt;nd_shard_spec=std::nullopt;created_with_nd_shard_spec=0)'; 'padded_output_shape': 'Shape([288; 32; 256])'; 'recreate_mapping_tensor': 'false'; 'sub_core_grid': 'std::nullopt'},,110,110,,98077874958,98077897079,22121,1331844075683,1331844118947,81663,81663,32047,31518,31518,,,,551,31478,31048,,,,,,,,,1[1],1[1],288[288],256[256],TILE,BFLOAT16,DEV_1_DRAM_INTERLEAVED,,,,,,,,,,,,,,,,,,,,,,,,,,,,,,,,,,,,,,,,,,,,,,,,,,,,,,,,,,,,,,,,1[1],288[288],32[1],256[256],TILE,BFLOAT16,DEV_1_DRAM_INTERLEAVED,,,,,,,,,,,,,,,,,[],[],['ttnn/cpp/ttnn/operations/data_movement/reshape_view/device/device/dataflow/writer_reshape_tiled.cpp'; 'ttnn/cpp/ttnn/operations/data_movement/reshape_view/device/device/dataflow/reader_reshape_tiled.cpp'],['writer_reshape_tiled/17030411512468554936/'; 'reader_reshape_tiled/14182050078885912600/'],6817828670409232879,True,1716,948,0,0,0,0,0,0,0,1,1,1,[],[],0.003,,,,,
GenericOpDeviceOperation,tt_dnn_device,369664,0,blackhole,{'num_mesh_programs': '1'},HiFi4,110,110,,98078507778,98078547963,40185,1331844929749,1331844975190,601126,601141,33660,33126,33119,,,,600,33036,31352,31424,32767,32144,,,,,,1[1],288[288],32[1],256[256],TILE,BFLOAT16,DEV_1_DRAM_INTERLEAVED,1[1],288[288],32[1],256[256],TILE,BFLOAT16,DEV_1_DRAM_INTERLEAVED,1[1],288[288],32[1],256[256],TILE,BFLOAT16,DEV_1_DRAM_INTERLEAVED,1[1],288[288],32[1],256[256],TILE,BFLOAT16,DEV_1_DRAM_INTERLEAVED,,,,,,,,,,,,,,,,,,,,,,,,,,,,,,,,,,,,,,,,,,,1[1],288[288],32[1],256[256],TILE,BFLOAT16,DEV_1_DRAM_INTERLEAVED,,,,,,,,,,,,,,,,,['/home/ttuser/.coworker/wt/bcp-evo/tt_bio/kernels/rne_add/compute_rne_add.cpp'],['compute_rne_add/15506775982570106819/'],['/home/ttuser/.coworker/wt/bcp-evo/tt_bio/kernels/rne_add/writer_rne_add.cpp'; '/home/ttuser/.coworker/wt/bcp-evo/tt_bio/kernels/rne_add/reader_rne_add.cpp'],['writer_rne_add/11689109000663956392/'; 'reader_rne_add/5462348467134491698/'],16281275380064118936,True,768,1412,1604,1376,1432,0,0,0,0,1,1,1,[],[],0.003,,,,,
FillPadDeviceOperation,tt_dnn_device,370688,0,blackhole,{'fill_value': '0'; 'output_mem_config': 'MemoryConfig(memory_layout=TensorMemoryLayout::INTERLEAVED;buffer_type=BufferType::DRAM;shard_spec=std::nullopt;nd_shard_spec=std::nullopt;created_with_nd_shard_spec=0)'},,110,110,,98363905550,98363981220,75670,1332230208046,1332230304935,285360147,285360147,71770,71219,71219,,,,549,71219,,,,,,,,,,1[1],288[288],32[1],256[256],TILE,BFLOAT16,DEV_1_DRAM_INTERLEAVED,,,,,,,,,,,,,,,,,,,,,,,,,,,,,,,,,,,,,,,,,,,,,,,,,,,,,,,,,,,,,,,,1[1],288[288],32[1],256[256],TILE,BFLOAT16,DEV_1_DRAM_INTERLEAVED,,,,,,,,,,,,,,,,,[],[],['ttnn/cpp/ttnn/operations/data_movement/fill_pad/device/kernels/dataflow/fill_pad_writer.cpp'],['fill_pad_writer/10166880304201182191/'],9204063423563486726,False,876,0,0,0,0,0,0,0,0,1,1,1,[],[],0.001,,,,,
ReduceDeviceOperation,tt_dnn_device,371712,0,blackhole,{'compute_kernel_config': 'ComputeKernelConfig(math_fidelity=HiFi4;math_approx_mode=0;fp32_dest_acc_en=1;packer_l1_acc=1;dst_full_sync_en=0;throttle_level=ThrottleLevel::NO_THROTTLE)'; 'dim': 'ReduceOpDim::W'; 'math_op': 'ReduceOpMath::SUM'; 'negate': 'false'; 'output_dtype': 'DataType::BFLOAT16'; 'output_mem_config': 'MemoryConfig(memory_layout=TensorMemoryLayout::INTERLEAVED;buffer_type=BufferType::DRAM;shard_spec=std::nullopt;nd_shard_spec=std::nullopt;created_with_nd_shard_spec=0)'; 'scaler': '1'; 'sub_core_grids': 'std::nullopt'},HiFi4,110,110,,98369994675,98370071407,76732,1332238440768,1332238470355,6028603,6028370,21916,19944,19941,,,,619,19941,19494,19545,16250,16263,,,,,,1[1],288[288],32[1],256[256],TILE,BFLOAT16,DEV_1_DRAM_INTERLEAVED,,,,,,,,,,,,,,,,,,,,,,,,,,,,,,,,,,,,,,,,,,,,,,,,,,,,,,,,,,,,,,,,1[1],288[288],32[1],32[1],TILE,BFLOAT16,DEV_1_DRAM_INTERLEAVED,,,,,,,,,,,,,,,,,['ttnn/cpp/ttnn/operations/reduction/generic/device/kernels/compute/reduce_w.cpp'],['reduce_w/15521362311364376162/'],['ttnn/cpp/ttnn/operations/eltwise/unary/device/kernels/dataflow/writer_unary_interleaved_start_id.cpp'; 'ttnn/cpp/ttnn/operations/reduction/generic/device/kernels/dataflow/reader_unary_reduce_universal_start_id.cpp'],['writer_unary_interleaved_start_id/7610405289054196905/'; 'reader_unary_reduce_universal_start_id/2917012571179936195/'],4781595924051160396,False,1000,900,1308,1012,1248,0,0,0,0,1,1,1,[],[],0.005,,,,,
BinaryNgDeviceOperation,tt_dnn_device,372736,0,blackhole,{'binary_op_type': 'BinaryOpType::DIV'; 'compute_kernel_config': 'std::nullopt'; 'dtype': 'DataType::BFLOAT16'; 'input_dtype': 'DataType::BFLOAT16'; 'is_quant_op': 'false'; 'is_sfpu': 'true'; 'is_where_op': 'false'; 'lhs_activations': '{}'; 'memory_config': 'MemoryConfig(memory_layout=TensorMemoryLayout::INTERLEAVED;buffer_type=BufferType::DRAM;shard_spec=std::nullopt;nd_shard_spec=std::nullopt;created_with_nd_shard_spec=0)'; 'post_activations': '{}'; 'rhs_activations': '{}'; 'scalar': '256'; 'sub_core_grids': 'std::nullopt'; 'subtile_broadcast_type': 'SubtileBroadcastType::NONE'; 'worker_grid': '{[(x=0;y=0) - (x=10;y=9)]}'},HiFi4,110,110,,98374730737,98374831413,100676,1332244829219,1332244837680,4711194,4710981,6267,5716,5715,,,,565,5696,2715,3120,5131,4128,,,,,,1[1],288[288],32[1],32[1],TILE,BFLOAT16,DEV_1_DRAM_INTERLEAVED,,,,,,,,,,,,,,,,,,,,,,,,,,,,,,,,,,,,,,,,,,,,,,,,,,,,,,,,,,,,,,,,1[1],288[288],32[1],32[1],TILE,BFLOAT16,DEV_1_DRAM_INTERLEAVED,,,,,,,,,,,,,,,,,['ttnn/cpp/ttnn/operations/eltwise/binary_ng/device/kernels/compute/eltwise_binary_sfpu_scalar.cpp'],['eltwise_binary_sfpu_scalar/9867426687322542370/'],['ttnn/cpp/ttnn/operations/eltwise/binary_ng/device/kernels/dataflow/reader_interleaved_no_bcast.cpp'; 'ttnn/cpp/ttnn/operations/eltwise/binary_ng/device/kernels/dataflow/writer_interleaved_scalar.cpp'],['reader_interleaved_no_bcast/15501400787415134526/'; 'writer_interleaved_scalar/13747915134593411132/'],16483906638997270715,False,1228,1256,1532,1424,1296,0,0,0,0,1,1,1,[],[],0.017,,,,,
BinaryNgDeviceOperation,tt_dnn_device,373760,0,blackhole,{'binary_op_type': 'BinaryOpType::SUB'; 'compute_kernel_config': 'std::nullopt'; 'dtype': 'DataType::BFLOAT16'; 'input_dtype': 'DataType::BFLOAT16'; 'is_quant_op': 'false'; 'is_sfpu': 'false'; 'is_where_op': 'false'; 'lhs_activations': '{}'; 'memory_config': 'MemoryConfig(memory_layout=TensorMemoryLayout::INTERLEAVED;buffer_type=BufferType::DRAM;shard_spec=std::nullopt;nd_shard_spec=std::nullopt;created_with_nd_shard_spec=0)'; 'post_activations': '{}'; 'rhs_activations': '{}'; 'scalar': 'std::nullopt'; 'sub_core_grids': 'std::nullopt'; 'subtile_broadcast_type': 'SubtileBroadcastType::SCALAR_B'; 'worker_grid': '{[(x=0;y=0) - (x=10;y=9)]}'},HiFi4,110,110,,98652774984,98652885027,110043,1332620190065,1332620226593,278042851,278042851,27058,26507,26507,,,,559,26507,26096,26095,23380,25773,,,,,,1[1],288[288],32[1],256[256],TILE,BFLOAT16,DEV_1_DRAM_INTERLEAVED,1[1],288[288],32[1],32[1],TILE,BFLOAT16,DEV_1_DRAM_INTERLEAVED,,,,,,,,,,,,,,,,,,,,,,,,,,,,,,,,,,,,,,,,,,,,,,,,,,,,,,,,,1[1],288[288],32[1],256[256],TILE,BFLOAT16,DEV_1_DRAM_INTERLEAVED,,,,,,,,,,,,,,,,,['ttnn/cpp/ttnn/operations/eltwise/binary_ng/device/kernels/compute/eltwise_binary.cpp'],['eltwise_binary/5724872279242879469/'],['ttnn/cpp/ttnn/operations/eltwise/binary_ng/device/kernels_ng/dataflow/reader_interleaved_scalar_bcast.cpp'; 'ttnn/cpp/ttnn/operations/eltwise/binary_ng/device/kernels_ng/dataflow/writer_interleaved_no_bcast.cpp'],['reader_interleaved_scalar_bcast/1617799814458805741/'; 'writer_interleaved_no_bcast/17771707349566412835/'],4287946743756687886,False,1120,1648,1772,840,1832,0,0,0,0,1,1,1,[],[],0.004,,,,,
BinaryNgDeviceOperation,tt_dnn_device,374784,0,blackhole,{'binary_op_type': 'BinaryOpType::MUL'; 'compute_kernel_config': 'std::nullopt'; 'dtype': 'DataType::BFLOAT16'; 'input_dtype': 'DataType::BFLOAT16'; 'is_quant_op': 'false'; 'is_sfpu': 'true'; 'is_where_op': 'false'; 'lhs_activations': '{}'; 'memory_config': 'MemoryConfig(memory_layout=TensorMemoryLayout::INTERLEAVED;buffer_type=BufferType::DRAM;shard_spec=std::nullopt;nd_shard_spec=std::nullopt;created_with_nd_shard_spec=0)'; 'post_activations': '{}'; 'rhs_activations': '{}'; 'scalar': 'std::nullopt'; 'sub_core_grids': 'std::nullopt'; 'subtile_broadcast_type': 'SubtileBroadcastType::NONE'; 'worker_grid': '{[(x=0;y=0) - (x=10;y=9)]}'},HiFi4,110,110,,98652987757,98653027621,39864,1332620482032,1332620527869,189770,189770,33953,33397,33397,,,,559,33375,32193,32245,32993,32377,,,,,,1[1],288[288],32[1],256[256],TILE,BFLOAT16,DEV_1_DRAM_INTERLEAVED,1[1],288[288],32[1],256[256],TILE,BFLOAT16,DEV_1_DRAM_INTERLEAVED,,,,,,,,,,,,,,,,,,,,,,,,,,,,,,,,,,,,,,,,,,,,,,,,,,,,,,,,,1[1],288[288],32[1],256[256],TILE,BFLOAT16,DEV_1_DRAM_INTERLEAVED,,,,,,,,,,,,,,,,,['ttnn/cpp/ttnn/operations/eltwise/binary_ng/device/kernels/compute/eltwise_binary_sfpu_no_bcast.cpp'],['eltwise_binary_sfpu_no_bcast/12748254803204292867/'],['ttnn/cpp/ttnn/operations/eltwise/binary_ng/device/kernels_ng/dataflow/reader_interleaved_no_bcast.cpp'; 'ttnn/cpp/ttnn/operations/eltwise/binary_ng/device/kernels_ng/dataflow/writer_interleaved_no_bcast.cpp'],['reader_interleaved_no_bcast/13569263223077070646/'; 'writer_interleaved_no_bcast/17771707349566412835/'],2894756004430506998,True,1120,1644,1492,1264,1296,0,0,0,0,1,1,1,[],[],0.003,,,,,
FillPadDeviceOperation,tt_dnn_device,375808,0,blackhole,{'fill_value': '0'; 'output_mem_config': 'MemoryConfig(memory_layout=TensorMemoryLayout::INTERLEAVED;buffer_type=BufferType::DRAM;shard_spec=std::nullopt;nd_shard_spec=std::nullopt;created_with_nd_shard_spec=0)'},,110,110,,98653270961,98653309092,38131,1332620861849,1332620956782,247950,247950,70321,69760,69760,,,,547,69760,,,,,,,,,,1[1],288[288],32[1],256[256],TILE,BFLOAT16,DEV_1_DRAM_INTERLEAVED,,,,,,,,,,,,,,,,,,,,,,,,,,,,,,,,,,,,,,,,,,,,,,,,,,,,,,,,,,,,,,,,1[1],288[288],32[1],256[256],TILE,BFLOAT16,DEV_1_DRAM_INTERLEAVED,,,,,,,,,,,,,,,,,[],[],['ttnn/cpp/ttnn/operations/data_movement/fill_pad/device/kernels/dataflow/fill_pad_writer.cpp'],['fill_pad_writer/10166880304201182191/'],9204063423563475878,False,876,0,0,0,0,0,0,0,0,1,1,1,[],[],0.001,,,,,
ReduceDeviceOperation,tt_dnn_device,376832,0,blackhole,{'compute_kernel_config': 'ComputeKernelConfig(math_fidelity=HiFi4;math_approx_mode=0;fp32_dest_acc_en=1;packer_l1_acc=1;dst_full_sync_en=0;throttle_level=ThrottleLevel::NO_THROTTLE)'; 'dim': 'ReduceOpDim::W'; 'math_op': 'ReduceOpMath::SUM'; 'negate': 'false'; 'output_dtype': 'DataType::BFLOAT16'; 'output_mem_config': 'MemoryConfig(memory_layout=TensorMemoryLayout::INTERLEAVED;buffer_type=BufferType::DRAM;shard_spec=std::nullopt;nd_shard_spec=std::nullopt;created_with_nd_shard_spec=0)'; 'scaler': '1'; 'sub_core_grids': 'std::nullopt'},HiFi4,110,110,,98653346060,98653389150,43090,1332620966552,1332620997072,9193,9193,22607,20652,20652,,,,630,20652,20290,20323,16886,16903,,,,,,1[1],288[288],32[1],256[256],TILE,BFLOAT16,DEV_1_DRAM_INTERLEAVED,,,,,,,,,,,,,,,,,,,,,,,,,,,,,,,,,,,,,,,,,,,,,,,,,,,,,,,,,,,,,,,,1[1],288[288],32[1],32[1],TILE,BFLOAT16,DEV_1_DRAM_INTERLEAVED,,,,,,,,,,,,,,,,,['ttnn/cpp/ttnn/operations/reduction/generic/device/kernels/compute/reduce_w.cpp'],['reduce_w/15521362311364376162/'],['ttnn/cpp/ttnn/operations/eltwise/unary/device/kernels/dataflow/writer_unary_interleaved_start_id.cpp'; 'ttnn/cpp/ttnn/operations/reduction/generic/device/kernels/dataflow/reader_unary_reduce_universal_start_id.cpp'],['writer_unary_interleaved_start_id/7610405289054196905/'; 'reader_unary_reduce_universal_start_id/2917012571179936195/'],4781595924051160396,True,1000,900,1308,1012,1248,0,0,0,0,1,1,1,[],[],0.005,,,,,
BinaryNgDeviceOperation,tt_dnn_device,377856,0,blackhole,{'binary_op_type': 'BinaryOpType::DIV'; 'compute_kernel_config': 'std::nullopt'; 'dtype': 'DataType::BFLOAT16'; 'input_dtype': 'DataType::BFLOAT16'; 'is_quant_op': 'false'; 'is_sfpu': 'true'; 'is_where_op': 'false'; 'lhs_activations': '{}'; 'memory_config': 'MemoryConfig(memory_layout=TensorMemoryLayout::INTERLEAVED;buffer_type=BufferType::DRAM;shard_spec=std::nullopt;nd_shard_spec=std::nullopt;created_with_nd_shard_spec=0)'; 'post_activations': '{}'; 'rhs_activations': '{}'; 'scalar': '256'; 'sub_core_grids': 'std::nullopt'; 'subtile_broadcast_type': 'SubtileBroadcastType::NONE'; 'worker_grid': '{[(x=0;y=0) - (x=10;y=9)]}'},HiFi4,110,110,,98653435305,98653474668,39363,1332621087245,1332621095780,67366,67371,6322,5751,5745,,,,556,5745,2704,3101,5116,4147,,,,,,1[1],288[288],32[1],32[1],TILE,BFLOAT16,DEV_1_DRAM_INTERLEAVED,,,,,,,,,,,,,,,,,,,,,,,,,,,,,,,,,,,,,,,,,,,,,,,,,,,,,,,,,,,,,,,,1[1],288[288],32[1],32[1],TILE,BFLOAT16,DEV_1_DRAM_INTERLEAVED,,,,,,,,,,,,,,,,,['ttnn/cpp/ttnn/operations/eltwise/binary_ng/device/kernels/compute/eltwise_binary_sfpu_scalar.cpp'],['eltwise_binary_sfpu_scalar/9867426687322542370/'],['ttnn/cpp/ttnn/operations/eltwise/binary_ng/device/kernels/dataflow/reader_interleaved_no_bcast.cpp'; 'ttnn/cpp/ttnn/operations/eltwise/binary_ng/device/kernels/dataflow/writer_interleaved_scalar.cpp'],['reader_interleaved_no_bcast/15501400787415134526/'; 'writer_interleaved_scalar/13747915134593411132/'],16483906638997270715,True,1228,1256,1532,1424,1296,0,0,0,0,1,1,1,[],[],0.017,,,,,
BinaryNgDeviceOperation,tt_dnn_device,378880,0,blackhole,{'binary_op_type': 'BinaryOpType::ADD'; 'compute_kernel_config': 'std::nullopt'; 'dtype': 'DataType::BFLOAT16'; 'input_dtype': 'DataType::BFLOAT16'; 'is_quant_op': 'false'; 'is_sfpu': 'false'; 'is_where_op': 'false'; 'lhs_activations': '{}'; 'memory_config': 'MemoryConfig(memory_layout=TensorMemoryLayout::INTERLEAVED;buffer_type=BufferType::DRAM;shard_spec=std::nullopt;nd_shard_spec=std::nullopt;created_with_nd_shard_spec=0)'; 'post_activations': '{}'; 'rhs_activations': '{}'; 'scalar': '1e-05'; 'sub_core_grids': 'std::nullopt'; 'subtile_broadcast_type': 'SubtileBroadcastType::NONE'; 'worker_grid': '{[(x=0;y=0) - (x=10;y=9)]}'},HiFi4,110,110,,98657509893,98657567861,57968,1332626591291,1332626597885,4070925,4070925,4884,4327,4327,,,,556,4327,2960,2947,686,3661,,,,,,1[1],288[288],32[1],32[1],TILE,BFLOAT16,DEV_1_DRAM_INTERLEAVED,,,,,,,,,,,,,,,,,,,,,,,,,,,,,,,,,,,,,,,,,,,,,,,,,,,,,,,,,,,,,,,,1[1],288[288],32[1],32[1],TILE,BFLOAT16,DEV_1_DRAM_INTERLEAVED,,,,,,,,,,,,,,,,,['ttnn/cpp/ttnn/operations/eltwise/binary_ng/device/kernels/compute/eltwise_binary_scalar.cpp'],['eltwise_binary_scalar/8596587809846614635/'],['ttnn/cpp/ttnn/operations/eltwise/binary_ng/device/kernels/dataflow/reader_interleaved_no_bcast.cpp'; 'ttnn/cpp/ttnn/operations/eltwise/binary_ng/device/kernels/dataflow/writer_interleaved_scalar.cpp'],['reader_interleaved_no_bcast/15501400787415134526/'; 'writer_interleaved_scalar/13747915134593411132/'],10842531335710259163,False,1228,1256,1320,672,1296,0,0,0,0,1,1,1,[],[],0.023,,,,,
UnaryDeviceOperation,tt_dnn_device,379904,0,blackhole,{'bfp8_pack_precise': 'false'; 'fp32_dest_acc_en': 'false'; 'op_chain': '{BasicUnaryWithParam<float; int; unsigned int>(base=BasicUnaryWithParam<float>(op_type=UnaryOpType::RSQRT;param={0}))}'; 'output_dtype': 'DataType::BFLOAT16'; 'output_memory_config': 'MemoryConfig(memory_layout=TensorMemoryLayout::INTERLEAVED;buffer_type=BufferType::DRAM;shard_spec=std::nullopt;nd_shard_spec=std::nullopt;created_with_nd_shard_spec=0)'; 'preserve_fp32_precision': 'false'; 'sub_core_grids': 'std::nullopt'},HiFi4,110,110,,98664194019,98664257136,63117,1332635610873,1332635619499,6678980,6678980,6390,4419,4419,,,,561,4419,2896,2944,3933,3342,,,,,,1[1],288[288],32[1],32[1],TILE,BFLOAT16,DEV_1_DRAM_INTERLEAVED,,,,,,,,,,,,,,,,,,,,,,,,,,,,,,,,,,,,,,,,,,,,,,,,,,,,,,,,,,,,,,,,1[1],288[288],32[1],32[1],TILE,BFLOAT16,DEV_1_DRAM_INTERLEAVED,,,,,,,,,,,,,,,,,['ttnn/cpp/ttnn/operations/eltwise/unary/device/kernels/compute//eltwise_sfpu.cpp'],['eltwise_sfpu/3916153648187848777/'],['ttnn/cpp/ttnn/operations/eltwise/unary/device/kernels/dataflow/writer_unary_interleaved_start_id.cpp'; 'ttnn/cpp/ttnn/operations/eltwise/unary/device/kernels/dataflow/reader_unary_interleaved_start_id.cpp'],['writer_unary_interleaved_start_id/18420985178371572401/'; 'reader_unary_interleaved_start_id/8108632240641757375/'],7481878991383641429,False,1000,928,1084,1080,1272,0,0,0,0,1,1,1,[],[],0.023,,,,,
BinaryNgDeviceOperation,tt_dnn_device,380928,0,blackhole,{'binary_op_type': 'BinaryOpType::MUL'; 'compute_kernel_config': 'std::nullopt'; 'dtype': 'DataType::BFLOAT16'; 'input_dtype': 'DataType::BFLOAT16'; 'is_quant_op': 'false'; 'is_sfpu': 'true'; 'is_where_op': 'false'; 'lhs_activations': '{}'; 'memory_config': 'MemoryConfig(memory_layout=TensorMemoryLayout::INTERLEAVED;buffer_type=BufferType::DRAM;shard_spec=std::nullopt;nd_shard_spec=std::nullopt;created_with_nd_shard_spec=0)'; 'post_activations': '{}'; 'rhs_activations': '{}'; 'scalar': 'std::nullopt'; 'sub_core_grids': 'std::nullopt'; 'subtile_broadcast_type': 'SubtileBroadcastType::SCALAR_B'; 'worker_grid': '{[(x=0;y=0) - (x=10;y=9)]}'},HiFi4,110,110,,98668131273,98668197105,65832,1332640891915,1332640928541,3906082,3906082,27130,26575,26575,,,,558,26575,25542,25640,26164,25546,,,,,,1[1],288[288],32[1],256[256],TILE,BFLOAT16,DEV_1_DRAM_INTERLEAVED,1[1],288[288],32[1],32[1],TILE,BFLOAT16,DEV_1_DRAM_INTERLEAVED,,,,,,,,,,,,,,,,,,,,,,,,,,,,,,,,,,,,,,,,,,,,,,,,,,,,,,,,,1[1],288[288],32[1],256[256],TILE,BFLOAT16,DEV_1_DRAM_INTERLEAVED,,,,,,,,,,,,,,,,,['ttnn/cpp/ttnn/operations/eltwise/binary_ng/device/kernels/compute/eltwise_binary_sfpu.cpp'],['eltwise_binary_sfpu/2622353004832616796/'],['ttnn/cpp/ttnn/operations/eltwise/binary_ng/device/kernels_ng/dataflow/reader_interleaved_scalar_bcast.cpp'; 'ttnn/cpp/ttnn/operations/eltwise/binary_ng/device/kernels_ng/dataflow/writer_interleaved_no_bcast.cpp'],['reader_interleaved_scalar_bcast/1617799814458805741/'; 'writer_interleaved_no_bcast/17771707349566412835/'],2900594943603824612,False,1120,1648,2184,1876,1832,0,0,0,0,1,1,1,[],[],0.004,,,,,
BinaryNgDeviceOperation,tt_dnn_device,381952,0,blackhole,{'binary_op_type': 'BinaryOpType::MUL'; 'compute_kernel_config': 'std::nullopt'; 'dtype': 'DataType::BFLOAT16'; 'input_dtype': 'DataType::BFLOAT16'; 'is_quant_op': 'false'; 'is_sfpu': 'true'; 'is_where_op': 'false'; 'lhs_activations': '{}'; 'memory_config': 'MemoryConfig(memory_layout=TensorMemoryLayout::INTERLEAVED;buffer_type=BufferType::DRAM;shard_spec=std::nullopt;nd_shard_spec=std::nullopt;created_with_nd_shard_spec=0)'; 'post_activations': '{}'; 'rhs_activations': '{}'; 'scalar': 'std::nullopt'; 'sub_core_grids': 'std::nullopt'; 'subtile_broadcast_type': 'SubtileBroadcastType::NONE'; 'worker_grid': '{[(x=0;y=0) - (x=10;y=9)]}'},HiFi4,110,110,,98668246617,98668281421,34804,1332641049219,1332641096035,89945,89948,34679,34116,34115,,,,559,34105,33191,33253,33794,33116,,,,,,1[1],288[288],32[1],256[256],TILE,BFLOAT16,DEV_1_DRAM_INTERLEAVED,1[1],1[1],32[1],256[256],TILE,BFLOAT16,DEV_1_DRAM_INTERLEAVED,,,,,,,,,,,,,,,,,,,,,,,,,,,,,,,,,,,,,,,,,,,,,,,,,,,,,,,,,1[1],288[288],32[1],256[256],TILE,BFLOAT16,DEV_1_DRAM_INTERLEAVED,,,,,,,,,,,,,,,,,['ttnn/cpp/ttnn/operations/eltwise/binary_ng/device/kernels/compute/eltwise_binary_sfpu_no_bcast.cpp'],['eltwise_binary_sfpu_no_bcast/12748254803204292867/'],['ttnn/cpp/ttnn/operations/eltwise/binary_ng/device/kernels_ng/dataflow/reader_interleaved_no_bcast.cpp'; 'ttnn/cpp/ttnn/operations/eltwise/binary_ng/device/kernels_ng/dataflow/writer_interleaved_no_bcast.cpp'],['reader_interleaved_no_bcast/13569263223077070646/'; 'writer_interleaved_no_bcast/17771707349566412835/'],2894756004430506998,True,1120,1644,1492,1264,1296,0,0,0,0,1,1,1,[],[],0.003,,,,,
FillPadDeviceOperation,tt_dnn_device,382976,0,blackhole,{'fill_value': '0'; 'output_mem_config': 'MemoryConfig(memory_layout=TensorMemoryLayout::INTERLEAVED;buffer_type=BufferType::DRAM;shard_spec=std::nullopt;nd_shard_spec=std::nullopt;created_with_nd_shard_spec=0)'},,110,110,,98668300576,98668327807,27231,1332641118844,1332641212990,17451,17451,69738,69185,69185,,,,542,69185,,,,,,,,,,1[1],288[288],32[1],256[256],TILE,BFLOAT16,DEV_1_DRAM_INTERLEAVED,,,,,,,,,,,,,,,,,,,,,,,,,,,,,,,,,,,,,,,,,,,,,,,,,,,,,,,,,,,,,,,,1[1],288[288],32[1],256[256],TILE,BFLOAT16,DEV_1_DRAM_INTERLEAVED,,,,,,,,,,,,,,,,,[],[],['ttnn/cpp/ttnn/operations/data_movement/fill_pad/device/kernels/dataflow/fill_pad_writer.cpp'],['fill_pad_writer/10166880304201182191/'],9204063423563475878,True,876,0,0,0,0,0,0,0,0,1,1,1,[],[],0.001,,,,,
ReduceDeviceOperation,tt_dnn_device,384000,0,blackhole,{'compute_kernel_config': 'ComputeKernelConfig(math_fidelity=HiFi4;math_approx_mode=0;fp32_dest_acc_en=1;packer_l1_acc=1;dst_full_sync_en=0;throttle_level=ThrottleLevel::NO_THROTTLE)'; 'dim': 'ReduceOpDim::W'; 'math_op': 'ReduceOpMath::SUM'; 'negate': 'false'; 'output_dtype': 'DataType::BFLOAT16'; 'output_mem_config': 'MemoryConfig(memory_layout=TensorMemoryLayout::INTERLEAVED;buffer_type=BufferType::DRAM;shard_spec=std::nullopt;nd_shard_spec=std::nullopt;created_with_nd_shard_spec=0)'; 'scaler': '1'; 'sub_core_grids': 'std::nullopt'},HiFi4,110,110,,98668352803,98668390222,37419,1332641193822,1332641241664,319,319,35439,20919,20919,,,,1373,20919,20481,20508,17256,17275,,,,,,1[1],288[288],32[1],256[256],TILE,BFLOAT16,DEV_1_DRAM_INTERLEAVED,,,,,,,,,,,,,,,,,,,,,,,,,,,,,,,,,,,,,,,,,,,,,,,,,,,,,,,,,,,,,,,,1[1],288[288],32[1],32[1],TILE,BFLOAT16,DEV_1_DRAM_INTERLEAVED,,,,,,,,,,,,,,,,,['ttnn/cpp/ttnn/operations/reduction/generic/device/kernels/compute/reduce_w.cpp'],['reduce_w/15521362311364376162/'],['ttnn/cpp/ttnn/operations/eltwise/unary/device/kernels/dataflow/writer_unary_interleaved_start_id.cpp'; 'ttnn/cpp/ttnn/operations/reduction/generic/device/kernels/dataflow/reader_unary_reduce_universal_start_id.cpp'],['writer_unary_interleaved_start_id/7610405289054196905/'; 'reader_unary_reduce_universal_start_id/2917012571179936195/'],4781595924051160396,True,1000,900,1308,1012,1248,0,0,0,0,1,1,1,[],[],0.005,,,,,
BinaryNgDeviceOperation,tt_dnn_device,385024,0,blackhole,{'binary_op_type': 'BinaryOpType::DIV'; 'compute_kernel_config': 'std::nullopt'; 'dtype': 'DataType::BFLOAT16'; 'input_dtype': 'DataType::BFLOAT16'; 'is_quant_op': 'false'; 'is_sfpu': 'true'; 'is_where_op': 'false'; 'lhs_activations': '{}'; 'memory_config': 'MemoryConfig(memory_layout=TensorMemoryLayout::INTERLEAVED;buffer_type=BufferType::DRAM;shard_spec=std::nullopt;nd_shard_spec=std::nullopt;created_with_nd_shard_spec=0)'; 'post_activations': '{}'; 'rhs_activations': '{}'; 'scalar': '256'; 'sub_core_grids': 'std::nullopt'; 'subtile_broadcast_type': 'SubtileBroadcastType::NONE'; 'worker_grid': '{[(x=0;y=0) - (x=10;y=9)]}'},HiFi4,110,110,,98668421901,98668452047,30146,1332641286197,1332641294758,33532,33542,6341,5802,5795,,,,547,5781,2720,3113,5137,4177,,,,,,1[1],288[288],32[1],32[1],TILE,BFLOAT16,DEV_1_DRAM_INTERLEAVED,,,,,,,,,,,,,,,,,,,,,,,,,,,,,,,,,,,,,,,,,,,,,,,,,,,,,,,,,,,,,,,,1[1],288[288],32[1],32[1],TILE,BFLOAT16,DEV_1_DRAM_INTERLEAVED,,,,,,,,,,,,,,,,,['ttnn/cpp/ttnn/operations/eltwise/binary_ng/device/kernels/compute/eltwise_binary_sfpu_scalar.cpp'],['eltwise_binary_sfpu_scalar/9867426687322542370/'],['ttnn/cpp/ttnn/operations/eltwise/binary_ng/device/kernels/dataflow/reader_interleaved_no_bcast.cpp'; 'ttnn/cpp/ttnn/operations/eltwise/binary_ng/device/kernels/dataflow/writer_interleaved_scalar.cpp'],['reader_interleaved_no_bcast/15501400787415134526/'; 'writer_interleaved_scalar/13747915134593411132/'],16483906638997270715,True,1228,1256,1532,1424,1296,0,0,0,0,1,1,1,[],[],0.017,,,,,
BinaryNgDeviceOperation,tt_dnn_device,386048,0,blackhole,{'binary_op_type': 'BinaryOpType::MUL'; 'compute_kernel_config': 'std::nullopt'; 'dtype': 'DataType::BFLOAT16'; 'input_dtype': 'DataType::BFLOAT16'; 'is_quant_op': 'false'; 'is_sfpu': 'true'; 'is_where_op': 'false'; 'lhs_activations': '{}'; 'memory_config': 'MemoryConfig(memory_layout=TensorMemoryLayout::INTERLEAVED;buffer_type=BufferType::DRAM;shard_spec=std::nullopt;nd_shard_spec=std::nullopt;created_with_nd_shard_spec=0)'; 'post_activations': '{}'; 'rhs_activations': '{}'; 'scalar': 'std::nullopt'; 'sub_core_grids': 'std::nullopt'; 'subtile_broadcast_type': 'SubtileBroadcastType::NONE'; 'worker_grid': '{[(x=0;y=0) - (x=10;y=9)]}'},HiFi4,110,110,,98668471222,98668498392,27170,1332641353128,1332641398501,43805,43805,33610,33036,33036,,,,558,33030,31957,32001,32629,32013,,,,,,1[1],288[288],32[1],256[256],TILE,BFLOAT16,DEV_1_DRAM_INTERLEAVED,1[1],288[288],32[1],256[256],TILE,BFLOAT16,DEV_1_DRAM_INTERLEAVED,,,,,,,,,,,,,,,,,,,,,,,,,,,,,,,,,,,,,,,,,,,,,,,,,,,,,,,,,1[1],288[288],32[1],256[256],TILE,BFLOAT16,DEV_1_DRAM_INTERLEAVED,,,,,,,,,,,,,,,,,['ttnn/cpp/ttnn/operations/eltwise/binary_ng/device/kernels/compute/eltwise_binary_sfpu_no_bcast.cpp'],['eltwise_binary_sfpu_no_bcast/12748254803204292867/'],['ttnn/cpp/ttnn/operations/eltwise/binary_ng/device/kernels_ng/dataflow/reader_interleaved_no_bcast.cpp'; 'ttnn/cpp/ttnn/operations/eltwise/binary_ng/device/kernels_ng/dataflow/writer_interleaved_no_bcast.cpp'],['reader_interleaved_no_bcast/13569263223077070646/'; 'writer_interleaved_no_bcast/17771707349566412835/'],2894756004430506998,True,1120,1644,1492,1264,1296,0,0,0,0,1,1,1,[],[],0.003,,,,,
FillPadDeviceOperation,tt_dnn_device,387072,0,blackhole,{'fill_value': '0'; 'output_mem_config': 'MemoryConfig(memory_layout=TensorMemoryLayout::INTERLEAVED;buffer_type=BufferType::DRAM;shard_spec=std::nullopt;nd_shard_spec=std::nullopt;created_with_nd_shard_spec=0)'},,110,110,,98668504674,98668522196,17522,1332641394569,1332641494146,196,196,73761,70652,70652,,,,1399,70652,,,,,,,,,,1[1],288[288],32[1],256[256],TILE,BFLOAT16,DEV_1_DRAM_INTERLEAVED,,,,,,,,,,,,,,,,,,,,,,,,,,,,,,,,,,,,,,,,,,,,,,,,,,,,,,,,,,,,,,,,1[1],288[288],32[1],256[256],TILE,BFLOAT16,DEV_1_DRAM_INTERLEAVED,,,,,,,,,,,,,,,,,[],[],['ttnn/cpp/ttnn/operations/data_movement/fill_pad/device/kernels/dataflow/fill_pad_writer.cpp'],['fill_pad_writer/10166880304201182191/'],9204063423563475878,True,876,0,0,0,0,0,0,0,0,1,1,1,[],[],0.001,,,,,
ReduceDeviceOperation,tt_dnn_device,388096,0,blackhole,{'compute_kernel_config': 'ComputeKernelConfig(math_fidelity=HiFi4;math_approx_mode=0;fp32_dest_acc_en=1;packer_l1_acc=1;dst_full_sync_en=0;throttle_level=ThrottleLevel::NO_THROTTLE)'; 'dim': 'ReduceOpDim::W'; 'math_op': 'ReduceOpMath::SUM'; 'negate': 'false'; 'output_dtype': 'DataType::BFLOAT16'; 'output_mem_config': 'MemoryConfig(memory_layout=TensorMemoryLayout::INTERLEAVED;buffer_type=BufferType::DRAM;shard_spec=std::nullopt;nd_shard_spec=std::nullopt;created_with_nd_shard_spec=0)'; 'scaler': '1'; 'sub_core_grids': 'std::nullopt'},HiFi4,110,110,,98668530161,98668553645,23484,1332641451942,1332641522278,311,311,52101,20524,20524,,,,1379,20524,20087,20119,16808,16827,,,,,,1[1],288[288],32[1],256[256],TILE,BFLOAT16,DEV_1_DRAM_INTERLEAVED,,,,,,,,,,,,,,,,,,,,,,,,,,,,,,,,,,,,,,,,,,,,,,,,,,,,,,,,,,,,,,,,1[1],288[288],32[1],32[1],TILE,BFLOAT16,DEV_1_DRAM_INTERLEAVED,,,,,,,,,,,,,,,,,['ttnn/cpp/ttnn/operations/reduction/generic/device/kernels/compute/reduce_w.cpp'],['reduce_w/15521362311364376162/'],['ttnn/cpp/ttnn/operations/eltwise/unary/device/kernels/dataflow/writer_unary_interleaved_start_id.cpp'; 'ttnn/cpp/ttnn/operations/reduction/generic/device/kernels/dataflow/reader_unary_reduce_universal_start_id.cpp'],['writer_unary_interleaved_start_id/7610405289054196905/'; 'reader_unary_reduce_universal_start_id/2917012571179936195/'],4781595924051160396,True,1000,900,1308,1012,1248,0,0,0,0,1,1,1,[],[],0.005,,,,,
BinaryNgDeviceOperation,tt_dnn_device,389120,0,blackhole,{'binary_op_type': 'BinaryOpType::DIV'; 'compute_kernel_config': 'std::nullopt'; 'dtype': 'DataType::BFLOAT16'; 'input_dtype': 'DataType::BFLOAT16'; 'is_quant_op': 'false'; 'is_sfpu': 'true'; 'is_where_op': 'false'; 'lhs_activations': '{}'; 'memory_config': 'MemoryConfig(memory_layout=TensorMemoryLayout::INTERLEAVED;buffer_type=BufferType::DRAM;shard_spec=std::nullopt;nd_shard_spec=std::nullopt;created_with_nd_shard_spec=0)'; 'post_activations': '{}'; 'rhs_activations': '{}'; 'scalar': '256'; 'sub_core_grids': 'std::nullopt'; 'subtile_broadcast_type': 'SubtileBroadcastType::NONE'; 'worker_grid': '{[(x=0;y=0) - (x=10;y=9)]}'},HiFi4,110,110,,98668569514,98668627381,57867,1332641511211,1332641531104,101,101,14736,6441,6441,,,,1561,6436,3424,4096,6117,5056,,,,,,1[1],288[288],32[1],32[1],TILE,BFLOAT16,DEV_1_DRAM_INTERLEAVED,,,,,,,,,,,,,,,,,,,,,,,,,,,,,,,,,,,,,,,,,,,,,,,,,,,,,,,,,,,,,,,,1[1],288[288],32[1],32[1],TILE,BFLOAT16,DEV_1_DRAM_INTERLEAVED,,,,,,,,,,,,,,,,,['ttnn/cpp/ttnn/operations/eltwise/binary_ng/device/kernels/compute/eltwise_binary_sfpu_scalar.cpp'],['eltwise_binary_sfpu_scalar/9867426687322542370/'],['ttnn/cpp/ttnn/operations/eltwise/binary_ng/device/kernels/dataflow/reader_interleaved_no_bcast.cpp'; 'ttnn/cpp/ttnn/operations/eltwise/binary_ng/device/kernels/dataflow/writer_interleaved_scalar.cpp'],['reader_interleaved_no_bcast/15501400787415134526/'; 'writer_interleaved_scalar/13747915134593411132/'],16483906638997270715,True,1228,1256,1532,1424,1296,0,0,0,0,1,1,1,[],[],0.016,,,,,
BinaryNgDeviceOperation,tt_dnn_device,390144,0,blackhole,{'binary_op_type': 'BinaryOpType::SUB'; 'compute_kernel_config': 'std::nullopt'; 'dtype': 'DataType::BFLOAT16'; 'input_dtype': 'DataType::BFLOAT16'; 'is_quant_op': 'false'; 'is_sfpu': 'false'; 'is_where_op': 'false'; 'lhs_activations': '{}'; 'memory_config': 'MemoryConfig(memory_layout=TensorMemoryLayout::INTERLEAVED;buffer_type=BufferType::DRAM;shard_spec=std::nullopt;nd_shard_spec=std::nullopt;created_with_nd_shard_spec=0)'; 'post_activations': '{}'; 'rhs_activations': '{}'; 'scalar': 'std::nullopt'; 'sub_core_grids': 'std::nullopt'; 'subtile_broadcast_type': 'SubtileBroadcastType::SCALAR_B'; 'worker_grid': '{[(x=0;y=0) - (x=10;y=9)]}'},HiFi4,110,110,,98668689155,98668733728,44573,1332641645539,1332641681944,85310,85310,26967,26421,26421,,,,561,26421,26016,25999,23879,25124,,,,,,1[1],288[288],32[1],256[256],TILE,BFLOAT16,DEV_1_DRAM_INTERLEAVED,1[1],288[288],32[1],32[1],TILE,BFLOAT16,DEV_1_DRAM_INTERLEAVED,,,,,,,,,,,,,,,,,,,,,,,,,,,,,,,,,,,,,,,,,,,,,,,,,,,,,,,,,1[1],288[288],32[1],256[256],TILE,BFLOAT16,DEV_1_DRAM_INTERLEAVED,,,,,,,,,,,,,,,,,['ttnn/cpp/ttnn/operations/eltwise/binary_ng/device/kernels/compute/eltwise_binary.cpp'],['eltwise_binary/5724872279242879469/'],['ttnn/cpp/ttnn/operations/eltwise/binary_ng/device/kernels_ng/dataflow/reader_interleaved_scalar_bcast.cpp'; 'ttnn/cpp/ttnn/operations/eltwise/binary_ng/device/kernels_ng/dataflow/writer_interleaved_no_bcast.cpp'],['reader_interleaved_scalar_bcast/1617799814458805741/'; 'writer_interleaved_no_bcast/17771707349566412835/'],4287946743756687886,True,1120,1648,1772,840,1832,0,0,0,0,1,1,1,[],[],0.004,,,,,
BinaryNgDeviceOperation,tt_dnn_device,391168,0,blackhole,{'binary_op_type': 'BinaryOpType::MUL'; 'compute_kernel_config': 'std::nullopt'; 'dtype': 'DataType::BFLOAT16'; 'input_dtype': 'DataType::BFLOAT16'; 'is_quant_op': 'false'; 'is_sfpu': 'true'; 'is_where_op': 'false'; 'lhs_activations': '{}'; 'memory_config': 'MemoryConfig(memory_layout=TensorMemoryLayout::INTERLEAVED;buffer_type=BufferType::DRAM;shard_spec=std::nullopt;nd_shard_spec=std::nullopt;created_with_nd_shard_spec=0)'; 'post_activations': '{}'; 'rhs_activations': '{}'; 'scalar': 'std::nullopt'; 'sub_core_grids': 'std::nullopt'; 'subtile_broadcast_type': 'SubtileBroadcastType::SCALAR_B'; 'worker_grid': '{[(x=0;y=0) - (x=10;y=9)]}'},HiFi4,110,110,,98668753174,98668783370,30196,1332641738485,1332641776547,42434,42434,28194,27644,27644,,,,565,27639,25879,26119,27244,26632,,,,,,1[1],288[288],32[1],256[256],TILE,BFLOAT16,DEV_1_DRAM_INTERLEAVED,1[1],288[288],32[1],32[1],TILE,BFLOAT16,DEV_1_DRAM_INTERLEAVED,,,,,,,,,,,,,,,,,,,,,,,,,,,,,,,,,,,,,,,,,,,,,,,,,,,,,,,,,1[1],288[288],32[1],256[256],TILE,BFLOAT16,DEV_1_DRAM_INTERLEAVED,,,,,,,,,,,,,,,,,['ttnn/cpp/ttnn/operations/eltwise/binary_ng/device/kernels/compute/eltwise_binary_sfpu.cpp'],['eltwise_binary_sfpu/2622353004832616796/'],['ttnn/cpp/ttnn/operations/eltwise/binary_ng/device/kernels_ng/dataflow/reader_interleaved_scalar_bcast.cpp'; 'ttnn/cpp/ttnn/operations/eltwise/binary_ng/device/kernels_ng/dataflow/writer_interleaved_no_bcast.cpp'],['reader_interleaved_scalar_bcast/1617799814458805741/'; 'writer_interleaved_no_bcast/17771707349566412835/'],2900594943603824612,True,1120,1648,2184,1876,1832,0,0,0,0,1,1,1,[],[],0.004,,,,,
BinaryNgDeviceOperation,tt_dnn_device,392192,0,blackhole,{'binary_op_type': 'BinaryOpType::SUB'; 'compute_kernel_config': 'std::nullopt'; 'dtype': 'DataType::BFLOAT16'; 'input_dtype': 'DataType::BFLOAT16'; 'is_quant_op': 'false'; 'is_sfpu': 'false'; 'is_where_op': 'false'; 'lhs_activations': '{}'; 'memory_config': 'MemoryConfig(memory_layout=TensorMemoryLayout::INTERLEAVED;buffer_type=BufferType::DRAM;shard_spec=std::nullopt;nd_shard_spec=std::nullopt;created_with_nd_shard_spec=0)'; 'post_activations': '{}'; 'rhs_activations': '{}'; 'scalar': 'std::nullopt'; 'sub_core_grids': 'std::nullopt'; 'subtile_broadcast_type': 'SubtileBroadcastType::NONE'; 'worker_grid': '{[(x=0;y=0) - (x=10;y=9)]}'},HiFi4,110,110,,98668806312,98668836698,30386,1332641805476,1332641850175,21989,21990,33110,32547,32545,,,,555,32544,32144,32144,29830,31636,,,,,,1[1],288[288],32[1],256[256],TILE,BFLOAT16,DEV_1_DRAM_INTERLEAVED,1[1],288[288],32[1],256[256],TILE,BFLOAT16,DEV_1_DRAM_INTERLEAVED,,,,,,,,,,,,,,,,,,,,,,,,,,,,,,,,,,,,,,,,,,,,,,,,,,,,,,,,,1[1],288[288],32[1],256[256],TILE,BFLOAT16,DEV_1_DRAM_INTERLEAVED,,,,,,,,,,,,,,,,,['ttnn/cpp/ttnn/operations/eltwise/binary_ng/device/kernels/compute/eltwise_binary_no_bcast.cpp'],['eltwise_binary_no_bcast/12765106541863638414/'],['ttnn/cpp/ttnn/operations/eltwise/binary_ng/device/kernels_ng/dataflow/reader_interleaved_no_bcast.cpp'; 'ttnn/cpp/ttnn/operations/eltwise/binary_ng/device/kernels_ng/dataflow/writer_interleaved_no_bcast.cpp'],['reader_interleaved_no_bcast/13569263223077070646/'; 'writer_interleaved_no_bcast/17771707349566412835/'],16580198881536174177,True,1120,1644,1344,672,1296,0,0,0,0,1,1,1,[],[],0.003,,,,,
BinaryNgDeviceOperation,tt_dnn_device,393216,0,blackhole,{'binary_op_type': 'BinaryOpType::MUL'; 'compute_kernel_config': 'std::nullopt'; 'dtype': 'DataType::BFLOAT16'; 'input_dtype': 'DataType::BFLOAT16'; 'is_quant_op': 'false'; 'is_sfpu': 'true'; 'is_where_op': 'false'; 'lhs_activations': '{}'; 'memory_config': 'MemoryConfig(memory_layout=TensorMemoryLayout::INTERLEAVED;buffer_type=BufferType::DRAM;shard_spec=std::nullopt;nd_shard_spec=std::nullopt;created_with_nd_shard_spec=0)'; 'post_activations': '{}'; 'rhs_activations': '{}'; 'scalar': 'std::nullopt'; 'sub_core_grids': 'std::nullopt'; 'subtile_broadcast_type': 'SubtileBroadcastType::SCALAR_B'; 'worker_grid': '{[(x=0;y=0) - (x=10;y=9)]}'},HiFi4,110,110,,98668851956,98668878706,26750,1332641872570,1332641909199,17140,17144,27133,26586,26581,,,,558,26581,25561,25659,26187,25305,,,,,,1[1],288[288],32[1],256[256],TILE,BFLOAT16,DEV_1_DRAM_INTERLEAVED,1[1],288[288],32[1],32[1],TILE,BFLOAT16,DEV_1_DRAM_INTERLEAVED,,,,,,,,,,,,,,,,,,,,,,,,,,,,,,,,,,,,,,,,,,,,,,,,,,,,,,,,,1[1],288[288],32[1],256[256],TILE,BFLOAT16,DEV_1_DRAM_INTERLEAVED,,,,,,,,,,,,,,,,,['ttnn/cpp/ttnn/operations/eltwise/binary_ng/device/kernels/compute/eltwise_binary_sfpu.cpp'],['eltwise_binary_sfpu/2622353004832616796/'],['ttnn/cpp/ttnn/operations/eltwise/binary_ng/device/kernels_ng/dataflow/reader_interleaved_scalar_bcast.cpp'; 'ttnn/cpp/ttnn/operations/eltwise/binary_ng/device/kernels_ng/dataflow/writer_interleaved_no_bcast.cpp'],['reader_interleaved_scalar_bcast/1617799814458805741/'; 'writer_interleaved_no_bcast/17771707349566412835/'],2900594943603824612,True,1120,1648,2184,1876,1832,0,0,0,0,1,1,1,[],[],0.004,,,,,
TransposeDeviceOperation,tt_dnn_device,394240,0,blackhole,{'dim': 'TransposeOpDim::HC'; 'output_mem_config': 'MemoryConfig(memory_layout=TensorMemoryLayout::INTERLEAVED;buffer_type=BufferType::DRAM;shard_spec=std::nullopt;nd_shard_spec=std::nullopt;created_with_nd_shard_spec=0)'; 'pad_value': '0'},,110,110,,98669008486,98669059150,50664,1332642075237,1332642096428,123544,123544,15697,15143,15143,,,,547,15142,14825,,,,,,,,,1[1],288[288],32[1],256[256],TILE,BFLOAT16,DEV_1_DRAM_INTERLEAVED,,,,,,,,,,,,,,,,,,,,,,,,,,,,,,,,,,,,,,,,,,,,,,,,,,,,,,,,,,,,,,,,1[1],1[1],288[288],256[256],TILE,BFLOAT16,DEV_1_DRAM_INTERLEAVED,,,,,,,,,,,,,,,,,[],[],['ttnn/cpp/ttnn/operations/data_movement/transpose/device/kernels/dataflow/writer_unary_transpose_hc_interleaved_tiled_padding_aware.cpp'; 'ttnn/cpp/ttnn/operations/data_movement/transpose/device/kernels/dataflow/reader_unary_transpose_hc_interleaved_tiled_padding_aware.cpp'],['writer_unary_transpose_hc_interleaved_tiled_padding_aware/5586472296567324416/'; 'reader_unary_transpose_hc_interleaved_tiled_padding_aware/790041023213831019/'],16461604712183790755,True,800,900,0,0,0,0,0,0,0,15056,15056,8583,[313.40277099609375],[9.79383659362793],99.425,,,,,
GenericOpDeviceOperation,tt_dnn_device,395264,0,blackhole,{'num_mesh_programs': '1'},HiFi4,72,110,,98669224305,98669262957,38652,1332642367662,1332642372659,201921,201884,3701,2721,2719,,,,561,2719,1676,1855,2347,827,,,,,,1[1],1[1],288[288],256[256],TILE,BFLOAT16,DEV_1_DRAM_INTERLEAVED,1[1],1[1],288[288],256[256],TILE,BFLOAT16,DEV_1_DRAM_INTERLEAVED,1[1],1[1],288[288],256[256],TILE,BFLOAT16,DEV_1_DRAM_INTERLEAVED,1[1],1[1],288[288],256[256],TILE,BFLOAT16,DEV_1_DRAM_INTERLEAVED,,,,,,,,,,,,,,,,,,,,,,,,,,,,,,,,,,,,,,,,,,,1[1],1[1],288[288],256[256],TILE,BFLOAT16,DEV_1_DRAM_INTERLEAVED,,,,,,,,,,,,,,,,,['/home/ttuser/.coworker/wt/bcp-evo/tt_bio/kernels/rne_add/compute_rne_add.cpp'],['compute_rne_add/15506775982570106819/'],['/home/ttuser/.coworker/wt/bcp-evo/tt_bio/kernels/rne_add/writer_rne_add.cpp'; '/home/ttuser/.coworker/wt/bcp-evo/tt_bio/kernels/rne_add/reader_rne_add.cpp'],['writer_rne_add/11689109000663956392/'; 'reader_rne_add/5462348467134491698/'],11998302437493887239,True,768,1412,1604,1376,1432,0,0,0,0,1,1,1,[],[],0.037,,,,,
MatmulDeviceOperation,tt_dnn_device,396288,0,blackhole,{'bcast_batch': 'true'; 'compute_kernel_config': 'ComputeKernelConfig(math_fidelity=HiFi4;math_approx_mode=0;fp32_dest_acc_en=1;packer_l1_acc=1;dst_full_sync_en=0;throttle_level=ThrottleLevel::NO_THROTTLE)'; 'global_cb': 'std::nullopt'; 'output_dtype': 'DataType::BFLOAT16'; 'output_mem_config': 'MemoryConfig(memory_layout=TensorMemoryLayout::INTERLEAVED;buffer_type=BufferType::DRAM;shard_spec=std::nullopt;nd_shard_spec=std::nullopt;created_with_nd_shard_spec=0)'; 'output_tile': 'Tile(tile_shape={32; 32};face_shape={16; 16};num_faces=4)'; 'program_config': 'MatmulMultiCoreReuseMultiCast1DProgramConfig(compute_with_storage_grid_size=(x=11;y=10);in0_block_w=2;out_subblock_h=1;out_subblock_w=4;out_block_h=1;out_block_w=8;per_core_M=1;per_core_N=8;fuse_batch=0;fused_activation=std::nullopt;mcast_in0=0;gather_in0=0;hop_cores={};num_global_cb_receivers=0;untilize_out=0)'; 'sub_device_id': 'std::nullopt'; 'transpose_a': 'false'; 'transpose_b': 'true'; 'untilize_out': 'false'; 'user_core_coord': 'std::nullopt'; 'user_fused_activation': 'std::nullopt'; 'user_run_batched': 'false'},HiFi4,9,110,,98669367991,98669433793,65802,1332642558138,1332642572727,137954,138062,10807,10228,10119,,,,556,10041,5346,7718,7853,8167,,,,,,1[1],1[1],288[288],256[256],TILE,BFLOAT16,DEV_1_DRAM_INTERLEAVED,1[1],1[1],256[256],256[256],TILE,BFLOAT16,DEV_1_DRAM_INTERLEAVED,,,,,,,,,,,,,,,,,,,,,,,,,,,,,,,,,,,,,,,,,,,,,,,,,,,,,,,,,1[1],1[1],288[288],256[256],TILE,BFLOAT16,DEV_1_DRAM_INTERLEAVED,,,,,,,,,,,,,,,,,['ttnn/cpp/ttnn/operations/matmul/device/kernels/compute/bmm_large_block_zm_fused_bias_activation.cpp'],['bmm_large_block_zm_fused_bias_activation/10560588865599254586/'],['ttnn/cpp/ttnn/operations/matmul/device/kernels/dataflow/reader_bmm_tile_layout_in1_receiver_writer_padding.cpp'; 'ttnn/cpp/ttnn/operations/matmul/device/kernels/dataflow/reader_bmm_tile_layout_in1_sender_writer_padding.cpp'; 'ttnn/cpp/ttnn/operations/matmul/device/kernels/dataflow/reader_bmm_tile_layout_in0_sender_padding.cpp'],['reader_bmm_tile_layout_in1_receiver_writer_padding/6256039447678154272/'; 'reader_bmm_tile_layout_in1_sender_writer_padding/3884429638124265397/'; 'reader_bmm_tile_layout_in0_sender_padding/9820741442600851932/'],5729168373540146701,True,2136,752,2236,1976,2544,0,0,0,0,268,249,268,[550.208984375; 489.0746154785156],[550.208984375],2.434,,,,,
GenericOpDeviceOperation,tt_dnn_device,397312,0,blackhole,{'num_mesh_programs': '1'},HiFi4,72,110,,98670175675,98670219526,43851,1332643651009,1332643660056,799644,799644,6701,5753,5753,,,,601,5751,2214,2416,5076,5252,,,,,,1[1],1[1],288[288],256[256],TILE,BFLOAT16,DEV_1_DRAM_INTERLEAVED,1[1],1[1],288[288],256[256],TILE,BFLOAT16,DEV_1_DRAM_INTERLEAVED,1[1],1[1],288[288],256[256],TILE,BFLOAT16,DEV_1_DRAM_INTERLEAVED,1[1],1[1],288[288],256[256],TILE,BFLOAT16,DEV_1_DRAM_INTERLEAVED,1[1],1[1],288[288],256[256],TILE,BFLOAT16,DEV_1_DRAM_INTERLEAVED,1[1],1[1],288[288],256[256],TILE,BFLOAT16,DEV_1_DRAM_INTERLEAVED,,,,,,,,,,,,,,,,,,,,,,,,,,,,,1[1],1[1],288[288],256[256],TILE,BFLOAT16,DEV_1_DRAM_INTERLEAVED,,,,,,,,,,,,,,,,,['/home/ttuser/.coworker/wt/bcp-evo/tt_bio/kernels/gate_bw/compute_gate_bw.cpp'],['compute_gate_bw/7752279662899972872/'],['/home/ttuser/.coworker/wt/bcp-evo/tt_bio/kernels/gate_bw/writer_gate_bw.cpp'; '/home/ttuser/.coworker/wt/bcp-evo/tt_bio/kernels/gate_bw/reader_gate_bw.cpp'],['writer_gate_bw/8111932171875705432/'; 'reader_gate_bw/7533951476172066466/'],15599129151628805248,False,984,1804,1800,5476,1892,0,0,0,0,1,1,1,[],[],0.017,,,,,
TransposeDeviceOperation,tt_dnn_device,398336,0,blackhole,{'dim': 'TransposeOpDim::WH'; 'output_mem_config': 'MemoryConfig(memory_layout=TensorMemoryLayout::INTERLEAVED;buffer_type=BufferType::DRAM;shard_spec=std::nullopt;nd_shard_spec=std::nullopt;created_with_nd_shard_spec=0)'; 'pad_value': '0'},HiFi4,110,110,,98670633162,98670679077,45915,1332644268968,1332644272103,451496,451496,2322,1770,1770,,,,643,1696,1350,1372,652,787,,,,,,1[1],1[1],288[288],256[256],TILE,BFLOAT16,DEV_1_DRAM_INTERLEAVED,,,,,,,,,,,,,,,,,,,,,,,,,,,,,,,,,,,,,,,,,,,,,,,,,,,,,,,,,,,,,,,,1[1],1[1],256[256],288[288],TILE,BFLOAT16,DEV_1_DRAM_INTERLEAVED,,,,,,,,,,,,,,,,,['ttnn/cpp/ttnn/operations/data_movement/transpose/device/kernels/compute/transpose_wh.cpp'],['transpose_wh/14581025993053660267/'],['ttnn/cpp/ttnn/operations/eltwise/unary/device/kernels/dataflow/writer_unary_interleaved_start_id.cpp'; 'ttnn/cpp/ttnn/operations/data_movement/transpose/device/kernels/dataflow/reader_unary_transpose_wh_interleaved_start_id.cpp'],['writer_unary_interleaved_start_id/6276820466797607771/'; 'reader_unary_transpose_wh_interleaved_start_id/890651917070584162/'],16461604712202393769,False,1000,1012,1140,648,1296,0,0,0,0,1281,1281,268,[115.11006927490234],[115.11006927490234],72.373,,,,,
TransposeDeviceOperation,tt_dnn_device,399360,0,blackhole,{'dim': 'TransposeOpDim::WH'; 'output_mem_config': 'MemoryConfig(memory_layout=TensorMemoryLayout::INTERLEAVED;buffer_type=BufferType::DRAM;shard_spec=std::nullopt;nd_shard_spec=std::nullopt;created_with_nd_shard_spec=0)'; 'pad_value': '0'},HiFi4,110,110,,98670969033,98671005090,36057,1332644722677,1332644725797,334306,334306,2311,1757,1757,,,,574,1684,1267,1277,659,814,,,,,,1[1],8[8],32[32],288[288],TILE,BFLOAT16,DEV_1_DRAM_INTERLEAVED,,,,,,,,,,,,,,,,,,,,,,,,,,,,,,,,,,,,,,,,,,,,,,,,,,,,,,,,,,,,,,,,1[1],8[8],288[288],32[32],TILE,BFLOAT16,DEV_1_DRAM_INTERLEAVED,,,,,,,,,,,,,,,,,['ttnn/cpp/ttnn/operations/data_movement/transpose/device/kernels/compute/transpose_wh.cpp'],['transpose_wh/14581025993053660267/'],['ttnn/cpp/ttnn/operations/eltwise/unary/device/kernels/dataflow/writer_unary_interleaved_start_id.cpp'; 'ttnn/cpp/ttnn/operations/data_movement/transpose/device/kernels/dataflow/reader_unary_transpose_wh_interleaved_start_id.cpp'],['writer_unary_interleaved_start_id/6276820466797607771/'; 'reader_unary_transpose_wh_interleaved_start_id/890651917070584162/'],16461604711959819789,False,1000,1012,1140,648,1296,0,0,0,0,1281,1281,268,[115.11006927490234],[115.11006927490234],72.908,,,,,
MatmulDeviceOperation,tt_dnn_device,400384,0,blackhole,{'bcast_batch': 'false'; 'compute_kernel_config': 'ComputeKernelConfig(math_fidelity=HiFi4;math_approx_mode=0;fp32_dest_acc_en=1;packer_l1_acc=1;dst_full_sync_en=0;throttle_level=ThrottleLevel::NO_THROTTLE)'; 'global_cb': 'std::nullopt'; 'output_dtype': 'DataType::BFLOAT16'; 'output_mem_config': 'MemoryConfig(memory_layout=TensorMemoryLayout::INTERLEAVED;buffer_type=BufferType::DRAM;shard_spec=std::nullopt;nd_shard_spec=std::nullopt;created_with_nd_shard_spec=0)'; 'output_tile': 'Tile(tile_shape={32; 32};face_shape={16; 16};num_faces=4)'; 'program_config': 'MatmulMultiCoreReuseProgramConfig(compute_with_storage_grid_size=(x=8;y=8);in0_block_w=1;out_subblock_h=1;out_subblock_w=3;per_core_M=9;per_core_N=9)'; 'sub_device_id': 'std::nullopt'; 'transpose_a': 'false'; 'transpose_b': 'true'; 'untilize_out': 'false'; 'user_core_coord': '(x=8;y=8)'; 'user_fused_activation': 'std::nullopt'; 'user_run_batched': 'true'},HiFi4,8,110,,98675148565,98675216791,68226,1332650358046,1332650381736,4172563,4172746,17548,16956,16956,,,,85,16950,1678,5285,5604,6056,,,,,,1[1],8[8],288[288],32[32],TILE,BFLOAT16,DEV_1_DRAM_INTERLEAVED,1[1],8[8],288[288],32[32],TILE,BFLOAT16,DEV_1_DRAM_INTERLEAVED,,,,,,,,,,,,,,,,,,,,,,,,,,,,,,,,,,,,,,,,,,,,,,,,,,,,,,,,,1[1],8[8],288[288],288[288],TILE,BFLOAT16,DEV_1_DRAM_INTERLEAVED,,,,,,,,,,,,,,,,,['ttnn/cpp/ttnn/operations/matmul/device/kernels/compute/bmm_large_block_zm_fused_bias_activation.cpp'],['bmm_large_block_zm_fused_bias_activation/1998490354852809073/'],['ttnn/cpp/ttnn/operations/matmul/device/kernels/dataflow/reader_writer_bmm_tile_layout_in1.cpp'; 'ttnn/cpp/ttnn/operations/matmul/device/kernels/dataflow/reader_bmm_tile_layout_in0.cpp'],['reader_writer_bmm_tile_layout_in1/11478004149248429752/'; 'reader_bmm_tile_layout_in0/3077350800227034951/'],7761915254463196228,False,1116,712,1388,1464,1804,0,0,0,0,2413,280,2413,[61.10899353027344; 61.10899353027344],[549.98095703125],1.651,,,,,
MatmulDeviceOperation,tt_dnn_device,401408,0,blackhole,{'bcast_batch': 'false'; 'compute_kernel_config': 'ComputeKernelConfig(math_fidelity=HiFi4;math_approx_mode=0;fp32_dest_acc_en=1;packer_l1_acc=1;dst_full_sync_en=0;throttle_level=ThrottleLevel::NO_THROTTLE)'; 'global_cb': 'std::nullopt'; 'output_dtype': 'DataType::BFLOAT16'; 'output_mem_config': 'MemoryConfig(memory_layout=TensorMemoryLayout::INTERLEAVED;buffer_type=BufferType::DRAM;shard_spec=std::nullopt;nd_shard_spec=std::nullopt;created_with_nd_shard_spec=0)'; 'output_tile': 'Tile(tile_shape={32; 32};face_shape={16; 16};num_faces=4)'; 'program_config': 'MatmulMultiCoreReuseProgramConfig(compute_with_storage_grid_size=(x=11;y=10);in0_block_w=3;out_subblock_h=3;out_subblock_w=1;per_core_M=9;per_core_N=1)'; 'sub_device_id': 'std::nullopt'; 'transpose_a': 'true'; 'transpose_b': 'false'; 'untilize_out': 'false'; 'user_core_coord': 'std::nullopt'; 'user_fused_activation': 'std::nullopt'; 'user_run_batched': 'true'},HiFi4,8,110,,98679794360,98679853359,58999,1332656631508,1332656653629,4630129,4630129,16386,15781,15781,,,,90,15737,12175,14743,14697,15164,,,,,,1[1],8[8],288[288],288[288],TILE,BFLOAT16,DEV_1_DRAM_INTERLEAVED,1[1],8[8],288[288],32[32],TILE,BFLOAT16,DEV_1_DRAM_INTERLEAVED,,,,,,,,,,,,,,,,,,,,,,,,,,,,,,,,,,,,,,,,,,,,,,,,,,,,,,,,,1[1],8[8],288[288],32[32],TILE,BFLOAT16,DEV_1_DRAM_INTERLEAVED,,,,,,,,,,,,,,,,,['ttnn/cpp/ttnn/operations/matmul/device/kernels/compute/bmm_large_block_zm_fused_bias_activation.cpp'],['bmm_large_block_zm_fused_bias_activation/12293092993260999945/'],['ttnn/cpp/ttnn/operations/matmul/device/kernels/dataflow/reader_writer_bmm_tile_layout_in1.cpp'; 'ttnn/cpp/ttnn/operations/matmul/device/kernels/dataflow/reader_bmm_tile_layout_in0.cpp'],['reader_writer_bmm_tile_layout_in1/4118269817250320978/'; 'reader_bmm_tile_layout_in0/1866397331654740913/'],3888553095927999343,False,1084,800,3024,2760,3956,0,0,0,0,2413,280,2413,[549.98095703125; 61.10899353027344],[61.10899353027344],1.774,,,,,
TypecastDeviceOperation,tt_dnn_device,402432,0,blackhole,{'bfp8_pack_precise': 'false'; 'fp32_dest_acc_en': 'true'; 'input_dtype': 'DataType::BFLOAT16'; 'output_dtype': 'DataType::FLOAT32'; 'output_memory_config': 'MemoryConfig(memory_layout=TensorMemoryLayout::INTERLEAVED;buffer_type=BufferType::DRAM;shard_spec=std::nullopt;nd_shard_spec=std::nullopt;created_with_nd_shard_spec=0)'; 'preserve_fp32_precision': 'false'; 'sub_core_grids': 'std::nullopt'},HiFi4,110,110,,98679936994,98679979032,42038,1332656832100,1332656851536,134245,134245,14397,12362,12362,,,,600,12362,5790,5840,11094,11945,,,,,,1[1],8[8],288[288],288[288],TILE,BFLOAT16,DEV_1_DRAM_INTERLEAVED,,,,,,,,,,,,,,,,,,,,,,,,,,,,,,,,,,,,,,,,,,,,,,,,,,,,,,,,,,,,,,,,1[1],8[8],288[288],288[288],TILE,FLOAT32,DEV_1_DRAM_INTERLEAVED,,,,,,,,,,,,,,,,,['ttnn/cpp/ttnn/operations/copy/typecast/device/kernels/compute/eltwise_typecast.cpp'],['eltwise_typecast/9531996397938577704/'],['ttnn/cpp/ttnn/operations/eltwise/unary/device/kernels/dataflow/writer_unary_interleaved_start_id.cpp'; 'ttnn/cpp/ttnn/operations/eltwise/unary/device/kernels/dataflow/reader_unary_interleaved_start_id.cpp'],['writer_unary_interleaved_start_id/808015986803896428/'; 'reader_unary_interleaved_start_id/10624578204480920158/'],1717763057158984236,True,1000,928,1076,952,1268,0,0,0,0,1,1,1,[],[],0.008,,,,,
BinaryNgDeviceOperation,tt_dnn_device,403456,0,blackhole,{'binary_op_type': 'BinaryOpType::MUL'; 'compute_kernel_config': 'std::nullopt'; 'dtype': 'DataType::FLOAT32'; 'input_dtype': 'DataType::FLOAT32'; 'is_quant_op': 'false'; 'is_sfpu': 'true'; 'is_where_op': 'false'; 'lhs_activations': '{}'; 'memory_config': 'MemoryConfig(memory_layout=TensorMemoryLayout::INTERLEAVED;buffer_type=BufferType::DRAM;shard_spec=std::nullopt;nd_shard_spec=std::nullopt;created_with_nd_shard_spec=0)'; 'post_activations': '{}'; 'rhs_activations': '{}'; 'scalar': 'std::nullopt'; 'sub_core_grids': 'std::nullopt'; 'subtile_broadcast_type': 'SubtileBroadcastType::NONE'; 'worker_grid': '{[(x=0;y=0) - (x=10;y=9)]}'},HiFi4,110,110,,98684261484,98684320954,59470,1332662673703,1332662705079,4313190,4313234,23241,22687,22685,,,,553,22684,21938,22073,22161,19756,,,,,,1[1],8[8],288[288],288[288],TILE,FLOAT32,DEV_1_DRAM_INTERLEAVED,1[1],8[8],288[288],288[288],TILE,FLOAT32,DEV_1_DRAM_INTERLEAVED,,,,,,,,,,,,,,,,,,,,,,,,,,,,,,,,,,,,,,,,,,,,,,,,,,,,,,,,,1[1],8[8],288[288],288[288],TILE,FLOAT32,DEV_1_DRAM_INTERLEAVED,,,,,,,,,,,,,,,,,['ttnn/cpp/ttnn/operations/eltwise/binary_ng/device/kernels/compute/eltwise_binary_sfpu_no_bcast.cpp'],['eltwise_binary_sfpu_no_bcast/5537555678379483735/'],['ttnn/cpp/ttnn/operations/eltwise/binary_ng/device/kernels_ng/dataflow/reader_interleaved_no_bcast.cpp'; 'ttnn/cpp/ttnn/operations/eltwise/binary_ng/device/kernels_ng/dataflow/writer_interleaved_no_bcast.cpp'],['reader_interleaved_no_bcast/1658512407459465037/'; 'writer_interleaved_no_bcast/17590832996174141580/'],3252264271911891812,False,1108,1652,2016,1348,1292,0,0,0,0,1,1,1,[],[],0.004,,,,,
ReduceDeviceOperation,tt_dnn_device,404480,0,blackhole,{'compute_kernel_config': 'ComputeKernelConfig(math_fidelity=HiFi4;math_approx_mode=0;fp32_dest_acc_en=1;packer_l1_acc=0;dst_full_sync_en=0;throttle_level=ThrottleLevel::NO_THROTTLE)'; 'dim': 'ReduceOpDim::W'; 'math_op': 'ReduceOpMath::SUM'; 'negate': 'false'; 'output_dtype': 'DataType::FLOAT32'; 'output_mem_config': 'MemoryConfig(memory_layout=TensorMemoryLayout::INTERLEAVED;buffer_type=BufferType::DRAM;shard_spec=std::nullopt;nd_shard_spec=std::nullopt;created_with_nd_shard_spec=0)'; 'scaler': '1'; 'sub_core_grids': 'std::nullopt'},HiFi4,72,110,,98689141232,98689193298,52066,1332669253643,1332669268970,4851851,4851851,11353,10375,10375,,,,557,10375,9862,9903,2067,773,,,,,,1[1],8[8],288[288],288[288],TILE,FLOAT32,DEV_1_DRAM_INTERLEAVED,,,,,,,,,,,,,,,,,,,,,,,,,,,,,,,,,,,,,,,,,,,,,,,,,,,,,,,,,,,,,,,,1[1],8[8],288[288],32[1],TILE,FLOAT32,DEV_1_DRAM_INTERLEAVED,,,,,,,,,,,,,,,,,['ttnn/cpp/ttnn/operations/reduction/generic/device/kernels/compute/reduce_w.cpp'],['reduce_w/508412957723592336/'],['ttnn/cpp/ttnn/operations/eltwise/unary/device/kernels/dataflow/writer_unary_interleaved_start_id.cpp'; 'ttnn/cpp/ttnn/operations/reduction/generic/device/kernels/dataflow/reader_unary_reduce_universal_start_id.cpp'],['writer_unary_interleaved_start_id/5035091759692777027/'; 'reader_unary_reduce_universal_start_id/16845533789846977577/'],5729168796560798724,False,1000,896,1256,792,1124,0,0,0,0,1,1,1,[],[],0.01,,,,,
ReduceDeviceOperation,tt_dnn_device,405504,0,blackhole,{'compute_kernel_config': 'ComputeKernelConfig(math_fidelity=HiFi4;math_approx_mode=0;fp32_dest_acc_en=1;packer_l1_acc=1;dst_full_sync_en=0;throttle_level=ThrottleLevel::NO_THROTTLE)'; 'dim': 'ReduceOpDim::W'; 'math_op': 'ReduceOpMath::SUM'; 'negate': 'false'; 'output_dtype': 'DataType::FLOAT32'; 'output_mem_config': 'MemoryConfig(memory_layout=TensorMemoryLayout::INTERLEAVED;buffer_type=BufferType::DRAM;shard_spec=std::nullopt;nd_shard_spec=std::nullopt;created_with_nd_shard_spec=0)'; 'scaler': '1'; 'sub_core_grids': 'std::nullopt'},HiFi4,72,110,,98689494275,98689530171,35896,1332669737579,1332669753152,348069,348069,11536,10586,10586,,,,560,10585,10008,10027,1956,749,,,,,,1[1],8[8],288[288],288[288],TILE,FLOAT32,DEV_1_DRAM_INTERLEAVED,,,,,,,,,,,,,,,,,,,,,,,,,,,,,,,,,,,,,,,,,,,,,,,,,,,,,,,,,,,,,,,,1[1],8[8],288[288],32[1],TILE,FLOAT32,DEV_1_DRAM_INTERLEAVED,,,,,,,,,,,,,,,,,['ttnn/cpp/ttnn/operations/reduction/generic/device/kernels/compute/reduce_w.cpp'],['reduce_w/508412957723592336/'],['ttnn/cpp/ttnn/operations/eltwise/unary/device/kernels/dataflow/writer_unary_interleaved_start_id.cpp'; 'ttnn/cpp/ttnn/operations/reduction/generic/device/kernels/dataflow/reader_unary_reduce_universal_start_id.cpp'],['writer_unary_interleaved_start_id/5035091759692777027/'; 'reader_unary_reduce_universal_start_id/16845533789846977577/'],4775039155606183400,False,1000,896,1256,792,1124,0,0,0,0,1,1,1,[],[],0.009,,,,,
BinaryNgDeviceOperation,tt_dnn_device,406528,0,blackhole,{'binary_op_type': 'BinaryOpType::DIV'; 'compute_kernel_config': 'std::nullopt'; 'dtype': 'DataType::FLOAT32'; 'input_dtype': 'DataType::FLOAT32'; 'is_quant_op': 'false'; 'is_sfpu': 'true'; 'is_where_op': 'false'; 'lhs_activations': '{}'; 'memory_config': 'MemoryConfig(memory_layout=TensorMemoryLayout::INTERLEAVED;buffer_type=BufferType::DRAM;shard_spec=std::nullopt;nd_shard_spec=std::nullopt;created_with_nd_shard_spec=0)'; 'post_activations': '{}'; 'rhs_activations': '{}'; 'scalar': 'std::nullopt'; 'sub_core_grids': 'std::nullopt'; 'subtile_broadcast_type': 'SubtileBroadcastType::NONE'; 'worker_grid': '{[(x=0;y=0) - (x=10;y=9)]}'},HiFi4,110,110,,98694115555,98694175796,60241,1332675972871,1332675979080,4608052,4608052,4599,4041,4041,,,,561,4041,2558,2709,3501,788,,,,,,1[1],8[8],288[288],32[1],TILE,FLOAT32,DEV_1_DRAM_INTERLEAVED,1[1],8[8],288[288],32[1],TILE,FLOAT32,DEV_1_DRAM_INTERLEAVED,,,,,,,,,,,,,,,,,,,,,,,,,,,,,,,,,,,,,,,,,,,,,,,,,,,,,,,,,1[1],8[8],288[288],32[1],TILE,FLOAT32,DEV_1_DRAM_INTERLEAVED,,,,,,,,,,,,,,,,,['ttnn/cpp/ttnn/operations/eltwise/binary_ng/device/kernels/compute/eltwise_binary_sfpu_no_bcast.cpp'],['eltwise_binary_sfpu_no_bcast/14197780090577967221/'],['ttnn/cpp/ttnn/operations/eltwise/binary_ng/device/kernels_ng/dataflow/reader_interleaved_no_bcast.cpp'; 'ttnn/cpp/ttnn/operations/eltwise/binary_ng/device/kernels_ng/dataflow/writer_interleaved_no_bcast.cpp'],['reader_interleaved_no_bcast/1658512407459465037/'; 'writer_interleaved_no_bcast/17590832996174141580/'],17116078768321473786,False,1108,1652,2016,1488,1292,0,0,0,0,1,1,1,[],[],0.025,,,,,
BinaryNgDeviceOperation,tt_dnn_device,407552,0,blackhole,{'binary_op_type': 'BinaryOpType::SUB'; 'compute_kernel_config': 'std::nullopt'; 'dtype': 'DataType::FLOAT32'; 'input_dtype': 'DataType::FLOAT32'; 'is_quant_op': 'false'; 'is_sfpu': 'true'; 'is_where_op': 'false'; 'lhs_activations': '{}'; 'memory_config': 'MemoryConfig(memory_layout=TensorMemoryLayout::INTERLEAVED;buffer_type=BufferType::DRAM;shard_spec=std::nullopt;nd_shard_spec=std::nullopt;created_with_nd_shard_spec=0)'; 'post_activations': '{}'; 'rhs_activations': '{}'; 'scalar': 'std::nullopt'; 'sub_core_grids': 'std::nullopt'; 'subtile_broadcast_type': 'SubtileBroadcastType::COL_B'; 'worker_grid': '{[(x=0;y=0) - (x=10;y=9)]}'},HiFi4,110,110,,98698362321,98698420689,58368,1332681706327,1332681735074,4242920,4243020,21294,20742,20741,,,,559,20735,18475,19513,19607,20041,,,,,,1[1],8[8],288[288],288[288],TILE,FLOAT32,DEV_1_DRAM_INTERLEAVED,1[1],8[8],288[288],32[1],TILE,FLOAT32,DEV_1_DRAM_INTERLEAVED,,,,,,,,,,,,,,,,,,,,,,,,,,,,,,,,,,,,,,,,,,,,,,,,,,,,,,,,,1[1],8[8],288[288],288[288],TILE,FLOAT32,DEV_1_DRAM_INTERLEAVED,,,,,,,,,,,,,,,,,['ttnn/cpp/ttnn/operations/eltwise/binary_ng/device/kernels/compute/eltwise_binary_sfpu.cpp'],['eltwise_binary_sfpu/14251714759221731478/'],['ttnn/cpp/ttnn/operations/eltwise/binary_ng/device/kernels_ng/dataflow/reader_interleaved_col_bcast.cpp'; 'ttnn/cpp/ttnn/operations/eltwise/binary_ng/device/kernels_ng/dataflow/writer_interleaved_no_bcast.cpp'],['reader_interleaved_col_bcast/4842469920714562178/'; 'writer_interleaved_no_bcast/17590832996174141580/'],9930023804724140875,False,1108,1780,3248,2068,1832,0,0,0,0,1,1,1,[],[],0.005,,,,,
BinaryNgDeviceOperation,tt_dnn_device,408576,0,blackhole,{'binary_op_type': 'BinaryOpType::MUL'; 'compute_kernel_config': 'std::nullopt'; 'dtype': 'DataType::FLOAT32'; 'input_dtype': 'DataType::FLOAT32'; 'is_quant_op': 'false'; 'is_sfpu': 'true'; 'is_where_op': 'false'; 'lhs_activations': '{}'; 'memory_config': 'MemoryConfig(memory_layout=TensorMemoryLayout::INTERLEAVED;buffer_type=BufferType::DRAM;shard_spec=std::nullopt;nd_shard_spec=std::nullopt;created_with_nd_shard_spec=0)'; 'post_activations': '{}'; 'rhs_activations': '{}'; 'scalar': 'std::nullopt'; 'sub_core_grids': 'std::nullopt'; 'subtile_broadcast_type': 'SubtileBroadcastType::NONE'; 'worker_grid': '{[(x=0;y=0) - (x=10;y=9)]}'},HiFi4,110,110,,98698460703,98698493524,32821,1332681845922,1332681878067,82669,82672,23811,23244,23243,,,,559,23242,22493,22629,22713,20983,,,,,,1[1],8[8],288[288],288[288],TILE,FLOAT32,DEV_1_DRAM_INTERLEAVED,1[1],8[8],288[288],288[288],TILE,FLOAT32,DEV_1_DRAM_INTERLEAVED,,,,,,,,,,,,,,,,,,,,,,,,,,,,,,,,,,,,,,,,,,,,,,,,,,,,,,,,,1[1],8[8],288[288],288[288],TILE,FLOAT32,DEV_1_DRAM_INTERLEAVED,,,,,,,,,,,,,,,,,['ttnn/cpp/ttnn/operations/eltwise/binary_ng/device/kernels/compute/eltwise_binary_sfpu_no_bcast.cpp'],['eltwise_binary_sfpu_no_bcast/5537555678379483735/'],['ttnn/cpp/ttnn/operations/eltwise/binary_ng/device/kernels_ng/dataflow/reader_interleaved_no_bcast.cpp'; 'ttnn/cpp/ttnn/operations/eltwise/binary_ng/device/kernels_ng/dataflow/writer_interleaved_no_bcast.cpp'],['reader_interleaved_no_bcast/1658512407459465037/'; 'writer_interleaved_no_bcast/17590832996174141580/'],3252264271911891812,True,1108,1652,2016,1348,1292,0,0,0,0,1,1,1,[],[],0.004,,,,,
BinaryNgDeviceOperation,tt_dnn_device,409600,0,blackhole,{'binary_op_type': 'BinaryOpType::MUL'; 'compute_kernel_config': 'std::nullopt'; 'dtype': 'DataType::FLOAT32'; 'input_dtype': 'DataType::FLOAT32'; 'is_quant_op': 'false'; 'is_sfpu': 'true'; 'is_where_op': 'false'; 'lhs_activations': '{}'; 'memory_config': 'MemoryConfig(memory_layout=TensorMemoryLayout::INTERLEAVED;buffer_type=BufferType::DRAM;shard_spec=std::nullopt;nd_shard_spec=std::nullopt;created_with_nd_shard_spec=0)'; 'post_activations': '{}'; 'rhs_activations': '{}'; 'scalar': '0.17677669'; 'sub_core_grids': 'std::nullopt'; 'subtile_broadcast_type': 'SubtileBroadcastType::NONE'; 'worker_grid': '{[(x=0;y=0) - (x=10;y=9)]}'},HiFi4,110,110,,98698601494,98698635096,33602,1332682030462,1332682053652,113442,113442,17178,16623,16623,,,,555,16607,10639,15288,15384,15927,,,,,,1[1],8[8],288[288],288[288],TILE,FLOAT32,DEV_1_DRAM_INTERLEAVED,,,,,,,,,,,,,,,,,,,,,,,,,,,,,,,,,,,,,,,,,,,,,,,,,,,,,,,,,,,,,,,,1[1],8[8],288[288],288[288],TILE,FLOAT32,DEV_1_DRAM_INTERLEAVED,,,,,,,,,,,,,,,,,['ttnn/cpp/ttnn/operations/eltwise/binary_ng/device/kernels/compute/eltwise_binary_sfpu_scalar.cpp'],['eltwise_binary_sfpu_scalar/3587141111786362306/'],['ttnn/cpp/ttnn/operations/eltwise/binary_ng/device/kernels/dataflow/reader_interleaved_no_bcast.cpp'; 'ttnn/cpp/ttnn/operations/eltwise/binary_ng/device/kernels/dataflow/writer_interleaved_scalar.cpp'],['reader_interleaved_no_bcast/1193013300382676517/'; 'writer_interleaved_scalar/11954420667241610979/'],15813396155379461253,True,1228,1224,2100,1348,1292,0,0,0,0,1,1,1,[],[],0.006,,,,,
TypecastDeviceOperation,tt_dnn_device,410624,0,blackhole,{'bfp8_pack_precise': 'false'; 'fp32_dest_acc_en': 'true'; 'input_dtype': 'DataType::FLOAT32'; 'output_dtype': 'DataType::BFLOAT16'; 'output_memory_config': 'MemoryConfig(memory_layout=TensorMemoryLayout::INTERLEAVED;buffer_type=BufferType::DRAM;shard_spec=std::nullopt;nd_shard_spec=std::nullopt;created_with_nd_shard_spec=0)'; 'preserve_fp32_precision': 'true'; 'sub_core_grids': 'std::nullopt'},HiFi4,110,110,,98698698172,98698736022,37850,1332682167019,1332682185076,86022,86033,13376,11325,11319,,,,574,11319,10783,10853,10970,9943,,,,,,1[1],8[8],288[288],288[288],TILE,FLOAT32,DEV_1_DRAM_INTERLEAVED,,,,,,,,,,,,,,,,,,,,,,,,,,,,,,,,,,,,,,,,,,,,,,,,,,,,,,,,,,,,,,,,1[1],8[8],288[288],288[288],TILE,BFLOAT16,DEV_1_DRAM_INTERLEAVED,,,,,,,,,,,,,,,,,['ttnn/cpp/ttnn/operations/copy/typecast/device/kernels/compute/eltwise_typecast.cpp'],['eltwise_typecast/5014317627408711170/'],['ttnn/cpp/ttnn/operations/eltwise/unary/device/kernels/dataflow/writer_unary_interleaved_start_id.cpp'; 'ttnn/cpp/ttnn/operations/eltwise/unary/device/kernels/dataflow/reader_unary_interleaved_start_id.cpp'],['writer_unary_interleaved_start_id/15487931821133672948/'; 'reader_unary_interleaved_start_id/8137388031877499190/'],4060195799957936049,True,1000,928,1400,1116,1272,0,0,0,0,1,1,1,[],[],0.009,,,,,
MatmulDeviceOperation,tt_dnn_device,411648,0,blackhole,{'bcast_batch': 'false'; 'compute_kernel_config': 'ComputeKernelConfig(math_fidelity=HiFi4;math_approx_mode=0;fp32_dest_acc_en=1;packer_l1_acc=1;dst_full_sync_en=0;throttle_level=ThrottleLevel::NO_THROTTLE)'; 'global_cb': 'std::nullopt'; 'output_dtype': 'DataType::BFLOAT16'; 'output_mem_config': 'MemoryConfig(memory_layout=TensorMemoryLayout::INTERLEAVED;buffer_type=BufferType::DRAM;shard_spec=std::nullopt;nd_shard_spec=std::nullopt;created_with_nd_shard_spec=0)'; 'output_tile': 'Tile(tile_shape={32; 32};face_shape={16; 16};num_faces=4)'; 'program_config': 'MatmulMultiCoreReuseProgramConfig(compute_with_storage_grid_size=(x=11;y=10);in0_block_w=3;out_subblock_h=3;out_subblock_w=1;per_core_M=9;per_core_N=1)'; 'sub_device_id': 'std::nullopt'; 'transpose_a': 'false'; 'transpose_b': 'true'; 'untilize_out': 'false'; 'user_core_coord': 'std::nullopt'; 'user_fused_activation': 'std::nullopt'; 'user_run_batched': 'true'},HiFi4,8,110,,98703735662,98703813185,77523,1332688952839,1332688973195,5013894,5013627,15079,14470,14467,,,,84,14456,12070,13576,13558,14003,,,,,,1[1],8[8],288[288],288[288],TILE,BFLOAT16,DEV_1_DRAM_INTERLEAVED,1[1],8[8],32[32],288[288],TILE,BFLOAT16,DEV_1_DRAM_INTERLEAVED,,,,,,,,,,,,,,,,,,,,,,,,,,,,,,,,,,,,,,,,,,,,,,,,,,,,,,,,,1[1],8[8],288[288],32[32],TILE,BFLOAT16,DEV_1_DRAM_INTERLEAVED,,,,,,,,,,,,,,,,,['ttnn/cpp/ttnn/operations/matmul/device/kernels/compute/bmm_large_block_zm_fused_bias_activation.cpp'],['bmm_large_block_zm_fused_bias_activation/15923273047020816292/'],['ttnn/cpp/ttnn/operations/matmul/device/kernels/dataflow/reader_writer_bmm_tile_layout_in1.cpp'; 'ttnn/cpp/ttnn/operations/matmul/device/kernels/dataflow/reader_bmm_tile_layout_in0.cpp'],['reader_writer_bmm_tile_layout_in1/16101434431888271764/'; 'reader_bmm_tile_layout_in0/13998510900049716899/'],3888436816101377139,False,1084,800,2256,1940,2352,0,0,0,0,2413,280,2413,[549.98095703125; 61.10899353027344],[61.10899353027344],1.935,,,,,
MatmulDeviceOperation,tt_dnn_device,412672,0,blackhole,{'bcast_batch': 'false'; 'compute_kernel_config': 'ComputeKernelConfig(math_fidelity=HiFi4;math_approx_mode=0;fp32_dest_acc_en=1;packer_l1_acc=1;dst_full_sync_en=0;throttle_level=ThrottleLevel::NO_THROTTLE)'; 'global_cb': 'std::nullopt'; 'output_dtype': 'DataType::BFLOAT16'; 'output_mem_config': 'MemoryConfig(memory_layout=TensorMemoryLayout::INTERLEAVED;buffer_type=BufferType::DRAM;shard_spec=std::nullopt;nd_shard_spec=std::nullopt;created_with_nd_shard_spec=0)'; 'output_tile': 'Tile(tile_shape={32; 32};face_shape={16; 16};num_faces=4)'; 'program_config': 'MatmulMultiCoreReuseProgramConfig(compute_with_storage_grid_size=(x=11;y=10);in0_block_w=3;out_subblock_h=1;out_subblock_w=3;per_core_M=1;per_core_N=9)'; 'sub_device_id': 'std::nullopt'; 'transpose_a': 'true'; 'transpose_b': 'false'; 'untilize_out': 'false'; 'user_core_coord': 'std::nullopt'; 'user_fused_activation': 'std::nullopt'; 'user_run_batched': 'true'},HiFi4,8,110,,98708724632,98708792988,68356,1332695688607,1332695702491,4974919,4974919,10284,9668,9668,,,,107,9630,2073,8500,8460,8917,,,,,,1[1],8[8],288[288],32[32],TILE,BFLOAT16,DEV_1_DRAM_INTERLEAVED,1[1],8[8],288[288],288[288],TILE,BFLOAT16,DEV_1_DRAM_INTERLEAVED,,,,,,,,,,,,,,,,,,,,,,,,,,,,,,,,,,,,,,,,,,,,,,,,,,,,,,,,,1[1],8[8],32[32],288[288],TILE,BFLOAT16,DEV_1_DRAM_INTERLEAVED,,,,,,,,,,,,,,,,,['ttnn/cpp/ttnn/operations/matmul/device/kernels/compute/bmm_large_block_zm_fused_bias_activation.cpp'],['bmm_large_block_zm_fused_bias_activation/11197632308700902991/'],['ttnn/cpp/ttnn/operations/matmul/device/kernels/dataflow/reader_writer_bmm_tile_layout_in1.cpp'; 'ttnn/cpp/ttnn/operations/matmul/device/kernels/dataflow/reader_bmm_tile_layout_in0.cpp'],['reader_writer_bmm_tile_layout_in1/10361319516426643118/'; 'reader_bmm_tile_layout_in0/9405139548822318921/'],17370991085061612004,False,1196,748,2812,2312,3300,0,0,0,0,2413,32,2413,[61.10899353027344; 549.98095703125],[61.10899353027344],0.331,,,,,
NLPConcatHeadsDeviceOperation,tt_dnn_device,413696,0,blackhole,{'output_mem_config': 'MemoryConfig(memory_layout=TensorMemoryLayout::INTERLEAVED;buffer_type=BufferType::DRAM;shard_spec=std::nullopt;nd_shard_spec=std::nullopt;created_with_nd_shard_spec=0)'},,9,110,,98708883265,98708917328,34063,1332695902762,1332695908955,148947,148947,4587,3985,3985,,,,81,3985,3692,,,,,,,,,1[1],8[8],288[288],32[32],TILE,BFLOAT16,DEV_1_DRAM_INTERLEAVED,,,,,,,,,,,,,,,,,,,,,,,,,,,,,,,,,,,,,,,,,,,,,,,,,,,,,,,,,,,,,,,,1[1],1[1],288[288],256[256],TILE,BFLOAT16,DEV_1_DRAM_INTERLEAVED,,,,,,,,,,,,,,,,,[],[],['ttnn/cpp/ttnn/operations/eltwise/unary/device/kernels/dataflow/writer_unary_interleaved_start_id.cpp'; 'ttnn/cpp/ttnn/operations/experimental/transformer/nlp_concat_heads/device/kernels/dataflow/reader_tm_tile_layout_nlp_concat_heads.cpp'],['writer_unary_interleaved_start_id/9607551389675776825/'; 'reader_tm_tile_layout_nlp_concat_heads/1909738144826727770/'],9204059146385914614,True,1000,1016,0,0,0,0,0,0,0,1,1,1,[],[],0.025,,,,,
TransposeDeviceOperation,tt_dnn_device,414720,0,blackhole,{'dim': 'TransposeOpDim::WH'; 'output_mem_config': 'MemoryConfig(memory_layout=TensorMemoryLayout::INTERLEAVED;buffer_type=BufferType::DRAM;shard_spec=std::nullopt;nd_shard_spec=std::nullopt;created_with_nd_shard_spec=0)'; 'pad_value': '0'},HiFi4,110,110,,98708989662,98709034254,44592,1332696052585,1332696055732,106934,106980,2331,1761,1761,,,,607,1694,1273,1268,635,740,,,,,,1[1],8[8],32[32],288[288],TILE,BFLOAT16,DEV_1_DRAM_INTERLEAVED,,,,,,,,,,,,,,,,,,,,,,,,,,,,,,,,,,,,,,,,,,,,,,,,,,,,,,,,,,,,,,,,1[1],8[8],288[288],32[32],TILE,BFLOAT16,DEV_1_DRAM_INTERLEAVED,,,,,,,,,,,,,,,,,['ttnn/cpp/ttnn/operations/data_movement/transpose/device/kernels/compute/transpose_wh.cpp'],['transpose_wh/14581025993053660267/'],['ttnn/cpp/ttnn/operations/eltwise/unary/device/kernels/dataflow/writer_unary_interleaved_start_id.cpp'; 'ttnn/cpp/ttnn/operations/data_movement/transpose/device/kernels/dataflow/reader_unary_transpose_wh_interleaved_start_id.cpp'],['writer_unary_interleaved_start_id/6276820466797607771/'; 'reader_unary_transpose_wh_interleaved_start_id/890651917070584162/'],16461604711959819789,True,1000,1012,1140,648,1296,0,0,0,0,1281,1281,268,[115.11006927490234],[115.11006927490234],72.743,,,,,
NLPConcatHeadsDeviceOperation,tt_dnn_device,415744,0,blackhole,{'output_mem_config': 'MemoryConfig(memory_layout=TensorMemoryLayout::INTERLEAVED;buffer_type=BufferType::DRAM;shard_spec=std::nullopt;nd_shard_spec=std::nullopt;created_with_nd_shard_spec=0)'},,9,110,,98709072896,98709092432,19536,1332696159246,1332696165382,77273,77273,4545,3948,3948,,,,74,3948,3715,,,,,,,,,1[1],8[8],288[288],32[32],TILE,BFLOAT16,DEV_1_DRAM_INTERLEAVED,,,,,,,,,,,,,,,,,,,,,,,,,,,,,,,,,,,,,,,,,,,,,,,,,,,,,,,,,,,,,,,,1[1],1[1],288[288],256[256],TILE,BFLOAT16,DEV_1_DRAM_INTERLEAVED,,,,,,,,,,,,,,,,,[],[],['ttnn/cpp/ttnn/operations/eltwise/unary/device/kernels/dataflow/writer_unary_interleaved_start_id.cpp'; 'ttnn/cpp/ttnn/operations/experimental/transformer/nlp_concat_heads/device/kernels/dataflow/reader_tm_tile_layout_nlp_concat_heads.cpp'],['writer_unary_interleaved_start_id/9607551389675776825/'; 'reader_tm_tile_layout_nlp_concat_heads/1909738144826727770/'],9204059146385914614,True,1000,1016,0,0,0,0,0,0,0,1,1,1,[],[],0.025,,,,,
BinaryNgDeviceOperation,tt_dnn_device,416768,0,blackhole,{'binary_op_type': 'BinaryOpType::MUL'; 'compute_kernel_config': 'std::nullopt'; 'dtype': 'DataType::FLOAT32'; 'input_dtype': 'DataType::FLOAT32'; 'is_quant_op': 'false'; 'is_sfpu': 'true'; 'is_where_op': 'false'; 'lhs_activations': '{}'; 'memory_config': 'MemoryConfig(memory_layout=TensorMemoryLayout::INTERLEAVED;buffer_type=BufferType::DRAM;shard_spec=std::nullopt;nd_shard_spec=std::nullopt;created_with_nd_shard_spec=0)'; 'post_activations': '{}'; 'rhs_activations': '{}'; 'scalar': '1'; 'sub_core_grids': 'std::nullopt'; 'subtile_broadcast_type': 'SubtileBroadcastType::NONE'; 'worker_grid': '{[(x=0;y=0) - (x=10;y=9)]}'},HiFi4,110,110,,98709140611,98709182489,41878,1332696258795,1332696282803,69740,69740,17784,17235,17235,,,,556,17179,11265,15933,16017,16533,,,,,,1[1],8[8],288[288],288[288],TILE,FLOAT32,DEV_1_DRAM_INTERLEAVED,,,,,,,,,,,,,,,,,,,,,,,,,,,,,,,,,,,,,,,,,,,,,,,,,,,,,,,,,,,,,,,,1[1],8[8],288[288],288[288],TILE,FLOAT32,DEV_1_DRAM_INTERLEAVED,,,,,,,,,,,,,,,,,['ttnn/cpp/ttnn/operations/eltwise/binary_ng/device/kernels/compute/eltwise_binary_sfpu_scalar.cpp'],['eltwise_binary_sfpu_scalar/3587141111786362306/'],['ttnn/cpp/ttnn/operations/eltwise/binary_ng/device/kernels/dataflow/reader_interleaved_no_bcast.cpp'; 'ttnn/cpp/ttnn/operations/eltwise/binary_ng/device/kernels/dataflow/writer_interleaved_scalar.cpp'],['reader_interleaved_no_bcast/1193013300382676517/'; 'writer_interleaved_scalar/11954420667241610979/'],15813396155379461253,True,1228,1224,2100,1348,1292,0,0,0,0,1,1,1,[],[],0.006,,,,,
TypecastDeviceOperation,tt_dnn_device,417792,0,blackhole,{'bfp8_pack_precise': 'false'; 'fp32_dest_acc_en': 'true'; 'input_dtype': 'DataType::FLOAT32'; 'output_dtype': 'DataType::BFLOAT16'; 'output_memory_config': 'MemoryConfig(memory_layout=TensorMemoryLayout::INTERLEAVED;buffer_type=BufferType::DRAM;shard_spec=std::nullopt;nd_shard_spec=std::nullopt;created_with_nd_shard_spec=0)'; 'preserve_fp32_precision': 'true'; 'sub_core_grids': 'std::nullopt'},HiFi4,110,110,,98709219768,98709254682,34914,1332696371689,1332696390089,67885,67895,13630,11572,11559,,,,582,11559,11033,11111,11227,9908,,,,,,1[1],8[8],288[288],288[288],TILE,FLOAT32,DEV_1_DRAM_INTERLEAVED,,,,,,,,,,,,,,,,,,,,,,,,,,,,,,,,,,,,,,,,,,,,,,,,,,,,,,,,,,,,,,,,1[1],8[8],288[288],288[288],TILE,BFLOAT16,DEV_1_DRAM_INTERLEAVED,,,,,,,,,,,,,,,,,['ttnn/cpp/ttnn/operations/copy/typecast/device/kernels/compute/eltwise_typecast.cpp'],['eltwise_typecast/5014317627408711170/'],['ttnn/cpp/ttnn/operations/eltwise/unary/device/kernels/dataflow/writer_unary_interleaved_start_id.cpp'; 'ttnn/cpp/ttnn/operations/eltwise/unary/device/kernels/dataflow/reader_unary_interleaved_start_id.cpp'],['writer_unary_interleaved_start_id/15487931821133672948/'; 'reader_unary_interleaved_start_id/8137388031877499190/'],4060195799957936049,True,1000,928,1400,1116,1272,0,0,0,0,1,1,1,[],[],0.009,,,,,
PermuteDeviceOperation,tt_dnn_device,418816,0,blackhole,{'dims': '{0; 2; 3; 1}'; 'output_mem_config': 'MemoryConfig(memory_layout=TensorMemoryLayout::INTERLEAVED;buffer_type=BufferType::DRAM;shard_spec=std::nullopt;nd_shard_spec=std::nullopt;created_with_nd_shard_spec=0)'; 'pad_value': '0'},HiFi4,110,110,,98712494436,98712545110,50674,1332700785156,1332701162342,3256150,3256163,279397,278864,278857,,,,562,278829,276134,276310,276260,276713,,,,,,1[1],8[8],288[288],288[288],TILE,BFLOAT16,DEV_1_DRAM_INTERLEAVED,,,,,,,,,,,,,,,,,,,,,,,,,,,,,,,,,,,,,,,,,,,,,,,,,,,,,,,,,,,,,,,,1[1],288[288],288[288],32[8],TILE,BFLOAT16,DEV_1_DRAM_INTERLEAVED,,,,,,,,,,,,,,,,,['ttnn/cpp/ttnn/operations/data_movement/permute/device/kernels/compute/transpose_xw_tiled.cpp'],['transpose_xw_tiled/3700826860125243985/'],['ttnn/cpp/ttnn/operations/data_movement/permute/device/kernels/dataflow/writer_permute_interleaved_tiled_generic.cpp'; 'ttnn/cpp/ttnn/operations/data_movement/permute/device/kernels/dataflow/reader_permute_interleaved_tiled_generic.cpp'],['writer_permute_interleaved_tiled_generic/754230794385754289/'; 'reader_permute_interleaved_tiled_generic/5155413502768121676/'],6020671791565931647,False,1172,1236,1764,1080,2748,0,0,0,0,20388,20388,9655,[65.0924072265625],[260.36962890625],7.311,,,,,
MatmulDeviceOperation,tt_dnn_device,419840,0,blackhole,{'bcast_batch': 'true'; 'compute_kernel_config': 'ComputeKernelConfig(math_fidelity=HiFi4;math_approx_mode=0;fp32_dest_acc_en=1;packer_l1_acc=1;dst_full_sync_en=0;throttle_level=ThrottleLevel::NO_THROTTLE)'; 'global_cb': 'std::nullopt'; 'output_dtype': 'DataType::BFLOAT16'; 'output_mem_config': 'MemoryConfig(memory_layout=TensorMemoryLayout::INTERLEAVED;buffer_type=BufferType::DRAM;shard_spec=std::nullopt;nd_shard_spec=std::nullopt;created_with_nd_shard_spec=0)'; 'output_tile': 'Tile(tile_shape={32; 32};face_shape={16; 16};num_faces=4)'; 'program_config': 'MatmulMultiCoreReuseMultiCast1DProgramConfig(compute_with_storage_grid_size=(x=11;y=10);in0_block_w=1;out_subblock_h=2;out_subblock_w=2;out_block_h=24;out_block_w=4;per_core_M=24;per_core_N=4;fuse_batch=0;fused_activation=std::nullopt;mcast_in0=0;gather_in0=0;hop_cores={};num_global_cb_receivers=0;untilize_out=0)'; 'sub_device_id': 'std::nullopt'; 'transpose_a': 'false'; 'transpose_b': 'true'; 'untilize_out': 'false'; 'user_core_coord': 'std::nullopt'; 'user_fused_activation': 'std::nullopt'; 'user_run_batched': 'false'},HiFi4,108,110,,98715424056,98715489016,64960,1332704744054,1332705007179,2654714,2654719,194907,193301,193299,,,,641,193299,70820,75292,75467,75949,,,,,,1[1],1[1],82944[82944],32[8],TILE,BFLOAT16,DEV_1_DRAM_INTERLEAVED,1[1],1[1],128[128],32[8],TILE,BFLOAT16,DEV_1_DRAM_INTERLEAVED,,,,,,,,,,,,,,,,,,,,,,,,,,,,,,,,,,,,,,,,,,,,,,,,,,,,,,,,,1[1],1[1],82944[82944],128[128],TILE,BFLOAT16,DEV_1_DRAM_INTERLEAVED,,,,,,,,,,,,,,,,,['ttnn/cpp/ttnn/operations/matmul/device/kernels/compute/bmm_large_block_zm_fused_bias_activation.cpp'],['bmm_large_block_zm_fused_bias_activation/12403807181074774487/'],['ttnn/cpp/ttnn/operations/matmul/device/kernels/dataflow/reader_bmm_tile_layout_in1_receiver_writer_padding.cpp'; 'ttnn/cpp/ttnn/operations/matmul/device/kernels/dataflow/reader_bmm_tile_layout_in1_sender_writer_padding.cpp'; 'ttnn/cpp/ttnn/operations/matmul/device/kernels/dataflow/reader_bmm_tile_layout_in0_sender_padding.cpp'],['reader_bmm_tile_layout_in1_receiver_writer_padding/4816666628977820460/'; 'reader_bmm_tile_layout_in1_sender_writer_padding/15014427916231959280/'; 'reader_bmm_tile_layout_in0_sender_padding/16796949441573500121/'],5349242496453136325,False,1888,904,1432,1508,1864,0,0,0,0,38623,1118,38623,[137.44183349609375; 0.21210159361362457],[549.767333984375],0.578,,,,,
GenericOpDeviceOperation,tt_dnn_device,420864,0,blackhole,{'num_mesh_programs': '1'},HiFi4,110,110,,98715678937,98715719152,40215,1332705083546,1332705326856,57128,57258,180230,179673,179543,,,,868,179461,164136,178923,179068,178844,,,,,,1[1],288[288],288[288],128[128],TILE,BFLOAT16,DEV_1_DRAM_INTERLEAVED,1[1],288[288],288[288],128[128],TILE,BFLOAT16,DEV_1_DRAM_INTERLEAVED,1[1],1[1],32[1],128[128],TILE,BFLOAT16,DEV_1_DRAM_INTERLEAVED,1[1],288[288],288[288],128[128],TILE,BFLOAT16,DEV_1_DRAM_INTERLEAVED,1[1],288[288],288[288],128[128],TILE,BFLOAT16,DEV_1_DRAM_INTERLEAVED,,,,,,,,,,,,,,,,,,,,,,,,,,,,,,,,,,,,1[1],288[288],288[288],128[128],TILE,BFLOAT16,DEV_1_DRAM_INTERLEAVED,,,,,,,,,,,,,,,,,['/home/ttuser/.coworker/wt/bcp-evo/tt_bio/kernels/lnbw/compute_lnbw.cpp'],['compute_lnbw/7523916731524505336/'],['/home/ttuser/.coworker/wt/bcp-evo/tt_bio/kernels/lnbw/writer_lnbw.cpp'; '/home/ttuser/.coworker/wt/bcp-evo/tt_bio/kernels/lnbw/reader_lnbw.cpp'],['writer_lnbw/8051665203697858371/'; 'reader_lnbw/8486842166353870432/'],895543367223761992,True,764,2236,7708,7544,10412,0,0,0,0,1,1,1,[],[],0.001,,,,,
NLPConcatHeadsDeviceOperation,tt_dnn_device,421888,0,blackhole,{'output_mem_config': 'MemoryConfig(memory_layout=TensorMemoryLayout::INTERLEAVED;buffer_type=BufferType::DRAM;shard_spec=std::nullopt;nd_shard_spec=std::nullopt;created_with_nd_shard_spec=0)'},,9,110,,98715793840,98715824286,30446,1332705303759,1332705333791,618,618,22246,4522,4522,,,,969,4521,4255,,,,,,,,,1[1],8[8],288[288],32[32],TILE,BFLOAT16,DEV_1_DRAM_INTERLEAVED,,,,,,,,,,,,,,,,,,,,,,,,,,,,,,,,,,,,,,,,,,,,,,,,,,,,,,,,,,,,,,,,1[1],1[1],288[288],256[256],TILE,BFLOAT16,DEV_1_DRAM_INTERLEAVED,,,,,,,,,,,,,,,,,[],[],['ttnn/cpp/ttnn/operations/eltwise/unary/device/kernels/dataflow/writer_unary_interleaved_start_id.cpp'; 'ttnn/cpp/ttnn/operations/experimental/transformer/nlp_concat_heads/device/kernels/dataflow/reader_tm_tile_layout_nlp_concat_heads.cpp'],['writer_unary_interleaved_start_id/9607551389675776825/'; 'reader_tm_tile_layout_nlp_concat_heads/1909738144826727770/'],9204059146385914614,True,1000,1016,0,0,0,0,0,0,0,1,1,1,[],[],0.022,,,,,
ConcatDeviceOperation,tt_dnn_device,422912,0,blackhole,{'dim': '3'; 'groups': '1'; 'output_mem_config': 'MemoryConfig(memory_layout=TensorMemoryLayout::INTERLEAVED;buffer_type=BufferType::DRAM;shard_spec=std::nullopt;nd_shard_spec=std::nullopt;created_with_nd_shard_spec=0)'; 'sub_core_grids': 'std::nullopt'},,110,110,,98716153074,98716197587,44513,1332705729886,1332705735104,293969,293969,3865,3318,3318,,,,547,3316,2990,,,,,,,,,1[1],1[1],288[288],256[256],TILE,BFLOAT16,DEV_1_DRAM_INTERLEAVED,1[1],1[1],288[288],256[256],TILE,BFLOAT16,DEV_1_DRAM_INTERLEAVED,1[1],1[1],288[288],256[256],TILE,BFLOAT16,DEV_1_DRAM_INTERLEAVED,,,,,,,,,,,,,,,,,,,,,,,,,,,,,,,,,,,,,,,,,,,,,,,,,,1[1],1[1],288[288],768[768],TILE,BFLOAT16,DEV_1_DRAM_INTERLEAVED,,,,,,,,,,,,,,,,,[],[],['ttnn/cpp/ttnn/operations/eltwise/unary/device/kernels/dataflow/writer_unary_interleaved_start_id.cpp'; 'ttnn/cpp/ttnn/operations/data_movement/concat/device/kernels/dataflow/reader_concat_interleaved_start_id.cpp'],['writer_unary_interleaved_start_id/9607551389675776825/'; 'reader_concat_interleaved_start_id/14011537912641755161/'],1985852818362346826,False,1000,1028,0,0,0,0,0,0,0,804,1,804,[183.40298461914062; 183.40298461914062; 183.40298461914062],[550.208984375],0.03,,,,,
MatmulDeviceOperation,tt_dnn_device,423936,0,blackhole,{'bcast_batch': 'true'; 'compute_kernel_config': 'ComputeKernelConfig(math_fidelity=HiFi4;math_approx_mode=0;fp32_dest_acc_en=1;packer_l1_acc=1;dst_full_sync_en=0;throttle_level=ThrottleLevel::NO_THROTTLE)'; 'global_cb': 'std::nullopt'; 'output_dtype': 'DataType::BFLOAT16'; 'output_mem_config': 'MemoryConfig(memory_layout=TensorMemoryLayout::INTERLEAVED;buffer_type=BufferType::DRAM;shard_spec=std::nullopt;nd_shard_spec=std::nullopt;created_with_nd_shard_spec=0)'; 'output_tile': 'Tile(tile_shape={32; 32};face_shape={16; 16};num_faces=4)'; 'program_config': 'MatmulMultiCoreReuseMultiCast1DProgramConfig(compute_with_storage_grid_size=(x=11;y=10);in0_block_w=2;out_subblock_h=1;out_subblock_w=4;out_block_h=1;out_block_w=8;per_core_M=1;per_core_N=8;fuse_batch=0;fused_activation=std::nullopt;mcast_in0=0;gather_in0=0;hop_cores={};num_global_cb_receivers=0;untilize_out=0)'; 'sub_device_id': 'std::nullopt'; 'transpose_a': 'false'; 'transpose_b': 'true'; 'untilize_out': 'false'; 'user_core_coord': 'std::nullopt'; 'user_fused_activation': 'std::nullopt'; 'user_run_batched': 'false'},HiFi4,9,110,,98716294436,98716351672,57236,1332705911489,1332705943440,131227,131323,23667,23092,22994,,,,554,22906,18155,20484,20650,20946,,,,,,1[1],1[1],288[288],768[768],TILE,BFLOAT16,DEV_1_DRAM_INTERLEAVED,1[1],1[1],256[256],768[768],TILE,BFLOAT16,DEV_1_DRAM_INTERLEAVED,,,,,,,,,,,,,,,,,,,,,,,,,,,,,,,,,,,,,,,,,,,,,,,,,,,,,,,,,1[1],1[1],288[288],256[256],TILE,BFLOAT16,DEV_1_DRAM_INTERLEAVED,,,,,,,,,,,,,,,,,['ttnn/cpp/ttnn/operations/matmul/device/kernels/compute/bmm_large_block_zm_fused_bias_activation.cpp'],['bmm_large_block_zm_fused_bias_activation/2286946594852536290/'],['ttnn/cpp/ttnn/operations/matmul/device/kernels/dataflow/reader_bmm_tile_layout_in1_receiver_writer_padding.cpp'; 'ttnn/cpp/ttnn/operations/matmul/device/kernels/dataflow/reader_bmm_tile_layout_in1_sender_writer_padding.cpp'; 'ttnn/cpp/ttnn/operations/matmul/device/kernels/dataflow/reader_bmm_tile_layout_in0_sender_padding.cpp'],['reader_bmm_tile_layout_in1_receiver_writer_padding/16359546352991987240/'; 'reader_bmm_tile_layout_in1_sender_writer_padding/6694614555187315709/'; 'reader_bmm_tile_layout_in0_sender_padding/11781439013745131380/'],5729168373541275629,True,2104,728,2240,1976,2580,0,0,0,0,804,746,804,[550.208984375; 489.0746154785156],[183.40298461914062],3.231,,,,,
MatmulDeviceOperation,tt_dnn_device,424960,0,blackhole,{'bcast_batch': 'true'; 'compute_kernel_config': 'ComputeKernelConfig(math_fidelity=HiFi4;math_approx_mode=0;fp32_dest_acc_en=1;packer_l1_acc=1;dst_full_sync_en=0;throttle_level=ThrottleLevel::NO_THROTTLE)'; 'global_cb': 'std::nullopt'; 'output_dtype': 'DataType::BFLOAT16'; 'output_mem_config': 'MemoryConfig(memory_layout=TensorMemoryLayout::INTERLEAVED;buffer_type=BufferType::DRAM;shard_spec=std::nullopt;nd_shard_spec=std::nullopt;created_with_nd_shard_spec=0)'; 'output_tile': 'Tile(tile_shape={32; 32};face_shape={16; 16};num_faces=4)'; 'program_config': 'MatmulMultiCoreReuseMultiCast1DProgramConfig(compute_with_storage_grid_size=(x=11;y=10);in0_block_w=2;out_subblock_h=1;out_subblock_w=4;out_block_h=1;out_block_w=8;per_core_M=1;per_core_N=8;fuse_batch=0;fused_activation=std::nullopt;mcast_in0=0;gather_in0=0;hop_cores={};num_global_cb_receivers=0;untilize_out=0)'; 'sub_device_id': 'std::nullopt'; 'transpose_a': 'false'; 'transpose_b': 'true'; 'untilize_out': 'false'; 'user_core_coord': 'std::nullopt'; 'user_fused_activation': 'std::nullopt'; 'user_run_batched': 'false'},HiFi4,9,110,,98716412334,98716454151,41817,1332706070932,1332706085623,95010,95117,10882,10307,10202,,,,521,10121,5313,7710,7864,8159,,,,,,1[1],1[1],288[288],256[256],TILE,BFLOAT16,DEV_1_DRAM_INTERLEAVED,1[1],1[1],256[256],256[256],TILE,BFLOAT16,DEV_1_DRAM_INTERLEAVED,,,,,,,,,,,,,,,,,,,,,,,,,,,,,,,,,,,,,,,,,,,,,,,,,,,,,,,,,1[1],1[1],288[288],256[256],TILE,BFLOAT16,DEV_1_DRAM_INTERLEAVED,,,,,,,,,,,,,,,,,['ttnn/cpp/ttnn/operations/matmul/device/kernels/compute/bmm_large_block_zm_fused_bias_activation.cpp'],['bmm_large_block_zm_fused_bias_activation/10560588865599254586/'],['ttnn/cpp/ttnn/operations/matmul/device/kernels/dataflow/reader_bmm_tile_layout_in1_receiver_writer_padding.cpp'; 'ttnn/cpp/ttnn/operations/matmul/device/kernels/dataflow/reader_bmm_tile_layout_in1_sender_writer_padding.cpp'; 'ttnn/cpp/ttnn/operations/matmul/device/kernels/dataflow/reader_bmm_tile_layout_in0_sender_padding.cpp'],['reader_bmm_tile_layout_in1_receiver_writer_padding/6256039447678154272/'; 'reader_bmm_tile_layout_in1_sender_writer_padding/3884429638124265397/'; 'reader_bmm_tile_layout_in0_sender_padding/9820741442600851932/'],5729168373540146701,True,2136,752,2236,1976,2544,0,0,0,0,268,249,268,[550.208984375; 489.0746154785156],[550.208984375],2.416,,,,,
GenericOpDeviceOperation,tt_dnn_device,425984,0,blackhole,{'num_mesh_programs': '1'},HiFi4,72,110,,98716562261,98716600332,38071,1332706276686,1332706281636,142475,142502,3667,2707,2706,,,,565,2706,1664,1837,2339,803,,,,,,1[1],1[1],288[288],256[256],TILE,BFLOAT16,DEV_1_DRAM_INTERLEAVED,1[1],1[1],288[288],256[256],TILE,BFLOAT16,DEV_1_DRAM_INTERLEAVED,1[1],1[1],288[288],256[256],TILE,BFLOAT16,DEV_1_DRAM_INTERLEAVED,1[1],1[1],288[288],256[256],TILE,BFLOAT16,DEV_1_DRAM_INTERLEAVED,,,,,,,,,,,,,,,,,,,,,,,,,,,,,,,,,,,,,,,,,,,1[1],1[1],288[288],256[256],TILE,BFLOAT16,DEV_1_DRAM_INTERLEAVED,,,,,,,,,,,,,,,,,['/home/ttuser/.coworker/wt/bcp-evo/tt_bio/kernels/rne_add/compute_rne_add.cpp'],['compute_rne_add/15506775982570106819/'],['/home/ttuser/.coworker/wt/bcp-evo/tt_bio/kernels/rne_add/writer_rne_add.cpp'; '/home/ttuser/.coworker/wt/bcp-evo/tt_bio/kernels/rne_add/reader_rne_add.cpp'],['writer_rne_add/11689109000663956392/'; 'reader_rne_add/5462348467134491698/'],11998302437493887239,True,768,1412,1604,1376,1432,0,0,0,0,1,1,1,[],[],0.037,,,,,
GenericOpDeviceOperation,tt_dnn_device,427008,0,blackhole,{'num_mesh_programs': '1'},HiFi4,9,110,,98716692011,98716723991,31980,1332706447315,1332706473678,123322,123408,19528,18924,18839,,,,357,18776,7138,17588,17781,17620,,,,,,1[1],1[1],288[288],256[256],TILE,BFLOAT16,DEV_1_DRAM_INTERLEAVED,1[1],1[1],288[288],256[256],TILE,BFLOAT16,DEV_1_DRAM_INTERLEAVED,1[1],1[1],32[1],256[256],TILE,BFLOAT16,DEV_1_DRAM_INTERLEAVED,1[1],1[1],288[288],256[256],TILE,BFLOAT16,DEV_1_DRAM_INTERLEAVED,1[1],1[1],288[288],256[256],TILE,BFLOAT16,DEV_1_DRAM_INTERLEAVED,,,,,,,,,,,,,,,,,,,,,,,,,,,,,,,,,,,,1[1],1[1],288[288],256[256],TILE,BFLOAT16,DEV_1_DRAM_INTERLEAVED,,,,,,,,,,,,,,,,,['/home/ttuser/.coworker/wt/bcp-evo/tt_bio/kernels/lnbw/compute_lnbw.cpp'],['compute_lnbw/2414198757789453252/'],['/home/ttuser/.coworker/wt/bcp-evo/tt_bio/kernels/lnbw/writer_lnbw.cpp'; '/home/ttuser/.coworker/wt/bcp-evo/tt_bio/kernels/lnbw/reader_lnbw.cpp'],['writer_lnbw/2864312284307755311/'; 'reader_lnbw/179600140981458844/'],11226655930517690592,True,776,2204,7732,6568,7912,0,0,0,0,1,1,1,[],[],0.005,,,,,
GenericOpDeviceOperation,tt_dnn_device,428032,0,blackhole,{'num_mesh_programs': '1'},HiFi4,110,110,,98716852388,98716880600,28212,1332706668279,1332706949863,144694,144705,208581,208043,208033,,,,613,207919,207060,207222,207498,207004,,,,,,1[1],288[288],288[288],128[128],TILE,BFLOAT16,DEV_1_DRAM_INTERLEAVED,1[1],288[288],288[288],128[128],TILE,BFLOAT16,DEV_1_DRAM_INTERLEAVED,1[1],288[288],288[288],128[128],TILE,FLOAT32,DEV_1_DRAM_INTERLEAVED,1[1],288[288],288[288],128[128],TILE,FLOAT32,DEV_1_DRAM_INTERLEAVED,,,,,,,,,,,,,,,,,,,,,,,,,,,,,,,,,,,,,,,,,,,1[1],288[288],288[288],128[128],TILE,FLOAT32,DEV_1_DRAM_INTERLEAVED,,,,,,,,,,,,,,,,,['/home/ttuser/.coworker/wt/bcp-evo/tt_bio/kernels/rne_add/compute_rne_add.cpp'],['compute_rne_add/2992878184498688995/'],['/home/ttuser/.coworker/wt/bcp-evo/tt_bio/kernels/rne_add/writer_rne_add.cpp'; '/home/ttuser/.coworker/wt/bcp-evo/tt_bio/kernels/rne_add/reader_rne_add.cpp'],['writer_rne_add/1960461789912003921/'; 'reader_rne_add/9080596772748175215/'],17508131030540209524,True,756,1412,1604,1212,1428,0,0,0,0,1,1,1,[],[],0.0,,,,,
GenericOpDeviceOperation,tt_dnn_device,429056,0,blackhole,{'num_mesh_programs': '1'},HiFi4,72,110,,98730780445,98730844684,64239,1332725467620,1332725472708,13719242,13715464,3769,2824,2821,,,,559,2818,1693,1861,1906,792,,,,,,1[1],1[1],288[288],256[256],TILE,BFLOAT16,DEV_1_DRAM_INTERLEAVED,1[1],1[1],288[288],256[256],TILE,BFLOAT16,DEV_1_DRAM_INTERLEAVED,1[1],1[1],288[288],256[256],TILE,FLOAT32,DEV_1_DRAM_INTERLEAVED,1[1],1[1],288[288],256[256],TILE,FLOAT32,DEV_1_DRAM_INTERLEAVED,,,,,,,,,,,,,,,,,,,,,,,,,,,,,,,,,,,,,,,,,,,1[1],1[1],288[288],256[256],TILE,FLOAT32,DEV_1_DRAM_INTERLEAVED,,,,,,,,,,,,,,,,,['/home/ttuser/.coworker/wt/bcp-evo/tt_bio/kernels/rne_add/compute_rne_add.cpp'],['compute_rne_add/2992878184498688995/'],['/home/ttuser/.coworker/wt/bcp-evo/tt_bio/kernels/rne_add/writer_rne_add.cpp'; '/home/ttuser/.coworker/wt/bcp-evo/tt_bio/kernels/rne_add/reader_rne_add.cpp'],['writer_rne_add/1960461789912003921/'; 'reader_rne_add/9080596772748175215/'],8700201667667314388,False,756,1412,1604,1212,1428,0,0,0,0,1,1,1,[],[],0.035,,,,,
