key,sequence
-1,LSDEDFKAVFGMTRSAFANLPLWKQQNLKKEKGLF
-1,LSDDEFQTVFGMTKEAFYKLPKWKQDLLKKKVDLF
-1,LSDEEFQAVFGMEKEAFYKLPKWKQDMLKKKVDLF
-1,LSDEEFQAVFGMEKEAFYKLPKWKQDMLKKKVDLF
-1,LSDEDFEKVFKMSRIEFYALPKWKQTNLKKEAKLF
-1,LSDEEFQAVFGMEKEAFYKLPKWKQDMLKKKVDLF
-1,LSDEEFETVFGMTKEAFYKLPKWKQDMQKKKVYLF
-1,LSDEDFKAVFGMTRSAFANLPLWKQQNLKKEKGLF
-1,LSDNEFQTVFGMEKEAFYKLPKWKQDLKKKKVGLF
-1,LSDEDFKAVFGMTRSAFANLPLWKQQNLKKEKGLF
-1,LDEHDFQEAFGMTKEEFAALPPWKQTNMKKEVGLF
-1,LSPADFLEAFGMTKEEFSVLPAWKQTNMKKDVGLF
-1,LSDEEFEEILHMTKEEFYSLPKWKQSDLKKPAGLF
-1,LADEEFETIFGMTREAFYKLPKWKQDSKKKEVDLF
-1,LSDEEFEAILGMPKEAFYKLPKWKQDQLKKKVDLF
-1,LSDEEFQTVFGMVKEDFYKLPRWKQEMLKKKLELF
-1,LSDIDFREAFGMTKEDFSALPAWKQTNMKKDVGLF
-1,LTDGDFQEAFGMTKEEFAGLPAWKQTNLKKDIGLF
-1,LSPEEFQEVFGMTIKEFDKLPQWKRTDLKKKACLF
-1,LSEDEFQTIFGMTKEDFYKLPKWKQDMQKKKSDLF
-1,LSETDFQEAFGMTKEDFSALPAWKQTNLKKDIGLF
-1,LAPHDFQEAFGMTKEEFSALPAWKQTSLKKDVGLF
-1,LSDEEFQKVLEMSKEEFYQLPPWKQNNLKKDHVLF
-1,LSSPDFLEAFGMTKEEFSVLPAWKQTNLKKDVGLF
-1,LSDQDFQAVFGMNRSAFGNLPVWKQQNLKKEKGLF
-1,LSDEEFQTVLGMTKEAFYCLPKWKQDMQKKRVSLF
-1,LSDQDFQAVFGMNRSAFGNLPVWKQQNLKKEKGLF
-1,LSDRDFISVFGMTRGEFSALPSWKQLNIKKKLGLF
-1,LSDEEFQTVFGITKEAFYKLPKWKQDMQKKKFDLF
-1,LSPEEFQEVFGMTIKEFDKLPQWRRTELKKKACLF
-1,LSDEDFYDIFGKTKDEFYQMPKWKQQNEKKQHGLF
-1,LSVEEFESVLGMSREEFYQLPKWKQDNTKKKVDLF
-1,LSDEDFQAVFGMPRADFERCPQWKQKELKKAKGLF
-1,LASSDFQEAFGMTKEEFTALPAWKQTNLKKEIGLF
-1,LSDEEFQTVFGMVKEAFYKLPKWKKDMLKKKFELF
-1,LSEEEFQQIFGMTKTAFYKLPKWRQNKLKRSVHLF
-1,LSDSEFQTVFGMSKEEFYKQPRWKQEQQKRKADLF
-1,LSEEEFQAVLGMTKDAFYKLPKWKQDMHKKKVDLF
-1,LSDEDFVAVFGITREKFAALPVWKQLNLKKEKGLF
-1,LSDDDFSSVFSMTKDEFAGLPQWKQLNLKKEKGLF
-1,LSTPDFTEAFGMTKEEFAVLPAWKQTNLKKDVGLF
-1,LAPEEFQQVFGMTPEAFGALPAWKRQQLKKQVGLF
-1,LSPEDFQEVFGMSMEEFDRLALWKRNDLKKKALLF
-1,LSDEEFETVLEMTKEAFYRQPKWKQNMLKKKVFLF
-1,LSPEEFQNVFGMSIEEFDRLSLWKRNDLKKKVSLF
-1,LSDQDFQAVFGMKRSEFGNLPLWKQQKLKKDKGLF
-1,LSDDDFQKEFRMTKDEFYALPYWKQTNIKKSLGFF
-1,LSEEEFETVFGMEKEAFYKLPRWKQDLLKKKFNLF
-1,LSPEEFQNVFGMSIEEFDQLSLWKRNNLKKKVSLF
-1,LSPEDFMQVFGMTLEEFYRLALWKRNDMKKKARLF
-1,LSEEEFNTVFGMTKEAFYKLPRWKQDMLKKKYELF
-1,LSEEDFQTIFGMTKDAFYKLPKWKQELQKRKVDLF
-1,LSDEDFVAVFGITREKFASLPGWKQLNLKKEKGLF
-1,LSPQHFQELLGMSKEEFDELPSWKQTNVKKEVGLF
-1,LSDDDFKEIFKMEKEAFSKLPGWKQINLKKAVGLF
-1,LTDEEFEEVLGMKKDEFYNMPSWKQSELKKSSGLF
-1,LAEEDFQTIFGMTKEAFYKLPKWKQDMQKRKVDLF
-1,LSDEEFQTIFGVTKEAFYKMPKWKQDMQKKKFDLF
-1,LSPEEFENVFGMTMDEFDRLSLWKRNELKKRVSLF
-1,LNDDDFEKVFGMSRKEYDELPKWRQIEHKKRVGLF
-1,LSDQDFQAIFGCSREEFTSLPQWKQKSIKKEKGLF
-1,LSDEDFQTVLGISREEFDSLPQWKQTTIKKEKGLF
-1,LSDQDFQAIFGCSREEFTSLPQWKQKSIKKEKGLF
-1,LSDEDFCDVFGITKDEFFSLPQWKQLNMKKSKGLF
-1,LSEEDFVRVFGMNRDDFATLPTWKQLNLKKERGLF
-1,LSDEEFREKFGMTKAAFYKLPKWKQNKLKMSLDLF
-1,LGEEDFAKVFGMPKEEFYALKLWKQRELKKKAGLF
-1,LSDEDFQSVLEMTRDEFNTLPNWKQLNLKKSKGLF
-1,LSNEDFQKLLQMSREEFYKLPSWKQVNWKKAKGLF
-1,LASPDFIEAFGMTKEEFAALPAWKQTNMKKDVGLF
-1,LSQQHFQELFGMSKEEFQQLPVWKQVNLKKEMGLF
-1,LAEPDFMEAFGMTKEEFSVLPAWKQTNMKKDVGLF
-1,LSDEEFQTVFGMTKELFYQQPKWKQDLQKKNADLF
-1,LNDEDFREIFKMTRNEFYELPKWKQIDHKKKAKLF
-1,LSDEDFSAVFGMDKEQFSSLPAWKRTRKKKEKGLF
-1,LSEEEFQTVFGLTKEAFYKLPRWKQDMQKKKLDLF
-1,LSPEEFQEVFGMTTEEFDRLALWKRNELKKKALLF
-1,LSDEEFQTVFGMTKQAFYQQPKWKQDMQKRKFDLF
-1,LSDRDFQAVFGMSWGAFAALPLWKRQKLKKEKGLF
-1,LSPEEFQERLGMTRSEFYKLPKWKQNKLKMAVQLF
-1,LSDEEFKEVFNMTKDEFNKLPKWKKLEQRKKAGLF
-1,LSPEDFQQVLGMTLEQFDRLPLWKRNDMKKKARLF
-1,LSDADFSSLFGMTKDNFASLPQWKQLNLKKKTGLF
-1,LSDADFSSLFGMTKDDFTSLPQWRQLNLKKEKGLF
-1,LTDQDFVAAFGITREEFYALPSWKQLNMKKQLGLF
-1,LSPAEFRDVFGMTLESFSALPGWKRQQLKKKVGLF
-1,LSDRDFIAAFGMTRGEFSALPSWKQLNLKKQIGLF
-1,LSDEEFKSVLGMAKEAFYKLPKWKQDMLKRKVDLF
-1,LSDTDFQEVFQMSRTEFYAMKAWKQNEARKKVGLF
-1,LSSPDFMEAFGMTKDEFGVLPAWKQTNMKKDIGLF
-1,LSDEDFKTLFEMSRVEFNALPNWKQQNLKKSKGLF
-1,LSDEDFKTLFEMSRVEFNALPNWKQQNLKKNKGLF
-1,LSDKDFQDVLQMTREEFSALPNWKQLNLKKSKGLF
-1,LSDEDFKKIVQMSREEFYQLPSWKQVNWKKAKGLF
-1,LSPNDFQELLGMSKEEFFEMPTWKQTNLKKTSGLF
-1,LSDSDFKEIFKMEKEAFNKLPGWKQVNLKKAVGLF
-1,LSDEEFEEILKMPKDEFAQLPAWKQKNLKKNVGLF
-1,LSDTDFQQVFNMTRENFTKLPKWRQLDHKKRAGLF
-1,LSDDEFEAKFGMTKRDFYKLPKWKQNKLKMSLHLF
-1,LTDEDFHDVFKMTQEEFYAKPKWKQIELKKRCGLF
-1,LSPEDFLRVFEMPPEEFSKLPLWKRNELKKKAFLF
-1,LSDADFHDIFGRSKDEFYQMPRWKQQNEKKQHGLF
-1,LSDADFHDIFGKSKDEFYQMPKWKQQNEKKRCGLF
-1,LSNEEFQAIFHMSRLEFYRLPEWRRNDLKKRAKLF
-1,LSEEDFQEKFGMTKGAFYKLPKWRQNKLKMSVDLF
-1,LSEPDFVSVFGMTRGQFAALPGWKQLQLKKEKGLF
-1,LSDEDFVAVFGITRGKFAALPGWKQLNLKKEKGLF
-1,LSDEDFVTVFGITRGKFAALPGWKQLNLKKEKGLF
-1,LSDRDFIAAFGMTRGEFSALPSWKQLNIKKQLGLF
-1,LSDEEFQDKFGMTKSAFYQLPKWRQNKLKMSLNLF
-1,LSPEEFKEKFGMTKEAFYKLPKWKQNKFKMAVQLF
-1,LSDEEFEEVFDMKKDDFYKLPAWKQNQLKQSLGLY
-1,LSDEEFQEVFKMTKEEFNELPKWKKLEQRKMVGLF
-1,LTDDEFQEVLGMKKDEFYNMPSWKQSELKKSNGLF
-1,LAPRDFLEAFGMTKEEFSMLPAWKQTNLKKDIGLF
-1,LSSPHFMEAFGMTKEEFASLPAWKQTNMKKDLGLF
-1,LSDKDFQSVLEMTRDEFHALPNWKQLNLKKSKGLF
-1,LAAADFLEAFGMSKEEFSSLPAWKQTNLKKDVGLF
-1,LSDEDFQSVLEMTRDEFNTMPNWKQLNLKKSKGLF
-1,LSDEDFQKLVQMPREEFYKLPSWKQVNWKKVKGLF
-1,LSDEDFERALGMSRDEFEGLPGWKQVNVKKTKGLF
-1,LSSPDFLEAFGITKEEFTALPAWKQTNMKKDVGLF
-1,LEEAEFERVLGMSREEFYLLPLWKQTNLKKERGLF
-1,LTDSDFVNIFGMPKAQFSQLPKWKQQNIKKQHGLF
-1,LSDEEFTTVMGMTKEAFYKQPRWKQDMQKKKVDLF
-1,LSDEDFLTVMGMVKDEFYKLPKWKQDIHKKKVDLF
-1,LSPEEFFRVFGMTIEEFNRLALWKRNDLKKKARLF
-1,LSPEEFQTLFGMTMQEFDRLSLWKRNDLKKKVSLF
-1,LSDDDFESAFGSTKEEFQRLPGWKRTQKKKEMGLF
-1,LSPEDFQEVFGMPIAEFDRLSLWRRNELKKKASLF
-1,LSEEEFEVVFGMDKEDFQAMPPWKRINAKKAKGLF
-1,LTDEEFREVFTMSREEFYKLPAWKQVSRKKEVLLF
-1,LTPEEFQKVFSMPREEFYKLPQWKQNQYKKKALLF
-1,LSPDSFFEIFGMTIQEFDRLPLWKRNDMKKKANLF
-1,LSGEDFTRVFGMSPAAFSALPRWKQQSLKKEKGLF
-1,LSDEEFESVLEMTKEAFYKLPKWKQDIHKKKVDLF
-1,LSPEEFEAIFKMTKEAFYQLPRWKQDQNKKKVDLF
-1,LSPEDFQQVFGMTIEHFDRLALWKRNELKKKARLF
-1,LSDHDFVDAFGMTRGEFSALPAWKQLSLKKGIGLF
-1,LSDSEFQTVFGMAKEEFYEQPRWKQELQKKKADLF
-1,LSPEEFVEVFGMTVEEFDRLALWKRNELKKQARLF
-1,LSDQDFQDIFGFSREEFNSLPQWKQKTIKKEKGLF
-1,LENTEFEEIFGMDRSEFYRLPEWKRNELKKRVKLF
-1,LSDTEFEAIFQMTRSEFYRIPPWKRNEIKKRFRLF
-1,LSDTDFSVIFGMSKDQFAGLPQWKQLNLKKSKGLF
-1,LSDTDFSVIFGMSKDQFAGLPQWKQLNLKKSKGLF
-1,LSDSDFSCVFGMTKDDFVSLPLWKQLNLKKEKGMF
-1,LSDHDFVDTFGMTRGEFSALPAWKQLSLKKGIGLF
-1,LSESDFVAVFGIGREEFAALPSWKQINLKKEKGLF
-1,LSDRDFLAAFGITRGEFYALPSWKQLNIKKQLGLF
-1,LSDEEFQDVFKMTRSAFYQLPKWRRNKLKMSLNLF
-1,LSDTDFSVIFGMSKDQFAGLPQWKQLNLKKSKGLF
-1,LSESDFVAVFGMRREEFAALPSWKKINLKKEKGLF
-1,LSESDFVAVFGIGREEFAALPSWKQINLKKEKGLF
-1,LSSEDFRSVFSMTEEEFAKLPAWKQIRLKKEAGLF
-1,LSDEDFQRVLEMKRDEFNALPAWKQLNLKKSKGLF
-1,LNDEDFSKVFKMERDAFYSLPKWKQTTLKKEANLF
-1,LSSAEFREKFGMTKDAFYKLPKWKQNKLKRAVHLF
-1,LSDAEFENLLGCSRIDFQRLPKWRQNDLKKKAGLF
-1,LGDEEFEEFLQMTKEEFYALPAWKQHALKKDVGLF
-1,LSPEEFQTVFRMSKEEFDSLPAWKKAQIKKRLGLF
-1,LSDEDFQRALEMSKEEFGALPGWKQMNLKKAKGLF
-1,LSDEDFEKALEMTREEFEGLPSWKQGNLKKAKGLF
-1,LSNSDFQEVFKMGKEDFTKLPGWKQQNLKKAVKLF
-1,LSDEEFEAVLEMTREEFYALPGWKQQKLKQQVELF
-1,LSDEDFQRVLEMKKDEFNALPAWKQLNLKKSKGLF
-1,LSSDDFTVVFGMPRNAFAALPLWKQQKLKKEKGLF
-1,LSDEEFEEVFQMSKDEFAKLKKWKKNDMKKAVKLF
-1,LSDQDFQRVLEMTRTEFNALPNWKQKNLKKSKGLF
-1,LSDAEFQTVLGMTKEAFYQQPKWKQDMQKRKVDLF
-1,LSEEDFVRVFGMKRDDFAALPTWKQLHLKKERGLF
-1,LSDSDFELVFGMDKMDFYNKPAWKQSDLKKKKGLF
-1,LSSEEFREKFGMSKEAFYKLPKWKQNKLKMALQLF
-1,LSDQDFQSVLEMTRTEFNALPNWKQKNLKKSKGLF
-1,LSPEDFERVFGMPMAEFDRLSLWKRNDLKKRASLF
-1,LADADFEQVFGMPRSEFQALPKWKRVARKKDVGLF
-1,LSGEEFQTVFGVTKEAFYKMPKWKQDMQKKKFDLF
-1,LSPEDFQKLFGMTIAEFDRLSLWRRNELKKKASLF
-1,LSDKEFQTVLGMEKEAFYSLPKWKQDLKKKKVDLF
-1,LSDADFHEIFGKSKHEFYQMPKWKQQNEKKQCGLF
-1,LSDEDFVSVFQMSKAEFNALPQWRQLDSKKKHGLF
-1,LSPEDFQQIFGMTIEQFDRLALWKRNDLKKRARLF
-1,LSPEDFQKVFGMTLDQFERLALWKRNDLKKRARLF
-1,LSPEDFCKVFGMTMAEFDRLALWKRNELKKQARLF
-1,LSSEDFRSVFSMSEEEFAKLPAWKQIRLKKEAGLF
-1,LSDEEFQAVLGMKKEAFYKLPKWKQDMQKRKFDLF
-1,LSPEEFYQVFGMTMAEFDRLALWKRNEMKKKARLF
-1,LSDAEFEAVFQMSRVEFYRMPQWRRNDLKRRARLF
-1,LSDEEFQAVFGMEKEAFYKLPKWKQDMLKKK----
-1,LSDAEFDGLFGCSRVEFYRLPQWKRNELKRRVRLF
-1,LSEQDFVSVFGMTRGQFTALPGWKQLQLKKERGLF
-1,LSDADFHAILGMSRDEFNTLPKWKKSNIKKEKGLF
-1,LSESDFVAVFGIGREEFAALPSWKQINMKKEKGLF
-1,LSEEDFVRVFGISRKEFAALPTWKQLNMKKEKGLF
-1,LSEDDFFKVFHMDREEFFSLPQWKQIELRKQVGLF
-1,LSDQDFQAIFGFSREEFHSLPQWKQKTVKKEKGLF
-1,LNDEDFFTVFQMTRNEFYELPKWRQNILKKDKNLF
-1,LADSEFEKSFGMARDKFAALPKWKQQDLKKKAGLF
-1,LSPEEFFRVFGMTIAEFDRLALWKRNELKKEARLF
-1,LSPEDFQTLLSMTKEEFQKLPIWKQTAMKKEKGLF
-1,LTDAEFENLLGCTRDSFQRLPKWRQNDLKKKAGLF
-1,LSSDDFQLALGMSREEFEQLPVWKQTKLKKERGLF
-1,LSDQDFQRVLEMTRTEFNALPNWKQKNLKKSKGLF
-1,LSDQDFQRVLEMTRTEFNALPNWKQKNLKKSKGLF
-1,LSDGDFANIFGVTKVNFYQMPKWKQQNLKKQHGLF
-1,LSQQHFQEILGMTKEEFQELPVWKQVNLKKEIGLF
-1,LSDQDFQRVLEMTRTEFNALPNWKQKNLKKSKGLF
-1,LNDDEFEEVLGMKKEEFYNMPSWKQSELKKTNGLF
-1,LSDQDFQRVLEMTRTEFNALPNWKQKNLKKSKGLF
-1,LSDQDFQCVLEMTREEFSSLPHWKQLNLKKSKGLF
-1,LDPNHFQELLGMTKEEFFELPTWKQTNLKKDVGLF
-1,LSDQDFQRVLEMTRTEFNALPNWKQKNLKKSKGLF
-1,LTDDDFQETMGMSKMEFYALPAWRQTQLRKETGLF
-1,LSDQDFQRVLEMTRTEFNALPNWKQKNLKKSKGLF
-1,LSDQDFQCVLEMTREEFSSLPHWKQLNLKKSKGLF
-1,LSDQDFKTLLGMSRVEFNALPNWKQQNLKKSKGLF
-1,LSDEDFQRVLEMTRDEFNSLPNWKQINLKKSKRLF
-1,LSDEDFQRVLEMTQDEFNSLPIWKQINLKKSKGLF
-1,LSDQDFQRVLEMTRTEFNALPNWKQKNLKKSKGLF
-1,LSDEDFQRVLEMKKDEFNALPAWKQLNLKKSKGLF
-1,LSDEDFQRVLEMKRDEFNTLPSWKQKNLKKSKGLF
-1,LSDEDFEEALQMTRDEFSVLPSWKQVNIKKAKGLF
-1,LSQQHFQELLGMSKEEFQELPMWKQVNLKKEVGLF
-1,LSDEDFQTALEMTREEFNGLPAWKQVNIKKARGLF
-1,LSDEDFERALGMNRDEFEGLPGWKQVNVKKAKGLF
-1,LEQADFERVLGMTREEFYLLPLWKQTNLKKDMGLF
-1,LNDEDFLQILAMTREEFYQLPGWKQINWKKSKGLF
-1,LSAEEFEAVLGMSKETFYKIPKWKQDMMKKKVDLF
-1,LSNEDFQKEFRMTKDDFYALPYWKQTNIKKPLGFF
-1,LSDAEFETVLGMTKEAFYQQPKWKQDMQKRKVDLF
-1,LSEEEFQSVLGMKKEAFYKLPKWKQDMHKKKSDLF
-1,LSDAEFQTVMDMSKDEFAGLPKWKQQAKKKEVGLF
-1,ISDEEFEYVIGMTKDEFYKLPKWKQDSTKKKVSPF
-1,LSDNEFKEIMQMTKEEFYKKPEWKRIDMKKKAGLF
-1,LSEEEFKNLFGMTMEEFDRLSLWKRNDLKKKVSLF
-1,LSDSDFTEVFGMSKDEFSALAKWKRDGKKKQAGLF
-1,LSPEEFQQLFGMPMAEFDRLSLWKRNELKKKVSLF
-1,LSPEEFENLFGMTMEEFDRLSLWKRNEMKKRLSLF
-1,LSDEEFVSVLGMPKDAFNKLPKWKQDMLKRKVDLF
-1,LSPEEFQQVFGMSVEEFERLALWKRNDLKKKALLF
-1,LSPEDFQQVFGMTLEQFDRLALWKKNDLKKKARLF
-1,LSPEDFQMVFGMTLEQFDRLALWKRNDLKKRAHLF
-1,LSDADFHDIFGKSKNEFYQMPRWKQQNEKKQHGLF
-1,LSPEDFHQVFGMTIEQFDRLALWKRNDMKKKARLF
-1,LSDNEFHRLFQMTRSDFYRLPEWRRIDLKKRVKLF
-1,LSPESFVEIFGMTIREFDKLPLWKRNDMKKQANLF
-1,LSDADFAMAFNMPREDFYRLPKWRRNDLKKRLKLF
-1,LSEAEFETLFQCTRNEFYRLPQWKRNDLKKRARLF
-1,LSAQDFLQVFGIPREEFAALPPWKQLNMKKEKGLF
-1,LSESDFVAVFGIRREEFAALPSWKQINLKKEKGLF
-1,LSDEDFQTVVGISREEFDSLPQWKQKTIKKEKGLF
-1,LSESDFVAVFGIRREEFAALPSWKQINLKKEKGLF
-1,LSDDDFQTIFGISREQFENLPQWKQTTIKKQNGLF
-1,LSDDDFMRVFGIPREKFATLPAWKQLNMKKERGLF
-1,LSDEDFLSVFGISKDDFVGLPQWKQLTLKKEKGLF
-1,LSERDFASVFGMTRGQFTALPGWKQLQLKKEKGLF
-1,LSDEDFVAVFGIPRGKFAALPGWKQLNLKKEKGLF
-1,LSESDFVAVFGIRREEFAALPSWKQINLKKEKGLF
-1,LSESDFVTVFGIRREEFAALPSWKQINLKKEKGLF
-1,LSEQEFQEIFGMNAEQFYQLPYWKRVELKKKAKLF
-1,LSPTEFEAVFQMSPAEFYQLPKWRRNELKRRARLF
-1,LSDEEFVAKFGMTKGNFYKLPKWKQNKLKMSLNLF
-1,LSDSEFQTVFGMTKDAFYRQPNWKQELQKRKADLF
-1,LSDEDFQDKFGMTKRAFYELPKWRQNKLKTSLHLF
-1,LSPEDFEKLFGMSRTQFYEMPKWKQDQRKRNLQLF
-1,LSSEDFKQKFGMTKDAFYKLPKWKQNKLKMALQLF
-1,LSDSEFQSVFGMTKDAFYRQPNWKQELQKRKADLF
-1,LSDQDFQGVLEMTRTEFNALPNWKQKNLKKSKGLF
-1,LSDQDFQGVLEMTRTEFNALPNWKQKNLKKSKGLF
-1,LSPQHFQELLGMSKEEFLELPTWKQTKIKKEVGLF
-1,LSDKDFQDLLQMTREEFCTLPNWKQLNLKKSKGLF
-1,LSDADFQKALEMTREEFHTLPNWKQLNLKKSKGLF
-1,LSDQDFQGVLEMTRTEFNALPNWKQKNLKKSKGLF
-1,LSEEEFAQVFGMTRSDFAKIPRWKQTSLKKEKRLF
-1,LSDPDFQRILEMSRDEFNSLPNWKQVNLKKSKGLF
-1,LSDEDFERALEMTREEFEGLPGWKQMNVKKAKGLF
-1,LSDYDFEKEFGMTKSDFYSLPYWKQTNIKKPLGFF
-1,LSDEDFEAALEMTREEYNALPSWKQVNLKKAKGLF
-1,LSDEDFEAALEMTREEYNALPLWKQVNLKKAKGLF
-1,LSDEDFEAALEMTREEYNALPLWKQVNLKKAKGLF
-1,LSDEDFETALQMTREEYNALPSWKQVNLKKAKGLF
-1,LSDEDFETALQMTREEYNALPSWKQVNLKKAKGLF
-1,LSDEDFEAALEMTREEYNALPSWKQVNLKKAKGLF
-1,LSDEDFESALQMTREEYNALPSWKQVNLKKAKGLF
-1,LSDEEFQDVFSMNKDEFNKLPKWKKLDQRKKAGLF
-1,LSDEDFERALEMTREEFEGLPGWKQMNVKKAKGLF
-1,LTDDDFERVLDMTREDFDALPAWKQVNLKKTKGLF
-1,LTDKDFEDILGMSKEEFYTLPPWRHSELKKVAGLF
-1,LSAHDFTEAFGMTQEEFAVLPAWKQTNMKKDLGLF
-1,LSDADFKTVFGQTRAEFDAMPKWKQQAKKKEVRLF
-1,LSDEDFEVALEMTREEYNALPSWKQVNLKKAKGLF
-1,LSPEEFQSLFGMPIAEFDRLSLWKRNELKKKVSLF
-1,LTDEDFERVLDMKREEFDALPGWKQVNLKKAKGLF
-1,LSDVEFQKVFKLSRAAFYRLPEWKRNDLKRRVDLF
-1,LSDVDFEMVFHMTRMDFYRLPEWRRNDLKRRARLF
-1,LSDEDFEVALEMTREEYNALPSWKQVNLKKAKGLF
-1,LSDSLFEETFGMSRSAFAALPKWKRVNAKKSAGLF
-1,LSDSLFEETFGMSRSAFAALPKWKRVNAKKSAGLF
-1,LNDEDFRKVFKMERKEFYKLPRWKQISLKKEMNLF
-1,LSDQDFQRVLEMKREEFNSLPNWKQINLKKSKGLF
-1,LSDEEFQQVFALSRTAFYRLPEWKRNDLKRRAQLF
-1,LSDAEFETVFGMDKADFKAMPAWKRINAKKSKGLF
-1,LVDSEFETVFGMTKEEFYEQPRWKQELQKKKADLF
-1,LSDKEFYEVLKMTREEFSALPGWKQTNLRKESKLF
-1,LAPEDFQRLFGMTPAEFDRLSLWKRNELKKRVSLF
-1,LSPEEFQQVLGMTLEEFSRLSLWKRNELKKKVHLF
-1,LSPEEFFSVFGMSIEDFDRLSLWKRNDLKKRVCLF
-1,LSPEEFTQVFGMTMEDFDRLALWKRNELKKQARLF
-1,LSEVDFERVFGMDKEDFRAMPPWKRINAKKSKGLF
-1,LSIEDFTQAFGMTPTAFSALPRWKQQNLKKEKGLF
-1,LSPEEFKELFGMDSEQFYKLPKWKQEMQKKALDLF
-1,LSPEEFFQVFGMSITEFDRLALWKRNDLKKKARLF
-1,LSRDEFENIFGMSPIEFYKLPEWKRINLKRKHKLF
-1,LSPEEFRDVFGMTAEEFDRLALWKRNELKKKALLF
-1,LSPSDFRRVFAMSEEDFAKLPAWKQIRLKKEAGLF
-1,LSPEEFYQVFGMTVAEFDRLALWKRNELKKQVRLF
-1,LSERDFASVFGMTRGQFTALPGWKQLQLKKERGLF
-1,LSDGDFFNVFGISKDDFVRLPQWKQLKLKKEKGLF
-1,LSDEDFQTILGTSREEFDSLPQWKQKTIKKEKGLF
-1,LSDTDFQAVFGVSKDQFANMPPWKQISLKKGKGLF
-1,LSDEDFEKALEMTREEYGGLPGWKQVNLKKAKGLF
-1,LSPEEFQEKFGMTKDQFDKLPRWRQNKLKSDLDLF
-1,LSDEEFQVHFGMAKRDFYKLPKWKQNKQKMALHLF
-1,LSDEDFQRILEMKRDEFNSLPNWKQINLKKSKGLF
-1,LSSAEFKEKFGMSKDAFYKLPKWKQNKLKMAVQLF
-1,LTDQDFEKIFKMKRAQFYDLPKWKQTNMKKDAKLF
-1,LSDKDFLAVLEMTRDEFSTLPNWKQLNLKKSKGLF
-1,LSSAEFREKFGMTRAAFYKLPKWKQNKLKSGVQLF
-1,LTDEDFERVLDMKREEFDALPGWKQVNLKKAKGLF
-1,LSDEEFQTVFGMTPEAFQALPTWKSDDLKKKLQLY
-1,LSDEDFEVALEMTREEYNALPSWKQVNLKKSKGLF
-1,LSPEDFEKLFSMTKDVFQGLPAWKQIKLKKEIGLF
-1,LDPQHFQEVLGMSKEEFLELPTWKQTNIKKAVGLF
-1,LSPEDFEELLSMTKEEFEKLPSWKKTALKKEKGLF
-1,LTDEDFERVLDMKREEFDALPGWKQVNLKKAKGLF
-1,LSDEDFEVALEMTREEYNALPSWKQVNLKKAKGLF
-1,LTDEDFERVLDMKREEFDALPGWKQVNLKKAKGLF
-1,LSDKDFLAVLEMTRDEFSTLPNWKQLNLKKSKGLF
-1,LSDQDFKTLFEMSRVEFNALPNWKQKNLKKSKGLF
-1,LSSSEFKEKFGMTKDAFYKLPKWKQNKLKMGVQLF
-1,LSDKDFQSALEMTRDEFQALPNWKQLNLKKSKGLF
-1,LSDKDFEAALEMTREEFSALPNWKQLNLKKSKGLF
-1,LSDEDFQTLLEMSRVEFNALPNWKQKNLKKSKGLF
-1,LSDQDFKTLLGMSRVEFNALPNWKQKNLKKSKGLF
-1,LSDQDFKTLFEMSRVEFNALPNWKQKNLKKSKGLF
-1,LSDEDFKKLLGMSRVEFNALPNWKQKNLKKSKNLF
-1,LSDEDFQRILEMKRDEFNSLPNWKQINLKKSKGLF
-1,LSDQDFQRVLEMKREEFNSLPNWKQINLKKSKGLF
-1,LSPDDFSDLFGMTNEEFQGIPAWKQIKLKKETGLF
-1,LSDEDFEVALEMTREEYNALPSWKQVNLKKSKGLF
-1,LSDQDFQRVLEMKREEFNSLPNWKQINLKKSKGLF
-1,LTDEDFERVLDMKREEFDALPGWKQVNLKKAKGLF
-1,LSDEDFEVALEMTREEYNALPSWKQVNLKKAKGLF
-1,LSDEDFEVALEMTREEYNALPSWKQVNLKKAKGLF
-1,LSDEDFEVALEMTREEYNALPSWKQVNLKKAKGLF
-1,LSDEDFEVALEMTREEYNALPSWKQVNLKKAKGLF
-1,LSDEDFKKVVQMSREEFNRLPGWKQVNWKKVRGLF
-1,LSGQDFKELFGMKMEEFYQEPPWKQIKLKKKLGLF
-1,LSDEDFEKALDMTREEYGALPSWKQVNLKKAKGLF
-1,LTDEDFERVLDMKREEFDALPGWKQVNLKKDKGLF
-1,LSDEDFEVALEMTREEYNALPSWKQVNLKKAKGLF
-1,LSDEDFEVALEMTREEYNALPSWKQVNLKKAKGLF
-1,LSDEDFEVALEMTREEYNALPSWKQVNLKKAKGLF
-1,LSDEDFEVALEMTREEYNALPSWKQVNLKKAKGLF
-1,LTDEDFERVLDMKREEFDALPGWKQVNLKKAKGLF
-1,LSDEDFEVALEMTREEYNALPSWKQVNLKKAKGLF
-1,LTDEDFERVLDMKREEFDALPGWKQVNLKKAKGLF
-1,LTDEDFERVLDMKREEFDALPGWKQVNLKKAKGLF
-1,LSDEDFEVALEMTREEYNALPSWKQVNLKKAKGLF
-1,LSDEDFEVALEMTREEYNALPSWKQVNLKKAKGLF
-1,LSDEDFEVALEMTREEYNALPSWKQVNLKKAKGLF
-1,LSDEDFEKALEMSREEYRALPSWKQVNLKKSKGLF
-1,LSDEDFEVALEMTREEYNALPSWKQVNLKKAKGLF
-1,LSDEDFEKALEMTREEYGGLPVWKQVNLKKAKGLF
-1,LTDEDFERVLDMKREEFDALPGWKQVNLKKAKGLF
-1,LSDEDFEVALEMTREEYNALPSWKQVNLKKAKGLF
-1,LSDEDFEVALEMTREEYNALPSWKQVNLKKAKGLF
-1,LSDEDFEVALEMTREEYNALPSWKQVNLKKAKGLF
-1,LSDEDFEVALEMTREEYNALPSWKQVNLKKAKGLF
-1,LSDEDFEVALEMTREEYNALPSWKQVNLKKAKGLF
-1,LSDEDFETALQMTREEYNSLPSWKQVNLKKAKGLF
-1,LSDEDFEVALEMTREEYNALPSWKQVNLKKAKGLF
-1,LSDEDFEVALEMTREEYNALPSWKQVNLKKAKGLF
-1,LSDEDFEVALEMTREEYNALPSWKQVNLKKAKGLF
-1,LSDDDFETALQMTREEYNALPSWKQVNLKKAKGLF
-1,LSDEDFEVALEMTREEYNALPSWKQVNLKKAKGLF
-1,LSDEDFEVALEMTREEYNALPSWKQVNLKKAKGLF
-1,LSDEDFEVALEMTREEYNALPSWKQVNLKKAKGLF
-1,LSDEDFEVALEMTREEYNALPSWKQVNLKKAKGLF
-1,LSDEDFEAALQMTREEYNTLPSWKQVNLKKAKGLF
-1,LSDEDFEVALEMTREEYNALPSWKQVNLKKAKGLF
-1,LSDEDFEVALEMTREEYNALPSWKQVNLKKAKGLF
-1,LSDEDFEKALEMTREEYGGLPGWKQVNLKKAKGLF
-1,LSDQDFEKALEMTREEYERLPGWKQVNLKKAKGLF
-1,LEQADFERVLGMSREEFYLLPIWKQTNLKKDMGLF
-1,LTDEDFERVLDMKREEFDALPGWKQVNLKKAKGLF
-1,LTDEDFERVLDMKREEFDALPGWKQVNLKKAKGLF
-1,LTDEDFERVLDMKREEFDALPGWKQVNLKKAKGLF
-1,LTDEDFERVLDMKREEFDALPGWKQVNLKKDKGLF
-1,LTDEDFERVLDMKREEFDALPGWKQVNLKKDKGLF
-1,LTDEDFERVLDMKREEFDALPGWKQVNLKKAKGLF
-1,LTDEDFERVLDMKREEFDALPGWKQVNLKKDKGLF
-1,LTDEDFERVLDMKREEFDALPGWKQVNLKKAKGLF
-1,LSDEDFQEALEMKREEYEALPGWKQVNLKKAKGLF
-1,LSDEDFKAVFGMTRSAFANLPLW-QQNLKKEKGLF
-1,LSRDEFEGLFGMTPIEFYKLPEWKRINLKRRAKLF
-1,LSDSDFCDVFGISKDEFVGLPNWKQLNMKKSKGLF
-1,LSPEEFYQVFGMTMVDFDRLALWKQNELKKQARLF
-1,LSDQDFADVFGISRGEFSAMPGWKQITLKKRHGLF
-1,LSPEDFERLFGMPIAEFDRLSLWKRNNLKKNVQLF
-1,LSDAEFEQVFGITRDEFSQFPQWKQLNKKKELKLF
-1,LSPDEFQQVFGMTLEQFDRMALWKRNDMKKKARLF
-1,LSKEDFRTVFSMCYEDFSNLPKWRQDNLKKKVGLF
-1,LSDTEFQKVFGCTRADFAEMPLWKQRQRKKAVDLF
-1,LSDEQFQQVFGCSKADFQGMPQWKRDLLKKKKGLF
-1,LSPEDFEEALGMGRSDFHELPFWKQTKLKKEIGLF
-1,LSTEDFQNLFGMTIEEFDCLSLWKQNDLKKRVSLF
-1,LSPEDFQRVFEMPPEEFSRLALWKRNELKKKACLF
-1,LSPEDFQRVFETSPEEFSRLALWKRNELKKKAGLF
-1,LSNKEFQALFHMTRLEFYRLPEWKRNDLKRRAKLF
-1,LSDQQFQEVFKMTKEEFWSLKLWKQNDLKKAVKLF
-1,LSQEEFFSVFGMSIEEFDQLSLWKRNNLKKKVCLF
-1,LSSQDFSGVFGMTQTAFAALPPWKQQALKKEKGLF
-1,LSDADFQEIFGKSKEEFYSLAKWKQQQEKKKLGFF
-1,LSHVEFQDIFHMTKEEFRQLPKWKQTSLKKGVSLF
-1,LAPEDFQNLFGMSIEEFDRLSLWKRNELKKRVSLF
-1,LIDASFVEVFGMSKAQFYTLPKWKQQTIKKRVNLF
-1,LSDEEFQNIFRLSRSAFYRLPEWKRNDLKRRVELF
-1,LSDAEFLDIFGKTKDAFYQMPTWKQQNEKKRFGLF
-1,LSDQDFKATFGMNRSAFSSLPLWKQQKLKKDKGLF
-1,LSEEEFQSVFGMEKDAFNNLPRWKQDLLKKKFDLF
-1,LSPDSFFEIFGMNIQEFDRLPLWKRNDMKKKANLF
-1,LSPEEFRAVFGMSTEEFDRLALWKRNDLKKKALLF
-1,LSDKDFENLLGTTRADFKRLPKWRQSDMKKKAGLF
-1,LSPEDFEEALGMGRSDFHELPFWKQTKLKKEIGLF
-1,LSDEEFEKVFGMSKKKFETIPNWKRNQMRKAHGLF
-1,LTDNEFFEVFRMTRDKFYSQPKWKQEELKKRVTLF
-1,LSPEDFFSVFGMTIEQFDRLALWKKNDLKKKARLF
-1,LSPDEFFRVFGMTMADFERLASWKQNELKKQARLF
-1,LSPEEFYRVFGMSMSAFDRLAQWKQNELKKQVRLF
-1,LCREEFEDIFGMTPIEFYKLPEWKRINLKRKVKLF
-1,LSDDEFETVFECTKTKFYELPVWKQNKQKERVGLF
-1,LSQQDFYHVFGMTVADFDRLPLWKRNELKKQVRLF
-1,LSEDDFGRVFGVSREQFEALPRWRQLTLKKKVGLF
-1,LSPEEFYQVFGMSIQEFDRLALWKRNDLKKRARLF
-1,LTDSDFEIIFNMSRLEFYRLPLWRRNDLKKRARLF
-1,LSPEDFLQVFGMTIEQFDRLALWKRNDMKKKAYLF
-1,LSPEVFREIFGMSIQEFDRLPLWRRNDMKKKAKLF
-1,LTDDDFVAAFGMTRGQFSALPAWKQVNLKKEMGFF
-1,LSDVDFEAIFHMSRTDFYRLPQWRRNDMKKRAKLY
-1,LSDESFKAILGMSKEEFNSLPPWKKTNIKKATGLF
-1,LSDADFTSIFGFSKDDFVSLPQWKQLNLKKKKGLF
-1,LSDEEFQETFKMTRGAFYDLPRWRQNKLKMSVHLF
-1,LSHEEFQEKFGMTKKAFYVLPKWKQDKQKKSLHLF
-1,LSSVEFEEKFGMTKDAFYKLPKWKQNKLKMAIQLF
-1,LSSEDFREKFGMTKEAFYKLPKWKQNKHKMTLDLF
-1,LSSEHFEELLGMTKEEFTELPTWKQTSVKKQVGLF
-1,LTDEEFHETLGMKKEEFYNMPSWKQSELKKSNGLF
-1,LDPNHFQELLGMSKEEFSSLPLWKQTKLKKDVGLF
-1,LSDHDFKTLLEMSRVEFYALPNWKQKNLKKSKGLF
-1,LSDEEFEQVLEMTREEFYAMPAWKQSKLKQQACLF
-1,LSHDDFISLFQMTYVEFEKLPRWKQQEMKKKVGLF
-1,LSDHDFKTLLEMSRVEFYALPNWKQKNLKKSKGLF
-1,LSDHDFKTLLEMSRVEFYALPNWKQKNLKKSKGLF
-1,LSDEDFQTALEMTREEFSVLPNWKQLKLKKSKGLF
-1,LSDKDFQGLLEMTRDEFNTLPNWKQLNLKKSKGLF
-1,LSDEDFKKLFEMSRVEFKALPNWKQKNRKKSKGLF
-1,LSDNDFQIVLEMPRDEFHALPNWKQLNLKKSKGLF
-1,LSDKDFQSVLEMTRDEFNALPNWKQLNLKKSKGFF
-1,LSDEDFKKLFEMSRVEFKALPNWKQKNRKKSKGLF
-1,LSDQDFKTLFEMSRFEFNALPNWKQKNLKKSKGLF
-1,LSDEDFKTLLGMSRVEFNALPNWKQKNLKKSKNLF
-1,LTDEDFEQVLDMKREEFDTLPGWKQVNLKKAKGLF
-1,LRDEDFQRAFGMGRAEFNAMPKWKRDNLKKAKSLF
-1,LSETDFQKEFHMTKDEFYALPYWKQTNIKKPLGFF
-1,LSDEDFEKALEMTREEYGGLPSWKQVNLKKTKGLF
-1,-SPEDFQRAFKMDKTAFAALPQWKQTDLKKKAGLF
-1,LSDEDFEVALDMTREEYNALPSWKQVNLKKAKGLF
-1,LSDEDFEKALEMSREEYGGLPAWKQVNLKKAKGLF
-1,LSPEHFQELLGMNREAFQDLPAWKQVNLKKSIGLF
-1,LTDEDFERVLDMKREEFDTLPGWKQVNLKKAKGLF
-1,LTDDDFEQVLDMKREEFDALPGWKQVNLKKAKGLF
-1,LTDEDFEQVLDMKREEFDTLPGWKQVNLKKAKGLF
-1,LSDEDFEVALDMTREEYNALPSWKQVNLKKAKGLF
-1,LSDEDFEKALDMTREEYGGLPSWKQVNLKKAKGLF
-1,LTDEDFQKTLEMTREEFSTLPSWKQVKLKKAKGLF
-1,LSDEDFENVLKMGREEFKKLQSWKQTELKKAVGLF
-1,LSQQHFQELLGMSKEDFHQLPVWKQVNLKKEIGLF
-1,LSDEDFETALELTREEFDALPGWKQVNLKKAKGLF
-1,LSDADFHKEFRMTKNEFYALPYWKQTNIKKPLGFF
-1,LADEDFERVLDMKREEFDALPGWKQVNLKKAKGLF
-1,LTDEDFERVLDMKREEFDTLPGWKQVNLKKAKGLF
-1,LTDEDFEQVLDMKREEFDTLPGWKQVNLKKAKGLF
-1,LSDSDFEKLLEMTKEEFQKLPSWKKTALKKEKGLF
-1,LSDSEFQTVFGVTKEEFYQQPRWKQELQKRKADLF
-1,LSPEDFVKVFEMSPEEFGKLALWKRNELKKKAFLF
-1,LSDGDFKTVFGVDRNEFESIPQWKKNNLKKKAGLF
-1,LSDKDFQSVLEMTRDEFNALPNWKQLNLKKGKGFF
-1,LAPEVFQEIFGMTIQEFDKLPLWRRNDMKKKAKLF
-1,LSPESFSEIFGMKIQEFDRLPLWKRNNMKKKADLF
-1,LSDEEFQQVFALSRTAFYRLPEWKRNDLKHRAQLF
-1,LSDDEFQVVLGMSVAAFAGLPKWKQQNLKKAKDLF
-1,LSDSEFEKVFQLSRVAFYRLPEWKRNDLKRRVDLF
-1,LSDNEFYTLFQMTRSDFYRLPEWRRVDLKKRFKLF
-1,LSADDFQRVFGMSMAEFDRLSLWRRNDLKKKASLF
-1,LSPGEFQNVFGMSLDEFDRLSFWKRNDLKKKVSLF
-1,LSDEDFKAVFGMPLADFNKQPKWKQQNAKKAKDLF
-1,LAPETFQELFGMSIQEFDKLPLWRRNDLKKKAKLF
-1,LSPEDFQSLFGMAITEFDRLSLWKRNDLKKKVSLF
-1,LSPEDFYHVFGMTITEFDRLALWKRNEMKKQARLF
-1,LSQEEFFSVFGMSIEEFSRLSVWKRNDLKKKVCLF
-1,LSDSDFQDIFGKSKEEFYSMAKWKQLQEKKKLGLF
-1,LSDADFEKAFGMPKTHYEALPKWRQIEHKKRVGLF
-1,LSPEEFRDVFGMSVEAFERLALWKRNELKKKAQLF
-1,LSVEDFTKVLGMTPAAFSALPRWKQQNLKKAKGLF
-1,LSNEEFAEALGMSRDEFYSLQSWKQTELKKKANLF
-1,LSPDSFFEIFGMSIQEFDRLPLWKRNDMKRKANLF
-1,LSPEDFQQVFGMTLEKFDRLALWKKTDLKKKARLF
-1,LSPEEFHNVFEMTIEEFDRLALWKRNDLKKKARLF
-1,LRREDFEEIFGMSPIEFYKLPEWKRINLKRKAKLF
-1,LSSAEFKEKFGMTKETFYKLPKWKQNKLKMSLQLF
-1,LSPEEFQKVFGLTVEEFDRLALWKRNDLKKKAMLF
-1,LSDEDFQRALEMKRDEFNSLPNWKQINLKKAKGLF
-1,LSDVEFETLFLCTRAEFYRLPTWRRNDLKKRARLF
-1,LSPEDFQRVFGMTLEQFDRLALWKKNDMKKAARLF
-1,LSEAEFERIFHMSRADFYRLPQWRRNDLKKRNQLF
-1,LSEEDFISVFGITRGQFAALPGWKQLQMKKEKGLF
-1,LSDQDFVAVFGIPRGQFAALPGWKQLQLKKEKGLF
-1,LAESDFVAVFGIGREEFAALPSWKQINLKKEKGLF
-1,LSEQDFIQVFGISREQFSSLPTWKQLNMKKEKGLF
-1,LSDRDFVSVFGITRGEFCALPSWKQLNMKKQLGFF
-1,LSDKDFALAFGVTRGEFAALPAWKQLNLKKEKGLF
-1,LSDEDFLRVFGIPREEFAAFPTWKQLLIKKEKGLF
-1,LSDQDFVSVFGIPRGQFAALPGWKQLQLKKEKGLF
-1,LSDSDFQEIFGKSKEEFYSMAKWRQQQEKKQLGLF
-1,LSAADFSEKFGMTKEAFYKLPKWKQNKLKMALQLF
-1,LSPAEFQEKLGMDKNEFYKLPKWKQNKLKMAVRLF
-1,LSDEEFQEKFEMSKRAFYELPKWKQNKLKMSLHLF
-1,LSEQEFEKIFGMSKRAFYELPKWKQNKLKVSLHLF
-1,LSNPEFEKVFKMNRAKFYQQPKWKREQLKKSAGLF
-1,LSNEEFHEKFGMPKTAFYKLPKWKQNKLKMSLDLF
-1,LSDSDFNNIFGMNKDDFASMPPWKQLKMKKEVGMF
-1,LSPEEFNEKLGMTRSEFYKLPKWKQNKVKMAVQLF
-1,LSTDEFREKFGMTRAAFYKLPKWKQNKLKTALQLF
-1,LSSVEFKEKFGMTKEAFYKLPKWKQNRLKIALQLF
-1,LSDQDFQKLLEMSRVEFNALPNWKQKNLKKSKGLF
-1,LSDKDFQSVLEMTRDEFNALPNWKQLNLKKGKGFF
-1,LSDQDFKRLLEMTRVEFNALPKWKQKNLKKSKGLF
-1,LSDQDFKTLFEMSRVEFNAMPNWKQKNLKKSKGLF
-1,LSDQDFKTFFEMSRVEFNALPNWKQKNLKKSKGLF
-1,LSDQDFKTLLEMSRVEFNALPNWKQNNLKKSKGLF
-1,LSDEDFKKIVQITREEFYSLPSWKQVNWKKAKGLF
-1,LSDEDFKKAVQMSREEFNRLPSWKQVNWKKARGLF
-1,LSNEDFQRVLEMKRDEFNSLPNWKQINLKKSKGLF
-1,LSNEDFQRVLEMKRDEFNSLPNWKQINLKKSKGLF
-1,LSDEDFQRALEMKRDEFNSLPNWKQINLKKAKGLF
-1,LSDEDFEAALEMTREEYNALPSWKQVNVKKAKGLF
-1,LSPAHFQELLGMSMEDFQKLPSWKQIEIKKKIGLF
-1,LSPQHFQELLGMTIEEFQELPLWKQIDIKKKIGLF
-1,LTDEDFERVLDMKREEFDVLPGWKQVNLKKAKGLF
-1,LSEEDFESVLDMKREEFDTLPGWKQVNLKKTKGLF
-1,LSAEDFQECLSMTKEEFQKLPVWKQTAIKKEKGLF
-1,LSDEDFEKALEMTREAFEALPGWKQVKLKKVKGLF
-1,LSDEEFEKALEMTRDEYEKLPGWKQVNVKKAKGLF
-1,LSDEDFEKALEMSRSEYEALPGWKQVNLKKAKGLF
-1,LSDEDFEIALQMTREEYNGLPSWKQVNLKKAKGLF
-1,LSDEDFEKALEMTREDYGGLPGWKQVNLKKAKGLF
-1,LSQHHFEELLGMSKEEFQVLPVWKQVNLKKEIGLF
-1,LSQQHFQELLGMSKEEFQQLPIWKQVNLKKDIGLF
-1,LSDQDFQSALEMTREEYESLPSWKQVNLKKAKGLF
-1,LSDEDFERALEMTRDEYEVLPGWKQVNLKKAKGLF
-1,LIDEEFEETLGMTKDAFYALPKWQQHQLKKDVDLF
-1,LSDEDFENLLGVSRSEFLGMPQWRQIELKKKAGLF
-1,LSNEEFQALFHMTRLQFYRLPEWRRNELKRRARLF
-1,LSDSDFLDIFGKSKDEFYQMAKWKQQNEKKQHGLF
-1,LSDGDFIDVFGISKDDFVSLPQWKQLKLKKEKGLF
-1,LSDEEFQTVFGMTPEAFQALPTWKRATLKKQKKLY
-1,LIEEEFQSVFGMEKETFNNLPRWKQDLLKKKLGLF
-1,LSSEEFQDKFGMTKEAFYELPKWRQNKIKTSLHLF
-1,LSAEEFEAVLGVTKEAFYKIPKWKQDMMKKKVDLF
-1,LAREDFEKVFGMSPIEFYKLPEWKRINLKRKNKLF
-1,LSQEEFEQVFGMPMAEFERLSLWKRNELKKKASLF
-1,LAPEEFERVFGMPMAEFDRLSLWKRNELKKKASLF
-1,LTPEEFQQVFGMPMAEFDRLSLWRRNELKKKASLF
-1,LSQDEFFSVFGMSMEDFDRLSLWKRNDLKKKVCLF
-1,LSQEEFFSVFGMSMEEFDSLSLWKRNDMKKKVCLF
-1,LSDVEFEILFQCSRTEFYRLPKWRRNELKRRAKLF
-1,LSDVEFEILFQCSRTEFYRLPKWRRNELKRRAKLF
-1,LSDVEFEILFQCSRTEFYRLPKWRRNELKRRAKLF
-1,LSDGDFIDVFGVSKDDFVSLPQWKQLKLKKEKGLF
-1,LSNDEFHTLFQMTRSEFYSLPEWRRIDLKKRLKLF
-1,LSDNEFHKLFQMTRMEYYRLPDWRRTDLKKRLKLF
-1,LSNEEFTTLFHMSRLEFYRLPEWKRNDLKKRVKLY
-1,LSNADFAAAFGMSRCEFSKLPAWRQGAAKKKVGLF
-1,LSPEEFQEVFKMTIEQFDRLALWKRNELKKKALLF
-1,LDREEFEKTFGMSPIEFYKLPEWKRINLKRKVKLF
-1,LSPEEFYEVFGMTMVEFDRLALWKRHEMKKQARLF
-1,LSPEEFYQVFGMTLEQFDRLALWKKNELKKKARLF
-1,LSPEEFLHVFGMTIEEFDRLALWKKNDLKKKALLF
-1,LSVEEFQNVFGMTIEEFDRLALWKRNDMKKKALLF
-1,LSDEEFEALFKMDKEKFKAQPPWKQNNLKKQHDLF
-1,LSPESFLQIFGMDIQEFDRLPLWKRNDMKKKADLF
-1,LSPEVFHDIFGMTIQEFDRLPIWRRNELKKRAKLF
-1,LSDSDFMDVFGITKDDFVNLPQWKQLNMKKEKGMF
-1,LSDSDFTAIFGMSKDHFASLPQWKQLSIKKGKGLF
-1,LSDPDFRDIFGITKDDFASLPQWKQLNMKKEKGMF
-1,LSDAEFEMFFHMSRADFYRLPLWRRNDLKKRGRLF
-1,LFDQDFQTIFGMSKEEFDSLPQWKKKTIKKEKGLF
-1,LSDSDFTGVFGITKDDFVRLPQWKQLNMKKEKGMF
-1,LSDSDFSAIFGMSKDHFASLPQWKQLSIKKGKGLF
-1,LSEQDFISVFGITREQFVALPGWKQLQMKKEKGLF
-1,LSDSDFLSIFGVSKDDFVGLPQWKQLKLKKEKGLF
-1,LSEKDFMSVFGITRGQFAALPGWKQLQLKKEKGLF
-1,LSEQDFVSVFGITRGQFSALPGWKQLQLKKEKGLF
-1,LSEQDFVSVFGITRGQFAALPGWKQLQLKKEKGLF
-1,LSERDFASVFGMTRGQFTALPGWKQLLLKKERGLF
-1,LSEQDFVSVFGITRGQFAALPGWKQLQLKKEKGLF
-1,LSDKDFVLAFGITRGEFAALPXWKQLNLKKDKGLF
-1,LSDSDFTAIFGMSKDHFASLPQWKQLSIKKGKGLF
-1,LSDSDFSAIFGMSKDHFASLPQWKQLSIKKGKGLF
-1,LSDADFEDIFGKSKEEFYSMAKWKQQQEKKQLGLF
-1,LSVEEFEAKFGMTKMDFYKLPKWKQNKLKMSLNLF
-1,LSNEEFQERFGMSKQNFYQLPKWRQNKLKMSLHLF
-1,LSNEDFKTKFGMNKKAFYKLPKWKQNKLKQALNLF
-1,LSEQDFVSVFGITRGQFAALPGWKQLQLKKEKGLF
-1,LSSQEFREKFGMTKDAFYKLPKWKQNKLKMTTQLF
-1,LSSAEFREKFGMTKDAFYKLPKWRQNKLKMALQLF
-1,LSSEEFREKFGMTKDAFYKQPKWKQNKMKMSLQLF
-1,LSDSDFQDLFGKSKDEFYRMAKWKQQSEKKQHGLF
-1,LSDEEFEVVFECTKNKFYELPVWKQNKQKEQAGLF
-1,LNDEDFVKALGITRTEFEQMPLWKQTNLKKEKGLF
-1,LSDQEFKSVLNMTKDEFYKLPMWKQKNLKKNNALF
-1,LSDKDFETALEMTREEFSALPNWKQLNIKKGKGLF
-1,LSDEDFKTLLEMSRVEFNALPNWKQKNLKKSKGLF
-1,LSDDDFEKTLGMDKNEWKKLPAWKKTNLRKEVGLF
-1,LSDTDFQTALEMTREEFSSLPNWKQLNIKKSKGLF
-1,LSDDEFESVFGMTKEAFYEIPKWKQDMQKKKL---
-1,LSDEDFKTLLEMSRVEFNALPNWKQKNLKKSKGLF
-1,LSDQDFQAVLEMKRDEYASLPSWKQTDLKKSKGLF
-1,LSDADFQEKFGMSREEYASQPKWRQTNAKRKSGFF
-1,LSDEDFKTLLEMSRVEFNALPNWKQKNLKKSKGLF
-1,LSDEDFKTLLEMSRVEFNALPNWKQKNLKKSKGLF
-1,LSDQDFQAVLEMKRDEYASLPSWKQTDLKKSKGLF
-1,LSETDFQKQFHMSKDEFYALPYWKQTNIKKPLGFF
-1,LSDEDFEKALDMTREEYAGLPGWKQVNVKKAKGLF
-1,LSDEDFEVALEMPREEYNALPSWKQVNLKKAKGLF
-1,LTDADFEAALDMTREEFSSLPPWKQANLKKAKGLF
-1,LTDDDFECALDMTRDEFGALPGWKQANLKKAAGLF
-1,LSNEEFQLVFNMTRDEFNQLPKWKQESEKRKVYLF
-1,LSDDEFEAVFECSKNKFYELPVWKQNKQKEQVGLF
-1,LLDEDFQKLFNMSKREFYELRPWKQRELKKSVGLF
-1,LTDADFEAALDMTREEFNSLPPWKQANLKKAKGLF
-1,LSDEDFEAALEMTRDEYNALPSWKQVNVKKAKGLF
-1,LTDEDFEFALDMTREEFSALPAWKQVNLKKAKGLF
-1,LSNEDFEKALEMTREEYAGLPGWKQVNLKKAKGLF
-1,LTDEDFEFALDMTREEFSALPAWKQVNLKKAKGLF
-1,LTDEDFEFALDMTREEFNALPAWKQVNLKKAKGLF
-1,LTDADFEAALDMTREEFNSLPPWKQANLKKAKGLF
-1,LTDEDFEFALDMTREEFSALPAWKQVNLKKAKGLF
-1,LSDEDFEAGLQMTREEYNTLPSWKQVNLKKAKGLF
-1,LSDEDFEKALDMTREEYGALPGWKQVKLKKAKGLF
-1,LSDHDFQRALDMNREEFHSLPGWKQVNLKKNKGLF
-1,LSDSSFQELFKMDKEAFNKLPGWRQVKLKKDVGLF
-1,LSDEDFEKALDMTREEYAGLPGWKQVNVKKAKGLF
-1,LSEEEFKEKLNMGREEFYKIPPWKQLKIKKEVGLF
-1,LTDEDFERVLDMKREEFDLLPGWKQVNLKKAKGLF
-1,LSEEDFECVLDMKREEFDTLPGWKQVNLKKTKGLF
-1,LNDEDFVKALGITRTEFEQMPLWKQTNLKKEKGLF
-1,LSDEDFERALEMSREEYGALPAWKQVKLKKSKGLF
-1,LSDEEFQAVFGMAVADFLKQPKWKQQNAKKAKDLF
-1,LSDEDFEKALEMTRSEYEVLPGWKQVNMKKAKGLF
-1,LSDAEFETLFLCTRAEFYRMPQWRRNEIKKRARLF
-1,LSNEEFQALFHLTRLQFYRLPEWKRNDLKKRARLF
-1,LSEEDFMAAFGVSRQAFTTLPRWKQQNLKKAKGLF
-1,LTSEDFIEVFGMAYESFAVLPIWKQQNLKKASGLF
-1,LSDAEFETLFLCTRAEFYRMPQWRRNEIKKRARLF
-1,LSDKDFQDIFKMSKDEFSLLPTWKQVNHKKSIGIF
-1,LSDDDFKAAFGSTKEEFQRLPGWKRTQKKKEMSLF
-1,LSDAEFETLFGMSKAQFYALPKWKQSQRKLNLDLF
-1,LAPETFFDIFGMEMEEFDRLPLWKRNDMKKKVRLF
-1,LSEADFQTVFGIDRDTYDELPQWKRINLKKKAGLF
-1,LSNEEFHEKFGMPKSAFYKLPRWKQNKLKMSLDLF
-1,LSDEEFQAVFGMAVADFLKQPKWKQQNAKKAKDLF
-1,LSTEDFQNLFGMTMEEFDRLCLWKRNDLKKKVLLF
-1,LAPEEFEQVFGMPMVEFDRLSLWKRNELKKKVSLF
-1,LSPEDFEHLFGMDIKEFDRLSLWKRNDLKKKVSLF
-1,LTDEEFMKVFSVTRFEFYAMPTWKRNNMKKSVDLF
-1,LSDDEFAKVMECTKDAFYQLPLWKQTNLKKKADLY
-1,LCDSDFQELLEMSKEEFEKLPSWKKTSLKKEKGLF
-1,LAPEEFQQLFGMPIEEFDQLSLWKRNDLKKKVSLF
-1,LSVEEFQNIFGMPIEEFDRLSLWKRNDLKKRVSLF
-1,LSDLEFEEVFQLSRVAFYRLPEWKRNDLKRRVDLF
-1,LSPEEFLQVFGMTVEDFDRLALWKKNDLKKQARLF
-1,LADEEFQAIMGMAKEAFYKLPKWKQDMHKRKVDLF
-1,LNDEEFQEVFGMGRDTFKKQPAWRQAQAKKKANLF
-1,LSDGDFQREFRMIKDEFYALPYWKQTNIKKPLGFF
-1,LSGDDFNTVFGMPQTAFAALPLWKQQKLKKEKGLF
-1,LSDSDFIEAFGIDRTSFYAKPQWKQNELKKKANLF
-1,LSPEDFQYVFGMTLDQFDRMALWKKNDMKKKARLF
-1,LSEQDFVSVFGITRGQFAALPGWKQLQMKKEKGLF
-1,LSPDSFFDIFGMSVQEFDKLPLWKRNDMKRKVNLF
-1,LSDEEFKEVFKCSREDFAEMPVWKQRQRKKAVDLF
-1,LSPDSFFEVFGMEIQEFDVLPLWKRNDMKKRANLF
-1,LSPDSFFDIFGMGIEEFNRLPLWKRNDMKRKVNLF
-1,LSPDSFFEVFGMGFQEFNVLPLWKRNNMKKRAHLF
-1,LSPEHFFDIFGMEIHEFDRLPLWKRNDMKKKAKLF
-1,LAREEFESLFGMTPIEFYKLPEWKRINLKRKLKLF
-1,LSPDEFMELFGMDSEQFYELPKWKQEKHKKTLNLF
-1,LSDEEFQAVFGMAVADFLKQPKWKQQNAKKAKDLF
-1,LSPEEFYQVFGMTPLEFDHLALWKRNELKKQARLF
-1,LSNDEFSTLFHMSRLEFYRLPEWKRNDLKKRVKLY
-1,LSSEEFREHLGMAKDAFYKLPKWKQNKLKMAVQLF
-1,LSEEEFRVKFGMTKQDFYKLPKWKQNKQKMALHLF
-1,LSPEDFYNVFGMTIEKFDRLALWKKNDMKKKARLF
-1,LSDTEFEAIFQCVRADFYRLPQWRRNELKKRARLF
-1,LSDAEFETLFLCTRAEFYRMPQWRRNEIKKRARLF
-1,LSEQDFISVFGITRGQFDALPGWKQLQMKKEKGLF
-1,LSDAEFEAVLQCSRAEFYRLPQWRRNDLKRRARLF
-1,LSNEEFQEIFKMSRKAFYELPKWRQNKLKISLHLF
-1,LSEKDFVSVFGITRGQFAALPGWKQLQMKKEKGLF
-1,LSEQDFVSVFGITRGQFTALPGWKQLQLKKEKGLF
-1,LSEPDFVSVFGITRGQFAALPGWKQLQMKKEKGLF
-1,LTPELFFEIFGMEIEEFDRLPLWKRNEMKKKANLF
-1,LSEPDFVSVFGITRGQFAALPGWKQLQMKKEKGLF
-1,LSEQDFVSVFGITRGQFAALPGWKQLQMKKEKGLF
-1,LSEADFQAVFGISKEAFSCLPQWKQARMKKQKGLF
-1,LSEQDFVSVFGITRGQFAALPGWKQLQMKKEKGLF
-1,LTDEDFLAVFGITRGQFIALPSWKQLQLKKNKGLF
-1,LSDDDFMRVFGIPREKFATLPTWKQLHMKKERGLF
-1,LSEQDFVSVFGITRGQFAALPGWKQLQMKKEKGLF
-1,LSEQDFVSVFGITRKQFAALPGWKQLQMKKEKGLF
-1,LSEQDFVSVFGITRGQFAALPGWKQLQMKKEKGLF
-1,LSEQDFVSVFGITRGQFAALPGWKQLQMKKEKGLF
-1,LSEQDFLSVFGITRGQFAALPGWKQLQMKKEKGLF
-1,LSEQDFVSVFGITRGQFAALPAWKQLQMKKEKGLF
-1,LSEQDFVAVFGITRGQFTALPGWKQLQLKKEKGLF
-1,LSEHDFVSVFGITRGQFTALPGWKQLQLKKEKGLF
-1,LSEQDFVSVFGITRGKFDALPGWKQIQLKKERGLF
-1,LSEQDFVSVFGITRGQFAALPGWKQLQLKKERGLF
-1,LSEQDFVSVFGITRGQFAALPGWKQLQLKKERGLF
-1,LSEQDFVTVFGITRGQFAALPGWKQLQMKKEKGLF
-1,LSEQDFVSVFGITRGQFAALPGWKQLQMKKEKGLF
-1,LSTEDFEKLFQITKEEFYAMPPWKQHNLRKEKDLF
-1,LSEDDFVRVFGIPMEEFNALPTWKQLNMKKDRGLF
-1,LSPDEFEEALGVTRSDFQELPLWKQTKLKKEMGLF
-1,LSDSDFSAIFGMSKDHFASLPQWKQLSVKKGKGLF
-1,LSDAEFETLFLCTRAEFYRMPQWRRNEIKKRARLF
-1,LSEQDFVSVFGITRGQFAALPGWKQLQMKKEKGLF
-1,LSEQDFVSVFGITRGQFAALPGWKQLQMKKEKGLF
-1,LSEQDFVSVFGITRGQFAALPGWKQLQMKKEKGLF
-1,LSEDEFEQVFRLSRTAFYRLPEWKRNDLKRRANLF
-1,LSEQDFVSVFGITRGQFAALPGWKQLQMKKEKGLF
-1,LSEQDFVSVFGITRGQFAALPGWKQLQMKKEKGLF
-1,LSKAEFQEKFGMTKRAFYTLPKWRQNNLKVSLNLF
-1,LNDKNFFTVFKMERDAFYALPKWKQTTLKKEANLF
-1,LSDAEFQDIFGKSKEEFYRMAKWKQQQEKKKHGFF
-1,LSEQDFVSVFGITRGQFAALPGWKQLQMKKEKGLF
-1,LSEKDFVSVFGITRGQFTALPGWKQLQLKKEKGLF
-1,LSTEEFEAKFKMTRADFYKLPKWKQNKLKMSLNLF
-1,LSEEEFEEKFGMGKIAFYKLPKWKQNKLKMTLHLF
-1,LSPAEFEAVFQMSPSEFYRFPQWRRNELKRRARLF
-1,LSDEEFKTVFGLTKEMFYQQPKWKQDMQKRKLDLF
-1,LSAKEFQEKFGMSKKAFYQLPKWRQNKLKLSLGLF
-1,---EDFNELLGMSKEEFHELPNWKRTNLKKKVGLF
-1,LSSAEFQEKLGMAKDEFYKLPKWKQNKLKMAVQLF
-1,LSSEEFREKFGMGKRDFYKLPKWKQNKLKTTVHLF
-1,LSSEEFKEKFGMKKDSFYKLPKWKQNKLKMALQLF
-1,LSSEEFKVKFGMTKDVFYKLPKWKQNKLKMSLQLF
-1,LSEEEFAEKFGMPKGAFYKLPKWRQNKLKMAVDLF
-1,LSSSEFKEKFEMTKSEFYKLPKWKQNKLKMSVQLF
-1,LSDADFGKHFGMDRAAFAALAGWKQKELKKKLGLF
-1,LSDKDFQSVLEMTRDEFNALPNWKQLKLKKSKGFF
-1,LSDEDFEKALEMTRSEYEALPGWKQVNVKKAKGLF
-1,LSDVDFQSVLNMSREEYHSIPLWKQATLKKEVGLF
-1,LSEKDFVSVFGITRGQFAALPGWKQLQMKKEKGLF
-1,LIDDDFEQIFGMTYTQFQGLPRWKQLELKKAVDLF
-1,LSHPDFITAFGMKYEDFAQLPKWRQENLKKAAGLF
-1,LSDEDFERAFRMTRAEFSKLPLWKKRNLKRTLDLF
-1,LTSEDFIEVFGMAYESFAVLPIWKQQNLKKASGLF
-1,LSDSDFQRALDMSREEFNTLPSWKQVTLKKNKGLF
-1,LSDEDFEKALEMTRSEYEALPGWKQVNVKKAKGLF
-1,LSDEDFEKALEMTRSEYEALPGWKQVNVKKAKGLF
-1,LSDEDFEKALEMTRSEYEALPGWKQVNVKKDKGLF
-1,LSDEDFEKALEMTRSEYEALPGWKQVNVKKDKGLF
-1,LSEEDFEVALEMTREEYSALPSWKQVNLKKAKGLF
-1,LSDEDFEKALEMTRSEYEALPGWKQVNVKKAKGLF
-1,LSDEDFEKALEMTRSEYEALPGWKQVNVKKAKGLF
-1,LSDEDFEKALEMTRSEYEALPGWKQVNVKKAKGLF
-1,LSDEDFEKALEMTRSEYEALPGWKQVNVKKDKGLF
-1,LSDEDFEKALEMTRSEYEALPGWKQVNVKKAKGLF
-1,LSDEDFEKALEMTRSEYEALPGWKQVNVKKDKGLF
-1,LSDEDFEKALEMTRSEYEALPGWKQVNVKKAKGLF
-1,LTDEDFEKALEMSREEYSSLPGWKQDNLKKTKGLF
-1,LSDEDFEKALEMTRSEYEALPGWKQVNVKKAKGLF
-1,LSDEDFEKALEMTRSEYEALPGWKQVNVKKAKGLF
-1,LSDEDFEKALEMTRSEYEALPGWKQVNVKKAKGLF
-1,LSDEDFEKALQMSREEYGGLPSWKQVSLKKAKGLF
-1,LSDEDFEKALEMTRSEYEALPGWKQVNVKKDKGLF
-1,LSEEDFEKTLQMTREEYGSLPVWKQVNLKKAKGLF
-1,LSDEDFETALELTREEFDALPGWKQVNVKKAKGLF
-1,LSDEDFERALEMSREEYGALPGWKQVNVKKAKGLF
-1,LSDEDFEKALEMTRSEYEALPGWKQVNVKKAKGLF
-1,LSDEDFEKALEMTRSEYEALPGWKQVNVKKAKGLF
-1,LSNEDFEKALEMTREEYNALPSWKQVNIKKAKGLF
-1,LSDEDFEKALEMTRSEYEALPGWKQVNVKKAKGLF
-1,LSDKDFETALEMTREEYSSLPAWKQVNVKKEKGLF
-1,LTDEDFETALEMTREEFSDLPSWKQVKLKKAKGLF
-1,LSDQDFQSALEMTRAEYEGLPSWKQVNLKKAKGLF
-1,LSDEEFESVLDMTRDEFYALPAWKQSKMKQQCGLY
-1,LSQEEFYQIFGMTMAEFDRLALWKRNELKKQARLF
-1,LSDQDFQTILEMKRDEYASLPSWKQTDLKKSKGLF
-1,LSNDDFEKVFGMSRESFRDLKPWRQLEAKKRVSLF
-1,LSDAEFEAVLQCTRAEFYRLPQWRRNEIKRRARLF
-1,LSPDEFQELFEMTKDEFNALKTWKRAELKKKLGIF
-1,LSPEDFYRVFRMTMADFDRLALWKRNELKKQVRLF
-1,LSDNEFYTLFQMTRSNFYRLPEWRRVDLKKRFKLF
-1,LSEQDFISVFGITRGQFAALPGWKQLQMKKEKGLF
-1,LSPEEFHQVFGMTLDQFDRLALWKKNDMKKKARLF
-1,LSDEEFHQVFSLSRTVFYRLPEWKRNDLKRKAQLF
-1,LSPEEFYRLFGMSIQEFDRLPLWKKNEMKRRLRLF
-1,LSVQDFKAVFGMSREEFEALPNWKQIAMKKDKALF
-1,LSDAEFLTVMGHTRADFANLPKWKQQAKKKEVGLF
-1,LSDAEFAGAFGMGKAEFAAMPLWRRQAAKKKVGLF
-1,LSDAEFQTVFGMTKELFYQQPQWKQDVQKRKKELF
-1,LAIKEFENLFCMTREEFYRQPKWKRMDMKKKVNLF
-1,LSQEEFFGVFGMSIEEFNSLSLWKRNDLKKKVCLF
-1,LSSVEFKEKFGMTKGDFYKLPKWKQNKLKMAIQLF
-1,LSPEEFCSVFGMDMNKFYSMPLWKQRTTKKTVGLF
-1,LSDQEFETVFAMKKEAFNKLPKWKQDMLKRKFDLF
-1,LSPEQFEEIFGMPMAEFDRLSLWRRNELKKKASLF
-1,LSQEEFFGVFGMSIQEFDRLSLWKRNDLKKKVFLF
-1,LSEEEFEKVFSRTKDEFYSLPKWKQQARKKEVLLF
-1,LSVQDFKAVFGMSREEFEALPNWKQIAMKKDKALF
-1,LSPESFLHIFGMDVQEFDRLPLWKRNDMKKKADLF
-1,LSPEEFQEVFKMSIEQFERLALWKRNELKKKALLF
-1,LSPEEFYQVFRMTIADFDRLALWKQNELKKQVRLF
-1,LSDAEFKTVLGVTRGEFAALPKWKQQAKKKEVNLF
-1,LSPGSFYEIFGMEIQEFYTLPLWKRNDMKKSANLF
-1,LSPDTFFELFGMELHEFDRLPLWKRNEMKKKVDLF
-1,LSPEEFYRIFGMTIADFDRLALWKQNELKKQMRLF
-1,LAREEFEELFGMTPIEFYKQPEWKRINMKRKVKLF
-1,LSNEEFMALFHMSRLDFYRLPEWKRNDMKRRARLF
-1,LQPDEFQHVFGMTIEEFDRLALWKRNDLKKKALLF
-1,LSEEEFREIFGITKTAFYQLPKWRQNKLKMSLHLF
-1,LSPEEFYQVFGMTVVEFEQLALWKRNELKKQARLF
-1,LSDQDFKTLLEMSRTEFNALPNWKQKNLKKSKGLF
-1,LSPDSFFAIFGMKIQEFEKLPLWKRNDMKKKANLF
-1,LSPDSFFEIFGMEIKEFDKLPLWKRNDMKKNANLF
-1,LSPESFFEIFGMDFQEFDLLPLWKRNDMKKRANLF
-1,LSEQDFISVFGITRGQFAALPGWKQLQMKKEKGLF
-1,LSERDFVSVFGITRGQFAALPGWKQLQMKKEKGLF
-1,LSNEEFQAIFHLTRLQFYRLPEWKRNDLKKRTRLF
-1,LSDEEFQRVLRLSRSAFYRLPEWKRNDLKRRADLF
-1,LSERDFVSVFGITRGQFAALPGWKQLQMKKEKGLF
-1,LSDVEFEHVLQCTRAEFYRLPQWRRNELKRRAKLF
-1,LSDAEFEAVCGCARAEFYRLPQWRRNELKRRARLF
-1,LSEQDFISVFGITRGQFAALPGWKQLQMKKEKGLF
-1,LSDTDFEMVFHMTRMDFYRLPEWRRNELKRRAKFF
-1,LSHEEFQEKFGMTKKAFYELPKWRQNKHKRSLHLF
-1,LSEQDFISVFGITRGQFAALPGWKQLQMKKEKGLF
-1,LSEQDFVSVFGITRGQFAALPGWKQLQMKKERGLF
-1,LSPEEFDNIFGMTIQEFDRLALWKKNDLKKKARLF
-1,LSDAEFEMFFHMPRADFYRLPLWRRNDLKKRGRLF
-1,LSDYDFNNLFGITKDDFARLPQWKQLKMKKEKGLF
-1,LSDSDFQTIFEMPKDQFASLPQWKQWSLKKAKGLF
-1,LSEQDFISVFGITRGQFAALPGWKQLQMKKEKGLF
-1,LSEQDFISVFGITRGQFAALPGWKQLQMKKEKGLF
-1,LSEQDFISVFGITRGQFAALPGWKQLQMKKEKGLF
-1,LSDPDFNNVFGITKDDFASLPRWKQLKLKKEKGMF
-1,LSDSDFIAVFGITKDDFARLPGWKQLNMKKIKGMF
-1,LSEQDFVSVFGITRGQFAVLPGWKQLQLKKEKGLF
-1,LSEQDFVSVFGITRGQFIALPGWKQLQLKKEKGLF
-1,LSERDFVSVFGITRGQFVSLPGWKQLQLKKEAGLF
-1,LSEQDFVTVFGITRGQFVALPGWKQLQLKKEKGLF
-1,LSEQDFVSVFGITRGQFSVLPGWKQLQLKKEKGLF
-1,LSEQDFVSVFGITRGQFMALPGWKQLQLKKEKGLF
-1,LSDKDFALAFGITRGEFAALPTWKQLNLKKDKGLF
-1,LSEQDFISVFGITRGQFAALPGWKQLQMKKEKGLF
-1,LSESEFETLFQCTRTEFYRLPQWRRNELKRRARLF
-1,LSESEFETLFQCTRTEFYRLPQWRRNELKRRARLF
-1,LSDSDFQDIFGRSKEEFYSMAKWKQQQEKKRLGFF
-1,LSKEEFQEKFGMTKRAFYELPKWRQNKLKIPLNLF
-1,LSDAEFEMIFHMTRMDFYRLPEWRRNDLKRRCKLF
-1,LSKEEFEERFKMTKAEFYTLPKWKQNKLKMSLHLF
-1,LSDEEFQEKFSMTKQAFYELPKWRQNKLKITLHLF
-1,LSEEEFQEKFGMTKQAFYKLAKWKQNKLKLALNLF
-1,LSHEEFQEKFGMTKKVFYKLPKWRRNEHKRSLNLF
-1,LSEAEFQSVLGMSKAEFKRQPKWKQDHLKKEKELF
-1,LSSAEFKEKFGMTKDEFYKLPRWKQIKLKMVLHLF
-1,LSSEEFKEKFGMAKAAFYKLPKWKQNKLKMAIQLF
-1,LSEEEFQNIFRLSRSAFYRLPEWKRNDLKRRVELF
-1,LDDNSFQNAFGMNKEEFEQLPKWKKAELKKNLGLF
-1,LSDQDFKKLLEMSRVEFNALPNWKQKNLKKSKGLF
-1,LNNEDFQKALGLSRAEFEQMPVWKQTNLKKERGLF
-1,LSDAEFQDILEMDREEFYQLPAWKQKVEKQRVGLF
-1,LTDDEFQEALGMKKDEFYNMPSWKQSEFKKTNGLF
-1,LSEEEFKEVLKMGRDEFYKMPSWKQIKTKKEVELF
-1,LSKEDFSNVFKMNIEDFNKLPGWKQHNLKKLVGLF
-1,LSDQDFKKLLEMSRVEFNALPNWKQKNLKKSKGLF
-1,LSDQDFKKLLEMSRVEFNALPNWKQKNLKKSKGLF
-1,LSDQDFKKLLEMSRVEFNALPNWKQKNLKKSKGLF
-1,LSDQDFKKLLEMSRVEFNALPNWKQKNLKKSKGLF
-1,LSDQDFKKLLEMSRVEFNALPNWKQKNLKKSKGLF
-1,LSDQDFQTVLEMKRDEYASLPSWKQIDLKKSKGLF
-1,LSDEDFNTLLEMSRVEFNALPNWKQKNLKKSKGLF
-1,LSDQDFKKLLEMSRVEFNALPNWKQKNLKKSKGLF
-1,LSDQDFKTLFEMSRVEFNALPNWKQRNLKKSKCLF
-1,LSDEEFESVFQMNREEFYSLPTWKQKIIKQEKELF
-1,LSDDEFQTVMGMTKKAFYQQPKWKQDMQKRKMDLF
-1,LTDEDFEFALDMTRDEFNALPTWKQVNLKKAKGLF
-1,LTDEDFESALDMSREEYNALPAWKQVNLKKAKGLF
-1,LSPQHFEELLGMNIEEFEKLPAWKQINVKKKIGLF
-1,LTDEDFEFALDMTRDEFNALPTWKQVNLKKAKGLF
-1,LTDEDFEFALDMTRDEFGALPAWKQVNLKKAKGLF
-1,LTDEDFEFALDMTRDEFNALPTWKQMNLKKAKGLF
-1,LTDEDFEFALDMTRDEFNALPTWKQVNLKKAKGLF
-1,LSADDFQKAFNMTKSAFDALPMWKKTNLRKKAGLF
-1,LTPEDFEEALGMGRSDFHELPFWKQTKLKKEIGLF
-1,LSDKDFEVALEMTREEYNALPPWKQVNTKKAKGLF
-1,LKDEDFHETFGIHKGEFYKLPYWKQLKKKKEVGLF
-1,LTDEDFEFALDMTRDEFNALPTWKQVNLKKAKGLF
-1,LSLEDFDKLLSMSKEEFQKLPIWKQNSLKKEKGLF
-1,LSDEDFEKALEMTRSEYDALPGWKQVNVKKAQGLF
-1,LSAEDFQSLLQMSKEEFEKLPSWKQSTIKKEKGLF
-1,LTDEDFEEVFECTKAKFYGLPNWMQNKHKKQAGLF
-1,LTDEDFEFALDMTRDEFNALPTWKQVNLKKAKGLF
-1,LTDEDFEVALDMTREEYSALPAWKQVNLKKAKGLF
-1,LSDEDFEKALDMTRDEYGSLPGWKQANLKKVKGLF
-1,LTVNDFQETMGMTKPEFYALPAWRQTQLRKETGLF
-1,LSQQHFQELLGISKEEFQELPMWKQMNLKKEVGLF
-1,LSDPDFERFFGMSKAIFYDLPQWKQLRLKKELNFF
-1,LSDEDFEKALDMKREEYEGLPGWKQVNLKKAKGLF
-1,LSPEEFTEALGMSRDDFYSLQAWKQTEIKKKAKLF
-1,LSSAEFKEKFGMTKEAFSKLPKWKQNRLKIALQLF
-1,LNDEEFLRIFSMAYEEFEGLPKWKKLDLKKKVGLF
-1,LSETDFKATFGMDYEAFSKLPNWKKANLKKKAGLF
-1,LAEDEFAQVFGMSSESFYRLPQWKRRDVRKRLGLF
-1,LSAEEFSQVFGMSTEEFDRLALWKRNELKKQARLF
-1,LSDADFKATFGVTKAEFAAMKAWKQAELKKKAGLF
-1,LCDGDFKMVFGVDRDDFSSIPQWKRNNLKKKAGLF
-1,LSDDDFMRVFGIPWEKFAALPTWKQLHMKKERGLF
-1,LSEAEFETLFQCSRIEFYRLPQWKRNELKRRARLF
-1,LSQEEFYQIFGMTIAEFDRLALWKRNELKKQARLF
-1,LNEADFQKAFNMSRTAFEALPMWKKTNLKKKAGLF
-1,LSEAEFETLFQCSRIEFYRLPQWKRNELKRRARLF
-1,LSPEEFDQLFGMPIGEFDRLSLWKRNELKKKVSLF
-1,LSAEEFLCVFGMTLEEFNCLSLWKRNDLKKKVSLF
-1,LSPEEFLSVFRMSIEDFDRLSLWKRNEMKKKVCLF
-1,LSPEDFRRVFSISEDDFSKLPIWKQIRLKKEAGLF
-1,LSAEDFQRVFGMPVSEFDRLSLWRRNELKKKASLF
-1,LTPEEFQQVFGMPMAEFDRLSLWRRNELKKKALLF
-1,LAPEDFEQLFGMKMAEFDRLSLWKRNELKKKVSLF
-1,LSSEDFSRVFAMSPEEFSKLALWKRNELKKKASLF
-1,LSPEEFQRLFGMPLEEFVKLPLWRRNEMKRKLLLF
-1,LSEAEFETLFQCSRIEFYRLPQWKRNELKRRARLF
-1,LSDAEFDTNFKMTREAFKGLPLWKQENIKKEVGLY
-1,LAPDVFFDIFGMTIQEFDRLPLWKRNEMKKKAKLF
-1,LAPETFFEIFGMAIQEFDRLPLWKRNELKKKARLF
-1,LSDADFQDIFGMSRDEFADAPSWRQVILKKQTNLF
-1,LSPEDFLGVFGMSVVEFERLALWKRNDLKKKALLF
-1,LSSEEFKEKFNMPKAAFYKLPKWKQNKLKMAVHLF
-1,LSPEEFLQVFGMTVAEFDRLALWKRNGMKKQARLF
-1,LSLSDFQAIFGCNKDEFASWPKWKQTNLKRKAKLF
-1,LSPDSFFEVFSMDIQEFDKLPLWKRNDMKKKANLF
-1,LSPDEFYRVFGLTIEEFNRLALWKRNEMKKKARLF
-1,LSPEEFLRVFGMTVAEYDRLALWKRNEMKKQARLF
-1,LSPDSFFDIFGMAIKEFDRLPLWKRNDMKKKAHLF
-1,LSPGSFFKIFGMNIQAFDRLPLWKQNDMKKKANLF
-1,LVREDFEEIFKMTPIEFYKLPEWKRINLKRKVKLF
-1,LSDEEFVHVFGMERRHFQRLPEWRRSDLKRKADLF
-1,LSDNEFHTLFRMSRNAFYALPEWRRIEIKKRLKLF
-1,LSEEDFERLLGCSRNDFQRLPKWRQSDLKKKAGL-
-1,LSSAEFKEKFGMAKDAFYRLPKWKQNKLKMALQLF
-1,LSPQEFYHVFGMTVADFDRLAQWKRNELKKQVRLF
-1,LSPEEFYKVFGMSMSSFDQLAQWKKNELKKRVRLF
-1,LSDEEFEMVFNMNRVDFYRLPEWRRNDMKRRAKMF
-1,LSDAEFQMVLGFSRAEFYRQPLWRRNELKRRARLF
-1,LSDAEFEAVLQCSRAEFYRLPQWRRNEIKRRARLF
-1,LSDAEFEAVLQCSRAEFYRLPQWRRNEIKRRARLF
-1,LNDDDFQSVFRMDRTAFYALPHWKQTVLRKKHKLF
-1,LSDAEFEAVLQCSRAEFYRLPQWRRNEIKRRARLF
-1,LSDAEFEAVLQCSRAEFYRLPQWRRNEIKRRARLF
-1,LSDAEFEAVLQCSRAEFYRLPQWRRNEIKRRARLF
-1,LSDAEFEAVLQCSRAEFYRLPQWRRNEIKRRARLF
-1,LSDAEFEAVLQCSRAEFYRLPQWRRNEIKRRARLF
-1,LSDAEFEAIFQVSRTDFYRLPQWRRNELKRRARLF
-1,LSESDFVSVFGITRGQFAALPGWKQLQLKKQRGLF
-1,LSEAEFETLFQCSRIEFYRLPQWKRNELKRRARLF
-1,LSDEDFRSVLGLSREQFEGLPQWKQKTIKKQKGLF
-1,LSDEDFVAVFGITRGQFIALPTWKQLQLKKSKGMF
-1,LSDSDFNDVFGITKDDFVSMPRWKQVNMKKEKGMF
-1,LSEQDFVSVFGITRGQFAALPGWKQLQMKKDKGLF
-1,LSEQDFVSVFGITRGQFLTLPGWKQLQLKKEKGLF
-1,LSEKDFVSVFGVTRGQFMALPGWKQLQLKKERGLF
-1,LSDAEFEAVLQCSRAEFYRLPQWRRNEIKRRARLF
-1,LSEDDFMRTFGIPREAFAALPTWKQLNMKKDKGLF
-1,LSAQDFLKVFGIPREKFAALPTWKQLNMKKEKGLF
-1,LSDADFEKLFGMTKKKYLTLQPWKRTQLKKKVGLF
-1,LSEQDFVRVFAISREEFAALPTWKQLNLKKGKGLF
-1,LTDDDFAAVFRMTKVEFKLLPKWKQDNLKRQARLF
-1,LSDSDFSSIFGITNEEFAGLPRWKQLNMKKEKGMF
-1,LSEHDFVSVFGITRGQFVALPGWKQLQMKKEKGLF
-1,LSDSDFQDIFGKSKEEFYRMVKWKQQQEKKKLGFF
-1,LQDDEFEEVMCMSREEFAALPTWKQGNIKKEVDLF
-1,LSPEEFERVFKMGKEAFARLPQWKQIRMRKDARLF
-1,LSDSDFEDIFGKSKEEFYRMAKWKQQQEKKQHGFF
-1,LSEEEFKVKFGMTKRDFYKLPKWKQNKQKISLHLF
-1,LSEDEFREIFGITKQAFYQLPKWRQNKLKMSLHLF
-1,LTDEDFLKAFGMKRTDFYDQKPWKQNEARKRVGLF
-1,LNDEDFESVFQMDRKTFYGLPLWKQIELRKKHRLF
-1,LSEAEFETLFQCSRIEFYRLPQWKRNELKRRARLF
-1,LSSEEFRENFGMAKDAFYKLPKWKQNKLKMALYLF
-1,LSNEEFNERLGMTRSEFYTMPKWKQNKLKMAVQLF
-1,LSMTEFKEKFGMTKDAFYKLPKWKQNKLKMALHLF
-1,LSSAEFREKFGMTKEGFYKLPKWKQNKQKMALHLF
-1,LSSGEFREKFGMSKATFYKLPKWKQNKLKMSLHLF
-1,LSDQDFKTLLEMSRVEFNALPNWKQKNLKKSKGLF
-1,LSDQDFKTLLEMSRVEFNALPNWKQKNLKKSKGLF
-1,LSDQDFKTLLGMSRVEFNALPNWKQKNLKKSKALF
-1,LSDQDFRNLLQMSRVEFNALPTWKQKNLKKSKGLF
-1,LSDQDFKTLLEMSRVEFNALPNWKQKNLKKSKGLF
-1,LSDCDFEEVFKMSREKFNSLQKWKQIELKKSVNLF
-1,LSDQDFKTLLEMSRVEFNALPNWKQKNLKKSKGLF
-1,LSPEEFYQVFGMTVVEFEQLALWKRNELKKHARLF
-1,LSDQDFKTLLEMSRVEFNALPNWKQKNLKKSKGLF
-1,LSTEDFHRALGISREEFEQLPLWKQTKLKKERGLF
-1,LSDADFKTVFGATRDEFHALPKWKQQAKKKEVKL-
-1,LSDQDFKTLLEMSRVEFNALPNWKQKNLKKSKGLF
-1,LSKEDFQELLSMSKDEFEKLPSWKKTALKKEKGLF
-1,LSDSDFQSVLSMTKNEFYKLPMWKQKNLKKFNALF
-1,LSDQDFKRLLEMSRVEFNALPNWKQKNLKKSKGLF
-1,LSDEDFENLLGTVRLDFQRLPKWRQSDLKKKAGLF
-1,LSDQDFKTLLEMSRVEFNALPNWKQKNLKKSKGLF
-1,LSDVDFENLLGTGRSDFRRLPKWRQSDLKKKAGLF
-1,LSDQDFKTLLEMSRVEFNALPNWKQKNLKKSKGLF
-1,LSDQEFREVLKMDREEFDALPAWKKKELKKEADLF
-1,LSDQDFKTLLEMSRVEFNALPNWKQKNLKKSKGLF
-1,LFDADFEDILEMSREEFYAQPHWKQIDMKKGVGLF
-1,LSDQDFQLALDMTRAEYDALPPWKQADLKKSKGLF
-1,LSDQDFKTLLEMSRVEFNALPNWKQKNLKKSKGLF
-1,LSDQDFKTLLEMSRVEFNALPNWKQKNLKKSKGLF
-1,LSDQDFKTLLEMSRVEFNALPNWKQKNLKKSKGLF
-1,LSDQDFKRLLEMSRVEFNALPNWKQKNLKKSKGLF
-1,LSDRDFKKLLEMSRVEFNALPNWKQKNLKKSKGLF
-1,LTDDDFVKVMGKTREEFAGLPQWKQLDLKKKAKLF
-1,LSDQDFKDLLEMSRVEFSALPNWKQKNLKKSKGLF
-1,LSDKDFKTLLEMSRVEFNALPNWKQKNLKKSKGLF
-1,LSDQDFKTLLEMSRVEFNALPNWKQKNLKKSKGLF
-1,LSDQDFKTLLEMSRVEFNALPNWKQKNLKKSKGLF
-1,LSDQDFKTLLEMSRVEFNALPNWKQKNLKKSKGLF
-1,LSDEDFKTLFDMSRVEFNAMANWKQQNLKKSKGLF
-1,LSDQDFKTLLEMSRVEFNALPNWKQKNLKKSKGLF
-1,LSDQDFKTLLEMSRVEFNALPNWKQKNLKKSKGLF
-1,LSDQDFKTLLEMSRVEFNALPNWKQKNLKKSKGLF
-1,LSDQDFKTLLEMSRVEFNALPNWKQKNLKKSKGLF
-1,LSDQDFKTLLEMSRVEFNALPNWKQKNLKKSKGLF
-1,LSDQDFKTLLEMSRVEFNALPNWKQKNLKKSKGLF
-1,LSDQDFKTLLEMSRVEFNALPNWKQKNLKKSKGLF
-1,LSDQDFKTLLEMSRVEFNALPNWKQKNLKKSKGLF
-1,LSDQDFKTLLEMSRVEFNALPNWKQKNLKKSKGLF
-1,LSDQDFKTLLEMSRVEFNALPNWKQKNLKKSKGLF
-1,LSDQDFQKALDMTKEEYESLPGWKQVNIKKTKGLF
-1,LSDQDFKTLLEMSRVEFNALPNWKQKNLKKSKGLF
-1,LSDDDFKKTLEMTRVEYESLPGWKQVNLKKAKGLF
-1,LSEEDFENALEMTRSEFESLPGWKQVNVKKAKGLF
-1,LDSTDFKEVFGMEKEEFLELPAWKQVKLKKAVNLF
-1,LSDAEFMSVFGMTKEAWTKTPGWKKTPKKKELGLF
-1,LSDDDFKKTLEMTRVEYESLPGWKQVNLKKAKGLF
-1,LSDEDFEIALEMTRDEYNTLPSWKQVNVKKAKGLF
-1,LSDDDFKKTLEMTRVEYESLPGWKQVNLKKAKGLF
-1,LTDEDFEFALDMSRDEFNALPTWKQVNLKKSKGLF
-1,LTDEDFEFALDMTRDEFGALPGWKQVNVKKAAGLF
-1,LSDDDFKKTLEMTRVEYESLPGWKQVNLKKAKGLF
-1,LDDEEFEEIMEISREEFYKLPQWKQDKIKQQVGLF
-1,LSSDDFEIALSMSKEEFHNLPLWKQTSLKKEKGLF
-1,LSDEDFEKALEMTRSDYEALPGWKQVNVKKAKGLF
-1,LSDVDFEVALEMTRDEYNALPSWKQVNLKKTKGLF
-1,LTDEDFEFALDMTRDEFGALPTWKQVNLKKAKGLF
-1,LSDEDFEKALEMTRSDYEALPGWKQVNVKKAKGLF
-1,LTDDDFEKALEMSREEYGGLPAWKQVNLKKAKGLF
-1,LSQQHFEELLGMSKEQFQELPVWKQVNIKKEIGLF
-1,LSDEDFEKGLDMSREEYGCLPGWKQVNLKKAKGLF
-1,LTDEDFECALDMTRGEFSTLPSWKQVNLKKAKGLF
-1,LSDDDFKKTLEMTRVEYESLPGWKQVNLKKAKGLF
-1,LSDRDFEEALEMKRDEYERLPGWKQVNLKKAKGLF
-1,LSDQDFENVLEMKREDYERLPGWKQVNIKKAKGLF
-1,LSDEEFTKIFNMNRDEFGALPAWKRSNLKSKLSLF
-1,LSNMEFEEIFKMTKDDFKKLKKWKQNNLKKKNRLF
-1,LSPEAFFDIFGMEIHEFDRLPLWKRNDMKKRAKLF
-1,LSDVEFEHVLQCSRSEFYRLPQWRRNELKRRAKLF
-1,LENNEFERIFAMNRMEFYRLPEWKRNELKKRVKLF
-1,LSNEDFALILGVSRVEFYSVPTWKQQNLKKETGLF
-1,LSDQDFEMVFRMSRMEFYRLPPWQRNDLKRRCHFF
-1,LSEEEFKRIFQMSYDKFTLLPKWRRDNLKKAVGLF
-1,LSPEDFYRVFRMTMPDFDRLAMWKRNELKKQVRLF
-1,LSQEEFEKVFEMTRETYEKLPGWKRVQAKKRVHLF
-1,LSEEEFLSVFGMSKVQFYTLPKWKQDQRKLHLDLF
-1,LSPEEFLQVFGMNLTEFDRLALWKRNEMKKQARLF
-1,LSDAEFNSVFNLSRVAFYRLPEWKRNDLKRRVHLF
-1,LSQEEFLSVFRMTIEEFDRLSLWKRNDMKKKVCLF
-1,LSSSEFRERFGMTKEAFAKLPKWKQNRLKIALQLF
-1,LSEADFQVVFGMPMADFLKQPKWKQQNAKKSKDLF
-1,LSPDEFYQVFRMTMADFERLVPWKQNELKKQVRLF
-1,LSDEEFEERFKMSRRAFYELPKWRQNKLKLSLHLF
-1,LSQEEFFSVFGMPIEDFDRLSLWKRTEMKKKVCLF
-1,LSEDEFYSVFRMTLEEFDKLSLWKRNELKKRVCLF
-1,LSDADFNKAFKMSKEQFSSLPKWKQMNLKVKVGLW
-1,LSPEEFMNLFAMTMEEFDRLSLWKRNELKKGVSLF
-1,LSDDDFMAVLGMSAPQFAGLPRWKQQNLKKARDLF
-1,LSDDDFMAVLGMSAPQFAGLPRWKQQNLKKARDLF
-1,LAPEDFQNLFGMTVAEFNRLTLWKRNELKKKACLF
-1,LAPETFFEIFGMEIQEFDRLPLWKRNDMKKKAKLF
-1,LDEEDFQNILEVPRNEFYRLPLWKQNDMKKKVDLF
-1,LSQEEFFSVFGMSIEDFDRLSLWKRNQLKKKFCLF
-1,LGDSDFKEVFGMDRDAFKKQPAWRQAQAKKKANLF
-1,LADEEFHSLFHMTRMEYYRLPEWRRVDLKKRLKLF
-1,LSQDSFFEVFGMDIQEFDKLPLWKRNDMKKMANLF
-1,LDDKEFVEVFGMSKADFAKQPKWKQVSAKKAKELF
-1,LAPETFFDIFGMEIQEFDRLPLWKRNNMKKKANLF
-1,LSPEEFGRVFRMTIEEFDRLALWKKNDLKKKARLF
-1,LSPESFFDFFGMEIQEFDRLPLWKRNDMKKKADLF
-1,LEDAEFESVFGTTKEEFRKMKKWKQIEEKKRVGLF
-1,LSPDSFFDIFGMAAKEFERLPLWKRNDMKKKANLF
-1,LSDSDFNEVFGITKDDFASMPQWKQVNMKKLKGMF
-1,LSTEEFQRVFEMTIEEFDRLALWKRNDLKKKALLF
-1,LSPEEFHRVFGMSMAAFDRLAQWKKQELKKQVRLF
-1,LSDSDFQDIFGKSKEEFYGMAKWKQQQQKKQLGFF
-1,LSVDEFKHVFGMTIEEFDRLALWKRNDLKKKALLF
-1,LSDEEFQKVLGMQKTEWEVLPGWKKSERKKSVGLF
-1,LTDEDFEKVFKMSRSSFYALPHWKQIKLRKSNDLF
-1,LSDADFAAVFKCTRAEYKELKPWKQQQLKKSVGLF
-1,LSRNEFESIFHMTPIEFYKLPEWKRINLKRRAKLF
-1,LSPEEFYQVFGMSVADFDRLALWKKNELKKHVRLF
-1,LSPDSFYKIFGMEIKEFNRLPHWKRNDMKKKANLF
-1,LSPEEFFQVFRMTIAQFDRLALWKRNDLKKKARLF
-1,LAPEVFQEIFGMAIQEFNKLPLWKRNEMKKRARLF
-1,LSDSDFSAIFGMSKNLFASLPLWKQLSIKKDKGLF
-1,LSDAEFDAIFHMSRVEFYRCPGWRRNDMKRRARLF
-1,LSSAEFREKFSMTRAAFYKLPKWKQNKLKSGVQLF
-1,LSDTEFEAIFQCTRSEFYRYPQWRRNEMKRRARLF
-1,LSDSDFSCVFGITKDDFVSMPQWKQLNMKKEKGMF
-1,LSDKEFEDLFQCTRAEFYRIPQWRRNEMKRRIRLF
-1,LSDSDFNLVFGMTKDNFVSLPGWKQLKMKKEKGMF
-1,LSDAEFETLFQLSRTDFYRLPQWRRNELKRRARLF
-1,LSDTDFKAIFGMAKDQFVKLPQWKKISLKKGKGLF
-1,LSEQDFVSLFGITRGQFAALPGWKQLQMKKEKGLF
-1,LSDADFASVFGLSKDKFVSLPQWRQLKLKKEKGLF
-1,LGDADFLCVFGISKDDFVSLPQWKQLKLKKEKGLF
-1,LSDVEFEAILQCTRPEFYRLPQWKRNDIKRRARLF
-1,LSEQDFVSVFGIPRGQFAALPGWKQLQMKKEKGLF
-1,LSDQDFISAFGVTRGEYSALPTWKQLNVKKEKGLF
-1,LSAQDFLQVFGIPREKFAALPTWKQLNMKKEKGLF
-1,LAPEEFTKVFGISWAEFQRMPQWKRVQKKKAVGLF
-1,LSDAEFETLFQLSRTDFYRLPQWRRNELKRRARLF
-1,LSDVEFEAILQCTRPEFYRMPQWKRNDLKRRARLF
-1,LSDAEFEAVLHCSRSEFYRMPQWRRNELKRRARLF
-1,LSDSDFQDVFGKSKQEFYSMAKWKQQQEKKRLGFF
-1,LSAQEFQEKFGMSKKAFYQLPKWRQNKLKSALSLF
-1,LSDSDFRDIFGKSKEEFYSMAKWRQQQEKKQLGLF
-1,LSDEEFQGKFGMARSSFYGLPRWKQNKLKMILHLF
-1,LTDDDFQKAFGIGRDEFYAQKAWKQNEARKRAGLF
-1,LSIEEFREKFGMPKSSFYKLPKWKQNKLKMSLDLF
-1,LSSVEFKGVFGMNKRSFMKLPKWKQNRLKKALNLF
-1,LNDDDFQSVFQMERTAFYALPQWKQIVLRKKHKLF
-1,LNKEDFKKLFGVGKEEFPKLPRWKQIDLKKKTGLF
-1,LSSQEFTEKFGMNKDAFYKLPKWKQNKLKMTLQLF
-1,LSAAEFKEKFGMAKEAFYKLPKWKQNKLKMALHLF
-1,LSTEEFKEKFGMTKSAFNKLPKWKQNKLKMSHQLF
-1,LSLEDFTEKFEMTKKEFYKLPKWKQNKLKMSVYLF
-1,LSSEEFKEKFGMAKDAFYKLPKWKQNKHKMSLQLF
-1,LSDDEFKTVLEMGRDEFYKLPGWKQKDKKVKAKLF
-1,LSPDDFQNLFGMEKEDFNTLPEWKRVALKKEKHFF
-1,LNDDDFQNALGLSRTEFEQMPVWKQTSLKKERGLF
-1,LNEADFQTALGMTSAEFEQMPVWKQTNLKKERGLF
-1,LNAEDFQKALGMTSTEFEQMPLWKQTNLKKERGLF
-1,LSSMEFESVFKMTKEEFYKQPKWKQDGQKRKLELF
-1,LSDEDFKTLLGMSRVEFNATPNWKQKNLKKSKNLF
-1,LSVKDFNDLFEMTKEEFYKLPPWKQQNLRKEKKLY
-1,LSDKDFQTILEMKRDEYDSLPDWKQIDLKKSKGLF
-1,LSDDEFEKVFSMTRSAFENLSSWKQTDHKKAVGLY
-1,LSEEDFERALDMKREEFEDLPGWKQVNLKKAKGLF
-1,-SPEDLQKVFKMDKDKFSALPLWKRTELKKKAGLF
-1,LSDEDFGVVFQMSRQEFNALKSWRRNQFKKAAGLF
-1,LSADDFQKPFNMTRSAFDALPMWKKTNLRKKAGLF
-1,LTDEDFEAGLQMTREEYNTLPSWKQVNLKKAKGLF
-1,LTDEDFERVLDVKREEFDALPGWKQVNLKKDKGLF
-1,LSPEDFSELMSMTLDEFQKLPLWKQTSVKKEKGLF
-1,LSDKDFQVALEMTREEYNTLPSWKQVNVKKTKGLF
-1,LSPQHFLELLGMSIEEFKELPAWKQIDIKKKIGLF
-1,LAPQHFQEMLGMSKEDFMELPQWKQTKLKKDAGLF
-1,LNKEDFSNIFKMNAEEFEKLPGWKQQNLKKAVGLF
-1,LAPQHFQELLGMSKEEFLDLPQWKQTKVKKDVGLF
-1,LSEEDFESVLDIKREEFDALPGWKQVNLKKAKGLF
-1,LSSNTFKDKFKMSKEEFQALPRWKQIELKKDVGLF
-1,LCDEEFEEILNMTKAEYYALPAWKQSKLKQDIGLF
-1,LDDKTFEEIFSMSREDFNKLPIWKQAEMKKYSGLF
-1,LNDQDFEKEFGMTKTEFYNLRPWKQQQLKKSKGFF
-1,LSSAEFREKFGMAKDAFYKMPKWKQNKLKMALHLF
-1,LSDKEFEDIFQCTRNDFYRIPQWRRNEIKRRARLF
-1,LSEQEFENIFQLSRSEFYRLPQWRRNELKRRARLF
-1,LSDVEFEAILQCTRPEFYRMPQWKRNDMKRRARLF
-1,LSDPDFKILLEMSRVEFNALPNWKQKNLKKSKGLF
-1,LSDVDLENLLGCSRSGFQRLPKWRQNDLKKKAGLF
-1,LSSEEFFDVFGIKYKEFSNLPKWKQEYMKKKVGLF
-1,--DETFEATFGMARDAFYALPKWRQQRLKKEKDLF
-1,LAPDEFQRIFGMSLSEFDHLSLWKRNELKKKASLF
-1,LSQEEFLSVFGMPIEEFDRLSMWKRNELKKRFCLF
-1,LSDKEFEDIFQCTRNDFYRIPQWRRNEIKRRARLF
-1,LTDEEFFAVFRMSPAEFYKLPDWRRKKLKKAVHLY
-1,LSQEEFFSVFGMSIEQFDRLSLWKRNDLKRKVCLF
-1,LSSAEFREKFGMTKEAFAKLPKWKQTRLKITLQLF
-1,LSPDEFQRLFCMTLEEFVKLPLWKRNELKRKLLLF
-1,LSNEEFTKIFGMEKDEFRAMPNWKRITVKKAKGLF
-1,LSQEEFFRLFRMSMEEFDRLSLWKRNQLKKKVNLF
-1,LSAEDFSRVFAMSPEEFSRLALWKRNELKKKASLF
-1,LSRTEFESLFGMTPIEFYKLPDWKRINIKRKMKLF
-1,LSDLDFQRVLEMKREEFNSLPNWQQINLKKSKGLF
-1,LSDDDFMAVLGMSAPQYAGLPKWKQQNLKKAKDLF
-1,LAPEQFEQLFGMTMAEFDRLSLWKRNELKKKASLF
-1,LAPEEFLRLFGMSIEEFDRLSMWKRNELKKRACLF
-1,LTDDDFEAAFLMTREEFYGRPLWRQKMIKKDLGLF
-1,LGRDEFDKCFGMTPIEFYKLPEWKRINLKRKHKLF
-1,LSDEEFQTVFGTTKAEYEKLPNWQKDRKKKQHGLF
-1,LAPEVFQDLFKMTIQEFDKLPLWKRNDLKKKARLF
-1,LSPQAFFEIFGMGLQEFDVLPLWKRNNMKKRANLF
-1,LSPEEFQQVFAMNIDEFDRLALWKRNDLKKKALLF
-1,LSPEEFHRVFGMSMSTFDRLAQWKKNEMKKRVRLF
-1,LAPEVFFDVFGMEIQEFDKLPLWKRNDMKKKAKLF
-1,LSDIEFHTLFRMSRNDFYALPEWRRIEIKKRLKLF
-1,LSQAEFETLFQCTRSEFYMMPTWKRNDLKKRARLF
-1,LSPEEFRHIFGMAMSEFDRLALWKRNELKKQARLF
-1,-SDADFEAVFHMTREEFSSLATWRRTELKKRAHLF
-1,LSNEEFSVLFHMTRLEFYRLPEWRRSELKRRARLF
-1,LSPEEFHQVFRMTMGDFERLASWKQNELKKQARLF
-1,LSPDEFYRVFGMPMSDFDHLAQWKKNELKKKVRLF
-1,LSPEDFQLVFGMTLAQFDRLALWKKTDMKKQARLF
-1,LSPEEFHRVFRMTMSDFERLAQWKRNELKKQVRLF
-1,LAPEVFQEIFRMTIQEFDRLPLWRRNELKKRARLF
-1,LAPEDFNKLFNMTTQDFDRLPLWKRNDLKKKARLF
-1,LENSEFERILGMNRMDFYRLPEWKRNELKKRVKLF
-1,LSDKEFEDIFQCTRTDFYRIPQWRRNEIKRRARLF
-1,LSDAEFEMVLQCSRAEFYRLPQWRRNEIKRRARLF
-1,LSDAEFEQKFQCSRAEFYRMPQWRRNDMKRRLKLF
-1,LSDSDFSAIFGMSKNLFASLPLWKQLSIKKGKGLF
-1,LSDVEFEAILQCTRAEFYRLPQWRRNEIKRRARLF
-1,LSDKEFEDIFQCTRNDFYRIPQWRRNEIKRRARLF
-1,LSDSDFSAIFGMSKNLFASLPLWKQLSIKKGKGLF
-1,LSDAEFEMVLQCSRAEFYRLPQWRRNEIKRRARLF
-1,LSDAEFEMVLQCSRAEFYRLPQWRRNEIKRRARLF
-1,LAPEVFFELFGMEIQEFDRLPLWKRNELKKKAKLF
-1,LSDVEFEAILQCTRPEFYRMPQWKRNDMKRRARLF
-1,LSDSDFSAIFGMSKNLFASLPLWKQLSIKKGKGLF
-1,LSDSDFSAIFGMSKNLFASLPLWKQLSIKKGKGLF
-1,LSDSDFSAIFGMSKNLFASLPLWKQLSIKKGKGLF
-1,LTDQDFEMVFGLSREMFTALPSWKQINLKKSKGMF
-1,LSESDFLAVFGMPRGEYATLPHWKQLTLKKTKGLF
-1,LSDKEFEDIFQCTRNDFYRIPQWRRNEIKRRARLF
-1,LAPEIFHDIFGMPIQEFDRLPLWKRNNMKKKAKLF
-1,LSDTDFAEVFGMPRGQFAALAGWKQLNLKKQKGFF
-1,LSDVEFEAILQCTRPEFYRMPQWKRNDMKRRARLF
-1,LSDSDFSAIFGMSKNLFASLPLWKQLSIKKGKGLF
-1,LSDVEFEAILQCTRPEFYRMPQWKRNDMKRRARLF
-1,LSDSDFSAIFGMSKNLFASLPLWKQLSIKKGKGLF
-1,LSDSDFSAIFGMSKNLFASLPLWKQLSIKKGKGLF
-1,LSSKEFEAKFGMNKKAFYKLPKWKQTKLKQSLQLF
-1,LSSAEFQEKFGTAKNEFYKLPKWKQNKLKMAVQLF
-1,LSDSDFSAIFGMSKNLFASLPLWKQLSIKKGKGLF
-1,LSDAEFEALFQCNRVEFYRLPQWRRNDIKRRARLF
-1,LSPEEFKSVFGMEVDQFRALPKWKQDQYKKAADLF
-1,LSEAEFEEKFGMTKRAFYALPKWKQNKFKFSLNLF
-1,LSHEEFQVMFGMTKRAFYELPKWRQNKHKISLNLF
-1,LSSSEFKEKLGMKRAEFYKLPKWKQNKLKMGVQLF
-1,LSPEEFNDKFKMSKSAFYKLPKWKQNKLKMALQLF
-1,LSDKDFEIALEMSREEYNTLPSWKQVNIKKAKGLF
-1,LSSVEFQEKFAMSKDAFYKLPKWKQNKLKTALHLF
-1,LTSQEFREKFGMTKSSFYKLPKWKQNKLKMALQLF
-1,LSSQEFREKFGMTKDAFLKLPKWKQNKLKMSLHLF
-1,LSSQEFREKFEMTKDAFYKLPKWKQNKLKMALELF
-1,LTSVEFKEKFEMTKNEFYKLPKWKQNKLKMSVNLF
-1,LSNEEFQYIFHCDRLDFYRLPEWKRNELKRRARLF
-1,LNDKDFETVFEMDRQAFYSLPHWKQIELRKKHQLF
-1,LSQEEFHEKFGMPKSSFYKLPRWKQNKLKISLDLF
-1,LSDEDFKKLFEMDKKEFYSLAKWKQAMRKKAKGLF
-1,LSDPDFKILLEMSRVEFNTLPNWKQRNLKKSKGLF
-1,LSDDDFKELLLMTKDEFEQLPSWKKTALKKDKGLF
-1,LNAEDFQAALGCSRAEFEQLPIWKQTKLKKERGLF
-1,LNSEDFEKALGLTRGEFEQMPLWKQTNLKKERGLF
-1,LNDSEFVPALGITRQEFDQLPVWKQTNLKKERGLF
-1,LNAEDFQTALGMTSTEFEQMPLWKQTNLKKERGLF
-1,LSDPDFKILLEMSRVEFNTLPNWKQRNLKKSKGLF
-1,LPDATFVSLFGVSKDEFAKMPKWKRDNKKKEHGLF
-1,LSDPDFKILLEMSRVEFNTLPNWKQRNLKKSKGLF
-1,LSDPDFKILLEMSRVEFNTLPNWKQRNLKKSKGLF
-1,LSDAEFQELFECTKSEFSKQPKWKQLERKKALRLF
-1,LASPDFIEAFGMTKEEFAALPAWKQTNMKKDVAAF
-1,LSDQDFEVTLEMTREEYEGLPAWKQVNTKKAKGLF
-1,LTDEDFEFALDMTRDEYNALPSWKQVNLKKAKGLF
-1,LTDEDFEIALEMTREEYNMLPSWKQVNLKKAKGLF
-1,LTDEEFEAVFECSKAKFYELPSWTQNKRKKQAGLF
-1,LTDEDFEFALDMTRDEFNMLPTWKQVNLKKAKGLF
-1,LSQQHFRELLGMSKKEFQQLPVWKQVNLKKDIGLF
-1,LSQQHFQELLKMSKEEFQQLPNWKQVNIKKEIGLF
-1,LSPNHFQQMFnGLTKEQFYELPTWKQTNLKKEYGLF
-1,LGEEEFTQVLGMGREEFYSLQSWKQTELKKKAKLF
-1,LSDAEFEAILQVTRQEFYRLPQWRRNELKRRARLF
-1,LSDVEFEAILQCTRAEFYRLPQWRRNELKRRCRLF
-1,LDDDEFASLFQMERDAFYALPRWKQIELRKKHHLF
-1,LSQEEFFSLFGMSMEEFDGLSLWKRNDLKRKVCLF
-1,LSDAEFEAVLQCSRVDFYRMPQWRRNDLKRRVRLF
-1,LSPQEFQQHFHMTQEEFQKQPKWKRDKAKRSLGLF
-1,LNREEFENLFSMTPIEFYKLPEWKRINLKRKVKLF
-1,LSPADFEKVFGKTREEFKAQPAWRQTLAKKQVGLW
-1,LSQEEFFSVFGMSIEDFDCLSFWKRNELKKKVCLF
-1,LSDAEFEAVLQCSRVDFYRMPQWRRNDLKRRVRLF
-1,LSEADFLVVFGSSKDDFAKLPKWKQDSKKKEVGIY
-1,LSDTEFEAVFQCNRVEFYRMPQWRRNDVKRRARLF
-1,LSDSEFKDVFGKSKEEFYSMAKWKQQQEKKQLGFF
-1,LSDAEFEAVLQCSRVDFYRMPQWRRNDLKRRVRLF
-1,LSDTEFKEVFKMSKQDYETKPQWKRTALKKQVGLF
-1,LSEEQFQQVFNCSKAEFQAMPQWKRELLKKKKGLF
-1,LSQEEFFSVFGITIEEFDRLSLWKRNNLKKKFCLF
-1,LGVEEFQEALGMSREDFYCLPVWRQTHLKQKANLF
-1,LAPEQFQQMFGMTMAEFDRLSLWRRNELKKKVSLF
-1,LAPEQFEQLFGMSMAEFDRLSLWKRNELKKKAQLF
-1,LSPEEFQAAFDMPKEQFDQLPGWKKGELRKQLGLF
-1,LSPEEFQRLFEMTVEDFNKLALWKRNEMKKRAFLF
-1,LAPEEFEQLFGMCIEEFDRLSLWRRNDLKKRVSLF
-1,LSPEDFLRVFAMMPEEFAKLALWKRNELKKKAFLF
-1,LSDQDFFDVFSMARVDFYTLPAWKQRDFKKKKLLF
-1,LSQEEFFSVFGMPIEDFERLSLWKKNELKKKVCLF
-1,LTPEDFLRVFEMTPDAFAKLALWKRNELKKKAFLF
-1,LSPEDFQRLFCMPVEEFVKLPLWKRNELKRKLLLF
-1,LSPEHFLEILGMPREEFVELPVWKQCKMKQAAGLF
-1,LSHEEFDRVFGMSVYEFEHLPLWKRKELKKQASLF
-1,LSNDEFHTLFQMSRSEFYNLPEWRRVDLKKRWKLF
-1,LSPYSFFEIFGMKIQEFDKLPLWKRNDMKKAANLF
-1,LSDAEFEAVLQCSRVDFYRMPQWRRNDLKRRVRLF
-1,LSPEEFQAAFEMPRDQFDQLPGWKKGQLRKQLGLF
-1,LSPDSFYEIFGMDSQEFNILPLWKRNDMKKRANLF
-1,LSDAEFEAVLQCSRVDFYRMPQWRRNDLKRRVRLF
-1,LNREEFEKHFEMTPIEFYKLPEWKRINLKRKLKLF
-1,LSDAEFEAVLQCSRVDFYRMPQWRRNDLKRRVRLF
-1,LSPEEFHRVFGMSMSAFDHLAQWKKNELKKQARLF
-1,LSEQDFVSVFGITRGQFTALPGWKQLQLKKEKGFF
-1,LSPGSFFQIFGMDIQEFDKLPLWKRNDMKKKSDLF
-1,LSDAEFEAVLQYSRAEFYRMPQWRRNEIKKRARLF
-1,LSDAEFEAVLQFSRAEFYRLPQWRRNEIKRRARLF
-1,LSDAEFEAVLQFSRAEFYRLPQWRRNEIKRRARLF
-1,LSNEDFFRAFGMTFEDFHALPLWKQTVFKKNALLF
-1,LSERDFVSLFGITRGKFAALPGWKQLQLKKEKGLF
-1,LSDVEFEAILQCTRAEFYRMPQWRRNEIKRRVRLF
-1,LSDAEFEAIFQTNRTEFYRLPQWRRNEIKRRVRLF
-1,LSDAEFEAVLQFSRAEFYRLPQWRRNEIKRRARLF
-1,LSDAEFEAVLQFSRAEFYRLPQWRRNEIKRRARLF
-1,LSPQGFFHIFGMEIQEFDRLPLWKRNDMKKKAKLF
-1,LSDVEFEAILQCTRAEFYRMPQWRRNEIKRRVRLF
-1,LSDTEFEAVLHCTRTDFYRLPQWRRNDIKRRARLF
-1,LSDAEFEAIFQTNRTEFYRLPQWRRNEIKRRVRLF
-1,LSDAEFEAVLQFSRAEFYRLPQWRRNEIKRRARLF
-1,LSDAEFEAIFQTNRTEFYRLPQWRRNEIKRRVRLF
-1,LSDADFQDIFGKSKKEFYGMAKWKQQQEKKKLGFF
-1,LSDIEFEHILQCTRSEFYRLPQWRRNELKRRVKLF
-1,LSDAEFEAVLQFSRAEFYRLPQWRRNEIKRRARLF
-1,LSDAEFEAVLQFSRAEFYRLPQWRRNEIKRRARLF
-1,LSDAEFEAILQFTRAEFYRLPQWRRNEIKRKARLF
-1,LSDVEFEAILQCTRAEFYRMPQWRRNEIKRRVRLF
-1,LSDAEFEAVLQCGRAEFYRLPQWRRNEIKRRARLF
-1,LSDAEFEAVLQFSRAEFYRLPQWRRNEIKRRARLF
-1,LSRNEFEGLFHMTPIEFYKLPEWKRINLKRRAKLF
-1,LSDAEFEAILQFTRAEFYRLPQWRRNEIKRKARLF
-1,LSEQDFVSVLGITRGQFAALPGWKQLQLKKEKGLF
-1,LSESDFVSVFGITRGQFSALPGWKQLQLKKERRLF
-1,LSECDFVSVFGITRGKFAALPGWKQLQLKKERGLF
-1,LTEHDFVSVFGITRGQFAALPGWKQLQLKKDKGLF
-1,LSDQEFEALFQVSRTDFYRLPMWRRNELKRRLRLF
-1,LSDTEFEALFQCNRVEFYRLPQWRRNDIKRRARLF
-1,LSSTEFREKFGMTKEAFSKLPKWKRNKLKIALQLF
-1,LSDAEFEAILQFTRAEFYRLPQWRRNEIKRKARLF
-1,LTEQDFISVFGITRGQFAALPGWKQLQMKKEKGLF
-1,LSDAEFDAVFHMSRMDFYRLPGWRRNDIKRRARMF
-1,LSQEEFEDKFGMTKSAFNGLPKWKQNKLKMSIDLF
-1,LTEKEFEERFGMAKSEFYALPKWKQNKLKISLHLF
-1,LSHEEFQEKFQMPRRAFYGLPKWKQNKLKMSLQLF
-1,LSDEDFQQIFGLSKLEFELLPQWRQMILKKEKKLF
-1,LCPEEFEKVFKMGKDAFTRLPQWKQIRMRKEANLF
-1,LCDEEFQEKFGMRKKAFYELPKWRQNKLKISLHLF
-1,LCDEEFREKFGMRKKTFYGLPKWRQDKLKKSLHLF
-1,LSDEEFQEKFQMTRGAFYKLAKWRQNKLKLSLNLF
-1,LSIEEFEEKFGMEKTTFYKLPKWKQNKLKMTLHLF
-1,LSDEEFQEKFAMSKRVFYQLPRWKQNKLKMSLYLF
-1,LSSAEFNDKFNMTRAAFYKLPKWKQNKLKSDVKLF
-1,LSKTDFREKFGMTKEAFYKLPRWRQNKIKISLKLF
-1,LSVEEFKEKLGMAKNEFYKLPKWKQNKLKMAVQLF
-1,LSSEEFSEKFGMAKVAFYKMPKWKQNKLKMSLQLF
-1,LSSADFKEKFGMRKSAFYDLPKWKQNKLKMSVDLF
-1,LSATEFKEKFGMKRVEFYKLPKWKQNKLKMGLQLF
-1,LSSEEFREKFGMAKDAFYKFPKWRQNKLKMSLQLF
-1,LSAKEFKEKFGMSKEAFYELPKWKQNKFKMAAELF
-1,LSSAEFREKFGMTKEAFAQLPKWKQTRLKITLQLF
-1,LSATEFKEKLGMTKTEFYKLPKWKQNKLKVTVQLF
-1,LSSSDFREKFGMTKDAFYKMPKWKQNKMKISLKMF
-1,LSSAEFKEKFGMTKESFYKLAKWKQNRLKMALQLF
-1,LSPAEFKEKFGMTKGAFAKLPKWKQNRIKIALQLF
-1,LSDSDFQSMFKMPRDEFAKLPAWRKNKEKQAFGLF
-1,LSDDDFKELMGRSKQEFEQLPAWKKTALKKEKGLF
-1,LSDKDFEIALEMSREEYSTLPSWKQVNVKKAKGLF
-1,LSDEEFTKVLGMSRTEYIKLPAWKQKNKKQDAKLF
-1,LSDAEFGKVFGVTKEEFAKQPAWKRLGQRKKHGLF
-1,LSPSDFRQVFNMSRDDFVKLPLWRQQQKKKLARLF
-1,LTDEDFEVEFKCTKAEFYGLPHWMQNKHKKKAGLF
-1,LTDQDFESLLAVSKEEFKELPSWKQTNLKKKTGLF
-1,LTDEDFESLLEIKREEFDALPGWKQVNLKKAKGLF
-1,LSDEDFENGLEMSREEYDLLPGWKQVNVKKARGLF
-1,LSEQDFQKVLGMQRAEWDLLPGWKKTDRKKSVGLF
-1,LHVAEFEKAFGMSKTEYKKIPAWKQLNLKKKAGLF
-1,LSDEDFQIAIKMSRSDFAALPKWKKLQIKKQAGLF
-1,LSSDDFETALSISKEEFQKLPLWKQTSLKKEKGLF
-1,LADEEFEAVFKCSKAKFYELPSWTQNKRKKQAGLF
-1,LSPQHFQELLGMKISEFKKLPSWKQIDIKKKIGLF
-1,LTDEDFEFALDMTRDEYNSLPSWKQVNLKKAKGLF
-1,LSDEDFEAGLQLTREEYNALPSWKQVNLKKAKGLF
-1,LSDEDFEAGLQLTREEYNALPSWKQVNLKKAKGLF
-1,LSDEDFLKLFQMPRDEFSKLPTWKKNSIKTKLKLF
-1,LSENDFEKALEMSREEYEHLPTWKQVNLKKARGLF
-1,LSEEEFTEALGMNREEFYCLQNWKQTEIKKKAKLF
-1,LSDQDFQKALEMKREEYESLPGWKQVNIKKARGLF
-1,LSPQHFKELLGMTKEVFQKLPIWKQLKLKKNIGLF
-1,LDEKTFEETFSMSREDFNKLPIWKQTEMKKYLGLF
-1,LSDEEFESIFHMDRLEFHRLAEWKRCDLKKRVNLF
-1,LDPEVFQQLFGMSIVEFDRLSLWKRNNLKKKVSLF
-1,LSNEDFEAALQLTREEYNALPSWKQVNLKKAKGLF
-1,LSAEEFQVVFGMSLGDFAKLPRWKQQNLKREKDVF
-1,LSEDEFYEIMEMPRHAFEALPVWRQRNLKKAAGLF
-1,LSQEEFFSIFGMTIEDFDHLSLWKRNQLKKKFCLF
-1,LAPEDFERVLGMPMAEFDRLSLWKRNELKKKVLLF
-1,LSEEDFTTVFGKDSRAFYALPVWKQRNAKKTAGLF
-1,LDRQEFINIFGMEWEAFAMLPNWKQQNIKKKVGLF
-1,LPEPIFQKLFGMPKADFAKLPKWKKENAKKKHGLF
-1,LSKEEFFSIFGMTVEDFDLLSVWKRNELKKKVCLF
-1,LSIEDFTKALGMTPTAFSALPRWKQHHLKKEKGLF
-1,LSDSEFQQVFKCSREEFAEMPSWKQRQRKRALDLF
-1,LAPDEFQRLFNMSIEDFDRLSLWKRNELKKKVSLF
-1,LSQEEFFSLFGMSISDFDRLSLWKRNQLKKKVCLF
-1,LSPEEFQRLFGMALDEFVKMPLWRRNELKRKLLLF
-1,LSPEEFQRLFSMTVDEFMKLPLWRRNELKRKLLLF
-1,LSESEFQTVFGITKDAFYQQPGWKQELQKRKADLF
-1,LSQEEFFSVFGMSIEDFDCLSLWKRNDMKKKFCLF
-1,LSPQDFLRVFEMSPDEFGKLALWRRNEMKKKAFLF
-1,LAPDEFQRLFNMSIEDFDRLSLWKRNELKKKVSLF
-1,LSQEEFFSVFGMSIEDFDGLSVWKRNDLKRRVCLF
-1,LSPEDFQRLFCMPMEEFVKLPLWKRNELKRKQLLF
-1,LSQDEFFSIFGMSIEEFDCLSLWKRNELKKKFCLF
-1,LSQEEFFSVFGTTLEEFDRLSLWKRNDMKKKVCLF
-1,---EDFEAVFGMKRSAFGDLPLWKQQKLKKDKGLF
-1,LSSEDFALVLGVSRLDFYAMPDWKQRQLKKEKGLF
-1,LSSEEFKQTFGMAKSTFYQLPKWRQNKLKMSLQLF
-1,LSPDSFFKLFDMDIQEFDRLPLWKRNDMKKKANLF
-1,LSIDDFTLALGMTPSAFSALPRWKQQNLKKEKGLF
-1,LSQTEFETLFQCSRNEFYMLPSWKKNELKKRARLF
-1,LARDEFEDLFGMTPIEFYKQPEWKRINMKRKLKLF
-1,LSPEEFFRVFGMSMSAFDHLAQWKKNEMKKHVRLF
-1,LSNQEFEQIFHMDRLQFYRLPEWRRNDLKRRARLF
-1,LSDAEFEVILQCSRAEFYRMPQWRRNEIKRRVRLF
-1,LSDAEFEVILQCSRAEFYRMPQWRRNEIKRRVRLF
-1,LSDAEFEAILQFTRAEFYRLPQWRRNEIKRRARLF
-1,LSDAEFEAVLQCGRTEFYRLPQWRRNEIKRRARLF
-1,LSDAEFEVILQCSRAEFYRMPQWRRNEIKRRVRLF
-1,LSDQDFEMVFRMTRMDFYRMPAWQRNDLKRRCLLF
-1,LSDAEFEAILQCSRAEFYRMPQWRRNEIKRRARLF
-1,LSDAEFEVILQCSRAEFYRMPQWRRNEIKRRVRLF
-1,LSDAEFEAILQFTRAEFYRLPQWRRNEIKRRARLF
-1,LDDAEFEKVFGFNREEFYALPAWKILTLKKEKELF
-1,LSDSDFNHVFGITKDDFASMPRWKQLNMKKVKGMF
-1,LSDAEFEAILQFTRAEFYRLPQWRRNEIKRRARLF
-1,LSDVEFEAILQCSRSEFYRLPQWRRNEIKRRARLF
-1,-SDADFDAVFHMSRDEFSRLAAWRRTELKKRAHLF
-1,LSDAEFEVILQCSRAEFYRMPQWRRNEIKRRVRLF
-1,LSDAEFEAILQFTRAEFYRLPQWRRNEIKRRARLF
-1,LSEQDFISVFGITRGQFAVLPCWKQLQMKKEKGLF
-1,LSEQDFVSVFGIKRGQFTALPGWKQLQLKKERGLF
-1,LSYSDFSAIFGMSKDHFASLPQWKQLSIKKGKGLF
-1,LSDAEFEVILQCSRAEFYRMPQWRRNEIKRRVRLF
-1,LDDETFENILHMSKEDFYKLPSWKQRQLKQPTGLF
-1,LSDSDFQDVFGKSKQEFYSMATWKQQQEKKRLGFF
-1,LAPTHFQELLGMTKEEYLELPSWKQTNVKKYAGLF
-1,LSDSDFQDIFGKSKEEFYSMTKWRQQEEKKQLGFF
-1,LSAEEFEEKFGMGRKGFYKLPKWRQNKLKLSLNLF
-1,LTDQDFKLVFGLSREVFAALPSWKQINLKKSKGMF
-1,LSDAEFEAVLQCGRTEFYRLPQWRRNEIKRRARLF
-1,LSNCEFKETFGMVKAAFYKLPKWRQNKLKQALALF
-1,LSPEEFERLFEMTPAQFHRLPEWKQNDLKMRLDLY
-1,LSEEEFKVKFGLTKREFYKLPKWKQNKQKMALHLF
-1,LTEDDFQSVFRMERHAFYALPLWKQIELRKKNKLF
-1,LSSEEFKQLFKMTKNAFYMLPKWRQNKLKMALNLF
-1,LSVEEFKEKFGMTKSAFNKLPKWKQNKMKISLQLF
-1,LSDEDFEAALGCSREEFAAMPAWRRELAKRKIGLF
-1,LSSVEFKEKFGMKKSAFYDLPKWKQNKLKMAVHLF
-1,LSSAEFRTKFGMPKKAFYKLPKWKQNKMKMALQLF
-1,LSSTEFREKFGMTKDVFFKLPKWKQNKLKMALQLF
-1,LSSVEFKEKFGMAMDAFYKLPKWKQNKLKMALKLF
-1,LSSSEFKGKFGMTKEAFLKLPKWKQNRLKMALQLF
-1,LSSVEFKEKLGMTRDAFYKLPKWKQNKIKMAIQLF
-1,LSEEDFMTLLEMNRVEFNALPNWKQKNLKKSKGLF
-1,LSSEEFRQKFEMTKSDFYKLPKWKQDKLKMALELF
-1,LGDTDFGKHFGMDRAAFAALAGWKQKELKKKLGLF
-1,LNPDDFERALGLSKHDFEQLPIWKQTNLKKERGLF
-1,LNAEDFQAALGCSRGEFEQLPIWKQTKLKKERGLF
-1,LSDQDFQTILEMKRDEYDSLPSWKQVNLKKSKGLY
-1,LSDADFEIALEMSREEYSALPSWKQVNLKKAKGFF
-1,LSEEEFKTVLQMTKDEFYALPPWKQNKLRQQASLY
-1,LTDEDFEFALDITREEFNALPSWKQVNLKKSKGLF
-1,LSSEDFEKALDMTREEYRAMPGWKQVKLKKAKGLF
-1,LSDEDFEKGLEMTRREYGGLPGWKQVNVKKAKGLF
-1,LSLEEFKEKLNMDKEDFYKMPSWKQLKIKKEVGLF
-1,LSDRDFEEALEMKRDKYERLPGWKQVNLKKAKGLF
-1,LSDTDFEKALEMKREDYECLPGWKQVNLKKAKGLF
-1,LSEEEFQEKFAMPKRAFYQLPRWKQNKLKMSLFLF
-1,LNRAEFEEIFSMSPIEFYKLPEWKRINLKRKAKLF
-1,LSDIDFVRVFECTRAEFNALAAWKQANKKKKVKLF
-1,LSDAEFEAVLQYSRAEFYRLPQWRRNEIKRRARLF
-1,LTDDDFQKAFGTERREFYAQKAWKQNEARKRVGLF
-1,LSPDDFQKYLGVTRAEFYKMAGWKQKRAKKKAGIF
-1,LTDSDFQAMFGASPADFLKMPKWKQQNLKKAKDLF
-1,LDEAEFEKVFGVSRDAFNKQPAWRQTEAKKRVHLF
-1,LSDEEFLSLFKMSMVEFQSLPKWKRDSTKKNLSLF
-1,LSPEEFQEAFEMTFEEFDKLRWWRKREAKKKVGLF
-1,LSDVEFEAILQCTRSEFYRMPQWRRNDIKRRARLF
-1,LAPEEFLDVFKMSIEDFDQLSLWKQNDLKKKVLLF
-1,LSKEDFQKLFGMPYEKYATIPKWKQDNLKKKAGVY
-1,LTPEQFEELFGMSIVEFDRLSLWRRNELKKKAQLF
-1,LSDDDFMAVLGVSAPQFAGLPKWKQQNLKKAKDLF
-1,LSPEDFQRLFCMTLDEFVKMPLWRRNELKRKLLLF
-1,LAPEMFFEIFGMEIKEFNRLPLWKRNELKKKARLF
-1,LAPEEFQQLFGMRIEDFDRLSLWKRNDLKKRLSLF
-1,LNRQEFEEIFGMSYEEFIALPYWKRTEMKKLLKLF
-1,LSQEEFFSIFRMSIEEFDRLSLWKKNNLKKKVCLF
-1,LSREEFANVFAMTPEEFEQLSLWKQNHLKKRACLF
-1,LSSAEFRMKFGMTKNSFYKLPRWKQNKLKMTLQLF
-1,LSDDEFKNIMGLSKVEFNFLPLWKQQNLKKVTGLF
-1,LSEEEFQSVFKMTRSKYESLPNWKRIQLRKQTGLF
-1,LSTAEFQEKFGMAKNEFYKLPKWKQNKLKMAVHSF
-1,LSADDFQQLFQVSPEQFYSLPMWRRTQMKKDIGLF
-1,LSESEFQTVFGLTRELFYQQPKWKQDAQKRKKDLF
-1,LTDKDFIDVFGIDREEFEKKPKWKRTILKKDVDLF
-1,LSDADFAAVFGVDRASIDSIPMWKRNNMKKKAGLF
-1,LADSDFELVFECGRPEFYSYPQWRRNELKKRVKLF
-1,LSDVEFEHILQFTRADFYRLPQWRRNELKRRVRLF
-1,LSDSDFRDVFGITKDDFVGLQPWKQLNMKKEKGMF
-1,LSDSDFQAIFGKSKEDFYRMALWRQQQEKKQHGFF
-1,LSDQEFEGIFQIARPDFYRLPAWRRNELKRRARLF
-1,LSDAEFEVILQCTRSEFYRMPQWRRNEIKRRARLF
-1,LSDAEFEAVLQYSRAEFYRLPQWRRNEIKRRARLF
-1,LSDAEFEVILQCTRSEFYRMPQWRRNEIKRRARLF
-1,LAPEVFFDIFGMDIQEFDRLPLWKRNDMKKKTKLF
-1,LSDVEFEAILQCSRAEFYRMPQWRRNEIKRRARLF
-1,LSDAEFEAVLQYSRAEFYRLPQWRRNEIKRRARLF
-1,LSDVEFEAILQCSRAEFYRMPQWRRNEIKRRARLF
-1,LSDVEFQHTLQCSRAEFYRLPQWRRNEIKRRARLF
-1,LSDAEFEAILQYTRAEFYRLPQWRRNEIKRKARLF
-1,LSDAEFEAILQYTRAEFYRLPQWRRNEIKRKARLF
-1,LSDVEFQHTLQCSRAEFYRLPQWRRNEIKRRARLF
-1,LSDAEFEAVLQYSRAEFYRLPQWRRNEIKRRARLF
-1,LSDAEFEAILQFTRNEFYRLPQWRRNEIKRRARLF
-1,LSDAEFEVILQCTRSEFYRMPQWRRNEIKRRARLF
-1,LSDVEFEAILQCSRAEFYRMPQWRRNEIKRRARLF
-1,LSDVEFQHTLQCSRAEFYRLPQWRRNEIKRRARLF
-1,LSDAEFEVILQCTRSEFYRMPQWRRNEIKRRARLF
-1,LSDVEFEAILQCSRAEFYRMPQWRRNEIKRRARLF
-1,LSDVEFEAILRCTRPEFYRMPQWKRNETKRRARLF
-1,LSDVEFEHVLQCARSEFYRLPQWRRNELKRRAKLF
-1,LSDVEFEAILQCSRAEFYRMPQWRRNEIKRRARLF
-1,LSDVEFEHILQFTRADFYRLPQWRRNELKRRVRLF
-1,LSEQDFVSVFGITRGQFAVMPGWRQLQMKKERGLF
-1,LSDQEFEGIFQIARPDFYRLPAWRRNELKRRARLF
-1,LSDVEFQHTLQCSRAEFYRLPQWRRNEIKRRARLF
-1,LSDVEFEAILQCSRAEFYRMPQWRRNEIKRRARLF
-1,LSDVEFEAILQCSRAEFYRMPQWRRNEIKRRARLF
-1,LSDVEFEAILQCSRAEFYRMPQWRRNEIKRRARLF
-1,LSDADFRDIFGTSKKEFYSMAKWKQQQEKKRLGFF
-1,LSDSDFNIVFGITKDNFANLPGWKQLKMKKEKGMF
-1,LSDVEFEAILQCSRAEFYRMPQWRRNEIKRRARLF
-1,LSDVDFEEAFKMSREKFNSLHRWKQIELKKAVNLF
-1,LSEEEFKEKFGMTKQAFYKLAKWRQNKLKLSLHLF
-1,LSDEEFQEKFGMMRKAFYGLAKWRQNKLKMSLQLF
-1,LSSVEFKDKFNMTRAVFYKLPKWKQNKLKSDVQLF
-1,LSDVEFEAILQCSRAEFYRMPQWRRNEIKRRARLF
-1,LSEEEFQEKFAMSKTVFYQLPRWKQNKLKMSLFLF
-1,LSKEEFMEKFGMSKRAFYALPKWKQGKLKLAVELF
-1,LSAEDFKSKFGMSKSDFYKFPKWKQNKIKTALELF
-1,LSSQEFKDRFGMTKISFYKLPKWKQDKLKVSLNLF
-1,-TSAEFKEMFEMTKSEFYKLPKWKQNKLKMAVHLF
-1,LSAAEFKEKFGMPKETFYKQPKWKQNKLKMALHLF
-1,LTLSEFKEKFEMTKNEFYKLPKWKQNKLKMSVSLF
-1,LSAEEFREHFGMAKDAFHKFPKWKQNKLKMALQLF
-1,LSAEEFKDKFEMTKNAFYKLPKWKQNKMKMALQLF
-1,LSAAEFKEKFGMTKEAFYKLPKWRQSRHKMALQLF
-1,LSSIEFKEKFGMTKETFYKLPKWRQNKLKLTLELF
-1,LSDDDFAKYMKCTRDEFTKLPAWKQTQKKKDAGLY
-1,ISDEDFLTLFKVSKKDFGALPAWKQLNLKKSTGLF
-1,LTDEDFEKALEMMREEFNVLPSWKQAKLKKAKGLF
-1,LCDQDFKTLLEMSRVEFSALPNWKQKNLKKSKGLF
-1,LTNEEFEKVFHMSREAFAELPEWKKLNLKRNLNLF
-1,LTDEDFEAAFHMSRAAFSELPEWKRCNLKRNLNLF
-1,LSNEEFERAFRMTRAEFSQLPLWRKRNLKRALDLF
-1,LSDKDFKTALEMTREEFSALPHWKQLKLKKSKDLF
-1,LDENTFQETFSMSKEDFDKLPIWKQSEMKKYLGLF
-1,LSADDFQQVLGLSRAEFTELPVWKQSKMKQAAGLF
-1,LSNEEFQKVFGMDKKKFATLQNWKQTSLKKEKNLF
-1,LSDEDFQGVgaygkraLEMSKEEFGALPGWKQMNLKKAKGLF
-1,LSENDFEVTLEMSREEYEHLPTWKQVNLKKARGLF
-1,LSDEDFQGVgaygkraLEMSKEEFGALPGWKQMNLKKAKGLF
-1,LSDEDFEDIgaperraLGMSRDEFEGLPGWKQVNVKKTKGLF
-1,LSNEDFEAALQLTREEYNALPSWKQANLKKAKGLF
-1,LSDEDFQGVgaygkraLEMSKEEFGALPGWKQMNLKKAKGLF
-1,LSDEDFEEALDMNRMEYGALPGWKQVNVKKSKGLF
-1,LSDEDFQGVgaygkraLEMSKEEFGALPGWKQMNLKKAKGLF
-1,LSDSEFQSIFKMNKADFAKLPGWRKNKEKQNAGLF
-1,LSEEDFLDVLGIKRSEFNDLPGWKQTSLKRESGLF
-1,LSDQDFEKALEMKKEDYERLPAWKQVNVKKAKGLF
-1,LSDKDFYDFVGISRTEFETMPLWKQNSIKKEKGLF
-1,LEEDKFQEIFEMSKEEFYKLPNWKQRQVKQPTGLF
-1,LEEDKFQEIFEMSKEEFYKLPNWKQRQVKQPTGLF
-1,LSEEDFTTVFGKGSKDFYSLPVWKQRTAKKAVGLF
-1,LREDDFARVFGLSKEAFGALPKWKQNARKKELKLF
-1,LSDVEFEHILQCTRADFYRFPQWRRNELKRRVKLF
-1,LSPSDFQELLGCTKEEYAEMPKWKQQKAKRDADLF
-1,LSDADFEAAFKCSRADFKVLKGWKQQNLKKACGLF
-1,LARDEFERLFEMSPIEFYKLPEWKRINLKRKHKLF
-1,LTEEDFKVVFGTSKDEFAKLPKWKQDGKKKETGIY
-1,LAPDLFFKIFGMKMQEFDKLPLWKRNDMKRKVNLF
-1,LSEEDFTAVFGKGRKDFYSMPVWKQRSAKKSAGIF
-1,LAPDEFLNLFGMPIAEFDRLSLWKRNELKKKVLLF
-1,LSDIEFENILQCTRAEFYRMPQWRRNEIKRRARLF
-1,LSRDDFLRVFEMTPDEFGKLALWRRXELKKKVFLF
-1,LSPECFQQLFGMPMDEFDRLSLWRRNELKKKALLF
-1,LSPEQFQQIFGMPIADFDRLSLWRRNELKKKALLF
-1,LSKEEFFSVFGMTVEDFDLLSVWRRNELKKKVLLF
-1,LSAEDFLRAFEMSPEEFGKLALWKRNELKKKAFLF
-1,LNPEEFLQVFGMTVAEFDRMALWKKNEMKKQARLF
-1,LAPEEFLRLFGMLIEEFDRLSLWKRNDLKKRVCLF
-1,LSPDSFFDIFGMECHEFSRLPLWKRNEMKKRAYLF
-1,LSKDEFAQVFGVDKAEFYSFPKWKQTKLKRQHKLF
-1,ISAAEFREKFGMAKDAFYKLPKWKQNKLKMALQLF
-1,LSDAEFDMVFRVSREDFYKLPYWKRCDLKRKYHLF
-1,LSPEEFTEALGMNQDEFYSLQNWKQTEIKKKAKLF
-1,LNSDEFQRLFGMPRERFYRLAEWKRNDMKKKLDLY
-1,LSREEFECVFGMSVCEFEHLALWKRNELKKQTRLF
-1,LAPEVFFDLFGMEIQEFDRLPLWKRNDMKKRARLF
-1,LAPDTFFEIFGMEIQQFDRLPLWKRNDMKKRAKLF
-1,LSNEEFQHIFHMARLQFYRLPEWRRNELKRRVKLY
-1,LNRDEFEEIFEMTAIEFYKLPEWKRVNLKRKFKLF
-1,LNRQEFEEIFGMSYEEFISLPYWKRTEMKKLLKLF
-1,LSNQEFEELFNMSREGFHRLPEWKRNDMKRKLHLY
-1,LAPDLFFKIFGMKMQEFDKLPLWKRNDMKRKVNLF
-1,LNRTEFEEIFSMSPIEFYKLPEWKRINLKRKAKLF
-1,LSPEDFQQVFCMTLQKFDRLALWKKTDLKKKARLF
-1,LSPDSFYKVFEMNFQEFNRLPLWRRNDLKKIVNLF
-1,LAGEEFQKLFKMTPIEFYKLPLWKRHAVKKRLQLF
-1,LNRTEFEEIFSMSPIEFYKLPEWKRINLKRKAKLF
-1,LSDQEFEALLQMARSDFYRLPQWKRNEMKRRMRLF
-1,LSPEEFLKVFGKTVAEFDQLALWKRNEMKKQARLF
-1,LSSSEFKKKFGMTKDAFRKMPKWKQNKMKVALKLF
-1,LSDAEFEAILQCNRSEFYRLPQWRRNEIKRRARLF
-1,LSDAEFEAILQCNRSEFYRLPQWRRNEIKRRARLF
-1,LSDVEFEAVLMCTRTDFYRLPQWRRNEIKRRARLF
-1,LSDAEFEAILQFSRNEFYRLPQWRRNEIKRRARLF
-1,LSDAEFEAILQCNRSEFYRLPQWRRNEIKRRARLF
-1,LSDAEFEAILQCNRSEFYRLPQWRRNEIKRRARLF
-1,LSDAEFEVILQCSRTEFYRMPQWRRNEIKRRARLF
-1,LSDAEFEVILQCSRTEFYRMPQWRRNEIKRRARLF
-1,LSDVEFEHILQCTRADFYRFPQWRRNELKRRVKLF
-1,LSDAEFESILQCNRSEFYRLPQWRRNEIKRRARLF
-1,LSDVEFEHILQCTRADFYRFPQWRRNELKRRVKLF
-1,LSDAEFESILQCNRSEFYRLPQWRRNEIKRRARLF
-1,LSDSDFSDVFGITKDDFVSLSGWKQLNMKKEKGMF
-1,LSDSDFNHVFEITKDDFASMPQWKQLNMKKEKGMF
-1,LSDQEFEVLFQLSRMDFYRLPQWRRNELKRRIRLF
-1,LSDSDFTIIFGITRDEFMRLPQWKQLNVKKEKMMF
-1,LSDQEFEVLFQLSRMDFYRLPQWRRNELKRRIRLF
-1,LSDEEFEKHLGMTKQEWESFPSWKKSEKKKSANLF
-1,LSDSDFQDIFGKSKEEFYSMARWRQQQEKKQFGFF
-1,LSDDEFEKVFNMSRRSFEMLPLWKAQKLKTEKGLF
-1,LSDSDFQDLFRKSKDEFYSMAKWRQQQEKKQLGLF
-1,LSEAEFETLFHCSRMDFYRMPQWRRNELKRRARLF
-1,LSEAEFETLFHCSRMDFYRMPQWRRNELKRRARLF
-1,LTEDDFEKEFGMSPKDFSGLPQWKQVRMRKDLGLF
-1,LCDEEFQEKFGMTRKAFYELAKWRQDKLKISLHLF
-1,LSSGEFAEKFGMTRASFNNLPKWKQNRLKTDLQLF
-1,LGSGDFERIFEMSRSQFAALPQWRQKELKKAKGLF
-1,LSSAEFRAKFGMAKNAFYKLPKWKQNKLKMVLHLF
-1,LSSEEFKEKFGMAKSAFNKLPKWKQNKLKVTLQLF
-1,LSRDEFKEKFGITKDVFYKMPKWKQNKLKMALQLF
-1,LSSSEFKEKFGMAKEAFSKLPKWKQNRMKIALHLF
-1,ISSSEFTEKFGITKEAFYKLPKWKQNKLKMALKLF
-1,LSSGEFREKLGMTKDAFYKLPKWKQSKMKMALQLF
-1,LTDEDFENAFHMSRGAFAELPEWKKRNLKRSVNLF
-1,LSDEEFQEVFGVSREEFYKMKPWCRDKLKHSVYLY
-1,LSEEDFEKGLEMTREDYGSLPVWKQVKLKKAKGLF
-1,LSDEDFQGVgaygkraLEMSKEEFGTLPGWKQMNLKKAKGLF
-1,LSAQHFQELLGMNLEDFQKLPSWKQIDIKKKIGLF
-1,LSDQDFVKYFQMKIESFESLPKWKRDDKKKSIGLF
-1,LSPQHFTELLGMDMEEFRELPAWKQISIKKEIGLF
-1,LSDKDFEIALEMTREDYSILPSWKQVNIKKAKGLF
-1,LSDDDFEKALDMVREEYEALPAWKQVKVKKAKGLF
-1,LDEEEFQSLLHMSKEEYYALPSWKQRQLKQPTGLF
-1,LSDAEFATLFKMPRDEFAKLPTWKKNSLKNAQGLF
-1,LSDAEFTTVFKMSKAEFAKLPVFKRNSEKQKVGLF
-1,LSDQDFLAIVGKTREEFDALQPWKQLDLKKKVNLF
-1,LTDEDFERALEMKREEYEGLPGWKQVNVKKAKGLF
-1,LDPQHFQELLGISKEEFLDLPTWKQTKIKKEVGLF
-1,LSPDEFTQLLSMTPAEFGKLPTWKQSAIKKEKGLF
-1,LDEEEFQSLLHMSKEEYYALPSWKQRQLKQPTGLF
-1,LSDAEFQKTFNMDRNAFKALAKWKRDDAKKKAGIF
-1,LSPVEFQGLFEMTIKAFDKLPRWRRTELKRRVDLF
-1,LAADAFYDVFGMKYTQFTELPKWKQENLKKSVGLF
-1,LSNEEFKEKFGMTKEAFCKLPKWKQNKHKMALHL-
-1,LSDAEFESLFQLSRTDFYRLPTWRRSEIKRRARLF
-1,LKRDDFEELFDMTPIEFYKLPEWKRIQLKRKHHLF
-1,LAPHHFKEVLGLSKEEFSELPAWKQNKLKQEKGLF
-1,--EQEFLQLFGMSKASFDRLPSWKQLRFKKKHGLF
-1,LSQDEFYQIFNMTIAEFDRLALWKRNELKKQARLF
-1,LSDAEFEAILQVGRQEFYRLPQWRRNELKRRARLF
-1,LDDKQFTTVFSMSKDEFNKQPKWKQDAKKKEVGLY
-1,LSDADFEDLLGTTRSEFSTMPAWRQKHLKKTSGLF
-1,LSEQEFNDVFGVTREEFSEVPKWRQQQIKKEKNLY
-1,IAPDEFETVMGMTPAAFDKMPKWKQQNLKKAKDIF
-1,LTEEDFLEVFGMSKSAFARLAGWRQAALKRDKGLF
-1,LSPASFYEIFGMEIQEFHTLPLWKRNDMKRNANLF
-1,LTHDDFVATFSMPYTEFRSLPGWKQRELKKAVGLF
-1,LSAEDFLRAFEMSPDEFGKLALWKRNELKKKAFLF
-1,LSSAEFREKFSMARVAFYKLPKWKQNKLKSDVKLF
-1,LAPEDFLRVFAMPMAEFDRLSLWRRNELKKKASLF
-1,LSQQEFFSVFGMSLQDFRTLSQWRRNELKKKFGLF
-1,LSPEEFHRLFQMNIEEFNKLALWKRNDMKKRAFLF
-1,LSQDEFQRLFQMPIEEFNKLALWKRNDLKKRAFLF
-1,LSRPEFREVFRMSEEEFERLALWKRNELKKKALLF
-1,LLDSDFNAIFGMSKDHFASLPQWKQLSVKKGKGLF
-1,LADDEFEAVLGMPKELFYGMKRWRQIEAKKAVGLF
-1,LSPAEFRHRFGMSIQEFDRFPLWKRNDMKRKLHLF
-1,LSDADFEKVLGSPRSEFNEMKMWKQNQLKKAKGLF
-1,LSPEEFTEALGMNQDEFYSLQTWRQTEIKKKANLF
-1,LSEEEFQKIFDMSYNQFHKLPDWKKVELKKLVKLF
-1,LSDEEFQKLFGMSKDEFGNLSQGKQNWERKRHGLF
-1,LSDEDFKNTLGVSKREFLTLPAWKQLELKKKGNLF
-1,LNRAEFEQIFSMSPIEFYKLPEWKRINLKRKAKLF
-1,LSPGDFQKVFRMSLDQFERLALWKKNELKKAARLF
-1,LSDEQFEAAFKMSQEKFDSLPLWKKTNLKKSLHLF
-1,LSNDEFHSLFNMTRLQFYRLPEWRRNEIKRKCMLF
-1,LSDSDFQDIFGKSKEEFYSMATWRQRQEKKQLGFF
-1,LSNQEFDQIFHMDRLQFYRLPEWRRNDLKRRARLF
-1,LSNQEFDQIFHMDRLQFYRLPEWRRNDLKRRARLF
-1,LSDSDFQDIFGKSKEEFYSMATWRQRQEKKQLGFF
-1,LSNEEFQQIFHMSRLQFYRIPEWRRNYMKRRAKLF
-1,LSDQEFEAIFQVGRHDFYRLPQWRRSELKRRARLF
-1,LSDSDFQDIFGKSKEEFYSMATWRQRQEKKQLGFF
-1,LSDVEFEHILQCTRADFYRFPQWRRNEMKRRVKLF
-1,LSDVEFEHILQCTRADFYRFPQWRRNEMKRRVKLF
-1,LSDVEFEHILQCTRADFYRFPQWRRNEMKRRVKLF
-1,LSDIEFEHILQCNRSEFYRLPQWRRNELKRRVKLF
-1,LSDSDFQDIFGKSKEEFYNMATWRQRQEKKQLGFF
-1,LSDSEFEMIFHVPRMEFYRMPQWKRNDLKRRALLF
-1,LSDSDFQDIFGKSKEEFYSMATWRQRQEKKQLGFF
-1,LSDSEFEMIFHVPRMEFYRMPQWKRNDLKRRALLF
-1,LSDSDFQDIFGKSKEEFYSMATWRQRQEKKQLGFF
-1,LSDSDFREVFGKSREEFYSMAKWRQQREKQQLGFF
-1,LKSEDFQRVFSISEDQFYKLPIWRQILLKKEAGLF
-1,LSDSDFQDIFGKSKEEFYSMATWRQRQEKKQLGFF
-1,LSDPDFQDIFGKSKKEFYSMAKWRQQQEKKQLGFF
-1,LTEKEFQERFEMTKPKFYALPKWKQNKLKMSLRLF
-1,LSEEEFGEKFGLPKTTFYKLPKWKQNKLKMTLNLF
-1,LTDKEFEERFKMTKSEFYALAKWKQNKLKMSLHLF
-1,LSNEEFEAKFGMRKGDFYKLAKWKQNKLKMALHLF
-1,LSEDEFQEKFSMPKRAFYQLPRWKQNKLKMSLYLF
-1,LSSGEFKEKFGMARASFNKLPKWKQNRLKSDLQLF
-1,LSSKEFREKFKMAKAAFYKLPKWKQNKLKMALQLF
-1,LTEEDFESTFEMDRASFEAMPGWKREERKKKLGLF
-1,LTAAEFKDKFEMTKSEFYKLPKWKQNKLKTAVQLF
-1,LSPDEFKERLKMAKNEFYKLPRWKQNKLKMAVQLF
-1,LSSTEFREKFGMTKVVFFKLPKWKQNKLKMALQLF
-1,LSDEEFKLVFGCPRNVFYTYKVWRQQQIKKNAGLF
-1,LSDAEFEAILQVSRHDFYRLPQWRRNELKRRARLF
-1,LNSDDFKLALGCSRAEFEQLPIWKQTKLKKERGLF
-1,LNTNEFQQALGVSRAEFDQLPVWKQTKLKKERGLF
-1,LSDVEFEHILQCTRADFYRFPQWRRNEMKRRVKLF
-1,LSDDVFVQVFGCTKVEFQALPLWRQQQKKKLALLF
-1,LSDRDFERALDMQRGEYERLPGWKQVNLKKAKGLF
-1,LNDEDFEKVFKMTRTEWLKIPAWKREGIKKELFLF
-1,LSEHEFKKLFGMTKREYEAVPPWKKDNLKKAANLY
-1,LSDGDFEKALEVTREEYGALPVWKQVKLKKAKGLF
-1,LSDEDFEvRALEMTRDEYEVLPGWKQVNLKKAKGLF
-1,LSDEDFEDIgaperraLGMNRDEFEGLPGWKQVNVKKAKGLF
-1,LSDQDFEVTLEVNREEYERLPGWKQVNLKKAKGLF
-1,LSNDEFIKVFGMDKKKFSQLQPWKQTSLKKEKSLF
-1,LSDEDFEgqllgkKALEMTREEFEGLPSWKQGNLKKAKGLF
-1,LSDTDFEKGLEMKREDYESLPGWKQVNLKKAKGLF
-1,LSDQDFEKALQLNREEYGALPGWKQVNLKKAKGLF
-1,LSDEDFEgqllgkKALEMTREEFEGLPSWKQGNLKKAKGLF
-1,LDDDDFQELMEMNREEFYLLPAWRQRQLKQHAHLF
-1,LSDDEFNSLFKVSRDEFSKMPAWKRNNIKQKLELF
-1,LNDEDFAATFKMSREDFAKLPGWKKNKEKANHGLF
-1,LSEPDFEKALEVTREEYESLPGWKQVNLKKAKGLF
-1,LNDSDFEEALGLSPTEFYVLPAWKQNEMKKLSSLF
-1,LSEDEFQSHFGFTKKDFMTFPRWKQTSIRKEKGLF
-1,LHDEEFEEILEMNREEFYSQPSWKQKQMKIQMGLF
-1,LNSNDFQRALGVSRVEFEQLPVWKQTKLKKERGLF
-1,-TSADFKEKFEMTKSEFYKLPKWKQNKLKMALQLF
-1,LTHDDFVSTFNMAYSEFRALPGWKQREMKKAVGLF
-1,LSDQDFQAVFGMKRSAFGNLPLWKQQKLKK-----
-1,LTDEDFEFALDMTRKEYNALPSWKQVNLKKTGGLF
-1,LSDHDFQTILKMKRDEYDSLPNWKQVSLKKSKGLY
-1,LSDAEFEAILQTGRQEFYRLPQWRRNELKRRARLF
-1,LSDSDFQDIFGKSKEEFYSMAKWRQQQEKQQLGFF
-1,LAPEVFQQTFGMPMADFDRLSLWKRNDLKKKAQLF
-1,LSDAEFEAILQAPRPEFYRLPQWRRNELKRRARLF
-1,LSDDEFLAVMGMGKAAFAALSKWKQVERKKAAKLF
-1,LSVEEFQQVFGVPIAEFNRLSLWRRNELKKKASLF
-1,LDDMTFEEVMGMGRPAFSALPGWKKANLKKAAGLF
-1,LSPEEFYHLFEMTIEDFDCLSLWKRNNLKKKMALF
-1,LSEDEFFSVFRMTLRDFDQLSLWKRNELKKRVCLF
-1,LSDSEFKEVFGVDRDAFKAQPAWRQAGAKKKANLF
-1,LDPQQFQQVFGMSASEFERLSLWRRNELKKKASLF
-1,LSPEEFQLIFSMPVEEFNQLSLWRRNELKKKACLF
-1,LSSEDFLRVFEMPMADFDRLSLWKRNTLKKRASLF
-1,LSPEDFLRVFEMPMAVFDCLSLWKRNELKKKASLF
-1,LSPEEFQRLFCMPIDEFVKLPLWKKNEMKRKLLLF
-1,LAPEEFVRLFQMSMAEFDRLSLWKRNELKKKVLLF
-1,LSPADFYRIFRMTLGEFDRLALWKRNELKKHARLF
-1,LCDDDFEEVFKMTKEDFDQLPFWKQRKLKLPTGL-
-1,LFDDEFDKAFGMSREAFKELKPWRQQKLKQSAGLF
-1,LSNEEFLEKFGMDREAFDALPKWRQKMKKQVLQLF
-1,LSQSEFETLFQCGRSEFYMMPSWKKNELKKRARLF
-1,LTHDDFVSLFNMSFYEFDELPAWKQQELKKKHKLF
-1,LSSKEFAQIFAMNQEQFYQLPLWRQRELKKNVYLF
-1,LSPEDFVRALRMSRADFFRLPDWKRSELKKRAKLY
-1,LSPGSFFKLFGIDIQEFDKLPLWKRNDMKKKADLF
-1,LSDSDFELVFKMSKKVYQTLPQWKRNQLRKSYGLF
-1,LAPDVFYRLFNMSIQEFDRLPLWKRNELKKRAHLF
-1,LDRKEFEDLFGMTPIEFYKQPEWKRINLKRKNKLF
-1,LSPHSFFNIFDMTIEEFDTLPLWKCNDMKKKANLF
-1,LPDGEFSDIFGMEREEFRHLPEWKRNDMKRKKDLY
-1,LSDEEFLKVIGVSKQEFIKLPGWKQKSKKQEAKLF
-1,LSPGSFFQIFGMGLQQFDLLPLWKRNNMKKRANLF
-1,LNDDDFQSLFRMERIAFYALPHWKQIVLRKKHKLF
-1,LSPAEFQEVLGVSREEFEGLPKWKQTKFKRAANL-
-1,LDKESFENAFAMTKEEFDQLPKWKKAEMKKHLGLF
-1,LNRETFEDLFKMTPIEFYKLPEWKRVNMKRKVKLF
-1,LSDIEFEHILQCARSEFYRLPQWRRNELKRRVKLF
-1,LSDIEFEHILQCARSEFYRLPQWRRNELKRRVKLF
-1,LSDIEFEHILQCARSEFYRLPQWRRNELKRRVKLF
-1,LSDVEFEAILQCNRAEFYRMPQWRRNEIKRRARLF
-1,LSDIEFEHILQCARSEFYRLPQWRRNELKRRVKLF
-1,LSDIEFEHILQCARSEFYRLPQWRRNELKRRVKLF
-1,LSDIEFEHILQCARSEFYRLPQWRRNELKRRVKLF
-1,LSDIEFEHILQCARSEFYRLPQWRRNELKRRVKLF
-1,LSDIEFEHILQCARSEFYRLPQWRRNELKRRVKLF
-1,LSDIEFEHILQCARSEFYRLPQWRRNELKRRVKLF
-1,LSDIEFEHILQCARSEFYRLPQWRRNELKRRVKLF
-1,LSDIEFEHILQCARSEFYRLPQWRRNELKRRVKLF
-1,LSDIEFEHILQCARSEFYRLPQWRRNELKRRVKLF
-1,LSDIEFEHILQCARSEFYRLPQWRRNELKRRVKLF
-1,LSDIEFEHILQCARSEFYRLPQWRRNELKRRVKLF
-1,LSDIEFEHILQCARSEFYRLPQWRRNELKRRVKLF
-1,LSDIEFEHILQCARSEFYRLPQWRRNELKRRVKLF
-1,LSDIEFEHILQCARSEFYRLPQWRRNELKRRVKLF
-1,LSDIEFEHILQCARSEFYRLPQWRRNELKRRVKLF
-1,LSDSDFQDIFGKSKEEFYSMAKWRQQQEKQQLGFF
-1,LSDIEFEHILQCARSEFYRLPQWRRNELKRRVKLF
-1,LSDIEFEHILQCARSEFYRLPQWRRNELKRRVKLF
-1,LSDIEFEHILQCARSEFYRLPQWRRNELKRRVKLF
-1,LSDIEFEHILQCARSEFYRLPQWRRNELKRRVKLF
-1,LSDIEFEHILQCARSEFYRLPQWRRNELKRRVKLF
-1,LSDIEFEHILQCARSEFYRLPQWRRNELKRRVKLF
-1,LSEAEFEAVFHVNRLEFYRMPSWRRNDLKRRARLF
-1,LSEAEFEAVFHVNRLEFYRMPSWRRNDLKRRARLF
-1,LSAEEFEEALGVSRGDFQDLPFWKQTKLKKEMGLF
-1,LTDDDFIKAFGIVRTEFYAQKAWKQNEARKRVGLF
-1,LSDSDFQDIFGKSKEEFYSMAKWRQQQEKQQLGFF
-1,LSKAEFLEKFGMTTRAFYALPKWRQNKLKISLNLF
-1,LSPEEFQRLFEMTPAQFRRLPEWKRNDLKLRLDLY
-1,LSTEEFNNKFEMTRKAFYKLPLWKQNKIKMKLQLF
-1,LSSAEFREKFGMAKEAFTKLPKWKQNRLKMALLLF
-1,LSHEEFQEQFGMTKKAFYQLPKWKMNKQKLALDLF
-1,LSAAEFREKIGMKRTAFYKLPKWKQNKLKSAVQLF
-1,LSEEEFEEKFDMSKRSFYQLPRWKQNKVKMSLFLF
-1,LSSAEFREKFGITKENFYKLPKWRQNKLKLTLQLF
-1,LSKADFREKFNMTKEAFYKMPKWRQNKMKTSLALF
-1,LSAAEFKEKFGMTKSELYQMPKWKQNKLKMAIHLF
-1,LSSAEFRDRFGMAKEAFAKLPKWKQNRLKIALQLF
-1,LSDSDFQDIFGKSKEEFYSMAKWRQQQEKQQLGFF
-1,LSDDDFKTLFDVSRVEFNAMANWKQQNLKKSKGLF
-1,LSDEEFQQVFGVSREEFYKMKPWCRDKLKHSVYLY
-1,LADEDFEKALEMTRDIFENLPAWKQVKVKKAKGLF
-1,LDDEEFEKVFSMNREEFCSLPTWKQKLIKQEKELF
-1,LSDEDFEGVgaFGqkalqMSREEYGGLPSWKQVNLKKAKGLF
-1,LEDVEFEEILGMKRDEFYAQPAWKQRQLKIQAKLF
-1,LSDADFQTAFGMDRAAFAALPAWKAETLRRKAKLF
-1,LSSEVFFNIFRMEIHEFDRLPLWKRNDMKKKAKLF
-1,LSPEEFTCLFGLNWAEFDRLPGWKKERCRKEAGLF
-1,LRDEDFEKVLQSPREEFAKLKPWKQQALKKAAGLF
-1,LEEETFEWLLGMDRAEFYHLPAWKRNDMKKRIELF
-1,LSSSEFKEKFNMTRASFNNLPKWKQNRLKSDLQLF
-1,LSDAEFEAILQIGRQDFYRLPQWRRNELKRRARLF
-1,LSDAEFEAILQINRQDFYRLPQWRRNELKRRARLF
-1,LAPEEFEQLFGMCIEVFDRLSLWRRNDLKKRVSLF
-1,LSTEQFEQIFGMPIGEFDRLSLWRRNELKKKASLF
-1,LTDDQFKTIFKMDREKFYTLGEWKQQEMKRKVGLF
-1,LAPDVFQQTFGMPMADFDRLSLWKRNDLKKKAQLF
-1,LSPEEFESLFQMPLSAFQRLPEWKRNDLKKKLDL-
-1,LSDLEFQELFQCSRREFSALPVWRQKQRKKALELF
-1,LTDQDFKMVFGLSRGMFIALPSWKQINLKKSKGMF
-1,LSNQEFQQIFHMSRMQFYRMSEWRRNDLKRRAKLF
-1,LCNAEFEAVFGMAKVSFDKLPRWKRQQKKKLQGLF
-1,LSRDSFYEIFGMDIQEFDILPLWKRNDMKRRANLF
-1,LNREQFEETFSMSPIEFYKLPEWKRINLKRKAKLF
-1,LTDKDFEGVFKMDRGTFYALPPWKQISLRKMNDLF
-1,LSDSDFEAVFRMTKAEFRQLQPWRQLMKKRDNGLF
-1,LAPEVFHQLFNMTIQEFDRLPLWKRNELKKKAHIF
-1,LDNDDFEKALEMSRDEYEVLPGWKQVNVKKAKGLF
-1,LSSTEFEALFGMSMHAFQRLPEWKRNDLKRKVDL-
-1,LTDQDFKLVFGLSRDVFVAMPSWKQVNLKKSKGMF
-1,LSDIEFEHILQCVRSEFYRLPQWRRNELKRRVKLF
-1,LSDIEFEHILQCVRSEFYRLPQWRRNELKRRVKLF
-1,LSDSDFSQVFGITKDDFARLPQWKQLHVKKDKMMF
-1,LSDSDFQDIFGKSKEEFYSMAKWRQQREKQQLGFF
-1,LSEDEFQEKFEITRKSFYQLPKWRQNKLKMTLHLF
-1,LTDDDFMKVFKIERSEFYAQKTWKQNDARKRVGLF
-1,LSSAEFKEKFAMAKGDFYKLPKWKQNKLKMALQLF
-1,LSSEDFKAKFGMNKSAFYRFPKWKQDKIKTALELF
-1,LSDEDFSTIFKMSRPQFEALANWKKIELKKNASLF
-1,LSKSEFRERFNMTKEAFYKMPKWRQNKMKTSLKLF
-1,LSSGEFQRLFRMTKKAFYLLPKWRQDKLKMDLKLF
-1,LSDSDFQDIFGKSKEEFYSMAKWRQQREKQQLGFF
-1,LSAEEFSELMSMTLDEFKKLPTWKQTSVKKEKGLF
-1,LSDHDFQNILDMKRDEYDTLPNWKQVSLKKSKGLY
-1,LADHDFKVLLEMSRVEFNALPSWKQRNLKKNKDLF
-1,LSDEEFYEVLKMTLDEFKKLPLWRKQSLKKELQLY
-1,LTDKDFEIALEMTREDYNSLPSWKQVNVKKTKGLF
-1,LSDTEFEQVFKMTREQFEAQPKWKQQKQKHALKLY
-1,LDNEDFEKALEMSKEEYEMLPGWKQVNVKKAKGLF
-1,LSDEEFEKVFNMKRSEWEKIPTWKREPIKKSLYLF
-1,LSDEDFEGVgahgkkaLDMSREEYSALPGWKQVNLKKAKGLF
-1,LSSEEFQMVFNMGREEFANLSKWKQESEKRKVYLF
-1,LSDEDFEGVgaygqkaLEMTREEYGGLPVWKQVNLKKAKGLF
-1,LSDEDFEGVgaygkkaLDMTREEYGALPSWKQVNLKKAKGLF
-1,LSDEDFQGVgaygkkaLEMTRTEYEALPGWKQVNLKKAKGLF
-1,LSDEDFEGVgsygkkaLEMTREEYGGLPVWKQVNLKKAKGLF
-1,LSDEDFQGVgacakksLEMTREEYDSMPAWKQVNLKKTKGLF
-1,LSDEDFQGVgaygkkaLEMTRTEYEALPGWKQVNLKKAKGLF
-1,LCDEDFQGLLELTREEFNALPNWKQLKLKKSKDLF
-1,LSERDFAQTFRMTREEFSKLSEWYRNDLKKKFNLF
-1,LNDDEFKTVMGCTRLEYLNMKKWKQDELKKKAGLF
-1,LTDEEFEKVFKMPRKEFMAIPAWKAEKIKQDVGLF
-1,LTDDDFQTSLGCSRDEYLRLPDWKKMQLRKKTGLF
-1,LEESEFERILGTTRKEFNAMPKWKRDRKKKEVGLF
-1,LSPQEFHKIFGMDQKKFYEQPKWKQDMRKRAVDLF
-1,LTELEFMSVFRMTYADFFNLPQWRKTDLKKNLGLF
-1,LSSEEFLRLFEMPIEEFDCLSLWKRNDMKKKLSLF
-1,LSTEQFLQLFGMPMAEFDRLSLWRRNELKKRASLF
-1,LSDADFEQLLGVGRLEFQRLATWRQKELKKKAGLF
-1,LSTEEFLRLFGMPVEEFVKLPLWKKNEIKRKLLLF
-1,LTDDEFLKVFKMSFNQYSTMKLWKQLELKKKVGLF
-1,LNDDDFQSLFRMERIAFYVLPHWKQIVLRKKHKLF
-1,LNRDQFEETFSMSPIEFYKLPEWKRINLKRKAKLF
-1,LPEDEFVDIFGMSSEEFHHMPEWKRNDLKRKKDLY
-1,LSAKEFKEKFGMTKEAFFKLAKWKQNRLKVALQLF
-1,LSDADFEKVFGKPRGEWAAQPAWRQQMAKKQVGLW
-1,LSSIEFKAKFNMSKSAFYKLPKWKQNKLKTALKLF
-1,LNDEDFDNLFKMPRDKFYKLAEWKRNDIKKKLDLY
-1,ISPEDFLYMFQMPRAEFFMMPEWKRNELKKRLKLY
-1,LSESEFQTVFGVTKDVFYLQPGWKQELQKRKADLF
-1,LSPDDFNQIFKMDREHFKRLAEWKRNDLKRKADLF
-1,LPEDEFVDIFGMSSEEFHHMPEWKRNDLKRKKDLY
-1,LSPDLFFQIFDMNIQEFDRLPLWKRNDMKRKANLF
-1,LSKMDFEQVFKIKKVEFDILPLWKQIRLKKEAGLF
-1,LGKDEFERIFGMLPIEFYKLPEWKRINLKRKAKLY
-1,LTRDQFEEIFKMAPIEFYKLPEWKRINLKRKAKLF
-1,LSPEEFQEVFKCSKEEFAEMPKWKTTRMKRSAG--
-1,ISDEDFEYAFKMSRGEFLLKPKWRQQALRKGAGLF
-1,LQNSEFEQLFHMNRIDFYRMPEWKRNEMKRRVKLF
-1,LSNEDFFRAFGMTFEDFHALSPWKRTVVKKNALLF
-1,LSNEEFEAVFTMKREEWKDKPLWKRQEEKKKAGLY
-1,LSDAEFRRVFKMDRSAFGDMKRWRQLEMKKDVGLF
-1,LSDSDFQEIFGKSKEKFYSMAKWKQQQEKQHLGFF
-1,LSDSDFQDLFGKSKEEFYSMAKWRQQREKQQLGFF
-1,LPEEEFQEKFKMTKRTFYELPKWKQNKFKMSLHLF
-1,LTEKEFEERFKMGKLEFYALPKWKQNKLKMSLHLF
-1,LSSAEFKEKFGVTKDVFCKLPKWKQNKLKMSLQLF
-1,LADEEFQAQFAMTKRDFYKLAKWKQNKLKMALHLF
-1,LSSAEFKDKFNMIRAEFYKLPKWKQSKLKSCVQLF
-1,LSEEEFEEKFGMPKTVFYKLAKWKQNKFKMTLDLF
-1,LSATEFREKFGMAKDAFNKMPKWKQNKLKMALHLF
-1,LSKAEFREKFNMTKEAFYKMPQWRQNKMKISLQLF
-1,LSDAEFAEVLKMPRDKFNELPAWRKKDLKKEADLF
-1,LNTDDFEKALGLQRSEFEQMPLWKQTNLKKERGLF
-1,LDNESFQNAFSMSKEEFEELPKWKKCELRKNLGLF
-1,LSDKDFKTLLELTREEFNALPNWKQLKLKKSKDLF
-1,LTDDEFAKVFHMSLDQFNALPLWKRENLKKAKKLY
-1,LPDEEFERVIGMSRKEWDKVPSWKRENIKKSVYLY
-1,LPDDEFEKIFQMTRKEWEKIPVWKREGIKKSVFLF
-1,LDPIDFKKLLGVTKEEFDELPVWKRTNLKKMACLF
-1,LTDEDFERALDISREEYGALPGWKQVNLKKCKGLF
-1,LSDEDFEGVgangkkaLEMSREEYGGLPGWKQVNLKKAKGLF
-1,LSDEDFEGVeaygkkaLEMTREEYGGLPSWKQVNLKKTKGLF
-1,LSDEDFEGVgaygkkaLEMTREEYGDLPGWKQVNLKKAKGLF
-1,LSDEDFEGVgaygkkaLDMSREEYGALPGWKQVNLKKAKGLF
-1,LSDEDFEGVgaygekaLDMTREEYGGLPSWKQVNLKKAKGLF
-1,LTNTDFEKLFKMTKKEFYELPVWKQMKIRKEKNFF
-1,LSDEEFKAVFNCERSELAAMPTWKRNNIKTKLGLF
-1,LSEQDFVSVFGITRGQFAALPGWETLQMKKEKGLF
-1,LNRNQFEETFNMSPIEFYKLPEWKRINLKRKAKLF
-1,LSTDEFERLFNMCPEAFQRLPEWKRNDLKKKLDL-
-1,LSSEDFEELFKMPRTAFQRLPEWKKSDLKRRLDLY
-1,LNRNQFEETFNMSPIEFYKLPEWKRINLKRKAKLF
-1,LNRNQFEETFNMSPIEFYKLPEWKRINLKRKAKLF
-1,LNDAEFKEVFGMDRDTFKKQPAWRQAQAKKKSNLY
-1,LSDEEFKKVFNKDRSAFLAQPAWRQQLQKKEVGLF
-1,LSDGDFEQVFEMSKSSFQKLAKWQKSAKKKAVGLF
-1,--PEDFLRVFEMPPEDFGKLALWKRNELKKKAFLF
-1,LSQEEFFSIFEMSLEEFDCLSLWKRNDLKRKVCLF
-1,LSSTEFEALFGMPMHAFQRLPEWKRNDLKRKVDL-
-1,LTLAEFHEVVGMDKAAFYAQPKWKQVQQKKKLQLF
-1,LSDAEFEAIFHMSRMEFYRQSQWKRNDMKRRIRMF
-1,LSPHSFFEIFGMEIHEFNILPLWKRNGMKKRAKLF
-1,LNRVQFEETFNMTPIEFYKLPEWKRINLKRKAKLF
-1,LNRNQFEETFNMSPIEFYKLPEWKRINLKRKAKLF
-1,LPRDQFEEIFKMSLIEFYKLPEWKRINLKRKHKLF
-1,LPRDQFEEIFKMSLIEFYKLPEWKRINLKRKHKLF
-1,LNRNQFEETFNMSPIEFYKLPEWKRINLKRKAKLF
-1,LNRNQFEETFNMSPIEFYKLPEWKRINLKRKAKLF
-1,LNRNQFEETFNMSPIEFYKLPEWKRINLKRKAKLF
-1,LPRDQFEEIFKMSLIEFYKLPEWKRINLKRKHKLF
-1,-SDEDFVKAFGRTKAEYAKQPRWRQVEQKKKAMLF
-1,LEDNVFEKVFGMSRDSFAKQPQWKQKNAKARVGLW
-1,LSPEEFFRVFGMAMSAFDLLVQWKKNELKKQVRLF
-1,LSDQEFEALLQVQRTDFYRLPQWRRNELKRRVRLF
-1,LSDIEFEHILQCGRSEFYRLPQWRRNELKRRMKLF
-1,LSDVEFEHILQCARADFYRFPQWRRNELKRRVKLF
-1,LSDIEFEHILQCGRSEFYRLPQWRRNELKRRMKLF
-1,LSDVEFEHILQCARADFYRFPQWRRNELKRRVKLF
-1,LSDVEFEHILQCARADFYRFPQWRRNELKRRVKLF
-1,LSDIEFEHILQCGRSEFYRLPQWRRNELKRRMKLF
-1,LSDVEFEHILQCARADFYRFPQWRRNELKRRVKLF
-1,LAAEEFAQVFGVSWERFQEMPQWKRVQKKKEVGLF
-1,LCDSDFEAVMGISRVSFNAMPEWKQRNLKKSKGMF
-1,LSDAEFEAIFHMSRMEFYRQSQWKRNDMKRRIRMF
-1,LTDDDFKKAFGIERKEFYSQKAWKQNEARKRIGLF
-1,LTEEEFEERFKLTKLEFYALPKWKQNKLKISLHLF
-1,LSDEAFEKLFTMKKDKFYELPKWKQDQRKRVLDLF
-1,LSSKEFKVKFGMKKDVFFKLPKWKQNKLKMALKLF
-1,LSKAEFKERFNMTKEAFDKLPKWRQNKMKISLRLF
-1,LSNEEFQQVFLMDKDTFYKLPKWKQDKYKMLLDLF
-1,-SAAEFKEKLEMTKSEFYKLPKWKQNKLKMAVHLF
-1,LSDAEFATVMGCSKAEWPKLPKWKQSAKKKATELF
-1,LSTQDFVKHFNIDRDTFSSYPAWKQTDLKKKAGLF
-1,LDDEEFKTVMKVSREEFAKMPAWKQTTKKKDAGLY
-1,LSDEDFEGVgasgkkaLEMTRDEYEALPGWKQVNVKKAKGLF
-1,LSDEDFQSVgahekkaLEMTRDEYGSLPGWKQVNVKKAKGLF
-1,LSDEDFEGVgasgkkaLEMTRDEYEALPGWKQVNVKKAKGLF
-1,LSDEDFEGVgtsgkkaLEMSRSEYEALPGWKQVNLKKAKGLF
-1,LSDEDFEgigasgkKALEMTREAFEALPGWKQVKLKKAKGLF
-1,LSDEDFEgigasgkKALEMTREAFEALPGWKQVKLKKAKGLF
-1,LSDEDFEGVgaygkkaLEMTRSEYEALPGWKQVNMKKAKGLF
-1,LSDEDFEGVgayrkkaLEMTREDYGGLPVWKQVNLKKAKGLF
-1,LEDDDFEAALGVPQSEFERMPLWKQTKLKKDKGLF
-1,--PQHFQELFGMSKEEFLDLPIWKQKKNKQEVGLF
-1,LAPEDFPAGLGLTKPEYGQLPAWKQTKLKKERGLF
-1,LSSDDFQKLFKMPRTAFQRLPEWKKSDLKRRLDLY
-1,LGDDDFYDLFGCDKDEFMQWPPWKQTLEKRKQSLF
-1,LNRNQFEETFSMSPIEFYKLPEWKRINLKRKAKLF
-1,LSESDFLVVFDCSLAEFQKLPKWKQDSKKKETGIY
-1,LSDEEFVAKFRMTKGNFYKLPKWKQNKLKicddKSFGAF
-1,LNRNQFEETFSMSPIEFYKLPEWKRINLKRKAKLF
-1,LSEEDFQAVFGMAMADFLKQPKWKQQNAKK-----
-1,LSPEDFDRLFKMKYQDFVTKPQWKQQELKKKFGIF
-1,LSDAEFEKVFGKDRASFLAMPAWRQQMAKKQHGLW
-1,LNRNQFEETFSMSPIEFYKLPEWKRINLKRKAKLF
-1,LNRNQFEETFSMSPIEFYKLPEWKRINLKRKAKLF
-1,LNRNQFEETFSMSPIEFYKLPEWKRINLKRKAKLF
-1,LQNSEFEQLFHMNRIDFYRMPEWRRNEMKRRVKLF
-1,LADDEFQKLFEMSRKEFARLAEWKRNDLKTRVHLY
-1,LDDDDFQLAFKMNRNCFYSLPVWKQIEMRKKNKLF
-1,LSDSDFNNMFGINKDYFASMPQWKQLKMKKEVGMF
-1,LSYQDFVAVLGIARGDFAALPSWKQLTLKKEKGLF
-1,LTEEEFEEKFAMPKTAFYQLPRWKQNKIKMSLYLF
-1,-SAEEFKEKLGMTKKDFYKVPKWKQNKLKMAIQLF
-1,LGATEFEAVFGMPLAAFQRLPEWKRNDLKKKADL-
-1,LSNQDFQDTFRMDKDTFYKLPKWKQDKYKILVDLF
-1,LSLEDFQELLSISKDDFQKLPAWKKTALKKDKGLF
-1,LSNVDFLNLFGVSRSDFSLLPRWKQIDLKKRTCIF
-1,LNIDDFEQALGVTRSKFEQLPVWKQTKLKKERGLF
-1,LHEHDYPEALGMPKAEYDQLPAWKQTKLKKERGLF
-1,LHEKDYPEGLGMTKAEYDQLPAWKQTKLKKERGLF
-1,LSDQEFEEIFKETKDEFSKKPAWKKTILKKKAELF
-1,LSDDDFFQHFKMTKSEFDNQKVWKQEQMKKQLGIY
-1,LSDHDFQSILEMKRDEYASLPDWRQIDLKKSKGL-
-1,LSEESFLEVFHFQKATFYKLPVWQQVNWKKKVGLY
-1,LSDEDfqcvyfcvslFQRVLEMKRDEFNSLPSWKQKNLKKSKGLF
-1,LSDAEFLKVMGHSKYEFYKLPKWRQQSKKKEYRL-
-1,LSDEDFEGVgaygkkaLEMTRMEYEALPGWKQVNLKKDKGLF
-1,LSDEDFEGVgaygkkaLEMTRMEYEALPGWKQVNLKKDKGLF
-1,LSDEDFEGVgaygkkaLEMTRMEYEALPGWKQVNLKKDKGLF
-1,LSDEDFEGVgasgktaLELTREEFDALPGWKQVNVKKAKGLF
-1,LAPDQFQQLFQMSMSEFERLSLWRRNELKKKASLF
-1,LTDEEFLKVFSVEREKFKKLPDWKRQLKKKEVSLF
-1,LTDEDFEENFQMPRDLFGLFPGWKQDILKKAFGLF
-1,LTEDEFVSVFNMSSAEFYKLPEWRRKKLKRAVHLY
-1,LNEKDFEELFGMNRQMFNQLPLWKRNDLKKVHKL-
-1,LSNQEFERLFNMPREAFYKMAEWKRNDIKRKLHLY
-1,LSEEDFLEVFSIDRAKFSTYPQWKRDKMKKEVGLY
-1,LTPSEFSKAFDMEVSTFTSLPKWKQDRLKKKAGLF
-1,--DAAFRDTFGMDRGAFDALPQWRQIALKKEKGLF
-1,LSNEDFEKVFKMKYSDFITKAPWKQQELKKKHRLF
-1,LSDDEFASVLGMSKAEFAALPAWKRKDKKK-----
-1,-SDDDFRREFGMEREAFNGLAEWKRQNLKKKLGFY
-1,LAPQQFEQIFGMKMADFDRLSLWRRNDLKKKASLF
-1,LDGEEFKKVFKISREEFNNLPAWRRVQAKKTANLF
-1,LTEDEFVSVFNMSSAEFYKLPEWRRKKLKRAVHLY
-1,LTEDEFVSVFNMSSAEFYKLPEWRRKKLKRAVHLY
-1,LAPQQFEQIFGMKMADFDRLSLWRRNDLKKKASLF
-1,LSDQEFHKIFQMNKQEFAALKAWRQKELKQKHKLF
-1,LAPQQFEQIFGMKMADFDRLSLWRRNDLKKKASLF
-1,LSEDDFQAVFGMAMADFLKQPKWKQQNAKK-----
-1,LTYDDFTSIFKMNPVEFDKLPAWRQQRLKQTAGLF
-1,LSDKTFINLFKMNKKQFYQLKKWKQQELKKKFLLF
-1,LSDVEFEAILQVTRAESYRLPQWRRNELKRRARLF
-1,LSPDDFNQLFKMDKDHFKRLAEWKRNDLKRKADLF
-1,LSDDDIQKHFGMSRNDLIVLPKWKKVSAKKNLGIF
-1,LSDDDFMATFGMDKDTFAQEKLWKQEKLKKSLGLY
-1,LPRDQFEDIFKMSLIEFYKLPEWKRINLKRKHKLF
-1,LVQEDFEDLFNMNKEDFSRLAEWKRNDLKRKVDLF
-1,LSPEAFQDISGXPIQEFDKLPLWKRNEMKKRARLF
-1,LTEEDFLDLFGMTLDEFSNKPGWQKKALKKQAGLF
-1,-SDSDFQGIFGKSKEEFYSMATWRQRQEKKQLGFF
-1,LSAEDFLRAFQMPYEDYFRLPRWRQVELKKQALLF
-1,-SDSDFQGIFGKSKEEFYSMATWRQRQEKKQLGFF
-1,-SDSDFQGIFGKSKEEFYSMATWRQRQEKKQLGFF
-1,LTDEEFSRVFNMEQSAFYKLPKWKQDQKKRELKL-
-1,LSSGEFKQKFGMKKSAFLKLPKWKQNKLKTALKLF
-1,LSDSDFQDIFGKSKEECYSMAKWRQQQEKKQLGFF
-1,LSATEFSEKFSMTRAEFNKIPKWKQNKLKTALQLF
-1,LSPEEFKTLFEIEKEEFYKLPKWKQNQKKVLLKLY
-1,LSDESFYEHFGLTKEDFFQQPKWKRNNQKRKV---
-1,LSDEEFLEKFGMMRKAFYQFAKWRQNKLKLSLQLF
-1,-SAGEFKEKLEMTKKEFYKLPKWKQNKLKMAVQLF
-1,-SDQDFERLFSMPRAQFSGLQAWRKTELKKSVGLF
-1,LSDEEFFEKFKMTKAEFEKLPAFKKQTKKKELKLF
-1,LSDHDFQTILEMKRDEYDSLPKWKKICLKKSKGLY
-1,LSDQDFEKGLDTKREEYEGLPGWKQVNLKKAKGLF
-1,LPDEEFEKIFHMPRKEFDKISQWKREQIKKNAFLF
-1,LSDEEFIKLFKMTRPEFEALPGWKKQKQKYELKLY
-1,LSDEDFEGVgasgkkaLEMTRSEYEALPGWKQVNVKKAKGLF
-1,LSDEDFEGVgasgkkaLEMTRSEYEALPGWKQVNVKKAKGLF
-1,LSDEDFEGVgasgkkaLEMTRSEYEALPGWKQVNVKKDKGLF
-1,LSDDDFEDVgaygkkaLEMSREEYECLPGWKQVNVKKAKGLF
-1,LKENDFLEIFKMNPDSFSKLPHWRRDDLKKKAHLF
-1,LSEEDFEGVgaygkkgLEMTREEYGSLPVWKQVNLKKAKGLF
-1,LSDEDFEGVgasgkkaLEMTRSEYEALPGWKQVNVKKAKGLF
-1,LSDEDFEGVgasgkkaLEMTRSEYEALPGWKQVNVKKAKGLF
-1,LSDEDFEGVgasgkkaLEMTRSEYEALPGWKQVNVKKAKGLF
-1,LSDEDFEGVgasgkkaLEMTRSEYEALPGWKQVNVKKAKGLF
-1,LSDEDFEGVgasgkkaLEMTRSEYEALPGWKQVNVKKAKGLF
-1,LSDEDFEGVgasgkkaLEMTRSEYEALPGWKQVNVKKAKGLF
-1,LSDEDFEGVgasgkkaLEMTRSEYEALPGWKQVNVKKAKGLF
-1,LSDEDFEGVgaygkkaLEMTRSEYEALPGWKQVNVKKAKGLF
-1,LSDEDFEGVgaygkkaLEMTRSEYEVLPGWKQVNMKKAKGLF
-1,LSDEDFEGVgaygkkaLEMNREEYGGLPVWKQVNLKKAKGLF
-1,LSDEDFEGVgaFGkkaleMTRMEYEALPAWKQVNVKKAKGLF
-1,LSDQDF----KMSRVEFNALPNWKQQNLKKSKGLF
-1,LAKEDFHELFKMSQEEFYRLAEWKRNDLKRRHHLY
-1,LSDEEFEKLFGMSKDEFSHLKIGKQNWERKKRQLF
-1,LGDAEFKEVMGATREAFGAFKPWKQQQLKRSVGLF
-1,LADDTFSGLFFMTKDEFQQLPKWKMLNLKKGLRLF
-1,LSNQEFENLFKMPRENFYKMAEWKRNDMKRKLHLY
-1,LSPDDFCKVFGMTKEAFQEQPRFVQVRMKKEKKLF
-1,LTEREFEERFKLTKPDFYALPKWKQNKLKISLHLF
-1,LSEQEFLAVFRMTREDFAKKSEWTRTDLKKKHKLF
-1,LVEEEFQELFGMNAEEFEGLPGWKKDKMKNDLGLY
-1,LAKEDFHELFKMSQEEFYRLAEWKRNDLKRRHHLY
-1,LTDREFYDVFEMSREKFATLPKWKQEDLKK-----
-1,LAKEDFHELFKMSQEEFYRLAEWKRNDLKRRHHLY
-1,LAKEDFHELFKMSQEEFYRLAEWKRNDLKRRHHLY
-1,LADTEFEAVFGMAKKTFEVLPRWRRIQKKKQYNLF
-1,LSSEEFQRIFNMGRLQFYRLPEWRRKDMKQRAMLY
-1,LDDASFLIVLSQSKEEFEKLPKWKQSAKKKEVGLF
-1,LSDEEFEQIFDRTKEEFYALPEWIRTKRRQDVGLY
-1,LTEREFEERFKLTKPDFYALPKWKQNKLKISLHLF
-1,LSDSDFLRVMKVTKDEFYKLAAWKQSNKKKETFLY
-1,LSNEEFQKIFGVERDTFYRYPKWKQQKTKIDKGL-
-1,LSNQDFQDTFRMDRETFYKLPKWKQDKYKILMDLF
-1,LNDEEFAAVMKMTKAEFTKMPGWKQKNKKVETKLF
-1,LNTNEFQHALGISRLEFDQLPVWKQTKLKKDRGLF
-1,LSDEDFEKHLG-SRAEWDALPAWKKTEKKKVSGLF
-1,LSDDEFIKHLGVTKQEWEVMPLWKRTEKKKTSNLF
-1,LSDQDFQEALSMTREVFAVLPPWRQLILKKNAALY
-1,-SSAEFMENLGMKRAEFYKFPKWKQNKLKMVAQLF
-1,LTDEDFEGVgaygkrgLEMTREEYDSMPAWKQVNLKKTKGLF
-1,LSDEDFEGVgwxekkaLEMTRSEYEALPAWKQVKMKKAKGLF
-1,LNDEDFQGVgaygkraLEMSKEEYGALPGWKQVNLKKAKGLF
-1,LSDEDFEGVgasgkkaLEMTKSEYEALPGWKQVNVKKAKGLF
-1,LSDEDFEgggpfgkKALEMTRSEYEALPGWKQVNIKKAKGLF
-1,LEPKHFKELLGVTKEEFMELPLWKQTKMKKEACLF
-1,LSNEDFEDVgasgkkaLEMSREEYDGLPGWKQVNVKKAKGLF
-1,LENADFQTVTSMSRDEFKKMPKWKQDAKKREVGLY
-1,LSDHDFDLLFECSRLEFYQLAYWKRSELKKKYYLF
-1,LSREEFERLFKMPKAAFQRLPEWKKSDLKRRLDLY
-1,LTNAEFERVFMMTREAFYRLPGFKQSDLKKKTHL-
-1,LAREDFEDLFGMTPIEFYKQPEWKRINMKRKL---
-1,LSNEDFENAFHMSRVDFHRLPEWRRNELKRHSSQF
-1,LSDAEFEAVLQLRRPDFYRLPQWRRHELKRRALLF
-1,LSSQEFKEKFGMSKDAFNKLPNWKKNKMKMSLQMF
-1,LSQEEFFSVFGMPIEEFDRLSLWKRNNLKRK----
-1,LNTSEFQHAIGISRLEFDQLPVWKQTKLKKDRGLF
-1,LADAEFELALGMPKTEFLQLSSWKRSKLKKEKGLF
-1,LSPASFKGLLDMSKTEFLQLPKWKRTKIKQSVGLF
-1,LNETDFVSVFCMQRSQFYALPAWKQIQLRKQNDLF
-1,LTDEDFEisaqaagrALLDMKREEFDALPGWKQVNLKKAKGLF
-1,LSPQEFEAVFGMNQEQYEKLSKWKKDDKKKLLHLF
-1,LTDDEFASVIGHGREEFYKLPMWHQQKIKREKKLF
-1,LSDEDFEGVgaygkkaLEMTRMEYEALPGWKQVNVKKAKGLF
-1,LSDEDFEGVgaygkkaLEMTRMEYEALPGWKQVNVKKAKGLF
-1,LSDKDFEGVgaygkeaLEMTRMEYEALPGWKQVNLKKAKGLF
-1,LSDEDFEGVgwxekkaLAMTRSEYEALPAWKQVKMKKAKGLF
-1,LSNAEFFQVFKMTREEFRKLPEFRQTKAKRDAELF
-1,LSEQDFVSVFGITRGQFAALPGWKQLQMKKE----
-1,LSSDEFESLFKMRLDTFQRLPEWKRNDLKKKLDL-
-1,LCAEEFERVFGLGWEAFCRLPAWRQARLKQAARLF
-1,LPDEEFMKIFRMTLSDFQRLPLWKEQTWKKELRLY
-1,LSDAEFAETFHMPRDAFHSLAPWKQRALKRDSELF
-1,LSAEDFQKLFKMPRGMFDRLPLWTKMSLKKKVGL-
-1,LDEADFLVVLSQSKAEFNKLPKWKQDSKKKEVGLY
-1,LTEADFLVALGCTRDEFNKLPKWKQDSKKKEISIY
-1,LSREEFASVFAMMPEEFEQLSLWRRNHLKKRACLF
-1,LSDEYFDMLFDCSRIEFYQLPYWKRCELKKKNLLF
-1,LAPEVFHQLFNITIQEFDRLPLWKRNELKKKAHIF
-1,LTQEDFSQLFKMDRDQFKRLAEWKRNDLKRKADLF
-1,LNDESFQQVFHLKKSTFYSLPKWKSDKLKKDLNLF
-1,LSKEEFESIFHIGHEEFYRLAEWKRNDMKMRVDLF
-1,LADTEFNDILGMPREKFYRLAEWKRNDLKRKHDLY
-1,LSDSDFQGIFGKSKEEFXSMAKWKQQWEKRQPGFF
-1,----DFSAIFGMSKNLFASLPLWKQLSIKKDKGLF
-1,LSAVEFVVVFGVSKFQFDSMPEWKKNELKRKTNLF
-1,LSNADFKKLFGVERSEFLKFPKWKQNQKKKDLKL-
-1,LSDQDFESIFKMDKSTFSQQKLWNQEKLKKSVGLF
-1,LPDDEFEKIFNMNRKEWEKIPVWRRENIKRTVFLF
-1,LSQPDFQKHFKIDKVTFSSYPAWKQAEMKKRAGLF
-1,LSSEDFLELTSITIEDFQKLPAWKQAAIKKEKGLF
-1,LSDEDFEGVgaygkkaLEMNRMEYEALPGWKQVNLKKAKGLF
-1,LSDDDFEGVgasgkkaLEMTRSEYEVLPGWKQVNVKKAKGLF
-1,LSEEDFEGVgahgkkaLEMTREEYGGLPVWKQVKLKKAKGLF
-1,LSNAEFLQVFKMSREEFRKLPEFRQTKAKRDAELF
-1,LGRQEFINIFGMEWEAFAMLPNWKQQNIKKKVG--
-1,LTYDDFISIFKMNPVEFEKLPAWRRQRLKQQSGLF
-1,LSESDFQDIFGKSKEESYSMAKWRQHQEKKAAWLF
-1,LSSGDFERLFKMTRLEFQRLPAYKQNDLKRRLDLY
-1,LCPVEFEAVFAMSFSEFRALPSWKRVALKRELLLF
-1,LGADDFRDVLGVSREEFYdNLPIWRQTQLKQKANLF
-1,LSNEEFKALFHMSRLEFYRLPEWKRNDLR------
-1,LSDEDFFALFKLERKDFEALPKWRQTTLKRLQGIF
-1,LAEDDFPKLFKMPRDKFDAMPEWKRLRLKQDVGLY
-1,LAKEDFHELFKMGQEEFYRLAEWKRNDLKRRHHLY
-1,LAKEEFEDIFNMSCEEFRHLPEWKRNDMKRKKDLY
-1,LNDAEFLALFHTNKDAYKALPAWKQVDAKKKSGLF
-1,LLQEDFEDLFKMNKEEFSRLAEWKRNDLKRKVDLY
-1,LNEEEFQSIFEMPKEKFYRLAEWKRNDIKRKQHLY
-1,LSTRDFYRAFKMGFNQFSDLPKWKQIELKKNAMLF
-1,LSPEDFFRAFQMPYEDYFMLPRWRQVELKKISLLF
-1,LSESDFQDIFGKSKEECYSMAKWRQHQEKKRLGFF
-1,LSESDFQDIFGKSKEECYSMAKWRQHQEKKRLGFF
-1,LSDQDFQTVLEVKRAEYTSLPSWKQTDQKKSKGL-
-1,LHELDYQEALGLSKQEYDQLPAWKQTKLKKERGLF
-1,LSDEEFKDLFRIDRIEFYKQPKWKQNQKKNQLKL-
-1,LSNEEFHEIFHMTKKEFAILPVWKRASLKKDA---
-1,LRDDVFQTLFGMDKEAFAKLPKWKRDNKKK-----
-1,LEPRYFKELLGLTQEEFNELPTWKQTNVKKEKGLF
-1,LSDEEFEEILGMNRDAFYKMKGWCRDKLKHAVYLY
-1,LHEQDYPEALGLTKPEYDQLPAWKQTKLKKERGLF
-1,LSDDDFEGVrahgktaLDMSRQEYGALPGWKQVNVKKAKGLF
-1,--EEEFFSVFGMTIEEFDRLSLWKKNNLKKKFLL-
-1,LYDDEFESMFGMTMVAYQKLPEWKRLRLKGDVGFF
-1,LIADEFKRLFGMEKSQFLALPQWKKTELKKKVDFF
-1,LSNXDFEAVgayrkkaLEMSREEYSLLPPWKQANLKKARGLF
-1,LTDQDFQaagadgkSVLDMSREEFSVLPAWKQVEVKKARGLF
-1,LSDEDFagigaygKKALEMSREEYGSLPVWKQVNVKKAKGLF
-1,LSDDDFEGVgasgkkaLEMTRSEYEMLPGWKQVNVKKAKGLF
-1,LNDKDFEGHLGLTKRDFQTAPKWKQIEIRKERGLF
-1,LSAAEFEEVFGMTKEEFRALPRYVRIRTKKEKLLF
-1,LSDTDFEMVFHLPRMDFYRLPEWRRNELKRRL---
-1,LSGQDFDNLFNMPRESFYRMAEWKRNDIKRKLHLY
-1,--DDEFQEVFGISKVEFSELGKWKQAKMKQDAELF
-1,LNAKDFKEAFGVKRDEFFAWPKWKQTKAKRTAKLF
-1,LHKTEFEKKFGMTFADFGKLPAWKQKQLRQKHKLF
-1,LNKEQFEKTFNMAPIEFYKLPEWKRINLKRKNKLF
-1,LSKDEFEKIFRMMPIEFYRLPEWKRIQLKRTYRLY
-1,LSDSEFEKAFGTPRDKFNKLQKWKQDDARKKAGFW
-1,LSQEEFLSVFRMPIEDFDRLSPWKRNEMKKKNPL-
-1,LAHDDFEKLFNMPKESFYRMAEWKRNDIKRKLHLY
-1,--EEEFEVTFGMTKKHFSDLPKWKQQQIKREKKLY
-1,LSDSDFQDISGRSKEEFYSMAKWRQQQEKQQLGFF
-1,LAHDDFEKLFNMPKESFYRMAEWKRNDIKRKLHLY
-1,LSPASFKGLLDMNKTEFLQLPKWKRTKIKQSVGLF
-1,LSDHDFQTILEMKRDEYDFLPNWKQIILKKSKGL-
-1,LSDEDFEGVgaygkkaLQTTREEYSALPGWKQVKLKKAKGLF
-1,LTYDNFIAIFKMEPAEFEKLPTWKRQRLKQTAGLF
-1,LSSKEFKEKPGMAKSAFYKLPKWKQKKLKMSLLLF
-1,LSDVDFSSVFGLSKDDFVSLPQWRQLKLKK-----
-1,-----FLTVMGHSRADFANLPKWKQQAKKKEVGLF
-1,LAADVFFDIFKMEIQEFDRLPLWKRNAMKKKAKLF
-1,LTDKDFEAAFGVNRVEFTALSKWRRLAMKKELGLW
-1,LSKEEFHTLFQMDAHEFFQLPPWQRNELKIKVGL-
-1,LSAVEFREKFGMAKDVFYKLPKWKQNKLK------
-1,LTDEEFSKVFAMDIDQFRKLPKWKQDQKKRDKSL-
-1,LHEQDYPEALGLTKPDYDQLPAWKQTKLKKERGLF
-1,LREEDFERALGCTKTAFFALPAWRQKNLKAKAGL-
-1,LSDHDLQMALGMKRDEYASLPDWQQVNLKKTKGLY
-1,LETEAFEALFGMQRDAYLALPLWKRDEVKKRVGVF
-1,LSDEDFEKHFllqralEMTREEFEGLPGWKQMNVKK-----
-1,LSDEDFEKHLGMNRSEWDALPAWKRTEKEK-----
-1,LPDDEFVKIFQMSRQEWEKIPGWRRENIKRSVYLY
-1,LSDQEFLQIFKMDLQEFQKLPLWKKQTMKRELRLY
-1,LHELDYQEALGLSKQEYDQLPAWRQTKLKKERGLF
-1,LSNEDFEgagaygkRALEMNREEYGALPGWKQVNLKKSKGLF
-1,LDEAEFAKVFrGLPKRQFCLLPEWKRNDMKRKVGLF
-1,LDSENFNKVFGMTKGEFTALKQWQKTQKKKAANLF
-1,LDDSSFAAAFKMDRSQFLLLPRWRQMKLKKEQGLF
-1,LSDKEFTRVLRMPRAQFYRLPFWKQRQILKSAHL-
-1,LSPADFMRLFKTDLQSYDSLPTWKRLDLKKRAGLF
-1,LKPQCFQELFGLEKEEFIRMPSWKKKKLKQEAGLF
-1,LTEEDFVSAFSMDKETFYSQKLWKQENLKRSLGLY
-1,LTEEEFHKVFGMSYLDFANLPEWKKTNAKKAL---
-1,LTDKDFEDVFSCSKEAFYSLSDWKQRQMKRQLKL-
-1,-------ELLGMNMEEFQKLPAWKQIDIKKKIGLF
-1,LSEEDFTTMFAISRAEYNAMPKWRRIQKKKNTPLF
-1,LNDQDFEAALGLPKSRFYELKQWRQRELKKRAALF
-1,LTAEEFEKIFLCTYEDFMNKPQWKQQQLKKAKQLF
-1,LTEEEFKKVFWCSYSEYQQYPQWKQLWLKKEKELF
-1,----EFAQVFGMSWDAYCALPSWKRTVLKQQHRLF
-1,LSAVEFGEKFGMAKDVFYKLPKWKQNKLK------
-1,--PVEFREKFGMEKDVFYKLPKWKQNKLKMALDFY
-1,ITSKSFKAAFGMRKSEFAELPSWKRIRLKKQFGIF
-1,LSDREFKEVLKMSRLDFKGLAEWKKKAIKKKAGIF
-1,LNEEEFHSIFEMPKDKFYRLAEWKRNDIKRKQHLY
-1,LSDADFLEAFKVDMAAYKALPGWKQKNLKRSSKLF
-1,LTDEEFAKIFRCSFSEYKEYPQWRQLWLKKERNLF
-1,LHELDYPEALGMKKGDYDQLPAWKQTKLKKERGLF
-1,LSDEDFEKVFKMKRDQFLAKKPFQQDPLKKEVKLF
-1,LNDEEFFQRFKMTYAEYTSKPVWRQKELKKMAKLF
-1,ISDADFEDLYQMKREAFLSNPEWKKVELRKKSGLF
-1,LDNAEFQKAFSMSKKDFDHLAAWKKLNLKKKVNLY
-1,LDDGEFQAKFGMSLAEFDKLAAWKKKKMKQQLKLF
-1,--EDEFQTVMGSTKDAWLLVPKWKRANMKKKKGLF
-1,LSEKDFVRAFGVSWERFASWPVWRQRLIKQRVSLF
-1,LSPDEFEALFRMPLVTFQRLPEWKRFDLKKRLEL-
-1,LKDDEFKGVFRMERSEFNMLPRWKKDAERRKAKLF
-1,LSDEEFLSTFKMTKEIFQKTPAWKTKQLRVDNGLF
-1,LNDDEFLQRFKMTYAEYTSKPVWRQKELKKMAKLF
-1,LSEEDFEALFKMQKGEYVSLQPWKREKVKKQVGVF
-1,LSDQDFQTILEIKRDEFDSLLSWKQTDLKKTKGL-
-1,LSTEDFVKYFKMTQAEFQKQLSWKQENTKKALGLY
-1,LSGGDFVETFGLTALQFHNLPEWKRVAFKRQHGLF
-1,--PDVFHHLFNMPIQLFDRLPLWKRNELKKKARLF
-1,LNNDEFQKVFKMSFKDYMSKPLWRQKELKKLAKLF
-1,LPDAEFEKVFGKNRAAFNAQPAWRRQLQKKDVSLW
-1,--DGEFEvtkwltkNLFDMKKEEFSKLPRWKQNELKKSKQLF
-1,LTDDEFFVVFNMTKGEWEKCREWKKMEIKKKLALF
-1,LNNQDFKRLFGQNRSEFYKLPKWRQNQKKFILKLY
-1,LDDAEFASAFSMTRHEFAGLNDWRRLEMKKALGLY
-1,LSDHDFQVVLGMKRKDYNSLPELQQLNLKKSKGLY
-1,LSDHDFQMVLEMKRSDYNSLSDWQQINLKKSKGLY
-1,LSEDDFVTVFHMTRDEYMAVVPWKREGIKKQAGFY
-1,LSDQDFQ----VTRYEYASLPGWKQIDLKKSKGLF
-1,LSDQDFQTLLEMKRDEDVSVPSWKQSDLKKSKGL-
-1,LGEEDFVRLFgGMGWQQFAALPGWRKERMRKAAGLF
-1,LSDDEFFTIFGMTQTQFQSLGEYKRRRLKIDKGLF
-1,LEDKVFKEIFGVTMAEFAAWKLWKQQAAKKKHSLF
-1,LSNEDCQRHFGMSREELQRQPPWKIRDLKK-----
-1,LSDLDFQRVLEMKREEFNSLPDCKQLSLKKSKGL-
-1,LDNDDFEGVgaygkkaLEMSRDEYEVLPGWKQVNVKKAKGLF
-1,LSLDEFESLFRMPLSAFQRLPEWKRFDLKKRLEL-
-1,LSDQEFLKVLEMDREAWEKKPDWQKLEIRKKVGLY
-1,LSDSDFQDISGKSKEDFYSMAKWKQQQXKKKL---
-1,LSEEEFEKVFGMKKEEWKKMPLFRRNPIKQQLRL-
-1,LSDSDFENLFKMDKATFAQQKIWKQENLKKSFAIY
-1,LDDKDFSDLFGIKKADYLKLAGWKRDQVKKAVGFF
-1,-TEEDFEALFKMTKQAYWELQPWKRVEVKKALGVF
-1,LSDDEFETLFRMKRDEYNALVTWKREGIKKQIGFY
-1,LSKEEFKDKFGMTIETFYTLLKWKQDEKKRNLRIY
-1,LTYDNFIAIFKMEPAEFEKLSTWKRQRLKQAAGLF
-1,-SLPEGVATFGMDKATFNAQPKWKRINQKKKANLF
-1,LAEDEFKKLFNMERFEFNKLPKWKKDQKKRDLKL-
-1,LEDDEFSKHFGVSREEFSXQPKWKRDREKRR----
-1,LLEEDFKRLFgGLGWEDFCRLPAWRKTRLKQAAGLF
-1,LSAAEFRERFGMAKEAFAKLPKWKQNSI-------
-1,LSESEFEKVFGKNRAAFKAMPAWRQQMAKK-----
-1,LDNATFTSLFNVDRAAFRAQPKWKRDAAKKSVGLF
-1,LNDEEFHKHFnGLTKDEFYLQPKWKRNRQKRNV---
-1,LSDSDFLVSFKLTKEQFIALPAWKQKNQRVSLNLY
-1,LTRRDFLECFGMTPEDFAYLPRWSRMQQSKRVFL-
-1,---DDVDKVFEMTKEEFYEKPSWKQLELRKATNL-
-1,--------VLEMTKEEFYAMPAWKQSKLKQQACLF
-1,LSDEEFMDVLKMTKPDYYSLPAWKQ----------
-1,LSKVDFNDLFKMEQEDFHRLAEWKRNDLKRRLDLY
-1,LNEEEFKAVFKMERSEFNMLPRWRKDAERRRRKLF
-1,LNDDEFLQRFKLTYAEYASKPAWRQKELKKMAKLF
-1,LSDEEFISIFKITLAQFKTLSLWKRESWKKELRLY
-1,LCDDEFLEVFGMSKAEFANLKRWQVKRAKIEAG--
-1,LTDKDFLEVIRVSRFQFCQLPKWKQNQILKMAHL-
-1,LLSAEFREKFGMTKEAFYKLPKLKQNKLK------
-1,LSEAEFQKVLGMTKEAFYRQPKW------------
-1,LAEEDFKRLFeGLEWAEYSRLPEWRKTRLKQAAGLF
-1,LSAEDFKTHFGMTLAEYIKLPPVQKKKLKKNLNLF
-1,LNEFDYEAGLGIKKQEYEQLPLWKQTKLKKERGLF
-1,LEEDDFKKIFqGLTLEEFQKLPLWKKQTWKKELRLY
-1,LHPVEFAAEFQMKKSDFDKLPEWKKIDLKKKKLL-
-1,LSDADFARVLHQSRAQFYRLPLWKQAQILRSSKL-
-1,LSNEDFEEATGRTREQFYLYPVWKQEQMLRSARL-
-1,LTERHFKEVMKMGRPEFYRLPLWKQEQCIKSARL-
-1,LSPNAFRAAFGVGATAFSAWPKWRQALAKRKVGLY
-1,LDEEEFTSLFKMKKDEYLGLLAWKKEQVKKEVGIF
-1,LSQPDFQKHFKIDKESFSSYPAWKQAELKKR----
-1,LSDAEFQETFGMKKAAFKQVAGWMKESMKEGAGL-
-1,-SPTVFERVLGMTYAQYTKLSPWRKMVLKKEFQLF
-1,LPPAGFQAVFCMSVEELDRLALWERKDLKKKALLF
-1,LSDEEFFKVFEMNRREFEELNITRKRRLKIEKGLF
-1,LAEDEFEKALGSPRNKFNQLKPWKQNELRKAAALW
-1,LHDEEFQKCFnGLTKEQFYLQPKWKQDKQK------
-1,LSEEDFMNIFGISFEEYNNLKDWERERRKKENNFF
-1,LSDHDFQVVMGMKRNDYNSLSDLQQLNLKKSKGLY
-1,LDDNEFRSILGMSKKMFDNSPKFKQTQLKKQFNL-
-1,LPDSEFHAVFRMRKSVFHHLPRWKQHQILKFKKMF
-1,LKPEAFKELFGVTQEEFAAWKPWKKKAAKVKHNLF
-1,LTAADFERVFEMPRDDFRALPTYQQQGLLKKAKIF
-1,LSEKQFKEAVKYSRDQFYRLPLWKQEQLFKSARL-
-1,LHELDYQEALGLSKQEYDQLPAWKQTKLKKE----
-1,--EDEFIRIFQMSPDTFKKLPLWIKQSKKKELQLY
-1,LAEDDFVRLFGMSTKKYEVTTKWKREERKKQLHLF
-1,LSEVQFEQVLGMARPQFYAMTKVEQMRIKQEVGLF
-1,LSSEDFKKHFGMTLTEYVKLGAFQKKKLKKQLDLF
-1,LTEEDFSAVFNkwdLNRTQFKAQPVWRQRMQKQTVGLF
-1,LSEKQFREHLKINRLEFYRLPLWKQKQILKSARL-
-1,LPEELFFNMYGMTKNSFANLAPWKRILVRKNKGFF
-1,LSEKQFREAVKYPRDQFYRLPVWKQEQLFKSARL-
-1,LSDEEFVKVFKRSRSDYNKMKKFEKEQLKKQHKLF
-1,LDDAEFASAFSMTRHEFAGLNDWRRLEMKESAG--
-1,LSDHDFQMLLGMKRKDYNSLSDLQQLNLKKSKGLY
-1,LSDCDFIEVYKLPRSQFFRLPYWKQGQIIRSSRLY
-1,LSDEEFAKVFKRSRSDYNKMKKFEKEQLKKQHKLF
-1,LSNHDLQRVLGMKRDEFLSLPETQQISLKQSRGLY
-1,LLEQEFEEIFSMKFDQFYSLPLSRRIELKKLARLY
-1,LSDEEFIKVFEMDRKTFEELNISRKRRLKIEKGLF
-1,LSDSDFQDISGKSKEDFYSMAKWKQQQ--------
-1,LSDCDFIQVYKVARSQFYRLPSWKQSQI-------
-1,LTDKQFFDVMRHRRVEFYRLPLWKQQQILKSTRL-
-1,--------IFGNTKAAFYKLPKWKQDMQKK-----
-1,LNSADWEAAFgphapGLTYEAFLALPGWRRSKLKQAAGLF
-1,LSDSEFQTVFGITKEEFYQQP--------------
-1,LSPQDFKAVLGMTWNDYNCLSDLQKMDLKKSKGLY
-1,LCSADWETAFglhapGLSYAAFAALPAWRRSKLKQAAGLF
-1,LSEKQFKEAVKYPRDQFYRLPLWKQEQLFRSARL-
-1,LKEDEFIRIFQVKIENFNLLPLWQRNERKRLNGLF
-1,----------GLSYQEFVALPAWRRNKLKQAAGLF
-1,LTERQFQANLNISRLEFYRLPLWKQRQILRSARL-
-1,LTEKQFCDVMRHSRTDFYRLPLWKQQQILQSTRL-
-1,LSQHDFKVALGMTWNDFNCLSDLQKMDLKKSKGLY
-1,LSXNDFKVALGMTWNDYKCLSDLQRMDLKKSKGLY
-1,----DFQTVLEARRDAVDSLQSWKQTQQKKSEGLF
-1,LSDEDFqlQRALEMKRDEFNSLPNWK-----------
-1,------------SYQEFVALPAWRRNKLKQAAGLF
-1,-------------PSAFGNLPLWKQQKLKKDKGLF
-1,LSDEDFKAVFGMTRSAFANLPLWKQQNLKKEKGLF
-1,LSDDEFQTVFGMTKEAFYKLPKWKQDLLKKKVDLF
-1,LSDEEFQSVFGMSKGEWSAVPKWKKDNLKKKHGLF
-1,LSDADFLEVFGMTKDAFNALPKWKQTGQKKKLGLF
-1,LSDEEFQSVFGMAKGEWAAVPKWKKDNLKKKHGLF
-1,LSDDEFQSVFGVSLDEFAKLPKWKQVNKKKEHGLF
-1,LSDADFQELFKMPKADFAALPKWKQDNAKKKHGLF
-1,LSDDDFASVFGMDKDAFYKLPGWKQKNLKKAKGFF
-1,LSDEEFEKVFKMTKKEFYELKKWKQVQLKKEHGLF
-1,LSDAEFQTVFGMDKAQFAKMPKWKRDNKKKEKGLF
-1,LSDAEFESVFKMSKSEFYELPKWKQQAKKKDVGLF
-1,LSDEEFSEVFKMTRDEFNALKGWKQTELKKKVGLF
-1,LSDAEFQTVFGMDKAAFAGLPKWKQQAQKKEKGLF
-1,LSDAEFQTVFGMDKAAFAGLPKWKQQAQKKEKGLF
-1,LSDSDFEKAFGMSRDEFEKLPTWKRNKKKKELGLF
-1,LSDDDFCSVFGMGKEAFGKLPKWKQDTLKKQAGLF
-1,LSDAEFKEVFGMSKEEFGKEPKWKQSNAKKKHGLY
-1,LSDEEFQKVFGMDKEAFYKLRPWKQKNIKRAKGLF
-1,LSDGDFQALFGMTKDEFNKLPTWKQQVAKKKHNLF
-1,LSDQDFQAVFGMSRGAFAALPPWKRQMLKKDKGLF
-1,LSDSDFETVFKMTRSDFSKLPKWKQTNAKKEVGLF
-1,LSGEEFESVLGMTKEAFYKMPKWKQDNLKKKVDLF
-1,LSDEDFQRIFEMDKEAFAKLPKWKRDGVKKKHGLF
-1,LSDEEFLSVFKMTKAEFEKLPKWKKDGLKKEHKLF
-1,LSDAEFQTVFGMDKAAFASLPKWKQQAQKKDKGLF
-1,LSDVDFQAVFKMTREEFGKMPKWKQQNAKKAVKLF
-1,LSDSDFLKLFSMTKDEFNKMPKWKQTGRKKEHGLF
-1,LSDAAFQEVFGMPRDDFAKAPKWKRENMKKKHGLF
-1,LSDEAFQAVFGMTKEQFAASPGWKQNKAKKEHGLF
-1,LADEEFSTVFGMSRDEFLKMPKWKRDKQKKEVGLF
-1,LSNADFESVFGMDKEAFSKLPGWKQKNLKKANGLF
-1,LSDSEFQTVFGMSKEEFYKQPRWKQEQQKRKADLF
-1,LSDADFESTFKMTKDEFEKLPKWRQKAKKKEVGLF
-1,LSDAEFQAILGMSKDDFAKLPKWKRDGEKKKHGLF
-1,LSDEEFETIFGMSKEAFSKFPRWKQDMLKKKHDLF
-1,LSDEEFEEILHMTKEEFYSLPKWKQSDLKKPAGLF
-1,LNDADFKEVFGMTKDDFAKLPKWKQQAAKKTHKLF
-1,LSDEEFQSVLGMNKDEFAKVPKWKQVNKRKEVGLF
-1,LSDADFERVFGMDRDGFYAQPMWKQTQQKKMNGLF
-1,LSDEDFEAVFGMPKSSWGSLPRWKQDDLKKKHGLY
-1,LSDEDFNVIFGMSKANFQKLPKWKQNDAKRKVGLF
-1,LPDEEFLVVFGMTRDAFNAMPGWKQRDAKKAAGLF
-1,LSDKEFQDVFGMSKADFAAQPKWKQTDAKKKHKLF
-1,LSDADFQTVLGMTKAEWEKLPKWKKDGEKKKHGLF
-1,LSDADFEAVFGMTKESFYRQPMWKQRQQKKNNGLF
-1,LSDADFEAVFGMGREEFAGMAKWKQQAAKKKVGLF
-1,LSDADFQEAFGMDMASFQALPKWKRQNAKKKVGLF
-1,LSDAEFQSVFGMGKAEFAAQPKWKQETVKRKHGLY
-1,LSDAEFQTVFGMDKAAFAGLPKWKQQAQKKEKGIF
-1,LSDSEFQETFRMTKGEFIKLPKWKQIQKKKEVGLF
-1,LSDEEFNTVFSMSKDAFNALPKWKRTRAKKEVGLF
-1,LSDAEFQTVFGMDAAAFSKLPKWKKQNLKKDKGLF
-1,LSDEEFNSVFGMTPADFGGLPKWKQQKLKKEKQLF
-1,LHPSDFLSVFGMTKDAFAALPKWKQQNLKKKFKLF
-1,LSEEDFSTVFGMSRDEYMKLPKWKRDKQKKEVGLF
-1,LSDEEFERVFKMNRDEFYKMPGWKRTNLKKSLSLF
-1,LSDGEFSQVFGMDREQFSALPGWKQTNLKKSKNLF
-1,LSPEEFEEVFKMTKEKFYELPRWKQDHIKKKVDLF
-1,LSDEEFQAVFGMDKAAYSGLPKWKRDNIKKGKGLF
-1,LSDEDFVEVFGMNREEFSKVPAWKRTKRKKELGLF
-1,LSDIDFAEVFGMDRAAFYGQPAWKQTQQKKKNGLF
-1,LSDADFEKVFSMGKEQFEKLPKWKRDGKKKEVGLF
-1,LRESDFVKVFGMSKASFKKLPSWKQDQLKKKHGLF
-1,LSDADFQDIFGMDKASFGRLPKWKQQNAKKEKDLF
-1,LDDEDFSTVFGMCRDEFLKLPKWKRDKQKKEVGLF
-1,LSDAEFQTVFGMDATAFGKLPKWKKQNLKKDKGLF
-1,LSDKDFQDVFGMSKSDFAAQPKWKQTDQKKKHKLF
-1,LSDTQFEEVFGMTKDAFAKQPMWKQTNLKKSKNLF
-1,LSDADFHEIFGKSKEEFYQMPKWKQQNEKKQCGLF
-1,LSDDDFKEIFKMEKEAFSKLPGWKQINLKKAVGLF
-1,LSDSDFQTAFGMDKAAFAALPKWKQQAAKKKNGIF
-1,LSAKTFEEIFGMPKPEFAKLPKWKRDNLKKKHGLF
-1,LSTKVFAEVFGMSKDEFAKLPKWKKDNLKKKHNLF
-1,LPDAAFAELFGMSKEDFAKLPKWKKDNAKKKHGLF
-1,LSDADFEKVFSMGKDQFEKLPKWKRDGKKKEAGLF
-1,LSDEEFQSLFGMSKAEWAPVPKWKKDALKKKHNLF
-1,LSDQEFQAVFGMSQEEFLKLPKWKQADEKKKKDLF
-1,LSRPVFEELFGMSKEDFAKLPKWKRDNAKKKHGLF
-1,LSDDDFQALFGMSKADFAKFPKWKRDSEKKVHGLF
-1,LSHSEFETVFGMSKSEFNALPKWKQVQAKKAQGLF
-1,LADDEFQKVFGMDKEAFYKLRPWKQKNIKRAKGLF
-1,LNDKDFQDVFGMSKDAFRGLPKWKQTEQKKKHKLF
-1,LSDAEFQTVFGMDVNAFSALPKWKQQNLKKSKELF
-1,LSDGDFEGVFGMDRQTFYGQPMWKQTQQKKKNGLF
-1,LSDEEFQTVFGMGSVDFAALPKWKQQKLKKEKQLF
-1,LNDADFQEAFKMSKDEFAKLPKWKQQTAKKDAGLF
-1,LSDADFQSIFGMSLPEFQKLPKWKQQNAKKAKDLF
-1,LSDEDFQTVFGMAPSDFVALPKWKQQKLKKEKQLF
-1,LSDEDFQTVFGMGAADFVALPKWKQQKLKKEKQLF
-1,LTAEDFKKAFGMDKEEFYKLPSWKQMSLKKKNGLF
-1,LNDEDFQDAMGMSKDEFYGLPAWKQTQLRKEAGLF
-1,LSDSDFKEIFKMEKEAFNKLPGWKQVNLKKAVGLF
-1,LADSEFEKSFGMARDKFAALPKWKQQDLKKKAGLF
-1,LSDCEFQTVFGMTKEEFYQQPGWKQELQKRKHDLF
-1,LSDADFEALFKMSKDDFSAMPKWKQSGAKKKVGLF
-1,LSDEDFEAAFKMSRAEYNALPKWKQLNKKKDCGLF
-1,LADAEFEAVFGMGRDAFNLMPKWRRDKLKKQHGLF
-1,LSDADFQAAFNMSKADFAALPGWKQKDAKKKVGLF
-1,LNDEEFQEHIGMSREEFAALPGWKRNNLKKKCKLF
-1,LSDEDFAQVLGMSREEFNQMPKWKQVNAKKAKKLF
-1,LSDAEFPEVMGMDKEEFAGLPGWKQTNLKKAKHLF
-1,LSDSDFSSLFGMSKDEFGQLAKWKRDAAKKKHGLF
-1,LSDEEFLRLFGMTKDEFAAQRPWKREALKRKHGLF
-1,LSDSTFQELFGMGKQEFAQLAKWKRDNLKKKHGLF
-1,LSDEDFQTVFGMGSTDFVALPKWKQQKLKKEKQLF
-1,LSDKEFETVFGMAKEAFSKLPRWKQDMLKRKVDLF
-1,LSDEEFEKVFGMSKKKFETIPNWKRNQMRKAHGLF
-1,LADADFQAVFGMPKQEFGKLPQWRQKEEKEKHGLF
-1,LSDEDFKAVFQMTKEEFDKLPKWKRDRAKKEKNLF
-1,LSDEEFQTVFGMHSGDFAALPKWKQQKLKKKKQLF
-1,LSDEEFEKVFEMPRAEFNALPKWKQNAKKKLVKLF
-1,LSDDEFQVVFGMQLADFAKLPKWKQQNLKKAKDLF
-1,LSDGEFNQVFGMDREQFSALPGWKQANLKKSKNLF
-1,LSDSDFQEIFKMDKEAFGKLPGWKQVNLKKAVRLF
-1,LSDEEFVTVFKMEKEAFNKLPKWKQSGQKKKVGLF
-1,LSDSDFTEVFGMSKDEFSALAKWKRDGKKKQAGLF
-1,LSDADFHDIFGKSKDEFYQMPKWKQQNEKKQYGLF
-1,LSEEEFKTVFGMEKEAFYKLPRWKQDLLKKKFDLF
-1,LSSPDFLEAFGMTKEEFSVLPAWKQTNMKKDVGLF
-1,LPDSVFQELFGMAKADFAKLPKWKKDNAKKKHGLF
-1,LSEEEFNQVFGMSREEFEELPGWKKTNLKKAKHLF
-1,LSDKEFQEVFKMSMAEFAKVPKWKQLRIKKEVGLF
-1,LTDADFEALFKMSKADFEKLPKWKQQNQKKELGLF
-1,LSDEEFQTVFGMHPTDFGGLPKWKQQKLKKEKQLF
-1,LSSTEFEAVFGVSKDEFAKLPKWKRDAQKKKHGLF
-1,LSDEEFVEVFGMSKDDFSSLPAWKKTSRKKAKGLF
-1,LNDEDFQSVFKMDKAAFSAQPKWKQANAKKQHGLF
-1,LSDSDFRSLFKMSKADFAALPKWRQESAKKKHGLF
-1,LADHVFESLFGMSKADFAKLPKWKRNGKKKEHGLF
-1,LRDREFLEVFGMSKESFGKLPSWKQTPLRRKHGLF
-1,LSDADFSTIFAMTRAEFEALPKWKQQNAKKAKALF
-1,LSDSDFQELFGTSPVDFAKLPKWKQQNLKKSKGLF
-1,LSDEEFVKVFGMDRGEFKKKPKWKQQEDKKRVGLY
-1,LSDADFQAVLGMSPADFAKLPKWKQQNLKKAKELF
-1,LSDEAFNAVFGMSKAEFGKMPKWKQDKAKKEFKLF
-1,LSDSEFQEVFGMDKQTFAGLPKWKRTNRKKEKHLF
-1,LSDAAFDAVFGMSKSEFEKVPKWKRDKVKKEHGLF
-1,LAEEEFETVFGMGRDAFNLMPKWKRDKLKKQHGLF
-1,LSDKEFQETFNMSKDEFYQLKKWRQVELKKKNGLF
-1,LSDPEFDTVFGMDKAAFGSLPKWKQVAAKKKAGLF
-1,LSDEDFKTVFGMEKSAFEGLAKWKQQQAKKKVGLF
-1,LSDEDFESVFGMTREDFGALAKWKQLNHKKKHNL-
-1,LADDVFEKVFGMPKDEFAQLPKWKQIVAKKKHNLF
-1,LSDAEFQSVFGMSKSDFAAKPKWKRDNEKKAKGIF
-1,LNDEDFFKVFGMNKEEFYGMAPWKQNNLKKSKGFF
-1,LSDADFQSIIGMSKEDFGKQPKWKQVNKRKEVGLF
-1,LSDADFQKAFGMAKDEFNAKPKWRRDSLKKTAGLF
-1,LSDMEFAQVFGMDREEFTTLPHWKQTNLKRSKHLF
-1,LSEAAFSEVFGMSKEAFAKLPGWKREKAKKEHGLF
-1,LSDAEFQTVMGMTPDAFIKMPKWKQQNLKKAKDLF
-1,LSDAQFEEVFGMNRDAFNALKEWKQKDLKKAKGLF
-1,LSPADFQRVFGMSKDEFGKLPLWTQQHRKKKVNLF
-1,LPDSEFWIVFGMCRDEFNALPEWKQRDKKRAVGLF
-1,LSDDAFQAVFGMNKAEFAKMPKWKRDGRKRENGLF
-1,LSDLDFRIVFGMTREAFDKLPKWKQDTQKKSVYLF
-1,LSDADFQAAFGMSKADFAALAGWKQKDAKKKVGLF
-1,LSDDAFVAVFGIGKEEFMKLPKWKRDQKKKEHGLF
-1,LSDEDFQEVFGMTKEQYETYPEWKRLNMRKERGLF
-1,LPDGAFEELFGMPKADFAKLPKWKKDNAKKKHGLF
-1,LSDKEFQETFNMSKDEFYQLKKWRQIELKKKHGFF
-1,--DGDFQKAFGMSRDAFTKLPKWKQDGLKKTAGLF
-1,LADSEFQTVFGMTKEEFYEQPRWKQELQKKKADLF
-1,LSDAEFETVFGMDRDAFAKMAKWKQQKVKKEKELF
-1,LSDDDFAAAFRMGKADFSALPKWRQINLKKEAGLF
-1,LSDSEFETKFGMSKEAFQKLPKWKQTNAKKALFLF
-1,LSDAEFGTVFGMSKADFEALKAWKQQALKKQMGLF
-1,LADEVFATVFGMTKTEFLKLPRWKQDEAKKQHDLF
-1,LSDADFAAVFGMTKESFNSLAPWRQAQAKKAVGLF
-1,LSDVEFAKLFGMSKEECAKLPKWKKDSEKKKHGLF
-1,LPDDEFHKVFGMAKDDFYRLRQWKQRELKKKAGLF
-1,LNPEEFQQVFGMDKEAFAKLPPWTQGDKKKRVGLF
-1,LRDADFAQIFRMSKEEFAKLSKWKQTQLKKEHGLF
-1,LAPDIFEAVFGMTKDDFAKLPMWKQSNLKKQHQLF
-1,LSDHDFREAFSMGKEEFAKLPRWRRDFMKKRHGLF
-1,LIESEFEPVFGMTRAAFDAMPKWKQDNKKKAVGLF
-1,LSDDEFQTVFGMSKVEWSSVPKWKKDNMKKKFELF
-1,LPDAEFAELFKMDKAEFAGKPKWKQQQLKKRHGLF
-1,LSAEDFRSVFGMGRESFTQLPKWKRETLKKQHGLF
-1,LSKPVFEELFGMSKEDFAKLPKWKRDGAKKKHGLF
-1,LSDEAFQNMFGMTKEEFGALRPWKQKELKKQHRLF
-1,LADDEFEKLFGMDKEAFYKLRPWKQKNIKRAKGLF
-1,LSDADFKSIFGMDKDAFYGLAKWKQNKLKKSKGFF
-1,LSDADFKEVFGMTKDDFAKLPKWKQQQAKKRSQI-
-1,LSDSEFEKAFGMTKDNYANLPAWRRTNLKKQLGLF
-1,LSDPEFATVFGMDKVAFASLPTWKRTAKKKEVGLF
-1,LTDEDFFTVFGMNRDDFYALAPWKQTNLKKATGFF
-1,LSDEEFATVFGATPDEFLKMPKWKQQNLKKAKELF
-1,LSDEEFQSIFGMNKEAFGKLAKWKKDAEKKKNGLF
-1,LNDTTFLELFGMDKQAFAKLPKWKRDNLKKNVGLF
-1,LSDGDFEMEFGMDREAFAALPIWKQQNLKKKAGIY
-1,LADSVFQELFGMPKADFAKLPKWKKDGVKKKHGLF
-1,LSEEEFQSVFGMEKEAFNNLPRWKQDLLKRKFDLF
-1,LSRDEFENIFGMSPIEFYKLPEWKRINLKRKHKLF
-1,LVDQDFSRLFGMTREAFNALPKWKRDNAKKAVGIF
-1,LSDEEFKALFKMDKEKFKAQPGWKQNNLKKQHDLF
-1,LSDQDFVSVFGIPRGQFAALPGWKQLQLKKEKGLF
-1,LSDTEFCDIFGKTKDAFYQMPAWKQQNEKKQHGLF
-1,LSESEFQTVFGMTKEEFYEQPRWKQELQKKKADLF
-1,LSDSEFQSVFGMTKDAFYRQPNWKQELQKRKADLF
-1,LSDEEFQTVFGMTPEAFQALPTWKSDDLKKKLQLY
-1,LSDEEFQAVLGMKKEAFYKLPKWKQDMQKRKFDLF
-1,LSDEDFETALQMTREEYNALPSWKQVNLKKAKGLF
-1,LSDSEFQTVFGMTKDAFYQQPNWKQELQKRKADLF
-1,LSDDEFLAVFKMDKAAFAKLPKWKRDKAKKAQGLF
-1,LRDDVFEPLFGMDKEAFAKLPKWKRDNKKKEQGLF
-1,LSDAEFAGAFGMGKAEFAAMPLWRRQAAKKKVGLF
-1,LADDEFQKLFGKTKAEFAKLPKWKKDGEKKKHGLF
-1,LSDAEFQEVFGMDKTTFAELPKWKRIQRKKKTSLF
-1,LSDADFQSTFNMSKDDFGKQPKWKQVNKRKELGLF
-1,LPSKVFTELFGMSKDEFAKLPKWKKDNVKKKHGLF
-1,LSDADFEKLFSMGKDQFEKLPKWKRDGKKKDAGLF
-1,LSDSAFEKAFEMSREEFAALAKWKQANLKKKVGLF
-1,LADDVFEEVFGMSKDEFAKLQPWKQRAAKKKHNLF
-1,LSDKDFQALFGMSKVDFAKFPKWKRDSEKKVHGLF
-1,LSDEEFSTVFEMTKEEFTALPTWKKEKLKKEKKLF
-1,LPDDVFQELFGMGKEAFAALPKWKRDGANKKHGLF
-1,LSDGDFEAVFGMAKEVFYGQPMWKQTQLKKNNGFF
-1,LSDAEFQTVFEMSKADFAAQPKWKRDAQKKKHGLY
-1,LSDAEFLDIFGKTKDAFYQMPTWKQQNEKKQFGLF
-1,LSDADFMQVFGMDKEAFDGLAKWKQRKLKKSKGLF
-1,LSDGEFESTFGMAKGPFAALPKWKRDAAKKKAGLF
-1,LSDADFMQVFGMDKEAFDGLAKWKQRKLKKSKGLF
-1,LNAAEFQTVFSMTKEEFKALPMWKQQAQKKKVGLF
-1,LSDEEFREKLKMSKQEFAALPKWKQIQKKKEAGLF
-1,LSDDEFIKVFGMTKSEFGHQPQWKQQNAKKAKCLF
-1,LSDLEFLAVFGMDPISFAKLPRWKQQNMKRAKGLF
-1,LSDAEFQEVFGMSKSDFERLAGWKQAAEKKKHNLF
-1,LSDADFQTIFAMDREAFNKMPKWKQQKSKKEKDLF
-1,LSDDEFQKVMGMNKEAFYKLRPWKQKNIKRAKGLF
-1,LSDEEFQTVFKTSKAEFAKLPKWKREKLKKDHDLF
-1,LTDEDFEATFGMTRDEFGALAGWKQKNHKKKHGL-
-1,LSDDVFFQLFGTSKEDFAKLPKWKKDGLKKKHGLF
-1,LSDEAFDAVFGMTKSAFEALPKWKKDAKKKEHKLF
-1,LAEAEFQTVFGMDYAEFSKMPKWKQNNLKKAKELF
-1,LSDSDFQAVFGCLPADFLKLPKWKQQNAKKEKGLF
-1,LSDSDFQSVFGMSFADFQKSPKWKQQNAKKSKDLF
-1,LSDEEFNKLFGTSKEEFKKQPAWKRNNKKKELGLF
-1,LSDLEFLAVFGMDPITFAKLPRWKQQNMKRAKGLF
-1,LSDSDFQSVLSMTKNEFYKLPMWKQKNLKKFNALF
-1,LSDEEFQQVFGLSKDDFSALPGWRKNNLKKAKHLF
-1,LSDEEFHEVFGMSAAEYENLPQWKRVNLKKAKNLF
-1,LSDEDFLEVFGMSKEKFLEFPEWKRINMRKEHDLF
-1,LSNSDFQEVFKMGKEDFTKLPGWKQQNLKKAVKLF
-1,LNDEDFEELFGMDKDAFTNIPKWRQDVLKKKHKLF
-1,LSDEEFQSILKMTKESFYKLPKWKQDIHKKKVDLF
-1,LSDADFERVFGMGKDAFGALAAWKRKDAKKKVGLF
-1,LSDADFQEKFGMSREEYASQPKWRQTNAKRKSGFF
-1,LSDEDFEVALEMTREEYNALPSWKQVNLKKAKGLF
-1,LTDDDFQETMGMSKMEFYALPAWRQTQLRKETGLF
-1,LSDEDFERALEMTREEFEGLPGWKQMNVKKAKGLF
-1,LNDTEFESLFKMDRAAFAKLPKWKRNGAKKKVGLF
-1,LSDDEFQRVMGMNKEAFYKLRPWKQKNIKRANGLF
-1,LPEAVFLELFGMPKADFAKLPKWKKDNIKKKHGLF
-1,LNDEEFFEAFGMSAEVFKTMPKWKQRNMKKNVGLF
-1,LSDEEFQTLFGTTKKEFQSQPKWKQDGAKKKHNLF
-1,LTDDDFQQLFGMSKEEFRGQPKWKQDGAKKKHKL-
-1,LDDEEFAELFKMTKDEFSNLPKWKQQKKKKEHDFF
-1,LSDAEFGVVLGMPRDEFAALPAWKQINIKKSKALF
-1,LSDQSFQDIFGMKKDEFRVLPKWRRHSLKKRHGLF
-1,LSDDDFQSIFGMSKAAFEALPKWKRDGAKKKH---
-1,LSDKDFQDVFGVSKADFAAQPKWKQTEQKKKHKLF
-1,LNDAEFLEVFGHTMDAFKALPKWKQQNLKKAKGLF
-1,LSDEEFHKVFGMQPADFAKLAKWKQTNLKKEKQLF
-1,LSDADFERAFGMLRSEFLELPKWKQAGKKKAVGLF
-1,ISDNDFQKAFGMPRSSFNPIPKWKQNNLKKQQGLF
-1,LTDEEFEEIFKMDKAAFNALPKWKQNTQKKKAKLF
-1,LSDAEFQEVMGMTPMAFRGLPKWKQQNLKKQKELF
-1,LSDSDFQSVFGMDKEAFYGQPAWKQKGQKRSKGFF
-1,LSDEDFQSVFGMTLDEFAELPKWKQvVNKKKEQCLF
-1,LSEEEFQATFGMSLADFNKLPKWKNQNMKKSKGLF
-1,LSDAEFEEIFGMSKAAFAGSPKWKQEVLKKKKKLF
-1,LSPEEFQTVFGMTKSEFSALPAWKGKGLKQKAGLY
-1,LSDEAFDAVFGMSKSAFEALPKWKRDGKKKEHGL-
-1,LSDAEFETVFKMDRGAYTALPGWKRNALKKKNGLF
-1,LSDEDFLTVFGMDVEKFKGLPKWKQQNMKKEKKL-
-1,LTEEEFQSVFGMEKEAFNNLPRWKQDLLKKKFDLF
-1,LSAEEFQVVFGMSAENFQALPKWKQQNMKKAKELF
-1,LSDTEFTNVFGMDKAAFNGMVKWKQQQAKKKVGLF
-1,LSEADFEGVFGMAKEAFYGQPMWKQTQQKKNNGLF
-1,LSDEEFETVFGFSVAEFAKMPKWKQQNAKRANDLF
-1,LEEEEFEEVLAMTKEEFYGLPNWKQIDLKKEAGLF
-1,LSDTEFQKVFGCTRADFAEMPLWKQRQRKKAVDLF
-1,LRGDEFRDIFGMSKDTFDKLPSWKQIHLKRKHGLF
-1,LSPDDFNDVFGMSYVAFKGLKKWKQQALKKKHGLF
-1,LSEEEFLETFGMSSEEFYLLKEWKQVELKKKAGLF
-1,LSDSDFQAIFGMCHSDFAKLPKWKQNNAKKDKQLF
-1,LSDAEFQTVFGRTPAEFAKLPKWKQQNLKREKDVF
-1,LSAEEFKTVFGMDSDSFYKMPKWKQQNAKKAKDLF
-1,LVDEEFHTVFGMACSEFERMPKWKQQNLKKKAQLF
-1,LSDEEFREVFSMSREEFYKLAAWKQVSRKKEVLLF
-1,LNDEDFAKVLGMSREEFDQMPKWKQVNVKKASKLF
-1,LSDAEFNSTFNMSKDKFDALPKWKRIRAKKEVGLF
-1,LSDADFVRSFGMTKAAFAGLPKWKQTDAKKKVGL-
-1,LTDEEFLTVFGMSMADFKKLPKWKQQKAKKEKNLF
-1,LSEQDFVSVFGITRGQFAALPGWKQLQLKKEKGLF
-1,ISDEDFESAFGMKRIEYLSLPKWKQNNLKKQIGLF
-1,LSQQHFQEILGMTKEEFQELPVWKQVNLKKEIGLF
-1,LSPEEFQTVFRMSKEEFDSLPAWKKAQIKKRLGLF
-1,LSDSSFQELFKMDKEAFNKLPGWRQVKLKKDVGLF
-1,LIDEEFEETLGMTKDAFYALPKWQQHQLKKDVDLF
-1,LSADEFEKVMGMSKEQFYALPKWRRDKKKQEVGLF
-1,LSSEDFQRVFKMDKDTFAKLPKWKRDGLKKKAFLF
-1,LAPDVFEAVFGMAKDAFAKLPMWKQSNLKKQHQLF
-1,LNDKDFQEVFKMSKADWEKVPKWKQQQAKKSAGLF
-1,LSNQVFVELFGMSKADFAKQPKWKKDNAKKKHGLF
-1,LNDEDFESLFGMSKKEFYKLKPWQQNNLKKVVGL-
-1,LSDADFKDAFQMTKADFGALPKWKQTAAKKKVGIF
-1,LHDSDFLKIFGMDKDAFWKQPHWKQREAKKKAGLF
-1,LAPDVFEDTFGMSKEAFAKMPKWKKDKEKKKHGLF
-1,LPDAVFVELFGMSKADFAKLPKWKKDGIKKKHNLF
-1,LSDEDFQELFKMTKGEFAELPKWKRDNKKKEH---
-1,LNDKEFQEVFKMSKADFAAQPKWKQQAQKKEHKLF
-1,LSDADFQAAFEMDKAEFDKLPKWKKDEKKKAHDLF
-1,LSPKEFEETFGMTKEDFAKLPKWKRVNLKRKLRLY
-1,LSDDSFQALFGMSKTDFAKFPQWKRDSHKKKHGLF
-1,LAAPAFEELFGMSKDEFAKLPKWKRDGAKKKHGLF
-1,LSDAEFQATFNMSKEAYQNMPKWKQNREKKKHNLF
-1,LSKADFQLVFGMDAEAFAKQPKWKQTNQKKKAGLF
-1,LHDNEFQQIFGMTKQEFYQQRPWKQKNLKRAKGLF
-1,LSDEEFQTVFGMGKEQFAKLPKWKRENQKKAKG--
-1,LSDEEFQNVFGVSHADYEKLPKWKQVNLKKAKDLF
-1,LSDEEFKTVFGMDKASFEAMPAWKKKDAKKKHKIF
-1,LPDAVFWDLFGMDRATFAGLPLWKRENLKKKVGLF
-1,LSDEDFAAVFGMTKQNFDSLAPWRQAQAKKAVGLF
-1,LSAAEFQTVFGMDAAAFSKLPKWKKQNMKKDKGLF
-1,LSKPVFQELFGMSKEDFAKVPKWKQDVAKKKHGLF
-1,LSEEDFKRIFEMDKEAFAKIPKWKRDTIKKKHGLF
-1,LDDGEFQQIFGMTKQEFYQQRPWKQKNLKRAKGLF
-1,LSAEEFKKVFGMDKEEFNKIPKFRQQALKKKVGLF
-1,LAPNVFEEIFGMTKEDFAKLPKWKQTRLKKDNWLF
-1,LSPEDFEKVFRMDMDEFHRLPSWRQMDLKRKSGLF
-1,LSDAEFQAIFGMTKDQWTGVPLWKKDSEKRKHGLF
-1,LSPDDFQTAFAMSLVDFNKLPKWKQQNLKKAKGLF
-1,LDDKEFHTVFGMDKDAFWKQPAWKQRDAKKKKGLF
-1,LSAEEFQVVFGMTPEQFQGMPGWKQQNMKKAKELF
-1,LSDTEFQTVFGMDVATFAKQPKWKQKNMKKAKELF
-1,LNDEDFLQILAMTREEFYQLPGWKQINWKKSKGLF
-1,LVDSEFETVFGMTKEEFYEQPRWKQELQKKKADLF
-1,LPEGVFQQLFGMSKADFAKLPKWKKENAKKKHGLF
-1,LDPSEFPSVFGMSRDEYFKLPKWKQIAKKSEVGLF
-1,LSDADFLTTFGATADEFAKMPKWKRQKLKKEKGLF
-1,LRENEFGELFGMSKDAFGRLPDWKQIPLKKKHGLF
-1,LPDGKFQELFGTTKEAFAALPKWKRDGAKKKHGLF
-1,LSDDDFKSAFGSTKEEFQRLPGWKRTQKKKEMGLF
-1,LSDEEFQRLFGTTKDAFSAQPTWKRNQKKKDLGLF
-1,LSPTEFLDLFKMTKEEFLELPKWKQAQKKKNVGLF
-1,LSEDDFGRVFGVSREQFEALPRWRQLTLKKKVGLF
-1,LSEQDFESVFQMSRDSFDELPKWRRTSMKKEAGLF
-1,LSDEDFEKHLKMSREAFAALPKWKQNQAKKACKLF
-1,LEDSVFVSVFGCSRDEFNKLPKWKQTARKKETGLF
-1,LTDEEFEKVFGMTKAAFGELKGWKQQDAKKKVYLF
-1,LSDSDFQDLFGKSKDEFYRMAKWKQQSEKKQHGLF
-1,LSDADFKTVFGATRDEFHALPKWKQQAKKKEVKL-
-1,LSDKDFQDLLQMTREEFCTLPNWKQLNLKKSKGLF
-1,LSDDDFEKTLGMDKNEWKKLPAWKKTNLRKEVGLF
-1,LSAHDFTEAFGMTQEEFAVLPAWKQTNMKKDLGLF
-1,LSAEDFQELLSMTKEEFQKLPVWKQTAMKKEKGLF
-1,LSPTDFRRVFAMSEEDFAKLPAWKQIRLKKEAGLF
-1,LADAEFVAAFGMDRAAFAALPGWKQGDLKQRAGLF
-1,LPDHEFVAVFGMDRGAFNALPQWKQRRAKQTAGLF
-1,LSDEEFQAVFGMAVADFLKQPKWKQQNAKKAKDLF
-1,LPEAVFAELFGTSKAEFAKLPKWKRDNIKKKHGLF
-1,LSDEEFVQVFCMTRASFKDMPKWRQQDLKKKKKLY
-1,LADEEFSKLFGCNKDQFRNMPKWKQVNKRKEHGLF
-1,LSEAEFLEVFKMDQAAFQKLPKWKQTNLKKEKNLF
-1,LSDTEFVDVFKMTREEFNKLAPWKQANLKKNVSLY
-1,LDDESFEKVFGMDKDSFDELPKWKQVELKKRFGYF
-1,LSDSEFKRVFGMDKQDFSNLPKWKKVQLKQDVGIF
-1,LCDSEFAEVFGMQRLDFYKLPKWKRDAEKRKRGLF
-1,LSDTDFCEIFKMSKDDFRCLPHWRQIDAKKKVGLF
-1,LSDEEFQKVFGSTKEEFAAMPLWKRNVQKKLHNLF
-1,LTDDEFAEVFGMTREEWDRVPKWRHPDMKKKVGLY
-1,LPDNVFVELFGMPKADFAKLPKWKKDNAKKKHNLF
-1,LSDQEFQAVFGISQEEFWELPKWKQADEKKKKDLF
-1,LSDDEFVALFKMNKEEFSKLPQWKRASKKREVGLF
-1,LSPEDFVKAFHMDLDEFRKLPSWRQMDLKRKVGLF
-1,LSDYDFQALFGMSKADFAKFPKWRRDSEKKIHGLF
-1,LPTKVFVEVFGMGKEEFAKLPKWKKDNLKIKHGLF
-1,LSVDEFQTVFGMDSEAFSKLPRWKQQNMKKAKELF
-1,LPAEEFQKLMGMTKEEFKALPKWKQTNMKRKLNLF
-1,LDDSEFSNVFSMTKANFFSLPRWKQTGLKKEVGLF
-1,LSDAEFSEKFGMDKAAFAALPAWKKTASKKKLGLF
-1,LSDEEFQNLFGMPMVEFHAFPNWKQQKLKKEKKLF
-1,LSPEDFQQVFGMSKGEFRELPLWTQQHRKKRVNLF
-1,LSDAEFQEVMGMDPMAFQGLPKWKQQNLKKQKALF
-1,LEDAEFEELLGMSKESFYGLAKWKQQQKKKEVGLF
-1,LSDADFMETFGMSKAEFDKMPKWKQTVQKQEKKLF
-1,LSDAEFATVFKMDKQAFVKLPVWKQQNLKRAAKLF
-1,LSDAEFEVVFGMAAAAFQKLPKWKQQNLKKAKDVF
-1,LSDSVFQRTFGCSKADFAALPKWKRDAEKKKHKLF
-1,LSDEEFQTVFGMHAADFAALAKWKQQKLKKEKQLF
-1,LSEAEFASVFGMDKATFAKLPKWKRDNTKKAKNLF
-1,LSPRDFQEVFDMSKEEFEALPRWKRDWMKQRHALF
-1,LSDAEFQTLMGMSRDKYAQMPKWKQQNLKKAKELF
-1,LSDEEFETVFGFSVAEFAKMPKWKQHNAKRANHLF
-1,LSDSEFQEVMGMNKEEFDGLPGWKKTNLKKSKSLF
-1,LSASDFESIFGMSFAEFQKLPKWKQQNAKKAKELF
-1,LADDVFQKTFGMSKADFEKLPKWKRDSAKKQHALF
-1,LSEQDFQEMFGMDKESFSKLPTWKKTNLKKKALLF
-1,LPDGVFQQLFEMPKADFAKLPKWKKENLKKKHGLF
-1,LPNKVFKELFGMSKDEFAKQPKWKKDNQKKKHGLF
-1,LREAEFAELFGMSKCEFEKLPSWKQVPLRRKHGLF
-1,LSDAEFQATFKMSKADWIRIPKWKQQQAKKDHGLF
-1,LSDEEFQAVFGMAVADFLKQPKWKQQNAKKAKDLF
-1,LSDEEFEKIFGMDRQAFNGMAKWKQLKKKKEVKLF
-1,LSDQQFQEVFKMTKEEFWSLKLWKQNDLKKAVKLF
-1,LSDEEFQAVFGMAVADFLKQPKWKQQNAKKAKDLF
-1,LSDSDFSKVFGMDRESFGKLQLWKRRSLKKEKGLF
-1,LSHADFEMVFQMTRDEFYALPLWRRNDLKRRVKLF
-1,LSKDEFERVFQMTRAQFEKLPKWKQNRAKKKVNLF
-1,LSVQDFKAVFGMSREEFEALPNWKQIAMKKDKALF
-1,LSDDAFAAVFGQSKAEFEKLPKWKRDKQKKDHGLF
-1,LSDSDFSKVFGMDRESFGKLQLWKRRSLKKEKGLF
-1,LENTEFEEIFGMDRSEFYRLPEWKRNELKKRVKLF
-1,LSPEEFLKTFCMTKEEFEVQPKWKRIRLKKEKGLF
-1,LSDEEFSQIFGMSKTDFAALAGWKQKKLKKEKNLF
-1,LSDSDFNLVFGMTKDNFVSLPGWKQLKMKKEKGMF
-1,LQDDEFEEVMCMSREEFAALPTWKQGNIKKEVDLF
-1,LSEAEFQSVLGMSKAEFKRQPKWKQDHLKKEKELF
-1,LSEEEFKTVFGIEKEAFYKLPRWKQDMLKKKFDLF
-1,LSPEDFEELLSMTKEEFDKLPSWKKTALKKEQGLF
-1,LSPEEFQAVFRMPKEEFDPLPAWKKAQMKKRLGLF
-1,LSDEDFQRALEMKRDEFNSLPNWKQINLKKAKGLF
-1,LSQQHFQELLGMSKEEFQQLPNWKQVNLKKEIGLF
-1,LSQQHFQELLGMSKDEFQQLPVWKQVNLKKEIGLF
-1,LSDQEFEKVFGMTKQKYQTLQAWKRTQLKKKAGLF
-1,LSDEQFQDKFKMDKASFQKLPLWRQQKLKKELGLF
-1,LSDEEFVQVFKMDREQFSKQPAWKRENLKRELKLF
-1,LTDEEFDKVFGTTRAEFAKVPKWKQLLEKKKLGLF
-1,LPDEEFQSAFGMSKDEFKALKQWKKVALKKKSGLW
-1,LSDDEFRAVFKIDRDDFNTLPEWKKNNLKKQYGLF
-1,LDNDRFHELFGMSKAAFLKLPKWKQTNAKKAHGLF
-1,LSPEVYQSVFGMTKDDFSKLPKWRQDRLKKDHLLW
-1,LSPRDFQAVFEMSREEFQKLPRWKRDWLKQSHALF
-1,LSDAEFADLFKMDKAAFAALPKWKRDGKKKPLGLF
-1,LNDEEFEKLFGKSKADFAKLPKWKKDGEKKKHGLF
-1,LAPDIFEVVFGMTKDDFAKLPMWQQLNLKKQHQLF
-1,LSDQDFHMIFGMEFADFTKLPKWKQQNLKKAKDLF
-1,LSDAVFAKLFGKSKEEFAKLPQWKKQSEKKKHGLF
-1,LSDADFETVFGMSPDAFRGMPKWKQQNLKK-----
-1,LSPNDFQEVFKMSKEEFGALKGWKQKQLKQKAKLF
-1,LNDDKFEQVFGMSKDDFEMLPKWKQIELKKKHG--
-1,LSDPEFQATFNMSKEAYKNMPKWKQNREKKKHNLF
-1,--DEEFLTVFKMSLDDFYKLPKWKQMNAKKQHGIF
-1,LSDEEFNSVFHMTKKEFESLPQWKRNQLRKSKALF
-1,LSDADFQALFKMSKAEFEKLPVWKKSTEKKRAGLF
-1,LADDVFEEVFGMSKDAFAQLKRWKQIEEKKKHNLF
-1,LSEAEFQTVMGMDLDAFNKLPKWKQQNLKKSKELF
-1,LGDDEFEKLFGMDKASFATKPKWKQAQLKKQHDLF
-1,LSDEAFSEAFNMGREEFAALAKWKQANLKKRLGLF
-1,LPPDVFSELFGMSKEDFAKLPAWKKRGLKEKHGLF
-1,LSEDTFKAVFGMSKADFAKLAKWKRDSKKKEHGLF
-1,LSDEDFLRFFAMSRTEFAALPGWKRTGLKKRADLF
-1,LSDAEFQEVMGMPPMAFSGLPKWKQQNLKKQKELF
-1,LSSEEFKEKFGMTKEAFYKLPKWKQNKFKMAVQLF
-1,LSDDDFTSVFKMTREEFGALAGWKQKNVKKKHNL-
-1,LSNEEFFLVFDMERTEFESLPRWKQVQLKKEKGLF
-1,LADDEFQTLFEMDKEAFGALPKWKRQNLKKKHKL-
-1,LSDAAFQGIFKMSKAEWVNLPKWKQQRAKKDVGLF
-1,LTEEDFQEVFGISVHEYKALPKWKQDNLKKKVGLY
-1,LSDAEFQEVMGMPPMAFSGLPKWKQQNLKKQKELF
-1,LSDADFNKAFKMSKEQFSSLPKWKQMNLKVKVGLW
-1,LSDSDFQDIFGKSKEEFYSMAKWKQLQEKKKLGLF
-1,LADGEFVEVFGMERGAFESMPLWKRQAAKKKAGLF
-1,LADDEFQKTFGVSKADFANLPKWKRDKQKKDHGLF
-1,LSDEDFLTHFGMDRASFEEKPKWRQQALKKELNLF
-1,LSDSEFQETFKMTKDEFSKLPKWKQIQKKKEV---
-1,LTDEDFEKVFKMSRSSFYALPHWKQIKLRKSNDLF
-1,LSQHEFREVFKMTKGEWGALPKWKQVRAKKSAGLF
-1,LHDTEFEQIFGMTKKEFYEQRPWKQKNLKRSKGLF
-1,LSDAEFQKVFKLSRAAFYRLPEWKRNDLKRRVDLF
-1,LSDADFASVFGLSKDMFVSLPQWRQLKLKKEKGLF
-1,LSDADFQLVFELTRPEFYRLPQWKRNDLKKRVKLF
-1,LNDNDFHEVFGMSYGEFAGLPSWKKGALKKSAGLF
-1,LADSEFEGLFGMSKQQFYQLRPWKQKNLKKSKGLF
-1,LSPEEFKSVFGMEVDQFRALPKWKQDQYKKAADLF
-1,LSDTEFEAIFQMTRSEFYRIPPWKRNEIKKRFRLF
-1,LLDSEFMKVFGMDKDAFWKQPQWKQRDAKKKCGLF
-1,LNDDDFQDVMEMSKGDFYALPSWKQNQMRKKNGLF
-1,LSDKDFQDIFKMSKDEFSLLPTWKQVNHKKSIGIF
-1,LEQADFERVLGMSREEFYLLPIWKQTNLKKDMGLF
-1,LSADDFDETFGMSRDAFNGLAKWKRNAEKKKHGLF
-1,LNDADFEATFKMGKDDFAALPKWKQTGAKKTAGLF
-1,LAPDIFEVVFGMAKDDFAKLPMWKQLNLKKQHQLF
-1,LPETVFQDLFGVSKEEFAKLPKWKRDGQKKKHGLF
-1,LSDSSFLEAFEMSKEEFAKMPKWKKDKKKKELGLF
-1,LSDADFELVFEVTRAEFYRMPQWKRNEMKKRVKLF
-1,LTDEDFQSVFGMDRNAFYALAAWKQKNLKKATG--
-1,LSDEDFRKVFDCGRQEFRAMRKWKQHNLKKNAGLF
-1,LADDTFEKLFGMTKADFNACPKWKRDAAKKKHNLF
-1,LADDVFQSLFGCSKADFATKPKWKRDNEKKKHGLF
-1,LSPRTFSSVFGMQRDQFEKLPQWKKNTMKKQHGLF
-1,LPNKVFTELFGMSKADFAKMPKWKKDNAKKKHGLF
-1,LSEAEFQDVFKMSKADFQKLPAWKKNQKKKEVDLF
-1,LSDADFKEAFGMSKEEFQKLPKWKQSDAKKK----
-1,LSDDEFQKLFGMNKDEFSKLAKFKQESLKKKHKLF
-1,LAPDIFEAVFGMAKDDFAKLPVWKQSNLKKQHQLF
-1,LSDDDFESVFQMSKAEFQMLPTWKKDASKKKHGL-
-1,LTEEEFNTVFKMDRAAFNALPKWKQSGHKKKVGLF
-1,LSGADFESVFGMNKEEFGKLAGWKQKKLKKEKGFF
-1,LSNDEFGQVFGMDRRAFAALPLWRRNKLKRQAGLF
-1,LSDADFQELFQMSKADFVKLPKWKRDNLKKKH---
-1,LSDDEFMEVFGVSLSDFLKLPKWKQQQLKKRSDLF
-1,LSDDAFLAVFGVSKADFAKMPKWQRDRKKKEHGLF
-1,LRDKDFQQIFNMSKQDFRALPKWKQTSQKKENGLF
-1,LSDADFEKLFGCDKAAFAAMPKWRKETAKKKHGLY
-1,LSDEDFSSVFKMDKAAFDKMPKWKRDRAKKEAKLY
-1,LSDTDFQSLVGMSKDGFAALPKWKRDAKKKELKLF
-1,LTDDDFAAAFGISKADFEKLPKWKKQQAKKKAGLF
-1,LHDNEFQQIFGMSKKEFYECRPWKQKNLKRAKGLF
-1,LSDEEFLTVFGMSMADFKKLAKWKQQKAKKEKNLF
-1,LSAEDFEAVFGMDQAAWASVPKWKRDEMKKKAGLF
-1,LSDADFEKVLGSPRGEFAKLKPWKQQQLKKAAGLF
-1,LPDSEFAVIFGMSKAAFAALPAWKQREAKKRADLF
-1,LSDDEFLVAFGMSVDEFAKMPGWKQRNMKMNLKLF
-1,LSPRTFSSVFGMTQSEFEKLPQWKKNIMKKQHGLF
-1,LSDEEFHSVFGMSKGEWSSVPKWKKDNLKKKH---
-1,LSESDFKSIFGMTIWDFQKLPKWKQQNAKKAKDLF
-1,LNDDDFMIVFGVDKDAFYKMPGWKQKNLKKSKGFF
-1,LSPDDFLKAFKMTKEEFYVLPKWKRDKLKRDLYLF
-1,LAPDVFEVVFGMAKNDFAKLPKWKQSKLKKEHQLF
-1,LSDSEFLTVFGMGPDEFAKLPKWKQTNKKKE----
-1,LPDRVFESVLGMDKAAFYALPEWKQLAKKREVGLF
-1,LLDEDFQKLFNMSKREFYELRPWKQRELKKSVGLF
-1,LADWEFVGLFGMSKESFEKLPAWKQKPLKQKHDLF
-1,LSDEEFKEVFKCSREDFAEMPVWKQRQRKKAVDLF
-1,LARDEFERLFGMSPIEFYKLPEWKRINLKRKHKLF
-1,LSPEEFQEVFGMSMEEFDRLALWKRNDLKKKALLF
-1,LNDDDFQSVFRMERTAFYALPQWKQIVLRKKHKLF
-1,LSDAEFVQVFEMDRDQFSSMPGWKQVNLKRSKHLF
-1,LTDAEFEQVLGMDRDQFHQLPAWKQQNLKKIKQLF
-1,LNDEEFLRIFSMAYEEFEGLPKWKKLDLKKKVGLF
-1,LHDKEFEKVFKMSRQSYETLPSWKRQNLKKAAGLF
-1,LADGEFAEVFGMERGTFESMPLWKRQAAKKKAGLF
-1,LSPQDFMESFKMNKEEFYSLPAWKQTQLRKDAGLF
-1,LSQQHFQELLGMSKEEFQQLPFWKQVNLKKEMGLF
-1,LSDEEFTKIFNMNRDEFGALPAWKRSNLKSKLSLF
-1,LSDDEFFAFFQMDRMAFEALPAWKQKNHKKEKGLF
-1,LSEEDFKTEFGMSKEDFAKMPKFKQQALKKKFGLF
-1,LAPHVFELVFGMAKDDFAKLPMWKQSNLKKQHQLF
-1,LADSVFQELFGIPKADFAKFPKWKKDNLKKKHGLF
-1,LSDSEFESIFGISKVEFNSSPKWKQEVLKKKHKLF
-1,LRESEFRSLFGMSKSNFEQLPIWKQTPLKKKHGLF
-1,LADDVFNQVFGMPKHEFAKLPKWRRDIMKKEHNLF
-1,LASDIFEVVFGMAKDDFAKLPMWKQTNLKKQHQLF
-1,LTDADFTTCFGMERAAFYNQPKWRQQAMKKEVNLF
-1,LSDVEFQQYFGMTLTSFQANPTWKQVNMKKKSGLF
-1,LNDEDFESVFGMAKDAFYGLPKWEQKNAKKAKG--
-1,LAEEEFLRVFGMSKDAFYALKVWRQKQLKQRIGLF
-1,LSDEEFLAVFGQTADAFSKQPKWKQQNLKKAKELF
-1,LSDEDFQDIFSMSPAAFASLAKWKQQNMKKAKDLF
-1,LSDEDFLTVFGQTPDAFSKQPKWKQENLKKAKELF
-1,LSEEEFKVVLGMGRSEFEKLPKWKQQGLKRQKELF
-1,LKPEEFTRLFGMGKAEFAALPTWRRDKMKKECGLF
-1,LREEEFLEIFGMGKASFEKLPSWTQASLKRKHGLF
-1,LSPRVFRELFSMPKEEFAELPRWKRDSLKRRHGLF
-1,LSDADFDLVFKMPRVAFEKLPMWRRTEMKKRVGLF
-1,LSDSEFQRILGVDKEAFAALPKWKQQQKKKETKLF
-1,LSDLEFVAVFGMDNISFQKLPRWKQLNMKRAKGLF
-1,LSDADFEKLFGCDKAAFAAQPKWKKETAKKKHGLY
-1,LRDTEFTKVFSMSKASFNQLPSWKQIPLKRQHGLF
-1,LADEVFKEVFGMPKDEFAKLQPWKQIVAKKKHNLF
-1,LPEPIFQKLFGMPKADFAKLPKWKKENAKKKHGLF
-1,LREKDFMTLFGMSKASFEQLPSWKQIPLKKKHGLF
-1,LSDAEFNKVFAMNKEQFCGLPKWKRDNLKRNKQLF
-1,LSPNDFNDVFGMTYVAFKSMKKWKQKMLKKKHGLF
-1,LADAEFEVVFGMSLDAFGKLPKWKQQNLKKAKDVY
-1,LTDEDFQAIFRMAKTDYTSLPPWKQLNLKKQVGLF
-1,LSDEDFLAVLGMGKAEFSKLPLWKQTTKKKSARLF
-1,LTDEEFEKVFGMNKELFASLPGWKKTRLKKEAMLF
-1,LSDSDFEAIFGMAFDAYQKLPKWKQQNLKKAKDVF
-1,LSDAEFQTVLGTNKADFAALPKWKKDTAKKKHGLF
-1,LSDEDFQAVFGVTKDAFETMPAWKRSKAKKDNHLF
-1,LADDNFQELFGMDKAAFAKQPQWKKDSAKKKYGLF
-1,LSNGEFEELFKMTRAEFRAKPGWKQRALKKDKGLF
-1,LSEKEFEQHFGMSRQSFRATPAWKQVDMKKKSGLF
-1,LSDEEFEKIFKMSKAKYESLPNWKRNQLRKSRGLF
-1,LTDEDFAAMFKMAREDFNALPKWKQATLKKKAKLF
-1,-SDGDFESVFGMAKDAFYGQPMWKQTQQKKNNGFF
-1,LSPEDFQQVFGMNKGEFSQLPLWTQQHRKKRVNLF
-1,LVEEEFRAVFGMEYQEFAKLPKWKQINLKKSKQLF
-1,LTTEEFEKVFKMKKEEFYKLPKWKQNRAKKKVKMF
-1,LSDADFERILGMSRAEFGALKKWRQNEIKRKANLF
-1,LSDSEFHSVFRCSKSEFYKMPKWRRDSLKKQFELF
-1,LSDLEFLAVFGMDNIGFEKLPRWKQLNMKRAKGLF
-1,LSPEEFFRVFGMTIEEFNRLALWKRNDLKKKARLF
-1,LSDADFLQLFGISKADFAKIPKWKRDQKKKDCGLF
-1,LSDEEFLKVFGVSAEVFAAMPRWKQVNMKKNLQLF
-1,LSEEDFQAVFGMDRPSFYKLPGWQQVQHKKDHNL-
-1,LSEDAFKAVFGMSKDQFGQLPKWKQDRNKKAHKLF
-1,LTEEEFQTIFGMSIPDFAKLPKWKQQNLKKAKDVF
-1,LSDSDFEMVFNMSRDDFYALPLWRRNDYKRRVRLF
-1,LSDEDFATVFGMTREDFDQLPKWKQVSAKK-----
-1,LSDADFQMVFQMSRDEFYRHPLWRRNDLKRRVKLF
-1,LDREEFEKTFGMSPIEFYKLPEWKRINLKRKVKLF
-1,LCREEFEDTFGMTPIEFYKLPEWKRINLKRKVKLF
-1,LSNEEFQALFHMSRLEFYRLPEWKRNDLKRRAKLF
-1,LSDTDFEMVFHMTRMDFYRLPEWRRNELKRRAKLF
-1,LSDADFEKLFGMTKKKYLTLQPWKRTQLKKKVGLF
-1,LGDAEFLQVLGMDRDQFAALPQWKQVNLKRSKQLF
-1,LSDAEFEAIFQMTRSDFYRIPTWKRNDLKKRLRLF
-1,LSTEDFEKLFQITKEEFYAMPPWKQHNLRKEKDLF
-1,LSNPEFEKVFKMNRAKFYQQPKWKREQLKKSAGLF
-1,LSDSDFQDIFGKSKEEFYSMAKWKQQQEKKKLGFF
-1,LSDEEFQQVFALSRTAFYRLPEWKRNDLKRRAQLF
-1,LSDCDFEEVFKMSREKFNSLQKWKQIELKKSVNLF
-1,LGDTDFGKHFGMDRAAFAALAGWKQKELKKKLGLF
-1,LSDEEFEVVFECTKNKFYELPVWKQNKQKEQAGLF
-1,LSSMEFESVFKMTKEEFYKQPKWKQDGQKRKLELF
-1,LCDSDFQELLEMSKEEFEKLPSWKKTSLKKEKGLF
-1,LSQQHFQELLGMTQEEFQELPVWKQVNLKKEIGLF
-1,LSQHHFEELLGMSKEEFQVLPVWKQVNLKKEIGLF
-1,LSQQHFQELLGMSKEEFQQLPIWKQVNLKKDIGLF
-1,LSDAEFATLFKMPRDEFAKLPTWKKNSLKNAQGLF
-1,LSDEDFEKALEMKREEYETLPGWKQVNLKKAKGLF
-1,LVDADFEAVFKMTKKDFYALRLWKQRELKKRVGLF
-1,LNDDEFVKTFGCTKDAFYKLRLWKQRELKRAAGLF
-1,LSDDAFSSAFGMDKEAFRALPKWKRDKQKKDLDLF
-1,LSDAEFESLFKVSKDEFAKLPQWKRASKKREFGLF
-1,LSDSEFQECFGMSKKTWEKVPAWKRKQLKQTHNLF
-1,LADSEFQTAFGMDKEAFEKLPGWKQKDARKKQGFF
-1,LADDAFEALFGTSKADFAKLPKWKRNGKKKEHGLF
-1,LGDVTFQELFGLDKQAFAKLPKWKQDILKKKVGLF
-1,LDDSEFRTVFGMDKQDFSNLPKWKKLQLKQEVGIF
-1,LSDTDFESVFEMNRDAFSKLAGWKQKNLKKAKGFF
-1,LSDTEFQSVFGVAKDAFSGQPKWKQDAAKKKHNIF
-1,LSDEAFKAVFGMTKPDFDKLPKWKRDQKKKEFKL-
-1,LPDDKFKELFEMSKDEFEQLPKWKKDALKKRHKLF
-1,LREKEFSKLFGMSKATFEKLPTWKQTPLKMKHGLF
-1,LNDAEFHTVFKMNKADFEKLPKWKKDQTKKAVGLF
-1,LSDDDFKQALGMDRDSFAKSPAWKRKQKKKEAGLF
-1,LSEQDFENVFQMSRESFDELPNWRRTSMKKEKGLF
-1,LSDADFAAVFGMAKEAFYEQPMWKQTRQKKLNGFF
-1,LSETDFQAVFGMSPEDYARLPKWKQQSLKKNKDVF
-1,LAPDIFEVIFGMAKDDFAKLPMWKQSNLKKQHQLF
-1,LADSVFQELFGMPKADFQKQAKWKKDNMKKKHGLF
-1,LSDDDFQATFSMTKDEFKELKQWKRVALKKKCGLW
-1,LSPRDFQEVFKMSKEEFENLPKWKRDWMKQSRALF
-1,LSDDEFLKVFGVSTEVFAAMPRWKQVNMKKNLQLF
-1,LSDADFKQTFGMSKDEFGKLPKWKQSDAKKK----
-1,LTDEDFFTVFGMNRDEFYALAPWKQTNLKK-----
-1,LSVAHFVAQFGMSREDFAKLPKWKRNAAKKKVGLF
-1,LHEKEFISLFGMSKESFGKLPSWKQVPLRRKHGLF
-1,LSEAQFKEVFGISKEDFNKLPKWKQEHQKKAHKLF
-1,LADAEFETVFGMILDAFAKLPKWKQQKLKKEKDVF
-1,LRGDEFKDLFGMSKDTFDKLPFWKQIYLKRKHGLF
-1,LSDAEFEKVLGSPRGEFNQLKPWKQQQLKKAAGLF
-1,LSDEDFTEVFSMSKDEFYQLPYWVRNQRKRDLGLW
-1,LSSAEFKEKFGMTKEAFSKLPKWKQNRLKIALQLF
-1,LSDADFEKAFGVPRDQFEKQPAWKRNKQKKELGLF
-1,LSDVDFMEVFEMDKEAFYGLAKWKQNKLKKSKGFF
-1,LPETKFVELFGMSKADFAKQPKWKKDNAKKKHGLF
-1,LGEDDFQRIFGMKRSEFDALPQWRQFRMRKEHGLF
-1,LNDQDFLSVFGINKAEFYALKPWKQKQLKKTHGFF
-1,LSPRVFKELFSMGKEEFAELPRWKRDSLKRRHGLF
-1,LSDDDFESVFQMSKADFERLQKWKREMTKKKHGLF
-1,LSEQDFESVFQMNRGSFDELPKWRRTSLKKEAGLF
-1,LSDEDFQTVFQMSPDEFTKLQKWKKDKLKKEKDLF
-1,LHDNEFQQIFGMTKKEFYEQRPWKQKNLKRSKGLY
-1,LTDEEFEELFKMTKEAFAKLPKWKRNGAKKKLKL-
-1,LSDSEFEKVFGMKKQAFYAQPAWKQKGQKRSKGFF
-1,LSDSEFQTVFAMTRSDFEGLAKWKKDGAKKKCGLF
-1,LSDAEFASVFGMSHEEFQKMPKWKRQNAKK-----
-1,LREDEFKDLFGMSKKTFEKLPSWNQIPLKKKHGLF
-1,LSEAEFTEVFNMSKGDFYAMAVWKQQSAKKKAGLF
-1,LAAEEFHAVFGMDYADFAQLPKWKQQNLKKSTQLF
-1,LSSSEFREKFGMTKEAFAKLPKWKQNRLKIALQLF
-1,LSDSEFQQVFKCSREEFAEMPSWKQRQRKRALDLF
-1,LSPEEFENVFGMTMDEFDRLSLWKRNELKKRVSLF
-1,LAPEVFQEIFGMTIQEFDKLPLWRRNDMKKKAKLF
-1,LSLSDFQAIFGCNKDEFASWPKWKQTNLKRKAKLF
-1,LSDQEFNSLFGMDKASFDRLPSWQKDRQKKAHGLF
-1,LSDADFQMIFHMSRDEFYRHPLWRRNDLKRRVKLF
-1,LSPDSFFDVFGMTIQEFDKLPLWKRNDMKKKANLF
-1,LNDDEFPKVFSMSRDEFLGLPKWKKEGLKKDKKLF
-1,LSDEDFLSVFQMSKDVFNTMPQWKQLDSKKKNKLF
-1,LSKADFEKIFGMPYEKYATIPKWKQDNLKKKAGLY
-1,LNDEDFQRIFAMTYEQFDVLPRWKKLDLKKKVGLF
-1,LSPTEFEAVFQMSPAEFYQLPKWRRNELKRRARLF
-1,LCDEEFKLVLGMRREAFYKLPKWKQDVYKKKVDLF
-1,LHDAEFTRAFKMERAAFEALPAWKRNQLKKDVGLF
-1,LSDVDFQSVLNMSREEYHSIPLWKQATLKKEVGLF
-1,LSNTVFQEKFKMTKEEFKACPRWKQIDMKKDVGLF
-1,LDDEEFEEIMEISREEFYKLPQWKQDKIKQQVGLF
-1,LSDEDFEKALEMTRSDYEALPGWKQVNVKKAKGLF
-1,LNDGGFQELFNMDKKTFAAMPKWKRDREKKKHGLF
-1,LSYEQFEEVFGMTRGKFDALAEWKRKDAKKKVGLF
-1,LSDEEFARVLRMPREAFLKLPAWKQTTLKKEARLF
-1,LSNADFEALFKMTKEAFQKIPAWRRSNLKKKHKLF
-1,LNDNDFKSIFNMSKEEFAKLPNWRRENAKKKTGLW
-1,LSDEDFEGVFGMTKEQYMTHPEWKRTNWRKEHSLF
-1,LRDADFEQIFGMTRESFEGLPGWRQQARKRDLGFF
-1,LLDTAFVALFGMDKEAFSKLPKWKRDQKKKEHKLF
-1,LSDADFKAVFGMTKAEFNVLKPFKQKDLKKAKGLF
-1,LSPDDFNDVFGMSYLAFKSLKKWRQKMLKKKHGLF
-1,LSDADFQTALGMDKEAFEKLPGWKQKDARKKQGFF
-1,LDDAEFEDVFKMTRQDYDKLPKWKQEQQKKRANLF
-1,LSDADFKAVFGMTKAEFNVLKPFKQKDLKKAKGLF
-1,LPTKVFTELFGMSKEDFAKQPKWKKDNVKKKHGLF
-1,LAPDIFEAVFGISKDDFAKLPMWKQSNLKKQHQLF
-1,LSDEDFLTVFGLTPDDFSKLPKWKQQNLKK-----
-1,LSDAQFQEVFKMGRAEFAGLKLWKQQKLKKEAGL-
-1,LSDADFQSLFNMAKADFAALPKWKQETAKKKHG--
-1,LSDADFEQAFKMNREAFDKLPKWQKEKKKKELGLF
-1,LSDDDFHAVFGMSKVQLQSLPKWKRDQEKKKRNLF
-1,LGDVKFQELFGMDKQAFAKLPQWKRDTLKKKVQLF
-1,LSDEEFQTVFGMHSADFGGLQKWKQQKLKKEKQLF
-1,LNDADFEATFKMSRDEFAALPKWKRDKAKKDAKIF
-1,LNDEDFEETFKMSRDDFAALPKWKRDKAKKDAKVF
-1,LADAEFQTAFGMDREAFEKLPGWKQKGARQKNGFF
-1,LPDRAFEEHFGCSKAEFSRWPKWKQDRKKKELGLF
-1,LSDADFQTAFGMDQEAFAKLPGWKQKGARQKNGFF
-1,LAPDIFKVTFGMSKDDFAKLPMWKQSGLKKKHQLF
-1,LSDSEFQEVFKMSRDDFGKLPGWKQKQAKKDA---
-1,LAAPVFAELFGMAKDDFAKLPKWKRDNLKKKHDLF
-1,LADEEFQQLFGISHEVFVAMPKWKQHALKKEHSLF
-1,LSPRDFQEVFRMSKEEFEKLPRWKRDWMKQSRALF
-1,LSAAEFAEVFGMDREAFDTLPGWRQTKLRKAKKLF
-1,LREKDFAELFGMSKDSFGKLPSWKQVPLRKKYGLF
-1,LAPDTFKVTFGMAKDDFAKLPKWKQSNLKKQHQLF
-1,LAPDVFETVFGMAKDDFAKLPVWKQCTLKRQHQLF
-1,LSAEDFQKCFGMDKEAFAALKDWKRKDLKKKVNLF
-1,LTHDDFVATFGMPYSEFRTLPGWKQKDLKKAVGLF
-1,LEDDKFQELFGMNKEAFAALPGWKKTGAKKKHKLF
-1,LTDADFEIVFGMDKLSFSDLPKWKQQTLKKAQDLF
-1,LTDGAFADLFGMTKEELAKMPKWKRDGRKREHGLF
-1,LSDADFEEVFGMSKEAFYAQAGWKQKQQKKLKGFW
-1,LSNEEFREKFGMPKSAFYKLPRWKQNKLKMSLDLF
-1,LSDEDFEAALGCSREEFAAMPAWRRELAKRKIGLF
-1,LADGEFQAVFGMDKVAFAALPKWKRTAAKKQHKL-
-1,LSSEEFQSVFGMDRKKFYEQPKWKQDLQKKSVDMF
-1,LNDDDFQSVFGMDKNAFNGLAKWRQKALKKTAGFF
-1,LSDAEFEKKFGMDRLAFESSPNWKQVVLKKKLGLF
-1,LSVEDFKAVFQMDPDGFCKLPKWKQQNLKKAKDLF
-1,LSRTEFESLFGMTPIEFYKLPDWKRINIKRKMKLF
-1,LSDAEFKTVFGVTQAEFAGQPGWKREAAKKKAGLF
-1,LPDAVFRDLFGMDRAAFAGLPLWRRESLKKQVGLF
-1,--DAEFETIFNMKRGAFGALPMWKQQSLKKKVGLF
-1,LSDADFFKVFGMDRSAFTALSKWKQKKMKKNTGFF
-1,LSDADFEEVFGVTLGEFKKLPKWKKENIKKKKDVF
-1,LSPAEFETVFKMSKEKFAKLKGWKRVQLKKRHKLF
-1,LSQDEFAQVFGVDKTEFYSFPKWKQTKLKRQHKLF
-1,LTPDAFEEIFGMTKEDFSKLRRWKQDSLKKDHQLF
-1,LSDREFEQIFAMPHETFAKMAKWKQHALKKQHGLF
-1,LSKEEFESIFHMNRQEFYRLAEWKRNDLKKRVGLF
-1,LSDADFELVFEMPRSDFYRLPNWRRSDLKKRVKLF
-1,LGRDEFDKCFGMTPIEFYKLPEWKRINLKRKHKLF
-1,LSDEEFAATFkGRSKVEFYALPKWKQVALKKQAGLF
-1,LSDADFLALFGVEKAAFGGMPKWKQQAAKKKHNLF
-1,LSDADFELVFELSRADFYRLPQWKRNDMKKRVKLF
-1,LSDEDFTKYFKASKEEFFKYPKWKQLRIKKEVGLF
-1,LDDVTFNTVFGMTSAAFGALPKWKRDAKKKEVGLF
-1,LSDTEFEAIFQMTRSDFYRIPTWKRNDLKKRMRLF
-1,LSSAEFREKFGMTKEAFAKLPKWKQTRLKITLQLF
-1,LSSEEFRQKFGMTKEAFYKLPKWKQNKHKMALQLF
-1,LEAKEFQNVVGMSRDEFYGMPSWKQAKVKKEVGLF
-1,LSTEEFRQIFQMTKSEFDRLPKWKKISVKKKVGLF
-1,LSDDEFKTVLEMGRDEFYKLPGWKQKDKKVKAKLF
-1,LSDDEFEKVFSMTRSAFENLSSWKQTDHKKAVGLY
-1,LSDEDFGVVFQMSRQEFNALKSWRRNQFKKAAGLF
-1,LSDEDFLKLFQMPRDEFSKLPTWKKNSIKTKLKLF
-1,LSDADFEAALGVSKDAFYAQPGWKQESMKRRVGLF
-1,LSSAEFREKFSMTRAAFYKLPKWKQNKLKSGVQLF
-1,LSLEEFEAVFGITKEEFAKLPKWKRVNKKRAVDLY
-1,LSDEDFMKHFRMTKEEFYDLPAWQQMNKRQEAGL-
-1,LSDDEFLARLQMSREEFYALPPWKQRFKKQEAHLF
-1,LSDDEFLSALGMDRESFCKLAKWKRDILKKAAGLF
-1,LSDADFQATFKMSKSDFEKLAGWKQTKLKKDAGIF
-1,LAPDIFEVVFGMAKDDFAKLPVWKRSNLKKQHHLF
-1,LSDEEFKLVFKFSKEDFHKMPKWKQKNEKQKFQLF
-1,LSSEQFEDLFKMNFETFEKLPKWKQQDAKKKIGLF
-1,LPETVFVELFKMSKAEFAKVPKWKRDGEKKKHGLF
-1,LDDAEFEALFGMTKAKFLQAPAWRKKELKKKHGLF
-1,LCDEEFQSLFGHSKTAWAAVPSWKKDSLKKEHGLF
-1,LSPETFSSVFAMSKQDFMKLPKWKRESLKKKHMLF
-1,LPDAHFVELFGVSKEEFAKLPKWKKDGQKKKHSLF
-1,LAPDAFEDIFGMTKEDFAKLPKWKQMRQKKDNQLF
-1,LSEKDFNDTFGMSKEGFVKLPKWKRDAQKREHDLF
-1,LSNEDFALILGVSRVEFYSVPTWKQQNLKKETGLF
-1,LNDEDFESLFGMSKNMFYGLKPWQQNNLKKVVGL-
-1,LSGEEFETVFGMSLQDFLKMPKWKQADQKKKKDLF
-1,LPDGKFMELFGMSKDDFEQMPRWKKDALKKRHKLF
-1,LEDKAFANIFGMGKFSFEKLPPWKQLSLKKKHGLF
-1,LADDVFEKMFGMTKAKFNKLPKWKKQAKKRNVQLF
-1,LSDDDFMSTFKISKDEFTKQPKWKQINKRKELGLF
-1,LNDDDFQSVFGMEKQSFYGLAKWRQKALKKTAGFF
-1,LSEADFRKHFNMERQAFYNQPKWRQQFLKKELGLF
-1,LSDEVFQEVFKMTKDEFKELKLWKQKKAKQAVNLF
-1,LSDEEFLVIFGMSLPAFLKLPKWKQANLKKAKEVF
-1,LSDEDFLTVFGQTPDAFSKNPKWKQQNMKKAKELF
-1,LSAEDFVNVFNMSKAEFKELPGWKQTAAKKKLELF
-1,LGEEEFVTVFGMSKSAFTVLPKWKKNAAKQKVGLF
-1,LTDADFTKCFGMDRAVFYNHPKWRQQAMKKEVNLF
-1,LAPEVFEEVFAMTKEDFTALPEWKQLNLKKKYQLW
-1,LSPEDFEKAFSMDRDQFQSLRPWQQKELKKKAGLF
-1,LSDDDFRKVFKMERESFLKLKRWRRNKLKKKYGLF
-1,LAPDIFEGIFGMSRDDFARLPTWKQMHLKKEQQLF
-1,LPENSFKQLFGMDKKAFGALPKWKRHSLKKKHGLF
-1,LSADLFQSVFGMAKDDFSKLPKWRQELLKKNHFLF
-1,LAPEIFEVVFGMAKDDFAKLPMWKRSDLKKQHQLF
-1,-TDEDFRRAFGCTREEYGGMPGWKQKEAKKKSGLF
-1,LSPAEFQKVFNMSKEKFEKLKGWKRVQLKKRAKLF
-1,LSEEDTEKLFGMSKEALAAMPKWKRNNLKKKVQLF
-1,LSDSDFEEHFKMDKEAFAGLPGWKQQKAKKDLKIF
-1,LSDFDFQELFGMPKEEWQFLPKWKRDAAKKGHNIF
-1,LTDDEFQKVFEMSLNQFHKMPKWRQQALKKAKKLF
-1,LTDAEFSETFGMSKAEFAKLPAWKAKDKKKRLNLF
-1,LSDDEFVRLFGVSKDTFIAQPAWKRNQKKKDLGLF
-1,LSDAEFQSVFGMDKAAFEKLPGWKKTAAKKKA---
-1,LSDADFEAEFGMSKAAFIALPNWKRHKMKRERGLY
-1,--DATFRETFGMDRAAFEALPQWRQIALKKEKGLF
-1,LTEEDFKVVFGTSKDEFAKLPKWKQDGKKKETGIY
-1,LSDSEFEKVFQLSRVAFYRLPEWKRNDLKRRVDLF
-1,LSDEEFHQVFSLSRTVFYRLPEWKRNDLKRKAQLF
-1,LKPRDFKNVFGVTRDEFYALPLWKQRNKKKEAGFW
-1,LSDADFQEIFGMSAPELYKLPKWKQVNLKK-----
-1,-SDADFEAVFGMAKEAFYGQPMWKQTQQKKLNGFF
-1,LSDDEFAELFKMTKSEFSVQAGWKQRSIKKKVGLF
-1,LSPDVFEGIFGMTKEDFSNLRSWKQMRLKKDHQLF
-1,LPDEEFVSIFKMSREEFSALPKWKVNQKKKEVNL-
-1,LNESEFEPVFGMAKESYEALPQWKKDNLKRSVGLF
-1,LTDPDFEDVFGMDKLSFSELPKWKQQTIKKTKDLF
-1,LSDSEFIKVFDMNRDELESLPNWKKQNLKKKANLF
-1,LSPEEFQRLFGMPLEEFVKLPLWRRNEMKRKLLLF
-1,LSDCDFEKVFKMSREKFNSLQRWKQIELKKSVNLF
-1,LSVAEFKEVFKMDIEEFGKIAKWKQNKLKKKVGLF
-1,LSKDEFESIFHMTRQEFYRLAEWKRNDLKKRVGLY
-1,---EDFEEVFGMSYADFQKLPKWKQQNLKKAKDVF
-1,LEDAEFEKVFEMTRAAFGELKLWKQQDLKKKVGLY
-1,LTDKDFEGVFKMDRGTFYALPPWKQISLRKMNDLF
-1,LSPEEFQEVFKMTIEEFDRLALWKRNDLKKKALLF
-1,LSDSDFVEVFGMVRETFNKMQLWKRRALKKARGLF
-1,LSDEEFVHVFGMERRHFQRLPEWRRSDLKRKADLF
-1,LAPDIFEEVFGMSKEDFAKLPKWKQMQQKRDNLLF
-1,LDDKEFNDVFKMSRDAFAALPKWKKEGLKKAAKLF
-1,LTHDDFVSLFNMTYVEFEKLPRWKKQEMKKKVGLF
-1,LHDMDFEKAFKMNREAFRALPLWKRQNLKKSVGIF
-1,LSDDEFELYFGMTKEKYSSLPKWKKEILKKKLRLF
-1,LTHDDFVSVFKMDYFEFESLPKWRQTQLKKEHKLF
-1,LSANEFEEKFGMTKEVFNRLPLWRQNKLKRDHRLF
-1,LSEREFETVFGLTRDAFEKLAEWKRKDAKKKVGLF
-1,LSSAEFKEKFAMSKDAFYKLPKWKQNKLKMAVQLF
-1,LSPEHFLEILGMPREEFVELPVWKQCKMKQAAGLF
-1,---EDFNELLGMSKEEFHELPNWKRTNLKKKVGLF
-1,LSEEEFQQIFGMTKTAFYKLPKWRQNKLK------
-1,LSDKDFEVALEMTREEYNTLPPWKQVNTKKAKGLF
-1,LTDEDFEVALEMTREEYSMLPSWKQVNLKKAKGLF
-1,LTDEDFEFALDMTREEYNALPAWKQVNVKKAKGLF
-1,LDDKTFEEIFSMSREDFNKLPIWKQAEMKKYSGLF
-1,LNDEDFAATFKMSREDFAKLPGWKKNKEKANHGLF
-1,LSDADFQTAFGMDRAAFAALPAWKAETLRRKAKLF
-1,LSDQDFEKALEMKREEYESLPGWKQVNLKKAKGLF
-1,LSNEEFQKVFGMNRAKFYQQPKWKIVAAKQSKGLF
-1,LTDVEFEAIFNMSKSAFNSQPKWKRQELKKQHHLF
-1,LSKEDFQKLFGMPYEKYATIPKWKQDNLKKKAGVY
-1,LSDSDFMATFGMNKADFAKMPKWKRDGRKRENGFF
-1,LSDDKFKELFAVSKQAFAQLPKWKRDGLKKQHGLF
-1,LSDIEFEEIFKMTKDKFMNLKKWKQDKLKKSNSLF
-1,LSEEKFVEIFGMDMSKFYATPQWKRNNMKKDKGLF
-1,LSNTVFQEKFKMTKEEYKASPRWKQIDMKKEVGLF
-1,LSPAEFLQILGLEKEEFSQLPAWKQVNLKKNAGLF
-1,LSPRTFSSVFGMQKDEFEKLPQWKKNALKKQYSLF
-1,LSDEDFQTAFGMDREAFDKLAGWKQKGARQKNGFF
-1,LTPGCFEKVFGMAKDGFAKLPLWKQRSLKKQHKLF
-1,LPYSEFRIVFGMCRDEFKTLPEWKQRDKKRAVGLF
-1,LSDAVFQAKFKMDKAAFGKLPKWKADNLKKEARLF
-1,LPESKFQELFGVSKADFAKLPKWKRDGQKKKHGLF
-1,LSEEDFMQLFECTMEEFSKMPAWKQVEIKKRVGLF
-1,LAPDIFKVMFGMSKDDFAKLPMWKQSGLKKQHQLF
-1,LSPDDFHDVFGMTYVSFKSMKKWRRNELKKKQGLF
-1,LADDVFKEVFGMAKDEFAQLQSWKQIAAKKKHNLF
-1,LNEEDFRGAFGMSRIEYYQLPKWKRIAMKKKAQLF
-1,LSDDDFKEVFGMDRETFYGQPKWKQTQQK------
-1,LAPDIFEAVFGMAKDDFAKLPVWKQCTLKRQHQLF
-1,LSDEDFEAVFGAPKSSWPSMPRWKQDSLKKKNGLY
-1,LSDRAFEEHFGCSKAEFGRWPKWKQDRRKKELGIF
-1,LSDEDFEKHFTFSKESFYTLPGWQQVNWKKKLGLY
-1,LSDEEFNNLFGMNKDQFRNIPKWKQTNEKKKH---
-1,LSFTEFEQKFEMTREEFYKLPQWRQRNLKKMLMLF
-1,LSDEEFYEVFGMHYEEFEALGPFKKKQLKKKVGLF
-1,--DALFMELFGMGKSSFEKLPTWKQTPLKKKHGLF
-1,LSDAEFESLFKMNKADFEKQPKWKKEKAKKDKGLF
-1,LSNEEFETVFGMPRERFVKLPTWKRATLRKDAELF
-1,LSDSDFQKMFRMTKAEFGKLPDWKQKRLKQGLLLF
-1,LSDDDFQRVFQMDRAKWATTPGWKRTALKKKANLF
-1,LSDAEFQTVFGVDKACFETQPKWKKDAAKKKHGVF
-1,LAPVIFEVVFGMAKDDFAKMPKWRQSNLKKQHQLF
-1,LNKEDFEEAMGMTREDFYNLPKWRQKDKKKKIGIF
-1,LSAEEFQVVFGMSLGDFAKVPRWKQQNLKREKDVF
-1,LSNEDFEAVFGMTRMEFDSMAKWKKDRKKKDVNLF
-1,LSDADFKVVFKTSREEFTKLPAWKRGAAKKAAGLF
-1,LSDDEFQEKFKLGHEEFAKLPKWKQQNLKKSLELY
-1,LSDDEFVEVFKTSKEQFASSPTWKRKQLKKDAGLF
-1,LTGAEFAEIFgGMTKSQFDALPKWKQVQKKKEVGLF
-1,LNDEDFEMVFHMPRDDFYALPLWRRNDFKRRVRLF
-1,LHDEEFKKHFGMDKDEYSKLPSWAQQRRKKKVGL-
-1,LSDSVFMEKFKMSKEEFSACPRWKQVEMKKVSGLF
-1,LTDAEFMQIFGMGRDEFYLLQEWKRKDLKRAFGLF
-1,LRENEFAELFGMTKAAFEKLPSWKQIPLRKKHVLF
-1,LNDDDFRSVFGMEKQAFYGLAKWRQKALKKSAGFF
-1,LSDAEFQTVFGVDKGSFERQPQWKKDAAKKKHGVF
-1,LREKEFADLFGMSKASFETLPTWKQIPLKKKHDLF
-1,LNDEDFMEVFGMDKMAFDGLAKWKQTKLKKSKGFF
-1,LPDSVFEEKFGMTKEKFWGMPSWKRTTIKKKVGFF
-1,LSAEEFQDVFQMSLADFQKLPKWKQQNLKKAKDVF
-1,LSDDDFMAAFKLSKDEFTKQPKWKQVNKRKELGLF
-1,LSDSDFARLFKMDKQDFSKLPKWKKLQLKKGVGIF
-1,LSDAEFEVVFGMAAAAFQKPPKWKQQNLKKAKDVF
-1,LSPEEFEQVFGMPMAEFERLSLWKRNELKKKASLF
-1,LTDDEFEKVFGMTRVEWNKMPKWRHPDLKRKALLY
-1,LSPEEFQQVLGMTLEEFSRLSLWKRNELKKKVHLF
-1,LSDLEFEEVFQLSRVAFYRLPEWKRNDLKRRVDLF
-1,LPDSVFEEKFGMTKEKFWSMPSWKRTQKKKKIGFF
-1,LSPHEFHALFKMSYDEFTKLPKWKQVNAKKRFMLF
-1,LTPQEFMSVFSMEREEFLALPKWRQATLKKGAGLF
-1,LSPADFEKVFGKTREEFKAQPAWRQTLAKKQVGLW
-1,LTDEIFESLFGTTKDEWTKMPKWKRTSKKKKHKLF
-1,LNEDDFQKAFNMTKDAFDVLPMWKKTNLRKKAGLF
-1,LGDAEFHKHFQMDKEQFWKLPKWKQDQKKKALSLF
-1,LVREDFEEIFKMTPIEFYKLPEWKRINLKRKVKLF
-1,LSDEEFQKVLGMQKTEWEVLPGWKKSERKKSVGLF
-1,LSDAEFEQVTGYTKEEWAEVPKWKKQNVKRKHGLF
-1,LTNDDFISIFNMTYKDFEALPPWKQQELKKKNKLF
-1,LDDAEFEKVFGFNREEFYALPAWKILTLKKEKELF
-1,LSEEEFMQVFGVSKDSFSELPAWKRINLKKAKQLF
-1,LEDSVFEKVFGMSRDSFAKQPQWKQKNAKARVGLW
-1,LSEQDFESVFQMNKGSFDELPKWRRTSLKKQAGLF
-1,LSDAEFVEVLGLKKEEFSCLPAWKQVNLKKNASLF
-1,LDDETFENILHMSKEDFYKLPSWKQRQLKQPTGLF
-1,LSDVDFENLLGVTRSEFLGLPRWRQIQLKKNAGLF
-1,----DFCSIFGMTKDEFAGLPGWKQLNMKKEKGMF
-1,LTDADFENILGCSRKDFLRLPKWRQSDLKKKAGLF
-1,LCDEEFQEKFGMRKKAFYELPKWRQNKLKISLHLF
-1,LSHEEFQEKFGMTKKVFYKLPKWRRNEHKRSLNLF
-1,LSDDDFAKYMKCTRDEFTKLPAWKQTQKKKDAGLY
-1,LSPDEFEEALGVTRSDFQELPLWKQTKLKKEMGLF
-1,LNDDDFQNALGLSRTEFEQMPVWKQTSLKKERGLF
-1,LNNEDFQKALGLSRAEFEQMPVWKQTNLKKERGLF
-1,LFDADFEDILEMSREEFYAQPHWKQIDMKKGVGLF
-1,LSDDVFVQVFGCTKVEFQALPLWRQQQKKKLALLF
-1,LSDEEFQEVFGVSREEFYKMKPWCRDKLKHSVYLY
-1,LSNEEFQKVFGMDKKKFATLQNWKQTSLKKEKNLF
-1,LSRDEFEGLFGMAPIEFYKLPEWKRINLKRRAKLF
-1,LTDEEFEAVFECTKAKFYGLPNWMQNKHKKQAGLF
-1,LSDEEFESIFHMDRLEFHRLAEWKRCDLKKRVNLF
-1,LSDEEFEKVLGSPRDVFENLKPWKQAQLKKAAGLF
-1,LSDQEFERVFAMTRDDYVALPLWKAEKLKQDIGLF
-1,LADTEFRRLFGMDKQDFSNLPKWKKVQLKQDVGIF
-1,LADDVFKEVFGMPKDEFAQLLKWKQIVAKKKHNLF
-1,LSAEDFAAAFGMSIGEFVLLPAWKQKQLKQQQGLF
-1,LADDVFEKMFGMTKARFQKLPKWKKQAKKRNVHLF
-1,ISDSEFRRVLGMTRDEFSRFSEWKQQEIKKELGLF
-1,LTDEDFKTHLGMSRKEFNDLPLWRQQNAKKKAGIY
-1,LSDAEFQEVLGCTKAEFEGLPAWKKKQKKQSKRLF
-1,LSDAEFQTAFGTDKEGFDKLPKWKKDAAKKKHNVF
-1,LSDADFEAAFKCSRADFKVLKGWKQQNLKKACGLF
-1,LTPQEFVSVFSMERGKFFALPKWRQTILKKKAGLF
-1,LPSKVFQELFGKSKAEFAKLPKWKRDGEKKKHGLF
-1,LSDADFAAHIGMTRADFEKQPKWKRDKKKKDLGIF
-1,LSGADFKSVFGMNKEKFGKLAGWKQKKLKKEKGFF
-1,LSEDDFRSLFEIDREAYAKLPKWKRVNLKKKHNLF
-1,LGDAEFCAVFGMTRAAFNGLPKFKQINKKKDVNLF
-1,LSDEDFEATLGMTREAFDKVPAWKKQKLKDAVKLF
-1,LSDVDFQAAFEMSKAEFEKMPKWKQQNAKKK----
-1,LDDSTFMDLFGMTMEAFDRLPQWKKDAEKKKHGLF
-1,LSNAEFQAVFKMSRTEFNGKPAWKQRALKKAASLF
-1,LSPEEFRKVLGMDPPDFYALPMWKQRILKRNAKLF
-1,LSDEEFQEKFQMNHDEFVKLPKWKQQNLKK-----
-1,LSKAEFLAVFGCDAEAFAKQPKWKQTNAKKKAGIF
-1,LSDEAFQELFGMDKQAFAQLRPWKQKNLKKAKNMF
-1,LSSNEFKSVFGKNKEEFSVLPKWKRDMMKKKAGLF
-1,LSDAEFQTVFGMDATAFGKLPKWKKQNLKK-----
-1,LNREEFENLFSMTPIEFYKLPEWKRINLKRKVKLF
-1,LCDADFESAFRMKREAFSKLPKWKQQNLKKLAKIF
-1,LSDSDFQSVFGMDKQTFYGQAAWKQKGQKKSKGFF
-1,LSDTEFTNVFGMDKATFNGMAKWKQQQAKKKVG--
-1,LSDEEFEKVFGMTKAAFGELKGWKQQDAKKQV---
-1,LSPDEFHDVFGMTVSAFKALKKWKQVMIKKKANLF
-1,LEDEKFVELFKMDKEAFAALPGWKRNGAKKKHKLF
-1,LSEEDFLKVFGSTRAEYSAMPQWKRVQKKRATGLF
-1,LTEKEFEERFGMAKSEFYALPKWKQNKLKISLHLF
-1,LSAADFEAVFGMPAGEFALLPAWRRKQLKQRAGLF
-1,LPENSFKQLFGMDTKAFGALPKWKQHSLKKKHGLF
-1,LSEAEFVEVLGLGREEFSSLPVWKQVNLKKAANLF
-1,LREDEFKDMFGMSKNTFEKLPPWNQIPLKKKHSLF
-1,LSDEEFHTVMGMTAVEYAAMAKWKQQNLKKAKKLF
-1,LGDDEFEKLFGMSKASWAAVPAWKKGGIKKKHDLF
-1,LSDDDFKDVFKTSREDFQGSPKWKQKKLKQDAGLF
-1,LSDEEFQEKFKIGHEEFSKLPKWKQQNLKKTLELY
-1,LSDAEFEKKFGCDRAAFESSPSWKKVVLKKKVGLF
-1,LADADFERLFKMPYENFDKLPAWKKLEMKKKVGLF
-1,LAPSVFETVFGMTKEDFAKLPKWKMSNLKKERMLF
-1,LSDDEFERVLGSSRKEFAALRPWKQQALKKAAGLY
-1,LDDAIFASVFNMDRAAFRALAKWKRDDLKKKAGLF
-1,LSPEDFERLFGMPIAEFDRLSLWKRNNLKKNVQLF
-1,LSTANFQEKFSMSKTEFGACPRWKQIEMKKEAGLF
-1,LLEEEFRTLFGMDHKDFARMPKWKQQNLKKKKQLF
-1,LCNAEFFEIFKMSRSEFEKKPAWKQRNMKKDKGLF
-1,LSPEDFRRVFSISENDFSKLPMWKQIRLKKEAGLF
-1,LDDESFQELFGMDKAAWASVPKWKKDAEKKKHKLF
-1,LTDRTFVSVFGMDKEGFQKLPRWRRDALKKQKHLF
-1,LSDVEFETLFLCTRAEFYRLPTWRRNDLKKRARLF
-1,LSDAEFTETFGMDKTAFAALPAWKAKTAKKKFNLF
-1,LNDDDFQSLFRMERIAFYALPHWKQIVLRKKHKLF
-1,LSDDDFAKLFKMDRASFLKLKRWRRNKLKKKYGLF
-1,LAPEVFREIFGMSIQEFDKLPLWRRNDMKKKAKLF
-1,LSSTEFREKFGMTKEAFSKLPKWKRNKLKIALQLF
-1,LVPEEFKLLFGMTYEEFQKLPKWKQLAFKKKTDLF
-1,LSDTDFELVFELPRSDFYRLPQWKRNDLKKRVKLF
-1,LSDQDFVKVLGSPRGEFNAMKAWKQNQLKKAAGLF
-1,LTDADFKKLFKMDKEAFEKLPNWKKINLKKAQDLF
-1,LSNGEFSQVFGMDREQFSALPGWKQTNLKK-----
-1,LSEDAFVRVLGITRGEFVAMPVWKQQNLKKAKGLF
-1,LSDVDFEEAFKMSREKFNSLHRWKQIELKKAVNLF
-1,LSDDDFKTLFDVSRVEFNAMANWKQQNLKKSKGLF
-1,LSIEEFEEKFGMEKTTFYKLPKWKQNKLKMTLHLF
-1,LTHDDFVSLFHMSFWEFDELPAWKQQELKKKHKLF
-1,LSEGEFKTVFGMERTAFDALAEWKRKDAKKKVGLF
-1,LSLSEFREKFGMTKEAFGKLPKWKQNRLKIALQLF
-1,LSPEEFNDKFKMSKSAFYKLPKWKQNKLKMALQLF
-1,LSNIVFQEKFKMTKEEYKACPRWKQIDMKKEVGLF
-1,LTDQDFESLLAVSKEEFKELPSWKQTNLKKKTGLF
-1,LTDEDFENAFHMSRGAFAELPEWKKLNLKRSVNLF
-1,LASPDFIEAFGMTKEEFAALPAWKQTNMKKDVAAF
-1,LSDTEFEQVFKMTREQFEAQPKWKQQKQKHALKLY
-1,LSPQTFQDKFGMSKDEYSSAPRWKQIEMKKDVGLF
-1,LSEEEFKTVLQMTKDEFYALPPWKQNKLRQQASLY
-1,LADEEFEAVFECSKAKFYELPSWTQNKRKKQAGLF
-1,LSDEEFQKLFGMSKDEFGNLSQGKQNWERKRHGLF
-1,LSDEDIQTHFGMNRDELLKLPKWKKQAAKKKLGIF
-1,LSDAEFAAVFKSDRATFMALPKWKRDAAKKTAGLF
-1,LSDAEFASVLGLPPCAFYALPAWKQSAVKKAAGLF
-1,LDDAAFVAALGCDRAAFAKMPKWKQDNKKKKAGLF
-1,LSEEDFKSIFKTSKTEFSKLPKWKRDRAKKMLGLF
-1,LSDEDFQTAFGISKAKFAETPQWKRELLKRKLGLF
-1,LSNMEFEEIFKMTKDDFKNLKKWKQNSLKKKNKLF
-1,LKDEDFVSVFGMDRDAFYALAAWEQKSLKKATGFW
-1,LAEDIFASLFGMSKADFAALPKWKRDARKKEHSLF
-1,LSDKDFADAFGMNKSEFARLPGWKQKRLKEGKRLF
-1,LTDEDFSSTFGLSPADFAGSPKWKQQAAKKKNGLF
-1,LSPQDFQGVFSMSKDDFTKLPKWKRESLKKKH---
-1,LSESEFQTVFGMHMHEFQKLPRWKRNSKKKEKGFF
-1,LREAEFADLFGMSKATFEKLPSWKQVPLRKKHGL-
-1,LSNTLFQEKFKMSKEEYEACPRWKQIDMKKEVGLF
-1,LSATEFQATFGMDHASFAKLPKWKQHNMKQRRDLF
-1,LAPDIFEVVFGMAKDDFAKLPMWRKSNLKKQHQLF
-1,LRDSEFEAVFGMNKASFAALPPWRRMQRKKQRNLF
-1,LSDADFNSAFGMSKTEFEKMPAWKRNNAKK-----
-1,LNDADFEAIFGRSPEEFAELPKWKQQNLKRETEFF
-1,LSPDDFNDVFGMSYLAFKGLKKWRQKMLKKKNGLF
-1,LSDEDFRALFGCEKSAFDSWPAWKQNNKKKYLGLY
-1,LSEEDFVATFGVSPADFSKFPKWKQTNVKKAKGLF
-1,LSPETFTSVFAMSKQDFVKLPKWKKESLKKKHMLF
-1,LADDEFQNLFGMSKVAFAAVAKWKRDKQKKDHGIF
-1,LSDEEFEKYIKMTRSEFDILKEWKQNSIKKSVGLF
-1,LSPEAFQTVFGMVKEDFGKLPKWRRELLKKNALLF
-1,LSEKEFLSVFGTPKADFAKLPKWKRDNVKKSKNLF
-1,LPDRIFKDLFGTTKEEFAKLPKWKKDGAKKKHKLF
-1,LCDEEFAVVFGMTREKFTNLAKWKKVNLKKEKKMF
-1,LSDRVFREKFQMSKEEFWASPRWKQVEMKKVSGLF
-1,LADDEFLATFNMDKAAFEKLPGWKKNDAKKKAGIF
-1,LSADDFASAFRMERGQFTALPKWRQVRLKKEAGLF
-1,LHDNEFESTFGMDKVRFWKLPFWKQREAKRKAKLF
-1,LSDEEFKKCFDMDKAAFAALPKFKQEAAKKKHNLF
-1,LSDEEFKAKMGCTKDEFAKLPKWKAENKKKAAKLF
-1,LNDHEFEEVFEMSKEEFAAKPKWVQSTLKKKKNLF
-1,LNDADFQAAFEMSKPDFDKLPKWKKDEKKKRHSLF
-1,LNDADFQEVFGMDKDTFYGQPMWKQTQQKK-----
-1,LQDSEFPKAFGMSRDEFDKLQAWKKVQKKKSAGLF
-1,LADSEFLRIFGMDKQNFSNLPKWKKVQLKQDVGIF
-1,LSDEDFEAVFGTTREEFNALAGWKQKNVKKK----
-1,LTDEDFESVFSMTKEEYLKKAEWRRINLKKEYGLF
-1,LSDDVFQEKFKMTKSEFQFCPRWKQIDMRKKTGLF
-1,LSDEDFESLFNMSKTTFCRLKSWKQENLKKVVGL-
-1,LKDDEFEKVFGMEKEEFYKLRPWKQKQLKK-----
-1,LSPEDFLRVFEMSPEEFSKLALWKRNELKKKAFLF
-1,LSPEEFQNLFGMPMAEFDRLSLWKRNELKKKVSLF
-1,LADDVFEKMFGMNKTQFKKLPKWKQKAKKRNVQLF
-1,LSPEDFQRLFCMPVEEFVKLPLWKRNELKRKLLLF
-1,LFDDEFDKAFGMSREAFKELKPWRQQKLKQSAGLF
-1,LSPEDFQHVFGMTLDQFDRMALWKKNDMKKKARLF
-1,LSPEEFVQVFGMTVEDFDRLALWKRNELKKQARLF
-1,LSSEEFFDVFGIKYSEFSNLPKWKQEYMKKKVGLF
-1,LTHDDFVSVLKMTYLEFEKLPRWKQQELKKRAGLF
-1,LTDAEFLEVLGMDREAWSALPAWKQIAAKRAKNLF
-1,LSDDEFAKLMGCDKAAFRAMPAWKRNDKKKSTGLF
-1,LSNEDFQTILEMKRDEYASLPSWKQIDLKKSKGLF
-1,LSSVEFKGVFGMNKRSFMKLPKWKQNRLKKALNLF
-1,LSNTLFQEKFKMTKEEYKAWPRWKQIDMKKEIGLF
-1,LSDEEFQQVFGVSREEFYKMKPWCRDKLKHSVYLY
-1,LTDEDFENAFHMSRGAFAELPEWKKRNLKRSINLF
-1,LSAEEFSELMSMTLDEFKKLPTWKQTSVKKEKGLF
-1,LCDEEFEESLNMTKAEYYALPVWKQSKLKQDIGLF
-1,LNSEDFEKALGLTRGEFEQMPLWKQTNLKKERGLF
-1,LADADYPEAFGMSRGEFEALPKWRRDKIKQQKQLF
-1,LSDADFQLHLKMPRGDFAKLPKWKQDAAKKACKLF
-1,LLEEEFPKVFGMSYADFMALPKWKRDARKKEKKLF
-1,LADDVFKDLFGMTKDEFAALPKWKRDGAKKK----
-1,LVITEFQDLFGMGKEDFAKLPKWKQDNLKKKH---
-1,LSEEEFFQVFQTSKADFAKMPKWKRDSAKKKQGLF
-1,LGDEEFAVVVGMTQDEFIKLPKWRQQKLKKAKDVF
-1,LSDESFQSLFGMSKADFLKLPKWKQDGKKK-----
-1,LSDDAFHEVFEMTKKQFYDLKLWRQRELKKQKGLF
-1,LAAAEFARVFGMGKDAFYQQPKWKQISQRKKHKLF
-1,LSQEEFQEVFGMPIGEFDRLSLWRRNELKKKASLF
-1,LSKDEFESIFHMRRDEFYRIAEWKRNDMKKRVGLF
-1,LSNDVFLEKFKMTKAEFLACPRWKQIEMKKETGLF
-1,LSPRDFQEVFKMRKEEFEKLPRWKRDWMKQTRALF
-1,LADDVFQSVFGVGKAEFAKYPKWKKDNIKKQKKLF
-1,LAPDIFEVMFGMAKYDFAKLPMWKQLNLKKKHQLF
-1,--DVTFRETFGMDRGAFEALPQWRQIALKKEKGLF
-1,LTDEEFNKVFGMDKEAFKKLPAFKKPMLKKKHGL-
-1,LSNVDFKKHFGMCKEDFHSMPKWRQQSAKKKLNLF
-1,LRNREFMALFNMSKASFEKLPSWKQIPLKRKHGLF
-1,LSPTEFQKIFNMSKEQFNKLKGWKRVQLKKRNKLF
-1,LAPDIFEVMFGMAKDDFATLPIWKQSNLKKQHQLF
-1,LADGEFENIFGMTKASFNQMPLWKRQNLKAKVG--
-1,LTDDEFKVVLGMSAADFAKAPKWKQQNLKKAKELF
-1,LSDADFQAAFEMSKAEFEKMPKWKQQSAKK-----
-1,LREAEFMNLFGMSKASFEQLPPWRQKSLKQRRGLF
-1,LSPEEFEQAFKMTKEAFSNLPKWKRDKLKQELHL-
-1,LENKDFLHMFGMSKDDWKKVPKWKQSTKKKEHGLF
-1,LSKEEFQNVFNMNREAFSSLPGWKQKQKKIEAKLF
-1,LREDEFKDIFGMSKNTFEKLQPWTQLSLKKKHGLF
-1,LREEEFKDLFGMSKNTFEKLQPWTQLSLKKKHGLF
-1,LSDEDFLTVFGQTPDAFSKQPKWKQQNLKKAKEFY
-1,--DPLFMKLFGMNKASFEKLPSWKQIPLKKKHGLF
-1,LSDSEFFNVFGMDKIDFYALPAWKRTNKKK-----
-1,LSEDEFEQVFRLSRTAFYRLPEWKRNDLKRRANLF
-1,LGDAEFAEVLGMDKAAFQKLPKWKRDNIKKAKNL-
-1,LREKEFGELFGMSKSTFEQLPDWKQIPLKKKHCLF
-1,LREDEFKDLFGMSKNSFEKLQPWTQMSLKKKHGLF
-1,LSPTEFQKIFNMSKEQFNKLKGWKRVQLKKRNKLF
-1,LRDDEFIKVFNVDQETFFSMPQWKQANLKKEVGLF
-1,LHEEEFLKVFNVDQETFFAMPQWKQANLKKEVGLF
-1,-SDDEFQQVMGMSKAEWEPLKQWKKDNKKKEKGLF
-1,LSDEEFRAAFAMEYDAFANLPKWKQQNLEKNALLF
-1,LSPEDFLKVFEMPPEEFSKLALWKRNELKKKAFLF
-1,LADKEFENIFGMSKAEFNRQRIWKQKQMKEVHGLF
-1,LTDEEFSLVFEMELADFSKLPKWKQQNLKKLKDLF
-1,LCDEEFEDVFGMARAEFAKMQKWKQKRSKAKVKLF
-1,LSPEDFERVFGMPMAEFDRLSLWKRNDLKKRASLF
-1,LSPEDFQRVFEMPPEEFSRLALWKRNELKKKACLF
-1,LSPTEFQKIFNMSKEQFNKLKGWKRVQLKKRNKLF
-1,LSPEDFQRLFCMPMEEFVKLPLWKRNELKRKQLLF
-1,LSDSDFKNLFEMEKNAFKKLPKWKKKHKKQKVGLF
-1,LSQEEFFSVFGMSMEEFDSLSLWKRNDMKKKVCLF
-1,LAPEKFQEIFNMTLEEFSALKKWKKNQLKKSAGLF
-1,LSPAEFVSVLGMDREQFSHLPGWKQVALKRSTSLF
-1,LSDSDFELVFKMSKKVYQTLPQWKRNQLRKSYGLF
-1,LSPAEFQKVFNMNKEKFAKLKGWKRVQLKKRYKLF
-1,LPRDQFEEIFKMSLIEFYKLPEWKRINLKRKHKLF
-1,--DADFESVFHMTRGDFYNLPHWKRCDIKRKHNLY
-1,LSPEEFRRVLGMEPADFYALPMWKQRILKRNAKLF
-1,LSDGEFEAIFGMSKLAFTGSPKWKRDVLKKQKNLF
-1,LSPTEFQKIFNMSKEQFNKLKGWKRVQLKKRNKLF
-1,LSADDFASTFGMRKDAFKNLPGWKQKKLKQDVQLF
-1,LSDADFELVFEVNRADFYRLPLWRRNDLKKRVKLF
-1,LSDTEFVQVFGVDKEEFYNMSAWKIQSMKKSKGLF
-1,LSDDEFLKVLGSPRGEFNSMKAWKQNQIKKAAGLF
-1,LHDRVFEKVFQMDRQSYLALPLWKQQNLKKAVGLY
-1,LSDSDFQDLFRKSKDEFYSMAKWRQQQEKKQLGLF
-1,LTHDDFVTVFSMTYHEFEELPKWKQVELKKQNKLF
-1,LCPEEFEKVFKMGKDAFTRLPQWKQIRMRKEANLF
-1,LSHEEFQVMFGMTKRAFYELPKWRQNKHKISLNLF
-1,LSDEEFKLVFGCPRNVFYTYKVWRQQQIKKNAGLF
-1,LSEEEFQNIFRLSRSAFYRLPEWKRNDLKRRVELF
-1,ISDEDFLTLFKVSKKDFGALPAWKQLNLKKSTGLF
-1,LTDDEFAKVFHMSLDQFNALPLWKRENLKKAKKLY
-1,LSETEFEQVFKMTREQFEAQPKWKQQNQKHALKLY
-1,LSDEEFEKVFNMKRSEWEKIPTWKREPIKKSLYLF
-1,LNDEDFEKVFKMTRTEWLKIPAWKREGIKKELFLF
-1,LSNEDFEAALQLTREEYNALPSWKQVNLKKAKGLF
-1,LTDEDFEKALEMMREEFNVLPSWKQAKLKKAKGLF
-1,LSDEEFKAVFNCERSELAAMPTWKRNNIKTKLGLF
-1,LNAEDFQAALGCSRAEFEQLPIWKQTKLKKERGLF
-1,LSEEEFLTVFKVTKEQFKALAKWKQLNLKKQVDLF
-1,LNDDEFSKVFGMSKDGFYKLRQWKQREMKKKA---
-1,LSDSDFESLLGMNKVDWLKLPTWKRTAAKKKHKLF
-1,LSPDDFFKCFNMSIEVFRTLPKWRQQEMKKKQNLF
-1,LSDTEFSELFGMNKEAFSALPAWKRKKAKVTKELF
-1,LSDSDFKNTFEMEKQEFFALPKWKRISKKKICGLF
-1,LADEDFEALFGMTKNRFAQEPGWKRKELKKKHG--
-1,LSNMEFEEIFKMTKDDFKKLKKWKQNNLKKKTNYF
-1,LRKADFVAAFGMDLEAFNALPKWKQNTAKKKVGIF
-1,LSDVAFEEAFSMGRDDFEKLPKWKRDAAKKKAKLY
-1,LSPKEFQEVFKMTREKFEKLKGWKKVQLKKRAKIF
-1,LADAEFQAVFGMSRADFAAMQNWKQVNARKTNHLF
-1,LSDADFQTVFGCSKDEFAGMAKWKQTSAKKK----
-1,LSDAEFELAFKMSRADFLKLPQWKRDIAKKDAKLF
-1,LEESVFQEVFGMSKIEFANLPQWKKARIKKQHQLF
-1,LSDTDFKTQFKMEKEAFESLAHWKQVNLKKAAGLF
-1,LADDVFKEVFGMAKDEFAHLLKWKQIVAKKKHNLF
-1,LSDEEFLKYFEMTKEKFNGLASWKKLGLKKKVKLF
-1,LSPTDFVQALGMTKEAFSKLPQWKRVSLKRSAKLF
-1,LNESDFMKAFGMSKEEFQKLPKWKQQNAKKSA---
-1,LSDEEFKSVLKMTRADFEKLATWKKNKVKRSAGLF
-1,LKDADFEAALKMTRDAFEKLPKWKRDAAKKAAGIF
-1,LSDEQFVKHLGRSKEEFYTLKLWRQQKLKKEAGLF
-1,LHDEEFEKHFGMAKAEYTKLPSWAQQRRKKKVGL-
-1,LSEAEFKKIFSMDKATFNKLPAWKRQNTKKAAGL-
-1,LSDAEFFEVFKMQRNEFHCQKEWKQVQMKKHKGLF
-1,LADAAFQELFGMDKDAFKKLLKWKRDAAKKEHRLF
-1,LDNAEFFEIFQMSRAEFAAKPAWKRRNMKKDKGLF
-1,LTDEDFEASFGMNKDEFEELINWKKVNMKKALGLF
-1,LSDVDFFKAFGTSRDQFAKLPLWKRQAAKKAAQLF
-1,LCDAEFKKHFEMCKDDFYAMPKWRQHSAKKRLNLF
-1,LSEEVFQEKFNMTKCEFQACPRWKQIDMRKQTGLF
-1,LSDAEFEQVFKMTRKEFMKIPLWKAEQLKAEARLF
-1,LSDADFQTVLSMDRNAFEKLPGWRQKDARKKQGFF
-1,LSPKVFQESFGMSKEDFARLPKWKKDNAKKKLG--
-1,LDDATFQEIFGMDKQAFAKLAKWKQDNLKKKV---
-1,LTDADFSAVFGMDVSAWEGLKEWKRKDLKKKAGLF
-1,LSDAEFSKVFGMTKKEFKGLHPWRCCELKRKQGL-
-1,LSDSAFQEVFGMDKQAWAQLRPWKQKNLKKAKNMF
-1,LSDAEFEEVFGTTPAAFAGLPKWKQQNLK------
-1,LSDDDFEKVFKMKREEFQKLKRWRRNKLKKKYG--
-1,LSDGEFVQVFGMTKTEFQSLPAWQRKNNKKAKG--
-1,LADDEFQKLFGCTKDALKREPKWKRDNKKKQHNLF
-1,LSPEVFFDCFKMTIEVFNTLPKWRQQEKKKRIGLF
-1,LSPEEFQKVFKTNIDEYRKWPEWKQKETKKKVGLF
-1,LSDDDFQKYFEVSRGELKALPKWKRQAAKKTIGLF
-1,LSDEECQTIFGMSPSELSAMPKWKRDKIKKEKKLF
-1,LTDAEFEAVFKCLRDEFYRLPYWKRCELKRKNFLF
-1,LSDSEFLKYFKMTKSEFDSQAKWKQRSLKKAVNLF
-1,LAPNTFQEKFSMTKEEYAGCPRWKQVEMKKEVGLF
-1,LTDDEFGRLFEMDRHDYVKLPKWKRIALKKKHNLF
-1,LSDDEFKKVMGMSVEDYDKLKDWKKQEIKKKVGLF
-1,LAPVIFKVTFGMSKDDFAKLPMWKQSGLKKQHQLF
-1,LSDADFEALFKTDKASFLAQPKWKQANAKKLHGLF
-1,LSAADFEMIFQMTRDEFYGMPLWRRNDFKRRVKLF
-1,LAPDIFKVIFGMSKYDFAKLPMWKQSGLKKQHQLF
-1,LSEADFEEVFGMSKEAFDAQAGWKQKQQKKSKGFW
-1,LSDEDFQREFGITKEAFGELRQWRKNKLKQKVGLF
-1,LSDEEFQTVFAMGSVDFAALPKWKQQKLKKE----
-1,LSDQLFWKTFSMTKEDFKALRPWKQRQLKKSAGIF
-1,LSPEEFYRLFGMSIQEFDRLPLWKKNEMKRRLRLF
-1,LSDKEFWTVFSIDRDGFNEMPEWKQIKMKKECWLF
-1,LSDDEFKEVMKMDKQTFSGSPQWKRRQLKKDAGLF
-1,LSEEDFTTVFGKGSGAFYALPVWKQRNAKKTAGLF
-1,LGHSEFKTLFGVDKEAFKSLPKWKQDKLKKQHKLF
-1,LSDTEFVDVFKMPKEEFNKMAPWKQDNLKK-----
-1,LSDDDFKKVLNMDRDQFAKSPGWKRRQKKKDAGLW
-1,LSDDQFEAAFQMSPEKFESLPLWKKTNLKKALWLF
-1,LSPADFQAVFGMNIDEFNTLKTWKKKQIKQKLGLW
-1,LSAEDFKAVFGMDPDGFRSLPKWKQQNLKK-----
-1,LCNKEFIQIFKMTRTEFAKKPAWKQRNMKKDSGLF
-1,LPDAVFEERFGMTKEAFWSMPSWKRTQKKKKIHFF
-1,LSNKEFREIFKMTRAEFNGKPAWKQRALKKAASLF
-1,LSEKEFLEVFGMDIAKFDSLAEWKRKDAKKKVGLF
-1,LSSEDFSRVFAMSPEEFSKLALWKRNELKKKASLF
-1,LSAEDFSRVFSMSPEEFGKLALWKRNELKKKASLF
-1,LSPDEFQQIFQMTKQEFNRLKTWKQEVLKKDVRLF
-1,LDPETFTSVFAMSKQDFMKLPKWKRESLKKKHSLF
-1,LSSEEFKQTFGMAKSTFYQLPKWRQNKLKMSLQLF
-1,LEPAEFQALFGQSKEDFAKLPKWKKDGEKKKHNLF
-1,LSDEDFVGMFKMSKAQFSALPAWKKKQKKQEFNLF
-1,LNREEFEKHFEMTPIEFYKLPEWKRINLKRKLKLF
-1,LAPDIFEEVFGMSKEDFAKLPRWKQIRLRKDSEVF
-1,LNRDEFEEIFEMTAIEFYKLPEWKRVNLKRKFKLF
-1,LSEDDFVQYFKMTRDAYAKLPKWKKGGLKKAAKLF
-1,LCNAEFEAVFGMAKVSFDKLPRWKRQQKKKLQGLF
-1,LNRAEFEQIFSMSPIEFYKLPEWKRINLKRKAKLF
-1,LSDEQFEAAFKMSQEKFDSLPLWKKTNLKKSLHLF
-1,LNEQEFKKIFQMSYESFTTLPKWRRDNIKKSVGLF
-1,LSQAEFETLFQCTRSEFYMMPTWKRNDLKKRARLF
-1,LSQEEFYQVFGMTISEFERLALWKRNELKKQARLF
-1,LDDVEFEKLFAMTRAAFGELKLWKQQDLKKKAGLY
-1,LSEEEFKKVFQVSRADYIKLPKWKQQAKKKEVNLF
-1,LTDEEFSRVFNMEQSAFYKLPKWKQDQKKRELKL-
-1,LAPGEFRTVFGMSKEEFAKMPAWKQKQKKDEKDL-
-1,LTSSDFKEKFEMTKNEFYKLPKWKQNKLKMSVSLF
-1,LSDQEFVRVFGVERPVFETMPVWRQRDAKKRVGLF
-1,LSNEEFERAFRMTRAEFSQLPLWRKRNLKRALDLF
-1,LSDEDfqvvslFQRVLEMKRDEFNTLPSWKQKNLKKSKGLF
-1,LSSEEFQMVFNMGREEFANLSKWKQESEKRKVYLF
-1,LEDVEFEEILGMKRDEFYAQPAWKQRQLKIQAKLF
-1,--DGDFEKEFAMSREDFEALPQWKKNNLKKKVGIY
-1,LTDADFEAVFGLTKVAFNAMQQWRQAELKKQKGLF
-1,LSEIEFKEVFKMTITEFNGLKKWKQIKLKKEYKLF
-1,LSDDEFERVFGMRRCNYVALPEWRQTELRIKNHLF
-1,LSEEDFLAVFKFSKDTFMKLPGWQQVNWKKKIGLY
-1,LSDAEFEKLFGLEKLSFEALPRWRKEKIKKEKGLF
-1,LSDDDFESVFQMTKADFQRLPKWKKDATKKRH---
-1,LSDADFQTAFGMDREAFDKLPGWKQKGALQKSG--
-1,LSPRTFRSVFGMEQDAFEKLPQWKKDIMKKQRGLF
-1,LSDADFEVALKMPRADFEKLPKWKKDQAKKAASLF
-1,LNDDDFLSVFGINKSEFNQLKGWKQKNLKKAKGFF
-1,LDDNDFQEAFKMSREEFSKLPAWKRQALKK-----
-1,LPPRVFKDLFGMEKDAFTALPKWKKDGAKKKHKLF
-1,LSEDDFMAVFGINNADFANMPKWKRDGKKKEKGLF
-1,LREKDFANLFSMSKATFEKLPSWKQIPLRRKHGLF
-1,LSDQDFLHYFKVTKEEFKSMKKWKQDGLKKKLKLF
-1,LSDAEFKTVFKMEKKAFAKLKGWKRVQLKKRVKLF
-1,LTDALFWSTFKMTKTDFNKLRPWKQKQLKREAGLF
-1,LSNDVFLEKFRMSKSEFNSCPRWKQIEMKKETGLF
-1,LSNEDFNTLFNMSRENFNKLPKWNQTAKKKTHNLW
-1,--PEDFEKVFKMSKADFLKIPKWKKDGKKKEAGLF
-1,LSDADFQTALTMDRDAFEKLPGWKQKDARKKQGFF
-1,LHDKVFEKVFKMDRQSYLALPAWKRQNLKKTVGLY
-1,LNDEDFMEVFEMDKQAFDGLAKWKQTKLKKSNGFF
-1,LSDEVFQTKFKMTKSEFQFCPRWKQIEMRKQTGLF
-1,LSNDVFLENFKMSKSEFNSCPRWKQIEMKKETGLF
-1,LSDADFLEAFGMAKADFAKLPAWKRNNKKK-----
-1,LADDKFQELFGMDKQEFGKLPTFKKNAVKKELGLF
-1,LADAEFAAVLGMDKAAFQKLPKWKRDNIKKAKDL-
-1,LSEQDFAAVFDISKQEFYTYPVWKQQEMKKKVYLF
-1,LNADDFQKAFNMTRSAFDVLPMWKKTNLRKKAGLF
-1,LCLDEFGSIFGMDRDAFKLLPGWKQKKLKRDVKLF
-1,LSAEEFKQVFGSDFADYEKLPKWKKTEQKKKHGLF
-1,LSDDKFVELFKMTKSEFAVKPVWKQKSIKKTLGLF
-1,LSDAEFQTVFGFGKEVFTKQPLWKRDAAKKHAGIF
-1,LTDEEFKRLFEMDRQDYIMLPKWKRIALKKKHNLF
-1,LSDHEFIQVFGMDRDDFDSMPEWKKINMKK-----
-1,--DEDFQPTFNMSKDDFYGLPDWKKLEAKKKVGLY
-1,LTDEEFEKVFKMPRKEFMSIPAWKAEKIKQDVGLF
-1,LSDADFDMVFRLSREDFYRLPYWKRCDLKRKYHLF
-1,LEDEEFEAVLEMTREEFSRLQSWKQIELKKIAGLF
-1,LDDKSFQELFGMDKAAWAEVPKWKKDAEKKKHKLF
-1,LSNAEFREIFKMSRSEFNGKPAWKQRALKKTASLF
-1,LCQEEFAEVLGMAREDFAALQPWKQLQLKRAAGLF
-1,LSVEEFGEVFGTEKAAFQALPMWKQHKMKKQVQLF
-1,LADADFQAVFGMPKQEFGKLPQWRQNKEKRSMVCF
-1,LSEADFELIFGMALAAFQKMPKWKQANLKKAKDVF
-1,LREDEFKDLVGMSKNTFEKLPQWNQIPLKKKHGLF
-1,LSPQEFHKIFGMDQKKFYEQPKWKQDMRKRAVDLF
-1,LRDDEFIKVFNVDQEAFFSMPQWKQANLKKDAGLF
-1,LSPEDFERLFGMPIAEFDCLSLWKRNHLKKNVQLF
-1,LTDSLFWECFKMTKADFHALRPWKQRQLKKNAGLF
-1,LSDSEVQTVFGMSLDDFGKMPKWKQTNKKKE----
-1,LSPEEFHSLFGMPITEFDRLSLWKRNDMKKKVSLF
-1,LSDEEFLIVFGITIADFKKMQKWKQQNAKKAKKLF
-1,LNDEDFGEIMGMSKEDFYTMAKWKQNNKKKDVG--
-1,LAPEEFQHLFGMTIEEFDRLSLWKRNDLKKRISLF
-1,LADDEFEKVLGSPRHEFNALKPWKKQQLKKAVGLF
-1,LNDEDFEMVFQMSSDEFYSMPLWRRNDFKRRVRLF
-1,LSDEEFGEVFGMEKAAFRALPMWKQHKMK------
-1,LPRDQFEDIFKMSLIEFYKLPEWKRINLKRKHKLF
-1,LAPEVFFGVFGMEIQEFDKLPLWKRNDMKKKAKLF
-1,LTDEEFEKVFKMPRAQFMNIPAWKAEKLKQDVGLF
-1,LSPDSFFEIFGMKIQEFDKLPLWKRNDMKKAANLF
-1,LSPEEFDNIFGMTIQEFDRLALWKKNDLKKKARLF
-1,LDDAEFEKLFAMARAAFGELKLWKQQDLKKKVGLY
-1,LTHDDFVSLFKIDYSEFETLPKWRQQEMKKKVGLF
-1,LTHDDFVSTFNMAYNEFRSLPSWKQKELKKSVGLF
-1,LTHDDFVATFSMPYNEFRSLPGWKQKDLKKTVGLF
-1,LSEAEFAQFFKMTPQAFAAFPKWKQLQVKKNIGLF
-1,LSSEEFKQLFKMTKNAFYMLPKWRQNKLKMALNLF
-1,LSSAEFRAKFGMAKNAFYKLPKWKQNKLKMVLHLF
-1,LSKADFREKFNMTKEAFYKMPKWRQNKMKTSLALF
-1,LSDSDFQDIFGKSKEEFYSMAKWRQQREKQQLGFF
-1,LSDSDFQDIFGKSKEEFYSMAKWRQQREKQQLGFF
-1,LSDHDFQTILKMKRDEYDSLPNWKQISLKKSKGLY
-1,LSNDEFIKVFGMDKKKFSQLQTWKQTSLKKEKNLF
-1,LSADEFKATFGMTYTEFLSKPMWKQQSLKKAAKLF
-1,LADSVFQELFGMAKADFEKIPKWKKDNLKKKH---
-1,LNQEEFQQVLGMGFEEFAKLPKWKQKKIKEAKQLF
-1,LRDSDFLKLFEVDKTEFYKLPKWKQVNAKKKLHIF
-1,LSDADFESVFKMSKADFEKLPKWKQQN--------
-1,LGIGEFQELFSMDKESFKNAPRWKQIDLKKKAGLF
-1,--EEEFKVVLGMDRPEFEKLPKWKQQGLKRQKELF
-1,LADSDFQKHLGMDREAFEAIAQWKQINLKKAARLF
-1,LSDADFRAVFGMDAAEFGQLPKWRRTSLKRE----
-1,LNEAEFEPVFGISKESYDALPQWKKDKLKRSVGLF
-1,LNDADFEAALKMGRDAFEKLPKWKRDAAKKAAGIF
-1,LAPDIFEVIFGMAKYDFAKLPMWKQLNLKKKHQFF
-1,LPESAFKQLFGMDKNAFGALQKWKRQSLKKKHGLF
-1,LSDADFATHIGVSREAFEKQPKWKRDQKKKALGIF
-1,LASDIFELVFGMAKDDFTKLPVWRQSDLKKQHQLF
-1,LSEEDFTAVFGMSRETFSAQPQWKRTQQKRAKG--
-1,LCDEEFEEIFGMTRAKYDGLPKWRKKQNKQKAKLW
-1,LSHSTFQDKFKMSKEEYNACPRWKQIEMKKDAGLF
-1,LSDGEFEVKFKMSKDAYEKLAPWKQKNLKKALLLF
-1,LSSVDFASCFNMTRDAFSNLPAWTRNSAKKKNGLF
-1,LSARVFKELFSMEKDEFAGLPRWKRDSLKRRYGLF
-1,LHDNEFQQIFGMSKKEFYECRPWKQKNLKRAKDYF
-1,LSDEDFQKHFSMNRAQFAELKLWKQQELKKALRIF
-1,LSADDFYSVFGMDRKAFHGLAKWKQKNLKKATGFW
-1,LSDEEFVQVFGMDFDSFEQLSAFKKKQLKKKAGLF
-1,LDDATFAALFSMDKASFAALPGWKRTAAKKKHKLF
-1,LAPDIFELMFGMAKYDFAKLPMWKQLNLKKQHQLF
-1,LPDAVFEEKFGMTKDKFWHMASWKRTQKKKKVGFF
-1,LSPEKTEELFGMTKEALASMPGWKRNNLKKKVQLF
-1,LSDDDFASVFKMSKRDFSELPAWKKKMMKQKALLF
-1,LSDEEFKSVFKITKAEYAALPAWKQAAAKKQLEIF
-1,LSDDEFERVLGSSRKEFAALRPWRQQALKQAAGLY
-1,LSDEDFEKYFKkpngdvLTRGEFKEMPKWKQLNAKKKAGLF
-1,LNESEFEPVFGISRESYDALPQWKKDKLKRSVGLF
-1,LTDTEFEAVFKCLRDEFYRLPNWKRCDLKRRNFLF
-1,LADSVFMEKFSMSKEEFQASPRWKQVEMKKVSGLF
-1,LTDAEFEAVFKCLRDEFYRLPYWKRCDLKRRIFLF
-1,LLEEEFRALFGMEYKNFSKMPKWKQQNLKKAKQLF
-1,LSDTEFVDVFKIPKEEFNKMAPWKQANLKKNVSLY
-1,LSVEEFQNLFGMPIEEFDRLSLWKRNDLKKRVSLF
-1,LSDSDFEMVFNTSRDDFYAMPLWRRNDYKRRVRLF
-1,LSPEDFMEIFGMDLKRFQELPAWRGRELKRKAGLF
-1,LSDADFVKALKMTKDQFAKLPQWKQQSAKKFANIF
-1,LAPEQFQEAFSMTLEDFSALKKWKKTQLKKNVGLF
-1,LSADDFSRVFAMSPEEFGKLALWKRNELKKKASLF
-1,LEDTEFQTLFGASKAEFAAKPKWKRDSEKKTKGLF
-1,LSDASFLTVFGCTKKTFDNYPGWKRVEKKKAAGLF
-1,LSDADFEIAFDASKDDFYRMPIWKRNDLKKRVRLF
-1,LADSDFEMVFNMSRDDFYAMPLWRRNDYKRRVRIF
-1,LSQEEFYQIFGMTIAEFDRLALWKRNELKKQARLF
-1,LLAEEFSKLFGTDKDSFAKLPKWKRDQAKKKHELF
-1,LTEEVFQSTFGMNYQNFMELPVWKQAQLKKQHKLF
-1,LSDAEFAGALGASRADFAKLPKWKQADAKKRAGIF
-1,LNDEHFKEVFGMNQADFYNLKKWKQQELRKAKELF
-1,LSDEEFEKHLGMTKQEWESFPSWKKSEKKKSANLF
-1,LSAEEFEEALGVSRGDFQDLPFWKQTKLKKEMGLF
-1,LSSVEFKEKFGMKKSAFYDLPKWKQNKLKMAVHLF
-1,LSKSEFRERFNMTKEAFYKMPKWRQNKMKTSLKLF
-1,LTPEEFQNIFKMDQKTFYEQPKWKQQGQKKAVDLF
-1,LTDEEFSKVFAMDIDQFRKLPKWKQDQKKRDKSL-
-1,LSNEEFESVFGYSREYFDKLKPWKRLDEKRRVGLF
-1,LSAQHFQELLGMNLEDFQKLPSWKQIDIKKKIGLF
-1,LSDEEFIKLFKMTRPEFEALPGWKKQKQKYELKLY
-1,LTDEDFHRIFQMDKEAFQAIPQWRKIQLKKGAKLF
-1,LHEDEFRKVFNMDKVTFAGLPKWKRDAKKKELRLF
-1,LSDDDFERLFTMTKVEFAKLPKWRRDEAKK-----
-1,LNDTVFREKFKMTKSEFQASPRWKQVEMKKVSGLF
-1,LEEREFQKAFGMVPEQFRRLPGWKQKDLKKAAGIF
-1,LSDDDFNSVFQMSKAYFEALPKWKRDSAKKTH---
-1,LSPPDFEEVFEMRKDDFEKLPRWKRDWMKQSRALF
-1,LADSAFKDLFEMSKEEFAELPRWKAQNLKKKYSLF
-1,LADSVFQELFSMPKADFAKLPKWKKDGEKKKHG--
-1,LDDEEFDEVMGMSRETFEKLPGWKKKKAKQKAKLW
-1,LADDEFERVVGMPPDEFYRLKQWQQRQLKQKLDLF
-1,LSDAEFEKVLGSPRGEFNKLKPWKQNQIKKTTGL-
-1,LREKEFEEIFLMSKASFTQLPSWKQIPLKKKHDLF
-1,LSEEEFVKYFKMTREEYEKKPKWKRTGLKKAVKL-
-1,LKDEEFPVAFGVTKEQFYKQPAWKRTAQKKKLNLF
-1,LHDRIFEKVFKMNRQSYMALPMWKRQNLKKSVGLY
-1,LSDEDFFELFDMNKLEWQALPQWKKTSKKKAAKLF
-1,LSEEEFQTVFGMSQQDFLKMPKWKQADQKKK----
-1,LTDEAFIAGIGMNRDEFSKLPKWRQQQVKKDLQLF
-1,LPDHVFNEVFGMSKVDFAKLPQWKAKQLKVKHRLW
-1,LHDGEFDSVMGMSRAEYDALKGWKKDSVKKKVGLF
-1,LSDDDFLTVFGQTPDAFSKQPKWKQQNMKK-----
-1,LTDTEFEAIFKCLRDEFYRLPYWKRCELKRKNFLF
-1,LHDQEFQQIFGMTKQEFYQQRPCKQKNLKRAKGLF
-1,LSDEYFEKLFKMDRASFNKLKRWRQNKLKKKHG--
-1,LSPAEFEDIFGMDKDSFHALKSWQQNKMKKRNAIF
-1,LSPEDFFSLFQMNATEFAKLPLWKQRDRKRKVKLF
-1,LSNAEFKAIFKMTRSDFNTKPAWKQRALKKAVSLF
-1,LVEDEFRAVFGMEYSEFARIPKWKRQSLKKSKQLF
-1,LSDADFLQVFGTSKESFSKLPKWKRDRQKRDLCFF
-1,LSEADFKAVFGMEVADFNKMPKWKQQNMKK-----
-1,LSPEEFKSLFKMSKEVYAAMPGWKQTKEKRKVKMF
-1,----DFRNLFGMSKDASERLPAWKQIPLKKKHGLF
-1,LSKEEFESIFHMARPEFYRLAEWKRNDLKRRVDLF
-1,LEDEKFQELFGTDKDSFASLPGWKKTAAKKKHKLF
-1,LSDEEFLEVFKVSKKDFNGSPAWKQKLLKAKSGLF
-1,LSEADFKKVLGMERGKFQHLPAWKQRDAKKRANLF
-1,LEDAAFQTVFSMAKPAFFALPNWKQQALKKKARLF
-1,LSEQEFQGIFGTDKESFSKLPMWKKTNQKKKALLF
-1,LSDEEFKKVLTVTREEFQKLQSWKKTELKKNAGLF
-1,LSEEEFQKLFEMSFDEYLKIPEWKQPRYKKPLGLF
-1,LREDEFKDLFGMSKKSFEKLQSWTQLSLKKKHGLF
-1,LSEDEFVTYFKMTREEYEKKPKWKKTGLKRAAKLF
-1,LTDDDFEKYLGISRDAFNAAPHWKQLNIRKEKGLF
-1,LSDEEFEEVFKISKAEFSKLAKWKQTAKKKALKL-
-1,LTDEDFEEVFKCTKEEFSAMAGWKQKRAKKENNL-
-1,LSDAEFMQVLGSPRDQFQQMKAWKQTQLKKAAGLF
-1,LSDTEFMDVFKMAKEEFNKLAPWKQSNLKKNV---
-1,LADAEFQTVMGMSPMEFTKMPKWKQQNLKK-----
-1,LSDEEFISIFRYTREDFNRLPQWRKVELKKSVFLF
-1,LSPVDFQEVFGMKIDEFNTLKTWKKKQIKQKLGLW
-1,LSDADFQALFKTSRDEFNKLAEWKRKQQKQAQGLF
-1,LSHADFEMIFQMTRDEFYGHPLWRRNDLKRRLKLF
-1,LSVAEFEKLFGMDQECFAAIPPWKQVQMKKKAG--
-1,LSDEEFQTVFGTTKAEYEKLPNRQKDRKKKQHGLF
-1,LTDEDFQKYLGLTRGEFTAAPRWKQLEIRKEKGLF
-1,LAPEIFQEIFRMTIQEFDKLPLWRRNDLKKRAKLF
-1,LSESEFQTVFGVTKDVFYLQPGWKQELQKRKADLF
-1,LADTEFEAVFGMAKKTFEVLPRWRRIQKKKQYNLF
-1,LGDEEFSKLIGMDKDKWASTPKWKKANVKKKLGLF
-1,LSDAEFEAILQCSRSEFYRLPQWRRNEIKRRARLF
-1,LSKAEFLEKFGMTTRAFYALPKWRQNKLKISLNLF
-1,LSDVEFEAILQCTRAEFYRLPQWRRNELKRRCRLF
-1,LSDEDFSTIFKMSRPQFEALANWKKIELKKNASLF
-1,LSDEEFEviiiraSVFQMNREEFYSLPTWKQKIIKQEKELF
-1,LSEKDFEEAFKMSRTSFSFLPQWKRLNMRKSLGLF
-1,LTNEDFEKAFHMSREAFSELPEWKKLNMKRNLNLF
-1,LNETDFVSVFCMQRSQFYALPAWKQIQLRKQNDLF
-1,LDDEEFKTVMKVSREEFAKMPAWKQTTKKKDAGLY
-1,LTDDEFASVIGHGREEFYKLPMWHQQKIKREKKLF
-1,LSDEDFARVFKVRREVFNAWPKWKQTKAKQELALF
-1,LTDDDFKAAFKMDKAAFAEAPKWKQESLKKGLGLY
-1,LCDVDFQEIFKMSKEEFAALPKWKRDVQKKK----
-1,LSDDEFLMVFGVSAQVFATMPAWRQVNMKKNMQLF
-1,LAPDIFEVVFGMAKYDFAKLPMWKQWNLKKQNQLF
-1,LSDADFKEAFSMERAEYDKLPKWKQKELKK-----
-1,LSDADFQAAFKMSKAEWASVPKWKQQGKKKDV---
-1,LGDEEFKKVFGCDKEAFYALRAWRRRELKRQARLY
-1,LTDGEFGEIFHLQRGEFEQLPKWKQQQKRKEADLF
-1,LSEDVFLEKLKMSKTEFEACPRWKQIEMKKETGLF
-1,LPAEEFQKHIGMTKDEWKQLAKWKQTNIKRKLNLF
-1,LNNDTFKKILGMNKDEFYQLKKWKQQELKKKVLLF
-1,LSDAEFQDVLKTTKVEWMKLPKWKREAAKKKVDLF
-1,LSDNDFNDIFGMSKGEFAKLPNWRRDNAK------
-1,LSPEDFQETFGMTKAEFEVQPKWKRIRLK------
-1,LSDQLFWKTFNMTKADFKALRPWKQRQLKKGAGIF
-1,ISDTEFGRTFGMTRVDFAEYSEWKQLEIKKELGLF
-1,LSPDDFNDVFGMSYATFKSMKKWKQKVLKKKHG--
-1,LDAEDFPEVFGTSKEEYFKQPKWKQTDLKKKTKIF
-1,LEDDEFEKIFRMTLEQFEKLPLWKKDGMKQQLGLY
-1,LSDEDFESLFGMNKTSFAKLKQWKRDHLLKVVGL-
-1,LTDELFLEIFKMTKDEFYVMRKWRQLAKKKECGFF
-1,LSDQEFMEVFDVSKEDFAGLPGWRKTAMKKSKHLF
-1,LSNKTFQDKFEMTKEEYKACPRWKQIEMKKGVGLF
-1,LTDADFACVFGKSKEEFSRLAGWKQKNEKKKVFLF
-1,LSEQEFQQIFGMAKSAFNQMPNWKRSNLKKEKNMY
-1,LSDADFEKVLGSPRGVFNQMKTWKQQQLKRAAGLF
-1,LADDVFEKMFGMNKTQFKKLPKWKQKAKKRNVQYF
-1,LDDDEFEDVFKMNKAEFAALKGWKATKLKKAAKLF
-1,LTPHVFEAIFGMTKENFAQLRRWKQVCLKKDHKLF
-1,LSDVDFEGLLGMNKEAWLKVPKWKRAAAKKKHKLF
-1,LSDDEFERVFGMRRCIYVALPEWRQTELRIKNRLF
-1,LSNEQFEAVLGMSREAWAKLPKWKKGTLRREADLF
-1,LSPTEFQKIFNMSMEQFNKLKGWKRVQLKKRNKLF
-1,LSEKEFASVFGMERSAFEAFKPWKQAQLKRSKKLF
-1,LTEEEFLIVFGTSKAIFKSLPKWKQQKAKKEKKLF
-1,LHDSEFARVFKMERQAYESLPEWKRHSLKKNVGIF
-1,LSPDDFSKLFGVSKEDFTKLPPWKRTGLKQKH---
-1,LSDTEFEAVFKMDKAAFAALPGWKKTTKKKEAKI-
-1,LSEDDFMAVFKFPKETFMKLPGWQQVNWKKKAGLY
-1,LSDEEFQQIFKTSRENFASSPQWKRKQAKKDAKLF
-1,LSPEEFDMHFGTDHDAFAALPQWKRDKMKRARGLF
-1,LDDDDFKEVMAMTKREFQLLPKWKQVTLKWEHGL-
-1,LTEEEFSTVFEMELADFSKLPKWKQQNIKKLKDLF
-1,LSPADFQAVFGMNIDEFSILKTWKKKQIKQKLGLW
-1,LKDEDFARYLKMSRQEFAKLPKWKQLNIKKSVG--
-1,LSEEDFTAVFGKGRKDFYSMPVWKQRSAKKSAGIF
-1,LTQQEFQAVFGMPYEKFAELKGWKRVQLKKRVKLF
-1,LDPAGFEAAFKMDRAAFDALPKWKREKAKKDAGLF
-1,LSPQDFLRVFEMSPDEFGKLALWRRNEMKKKAFLF
-1,LCPEDFERVFGMPMAEFDRLSLWKRNELKKRASLF
-1,LSPEEFLSVFRMSIEDFDRLSLWKRNEMKKKVCLF
-1,LSQEEFFSVFGMSIEDYDSLSLWKRNELKKKVCLF
-1,LSRDEFESIFHMNREDFYRLAEWKRNDMKKRVQLY
-1,LGQGDFQAKFSMTKAEYAASPRWKQIEKKKEAGLF
-1,LSDAEFEKKFGCDREAFESSPSWKQVVLKKKLG--
-1,LSPEEFHRVFGMSMSAFDHLAQWKKNELKKQARLF
-1,LAPEVFFDIFGMELQEFDKLPLWKRNDMKKKARLF
-1,LSPEEFYRVFGMSMSSFDRLAQWKKNELKKQVRLF
-1,LSDADFELVFEVNRSDFYRLPLWRRSDMKKRVKLF
-1,LNDEDFEKHLGLSRDAFNREPQWKQLNIRKEKGLF
-1,LSDAEFEAVLQYSRAEFYRMPQWRRNEIKKRARLF
-1,LSDKEFEDIFQCTRNDFYRIPQWRRNEIKRRARLF
-1,LSDEDFLKVFGMNQQQFSELKKWKQQDMRKAKELY
-1,LTKKEFEERFGMAKSDFYALPKWKQNKLKMSLHLF
-1,LRTEEFVKVFNVDQETFFAMPQWKQANLKKEAGLF
-1,LSSGEFTEKFRMTRASFNNLPKWKQNRLKSDLQLF
-1,LSEHEFQEKFDISRSEFDACPQWKQTEMKKRPGLF
-1,LSDEDFEGVgaygkkaLEMTRMEYEALPGWKQVNLKKDKGLF
-1,LDNDDFEKALEMSRDEYEVLPGWKQVNVKKAKGLF
-1,LNSDDFKLALGCSRAEFEQLPIWKQTKLKKERGLF
-1,LHDDEFEVALGVDKESFLKLPKWKRDAAKKKAGIF
-1,LENSEFERILGMNRMDFYRLPEWKRNELKKRVKLF
-1,LSDSEFLEIFKMDKAAFAGQAGWKKTKAKKSAGLF
-1,LSNSAFQDKFKMSKEEYKSCPRWKQIEMKKSAGLF
-1,LNSKVFEELFGTSKEEFAKMPKWKKDNIKKKHG--
-1,LTDAEFDSVFKCLRDEFYRLPYWKRCDLKRRIFLF
-1,LPDSTFRDLFRMDKEAFRVLPKWKRDIQKKKLGLF
-1,LSLADFRRAFDMEPREFEAMPKWKQTRLKKEKGLW
-1,LSTETFQEKFSMSKADYSASPRWKQIEMKKSAGLF
-1,LSDAEFEQVMGMTKAAWADVKGWKKQQKKKDQGLF
-1,LKDDDFKNAFGMDKASFAKLPKWKQESMKK-----
-1,LSDNEFEAIFNMTKLNFKTLPGWRQKKLKEVNKLF
-1,LSEEDFVGLFQMSREKFAAQPLWKRSQQKREKKLF
-1,LSNADFQESFLMTKHEFDHLPEWKRNEHKKRHRLF
-1,LESDEFQRIFGMTRQEFAAQPKWRQQGKKKDV---
-1,-SDEAFLEVFGMDEAAFAALPKWKRDRLKKE----
-1,LSDADFEAVMKSPRAEFNAMKPWKQAQVKKAAGLF
-1,LSDEDFFRVFGMTKADFYKLSKYVRIRMKKEKNLF
-1,LNDTVFREKFQMTKKEFQASPRWKQVEMKKVSGLF
-1,LTDKDFEKHFRMSRADYEAAPKWRQQVWKKQLGLF
-1,LHDDEFKEHFGMQRNEFAKLPGWAKTRHKKKIGL-
-1,LSNSAFQDKFKMSKDEYKACPRWKQIEMKKSTGLF
-1,LAPHVFEAIFGMTKENFAQLRRWKQICLKKDHNLF
-1,LNDQDFMDVFGVDRETFYGLKAWKQKNMKREKGFW
-1,LSEEDFKKLFEMTKEDFYKLASWKQMKLRREKDFF
-1,LREDEFKDLFGMSKKSFEELQLWTQQSLKKRHGLF
-1,LSDKDFKDVFGMSKADFGALPKWKQTD--------
-1,LTSAEFEEIFGMTRDHFNQLPAWKHPGMKKKVFL-
-1,LSNEDFVSLFGMDKRTFSTLRKWEQTDLKKQVGL-
-1,LAPETFFDIFGMEIQEFDRLPLWKRNDMKKKAKLF
-1,LSNQDFVDTLGVDRDGFYKLQPWKQTDLKKRAGLF
-1,LDDETFKAQLGIPREEFYRLPKWRQQEAKKNAGIF
-1,LSDGDFAEVFGMDRAAFYGQPMWKQTQ--------
-1,LEDSVFQEAFGMSKEEFAKLPKWKRDGQKR-----
-1,LADHTFQELFGMDKQAFRSLQTWRKEKAKKEHGLF
-1,LSDSDFRKYLGMERQEFVVLPNWKRLSKKRNCGLF
-1,LSADMFQSVFGMAKEDFSKLRKWRQELLKKNHLLF
-1,LSDSDFATFIGMSKIEFVKQPTWKRNKKKKDLGIF
-1,LSDDQFQCLFGMNKADWAAIPKWKKDTLKKKH---
-1,-SPTEFQQVFKMSKEKFAKLKDWKQVQLKKRHKL-
-1,LEEETFEWLLGMDRAEFYHLPAWKRNDMKKRIELF
-1,LSDTQFKRVMRVDRKTFASLPKWKQNGKKKEVGLF
-1,LSDAEFQQTFGMSKSDFEKLAGWKQVAEKKK----
-1,LHDNEFQQIFGMTKKEFYEQRPWKQKNLKDQRDYF
-1,--DDEFLATFGMDKVKFNTLPPWKRQNLKADAGL-
-1,LEDSEFLKLFGCSKESFNKLPKWKRMAKKKKLLLW
-1,LNDEDFQNVFGMERQAFYGLAKWRQKALKK-----
-1,LSESDFLVVFDCSLAEFQKLPKWKQDSKKKETGIY
-1,LSDTDFEIALKMPRTDFDKLPKWKRDRAKKAASLF
-1,LSNAEFEKVLGVSREAWEKMPKWKRDRIRREADLF
-1,LSDVEFEKLFTLSKSGFMKLPKWKQGAAKKKVDLF
-1,LNQEEFLQHFGVSKEEFPKLPKWKQIELKKKTG--
-1,LSDAVFRETFGMSRAAFDSLPDWRRQKRKREANL-
-1,LADADFEKLFKCTKSHFRTLPLWRQNMLKKEYGL-
-1,LDDSEFQTKFGMSMAEFDKLAAWKKKKMKQEHKLF
-1,LEDSEFLKLFGCSKESFNKLPKWKRMAKKKKLLLW
-1,LEDSEFLKLFGCSKESFNKLPKWKRMAKKKKLLLW
-1,LTDAEFEAVFKCLREDFYRLPYWKRCDLKRRIFLF
-1,LSPEEFQQAFNMSREKFSKLKGWKKVQLKKRAKVF
-1,LSDEEFAQYIGMPKAEWDALKQWKKDRKKQEIGLF
-1,ISPDDFQEVFGISKEEFSTLKTWKKKQMKQNLGLW
-1,LAEDDFPKLFKMPRDKFDAMPEWKRLRLKQDVGLY
-1,LSDDDFVAHLGLNREEFMAAPRWKQLEIRKEKGLF
-1,LSSVDFQSIMGISKSDFIKLPQWKRNAAKKKVGLF
-1,--DADFESVFHMTRGDFYNLPHWKRCDIKRRNNLY
-1,LADAEFVALFKMSKDDFNKLSKWKKDEAKKKTKLF
-1,LSPTEFERVFKMTKEKFDTLKGWKKVQLKKRVKIF
-1,LNRNQFEETFNMSPIEFYKLPEWKRINLKRKAKLF
-1,LNRNQFEETFNMSPIEFYKLPEWKRINLKRKAKLF
-1,LSNEEFEAVFTMKREEWKDKPLWKRQEEKKKAGLY
-1,LEEADFQKAFGCGRDEFLAMPKWKKEAKKKDAKLF
-1,LSDADFQAAFGMDKTAYGALANWKKVAAKKKNGFF
-1,LLENEFESVFKMDRQAFNAMPKWKASNLKKSLGMF
-1,LSDADFQEAFKMDMAAYTALPMWKKKNAKRAAKLF
-1,-----FEEVFKMSRGEFKQLPKWKRISLKKEKQLF
-1,LADEEFQAQFAMTKRDFYKLAKWKQNKLKMALHLF
-1,LEDHEFKELFGMSKGDFRSLREWKRRELRKDKGLF
-1,LSPEEFERLFEMTPAQFHRLPEWKQNDLKMRLDLY
-1,LADPEFQERFKMSKSDYALAPRWKQIEMKKEAGLF
-1,LSHEEFQEQFGMTKKAFYQLPKWKMNKQKLALDLF
-1,LSDDDFVAHLGLSREDFMAAPRWKQLEIRKEKGLF
-1,LSDAEFLKVMGHSKYEFYKLPKWRQQSKKKEYRL-
-1,---AEFEKIFKMTYEEFKALKTWKQQELKKTVKLF
-1,LSSAEFQEVFKMDKAAFEKLAGWKRKKSKMSVGLF
-1,LSDEDFRSLLKMEKSEFYELPAWQQTNKRVEIGLY
-1,LSDEAFQAVFSMCKVDFAKLPKWKRDAQKKAH---
-1,LSDGEFQVVFGMSADAFAGLPKWKQQ---------
-1,LPDAAFLEAFKISKAAFQALPKWRRDKAKKELGLF
-1,-----FLEKFKMTKSEFTACPQWKQTEMKKEHGLF
-1,LSNEEFFDVFNMTREEFEKLKDFKQKELKQKVYLF
-1,LSDDEFLSALGIDKESFCKLAKWRRDILKKAAGLF
-1,LSPAAFTELFEMSKEDFDKLPKWKKDNLKKQH---
-1,LEEGEFFKAFGMDPEQFKKLPEWKQKENKKAAGIF
-1,LAEDEFELVFKCSRPAFDRLPEWRRNDLKKRVHLF
-1,LSDADFETHIGASRADFEKQPKWKRDKKKKDLGIF
-1,LSPETFTSVCAMSKQDFIKLPKWKRESLKKKHMLF
-1,LSTDAFQEKFSMTKADYSASPRWKQIEMKKNAGLF
-1,LSEEEFRTVFGMPSADFAALAKWKQQKLKKE----
-1,LEDSEFEKLFGCSKEGFNNLPKWKRMAKKKKLLLW
-1,LSDTEFVDVFKISREEFDKMAPWKQNDLKKNV---
-1,LAEKDFQALFEMSAAEFAKLPKWKRDNVKKAKDLY
-1,LSDDDFASVFGMTKAEFEAKPKWKRD---------
-1,LSPEDFQKLFQVSLTDYEKLPQWKKSNLKKKVGLY
-1,LAEAEFEREFKMSREQFYALPRWRQTALKKDLNL-
-1,LSDAEFEAVFCITKDKYKSLAGWKKTNLKKAHGL-
-1,-TDAEFEKVFGMTKDAFQKQPAFKKPMLKKKHGL-
-1,LTEDDFEEVFKMHRKDFMKLKPWKQAELKKGVNLF
-1,LNDAEFLEVLGMEREVWAQLPAWKQMAAKRAKNLF
-1,LSDNDFELVFEQSRAEFYRLPQWKRNELKKRV---
-1,LSDADFQTVFGMSPDKFAALPKWKR----------
-1,LVDEEFEEVMGMSREEFTPLKKWKKTKIKQKAKLW
-1,LNDAEFEAVFCMTKDKYKSLAGWKKTSLKKAHGL-
-1,LSDDEFKEVFKTDKGTFASSPTWKRKQMKKDAGFF
-1,LKAKEFKELFGVSKAEFAKMPKWKKDGAKKKHFLF
-1,LCDEQFEEVFKMNKELFASLPAWKKTGLKKGAMLF
-1,--EDEFKDLFGMSKNSFDKLQPWAQMSLKKKHGLF
-1,LSDDEFLEVFKTDKQGFASSPTWKRKQLKKDAGFF
-1,LEDEEFESLFKMKKEEFAALPNWKKLNKKKEMKL-
-1,LAPEEFVEVLGVDRAQFAALQPWKQLQLKRAAGLF
-1,LSPDEFKKVFKQDKADFAKLPKWKKDAAKKANKLF
-1,LSEEDFFDAFHFSKDTFYKLPGWQQTNWKKKLELY
-1,LSDEVFKAIFKSTREDFAKLLKWKRDAEKKKHDLF
-1,LTPEEFQESFGITLSQYESLPQWKKNNLKKKVGVF
-1,LSEVDFREAFNMSCEDFLKLPKWKRDRQKKQLGIF
-1,LSPVEFQGLFEMTIKAFDKLPRWRRTELKRRVDLF
-1,LSEEDFQAVFGMAMADFLKQPKWKQQNAKK-----
-1,IPDDLFPTFFGMSREAFQKQPKWKQDRGKKTLGIF
-1,LPDSLFWEVFKMTKQQFYALRPWKQKQLKRETGFW
-1,LNDVDFETVFGIDRDAFYKLPGWKQKNKKSK----
-1,LSDLNFSEVFCMTKDAFRKLNPWMQTEKTKANGLF
-1,LNRVQFEETFNMTPIEFYKLPEWKRINLKRKAKLF
-1,LNDADFAQAMGMDKGKFESLPNWKKANCKKAAGLF
-1,LAPELFFDIFGMEIQEFDRLPMWKRNDMKKKAKLF
-1,LDKESFENAFAMTKEEFDQLPKWKKAEMKKHLGLF
-1,LTDAEFEQIMGSSRSEFNKLKQWKKNQIKKAAGLF
-1,LTFDDFMSVFKMEPAEFEKLPTWRRQRLKQTAGLF
-1,LSDEEFKNIFKVTLEEFDKFPEWKKTDLRKKAALF
-1,LSEEDFNAAFKMTLSEFEDLPRWKQLQKKKDAKLY
-1,LNDQDFEKYLGLTRESFNKEPHWKQLNIRKEKGLF
-1,LSDEDFQKELGVTREEFVLLPGWKKNKLKMTAKLF
-1,LTHDDFVSLFNMSFWEFDELPGWKKQELKKKYKLF
-1,LTDAEFHTVMDMSRDEFASLPKWKQQAKKKE----
-1,LSQSDFEKLFQISKVEFYDMPPWKQSKLRKEKNLF
-1,LSDVEFEAILQFTRSEFYRLPQWKRNDIKRRARLF
-1,LTREQFEKVFEISPIEFYKLPEWKRINLKRKVKLF
-1,LSDEEFEEILGMNRDAFYKMKGWCRDKLKHAVYLY
-1,LAPNHFKEVLGLSQEEFSELPAWKQNKLKQEKGLF
-1,LPDDEFEKIFNMNRKEWEKIPVWRRENIKRTVFLF
-1,LPDDEFVKIFQMSRQEWEKIPGWRRENIKRSVYLY
-1,LSEESFLEVFHFQKATFYKLPVWQQVNWKKKVGLY
-1,LNTDDFEKALGLQRSEFEQMPLWKQTNLKKERGLF
-1,LNQEDFQRIFQMDKEAFQDIPQWRRVQLKKNAKLF
-1,LDAAAFESTFGMARADFATLPAWRQKAAKQKAGLF
-1,LAPDIFEVVFGMAKDEFAKMPMWRQSNLKK-----
-1,LSNDEFSQVFSMTKNKFGAMPKWKQAGLKK-----
-1,LSAAEFKRTFGVTLSDFLKLPKWKRVAAKKKNGLF
-1,LRDADFAQIFCMSKEEFVKLPNWKQTQLK------
-1,LSAEAFQEKFSMSKSDYSASPRWKQIEMKKSAGLF
-1,LSDEDFEHYLRMPMAAFNAAPKWKQQAWKKEVGL-
-1,LIDSEFQTYFKMDKNVFKELPMWKQTSLKKSLMLF
-1,LPNAQFEELFGMPKDKFKALPKWKKDNIKKK----
-1,LEDCVFEEVIGMDKAAFEALPKWKQTKLLKKHNL-
-1,LADADFEQIFGMTKKGFYSMRLWKQRDLKKKV---
-1,LSEEEFEKRFKMKRSVFKTFPKWKQLRVKKDAGLF
-1,LADVEFVSLFGMSSAEFDKMPKWKKDAQKKKH---
-1,LTDEDFRTLFKMERAVFNSRPKWRQQADKKVVGLF
-1,LSDAEFEATFGMDKVTFSKLVKFKRDRMKKEVGLW
-1,LEDDKFQELFKMDKATFAALAGWKRNSAKKKHSLF
-1,LSEHQFLQLFNMDKNNFYTLKKWKQQELKKKFFLF
-1,LSDEDFNNLFGLNKDQFRNIPKWKQQNEKKK----
-1,LPDGVFKDLFGMSKEEFAKLPKWKRDGAK------
-1,LQDEDFPEAFGVTAKEFWALPGWKRLEKKKKSPLF
-1,--DEEFQKTFDCSKSEFAKKAKWKQDAEKKKAGLF
-1,LSDEDFTSIFSVSRTQFYSLPQWKQILMRKDAQFF
-1,LAEAEFKEKMGMTKDEFKGKPAWKQNDLKKKINLY
-1,LSDAEFKEVFGMSKEKFRRKPKYDRITLKKEKKLF
-1,LAEDEFQKVLGVSKAEFNGMPAWKSSGLKKKAGLY
-1,LSNADFQTALSMDRDAFEKLPGWRQKDARKKQGFF
-1,LADDEFKQVFGMSKSEFTKKPKWKQVDFKK-----
-1,LTKEQFEAAFGMDYEAFSALKLWKQKDLKKKAKLF
-1,LTEADFLVALGCTRDEFNKLPKWKQDSKKKEISIY
-1,LSDKEFEDVLKMKRADFDKLATWKKNKAKRAHGLF
-1,LSDNDFKRHFGMPKDEFSKLPNWKKLDHKKRLQI-
-1,LTELEFMSVFRMTYADFFNLPQWRKTDLKKNLGLF
-1,LTDALFWSIFKMTKADYNALRPWKRKQLKRDAGLF
-1,LTEDDFEDVFKMHRKDFEALKPWKQKRMKKDLNLF
-1,LSKEEFFSVFGMTVEDFDLLSVWRRNELKKKVLLF
-1,LSPEEFESLFQMPLSAFQRLPEWKRNDLKKKLDL-
-1,LSDDEFKVVLGCPRSEWNSLPKWKQKQKKVDARIF
-1,-SSAEFKEKLEMTKSEFYKLPKWKQNKLKMAVHLF
-1,LCDEEFEEIFGMTRAKYDGLAKWKKKQHKQKAKLW
-1,LSERDFAQTFRMTREEFSKLSEWYRNDLKKKFNLF
-1,LSDEDFKTHFKMTKADFAKEKGWKQKSIKQKLKLF
-1,LCDEEFEEIFGMTRAKYDGLAKWKKKQHKQKAKLW
-1,LSPGDFQKVFRMSLDQFERLALWKKNELKKAARLF
-1,LDDASFLIVLSQSKEEFEKLPKWKQSAKKKEVGLF
-1,LSNQEFDQIFHMDRLQFYRLPEWRRNDLKRRARLF
-1,LSSTEFEALFGMSMHAFQRLPEWKRNDLKRKVDL-
-1,LSDVEFEHILQFTRADFYRLPQWRRNELKRRVRLF
-1,LLDSEFPKAFGVSRDEFDKLQSWKKVQKKKSAGLF
-1,LTHDDFVSTFNMAYSDFRVLPSWKQREMKKAVGLF
-1,LSNEEFQKIFGVERDTFYRYPKWKQQKTKIDKGL-
-1,LTDAEFLTIMEMSKDEFAKLPKWKQQAKKKE----
-1,LTDAEFQTVMEMSKDEFAKLPKWKKQAKKKE----
-1,LTEEEFEKVFKMKRAEFVLIPAWKADKIKQDVGLF
-1,LNDDDFVKYLGLSREDFNAAPRWKQLEIRKEKGLF
-1,LSSKDFDRLFEMSKEDFYSLPVWKQVKLRKEKNLY
-1,LSDQDFQTVLEIKRDEYASLPSWKQTDLKKSKGL-
-1,LPDEEFEKIFHMPRKEFDKISQWKREQIKKNAFLF
-1,LSDQEFLQIFKMDLQEFQKLPLWKKQTMKRELRLY
-1,LKENDFLEIFKMNPDSFSKLPHWRRDDLKKKAHLF
-1,LNDSDFEEALGLSPTEFYVLPAWKQNEMKKLSSLF
-1,LAYREFKKIFQMSWQDFEKLPKWKQTEAKKKVKLF
-1,LHADEFEGVFGMSQAQFEGLPAWKKKKLKQQKQLF
-1,LSDEQFEATFGCNLEAFDKLKDWKKKDIKKAKGLF
-1,LSDEEFAQYFkkpdgsSFTKAEFQGLPKWKQLGLKKKVKLF
-1,LSDADFLTVFGVSAEKFQGMPKWKQQNMK------
-1,LSDAEFEKVMQMPRSDFNAMKGWKRAKLKKEAGL-
-1,LTDAEFLEVLGMDREAWSALPAWKQIAAKQAKKSF
-1,LSDGDFTSLFGVTKDEFSKLPKWKQIN--------
-1,LCDEEFRLVFGMSRGEFKRLAKFRQDAMKKVCDLF
-1,LTDETFQTVFGVTKAEFSAFPKWKQEQQKK-----
-1,LSDAEFLRVFRKTRAQFYAMPRWRQQRAKMEAHLW
-1,LSPEDFQSTFGMDRKAWDVLPQWKRAQAMKQKALF
-1,LPDDLFWSVFKMTKEQFYAQRPWKQKQQKRNTGFF
-1,LADDKFRELFGMDKRAFGKLPTHKKNSAKKEHGLF
-1,LHDDEFKKHFGMDKSEYSKLPSWAQQQRKKKV---
-1,LADDEFQTLFGMSKSDFQGLAQWKKDQAKKKH---
-1,LEDGEFQKLFGCDKATFNKLPKWKRMAKKKEV---
-1,LSDDEFELKFEMNKATYDKLAPWKQQNMKKALLLF
-1,LSDADFAKLFKTDRVSFDKQPKWKKDQQKKAVKLF
-1,LSTSTFQEKFSMSKADYSASPGWKQIEMKKSAGLF
-1,LDDETFEKVFNMSREDFESLAKWKQVDLKRKA---
-1,LQPDEFMRVFNVDQETFFSMPQWKQANLKKDAGLF
-1,LADDVFEKMFGMPKAKFNKLPKWKRQAKKRNV---
-1,LSDNEFLEVFQLRHEDFEKMPHWKQKELKKKAHL-
-1,LADDEFLNAMGCTKGAFEELPKWKRDAKKRQAQLF
-1,LEEREFLKAFGMFSADFYKLPAWKQKQAKQKAGIF
-1,LSNQEFENLFKMPRENFYKMAEWKRNDMKRKLHLY
-1,LPDHLFSEVFKMTKAQFYALRPWKQKQMKRDTGFW
-1,LSDEDFESLFGMSKTTFYKLKPYKRDHLLKVVGL-
-1,LSDAEFLSVFKLDKAKFEALPKWKQTNEKNQRKL-
-1,LPDHLFWEVFKMTKAQFYALRPWKQKQMKRDTGFW
-1,LADDEFLNAMGCTKGAFEELPKWKRDAKKRQAQLF
-1,LRDEEFEEIFGMTRAKYDGLAKWKKKQHKQKAKLW
-1,LDEADFLVVLSQSKAEFNKLPKWKQDSKKKEVGLY
-1,LTDEEFEEVFEMTREAFDKLAGWKKKNIKK-----
-1,LNDSEFVDVMGMDRASFNALAGWRQKAQKKKVRLF
-1,LSDEEFLEVFKISKEDFNATPVWKRKLLKAKSGL-
-1,LSDADFVATFGVSKDEFAKMPGWKRNQKK------
-1,LGCHEFKNLFGVDKFAFSDLPKWKQDKLKKDHKLF
-1,LKDEDFVKALGSPRGVFEKLKPWKQQQLKKAAGLF
-1,LSDADFKATFGMNKADFAAQPKWKKDGQKKK----
-1,LSNDDFEKVLGYSREEFSNLASWKQLDLKKKAELW
-1,LSDKTFINLFKMNKKQFYQLKKWKQQELKKKFLLF
-1,LSAEEFMRLFGMGKTEFAALPNWRRDQMKK-----
-1,LSEEEFKANFgGMTKADFNSKPKWKQSGLKKKCKLF
-1,LSDNDFEEYLGISRETFDSSPHWKKLNIRKEKGLF
-1,LAPDEFQRLFNMSIEDFDRLSLWKRNELKKKVSLF
-1,LAPDEFQRLFNMSIEDFDRLSLWKRNELKKKVSLF
-1,LSDAEFEAIFHMSRMEFYRQSQWKRNDMKRRIRMF
-1,LHDEEFAQLFGMGKAAFYAQRQWQQRDAKQKLHLF
-1,LVDEEFEEVMGMSREEFTPLKKWRKTKIKQKAKLW
-1,LAPDTFFDIFGMEIHEFDRLPLWKRNDMKKKAKLF
-1,LRDEEFEEIFGMTRAKYDGLAKWKKKQHKQKAKLW
-1,LSSEDFEELFKMPRTAFQRLPEWKKSDLKRRLDLY
-1,LQADEFVKVFNVDQETFFGMPQWKQANLKKEAGLF
-1,LTFDNFIAIFKMEPDEFVKLPPWKRQRLKQSAGLF
-1,LSNEDFEKVFKMKYSDFITKAPWKQQELKKKHRLF
-1,LEDKVFNEVFGVTMAEFAAWKPWKQQAAKKKHSLF
-1,LSDEEFLSTFKMTKEIFQKTPAWKTKQLRVDNGLF
-1,LSDAEFQTLLEMNRAEFAQLPKWKQQAKKK-----
-1,LNDEDFEELFGMDKDAFTNIPKWRQDRIVQKYEL-
-1,LSDTEFYKVMGEHKDVFYGWPMWKQTAKKRAVGLF
-1,LAKEDFHELFKMSQEEFYRLAEWKRNDLKRRHHLY
-1,LAPDIFKVTFGMSKDDFAKLPMWKQSGLKKKTPAF
-1,LNDEEFETALKMSRADFAKLPEWKRKQAKQNAKIF
-1,LSDSDIQKLFNMSRSELKALPLWKRNAAKKKLHIF
-1,--ESEFVRVFGIPKEAWYKQPAWKRTEQKKEKGLF
-1,LSDADFQTAFSMDREAFDKLAGWKHKDARRKQGIF
-1,LRDEDFERVFRTSKEEFHKLPTWRQESSKRLAGL-
-1,LSPNEFINALGVTPTEFNALPGWKKKNLKRKKKLF
-1,LTDADFMRCFNTSRETFYNHPKWRQQALKKELGL-
-1,LSASEFETVFGMSRTEFSELKAWKRKQLKQKV---
-1,LNDEDFFKVFGMNKEEFNGLARWKQNNL-------
-1,LADHKFRELFGMDKPEFGNLPTFKKNAVKKELGLF
-1,LDPAVFPELFAVSKEDFAKLPAWKKRNHKEKHGLF
-1,LSDADFEKYMKSPRSEFNAMKGWKQQQLKKAAGLY
-1,LSDVDFEQAFCMKRCEFVLLPKWKQQKKKKEV---
-1,LADDEFQKLFNISKDGWEGLQPWKKNDLKKKHALF
-1,LTDEEFEKVFEMTREDFDKLAGWKKKNIKK-----
-1,LSDSAFLDAFKTDKNAFKALPRWKQEKAKKALGLF
-1,LSPEEFESVFSMKMEEFDKVQPWKQIELRKKANLY
-1,LSSREFFATFKMDKAQFEKLPGWKKKKLKTDCGLF
-1,LNNEDFQKHLGLSRESFNKEPHWKQLNIRKEKGLF
-1,LSDDDFKKHFGVDKGAFERQPKWKRDNKKKE----
-1,LSEADFKEAFHMSCEDFLKLPKWKRDRQKVALGIF
-1,LSDDEFNSVFGMSPGDFLKMPKWKQQ---------
-1,LSDADFEAVFKMSREEFTKLPAWKR----------
-1,LTTETFQEKFSMSKADYSASPRWKQIEMKKSAGLF
-1,LNDEDFEATFKMSRGDFDAQPKWKRDQAKKDA---
-1,LSSDDFQKLFKMPRTAFQRLPEWKKSDLKRRLDLY
-1,LREDVFQELFKMDRETWLQLPTWKRSNAKKKLQLF
-1,LSDEEFKSCFEVDKTAFKALPKFKQEALKKKHKIF
-1,LADSAFTALFKMSKDEFVKQAKWKSDGEKKKHGLF
-1,LSDEEFKTVMGVDAAAFAKLPKWKQQNIKK-----
-1,LSNAEFEKVLGVSREAWEKMPKWKRATIRREADLF
-1,LSNAEFEKVLGVSREAWEKMPKWKRATIRREADLF
-1,LSEQDFYLTFHMSRSAFYQLPIWKRNILKKFNYLF
-1,LNDVEFEEKLGMGKAAFEGLPLWKRQKAKQGIGLF
-1,LSDAEFAARFGSSREEFAKLKPWKQESLKKAV---
-1,--DEEFEKGLGMDRAAFAALPGWQAQKLKRDKGLF
-1,LTHEEFHQIIGMRLDEFNKLPKWKQKKIKEEKELF
-1,LREDEFKDLFGMSKSSFGKLQPWAQLSLKKKHCLF
-1,LSPEDFMEIFGMDLKQFQTLPVWRGRELKRKAGL-
-1,LNDEEFNMIFNVPREQFYTLPVWKKNDMKRRARLF
-1,LHDDEFARLFGMGKAAFYAQRQWQQRDAKQKLHLF
-1,LEDADFETLFKMKREEYTKLPAWKKETVKKNAGMF
-1,LTQEDFSQLFKMDRDQFKRLAEWKRNDLKRKADLF
-1,LSDEEFLKAFEVDKKTWATMPMWKKSNKKKALGLF
-1,LSTDEFERLFNMCPEAFQRLPEWKRNDLKKKLDL-
-1,LVDAEFVIMFGMSRAAFAVQAAWKKTAAKKKAGLF
-1,LSDADFEKVMKSPRAAFNEMKAWKQQQLKKAAGLY
-1,LAPEMFFDIFGMEMKEFDRLPLWKRNDMKKKAKLF
-1,LSDAEFEAILQAPRPEFYRLPQWRRNELKRRARLF
-1,LTHDDFVSTFNMTYNDFRSLTAWKQRELKKSAGLF
-1,LSPEEFYQVFAMTMTDFDRLALWKRNELKKQARLF
-1,LDDADFAQAIGMQREVFDTLPQWKRDSIKKTAGLW
-1,LSDEEFKDLFRIDRIEFYKQPKWKQNQKKNQLKL-
-1,LNDAEFEEALGCSRGQFQALPSWSQQQKKKMALLF
-1,LSDVEFEHILQCTRADFYRFPQWRRNEMKRRVKLF
-1,LHEKDYPEGLGMTKAEYDQLPAWKQTKLKKERGLF
-1,LSNEDFFRAFGMTFEDFHALSPWKRTVVKKNALLF
-1,LSDTKFEAVFGMSKANFAKLEKWQQDRLKKIH---
-1,LSDEDFKAVFKMERRKFYELPKWKIAEMRRKAG--
-1,LTDQMFWKAFAMTKEQFDALRPWKQKALKREKNLF
-1,LSDDEFLSTLGMDKESFCKLAKWKRDMLKKK----
-1,LSDADFETVLKMDRDAYSKLPAWRQNAAKKAA---
-1,LSPRTFSSVFGMQREAFDKLPQWKKNALKK-----
-1,LSEDDFVKVFGINRVKYQQLPMWKQREVKKKVNL-
-1,LADEEFQAVFKMTKAEFQKLPGWRRAKKRK-----
-1,LSTSTFQEKFTMSKADYSASPRWKQIEMKKSAGLF
-1,LREAEFRELFGMNKDAFDQLPVWRQTPLKQKH---
-1,LPDSEFRIVFGICREEFKALPKWKQRDKKR-----
-1,LGNAEFKAIFKMTRSQFNTKPAWKQRALKKAASLF
-1,LDDDEFEEVFGMTKGSWNRMKNWKKETTKKKAKLW
-1,LSDRKFEAILGMSKAEFAKLAKWQQDQLRKIHG--
-1,LADSDFQAIFAMSPSDFAKLPKWKQSNLK------
-1,LSDEEFGQYFkkpdgsSLTKAEFNSMPKWKQLGLKKKAKLF
-1,LPTKEFELKFEMTRENFYQLPVWRQRNLKKMLLLF
-1,LSEDEFKACFNMTYEAWEGLKDWKRKDFKKKSGLF
-1,LVDEEFEEVMGMTREKYDTLKKWKKTKIKQKVKLW
-1,LSVEEFHELFGTTIDKFHALPIWKQLVIKKDKGMF
-1,LSHAEFVQVLGYTREAFAKLPAWKRREVKLKVDLF
-1,LDTAEFLRLFGMDRASFEKLPRWKQVDAKRRASL-
-1,---EGFSAAFGMDSEEFSKQPAWKREQLKKKAGIF
-1,LGAEEFQSLFGMAKSEWGAVPKWKKDNLKKK----
-1,LSDQDFEEIFEQTREEFSKLAVWKQTAQRKAKELF
-1,LSDAEFEEVFGMCKEAFRALFKHKREELKRERDLF
-1,LSDIEFEEVFGMSKEAYQSMRKHKRDLLKKEKNLF
-1,LTDEEFQELFKMTKEAFNKLPKWKR----------
-1,LSDDEFLKIFRLKVQDFKQLPQWKQKELKKHAHLF
-1,LSEEEFMKVFEMHREEFKGLAKWKQVVLKQRKKLY
-1,LTAEDFYKIFNMDQKHFYEQPKWKQQRQKKAVDLF
-1,LNESDFEKYLGLTKEAFNKEPQWKQLNIRKEKGLF
-1,LADDEFALIFGMSKKEFGQLVFWKREALKKKCDLW
-1,LSPEEFEDVFNMSKTAYDSKKSWQRDMLKKQVGLF
-1,LNDEEFETALKMSRADFGKLPEWKRKQAKQNAKIF
-1,LDDDAFFETFDMSRDAFEALPCWRQVALKERAGFY
-1,LSEEQFEAAFHMSQEKFDTLPLWQKTNLKKNLYLF
-1,LNESDFEKYLGLSREAFNKEPQWKQLNIRKEKGLF
-1,LSVEEFVQVFGMGKSQFAALPLWRRNKLKK-----
-1,LKDDEFKGVFRMERSEFNMLPRWKKDAERRKAKLF
-1,LSDSDFMQAMGMSRAEFKEMAIWRQKQKKQAAGIF
-1,LSAEDFQKLFKMPRGMFDRLPLWTKMSLKKKVGL-
-1,LNEDEFQTVFKMSKQDLLALPKWKRDTVKKGAKLF
-1,LSDAEFEAILQIGRQDFYRLPQWRRNELKRRARLF
-1,LDDAEFQMIIGSSRSDFDKLKKWKKDQIKKAAGLF
-1,LSNSEFLQVFGMDKDSWAALSNWKRIEAKRAKRLF
-1,LTHDDFVSVFKMSFYDFDELPKWKKTELKKQYRLF
-1,LSDNDFEKYLGISRETFDSSPHWKKLNIRKERGLF
-1,LSEEDFEKHLGISRDNFNAAPHWKKLNIRKEKGLF
-1,LSDEDFEKHLG-SRAEWDALPAWKKTEKKKVSGLF
-1,LTDEDFEFALDMSRDEFNALPTWKQVNLK------
-1,LSPQEFEAVFGMNQEQYEKLSKWKKDDKKKLLHLF
-1,LEDAKFEELFQMSKKEWEKIPQWKKNQRKKELDLF
-1,LTETEFQEVFSMTRTAFNALPKWKQVN--------
-1,LAPEEFQKLFNCDVAAWLKMPKWKRAGAKKKHKLF
-1,LTNDVFKKTFDMTKKDFYALKTWRQDKLKKSTGIF
-1,LHDDEFRKLFNMDKATFAGLPKWKRDMKKKE----
-1,LSDDEFQTVFGMSSSEFSAQAKLKRDKVKKDKKLF
-1,LSPSDFETVFGMSRSDFDALKPWKKKQMKQ-----
-1,LEDEEFLQIFGVGKKEFYSKARWKQRDMRKEHKLF
-1,LSDDEFKNVFGMDRGAFNGLAAWKQKKAK------
-1,LPDKLFWEVFKMTKQQFYNLRPWKQKQLKRDTGFW
-1,LANDVFKEVFGMTKNYFGAMPKWKQDRAKK-----
-1,LSDDDFVQIFGMNKAAFASESKWKQQQMKK-----
-1,LSPEVFQSVFGMAKDDFSKLPKWRQ----------
-1,LSPQEFEQHFGMSIDKFDKLPTWKRADVKRK----
-1,LSDEDFVKFLNTTRDEFRDLKPWKQAQLKKAANIF
-1,LPDRIFKDLFGMNKDDFAKLPKWKKDGAKKKA---
-1,LADDEFVRVLGSPRGEFNKLKPWKQTQLKKAAG--
-1,LSDADFQELFKMPKAEFAALPRWRQ----------
-1,LSSEEFQEIFGMPLALFEKLEWWRQRQMKRRVGL-
-1,LTDAEFESVFKMDKVKFAAQPGWKKENLKK-----
-1,LSNEEFRQYFGMGKEEFVALPGWKGKQLKR-----
-1,LHPDEFVHLFGMKVEVFRTLPLWRQKELKMKVNLF
-1,LSDAEFQEVFGMSQAEFSKLPKW------------
-1,LTEDDFEDVFKMHRKDFEALKPWKKKRLKKDLNLF
-1,LSDAEFEKVMQMPRSKFNAMKGWKREKLKKEVGI-
-1,LTEEDFQAVFGMGSEEFGKLQKWKKDKLKKE----
-1,LDEEEFQRVFTVSKREFRTMPRWKREAKKREVHLF
-1,LEDAEFRRIFGMDKQDFSNLPKWKKLQLKQDV---
-1,LSEQEFEQHFGMNRQSFRATPAWKQVDMKKK----
-1,-SADVFQSVFGMAKEDFSKLPRWRQELWKKNPLLF
-1,LSVEDFAMYFKMDRVAFDALPNWKKSGLKKTIGIF
-1,-TDKDFDAVFkGMSRPEFYQLPYWKRCDIKRRANLF
-1,LSPADFQRVFGTSKEAFAKLPPWKVAQEKK-----
-1,LAKEEFESIFHMSRGEFYSQPEWKRNDLKK-----
-1,LSDTDFRADFGMDKETYAALPLWKKQNKKK-----
-1,--DATFIETFGMDRGAFGALPQWRQVALKKSADCF
-1,LSAPQFKEVFLQTKEEFAKLPAWKRQSLKKAKELF
-1,LSDEDFQAALGMGRDEFYRLPMWKR----------
-1,LSDAEFQEVFGMTYAAFAAQPKWK-----------
-1,LNDAEFSQVFNMERSDFDSLPRWKQQTLKK-----
-1,LSNAEFEKVLGVSREAWEKMPTWKRATIRREADLF
-1,LSDNEFKSEFGGkSKEEFVVLPKWKRDMMKKKARLF
-1,LSEEDFVTHLGLSRADFMAAPRWKQLEIRKEKGLF
-1,LTDSDFATVFGSDRATFNALPKWKRVNAKK-----
-1,LDAESFAAEFGCTTEEFAAMPAWRQQAAKKRVGLY
-1,LADDVFLKMFKMDKATFSKLPVWKKKRLKQKVNLY
-1,LTDDDFMTLLGLSRANFNAAPRWKQLEIRKEKGLF
-1,LSDEEFKAVFEMDHLGFAKLQPWQQKLLKQARGLF
-1,-SNTDFRRIFKMDREDFCNLTEWHQNDLKRQVGLF
-1,LTDAEFVATFGMDFKAFGAMVKWKRSREKRKHNLF
-1,LSREEFERLFKMPKAAFQRLPEWKKSDLKRRLDLY
-1,LSIDEFERLFNMCPETFQRLPEWKRNDLKKKLDL-
-1,LSDEDFQKCFNMDMDAWKKLKQWKQQDLKK-----
-1,LAPEEFQKLFNCDVAAWLKMPKWKRAGAKKKHKLF
-1,LSDADFEKYMKSPRSEFNAMKAWKQQQIKKAAGLY
-1,ISPEDFLYMFQMPRAEFFMMPEWKRNELKKRLKLY
-1,LSDGEFATLFHMTREQFEALPLYSKLAKKKAAGLF
-1,LSNSSFAEVFGIPRAEFEKYPGWKQKQKRIEVNLF
-1,-SEEEFQAVMGTTKDAWLLVPKWKRANAKKKKGLF
-1,LGAAEFEAIFGMPLVAFQRLPEWKRNDLKKKADL-
-1,LSNADFKKLFGVERSEFLKFPKWKQNQKKKDLKL-
-1,LDDAEFASAFSMTRHEFAGLNDWRRLEMKKALGLY
-1,LREEDFERALGCTKTAFFALPAWRQKNLKAKAGL-
-1,LSDEDFEKHFllqralEMTREEFEGLPGWKQMNVKK-----
-1,LSDQDFQTILEMKRDEYSSLPVQKQTDLKKSKGLF
-1,LSDDEFIKHLGVTKQEWEVMPLWKRTEKKKTSNLF
-1,LSSEDFLELTSITIEDFQKLPAWKQAAIKKEKGLF
-1,LTDEDFEgagaygkRALDMSREEYSALPGWKQVNLKKCKGLF
-1,LSDADFETALKMSRAAFDGLAGWKKNNAKKAAGIY
-1,LSDEEFRLVFQCGKAEFEGLPVWKQKSKRQAAMIF
-1,-----FKKVFGMSEDEFSALKKWQQNQKKKAAKLF
-1,LTDAEFQAVFKMDKAKFATQPKWKKEKLKK-----
-1,LPDDVFADLFGTSKAEFAKFPKWKKETQKKKHG--
-1,LSPAAFSEVFEMSKEDFAKLPAWKKKNMKEK----
-1,LNDADFEAALKMGRADFAKMPKWKKDAAKKAAKIF
-1,LSDEEFQDVFGMPSADFAALAKWKQQ---------
-1,LPDSRFQDLFGFDKDGFQHLPQWRKERLKKTVGFF
-1,LPDHLFWEVFKMTKAQFYALRKWKQKQLKMETG--
-1,LSDSKFQDLFGTSKADFAKLPKWKKDAAKKK----
-1,LLPQDFQKVFGMDKEDFGKLPIWTQQLNKKKV---
-1,LSTDEFQSHFKMTKKQFEALPSFKRLRLKKELRLF
-1,LSPEEFQKIFNMNKEKFQKLKGWKRVQLKK-----
-1,LSDAEFQTVFGTSKEAFAKMPKWKR----------
-1,LSEADFKKAFGMEKDQFLSLRPWQKKELKKAAKLF
-1,LNDEEFETALKMSRADFLKLPEWKRKQAKQNAKIF
-1,LSEDDFKACFNMDYEAWEGLKDWKRKDFKKKSGLF
-1,LSAEEFAEHFeGMTKADFNSLSEWKQTGLKEKCKLF
-1,LEDCVFEEAIGVDKAAFEALPKWKQTKLLKKHNLF
-1,LSDQEFVQVFELEREEFNNLPEWRKKSLKKSKKL-
-1,LSPDDFKDVFGMTYVSFKCLKKWRQVSLKKK----
-1,LSMEEFQLVFGMTYEEYNMKPHWKQVQLKK-----
-1,LTDVELEAIFGVQREEFYRLPYWKRCDLKRRNFLF
-1,LPDHEFVAVFGMDRGAFNALPQWKQ----------
-1,LSPAQFEQVFKMNYKAFMKLKGWKRVQLKKRAKLF
-1,LSEAGFKAAFGMGKEEFAKLAKFKRDRMKKELGLW
-1,LADDKFQELFGMDKDAYNKLAGWKKTNLKKK----
-1,LSDADFEKAFGMVRETFGKMRTWRQCTLKK-----
-1,LSPEEFEKVFKMTFDDWERLPKWKTIRLRKEA---
-1,LSDEEFRLVFQCGKAEFEGLPVWKQKSKRQAAMIF
-1,LTDADFDATFRCLRDDFYRLPYWKRCDLKQRANLF
-1,LSDADFLAVMKMDMAAYTALPMWKKKNAKKAAKLF
-1,LPDVVFKELFGQTKEDFAKLPMWKRDAEKKKH---
-1,LSDADFKAKFGTDKESWQKKPMWQRNNEKKKFALF
-1,LSDADFASVMKSPRAEFNAMKGWKQAQVKKAAGLY
-1,LANDEFEELFNMPRDRFYRMAEWKRNDIKRKLHLY
-1,LSDADFKKFFEMERQEFVALPKWKRISKKK-----
-1,LSDESFYDNFGLTKEDFYQQPKWKRNNQKRKV---
-1,LSDAEFKEVMGMSKEAYQAMAKHKRDRLKKEKNLF
-1,LSDADFLKQLKMTKQKWSELPVWRQRSVKQSLGLF
-1,LSQEEFQLIFGMPLQTFEKLEWWRQRQMKRRVGL-
-1,LADDQFEEIMGMTKAKWAeggvTLPSWKKIQKKKEVGLF
-1,LSPHVFKELFSMGKDEFADLPRLQRDRLKRRHGLF
-1,LTDAEFEVVFKCLRDEFYRLPNWKRCDLKR-----
-1,LAPDEFQACFKCDLEEFEKMPVWKQKRMKQKKRLY
-1,LAPDEFQACFKCDLEEFEKMPVWKQKRMKQKKRLY
-1,LNPDDFQAAFGASKDEFNSWAPWKKERAKKKIGLW
-1,LNDESFQQVFHLKKSTFYSLPKWKSDKLKKDLNLF
-1,LSPEDFVRALRMSRADFFRLPDWKRSELKKRAKLY
-1,LTDDEFFVVFNMTKGEWEKCREWKKMEIKKKLALF
-1,LSEDDFMTHLGLSRSDFNAAPRWKQLEIRKEKGLF
-1,LNDEDFEMVFQMKRDEFYTLPLWRRNDFKR-----
-1,LSDEAFNTIMGMAPDAFAALKDWKKKDIKKAKGLF
-1,LTDDDFVAHLGLNREDFMAAPRWKQLEIRKEKGLF
-1,LTHDDFVSIFKMSFYEFDDLPKWKKTELKKLYKLF
-1,LTHDDFVSTFSVSYNEFRALSGWKQKELKKSVGLF
-1,LSTSTFQEKFSMSKADYSASPRWKQIEMKKYTGLF
-1,LKPQCFQELFGLEKEEFIRMPSWKKKKLKQEAGLF
-1,LHEQDYPEGLGLTKAEFDQLPAWKQTKLKKERGLF
-1,LSDDEFETLFRMKRDEYNALVTWKREGIKKQIGFY
-1,LSEDDFVTVFHMTRDEYMAVVPWKREGIKKQAGFY
-1,LSEDDFVTVFHMTRDEYMAVVPWKREGIKKQAGFY
-1,LSEGDFHAVFDVSKQEFYRYPEWKQKELKSKVYL-
-1,LEESDFINITGYTKDEWAKLPKWKRTTIKKNAGLF
-1,LSDADFQNTFGMSKEAFGKEPQWKKDKL-------
-1,LHDNEFVQIFGMQKQEFYGMKLWRQRDLKKK----
-1,LSEAEFLTVFGVAKSDFAKLPKWKKDDKKRAH---
-1,LDDDTFKSQLGMAREEFYRLPKWRQQEAKK-----
-1,LALEEFERLFGVDQARFYEYPKWKQHNMKRDVGL-
-1,LTDSLFWEAFKMTKTDFQALRPWKQWQLKKDAGL-
-1,LTDEEFKVHFKMTKEAFDSKPNWKKLNLKKALNL-
-1,LSDEEFKEVFRMDRKKFNSLKGWKKVQLKK-----
-1,LSDAEFQSCFDMDKAAFAKLPKFKQETLKK-----
-1,LSDADFFEVFQMTAEQFVALPAWKRKTKKQE----
-1,LADDEFELKFGMSRQEYESKPNWKKASLKKILYLF
-1,LSEANFKEAFHMLREDFLKLPKWKRDRQKVALGIF
-1,LPENTFKQLFDMGKRAFGALPKWKKHSLKKKHGL-
-1,LADDEFQKLFNVTKPAWEDIPKWKRDNLKKKYEIY
-1,LSDEDFKTVFGMEKSAFEGLAKWKQQQ--------
-1,LSDVDFAKLFGMSREEFAKLQTWKKDSEK------
-1,LGNDAFKDLFGVTKNHFGAMPKWKQDRAKKTNNLF
-1,LTDAEFESTFGMKKEGFSRLPYWKKSELKRTTG--
-1,LADDKFQDLFGMDKIAFGKLPAFNKNAVKKELGLF
-1,--DDEFKSVMGCTKAEFSAMQGWRQKRLKKSVELF
-1,LSRADFKTVFGRDREEFEAMASWKKVHEKKAAYLF
-1,LSEEEFAEHFKkpdktpYTLEEFSGLPKWKQAGLKKKCGLF
-1,LDDEEFEEVMGMGRAKFATMKLWKKNKLKQAAKIF
-1,LSPEAFQSVFGMVKDDFSKLPKWRQELL-------
-1,LSDEEFKVVFGVTIEEFRAMPKWRQ----------
-1,-SEEDFESVFEMAPAAYQKMPKWKQQNLKK-----
-1,LADDVFLEKIGMDKAAFAAQPAWKQKSKKQSLNLF
-1,LHEDEFLKIFSTSKREFRAMPRWKRDMKKKELRLF
-1,LSPNEFQIIFDCDIEEFEKLAKWKQKKKKMEKNLF
-1,LNDEEFQEKFGMDKAAWGGLAGWKKAGAKKKVNL-
-1,LSPSDFERVFGMGIVTFESLPDWKQDLLKQ-----
-1,LSEDDFMAHLGLSRANFNAAPRWKQLEIRKEKGLF
-1,LTPTEFTAVFKMDLAKFDALPQWRKKKLKIETGLF
-1,LSPKEFEKVFGMNREKFSQLKGWKKVQKKKRV---
-1,LEDGEFERLFGMSKENFNKMPLWKKKAKKRK----
-1,LAEDQFEAAFNMSMEKFDSLPLWKKTNLKKNLYLF
-1,LAPEEFVRLFQMSMAEFDRLSLWKRNELKKKVLLF
-1,LSDEDFDNLIKMPRDKFFKLAEWKRNDIKKKLDLY
-1,-TDKDFDLVFkGMSRSEFYQLPYWNRCEIKKKANLF
-1,LSDESFYKHFGLTKVKFYQQPKWKRNNQKRKV---
-1,LLQEDFEDLFKMNKEEFSRLAEWKRNDLKRKVDLY
-1,LSPAEFQQVFNMSKKKFANLKGWKRVQLKKAPQTF
-1,LEDAVFEDLFHMSKKEWEKVPQWKKNERKKALDLF
-1,LSEAEFVQVLGLQREEFSSLPAWKQVNLKK-----
-1,LTDESFYEHFGLTKENFYQQPKWKRDNQKRKV---
-1,LTEEEFHKVFGMSYLDFANLPEWKKTNAKK-----
-1,LSDAEFRKVFKMSKTQWKDAPDWKKKKLKGEAGL-
-1,LTDSEFTTVFKMDKSKYGTIPQWKRTSMKQKALLF
-1,LSDEEFAEHFkkpdgsSFTKAEFNGLAKWKQLGLKKKAKLF
-1,LSDEQFVEVFGQTRTDFAKLAVWKRQHLKK-----
-1,LQDDDFEAVLGLTRAAFGVLPAWKQQRLKRE----
-1,LSDADFKSLFDMDKDAFAALPNFRQEMLKRKH---
-1,LAPDVFEEIFGMTKENFAQLRSWKQIRLKK-----
-1,LSDAEFKYVFKLTRDEFRCLPKRMQENAKKQAGL-
-1,LRDAEFSQVFKVTKVEFAGLPKFKQVMLKKDAGL-
-1,LSPDAFQAVFGMVKEDFGKLPKWKQ----------
-1,LSTDTFQEKFKMGKEDFSSLPRWKQIELKKE----
-1,LCDADFQTTFKMSKAEFAKLPKWKRD---------
-1,LSDEDFEAVFGMNKTAWASLPSWKR----------
-1,--PAQFPAVFSMGKDEFLALPGWKRLQLRKQAYLF
-1,LREQEFLKLFGMSKESFEMKPPWTQTSLKKKH---
-1,LSPDEFHDVFGMTMSAFKTLKKWKQIMIKK-----
-1,LNDAEFLTALKMSRADFVKLPQWKKDSAKKAAKIF
-1,LSDAQFQETFKTTKAEWMKQPKWKREVAKRKVDLY
-1,LSDDEFEKVFKMNREAWVKVAAWQKSKKKKEALLF
-1,LTEEDFQAVFGVSPAHFEKLPKWKQANQKQ-----
-1,LSDTEFKSLFSMTKEEFTKIPQWKQT---------
-1,LSPSDFVKALGMTKEEFSKLPLWKRKKAKESA---
-1,LNDEEFQQVFSMDRDSFAGLQHWKQIQLK------
-1,LDDDEFLKIFGVTAAVFAGMPKWKQANMKK-----
-1,LADNKFRELFGMDKQSFGDLPTFKKNTVKKELGLF
-1,LNDNDFETVFGIDRDAFYKMPGWKQ----------
-1,LADDVFLKMFGMTKAKFLKLPKWKRKAKKR-----
-1,LDAADFERAFSMGAAQFAELPRWKQQLLKKAARLF
-1,LSDDEFKEVLKVNKEDFASSPTWKRKKLKQDAGFF
-1,LNDSDFQTVFGMDKQAFYGQPAWKQ----------
-1,LSDEEFQNIFGMSAVDFHALPTWKR----------
-1,LDDKVFQDLFEMDKAQFSQLPAWRRKQRKQKLNLF
-1,LSDQDFEEIFEQTREEFSKLAVWKQTVRRKAKELF
-1,LEDEEFEKLFSVDRDTFEKMAAWKKNREKKEAGL-
-1,LPDGRFYELFSLNKDDFQRLPKWRRERLRKTVGLF
-1,LTDESFFQHFGLTKEKFYEMPKWKRDKQKRKV---
-1,LPEGVFNSLFGMPKADFAKLPKWKKDNVKK-----
-1,LSQADFVKAFGMDQDKFKALKVWRKNELKKKAG--
-1,LSDEEFQKHFNMEAEKFYQQPLWKIQQAKRNIGI-
-1,LSSGDFERLFKMTRLEFQRLPAYKQNDLKRRLDLY
-1,LNDDDFVTHLGLSRVDFNAAPRWKQLEIQKEKGLF
-1,LSPASFKGLLDMNKNEFLQLPKWKRTKIKQSVGLF
-1,LHELDYQEALGLSKQEYDQLPAWKQTKLKKERGLF
-1,LDSAMFEKLFKMSKEEFAKQKDWKQKKLKQELGLW
-1,LSDGQFEQVLGMGRVEFYAMTKVEQMRCKQEVGLF
-1,LSDAEFMMKFGCTKGEYLLLPQWKQEKKKEEAG--
-1,LHEAEFVTCFGMSRTEYMQQPAWRQLELRKAANFF
-1,LDEAQFKTAFGMDKAAFNDLKAWRQKKLKREQKLF
-1,LGEQEFQELFNMDKVAFKKAPRWKQLDLKKGVG--
-1,-SDEAFMESFGMDKAAFAKVPTWKRARAKKEQRVF
-1,LSDSDFKRVFKCDKAEFYAQPKWKQ----------
-1,LTNESFFEHFGLTKDEFYKQPKWKRDKQKRKV---
-1,LPDGRFRELFSFNKDDFQQLPQWRRERLRKTVGLF
-1,LSPDAFRAVFGVGATAFGAWPKWRQALAKRKVGLY
-1,LTDEAFVRIFGMRRDEFYLLQEWKQKDLKR-----
-1,LNPGDFQAAFGASKEEFCSWAPWKKERAKKKIGLW
-1,LNDSDFENVFGMDKQAFYGQPAWKQ----------
-1,LSDADFSAVFGMTKESFDSLAPWRQ----------
-1,LTEEEFQQIIGMKFEEFGKLPKWKKDNLK------
-1,LSEEEFGQHFKdpksgepMTIAAFNSLPKWKQSGLKKKARLF
-1,LSNTEFQAVLGVSREAFDQMPRWKRGIIRREADLF
-1,--DATFRDTFGMDRGAFEALPQWRQIALKKE----
-1,LPDSTFRELFHMEKEAFRSLPKWKRDIQKKKLG--
-1,LSDAEFMELFKIAKDEFTKQPKWKQVNKRKE----
-1,LTPEDFEAVFNMSPQEFAKFPAWKQSKLK------
-1,LSDADFEKLMKSPRAEFNQMKGWKQAQVKKAAGLY
-1,LSDEDFKAELGQDKKEFEDLQGWKQKQLKTAAGLF
-1,LSDEEFLTTTQMTKEDFYKQPIWLQNNKRKALNLY
-1,LNDSEFESVMEMTRAEYDALKGWKKDQAKKKVG--
-1,LIDVEFKKIFEMERVEFSKLPKWKRQAAKKKA---
-1,LSEEEFQEVFGMSKGEWSSVPKWKK----------
-1,LSDIDFQKHCGCTKAEFVKMPQWKQKQKK------
-1,LSGQDFDNLFNMPRESFYRMAEWKRNDIKRKLHLY
-1,LTDANVKSLFGVNKSEFAALPKWKKEFMRKEHGL-
-1,ITDSQFLRNFRMTRDEFCEMPFWRQCLMKKRMNLF
-1,LSDEDFLELFGVDKDTFGGYANWKKNRMKKEKKL-
-1,LSDADFEKLMKSPRAEFNQMKGWKQAQVKKAAGLY
-1,LNDSEFEKYLGITRELFNAAPHWKKLNIRKEKGLF
-1,LSDADFEKFMKSPRAEFNAMKGWKQAQVKKAAGLY
-1,LCHEEFKAVFGMSQSEFNCMALWRQQNLKAKLG--
-1,LDEAEFAKVFrGLPKRQFCLLPEWKRNDMKRKVGLF
-1,LDENEFQRIFSLSKREFRSMPRWKRDLKKKELSLF
-1,LSDAEFQEVFGMKKSAFSKVADWMQASMKEGVNL-
-1,LDEAEFAKVFrGLPKRQFCLLPEWKRNDMKRKVGLF
-1,LADDVFQSKFGMTKEDFWNKPKWQRTQQKKK----
-1,LTNADFKKYFDVERDDFSLMPKWKQQSSKKKLGIF
-1,LHEQDYPEALGLTKPEYDQLPAWKQTKLKKERGLF
-1,LSEEDFEALFKMQKGEYVSLQPWKREKVKKQVGVF
-1,LSDQDFQKltstlllfqaVLEMKRDEYASLPSWEQTDLKKSKGLF
-1,LADEDFEGVgasgkkaLEMTRDIFENLPAWKQVKVKKAKGLF
-1,--DEEFPSAFGMTKEKYEALKPWTQKGLLEKAKLF
-1,LPDDEFTVVFGMSREEHNALPVWRQ----------
-1,LSDADFKSLFAMDKDTFATLPKFRQEMLKKK----
-1,LSDDDFLSALGMDKHSFCKLAKWKRDILKKKA---
-1,LPDGRFSELFGTDKDSFQVLPKWRRERLRKTIGFF
-1,LNDEDFQRVFGMDKTAFSGLAKWRQKAL-------
-1,LSEKEFKGLFNMSKSSFEQLPCWKQVELKK-----
-1,LPDHLFFQVFNMNKQQFYAQRPWKQKQMKRNTGFF
-1,LAPDIFEVLFGMAKDDFTKLPVWKRSNLKK-----
-1,LDDDEFIKVFEVDLIQFQKYPLWKQQKEKRAKGLF
-1,LSDAAVAAIFGMDRAAFDALPKWKRDQKK------
-1,LSDEEFSAKFGSTKVEFTALAAWKKKSKKEALKLF
-1,------QKAFNMTKSAFDALPMWKKTNLRKKAGLF
-1,LSDEEFQAVFQMSAEEFEKLQKWKKDKL-------
-1,LSDSDFQSTFGCTKAEFEAKPKWKKD---------
-1,LSDQDFVELFQMPKEDFAKLPKWKR----------
-1,LSDTEFQHIFYCSRKEFYTLPKKKREEMKRKIGI-
-1,LSDTEFQHIFYCSRKEFYTLPKKKREEMKRKIGI-
-1,LSNAEFEAVLGVSREAWEKMPRWKRSTIRREADIF
-1,LEAAEFSKLFGMDKTAFEAQAVWKKDKAKKSHKLF
-1,LADADFQAVFGMPKQEFGKRPNGGRKKKREKHGLF
-1,LSDDDFKATFKMDKAAFGNLKGWKKEQLKKE----
-1,LSALDFEAAFGMSSGEFALLPGWRQKQLKQQA---
-1,LSDEEFEKYLKCTKEEFAKRPNWKKNKAKKEA---
-1,LADAVFLEKFGMDKAAFNAQAAWKRKSAKEKNKLF
-1,LSPEDFVKAFGMDTESWQTLKEWQRRDLKKRTLLF
-1,LTQEDFQNIFKITLEEYKDLKPWKRMQCKKNAGLF
-1,LSDDDFTTYFKCSREEFAAKPAFQQITAKKQVKLF
-1,LSDENFELTFKMPRVDFHELPQWKRDMAKKDA---
-1,LNDSDFVELFGVPRDIFLLLPKWKQDEMLIEAGL-
-1,LSNAEFKAIFKMTRSDFDTKPAWKQRALKKAA---
-1,LSEAEFKSVMGVTPADFVVMPKWKQQNLKK-----
-1,LTQEDFQNIFKITLEEYKDLKPWKRMQCKKNAGLF
-1,LSAAEFRERFGMAKEAFAKLPKWKQNSI-------
-1,LEDGVFFALFKMDRETWLRLPKWKRNNAKKKH---
-1,LSDAEFNSAFNMSKDKFNALPKWKR----------
-1,LGGEEFETTFGVTKEIFILLPKWKQDEMLRAVGL-
-1,LTDTEFEAIFKCLRDEFYRLPYWKRCELKERKKI-
-1,LSDADFEKLMKSSRADFYAMKGWKQAQVKRAGGLY
-1,LSDDAFSAVFGQSRAAFAAYPKWRRDKMKK-----
-1,LTDEEFAKHFdGLTKDEFYQQPKWKRNKQKRKV---
-1,LNEEEFKAVFKMERSEFNMLPRWRKDAERRRRKLF
-1,LHELDYQEALGLSKQEYDQLPAWRQTKLKKERGLF
-1,LNDKDFEGHLGLTKRDFQTAPKWKQIEIRKERGLF
-1,LSDGQFEEVLGMGRTKFYAMTKVEQMRCKQEVGLF
-1,LSGEESQEVFGMSKDEFGQLSEYKQAFEKQRHRLF
-1,LTDGEFYVRFNMGKEEFASLPRWRKVERKRALMLF
-1,LDNDEFSRVFHISYETYCAYPAWKRNQIKKEKKLF
-1,LADGEFESVFGFGRAEFAALCKYKRVQHKKRVNLF
-1,LKDEDFKKYFGMDKSAFNGLKGWEKKKLKAEVKLW
-1,LSDSKFEAKFGMSKADFARLEPWQQNRLKK-----
-1,LSDADFQTAFGMDREAFDKVAGWKQKD--------
-1,LSAADFANIFGMSYEAFRKMPKWKQ----------
-1,LLEDEFENCFGMNRVAFAKLPLWKRNELK------
-1,LSDEAFAAVFGRSKADFEKLPEWKRIAMK------
-1,LTDEDFVKHFdGLTKDEFYQQPNWKRDQQKRKV---
-1,LSDEIFVAVFGVSKDDFAKLPKWKR----------
-1,LSDDDFVALFPVGKDAFQKLPKWKRDNEK------
-1,LSDDSFQALFGISKKDFAQFPKWKRDSVKKLH---
-1,LPDSTFRDLFQMEKKAFSSLPKWKRDIQKKKLGL-
-1,LPDGRFRELFSTDKDDFQALPKWRRERLRKTIGFF
-1,LSDDAFMEVFGMSSLDFTKLPKWKQQ---------
-1,LPDGRFSELFGTDKDNFQVLPKWRRERLRKTIGFF
-1,LSPTDFVQALGMTKEEFSRLPLWKRKKAKESA---
-1,LTDADFQAVFEVSRSVFSGLPRWRQQELKR-----
-1,LAEAEFETVFGMSIAAFQKLPKWKQ----------
-1,LSEAAFEESFGMTREDFSKLPKWKRT---------
-1,LPDSRFHELFGFDKDGFQHLPRWRKERLRKTVGFF
-1,LSPTDFETCFGMNIDEFDALKNWKKKQLKQK----
-1,LSEADFVKVFKMTKEEFYNKDKFVRMRLKKEHKLF
-1,LNDDEFEIRFGMTRQEFTDKPNWKKISLKKK----
-1,LSDPEFNRLFGMDKAAFAAQPTWKQ----------
-1,LSDSEFSSAFGMAIGDFNALQAWKQKQKKQALKIW
-1,LADATFQDKFKMTKDEYAAAPRWKQIEMKKDA---
-1,LNEEEFYEALSMTREEFYNLQSWKQVDLKKK----
-1,LSPADFQKVFNMNKEKFAKLKGWKRVQPKK-----
-1,LHDDEFARLFCMGKPAFYAQKQWQQRDAKQKLSLF
-1,LSDDEFAEVFKMSKEKYEKLGQGRKNDLKKRYELF
-1,LSDEEFYKHTNMTKEQFYQEKTWKQLQIRKKLSLF
-1,LSAEEFGQYFKdpksgdpMTLESFNALPKWRQSGLKKKAKLF
-1,LHELDYPEALGMKKGDYDQLPAWKQTKLKKERGLF
-1,LSKEEFKDKFGMTIETFYTLLKWKQDEKKRNLRIY
-1,LSPEEFQTVFKMSLLQFNELDKFKRIRLKKEHSLF
-1,LDNDRFTELFdGMSKEEFLKLPKWKRDGLKKK----
-1,LHDDKFQELFGMDKEAFGKLAGWKKSSQKKK----
-1,LESATFEELFKMDKEAYQAQPKWKRDRARKENGFF
-1,LPDAVFVELFGMSKDDFAKQPKWKR----------
-1,LSEEEFAEHFkkpgnqgSYTKEEFNGLPAWKRIGLKRKAKLF
-1,LCFDEFHTTFGMDYAVFAKLPKWKQQHMKR-----
-1,LSEAEFNQVMGVDRQSFASWAKWKQVNKKKDTKLF
-1,LEEREFLKAFGVPPAEFTKLPTWKQQQLKKNA---
-1,LSPEDFEKVFGMGKAQFASLPIWTRQLRK------
-1,LSEAEFEKVFGKSKAQFYAMPGWKQKE--------
-1,LADDAFQALFGMNKVDFAKMPKWKRDGRK------
-1,LDDDTFEKLFGMTKMKFYRLAKWRQKQKK------
-1,LSDADFQKTFGMSKADWDKLPKW------------
-1,LEESEFKRVFNMTLEEFQCLPKWRQIRLKSEA---
-1,LSNAEFSEVFKITKHEFSKLKLWKQENLKK-----
-1,LDEDEFEEVFGMSKDAWGRVKKWKKDQLK------
-1,LADKEFLDLFGCTKDALDSMPAWKKDGKKKELKIY
-1,LEDGEFLETFGVGKEEFYSKASWKQRGMRKEHKL-
-1,LEDMVFLELFGKPKSAWRDVPAWKKANLKKQHGLF
-1,LSNEDFQSLFGMNKMVFGTLRKWEQTDLKK-----
-1,LAPDIFEVVFGMANYDFAKLPTWQQSNLKKQH---
-1,LSEPAFEELFGMSKSDFAKLPKWKRD---------
-1,LSDDEFNSVFGVPPGEFLKMPKWKQ----------
-1,LDDAEFEQIFKMDKATFQAQAKWKKQKQKKENKL-
-1,LSKDAFADTFGMSQNEFYALRPWQRVRLKSVHGL-
-1,LTPEDFLRVFGMSLTDYEQIPQWRKDVLKKKYSL-
-1,LTDEEFDKVFSMKRDAYDKLAGWKKKNVKKQYKL-
-1,LSASEFMAIFNMNKKEFLNLQAWKQRKLKQVHNLF
-1,LSDEDTEKLFGMSKEELAAMPKWKRN---------
-1,---AEFTSVLGVSKTGFYASPKWKRTQLRKNTGLF
-1,LIEADFERELGVGREAFAALPRWRRDLLKKAAGLY
-1,LTEDDFEDVFKMHRKDYEALKPWKKKRLKQDLNLF
-1,LHEQDYLEALGLNKTEYDQLPAWKQTKLKKERGLF
-1,-------EVFGMAREAFEKLPVWKKTEQKKRVMLF
-1,LNDSFFsQEKFKMTKSEFQFCPRWKQIDMRKKTGLF
-1,--------VFKMDREAFDALPAWKRKRAKQQVGLF
-1,LSPEDFVKAFGMAKESFQTLKEWERRDLKK-----
-1,LSDAEFQQYMKCTKAEYEKMKPWKREIVKRRAKLF
-1,LPDDQFQDIFGTNLKEFTKLAAWKQQQLKRARAFF
-1,LTDSVFWQSFKMTKTEFQALRRWKQRQLKKDV---
-1,LSEADFEKKFGMDLQAFESSPNWKQVVLKKK----
-1,LTEEEFRAIFGQTLDKFREMQKWKQDEKKKAMALF
-1,LSPDAFRAAFGVGATAFGAWPKWRQALAKRKVGLY
-1,LTDDDFEHIFGMPKKEFYSMKLWKQ----------
-1,LSDAEFQEKLGMARDAFAALPAWKKT---------
-1,LTEEEFLQVVGMEVQAFEKLPKWKQKNLK------
-1,LSPDAFRAAFGVGATAFGAWPKWRQALAKRKVGLY
-1,LSDRDFRKLFKMNKNTFYGLQGWEQEIHKKRAGL-
-1,LSDEEFKSVFGTDKAAFGMM-GWKKKDAKKKHNIF
-1,LSPDAFRAAFGVGATAFSAWPKWRQALAKRKVGLY
-1,LSAEDFKAVFAMEPAEFGKMPRWKQINL-------
-1,LSSDEFQTVFGVSAESFAAMPRWKQVN--------
-1,LTIEDFKAVFEMDPDGFCKLPKWKQQNL-------
-1,LNDEEFETALKVSRADFAKLPEWKKKQAKQNAKIF
-1,LPDGRFRELFSTDKDNFQALPKWRRERLRKTIGFF
-1,LSDEEFKSVMGVTPAEFVGMPKWKQQ---------
-1,-SDEAFLEAFGMDKAAWAKWPSWKRLTAKKK----
-1,LNDAEFEIVLNMLREEFSKLPKWKRDAAK------
-1,LSDEKFKKVFKTSKAEFMKLSKWKQDAAKK-----
-1,LSPDAFRAAFGVGATAFGAWPKWRQALAKRKVGLY
-1,LADDEFQSLFGRPKSEFQGLAQWKRDQAKKK----
-1,LSDEQFKKLIGCDKDTFAAWPKWKQHKKK------
-1,LSEEEFRMVFGMEREAFRQLPKWK-----------
-1,LSDEAFMQLFGKSKAAFAELKPWRRDAEKRKHG--
-1,LSEEEFKEHFKLDKETFSKSPLWKRKKQKQDLKLF
-1,LSDDDFLKFLGAPRSVFNKLKKWKQKSLKQVAGL-
-1,LSAADCERLFGMTAEALAQMPKWKRNNLKKKV---
-1,LTDEEFATVFKMSRDEYKAMTKPKRDRAKKAVNLY
-1,LSPDAFRAAFGVGATAFGAWPKWRQALAKRKVGLY
-1,LNNQDFKRLFGQNRSEFYKLPKWRQNQKKFILKLY
-1,LDNDDFEGVgaygkkgLEMSRDEYELLPGWKQVNVKKAKGLF
-1,LSDEDFLALFGMTLAAFNDLKKWKQ----------
-1,LSASEFESIFCLSEAQFALLPAWKKKQLKQQKQLF
-1,LSDEEFQQVLGLTRAEYDALPVWKR----------
-1,LSPDEFHDVFGITVSAFKAMKKWKQIMMKK-----
-1,LSSEEFEVVFAMSPDIFAALPKWKQ----------
-1,LSEAAFAETFGMSKEAFAKLPGWKR----------
-1,LSDEDFEKEFGCSKEEFEKKPPFKQEMDKRK----
-1,LTDEEFAKHFdGLTKDKFYQQPKWKRNKQKRKV---
-1,LSDADFEKLFGLSKAAFSAQPIWKKNHQK------
-1,LEDSVFRELFGMSKQEFEKLPKWKK----------
-1,LSDEEFEKVFAINYDDFCALSKHKRITLKKKVELF
-1,LAPDIFEVVFGMAKDDFAKLPLWKQSAL-------
-1,-PDEEFVKILGMPKAEFVKLKGWRQKDRRRKAKLW
-1,LNDDDFMAQFKVDKAAFSKQAKWKRDAAKKKAGIF
-1,LAEDVFQEKFGMDKGSFDKLPGWKRKKAKEQV---
-1,LSDVDFSTAFGMPKTDFAKLPKWK-----------
-1,LSDVDFVNTFKVPKDIFLLLPKWKQDEMLREIGL-
-1,LNDEEFMKQFGLTKDEFYQQPKWKRD---------
-1,LAPDAFRAVFGVGATAFGAWPKWRQALAKRKVGLY
-1,LNEDEFQLHFGLTLEEFEALAKWKRNQKLKKLKMF
-1,LSETDFASHFGMEREAFKRLALWKRQAAKK-----
-1,LADEEFTRIFkkpdgsGMSKDEFWKQPFWKQRDAKK-----
-1,LASEVFLALFKVSKEDFAKQPKWKKDKAKKEHG--
-1,LTEEEFETHFdGLTKEEFYQQPKWKRDKQKRKV---
-1,LAEDEFIQIFQCTFEEFKQLSLWKQKIMKKRAHLF
-1,LSDKDFLDAFGITKNDFQKLPLWKQQ---------
-1,LSDADFAQAFGTSRDDFLKLPKWKR----------
-1,LSDTNFKGTFGMDKETYAAMPLWKRQN--------
-1,LSNTLFQEKFKMTKEEYKASPRWKQIDMKK-----
-1,LAAQTFISVFGMDREAFQKFPRWRRDALKK-----
-1,LDEAEFTQIFNMERSEFDILPRWKQHTLKKQA---
-1,LSREEFDDLFKMGEEDFYRLAEWKRNDIKRRLHLY
-1,LTEEEFETHFdGLTKEEFYQQPKWKRDKQKRKV---
-1,LSNTLFQEKFKMTKEEYKASPRWKQIDMKK-----
-1,IAPEEFQGLFGMDCEEFHALKGWKKKQLKQKA---
-1,LSDEDFEEIFKMTRDEFGKLAGW------------
-1,LNEDEFQLHFGLTLEEFEALAKWKRNQKLKKLKMF
-1,LSEAQFVEVLGMGRDKFYGLNKVEQMRIKQDVGLF
-1,LSEQEFQSLFGIAKNQSANLATWKKVQLKKMHGIF
-1,--DEDFEGLFSMSRSNFESLPQWRKTDIKKK----
-1,LTEEEFETHFdGLTKEEFYQQPKWKRDKQKRKV---
-1,LTDESFYQHFGITKEHFYEQPRWKRDKQKRKV---
-1,------QEKFGMAKDAFNALPGWKKTKAKKDAKLF
-1,LSDEEFNSLFKMTREELEELPRQNQERLRQNFGL-
-1,LSDEDFQSLFAMSKHEWPAVPKWKKETL-------
-1,LPDKAFTELFGMGKEEFAKLPKWKK----------
-1,LSPADFQRVFGMDKLEFAKLPIW------------
-1,LANEEFESLFNMNRENFYRMAEWKRNDIKRK----
-1,LSPEVFQLVFGMVKDDFGKLPKWR-----------
-1,LSDKEFKEVFRMDRKKFNGLKGWKKVQLK------
-1,LPDSTFIELFQMEKEAFRSLPKWKRDAQKK-----
-1,LSPDEFAKQFdGLSKAEFYDQPKWKQDKQKRKV---
-1,LSAHDFREVFAMDREEFAKLPKWR-----------
-1,LTDEEFVATFGMNYEKFSVMKKWKRDREKK-----
-1,LQAKDFIDLVGMGKTSFGNLPSWKQIPLKKKCGL-
-1,LSPDAFRAAFGVGATAFSTWPKWRQALAKRKVGLY
-1,LSDVDFEAILCMSRSAFAAQPLWKRRMQKKE----
-1,LSDTTFKETFGIDKESFAAMPLWKKQWQKK-----
-1,LSDAEFLSVFGLCKADFEIQPQWKKDTAKK-----
-1,LSAEEFKAVFGHDFATFNQYPKWKQANMKK-----
-1,LNDDEFMKQFgGVTKDEFYQLPKWKRDIQKRKV---
-1,LTDDDFQKVFSMTKDAFQSLPRW------------
-1,LSDADFERRLGCSRQEYMAMPPWKQREL-------
-1,LSNAEFEAVLGVSRKAWEKMPLWKRSTIRREADIF
-1,LSNAEFEAVLGVSRKAWEKMPLWKRSTIRREADIF
-1,LSEEEFAVHFkkpggkdSYTKEEFNGLPQWKKIGLKKKAKLF
-1,LTPADFEHVFGMSRAVFDALPKWR-----------
-1,ISDTEFRRTFGISRDEYqSEFSEWRQQEVKKELGLF
-1,LNDEEFHKHFnGLTKDEFYLQPKWKRNRQKRNV---
-1,LVDEEFEEVMGISKAKYGAMKGWKKNKLKQKAKLW
-1,LTDAEMKEVMGCTRQEYLDMKLWKQNELRKKVALF
-1,LSDSDFLVSFKLTKEQFIALPAWKQKNQRVSLNLY
-1,LGHTDFQAKFSMTKAEYAASPRWKQIEKKKEA---
-1,LSDQQFGEMLGMGRSEFYRLGVGEQMRVKQEVGLF
-1,LNEDEFPAVFGCTKEEFFKLPSWK-----------
-1,LSDEDFLTVFGQTPDAFSKNPKWKQ----------
-1,LNDDEFMKQFgGVTKEEFYQQPKWKRDKQKRKV---
-1,LNDDEFMKQFgGVTKDEFYQQPKWKRDKQKRKV---
-1,LKDADFVKALGSPRGEFEKLKPWKQQQLKK-----
-1,LSPKEFETVFKMKKEKFDTLKGWKKVQLKK-----
-1,LSDKLFHEKFKLSKEEYRACPRWKQIEMKKRRG--
-1,LSPREFEEHLDMDYGTFAALPQWRQDKLKR-----
-1,LSPADFEAVFKMSKEKFAKLKGWKRVQ--------
-1,LSDEEFQKYIKKTRSEFAKLKEWKQNSIKK-----
-1,LTDEVFLEKFGITKDAFNGQAAWKKKSQKEKFKLF
-1,LSEEEFRWVFKLTRGQFAALPENMQRNAKKQAGL-
-1,LSDDEFKTVFGMDMNEFLQNTFPKRVRMKKEHGLY
-1,LTESEFKKVLRMPRSQFYQLPSWKQLQILKSAHL-
-1,LNDDEFMKQFgGVTKDEFYQQPKWKRDKQKRKV---
-1,LPDSEFHAVFRMRKSVFHHLPRWKQHQILKFKKMF
-1,LSDEEFVKVFKRSRSDYNKMKKFEKEQLKKQHKLF
-1,LTDQEFEKIFSMTKDRFYMLNKTTQTELKVNYKLF
-1,LSPGAFRAAFGVGATAFDAWPKWRQALAKRQVGLY
-1,LSDDDLRELFGMCKKDFWKQPAWKQDAAR------
-1,LPDGVFAELFGMDKPAFAKLPKWK-----------
-1,LNDADFQSAFGMPRADFLKLPKW------------
-1,LAEDEFQKMFGMSKAAFAAVPKWK-----------
-1,LSDEDFYNVFETDKVSFYAMPSWKQ----------
-1,LPPKVFKDLFGMDKDAFAALPKWKKD---------
-1,LRKEDFMSLFGMDKKAFYALKPLMRTNLKMAAGLF
-1,LADDEFSKLFGANKDAVVGWAKWKRDAAKKKNNLF
-1,LNDEDFLSVFGMNKEEFNDLVAWKR----------
-1,LHPDEFVHLFKMKVEVFRAFPLWRQKALKAQVNLF
-1,LSDSEFLAVFGLDPISFAKLPRWKQ----------
-1,LTNEAFEEVFGMKRKDFYSLKPWQRMQLKSIKG--
-1,--EGDYEMEFGIGREEFLKLPPWKQVILKKKAGVY
-1,LADEEFEKVMGSPRGEFNEMKAWKQAQIKK-----
-1,LNDEEFEQCFNMTRAKYLTQPPWWQDQWRKHV---
-1,LTEKEFETHFdGLTKEEFYQQPKWKQERQKRKV---
-1,LTDDDFEHVFGMTKEVFYSLRPLGQRNLRMAAG--
-1,LDAADFERAFSIGVARFAELPRWKQQLLKKAARLF
-1,--PDVFHHLFNMPIQLFDRLPLWKRNELKKKARLF
-1,-PDELFETLFGTTRELWEKQVKWKKDQKKKSLGLF
-1,LSDAEFEKYFCMNKEAFSMLPNWKR----------
-1,LAPETFFEIFGMEIKEFDRLPLWKRNDMK------
-1,LHDEEFQKCFnGLTKEQFYLQPKWKQDKQK------
-1,LSDEEFISIFKITLAQFKTLSLWKRESWKKELRLY
-1,LSDAQFAEVLGMPRPQFGALSAADQMHIKRNVGLF
-1,--------VFSCTKDDFAAMPAWKRDLIKKKKNLF
-1,LSEQDFKNIFGLKREEFSKFPSFKKKAQRKEHGL-
-1,LSEQQFVEVIGMTRPEFYGVSVGEQMRIKQDVGLF
-1,LEDSVFERMFGMKKAKFAKLPKWKQ----------
-1,LPDSVFQELFSMTKADFEKIPKWRKHN--------
-1,LSETDFAVVFGMDLFTFQNLPKWKALMMKK-----
-1,LSETDFASHFGMERKAFKGLALWKRQAAKK-----
-1,LDDSTFADTFGVTKEEFVKLPKWKRD---------
-1,LSDDEFQDVFGMDRVAFRACRQWRR----------
-1,LPEDTFRKLFGMSKAEFAGMPKWKK----------
-1,LDDEDFAAVFGMTKESFDSLAPWR-----------
-1,LSPDAFRAAFGVGATAFSTWPKWRQALAKRKVGL-
-1,LSPRVFKELFSMGREEFADLARWKRDSLK------
-1,LSNEEFEQVFGMNKSAWAGVPKWKK----------
-1,LGDEEFVATFGVDKEKFAGLPAWKKKAQK------
-1,LSDTEFVDVFQMTRSDFDSLAKRKRIQLKKDV---
-1,LPDGKFQELFGMGKDAFAALPKW------------
-1,LTDEDFLQTFGMNREQFIKLPLWNRRD--------
-1,LSDSDFQTVFKMDRASFEGLAAWKR----------
-1,LPDHLFFQVFNQTKEQFYAQRPWKQKQMKRNTGFW
-1,LTESEFERVMKMTREQWDNLPDWKKKQRRERSGVF
-1,LAPDAFRAAFGVGATAFSAWPKWRQALAKRKVGLY
-1,LVDEEFLTVFGMSIADFKKLPKW------------
-1,LVEADFQGAFGVDRLAFSNLPRWRQQELKR-----
-1,LDPKDFPEALKMTHEAFFALPEWKRLEAKKTSPIF
-1,LNDEEFHKHFnGLTKDEFYLQPKWKRSRQKRNV---
-1,LSDVQFRQVLGMDRANFYAMTKMDQMRIKQDTGLF
-1,LEEDDFKKIFqGLTLEEFQKLPLWKKQTWKKELRLY
-1,LSDVQFRQVLGMDRANFYAMTKMDQMRIKQDTGLF
-1,LSDVQFRQVLGMDRANFYAMTKMDQMRIKQDTGLF
-1,LSDAEFQDILKMDRTAFEGQPGWKKKKAK------
-1,LSASEFQTVFGMSADEFSKIPKW------------
-1,LRGAEFEAVFGMDKAAFRAMPGWKK----------
-1,LTDDDFYRVFGMDRDAFYALQAW------------
-1,LSDDEFQKLFGVTKDVFATWQKWKQ----------
-1,-SPSGFEAVFGMDLEVFQKLPKWKQQ---------
-1,LEDVKFVEIFGMGKEEFYKLAAWKQ----------
-1,LSDAEFEKYLGTDKESFAKLPKWEQ----------
-1,LSDEDHLKHLKMDREAFKKLAKWKRDGAKKK----
-1,LSDHEFSSAFGINKAEFGALKRWKQD---------
-1,LSEEDFQRVFSVSRERFQTYPPWRQQ---------
-1,LSEDDFVTHLGLSRADFMAAPRWKQLEIRKEKACF
-1,LTDAEFDSVFKCLRDEFYRLPYWKRCD--------
-1,LSREEFIRVFGMKVSEFRALPEFRRRALKIKAKL-
-1,LSDEDFVELFDADFKMFKEWKSWRQQSEKQKSGLW
-1,LAEDEFEKALGSPRNKFNQLKPWKQNELRKAAALW
-1,LSEPQFQAVLGMERGQFYAMTAVEQMRAKQEVGLF
-1,LSDENFYEQFGQTKTDFFGQPKWKRDKQKR-----
-1,LNDNEFQEKFGMSKDAWSSAKDWKKNDKLKQLKIF
-1,LSDEDFQAVFNMGRREFEELKLWK-----------
-1,LPDHLFWDVFKMTKAQFYALRPWKQKQ--------
-1,LADDKFMELFSTTKEEWAKLPKWKRIRRKR-----
-1,LSEDEFQVVFKMSSTDFANLPKWK-----------
-1,----DFQNKFSMSKAEYSASPRWKQIEMKKEA---
-1,LADDVFQSVFGTSKADFAKLAKWKRD---------
-1,LEDSEFEKLFGCSKATFMKLPKWK-----------
-1,LSEADFRAVFCMCSTEFDQLPKWRRTSL-------
-1,LAPNTFEVVFGMAKSDFAKLPVWKQ----------
-1,LSPADFREIFGLEKAAYVKLPKWKQ----------
-1,LADDEFQKLFGYSKADFATQPKWKR----------
-1,LSNAAFKAVFAVEKAEFNRMKAWKKEALKKQYKLF
-1,LSEAEFKTVFSITKAEFNAMPKWK-----------
-1,LSEAEFQSVLGMSKAEFKRQPKW------------
-1,LSDQQFADFVKLTRNEFYALPTWKQLRHKK-----
-1,-SPTVFERVLGMTYAQYTKLSPWRKMVLKKEFQLF
-1,LSDAEFESVFGMDKAAFAALP--------------
-1,LADDEFLKLFGCTKEAVESMVQWKKDGKKKLLKIF
-1,LAPADFDAVFDMDLEKFSALPQWRKTKLKQQA---
-1,LADGVFQELFKMPKADFAKLPKWK-----------
-1,LSTSTFQEKFSMSKADYSASPRWKQIEMKK-----
-1,LCDEEFLTVFdGLTKLKFYALPAWKQKN--------
-1,LADDVFLKMFKMDKATFQKLPAWKKKAIEAKSWL-
-1,LSEETFYVHFGLAKDDFYQQPKWKREKQKRK----
-1,---------FHMSRAAFSELPEWKRCNLKRNLNLF
-1,LSDQQFSEVLGMGRAEFYGLGMGEQMRVKQEVG--
-1,LAESDFQRVFAMPSKEFCDLPKWKRQSL-------
-1,LSDAEFATVLGSPRSEFNKMKAWKQNQ--------
-1,LSSDAFQEKFSMTKSEYKSSPRWKQIEMHSHCGIY
-1,LSSGEFFATFRMEKTKFQKLPGWKKKNLK------
-1,LSPEVFFDIFGMEIHEFDRLPLWKRND--------
-1,LSESEFQRIFRMQKQEFSELPKWKK----------
-1,LPEEEFAIMFGCTKAEFNEKPLFKRQNLKGKLDL-
-1,LSPRAFKELFSMEKEEFAKLPRWKR----------
-1,LTEEEFRKGFnGLTKDDFYNQPKWKRDKQKRKV---
-1,LSDDEFLKVFGMEKMAfFTKLSKMERLRKKKVVGLF
-1,LADSKFQELFGMSKADFAKLAKWKK----------
-1,LSAVEFQLIFGMPLNLFQKIEWWRQRQMKRRVGL-
-1,LSAEEFERLFKMPKTAFQRLPEWKKIN--------
-1,--EDEFIRIFQMSPDTFKKLPLWIKQSKKKELQLY
-1,LSEADFQAVFSMSIAEYTGLSRWKQMEL-------
-1,LREDEFKDPLRMSKNSFEKLQPWTQMSPKKKRGLF
-1,LSDEDFQNIFKMSKADFGGLAKW------------
-1,LTNKEFAKHFdGLTKDEFSQQPKWKRDQQKRKV---
-1,LSDEDFFELFEMNKLEWQGLPQWKK----------
-1,LSTSTFQEKFSMSKAEYSDSPRRKQIEMKTSAGLF
-1,LSAEQFQEIFSMTREDFSALKNWKKT---------
-1,LSDADFVKHCGYSKADWAKLPAWKQKQ--------
-1,LADDQFLKLFGCTKAASERMPRWKKDGRKK-----
-1,LNDEEFRSKFGSMKNEFYQQPKWKQ----------
-1,LTDALFWSVFKMTKADFKAKRAWKRKQLKR-----
-1,LHEDGFKDLFGMSAKSFEKLQPWT-LFLKKKHGLF
-1,LPEELFFNMYGMTKNSFANLAPWKRILVRKNKGFF
-1,LSDADFEIAFKVSREEFEKMPDW------------
-1,LSDQEFMKYFKMTKSEFDGAAKWKQ----------
-1,LDEDEFEEVFKMSRSAFNNLKGWERASEK------
-1,LSPDEFAKHFgGLSKAEFYDQPKWVRDKQKRK----
-1,LEPNEFQTVFGMPPHMFQKLEYWRKRQMKRRLKL-
-1,LSDEEFLRVFGMSRAEFAAL---------------
-1,LEDHEFVQIFKMSREKFYALPNSKKKELK------
-1,LSDSDFEAVFGQDKGTFNAQAKWKRD---------
-1,LTDDDFQSVFGMDRDAFYAL---------------
-1,LSDKDLESAFTVPPDIFALLPRWKQDEILRENGL-
-1,LDSKTFTDTLGHDKEAWEKLAKWKKDNLKKKFNLF
-1,LHELDYQEALGLSKQEYDQLPAWKQTKLKKE----
-1,LDEYAFFETFGVSPADFSRQPGWKQQQAKKKA---
-1,LPNSVFMELFGTTKEEFAKQPKWKR----------
-1,LTDRVFKDLFGATKDEFAKFPEWQRDVKK------
-1,LTDAEFVATFGMDFKAFGAMVKWKRSREK------
-1,LTDVDFESLFGMSKDAFYSVRPLGQRNLRMAAG--
-1,LSDADFKKALGMDKAEFSTLKAWK-----------
-1,------EEVMGMSREEFTPLKKWKKTKIKQKAKLW
-1,LHEDEFKDFFGMCTNSFEKLQPWT-LFLKKTHGLF
-1,------EEVMGMSREEFTPLKKWKKTKIKQKAKLW
-1,LEDHEFVQIFKMTREKFYQLPNSKKKELK------
-1,LSPADFVQIFDCDLAKWKTIPKWKRINMK------
-1,LPDDRFQELFSTDKDSFQALPKWRR----------
-1,LSDDAFQEAFGMSKSEFANLP--------------
-1,LNDSDFESVFGMNREAFYAQP--------------
-1,LSDDEFQKLFNCNKAAFAEQPKW------------
-1,LQEKEFMDLFQMSKASFEQLPSWKQIPL-------
-1,LDDATFQKMFGMDKQAFANLAKWK-----------
-1,LEDHVFFATFGVSPADFSRQPGWKQQQAK------
-1,LTKDAFVKVLGMERKEFYALKPWQRKQLK------
-1,LAPDVFKEVFGMTKEEFVQLRRW------------
-1,LPTSVFQEMFGMSKEDFAKLPKRKKDN--------
-1,LSDEEFKATFGVDKGAWAKMPKRKKDGEK------
-1,LTDDAFVKVFGMDKKTFASYPKW------------
-1,LSDTEFQKLLGISKVAWERVPKWRRRQ--------
-1,LSIEDFEKNFAMPKDAYDALPKWK-----------
-1,LSPDAFRAAFGVGTTAFGAWPKWRQALAKRKA---
-1,LSDEDFLTVFEISRSEYLKLDKYKVLQLKKDKNMF
-1,LSKAAFQEKFQMSKEEYNASPRWKQIE--------
-1,LPDSVFAELFSMTKADFEKIPKW------------
-1,LSDEQFFNVIQMKKSDFYNQPAWKKTQM-------
-1,LSDAQFEEVFKMNKQAFHELKDWKK----------
-1,LNDADFLKVFGINKEEFNGMAGWK-----------
-1,LSDKDFKSIIRMDRVEFSQLTDWNQSELK------
-1,LSDCDFIQVYKVARSQFYRLPSWKQSQI-------
-1,LADEDFSREFGMTLDEFEKMQKW------------
-1,LSADDFKKALGVDKELFQTLRPWQQKELKRMASL-
-1,LADDVFQELFGMDKKTFGSLQGWKK----------
-1,LSDAEFQTVFGISVDEFIKLPK-------------
-1,LCDEEFESIFGMRKLEFQGLCAHRKIALKKQH---
-1,ITDSQFLRNFRMTRGEYAELPFWRQCLIKR-----
-1,LSAEEFQLIFGMPFNMFEKLEWLRQRQMKRRVG--
-1,LNEEEFEQCFQMARATFLLQPPWWQDKWRKHV---
-1,LDDREFYQIFKITREKYYALPQGKKDELKQDA---
-1,LNDDDFMTHLGLSREDFNAAPRWKQ----------
-1,LKEDEFIRIFQVKIENFNLLPLWQRNERKRLNGLF
-1,LPENTFNQLFCMDKQAFGALPKWKR----------
-1,LSDDDFQTIFGMDRAAFGSLAK-------------
-1,LSESTFQEKFKMTVSEYTAFPRWKQIE--------
-1,LTDVDFESLFGMTKEVFYSLRPLGRKNLR------
-1,LSDAAFKSLFDMGRDSFAVLPKFKQ----------
-1,LGDDEFVATLGMDKEAYTKLPGW------------
-1,LSDADFSAAFGITLPEFKKLAAWK-----------
-1,LSGEEFAIYFkkpgggsSYTKEEFNGLPQWKKLGLKKKV---
-1,LAPDIFEAIFGMAKDDFATLPIW------------
-1,LSPKDFQMVFGMDKAAFGNLP--------------
-1,LTDVDFELLFGMNKEAFYSLRPLGQRNLR------
-1,LSLQDFVDTFQMQKEEFYQLPAW------------
-1,LSKEEFESIFHLSRSEFYRQAEWKR----------
-1,LADDEFLRLFGCTKEASGDpkiMKKWEKDAKKKELKLY
-1,LSEEEFQEVFAMSLAEFQKMP--------------
-1,LSDKEFELKFEMDKAAYAKLAPWK-----------
-1,LSDEDFEATLGMTREAWEKVP--------------
-1,----------GATRWKHLQLPSWKQIPLKKKHGLF
-1,LSDDDFQNAFGMDKEAFNGM---------------
-1,LSDADFEMAFNMARDDFYRLP--------------
-1,LPENTFRQLFSMDKRAFGTLPKWKR----------
-1,LSDAEFQEVFAMDKAAFNKL---------------
-1,LSAEEFKQVFDIDFAAYEKLPKWKK----------
-1,LTQLDFSKNFgGLTKDEFYQQPKWMQNKQK------
-1,LSNADFESVFGMDKEAFSKL---------------
-1,ISDTEFRRTLGLSRGEYDTFSEWKQQNQKGARAL-
-1,LRSYDFKKVFGMKREEFYKLP--------------
-1,LSPEDFQAVFGMDKVDFANL---------------
-1,-SDEEFKKVLGVDKIAWMALKLWKREGKK------
-1,------------SEEEFKDLPKWKQSGLKRKAKLF
-1,LNDAEFEQHIGMTKEKYGNMAGWKK----------
-1,LSDDDFLSALGIDKESFCKLAKW------------
-1,LSDEEFLRTFGMSKQSFEQLKP-------------
-1,LDDADFSTVFSMTKAKFSSLPK-------------