{
  "mode": "affinity",
  "target": "affinity_fkg",
  "metrics": {
    "affinity_pred_value": {
      "metric": "affinity_pred_value",
      "cross": {
        "n": 9,
        "mean": 0.04098233333333332,
        "std": 0.02360048529632859,
        "min": 0.018274999999999986,
        "max": 0.08304899999999998
      },
      "ref_floor": {
        "n": 3,
        "mean": 0.010416666666666666,
        "std": 0.00736569563735987,
        "min": 0.0,
        "max": 0.015625
      },
      "dev_floor": {
        "n": 3,
        "mean": 0.032765999999999997,
        "std": 0.02084652359507454,
        "min": 0.0033480000000000176,
        "max": 0.049149
      },
      "floor_mean": 0.032765999999999997,
      "cross_over_floor": 1.2507578994486153,
      "within_noise_floor": true
    },
    "affinity_probability_binary": {
      "metric": "affinity_probability_binary",
      "cross": {
        "n": 9,
        "mean": 0.003758166666666655,
        "std": 0.0022979877187564936,
        "min": 0.0005254999999999566,
        "max": 0.0056635000000000435
      },
      "ref_floor": {
        "n": 3,
        "mean": 0.0,
        "std": 0.0,
        "min": 0.0,
        "max": 0.0
      },
      "dev_floor": {
        "n": 3,
        "mean": 0.0034253333333333913,
        "std": 0.0020271492846414096,
        "min": 0.0005780000000000785,
        "max": 0.005138000000000087
      },
      "floor_mean": 0.0034253333333333913,
      "cross_over_floor": 1.0971681588166382,
      "within_noise_floor": true
    },
    "ligand_rmsd": {
      "metric": "ligand_rmsd",
      "cross": {
        "n": 9,
        "mean": 0.362313207356041,
        "std": 0.11353427731327621,
        "min": 0.24513664949867345,
        "max": 0.5260838177879292
      },
      "ref_floor": {
        "n": 3,
        "mean": 0.2375220124662106,
        "std": 0.012812045090902738,
        "min": 0.22295200142289168,
        "max": 0.254134870514854
      },
      "dev_floor": {
        "n": 3,
        "mean": 0.4043296568046875,
        "std": 0.18073890503350945,
        "min": 0.14873832146954102,
        "max": 0.5342769901678119
      },
      "floor_mean": 0.4043296568046875,
      "cross_over_floor": 0.8960836813685852,
      "within_noise_floor": true
    },
    "1-pocket_lddt": {
      "metric": "1-pocket_lddt",
      "cross": {
        "n": 9,
        "mean": 0.13440697636979085,
        "std": 0.014163014888788647,
        "min": 0.11126498349475222,
        "max": 0.16103048362584504
      },
      "ref_floor": {
        "n": 3,
        "mean": 0.00983335426719023,
        "std": 0.0033660806547545223,
        "min": 0.006330125237509421,
        "max": 0.014376256699044965
      },
      "dev_floor": {
        "n": 3,
        "mean": 0.02899985969664265,
        "std": 0.014305387133671183,
        "min": 0.009119927196462263,
        "max": 0.04218903575951982
      },
      "floor_mean": 0.02899985969664265,
      "cross_over_floor": 4.6347457462130865,
      "within_noise_floor": false
    }
  }
}