{
  "mode": "structures",
  "targets": {
    "ubiquitin_no_msa": {
      "kabsch_rmsd": {
        "metric": "kabsch_rmsd",
        "cross": {
          "n": 25,
          "mean": 1.641590243921656,
          "std": 0.36068422716033693,
          "min": 0.9272655633159638,
          "max": 2.5019793109387845
        },
        "ref_floor": {
          "n": 10,
          "mean": 1.8378476507807087,
          "std": 0.3485856524024113,
          "min": 1.2697621260302465,
          "max": 2.4487098215487135
        },
        "dev_floor": {
          "n": 10,
          "mean": 1.395373523626698,
          "std": 0.24752490618863654,
          "min": 1.0069388878746093,
          "max": 1.8647617286295302
        },
        "floor_mean": 1.8378476507807087,
        "cross_over_floor": 0.8932134517375891,
        "within_noise_floor": true,
        "same_seed_diagonal": {
          "n": 5,
          "mean": 1.6583638794411342,
          "all_pairs_mean": 1.641590243921656,
          "seed_independent": true
        }
      },
      "coord_pcc": {
        "metric": "1-coord_pcc",
        "cross": {
          "n": 25,
          "mean": 0.010262969524234422,
          "std": 0.004790073589071833,
          "min": 0.002838487236398901,
          "max": 0.024195975956148086
        },
        "ref_floor": {
          "n": 10,
          "mean": 0.01412556532228224,
          "std": 0.005423337323885823,
          "min": 0.006455495433539515,
          "max": 0.024512182045026587
        },
        "dev_floor": {
          "n": 10,
          "mean": 0.007488281212397663,
          "std": 0.002635401397367487,
          "min": 0.0037578436936382964,
          "max": 0.012958783361565862
        },
        "floor_mean": 0.01412556532228224,
        "cross_over_floor": 0.7265528345294044,
        "within_noise_floor": true,
        "same_seed_diagonal": {
          "n": 5,
          "mean": 0.010884390767095641,
          "all_pairs_mean": 0.010262969524234422,
          "seed_independent": true
        }
      },
      "tm_score": {
        "metric": "1-tm_score",
        "cross": {
          "n": 25,
          "mean": 0.02341831282572349,
          "std": 0.005641642351036202,
          "min": 0.010847389723824485,
          "max": 0.03634233345163318
        },
        "ref_floor": {
          "n": 10,
          "mean": 0.025109067926394512,
          "std": 0.006321114348240754,
          "min": 0.01495221725106044,
          "max": 0.035975816974096575
        },
        "dev_floor": {
          "n": 10,
          "mean": 0.01738265596129529,
          "std": 0.004184328526077906,
          "min": 0.010522981197110814,
          "max": 0.025239116613194557
        },
        "floor_mean": 0.025109067926394512,
        "cross_over_floor": 0.9326635657831922,
        "within_noise_floor": true,
        "same_seed_diagonal": {
          "n": 5,
          "mean": 0.02434289992804837,
          "all_pairs_mean": 0.02341831282572349,
          "seed_independent": true
        }
      },
      "lddt": {
        "metric": "1-lddt",
        "cross": {
          "n": 25,
          "mean": 0.1512721467286662,
          "std": 0.021853069717188207,
          "min": 0.12140752911756914,
          "max": 0.19563358129916208
        },
        "ref_floor": {
          "n": 10,
          "mean": 0.08991518402334875,
          "std": 0.015882114386027168,
          "min": 0.0714587604001865,
          "max": 0.12777950358426948
        },
        "dev_floor": {
          "n": 10,
          "mean": 0.07075738786656774,
          "std": 0.00657709027931018,
          "min": 0.06116400695566804,
          "max": 0.08091985491172538
        },
        "floor_mean": 0.08991518402334875,
        "cross_over_floor": 1.6823871114959246,
        "within_noise_floor": false,
        "same_seed_diagonal": {
          "n": 5,
          "mean": 0.15523142104715457,
          "all_pairs_mean": 0.1512721467286662,
          "seed_independent": true
        }
      }
    }
  }
}