{
  "mode": "structures",
  "targets": {
    "ubiquitin_no_msa": {
      "kabsch_rmsd": {
        "metric": "kabsch_rmsd",
        "cross": {
          "n": 25,
          "mean": 1.729842491930103,
          "std": 0.3930034290857115,
          "min": 1.1230166230423793,
          "max": 2.577632909680566
        },
        "ref_floor": {
          "n": 10,
          "mean": 1.8378476507807087,
          "std": 0.3485856524024113,
          "min": 1.2697621260302465,
          "max": 2.4487098215487135
        },
        "dev_floor": {
          "n": 10,
          "mean": 1.430325591614467,
          "std": 0.20262712120137283,
          "min": 1.0632995293731344,
          "max": 1.7731247080635075
        },
        "floor_mean": 1.8378476507807087,
        "cross_over_floor": 0.9412328008773058,
        "within_noise_floor": true
      },
      "coord_pcc": {
        "metric": "1-coord_pcc",
        "cross": {
          "n": 25,
          "mean": 0.011570737394857073,
          "std": 0.005792045647586043,
          "min": 0.004053657923952625,
          "max": 0.025118267972723318
        },
        "ref_floor": {
          "n": 10,
          "mean": 0.01412556532228224,
          "std": 0.005423337323885823,
          "min": 0.006455495433539515,
          "max": 0.024512182045026587
        },
        "dev_floor": {
          "n": 10,
          "mean": 0.007803099073883169,
          "std": 0.0021649380491732544,
          "min": 0.004201887991405973,
          "max": 0.011873456577447872
        },
        "floor_mean": 0.01412556532228224,
        "cross_over_floor": 0.8191344651250823,
        "within_noise_floor": true
      },
      "tm_score": {
        "metric": "1-tm_score",
        "cross": {
          "n": 25,
          "mean": 0.025085914108530748,
          "std": 0.006528524631612076,
          "min": 0.014843732515138708,
          "max": 0.03954656056166661
        },
        "ref_floor": {
          "n": 10,
          "mean": 0.025109067926394512,
          "std": 0.006321114348240754,
          "min": 0.01495221725106044,
          "max": 0.035975816974096575
        },
        "dev_floor": {
          "n": 10,
          "mean": 0.017819176750137045,
          "std": 0.002631677523112239,
          "min": 0.013295618680715049,
          "max": 0.021390369526290587
        },
        "floor_mean": 0.025109067926394512,
        "cross_over_floor": 0.9990778702765217,
        "within_noise_floor": true
      },
      "lddt": {
        "metric": "1-lddt",
        "cross": {
          "n": 25,
          "mean": 0.15806135420828665,
          "std": 0.021458558987955845,
          "min": 0.12827686465548538,
          "max": 0.21095450504358648
        },
        "ref_floor": {
          "n": 10,
          "mean": 0.08991518402334875,
          "std": 0.015882114386027168,
          "min": 0.0714587604001865,
          "max": 0.12777950358426948
        },
        "dev_floor": {
          "n": 10,
          "mean": 0.0817325800240279,
          "std": 0.00849205789865897,
          "min": 0.0703294271026006,
          "max": 0.10078616222783798
        },
        "floor_mean": 0.08991518402334875,
        "cross_over_floor": 1.757893907743569,
        "within_noise_floor": false
      }
    }
  }
}