{
  "target": "affinity_dhfr",
  "a_label": "CPU",
  "b_label": "GPU",
  "n_a": 5,
  "n_b": 5,
  "metrics": {
    "affinity_pred_value": {
      "R_A": {
        "n": 10,
        "mean": 0.03125,
        "std": 0.024206145913796356,
        "min": 0.0,
        "max": 0.0625
      },
      "R_B": {
        "n": 10,
        "mean": 0.2065068244934082,
        "std": 0.11654761010635353,
        "min": 0.03737020492553711,
        "max": 0.41952943801879883
      },
      "X_AB": {
        "n": 25,
        "mean": 0.13298715591430665,
        "std": 0.09212548608247427,
        "min": 0.008181095123291016,
        "max": 0.3224654197692871
      },
      "floor": 0.2065068244934082,
      "X_over_floor": 0.6439843150004549,
      "within_floor": true
    },
    "affinity_probability_binary": {
      "R_A": {
        "n": 10,
        "mean": 0.00234375,
        "std": 0.0019136638615493578,
        "min": 0.0,
        "max": 0.00390625
      },
      "R_B": {
        "n": 10,
        "mean": 0.004399788379669189,
        "std": 0.0033507016105065023,
        "min": 0.0006285905838012695,
        "max": 0.009747743606567383
      },
      "X_AB": {
        "n": 25,
        "mean": 0.0030544734001159667,
        "std": 0.00268304293999404,
        "min": 0.00011098384857177734,
        "max": 0.009008169174194336
      },
      "floor": 0.004399788379669189,
      "X_over_floor": 0.6942318894768357,
      "within_floor": true
    }
  }
}