{
  "mode": "structures",
  "targets": {
    "trpcage_no_msa": {
      "rmsd": {
        "metric": "kabsch_rmsd",
        "cross": {
          "n": 4,
          "mean": 0.6800211286760125,
          "std": 0.17501126511583864,
          "min": 0.4336031128310161,
          "max": 0.8946354467890153
        },
        "ref_floor": {
          "n": 1,
          "mean": 0.8136113696287691,
          "std": 0.0,
          "min": 0.8136113696287691,
          "max": 0.8136113696287691
        },
        "dev_floor": {
          "n": 1,
          "mean": 0.4726269892410978,
          "std": 0.0,
          "min": 0.4726269892410978,
          "max": 0.4726269892410978
        },
        "floor_mean": 0.8136113696287691,
        "cross_over_floor": 0.8358058331784245,
        "within_noise_floor": true
      },
      "pcc": {
        "metric": "1-coord_pcc",
        "cross": {
          "n": 4,
          "mean": 0.005028242293731472,
          "std": 0.0023862066507981676,
          "min": 0.0019135538190738766,
          "max": 0.008139536093784594
        },
        "ref_floor": {
          "n": 1,
          "mean": 0.007078078119314157,
          "std": 0.0,
          "min": 0.007078078119314157,
          "max": 0.007078078119314157
        },
        "dev_floor": {
          "n": 1,
          "mean": 0.0022947337909032806,
          "std": 0.0,
          "min": 0.0022947337909032806,
          "max": 0.0022947337909032806
        },
        "floor_mean": 0.007078078119314157,
        "cross_over_floor": 0.7103965524215904,
        "within_noise_floor": true
      }
    }
  }
}