{
  "target": "affinity_tryp",
  "a_label": "CPU",
  "b_label": "GPU",
  "n_a": 5,
  "n_b": 5,
  "metrics": {
    "affinity_pred_value": {
      "R_A": {
        "n": 10,
        "mean": 0.046875,
        "std": 0.029646353064078555,
        "min": 0.0,
        "max": 0.09375
      },
      "R_B": {
        "n": 10,
        "mean": 0.02068920135498047,
        "std": 0.010731223251839846,
        "min": 0.007048130035400391,
        "max": 0.04003262519836426
      },
      "X_AB": {
        "n": 25,
        "mean": 0.05770195960998535,
        "std": 0.0332772607961895,
        "min": 0.004424571990966797,
        "max": 0.1135401725769043
      },
      "floor": 0.046875,
      "X_over_floor": 1.230975138346354,
      "within_floor": true
    },
    "affinity_probability_binary": {
      "R_A": {
        "n": 10,
        "mean": 0.02109375,
        "std": 0.0120017902310447,
        "min": 0.00390625,
        "max": 0.04296875
      },
      "R_B": {
        "n": 10,
        "mean": 0.018293881416320802,
        "std": 0.019975571287828092,
        "min": 0.00021898746490478516,
        "max": 0.04391324520111084
      },
      "X_AB": {
        "n": 25,
        "mean": 0.018467798233032226,
        "std": 0.013722642900130136,
        "min": 0.004845738410949707,
        "max": 0.05266523361206055
      },
      "floor": 0.02109375,
      "X_over_floor": 0.8755104347511573,
      "within_floor": true
    }
  }
}