{
  "mode": "affinity",
  "target": "affinity_fkg",
  "metrics": {
    "affinity_pred_value": {
      "metric": "affinity_pred_value",
      "cross": {
        "n": 25,
        "mean": 0.26354372,
        "std": 0.15140389213742692,
        "min": 0.011268999999999973,
        "max": 0.438598
      },
      "ref_floor": {
        "n": 10,
        "mean": 0.046875,
        "std": 0.03952847075210474,
        "min": 0.0,
        "max": 0.109375
      },
      "dev_floor": {
        "n": 10,
        "mean": 0.1955214,
        "std": 0.12847326854034657,
        "min": 0.002352000000000007,
        "max": 0.34049199999999996
      },
      "floor_mean": 0.1955214,
      "cross_over_floor": 1.3479021733682348,
      "within_noise_floor": true
    },
    "affinity_probability_binary": {
      "metric": "affinity_probability_binary",
      "cross": {
        "n": 25,
        "mean": 0.017552820000000014,
        "std": 0.011705701397079982,
        "min": 0.0017365000000000297,
        "max": 0.03486800000000001
      },
      "ref_floor": {
        "n": 10,
        "mean": 0.00625,
        "std": 0.004687500000000001,
        "min": 0.0,
        "max": 0.015625
      },
      "dev_floor": {
        "n": 10,
        "mean": 0.016354800000000023,
        "std": 0.012328601622244145,
        "min": 4.499999999996174e-05,
        "max": 0.02879200000000004
      },
      "floor_mean": 0.016354800000000023,
      "cross_over_floor": 1.0732518893535836,
      "within_noise_floor": true
    },
    "ligand_rmsd": {
      "metric": "ligand_rmsd",
      "cross": {
        "n": 25,
        "mean": 0.31857440698467904,
        "std": 0.07890462091406256,
        "min": 0.19299531842576517,
        "max": 0.45715206792285373
      },
      "ref_floor": {
        "n": 10,
        "mean": 0.23274116316108168,
        "std": 0.03325547665683545,
        "min": 0.16866531178529975,
        "max": 0.2925504743769179
      },
      "dev_floor": {
        "n": 10,
        "mean": 0.3077921295477189,
        "std": 0.10830946786737718,
        "min": 0.10539964911077074,
        "max": 0.4980911540860397
      },
      "floor_mean": 0.3077921295477189,
      "cross_over_floor": 1.0350310368650557,
      "within_noise_floor": true
    },
    "1-pocket_lddt": {
      "metric": "1-pocket_lddt",
      "cross": {
        "n": 25,
        "mean": 0.11957971143965636,
        "std": 0.022921310788883962,
        "min": 0.07861984626034546,
        "max": 0.15630944562360616
      },
      "ref_floor": {
        "n": 10,
        "mean": 0.01864284923765751,
        "std": 0.008558702004772824,
        "min": 0.006330125237509421,
        "max": 0.03791248176073059
      },
      "dev_floor": {
        "n": 10,
        "mean": 0.02554350628270611,
        "std": 0.012250830809162469,
        "min": 0.00869538147243576,
        "max": 0.052147801428224616
      },
      "floor_mean": 0.02554350628270611,
      "cross_over_floor": 4.6814133547756605,
      "within_noise_floor": false
    }
  }
}