{
  "mode": "structures",
  "targets": {
    "prot_no_msa": {
      "rmsd": {
        "metric": "kabsch_rmsd",
        "cross": {
          "n": 4,
          "mean": 4.826248491220954,
          "std": 1.7590831249884533,
          "min": 2.6830979730205207,
          "max": 6.90221569243423
        },
        "ref_floor": {
          "n": 1,
          "mean": 6.935508798438918,
          "std": 0.0,
          "min": 6.935508798438918,
          "max": 6.935508798438918
        },
        "dev_floor": {
          "n": 1,
          "mean": 2.9326349218245245,
          "std": 0.0,
          "min": 2.9326349218245245,
          "max": 2.9326349218245245
        },
        "floor_mean": 6.935508798438918,
        "cross_over_floor": 0.695875188321767,
        "within_noise_floor": true
      },
      "pcc": {
        "metric": "1-coord_pcc",
        "cross": {
          "n": 4,
          "mean": 0.07841469046097752,
          "std": 0.050587530031081705,
          "min": 0.02156843598811997,
          "max": 0.14267518105250954
        },
        "ref_floor": {
          "n": 1,
          "mean": 0.14994623568597432,
          "std": 0.0,
          "min": 0.14994623568597432,
          "max": 0.14994623568597432
        },
        "dev_floor": {
          "n": 1,
          "mean": 0.02545774211955365,
          "std": 0.0,
          "min": 0.02545774211955365,
          "max": 0.02545774211955365
        },
        "floor_mean": 0.14994623568597432,
        "cross_over_floor": 0.5229520441259885,
        "within_noise_floor": true
      }
    }
  }
}