{
  "target": "affinity_dhfr",
  "n_seeds": 5,
  "metrics": {
    "affinity_pred_value": {
      "R": {
        "n": 10,
        "mean": 0.2065068244934082,
        "std": 0.11654761010635353,
        "min": 0.03737020492553711,
        "max": 0.41952943801879883
      }
    },
    "affinity_probability_binary": {
      "R": {
        "n": 10,
        "mean": 0.004399788379669189,
        "std": 0.0033507016105065023,
        "min": 0.0006285905838012695,
        "max": 0.009747743606567383
      }
    },
    "ligand_rmsd": {
      "R": {
        "n": 10,
        "mean": 0.2832082853941807,
        "std": 0.20340622262543337,
        "min": 0.05662894055000053,
        "max": 0.5397994260114006
      }
    },
    "1-pocket_lddt": {
      "R": {
        "n": 10,
        "mean": 0.005298969947055421,
        "std": 0.005788151046759935,
        "min": 0.0,
        "max": 0.01577214498366719
      }
    }
  }
}