{
  "target": "affinity_fkg",
  "a_label": "CPU",
  "b_label": "GPU",
  "n_a": 5,
  "n_b": 5,
  "metrics": {
    "affinity_pred_value": {
      "R_A": {
        "n": 10,
        "mean": 0.046875,
        "std": 0.03952847075210474,
        "min": 0.0,
        "max": 0.109375
      },
      "R_B": {
        "n": 10,
        "mean": 0.04201974868774414,
        "std": 0.024861591803417352,
        "min": 0.00961446762084961,
        "max": 0.09327840805053711
      },
      "X_AB": {
        "n": 25,
        "mean": 0.05727888107299805,
        "std": 0.032618255059860844,
        "min": 0.006477832794189453,
        "max": 0.11805057525634766
      },
      "floor": 0.046875,
      "X_over_floor": 1.2219494628906251,
      "within_floor": true
    },
    "affinity_probability_binary": {
      "R_A": {
        "n": 10,
        "mean": 0.00625,
        "std": 0.004687500000000001,
        "min": 0.0,
        "max": 0.015625
      },
      "R_B": {
        "n": 10,
        "mean": 0.0009955525398254394,
        "std": 0.0005758076672902391,
        "min": 7.939338684082031e-05,
        "max": 0.0017663836479187012
      },
      "X_AB": {
        "n": 25,
        "mean": 0.003576784133911133,
        "std": 0.0035070565277328285,
        "min": 0.00041788816452026367,
        "max": 0.009081602096557617
      },
      "floor": 0.00625,
      "X_over_floor": 0.5722854614257813,
      "within_floor": true
    }
  }
}