{
  "gb1": {
    "L": 56,
    "seeds": [
      0,
      1,
      2
    ],
    "whole": {
      "X": 0.3318192210956843,
      "R": 0.29451407621986037,
      "D": 0.182164350904678,
      "X_over_floor": 1.1266667636217664
    },
    "systematic_offset_est_A": 0.15285762786628898,
    "per_residue": {
      "X": [
        0.7693317804648232,
        0.10897591705296718,
        0.08602219552006508,
        0.39470528051048626,
        0.0767135416865742,
        0.09160475582337585,
        0.1912987477592431,
        0.5079637027941062,
        0.2576282371183095,
        0.47242583808952454,
        0.37179266856049237,
        0.3159030192024953,
        0.35011105963741174,
        0.19097047276050544,
        0.440785899486266,
        0.15488299951892553,
        0.1512816545753507,
        0.14392078415508625,
        0.11336556413690715,
        0.14018451381351996,
        0.11961361101426421,
        0.11166999929364516,
        0.12124176571533561,
        0.09430823226934129,
        0.09154417377839602,
        0.0975704946048383,
        0.15545607078841653,
        0.37928637436036866,
        0.07709400485305713,
        0.0762670294986841,
        0.27826071247195844,
        0.1217194840180059,
        0.09648492440982494,
        0.08714060629767789,
        0.14436351500703423,
        0.15155180748066754,
        0.16011825553296552,
        0.12922606282294896,
        0.1528181843728137,
        0.29487773942824214,
        0.11763654039854592,
        1.485031118566421,
        0.1142101395025305,
        0.06257538408995794,
        0.09241142858663738,
        0.14439795295108432,
        0.13221100720316112,
        0.19409178308046598,
        0.13923321309408776,
        0.2816019244999802,
        0.0870447605270252,
        0.06904711972458222,
        0.056249012433062226,
        0.11671523462005112,
        0.15152535906514664,
        0.2736485346377987
      ],
      "R": [
        0.9459016640669932,
        0.03509718112577611,
        0.06469700774838837,
        0.3700432888563511,
        0.05463010202484878,
        0.08428000094930181,
        0.1641888052600987,
        0.455923098702714,
        0.1283031420969079,
        0.3019436360419759,
        0.5457643546289154,
        0.31574760054338435,
        0.398409472149353,
        0.17085679892135588,
        0.5498824227179842,
        0.06379717771158487,
        0.04309600811109988,
        0.05354116785763489,
        0.08246534175624345,
        0.0789427898618419,
        0.09150814149775623,
        0.10547556004567134,
        0.06337063151814161,
        0.07204178618946605,
        0.06777848973610784,
        0.036844887422433144,
        0.0708395992508475,
        0.6291349257831225,
        0.04736081854544042,
        0.04647116319497147,
        0.3768895674068237,
        0.10215210500950128,
        0.08966560770885738,
        0.06246761877438866,
        0.17455805158264695,
        0.15672752254675723,
        0.1513439105924597,
        0.09442469841242901,
        0.05577064705363265,
        0.11034420672723379,
        0.09030806763439952,
        0.6482098200548564,
        0.048138292967275724,
        0.01927406216537739,
        0.03669241109104276,
        0.0862649586679009,
        0.10303968744911289,
        0.09226456759010286,
        0.07832697015152716,
        0.40204931025270985,
        0.04772105882535734,
        0.033240027618856575,
        0.038993390744471425,
        0.05403098418538327,
        0.07866998153095746,
        0.1883580885716525
      ],
      "D": [
        0.6668264084549684,
        0.15992957210398787,
        0.08018258150395034,
        0.15542651736851618,
        0.09298191710483904,
        0.07830844164042595,
        0.15934237770432802,
        0.5890178152149832,
        0.1942050913660931,
        0.18295341557875391,
        0.16417604179548226,
        0.1817164428757098,
        0.1776897413571811,
        0.07175138764346427,
        0.18021449616454968,
        0.13011248288518754,
        0.1622639885618921,
        0.09276821578851935,
        0.10887243896944654,
        0.08115503506406309,
        0.12604719546895843,
        0.08681564671879109,
        0.06180936804956627,
        0.0917022982496533,
        0.0664969765624227,
        0.05691087270878895,
        0.08256532343353519,
        0.12049323745142233,
        0.049193652690957566,
        0.06881094134509229,
        0.22319268231291875,
        0.11835316351847187,
        0.1097122496261226,
        0.10236467702287211,
        0.0860860333282543,
        0.10517361196733867,
        0.12274827034609649,
        0.1364588758917597,
        0.1477837418962014,
        0.11694211954465039,
        0.09134940705775357,
        0.1942882509320268,
        0.10461140640191331,
        0.07627879877475181,
        0.09617771710921985,
        0.10366336464456048,
        0.11007480347296567,
        0.08755708374841992,
        0.06459613602968882,
        0.14689017278287883,
        0.09935316801768297,
        0.053685617887976995,
        0.06627399735584488,
        0.06549550572645697,
        0.09818540107999059,
        0.3144220231906095
      ],
      "ratio": [
        0.8133316703947944,
        0.6813994161261803,
        1.0728289599384755,
        1.0666462340942733,
        0.8250372123439668,
        1.0869097625957576,
        1.1651144391738422,
        0.8623910681015762,
        1.326578182405416,
        1.5646159802614565,
        0.6812329632874017,
        1.0004922243552872,
        0.8787719271547954,
        1.1177224082748252,
        0.8016002717590592,
        1.190377710765813,
        0.9323181065381465,
        1.5514018775911107,
        1.0412696290263281,
        1.7273668072826227,
        0.9489589242286742,
        1.0587286689474946,
        1.9132169399420735,
        1.0284173250772135,
        1.350637556764966,
        1.7144438305155376,
        1.8828251900879205,
        0.6028696847313759,
        1.567153497167085,
        1.1083561423204333,
        0.7383083442360109,
        1.0284430124168893,
        0.8794362046045566,
        0.8512761318849021,
        0.8270229513800645,
        0.9669763486209284,
        1.0579762007348512,
        0.9469963897801132,
        1.0340662809860934,
        2.521569991859546,
        1.2877646849330167,
        2.2909728804181744,
        1.0917560850270878,
        0.8203509375487218,
        0.9608403210662044,
        1.392950667250615,
        1.2011014603867278,
        2.1036437730109303,
        1.7775896708979633,
        0.7004163850523164,
        0.8761145946703268,
        1.2861381211753822,
        0.848734264979438,
        1.7820342529686566,
        1.5432575250336917,
        0.8703224152714868
      ],