{
  "mode": "structures",
  "targets": {
    "hsa": {
      "kabsch_rmsd": {
        "metric": "kabsch_rmsd",
        "cross": {
          "n": 25,
          "mean": 1.0249295340072284,
          "std": 0.1699069780123112,
          "min": 0.8330758925881416,
          "max": 1.3947567944022063
        },
        "ref_floor": {
          "n": 10,
          "mean": 0.6951284641793575,
          "std": 0.12488166618619896,
          "min": 0.5013260443663391,
          "max": 0.8435780545847081
        },
        "dev_floor": {
          "n": 10,
          "mean": 0.3745454282715858,
          "std": 0.3058150615858476,
          "min": 4.420446754928745e-15,
          "max": 0.6242423804526324
        },
        "floor_mean": 0.6951284641793575,
        "cross_over_floor": 1.474446216523764,
        "within_noise_floor": false,
        "same_seed_diagonal": {
          "n": 5,
          "mean": 1.0065322186808783,
          "all_pairs_mean": 1.0249295340072284,
          "seed_independent": true
        }
      },
      "coord_pcc": {
        "metric": "1-coord_pcc",
        "cross": {
          "n": 25,
          "mean": 0.0007569135154391304,
          "std": 0.00025104599091952924,
          "min": 0.0004930040999114871,
          "max": 0.001333555855194013
        },
        "ref_floor": {
          "n": 10,
          "mean": 0.0003473059643288257,
          "std": 0.00011457084403047498,
          "min": 0.00017648906946821086,
          "max": 0.0005014459102470337
        },
        "dev_floor": {
          "n": 10,
          "mean": 0.00016475767936975362,
          "std": 0.0001345240818869224,
          "min": 0.0,
          "max": 0.00027459613228286717
        },
        "floor_mean": 0.0003473059643288257,
        "cross_over_floor": 2.1793853062727497,
        "within_noise_floor": false,
        "same_seed_diagonal": {
          "n": 5,
          "mean": 0.0007285318487983306,
          "all_pairs_mean": 0.0007569135154391304,
          "seed_independent": true
        }
      },
      "tm_score": {
        "metric": "1-tm_score",
        "cross": {
          "n": 25,
          "mean": 0.002967528299685309,
          "std": 0.0010045559967308388,
          "min": 0.0019231072989901454,
          "max": 0.005307541970238305
        },
        "ref_floor": {
          "n": 10,
          "mean": 0.0013635613584479622,
          "std": 0.0004580328083090712,
          "min": 0.000686487807466496,
          "max": 0.001935709552854048
        },
        "dev_floor": {
          "n": 10,
          "mean": 0.0006280085332582175,
          "std": 0.0005127668201987707,
          "min": 0.0,
          "max": 0.0010466808887636958
        },
        "floor_mean": 0.0013635613584479622,
        "cross_over_floor": 2.176307124941572,
        "within_noise_floor": false,
        "same_seed_diagonal": {
          "n": 5,
          "mean": 0.002855160525380951,
          "all_pairs_mean": 0.002967528299685309,
          "seed_independent": true
        }
      },
      "lddt": {
        "metric": "1-lddt",
        "cross": {
          "n": 25,
          "mean": 0.02731247431069149,
          "std": 0.004550248722605275,
          "min": 0.021985827530961344,
          "max": 0.036131396459734844
        },
        "ref_floor": {
          "n": 10,
          "mean": 0.02058035702255283,
          "std": 0.00449765691629675,
          "min": 0.015251879897826615,
          "max": 0.027443864527688766
        },
        "dev_floor": {
          "n": 10,
          "mean": 0.00971069144458372,
          "std": 0.007928746362946727,
          "min": 0.0,
          "max": 0.016184485740972865
        },
        "floor_mean": 0.02058035702255283,
        "cross_over_floor": 1.3271137269757427,
        "within_noise_floor": true,
        "same_seed_diagonal": {
          "n": 5,
          "mean": 0.02659499930957463,
          "all_pairs_mean": 0.02731247431069149,
          "seed_independent": true
        }
      }
    }
  }
}