{
  "mode": "structures",
  "targets": {
    "hsa": {
      "rmsd": {
        "metric": "kabsch_rmsd",
        "cross": {
          "n": 25,
          "mean": 1.0249295340072284,
          "std": 0.1699069780123112,
          "min": 0.8330758925881416,
          "max": 1.3947567944022063
        },
        "ref_floor": {
          "n": 10,
          "mean": 0.6951284641793575,
          "std": 0.12488166618619896,
          "min": 0.5013260443663391,
          "max": 0.8435780545847081
        },
        "dev_floor": {
          "n": 10,
          "mean": 0.3745454282715858,
          "std": 0.3058150615858476,
          "min": 4.420446754928745e-15,
          "max": 0.6242423804526324
        },
        "floor_mean": 0.6951284641793575,
        "cross_over_floor": 1.474446216523764,
        "within_noise_floor": false
      },
      "pcc": {
        "metric": "1-coord_pcc",
        "cross": {
          "n": 25,
          "mean": 0.0007569135154391304,
          "std": 0.00025104599091952924,
          "min": 0.0004930040999114871,
          "max": 0.001333555855194013
        },
        "ref_floor": {
          "n": 10,
          "mean": 0.0003473059643288257,
          "std": 0.00011457084403047498,
          "min": 0.00017648906946821086,
          "max": 0.0005014459102470337
        },
        "dev_floor": {
          "n": 10,
          "mean": 0.00016475767936975362,
          "std": 0.0001345240818869224,
          "min": 0.0,
          "max": 0.00027459613228286717
        },
        "floor_mean": 0.0003473059643288257,
        "cross_over_floor": 2.1793853062727497,
        "within_noise_floor": false
      }
    }
  }
}