{
  "mode": "structures",
  "targets": {
    "ubq": {
      "kabsch_rmsd": {
        "metric": "kabsch_rmsd",
        "cross": {
          "n": 25,
          "mean": 1.733597000777182,
          "std": 0.35888551558141085,
          "min": 1.1192370538602567,
          "max": 2.5194863256033204
        },
        "ref_floor": {
          "n": 10,
          "mean": 1.923438845247358,
          "std": 0.7165428905294948,
          "min": 0.8945205000738519,
          "max": 2.9925190720329264
        },
        "dev_floor": {
          "n": 10,
          "mean": 0.9105818954409589,
          "std": 0.33887280748038995,
          "min": 0.07550883582384667,
          "max": 1.2841865770958354
        },
        "floor_mean": 1.923438845247358,
        "cross_over_floor": 0.9013008160154101,
        "within_noise_floor": true
      },
      "coord_pcc": {
        "metric": "1-coord_pcc",
        "cross": {
          "n": 25,
          "mean": 0.011765969360893145,
          "std": 0.004898815678100623,
          "min": 0.004690792260487853,
          "max": 0.023751406893010807
        },
        "ref_floor": {
          "n": 10,
          "mean": 0.016124786478558452,
          "std": 0.010695862407799057,
          "min": 0.0030467584774918066,
          "max": 0.03428456707459815
        },
        "dev_floor": {
          "n": 10,
          "mean": 0.0035048321791895875,
          "std": 0.0018888408682468621,
          "min": 2.090249326147653e-05,
          "max": 0.006105453401458627
        },
        "floor_mean": 0.016124786478558452,
        "cross_over_floor": 0.7296821806935961,
        "within_noise_floor": true
      },
      "tm_score": {
        "metric": "1-tm_score",
        "cross": {
          "n": 25,
          "mean": 0.0234190926913255,
          "std": 0.0062650176704038595,
          "min": 0.014134956772422713,
          "max": 0.037245987616721266
        },
        "ref_floor": {
          "n": 10,
          "mean": 0.026120930955225462,
          "std": 0.011728272878028623,
          "min": 0.009277418811683646,
          "max": 0.04580532287093586
        },
        "dev_floor": {
          "n": 10,
          "mean": 0.00995325333470074,
          "std": 0.004446516934754171,
          "min": 7.73352913575609e-05,
          "max": 0.015720643989720062
        },
        "floor_mean": 0.026120930955225462,
        "cross_over_floor": 0.8965642431147937,
        "within_noise_floor": true
      },
      "lddt": {
        "metric": "1-lddt",
        "cross": {
          "n": 25,
          "mean": 0.08066969063741204,
          "std": 0.012575071939814648,
          "min": 0.06129716449845135,
          "max": 0.10955714386812687
        },
        "ref_floor": {
          "n": 10,
          "mean": 0.08489099188246188,
          "std": 0.016300187751235328,
          "min": 0.06220437465968276,
          "max": 0.11303893807842635
        },
        "dev_floor": {
          "n": 10,
          "mean": 0.04689197200454641,
          "std": 0.016289337749746287,
          "min": 3.114778914259375e-05,
          "max": 0.059305368382396195
        },
        "floor_mean": 0.08489099188246188,
        "cross_over_floor": 0.9502738612019688,
        "within_noise_floor": true
      }
    }
  }
}