{
    "affinity_pred_value": 2.6069443225860596,
    "affinity_probability_binary": 0.8467167615890503,
    "affinity_pred_value1": 2.4777798652648926,
    "affinity_probability_binary1": 0.900102436542511,
    "affinity_pred_value2": 1.9732675552368164,
    "affinity_probability_binary2": 0.7933310270309448
}